Waiting for Aggregation Server to come online...
[2026-08-11 23:36:08.035 (UTC+0800)] [32minfo/network[0m	TCP 8	| Opening a connection to "127.0.0.1" on port 4840
[2026-08-11 23:36:08.035 (UTC+0800)] [32minfo/channel[0m	TCP 8	| SC 4	| SecureChannel opened with SecurityMode None for SecurityPolicy http://opcfoundation.org/UA/SecurityPolicy#None and a revised lifetime of 600.0s
[2026-08-11 23:36:08.035 (UTC+0800)] [32minfo/client[0m	Client Status: ChannelState: Open, SessionState: Closed, ConnectStatus: Good
[2026-08-11 23:36:08.035 (UTC+0800)] [32minfo/client[0m	The initially defined EndpointURL opc.tcp://127.0.0.1:4840 is valid for the server
[2026-08-11 23:36:08.036 (UTC+0800)] [33mwarn/client[0m	The server returned Endpoints with a different EndpointUrl opc.tcp://MSI:4840 than was used to initialize the connection: opc.tcp://127.0.0.1:4840. Some servers require a complete match of the EndpointUrl/DiscoveryUrl (including the path) to return all endpoints.
[2026-08-11 23:36:08.036 (UTC+0800)] [32minfo/client[0m	Endpoint 0: Best endpoint so far with UserTokenPolicy open62541-anonymous-policy-none#None
[2026-08-11 23:36:08.036 (UTC+0800)] [32minfo/client[0m	Endpoint 0 selected with SecurityMode None, SecurityPolicy http://opcfoundation.org/UA/SecurityPolicy#None and UserTokenPolicy open62541-anonymous-policy-none#None
[2026-08-11 23:36:08.036 (UTC+0800)] [32minfo/client[0m	CreateSession: Using UserTokenPolicy open62541-anonymous-policy-none#None
[2026-08-11 23:36:08.038 (UTC+0800)] [32minfo/client[0m	Client Status: ChannelState: Open, SessionState: Created, ConnectStatus: Good
[2026-08-11 23:36:08.038 (UTC+0800)] [32minfo/client[0m	ActivateSession: Using UserTokenPolicy open62541-anonymous-policy-none#None
[2026-08-11 23:36:08.038 (UTC+0800)] [32minfo/client[0m	Client Status: ChannelState: Open, SessionState: Activated, ConnectStatus: Good
Connected to Aggregation Server; forwarding logs to the AIOps model...
[Anomaly Input] [2026-08-11 15:36:07.070 (UTC)] info/application	[Sensor] Updated distance: 31.433679408130086 cm | Severity=75 | SourceName=Sensor2 | EventType=application | SourceNode=ns=1;s=SensorSource2
[Anomaly Input] [2026-08-11 15:36:07.071 (UTC)] info/application	[Sensor] Updated distance: 7.231921153716706 cm | Severity=75 | SourceName=Sensor | EventType=application | SourceNode=ns=1;s=SensorSource
[Anomaly Input] [2026-08-11 15:36:07.071 (UTC)] info/application	[Sensor] Updated distance: 31.872890195750113 cm | Severity=75 | SourceName=Sensor3 | EventType=application | SourceNode=ns=1;s=SensorSource3
[Anomaly Input] [2026-08-11 15:36:08.042 (UTC)] info/network	[System] TCP 16	| Connection opened from "127.0.0.1" via the server socket 8 | Severity=75 | SourceName=System | EventType=network | SourceNode=ns=1;s=SensorSource
[Anomaly Input] [2026-08-11 15:36:08.042 (UTC)] info/network	[System] TCP 16	| Connection opened from "127.0.0.1" via the server socket 8 | Severity=75 | SourceName=System | EventType=network | SourceNode=ns=1;s=SensorSource3
[Anomaly Input] [2026-08-11 15:36:08.042 (UTC)] info/network	[System] TCP 16	| Connection opened from "127.0.0.1" via the server socket 8 | Severity=75 | SourceName=System | EventType=network | SourceNode=ns=1;s=SensorSource2
[Anomaly Input] [2026-08-11 15:36:08.042 (UTC)] info/channel	[System] TCP 16	| SC 1	| SecureChannel created | Severity=75 | SourceName=System | EventType=channel | SourceNode=ns=1;s=SensorSource
[Anomaly Input] [2026-08-11 15:36:08.042 (UTC)] info/channel	[System] TCP 16	| SC 1	| SecureChannel created | Severity=75 | SourceName=System | EventType=channel | SourceNode=ns=1;s=SensorSource3
[Anomaly Input] [2026-08-11 15:36:08.042 (UTC)] info/channel	[System] TCP 16	| SC 1	| SecureChannel created | Severity=75 | SourceName=System | EventType=channel | SourceNode=ns=1;s=SensorSource2
[Anomaly Input] [2026-08-11 15:36:08.062 (UTC)] info/channel	[System] TCP 16	| SC 1	| OpenSecureChannel: Channel opened with SecurityMode None for SecurityPolicy http://opcfoundation.org/UA/SecurityPolicy#None and a revised lifetime of 600.0s | Severity=75 | SourceName=System | EventType=channel | SourceNode=ns=1;s=SensorSource3
[Anomaly Input] [2026-08-11 15:36:08.062 (UTC)] info/channel	[System] TCP 16	| SC 1	| OpenSecureChannel: Channel opened with SecurityMode None for SecurityPolicy http://opcfoundation.org/UA/SecurityPolicy#None and a revised lifetime of 600.0s | Severity=75 | SourceName=System | EventType=channel | SourceNode=ns=1;s=SensorSource
[Anomaly Input] [2026-08-11 15:36:08.062 (UTC)] info/channel	[System] TCP 16	| SC 1	| OpenSecureChannel: Channel opened with SecurityMode None for SecurityPolicy http://opcfoundation.org/UA/SecurityPolicy#None and a revised lifetime of 600.0s | Severity=75 | SourceName=System | EventType=channel | SourceNode=ns=1;s=SensorSource2
[Anomaly Input] [2026-08-11 15:36:08.068 (UTC)] info/channel	[System] TCP 8	| SC 1	| SecureChannel opened with SecurityMode None for SecurityPolicy http://opcfoundation.org/UA/SecurityPolicy#None and a revised lifetime of 600.0s | Severity=75 | SourceName=System | EventType=channel | SourceNode=ns=1;s=MotorSource
[Anomaly Input] [2026-08-11 15:36:08.069 (UTC)] info/channel	[System] TCP 8	| SC 1	| SecureChannel opened with SecurityMode None for SecurityPolicy http://opcfoundation.org/UA/SecurityPolicy#None and a revised lifetime of 600.0s | Severity=75 | SourceName=System | EventType=channel | SourceNode=ns=1;s=MotorSource2
[Anomaly Input] [2026-08-11 15:36:08.070 (UTC)] info/channel	[System] TCP 8	| SC 1	| SecureChannel opened with SecurityMode None for SecurityPolicy http://opcfoundation.org/UA/SecurityPolicy#None and a revised lifetime of 600.0s | Severity=75 | SourceName=System | EventType=channel | SourceNode=ns=1;s=MotorSource3
[Anomaly Input] [2026-08-11 15:36:08.072 (UTC)] info/application	[Sensor] Updated distance: 8.311559568304364 cm | Severity=75 | SourceName=Sensor3 | EventType=application | SourceNode=ns=1;s=SensorSource3
[Anomaly Input] [2026-08-11 15:36:08.072 (UTC)] info/application	[Sensor] Updated distance: 42.45048500990983 cm | Severity=75 | SourceName=Sensor | EventType=application | SourceNode=ns=1;s=SensorSource
[Anomaly Input] [2026-08-11 15:36:08.073 (UTC)] info/application	[Sensor] Updated distance: 49.147051073213596 cm | Severity=75 | SourceName=Sensor2 | EventType=application | SourceNode=ns=1;s=SensorSource2
[Anomaly Input] [2026-08-11 15:36:08.083 (UTC)] warn/client	[System] Removing a UserTokenPolicy that would allow the password to be transmitted without encryption (Can be enabled via config->allowNonePolicyPassword) | Severity=175 | SourceName=System | EventType=client | SourceNode=ns=1;s=SensorSource3
[Anomaly Input] [2026-08-11 15:36:08.083 (UTC)] warn/client	[System] Removing a UserTokenPolicy that would allow the password to be transmitted without encryption (Can be enabled via config->allowNonePolicyPassword) | Severity=175 | SourceName=System | EventType=client | SourceNode=ns=1;s=SensorSource
[Anomaly Input] [2026-08-11 15:36:08.083 (UTC)] warn/client	[System] Removing a UserTokenPolicy that would allow the password to be transmitted without encryption (Can be enabled via config->allowNonePolicyPassword) | Severity=175 | SourceName=System | EventType=client | SourceNode=ns=1;s=SensorSource2
[Anomaly Input] [2026-08-11 15:36:08.088 (UTC)] warn/client	[System] The server returned Endpoints with a different EndpointUrl opc.tcp://MSI:4842 than was used to initialize the connection: opc.tcp://127.0.0.1:4842. Some servers require a complete match of the EndpointUrl/DiscoveryUrl (including the path) to return all endpoints. | Severity=175 | SourceName=System | EventType=client | SourceNode=ns=1;s=MotorSource
[Anomaly Input] [2026-08-11 15:36:08.090 (UTC)] warn/client	[System] The server returned Endpoints with a different EndpointUrl opc.tcp://MSI:4843 than was used to initialize the connection: opc.tcp://127.0.0.1:4843. Some servers require a complete match of the EndpointUrl/DiscoveryUrl (including the path) to return all endpoints. | Severity=175 | SourceName=System | EventType=client | SourceNode=ns=1;s=MotorSource2
[Anomaly Input] [2026-08-11 15:36:08.090 (UTC)] warn/client	[System] The server returned Endpoints with a different EndpointUrl opc.tcp://MSI:4844 than was used to initialize the connection: opc.tcp://127.0.0.1:4844. Some servers require a complete match of the EndpointUrl/DiscoveryUrl (including the path) to return all endpoints. | Severity=175 | SourceName=System | EventType=client | SourceNode=ns=1;s=MotorSource3
[Anomaly Input] [2026-08-11 15:36:08.083 (UTC)] warn/client	[System] Removing a UserTokenPolicy that would allow the password to be transmitted without encryption (Can be enabled via config->allowNonePolicyPassword) | Severity=175 | SourceName=System | EventType=client | SourceNode=ns=1;s=SensorSource3
[Anomaly Input] [2026-08-11 15:36:08.083 (UTC)] warn/client	[System] Removing a UserTokenPolicy that would allow the password to be transmitted without encryption (Can be enabled via config->allowNonePolicyPassword) | Severity=175 | SourceName=System | EventType=client | SourceNode=ns=1;s=SensorSource2
[Anomaly Input] [2026-08-11 15:36:08.083 (UTC)] warn/client	[System] Removing a UserTokenPolicy that would allow the password to be transmitted without encryption (Can be enabled via config->allowNonePolicyPassword) | Severity=175 | SourceName=System | EventType=client | SourceNode=ns=1;s=SensorSource
[Anomaly Input] [2026-08-11 15:36:08.093 (UTC)] warn/client	[System] Removing a UserTokenPolicy that would allow the password to be transmitted without encryption (Can be enabled via config->allowNonePolicyPassword) | Severity=175 | SourceName=System | EventType=client | SourceNode=ns=1;s=SensorSource3
[Anomaly Input] [2026-08-11 15:36:08.093 (UTC)] warn/client	[System] Removing a UserTokenPolicy that would allow the password to be transmitted without encryption (Can be enabled via config->allowNonePolicyPassword) | Severity=175 | SourceName=System | EventType=client | SourceNode=ns=1;s=SensorSource2
[Anomaly Input] [2026-08-11 15:36:08.093 (UTC)] warn/client	[System] Removing a UserTokenPolicy that would allow the password to be transmitted without encryption (Can be enabled via config->allowNonePolicyPassword) | Severity=175 | SourceName=System | EventType=client | SourceNode=ns=1;s=SensorSource
[Anomaly Input] [2026-08-11 15:36:08.093 (UTC)] warn/client	[System] Removing a UserTokenPolicy that would allow the password to be transmitted without encryption (Can be enabled via config->allowNonePolicyPassword) | Severity=175 | SourceName=System | EventType=client | SourceNode=ns=1;s=SensorSource3
[Anomaly Input] [2026-08-11 15:36:08.093 (UTC)] warn/client	[System] Removing a UserTokenPolicy that would allow the password to be transmitted without encryption (Can be enabled via config->allowNonePolicyPassword) | Severity=175 | SourceName=System | EventType=client | SourceNode=ns=1;s=SensorSource2
[Anomaly Input] [2026-08-11 15:36:08.093 (UTC)] warn/client	[System] Removing a UserTokenPolicy that would allow the password to be transmitted without encryption (Can be enabled via config->allowNonePolicyPassword) | Severity=175 | SourceName=System | EventType=client | SourceNode=ns=1;s=SensorSource
[Anomaly Input] [2026-08-11 15:36:08.094 (UTC)] info/session	[System] TCP 16	| SC 1	| Session "ns=1;g=235f1f32-e013-04c6-8f48-5445dd3da3aa"	| Session created | Severity=75 | SourceName=System | EventType=session | SourceNode=ns=1;s=SensorSource3
[Anomaly Input] [2026-08-11 15:36:08.094 (UTC)] info/session	[System] TCP 16	| SC 1	| Session "ns=1;g=93384b1e-1cf7-da1a-fd2f-f20fac8a9889"	| Session created | Severity=75 | SourceName=System | EventType=session | SourceNode=ns=1;s=SensorSource2
[Anomaly Input] [2026-08-11 15:36:08.094 (UTC)] info/session	[System] TCP 16	| SC 1	| Session "ns=1;g=cf9b6d38-b255-32b9-ed9e-296246c45c55"	| Session created | Severity=75 | SourceName=System | EventType=session | SourceNode=ns=1;s=SensorSource
[Anomaly Input] [2026-08-11 15:36:08.104 (UTC)] info/session	[System] TCP 16	| SC 1	| Session "ns=1;g=235f1f32-e013-04c6-8f48-5445dd3da3aa"	| ActivateSession: Session activated with ClientUserId "" | Severity=75 | SourceName=System | EventType=session | SourceNode=ns=1;s=SensorSource3
[Anomaly Input] [2026-08-11 15:36:08.104 (UTC)] info/session	[System] TCP 16	| SC 1	| Session "ns=1;g=93384b1e-1cf7-da1a-fd2f-f20fac8a9889"	| ActivateSession: Session activated with ClientUserId "" | Severity=75 | SourceName=System | EventType=session | SourceNode=ns=1;s=SensorSource2
[Anomaly Input] [2026-08-11 15:36:08.104 (UTC)] info/session	[System] TCP 16	| SC 1	| Session "ns=1;g=cf9b6d38-b255-32b9-ed9e-296246c45c55"	| ActivateSession: Session activated with ClientUserId "" | Severity=75 | SourceName=System | EventType=session | SourceNode=ns=1;s=SensorSource
[Anomaly Input] [2026-08-11 15:36:08.489 (UTC)] info/session	[System] TCP 16	| SC 1	| Session "ns=1;g=cf9b6d38-b255-32b9-ed9e-296246c45c55"	| Subscription 1 | Subscription created (Publishing interval 500.0ms, max 1000 notifications per publish) | Severity=75 | SourceName=System | EventType=session | SourceNode=ns=1;s=SensorSource
[Anomaly Input] [2026-08-11 15:36:08.490 (UTC)] info/session	[System] TCP 16	| SC 1	| Session "ns=1;g=235f1f32-e013-04c6-8f48-5445dd3da3aa"	| Subscription 1 | Subscription created (Publishing interval 500.0ms, max 1000 notifications per publish) | Severity=75 | SourceName=System | EventType=session | SourceNode=ns=1;s=SensorSource3
[Anomaly Input] [2026-08-11 15:36:08.490 (UTC)] info/session	[System] TCP 16	| SC 1	| Session "ns=1;g=93384b1e-1cf7-da1a-fd2f-f20fac8a9889"	| Subscription 1 | Subscription created (Publishing interval 500.0ms, max 1000 notifications per publish) | Severity=75 | SourceName=System | EventType=session | SourceNode=ns=1;s=SensorSource2
[Anomaly Input] [2026-08-11 15:36:08.500 (UTC)] info/session	[System] TCP 16	| SC 1	| Session "ns=1;g=235f1f32-e013-04c6-8f48-5445dd3da3aa"	| Subscription 1 | MonitoredItem 1 | Created the MonitoredItem (Sampling Interval: 250.0ms, Queue Size: 1) | Severity=75 | SourceName=System | EventType=session | SourceNode=ns=1;s=SensorSource3
[Anomaly Input] [2026-08-11 15:36:08.485 (UTC)] info/application	Connected to sensor backend; subscribing to distance updates | Severity=75 | SourceName=Motor3 | EventType=application | SourceNode=ns=1;s=MotorSource3
[Anomaly Input] [2026-08-11 15:36:08.510 (UTC)] info/session	[System] TCP 16	| SC 1	| Session "ns=1;g=cf9b6d38-b255-32b9-ed9e-296246c45c55"	| Subscription 1 | MonitoredItem 1 | Created the MonitoredItem (Sampling Interval: 250.0ms, Queue Size: 1) | Severity=75 | SourceName=System | EventType=session | SourceNode=ns=1;s=SensorSource
[Anomaly Input] [2026-08-11 15:36:08.484 (UTC)] info/application	Connected to sensor backend; subscribing to distance updates | Severity=75 | SourceName=Motor | EventType=application | SourceNode=ns=1;s=MotorSource
[Anomaly Input] [2026-08-11 15:36:08.510 (UTC)] info/session	[System] TCP 16	| SC 1	| Session "ns=1;g=93384b1e-1cf7-da1a-fd2f-f20fac8a9889"	| Subscription 1 | MonitoredItem 1 | Created the MonitoredItem (Sampling Interval: 250.0ms, Queue Size: 1) | Severity=75 | SourceName=System | EventType=session | SourceNode=ns=1;s=SensorSource2
[Anomaly Input] [2026-08-11 15:36:08.485 (UTC)] info/application	Connected to sensor backend; subscribing to distance updates | Severity=75 | SourceName=Motor2 | EventType=application | SourceNode=ns=1;s=MotorSource2
[Anomaly Input] [2026-08-11 15:36:09.067 (UTC)] info/application	[Sensor] Updated distance: 16.01314257737861 cm | Severity=75 | SourceName=Sensor2 | EventType=application | SourceNode=ns=1;s=SensorSource2
[Anomaly Input] [2026-08-11 15:36:09.067 (UTC)] info/application	[Motor] Received distance: 42.45048500990983 cm | Severity=75 | SourceName=Motor | EventType=application | SourceNode=ns=1;s=MotorSource
[Anomaly Input] [2026-08-11 15:36:09.067 (UTC)] info/application	[Sensor] Updated distance: 32.23044385678621 cm | Severity=75 | SourceName=Sensor | EventType=application | SourceNode=ns=1;s=SensorSource
[Anomaly Input] [2026-08-11 15:36:09.067 (UTC)] info/application	[Motor] Received distance: 49.147051073213596 cm | Severity=75 | SourceName=Motor2 | EventType=application | SourceNode=ns=1;s=MotorSource2
[Anomaly Input] [2026-08-11 15:36:09.077 (UTC)] info/application	[Sensor] Updated distance: 48.19837743705063 cm | Severity=75 | SourceName=Sensor3 | EventType=application | SourceNode=ns=1;s=SensorSource3
[Anomaly Input] [2026-08-11 15:36:09.067 (UTC)] info/network	[System] TCP 17	| Connection opened from "127.0.0.1" via the server socket 8 | Severity=75 | SourceName=System | EventType=network | SourceNode=ns=1;s=SensorSource
[Anomaly Input] [2026-08-11 15:36:09.083 (UTC)] info/application	[Motor] Received distance: 8.311559568304364 cm | Severity=75 | SourceName=Motor3 | EventType=application | SourceNode=ns=1;s=MotorSource3
[Anomaly Input] [2026-08-11 15:36:09.067 (UTC)] info/application	[Motor] Distance safe (42.45048500990983); rotating motor to 90 degrees | Severity=75 | SourceName=Motor | EventType=application | SourceNode=ns=1;s=MotorSource
[Anomaly Input] [2026-08-11 15:36:09.067 (UTC)] info/application	[Motor] Distance safe (49.147051073213596); rotating motor to 90 degrees | Severity=75 | SourceName=Motor2 | EventType=application | SourceNode=ns=1;s=MotorSource2
[Anomaly Input] [2026-08-11 15:36:09.067 (UTC)] info/channel	[System] TCP 17	| SC 2	| SecureChannel created | Severity=75 | SourceName=System | EventType=channel | SourceNode=ns=1;s=SensorSource
[Anomaly Input] [2026-08-11 15:36:09.088 (UTC)] info/channel	[System] TCP 17	| SC 2	| OpenSecureChannel: Channel opened with SecurityMode None for SecurityPolicy http://opcfoundation.org/UA/SecurityPolicy#None and a revised lifetime of 600.0s | Severity=75 | SourceName=System | EventType=channel | SourceNode=ns=1;s=SensorSource
[Anomaly Input] [2026-08-11 15:36:09.083 (UTC)] warn/application	[Motor] Distance too close (8.311559568304364); rotating motor to 0 degrees | Severity=175 | SourceName=Motor3 | EventType=application | SourceNode=ns=1;s=MotorSource3
[Anomaly Input] [2026-08-11 15:36:09.109 (UTC)] warn/client	[System] Removing a UserTokenPolicy that would allow the password to be transmitted without encryption (Can be enabled via config->allowNonePolicyPassword) | Severity=175 | SourceName=System | EventType=client | SourceNode=ns=1;s=SensorSource
[Anomaly Input] [2026-08-11 15:36:09.109 (UTC)] warn/client	[System] Removing a UserTokenPolicy that would allow the password to be transmitted without encryption (Can be enabled via config->allowNonePolicyPassword) | Severity=175 | SourceName=System | EventType=client | SourceNode=ns=1;s=SensorSource
[Anomaly Input] [2026-08-11 15:36:09.119 (UTC)] warn/client	[System] Removing a UserTokenPolicy that would allow the password to be transmitted without encryption (Can be enabled via config->allowNonePolicyPassword) | Severity=175 | SourceName=System | EventType=client | SourceNode=ns=1;s=SensorSource
[Anomaly Input] [2026-08-11 15:36:09.119 (UTC)] warn/client	[System] Removing a UserTokenPolicy that would allow the password to be transmitted without encryption (Can be enabled via config->allowNonePolicyPassword) | Severity=175 | SourceName=System | EventType=client | SourceNode=ns=1;s=SensorSource
[Anomaly Input] [2026-08-11 15:36:09.575 (UTC)] info/application	[Motor] Received distance: 48.19837743705063 cm | Severity=75 | SourceName=Motor3 | EventType=application | SourceNode=ns=1;s=MotorSource3
[Anomaly Input] [2026-08-11 15:36:09.578 (UTC)] info/application	[Motor] Received distance: 16.01314257737861 cm | Severity=75 | SourceName=Motor2 | EventType=application | SourceNode=ns=1;s=MotorSource2
[Anomaly Input] [2026-08-11 15:36:10.070 (UTC)] info/application	[Sensor] Updated distance: 6.761661025118856 cm | Severity=75 | SourceName=Sensor3 | EventType=application | SourceNode=ns=1;s=SensorSource3
[Anomaly Input] [2026-08-11 15:36:10.070 (UTC)] info/application	[Sensor] Updated distance: 9.806882087051347 cm | Severity=75 | SourceName=Sensor2 | EventType=application | SourceNode=ns=1;s=SensorSource2
[Anomaly Input] [2026-08-11 15:36:11.152 (UTC)] info/application	[Sensor] Updated distance: 10.473312322270736 cm | Severity=75 | SourceName=Sensor3 | EventType=application | SourceNode=ns=1;s=SensorSource3
[Anomaly Input] [2026-08-11 15:36:11.152 (UTC)] info/application	[Sensor] Updated distance: 30.76462501136801 cm | Severity=75 | SourceName=Sensor2 | EventType=application | SourceNode=ns=1;s=SensorSource2
[Anomaly Input] [2026-08-11 15:36:09.578 (UTC)] warn/application	[Motor] Distance too close (16.01314257737861); rotating motor to 0 degrees | Severity=175 | SourceName=Motor2 | EventType=application | SourceNode=ns=1;s=MotorSource2
[Anomaly Input] [2026-08-11 15:36:09.575 (UTC)] info/application	[Motor] Distance safe (48.19837743705063); rotating motor to 90 degrees | Severity=75 | SourceName=Motor3 | EventType=application | SourceNode=ns=1;s=MotorSource3
[Anomaly Input] [2026-08-11 15:36:09.120 (UTC)] info/session	[System] TCP 17	| SC 2	| Session "ns=1;g=fcbfcd0c-447c-31e8-60e6-9e9938138178"	| Session created | Severity=75 | SourceName=System | EventType=session | SourceNode=ns=1;s=SensorSource
[Anomaly Input] [2026-08-11 15:36:11.156 (UTC)] info/application	[Motor] Received distance: 32.23044385678621 cm | Severity=75 | SourceName=Motor | EventType=application | SourceNode=ns=1;s=MotorSource
[Anomaly Input] [2026-08-11 15:36:09.130 (UTC)] info/session	[System] TCP 17	| SC 2	| Session "ns=1;g=fcbfcd0c-447c-31e8-60e6-9e9938138178"	| ActivateSession: Session activated with ClientUserId "" | Severity=75 | SourceName=System | EventType=session | SourceNode=ns=1;s=SensorSource
[Anomaly Input] [2026-08-11 15:36:11.152 (UTC)] info/application	[Motor] Received distance: 9.806882087051347 cm | Severity=75 | SourceName=Motor2 | EventType=application | SourceNode=ns=1;s=MotorSource2
[Anomaly Input] [2026-08-11 15:36:11.152 (UTC)] info/application	[Motor] Received distance: 6.761661025118856 cm | Severity=75 | SourceName=Motor3 | EventType=application | SourceNode=ns=1;s=MotorSource3
[Anomaly Input] [2026-08-11 15:36:11.152 (UTC)] info/application	[Sensor] Updated distance: 13.129679461535847 cm | Severity=75 | SourceName=Sensor | EventType=application | SourceNode=ns=1;s=SensorSource
[Anomaly Input] [2026-08-11 15:36:11.156 (UTC)] info/application	[Motor] Distance safe (32.23044385678621); rotating motor to 90 degrees | Severity=75 | SourceName=Motor | EventType=application | SourceNode=ns=1;s=MotorSource
[Anomaly Input] [2026-08-11 15:36:11.152 (UTC)] info/session	[System] TCP 17	| SC 2	| Session "ns=1;g=fcbfcd0c-447c-31e8-60e6-9e9938138178"	| Subscription 2 | Subscription created (Publishing interval 500.0ms, max 1000 notifications per publish) | Severity=75 | SourceName=System | EventType=session | SourceNode=ns=1;s=SensorSource
[Anomaly Input] [2026-08-11 15:36:11.152 (UTC)] warn/application	[Motor] Distance too close (9.806882087051347); rotating motor to 0 degrees | Severity=175 | SourceName=Motor2 | EventType=application | SourceNode=ns=1;s=MotorSource2
[Anomaly Input] [2026-08-11 15:36:11.152 (UTC)] warn/application	[Motor] Distance too close (6.761661025118856); rotating motor to 0 degrees | Severity=175 | SourceName=Motor3 | EventType=application | SourceNode=ns=1;s=MotorSource3
[Anomaly Input] [2026-08-11 15:36:11.663 (UTC)] info/application	[Motor] Received distance: 30.76462501136801 cm | Severity=75 | SourceName=Motor2 | EventType=application | SourceNode=ns=1;s=MotorSource2
[Anomaly Input] [2026-08-11 15:36:11.663 (UTC)] info/application	[Motor] Received distance: 10.473312322270736 cm | Severity=75 | SourceName=Motor3 | EventType=application | SourceNode=ns=1;s=MotorSource3
[Anomaly Input] [2026-08-11 15:36:11.665 (UTC)] info/application	[Motor] Received distance: 13.129679461535847 cm | Severity=75 | SourceName=Motor | EventType=application | SourceNode=ns=1;s=MotorSource
[Anomaly Input] [2026-08-11 15:36:11.663 (UTC)] info/application	[Motor] Distance safe (30.76462501136801); rotating motor to 90 degrees | Severity=75 | SourceName=Motor2 | EventType=application | SourceNode=ns=1;s=MotorSource2
[Anomaly Input] [2026-08-11 15:36:11.663 (UTC)] warn/application	[Motor] Distance too close (10.473312322270736); rotating motor to 0 degrees | Severity=175 | SourceName=Motor3 | EventType=application | SourceNode=ns=1;s=MotorSource3
[Anomaly Input] [2026-08-11 15:36:11.665 (UTC)] warn/application	[Motor] Distance too close (13.129679461535847); rotating motor to 0 degrees | Severity=175 | SourceName=Motor | EventType=application | SourceNode=ns=1;s=MotorSource
[Anomaly Input] [2026-08-11 15:36:12.074 (UTC)] info/application	[Sensor] Updated distance: 7.63082111144011 cm | Severity=75 | SourceName=Sensor2 | EventType=application | SourceNode=ns=1;s=SensorSource2
[Anomaly Input] [2026-08-11 15:36:12.074 (UTC)] info/application	[Sensor] Updated distance: 17.83643573514951 cm | Severity=75 | SourceName=Sensor3 | EventType=application | SourceNode=ns=1;s=SensorSource3
[Anomaly Input] [2026-08-11 15:36:12.155 (UTC)] info/application	[Sensor] Updated distance: 27.59926474541391 cm | Severity=75 | SourceName=Sensor | EventType=application | SourceNode=ns=1;s=SensorSource
[Anomaly Input] [2026-08-11 15:36:12.155 (UTC)] info/application	[Motor] Received distance: 7.63082111144011 cm | Severity=75 | SourceName=Motor2 | EventType=application | SourceNode=ns=1;s=MotorSource2
[Anomaly Input] [2026-08-11 15:36:12.155 (UTC)] info/application	[Motor] Received distance: 17.83643573514951 cm | Severity=75 | SourceName=Motor3 | EventType=application | SourceNode=ns=1;s=MotorSource3
[Anomaly Input] [2026-08-11 15:36:12.157 (UTC)] info/application	[Motor] Received distance: 27.59926474541391 cm | Severity=75 | SourceName=Motor | EventType=application | SourceNode=ns=1;s=MotorSource
[Anomaly Input] [2026-08-11 15:36:12.155 (UTC)] warn/application	[Motor] Distance too close (7.63082111144011); rotating motor to 0 degrees | Severity=175 | SourceName=Motor2 | EventType=application | SourceNode=ns=1;s=MotorSource2
[Anomaly Input] [2026-08-11 15:36:12.155 (UTC)] warn/application	[Motor] Distance too close (17.83643573514951); rotating motor to 0 degrees | Severity=175 | SourceName=Motor3 | EventType=application | SourceNode=ns=1;s=MotorSource3
[Anomaly Input] [2026-08-11 15:36:12.157 (UTC)] info/application	[Motor] Distance safe (27.59926474541391); rotating motor to 90 degrees | Severity=75 | SourceName=Motor | EventType=application | SourceNode=ns=1;s=MotorSource
[Anomaly Input] [2026-08-11 15:36:13.074 (UTC)] info/application	[Sensor] Updated distance: 44.63979647804042 cm | Severity=75 | SourceName=Sensor3 | EventType=application | SourceNode=ns=1;s=SensorSource3
[Anomaly Input] [2026-08-11 15:36:13.075 (UTC)] info/application	[Sensor] Updated distance: 48.25478503026756 cm | Severity=75 | SourceName=Sensor2 | EventType=application | SourceNode=ns=1;s=SensorSource2
[Anomaly Input] [2026-08-11 15:36:13.155 (UTC)] info/application	[Sensor] Updated distance: 21.92604629133178 cm | Severity=75 | SourceName=Sensor | EventType=application | SourceNode=ns=1;s=SensorSource
[Anomaly Input] [2026-08-11 15:36:13.160 (UTC)] info/application	[Motor] Received distance: 21.92604629133178 cm | Severity=75 | SourceName=Motor | EventType=application | SourceNode=ns=1;s=MotorSource
[Anomaly Input] [2026-08-11 15:36:13.162 (UTC)] info/application	[Motor] Received distance: 48.25478503026756 cm | Severity=75 | SourceName=Motor2 | EventType=application | SourceNode=ns=1;s=MotorSource2
[Anomaly Input] [2026-08-11 15:36:13.162 (UTC)] info/application	[Motor] Received distance: 44.63979647804042 cm | Severity=75 | SourceName=Motor3 | EventType=application | SourceNode=ns=1;s=MotorSource3
[Anomaly Input] [2026-08-11 15:36:13.160 (UTC)] info/application	[Motor] Distance safe (21.92604629133178); rotating motor to 90 degrees | Severity=75 | SourceName=Motor | EventType=application | SourceNode=ns=1;s=MotorSource
[Anomaly Input] [2026-08-11 15:36:13.162 (UTC)] info/application	[Motor] Distance safe (48.25478503026756); rotating motor to 90 degrees | Severity=75 | SourceName=Motor2 | EventType=application | SourceNode=ns=1;s=MotorSource2
[Anomaly Input] [2026-08-11 15:36:13.162 (UTC)] info/application	[Motor] Distance safe (44.63979647804042); rotating motor to 90 degrees | Severity=75 | SourceName=Motor3 | EventType=application | SourceNode=ns=1;s=MotorSource3
[Anomaly Input] [2026-08-11 15:36:14.075 (UTC)] info/application	[Sensor] Updated distance: 12.405861106890189 cm | Severity=75 | SourceName=Sensor2 | EventType=application | SourceNode=ns=1;s=SensorSource2
[Anomaly Input] [2026-08-11 15:36:14.075 (UTC)] info/application	[Sensor] Updated distance: 2.8833251227081407 cm | Severity=75 | SourceName=Sensor3 | EventType=application | SourceNode=ns=1;s=SensorSource3
[Anomaly Input] [2026-08-11 15:36:14.155 (UTC)] info/application	[Sensor] Updated distance: 4.197438874373882 cm | Severity=75 | SourceName=Sensor | EventType=application | SourceNode=ns=1;s=SensorSource
[Anomaly Input] [2026-08-11 15:36:14.161 (UTC)] info/application	[Motor] Received distance: 4.197438874373882 cm | Severity=75 | SourceName=Motor | EventType=application | SourceNode=ns=1;s=MotorSource
[Anomaly Input] [2026-08-11 15:36:14.162 (UTC)] info/application	[Motor] Received distance: 2.8833251227081407 cm | Severity=75 | SourceName=Motor3 | EventType=application | SourceNode=ns=1;s=MotorSource3
[Anomaly Input] [2026-08-11 15:36:14.162 (UTC)] info/application	[Motor] Received distance: 12.405861106890189 cm | Severity=75 | SourceName=Motor2 | EventType=application | SourceNode=ns=1;s=MotorSource2
[Anomaly Input] [2026-08-11 15:36:14.161 (UTC)] warn/application	[Motor] Distance too close (4.197438874373882); rotating motor to 0 degrees | Severity=175 | SourceName=Motor | EventType=application | SourceNode=ns=1;s=MotorSource
[Anomaly Input] [2026-08-11 15:36:14.162 (UTC)] warn/application	[Motor] Distance too close (2.8833251227081407); rotating motor to 0 degrees | Severity=175 | SourceName=Motor3 | EventType=application | SourceNode=ns=1;s=MotorSource3
[Anomaly Input] [2026-08-11 15:36:14.162 (UTC)] warn/application	[Motor] Distance too close (12.405861106890189); rotating motor to 0 degrees | Severity=175 | SourceName=Motor2 | EventType=application | SourceNode=ns=1;s=MotorSource2
[Anomaly Input] [2026-08-11 15:36:15.075 (UTC)] info/application	[Sensor] Updated distance: 7.571030760915498 cm | Severity=75 | SourceName=Sensor3 | EventType=application | SourceNode=ns=1;s=SensorSource3
[Anomaly Input] [2026-08-11 15:36:15.075 (UTC)] info/application	[Sensor] Updated distance: 20.611150921606992 cm | Severity=75 | SourceName=Sensor2 | EventType=application | SourceNode=ns=1;s=SensorSource2
[Anomaly Input] [2026-08-11 15:36:15.156 (UTC)] info/application	[Sensor] Updated distance: 46.55683073986174 cm | Severity=75 | SourceName=Sensor | EventType=application | SourceNode=ns=1;s=SensorSource
[Anomaly Input] [2026-08-11 15:36:15.156 (UTC)] info/application	[Motor] Received distance: 46.55683073986174 cm | Severity=75 | SourceName=Motor | EventType=application | SourceNode=ns=1;s=MotorSource
[Anomaly Input] [2026-08-11 15:36:15.156 (UTC)] info/application	[Motor] Received distance: 7.571030760915498 cm | Severity=75 | SourceName=Motor3 | EventType=application | SourceNode=ns=1;s=MotorSource3
[Anomaly Input] [2026-08-11 15:36:15.156 (UTC)] info/application	[Motor] Received distance: 20.611150921606992 cm | Severity=75 | SourceName=Motor2 | EventType=application | SourceNode=ns=1;s=MotorSource2
[Anomaly Input] [2026-08-11 15:36:15.156 (UTC)] info/application	[Motor] Distance safe (46.55683073986174); rotating motor to 90 degrees | Severity=75 | SourceName=Motor | EventType=application | SourceNode=ns=1;s=MotorSource
[Anomaly Input] [2026-08-11 15:36:15.156 (UTC)] warn/application	[Motor] Distance too close (7.571030760915498); rotating motor to 0 degrees | Severity=175 | SourceName=Motor3 | EventType=application | SourceNode=ns=1;s=MotorSource3
[Anomaly Input] [2026-08-11 15:36:15.156 (UTC)] info/application	[Motor] Distance safe (20.611150921606992); rotating motor to 90 degrees | Severity=75 | SourceName=Motor2 | EventType=application | SourceNode=ns=1;s=MotorSource2
[Anomaly Input] [2026-08-11 15:36:16.075 (UTC)] info/application	[Sensor] Updated distance: 25.38492621080248 cm | Severity=75 | SourceName=Sensor2 | EventType=application | SourceNode=ns=1;s=SensorSource2
[Anomaly Input] [2026-08-11 15:36:16.076 (UTC)] info/application	[Sensor] Updated distance: 3.1486282055958306 cm | Severity=75 | SourceName=Sensor3 | EventType=application | SourceNode=ns=1;s=SensorSource3
[Anomaly Input] [2026-08-11 15:36:16.156 (UTC)] info/application	[Sensor] Updated distance: 10.271561276294086 cm | Severity=75 | SourceName=Sensor | EventType=application | SourceNode=ns=1;s=SensorSource
[Anomaly Input] [2026-08-11 15:36:16.160 (UTC)] info/application	[Motor] Received distance: 10.271561276294086 cm | Severity=75 | SourceName=Motor | EventType=application | SourceNode=ns=1;s=MotorSource
[Anomaly Input] [2026-08-11 15:36:16.162 (UTC)] info/application	[Motor] Received distance: 25.38492621080248 cm | Severity=75 | SourceName=Motor2 | EventType=application | SourceNode=ns=1;s=MotorSource2
[Anomaly Input] [2026-08-11 15:36:16.162 (UTC)] info/application	[Motor] Received distance: 3.1486282055958306 cm | Severity=75 | SourceName=Motor3 | EventType=application | SourceNode=ns=1;s=MotorSource3
[Anomaly Input] [2026-08-11 15:36:16.160 (UTC)] warn/application	[Motor] Distance too close (10.271561276294086); rotating motor to 0 degrees | Severity=175 | SourceName=Motor | EventType=application | SourceNode=ns=1;s=MotorSource
[Anomaly Input] [2026-08-11 15:36:16.162 (UTC)] info/application	[Motor] Distance safe (25.38492621080248); rotating motor to 90 degrees | Severity=75 | SourceName=Motor2 | EventType=application | SourceNode=ns=1;s=MotorSource2
[Anomaly Input] [2026-08-11 15:36:16.162 (UTC)] warn/application	[Motor] Distance too close (3.1486282055958306); rotating motor to 0 degrees | Severity=175 | SourceName=Motor3 | EventType=application | SourceNode=ns=1;s=MotorSource3
[Anomaly Input] [2026-08-11 15:36:17.076 (UTC)] info/application	[Sensor] Updated distance: 37.773789325623675 cm | Severity=75 | SourceName=Sensor3 | EventType=application | SourceNode=ns=1;s=SensorSource3
[Anomaly Input] [2026-08-11 15:36:17.076 (UTC)] info/application	[Sensor] Updated distance: 38.100816542329646 cm | Severity=75 | SourceName=Sensor2 | EventType=application | SourceNode=ns=1;s=SensorSource2
[Anomaly Input] [2026-08-11 15:36:17.156 (UTC)] info/application	[Sensor] Updated distance: 48.011858611373164 cm | Severity=75 | SourceName=Sensor | EventType=application | SourceNode=ns=1;s=SensorSource
[Anomaly Input] [2026-08-11 15:36:17.157 (UTC)] info/application	[Motor] Received distance: 37.773789325623675 cm | Severity=75 | SourceName=Motor3 | EventType=application | SourceNode=ns=1;s=MotorSource3
[Anomaly Input] [2026-08-11 15:36:17.157 (UTC)] info/application	[Motor] Received distance: 38.100816542329646 cm | Severity=75 | SourceName=Motor2 | EventType=application | SourceNode=ns=1;s=MotorSource2
[Anomaly Input] [2026-08-11 15:36:17.160 (UTC)] info/application	[Motor] Received distance: 48.011858611373164 cm | Severity=75 | SourceName=Motor | EventType=application | SourceNode=ns=1;s=MotorSource
[Anomaly Input] [2026-08-11 15:36:17.157 (UTC)] info/application	[Motor] Distance safe (37.773789325623675); rotating motor to 90 degrees | Severity=75 | SourceName=Motor3 | EventType=application | SourceNode=ns=1;s=MotorSource3
[Anomaly Input] [2026-08-11 15:36:17.157 (UTC)] info/application	[Motor] Distance safe (38.100816542329646); rotating motor to 90 degrees | Severity=75 | SourceName=Motor2 | EventType=application | SourceNode=ns=1;s=MotorSource2
[Anomaly Input] [2026-08-11 15:36:17.160 (UTC)] info/application	[Motor] Distance safe (48.011858611373164); rotating motor to 90 degrees | Severity=75 | SourceName=Motor | EventType=application | SourceNode=ns=1;s=MotorSource
[Anomaly Input] [2026-08-11 15:36:18.077 (UTC)] info/application	[Sensor] Updated distance: 2.4749236854142156 cm | Severity=75 | SourceName=Sensor3 | EventType=application | SourceNode=ns=1;s=SensorSource3
[Anomaly Input] [2026-08-11 15:36:18.077 (UTC)] info/application	[Sensor] Updated distance: 42.96155653566194 cm | Severity=75 | SourceName=Sensor2 | EventType=application | SourceNode=ns=1;s=SensorSource2
[Anomaly Input] [2026-08-11 15:36:18.159 (UTC)] info/application	[Sensor] Updated distance: 39.15221431346247 cm | Severity=75 | SourceName=Sensor | EventType=application | SourceNode=ns=1;s=SensorSource
[Anomaly Input] [2026-08-11 15:36:18.162 (UTC)] info/application	[Motor] Received distance: 42.96155653566194 cm | Severity=75 | SourceName=Motor2 | EventType=application | SourceNode=ns=1;s=MotorSource2
[Anomaly Input] [2026-08-11 15:36:18.162 (UTC)] info/application	[Motor] Received distance: 39.15221431346247 cm | Severity=75 | SourceName=Motor | EventType=application | SourceNode=ns=1;s=MotorSource
[Anomaly Input] [2026-08-11 15:36:18.162 (UTC)] info/application	[Motor] Received distance: 2.4749236854142156 cm | Severity=75 | SourceName=Motor3 | EventType=application | SourceNode=ns=1;s=MotorSource3
[Anomaly Input] [2026-08-11 15:36:18.162 (UTC)] info/application	[Motor] Distance safe (42.96155653566194); rotating motor to 90 degrees | Severity=75 | SourceName=Motor2 | EventType=application | SourceNode=ns=1;s=MotorSource2
[Anomaly Input] [2026-08-11 15:36:18.162 (UTC)] info/application	[Motor] Distance safe (39.15221431346247); rotating motor to 90 degrees | Severity=75 | SourceName=Motor | EventType=application | SourceNode=ns=1;s=MotorSource
[Anomaly Input] [2026-08-11 15:36:18.162 (UTC)] warn/application	[Motor] Distance too close (2.4749236854142156); rotating motor to 0 degrees | Severity=175 | SourceName=Motor3 | EventType=application | SourceNode=ns=1;s=MotorSource3
[Anomaly Input] [2026-08-11 15:36:19.068 (UTC)] info/application	[Sensor] Updated distance: 18.87568222772129 cm | Severity=75 | SourceName=Sensor2 | EventType=application | SourceNode=ns=1;s=SensorSource2
[Anomaly Input] [2026-08-11 15:36:19.078 (UTC)] info/application	[Sensor] Updated distance: 20.3072961803094 cm | Severity=75 | SourceName=Sensor3 | EventType=application | SourceNode=ns=1;s=SensorSource3
[Anomaly Input] [2026-08-11 15:36:19.159 (UTC)] info/application	[Sensor] Updated distance: 12.212794561969485 cm | Severity=75 | SourceName=Sensor | EventType=application | SourceNode=ns=1;s=SensorSource
[Anomaly Input] [2026-08-11 15:36:19.159 (UTC)] info/application	[Motor] Received distance: 12.212794561969485 cm | Severity=75 | SourceName=Motor | EventType=application | SourceNode=ns=1;s=MotorSource
[Anomaly Input] [2026-08-11 15:36:19.162 (UTC)] info/application	[Motor] Received distance: 20.3072961803094 cm | Severity=75 | SourceName=Motor3 | EventType=application | SourceNode=ns=1;s=MotorSource3
[Anomaly Input] [2026-08-11 15:36:19.162 (UTC)] info/application	[Motor] Received distance: 18.87568222772129 cm | Severity=75 | SourceName=Motor2 | EventType=application | SourceNode=ns=1;s=MotorSource2
[Anomaly Input] [2026-08-11 15:36:19.159 (UTC)] warn/application	[Motor] Distance too close (12.212794561969485); rotating motor to 0 degrees | Severity=175 | SourceName=Motor | EventType=application | SourceNode=ns=1;s=MotorSource
[Anomaly Input] [2026-08-11 15:36:19.162 (UTC)] info/application	[Motor] Distance safe (20.3072961803094); rotating motor to 90 degrees | Severity=75 | SourceName=Motor3 | EventType=application | SourceNode=ns=1;s=MotorSource3
[Anomaly Input] [2026-08-11 15:36:19.162 (UTC)] warn/application	[Motor] Distance too close (18.87568222772129); rotating motor to 0 degrees | Severity=175 | SourceName=Motor2 | EventType=application | SourceNode=ns=1;s=MotorSource2
[Anomaly Input] [2026-08-11 15:36:20.069 (UTC)] info/application	[Sensor] Updated distance: 14.900301589118456 cm | Severity=75 | SourceName=Sensor2 | EventType=application | SourceNode=ns=1;s=SensorSource2
[Anomaly Input] [2026-08-11 15:36:20.079 (UTC)] info/application	[Sensor] Updated distance: 17.856796786122395 cm | Severity=75 | SourceName=Sensor3 | EventType=application | SourceNode=ns=1;s=SensorSource3
[Anomaly Input] [2026-08-11 15:36:20.160 (UTC)] info/application	[Sensor] Updated distance: 41.91422763090312 cm | Severity=75 | SourceName=Sensor | EventType=application | SourceNode=ns=1;s=SensorSource
[Anomaly Input] [2026-08-11 15:36:20.160 (UTC)] info/application	[Motor] Received distance: 17.856796786122395 cm | Severity=75 | SourceName=Motor3 | EventType=application | SourceNode=ns=1;s=MotorSource3
[Anomaly Input] [2026-08-11 15:36:20.161 (UTC)] info/application	[Motor] Received distance: 41.91422763090312 cm | Severity=75 | SourceName=Motor | EventType=application | SourceNode=ns=1;s=MotorSource
[Anomaly Input] [2026-08-11 15:36:20.161 (UTC)] info/application	[Motor] Received distance: 14.900301589118456 cm | Severity=75 | SourceName=Motor2 | EventType=application | SourceNode=ns=1;s=MotorSource2
[Anomaly Input] [2026-08-11 15:36:20.160 (UTC)] warn/application	[Motor] Distance too close (17.856796786122395); rotating motor to 0 degrees | Severity=175 | SourceName=Motor3 | EventType=application | SourceNode=ns=1;s=MotorSource3
[Anomaly Input] [2026-08-11 15:36:20.161 (UTC)] info/application	[Motor] Distance safe (41.91422763090312); rotating motor to 90 degrees | Severity=75 | SourceName=Motor | EventType=application | SourceNode=ns=1;s=MotorSource
[Anomaly Input] [2026-08-11 15:36:20.161 (UTC)] warn/application	[Motor] Distance too close (14.900301589118456); rotating motor to 0 degrees | Severity=175 | SourceName=Motor2 | EventType=application | SourceNode=ns=1;s=MotorSource2
[Anomaly Input] [2026-08-11 15:36:21.070 (UTC)] info/application	[Sensor] Updated distance: 4.504242950353884 cm | Severity=75 | SourceName=Sensor2 | EventType=application | SourceNode=ns=1;s=SensorSource2
[Anomaly Input] [2026-08-11 15:36:21.070 (UTC)] info/application	[Sensor] Updated distance: 36.606615902207146 cm | Severity=75 | SourceName=Sensor3 | EventType=application | SourceNode=ns=1;s=SensorSource3
[Anomaly Input] [2026-08-11 15:36:21.161 (UTC)] info/application	[Sensor] Updated distance: 36.776279704075435 cm | Severity=75 | SourceName=Sensor | EventType=application | SourceNode=ns=1;s=SensorSource
[Anomaly Input] [2026-08-11 15:36:21.161 (UTC)] info/application	[Motor] Received distance: 4.504242950353884 cm | Severity=75 | SourceName=Motor2 | EventType=application | SourceNode=ns=1;s=MotorSource2
[Anomaly Input] [2026-08-11 15:36:21.162 (UTC)] info/application	[Motor] Received distance: 36.606615902207146 cm | Severity=75 | SourceName=Motor3 | EventType=application | SourceNode=ns=1;s=MotorSource3
[Anomaly Input] [2026-08-11 15:36:21.169 (UTC)] info/application	[Motor] Received distance: 36.776279704075435 cm | Severity=75 | SourceName=Motor | EventType=application | SourceNode=ns=1;s=MotorSource
[Anomaly Input] [2026-08-11 15:36:21.161 (UTC)] warn/application	[Motor] Distance too close (4.504242950353884); rotating motor to 0 degrees | Severity=175 | SourceName=Motor2 | EventType=application | SourceNode=ns=1;s=MotorSource2
[Anomaly Input] [2026-08-11 15:36:21.162 (UTC)] info/application	[Motor] Distance safe (36.606615902207146); rotating motor to 90 degrees | Severity=75 | SourceName=Motor3 | EventType=application | SourceNode=ns=1;s=MotorSource3
[Anomaly Input] [2026-08-11 15:36:21.169 (UTC)] info/application	[Motor] Distance safe (36.776279704075435); rotating motor to 90 degrees | Severity=75 | SourceName=Motor | EventType=application | SourceNode=ns=1;s=MotorSource
[Anomaly Input] [2026-08-11 15:36:22.071 (UTC)] info/application	[Sensor] Updated distance: 32.85296992904179 cm | Severity=75 | SourceName=Sensor3 | EventType=application | SourceNode=ns=1;s=SensorSource3
[Anomaly Input] [2026-08-11 15:36:22.071 (UTC)] info/application	[Sensor] Updated distance: 34.00235433876624 cm | Severity=75 | SourceName=Sensor2 | EventType=application | SourceNode=ns=1;s=SensorSource2
[Anomaly Input] [2026-08-11 15:36:22.162 (UTC)] info/application	[Sensor] Updated distance: 21.33985831744031 cm | Severity=75 | SourceName=Sensor | EventType=application | SourceNode=ns=1;s=SensorSource
[Anomaly Input] [2026-08-11 15:36:22.162 (UTC)] info/application	[Motor] Received distance: 32.85296992904179 cm | Severity=75 | SourceName=Motor3 | EventType=application | SourceNode=ns=1;s=MotorSource3
[Anomaly Input] [2026-08-11 15:36:22.162 (UTC)] info/application	[Motor] Received distance: 21.33985831744031 cm | Severity=75 | SourceName=Motor | EventType=application | SourceNode=ns=1;s=MotorSource
[Anomaly Input] [2026-08-11 15:36:22.162 (UTC)] info/application	[Motor] Received distance: 34.00235433876624 cm | Severity=75 | SourceName=Motor2 | EventType=application | SourceNode=ns=1;s=MotorSource2
[Anomaly Input] [2026-08-11 15:36:22.162 (UTC)] info/application	[Motor] Distance safe (21.33985831744031); rotating motor to 90 degrees | Severity=75 | SourceName=Motor | EventType=application | SourceNode=ns=1;s=MotorSource
[Anomaly Input] [2026-08-11 15:36:22.162 (UTC)] info/application	[Motor] Distance safe (32.85296992904179); rotating motor to 90 degrees | Severity=75 | SourceName=Motor3 | EventType=application | SourceNode=ns=1;s=MotorSource3
[Anomaly Input] [2026-08-11 15:36:22.162 (UTC)] info/application	[Motor] Distance safe (34.00235433876624); rotating motor to 90 degrees | Severity=75 | SourceName=Motor2 | EventType=application | SourceNode=ns=1;s=MotorSource2
[Anomaly Input] [2026-08-11 15:36:23.073 (UTC)] info/application	[Sensor] Updated distance: 23.224264624167354 cm | Severity=75 | SourceName=Sensor2 | EventType=application | SourceNode=ns=1;s=SensorSource2
[Anomaly Input] [2026-08-11 15:36:23.073 (UTC)] info/application	[Sensor] Updated distance: 14.37139668146679 cm | Severity=75 | SourceName=Sensor3 | EventType=application | SourceNode=ns=1;s=SensorSource3
[Anomaly Input] [2026-08-11 15:36:23.154 (UTC)] info/application	[Sensor] Updated distance: 35.72257525554046 cm | Severity=75 | SourceName=Sensor | EventType=application | SourceNode=ns=1;s=SensorSource
[Anomaly Input] [2026-08-11 15:36:23.154 (UTC)] info/application	[Motor] Received distance: 35.72257525554046 cm | Severity=75 | SourceName=Motor | EventType=application | SourceNode=ns=1;s=MotorSource
[Anomaly Input] [2026-08-11 15:36:23.154 (UTC)] info/application	[Motor] Received distance: 14.37139668146679 cm | Severity=75 | SourceName=Motor3 | EventType=application | SourceNode=ns=1;s=MotorSource3
[Anomaly Input] [2026-08-11 15:36:23.154 (UTC)] info/application	[Motor] Received distance: 23.224264624167354 cm | Severity=75 | SourceName=Motor2 | EventType=application | SourceNode=ns=1;s=MotorSource2
[Anomaly Input] [2026-08-11 15:36:23.154 (UTC)] info/application	[Motor] Distance safe (35.72257525554046); rotating motor to 90 degrees | Severity=75 | SourceName=Motor | EventType=application | SourceNode=ns=1;s=MotorSource
[Anomaly Input] [2026-08-11 15:36:23.154 (UTC)] warn/application	[Motor] Distance too close (14.37139668146679); rotating motor to 0 degrees | Severity=175 | SourceName=Motor3 | EventType=application | SourceNode=ns=1;s=MotorSource3
[Anomaly Input] [2026-08-11 15:36:23.154 (UTC)] info/application	[Motor] Distance safe (23.224264624167354); rotating motor to 90 degrees | Severity=75 | SourceName=Motor2 | EventType=application | SourceNode=ns=1;s=MotorSource2
[Anomaly Input] [2026-08-11 15:36:24.076 (UTC)] info/application	[Sensor] Updated distance: 3.29119177222773 cm | Severity=75 | SourceName=Sensor2 | EventType=application | SourceNode=ns=1;s=SensorSource2
[Anomaly Input] [2026-08-11 15:36:24.076 (UTC)] info/application	[Sensor] Updated distance: 24.671537380046924 cm | Severity=75 | SourceName=Sensor3 | EventType=application | SourceNode=ns=1;s=SensorSource3
[Anomaly Input] [2026-08-11 15:36:24.157 (UTC)] info/application	[Sensor] Updated distance: 33.03152572318517 cm | Severity=75 | SourceName=Sensor | EventType=application | SourceNode=ns=1;s=SensorSource
[Anomaly Input] [2026-08-11 15:36:24.160 (UTC)] info/application	[Motor] Received distance: 33.03152572318517 cm | Severity=75 | SourceName=Motor | EventType=application | SourceNode=ns=1;s=MotorSource
[Anomaly Input] [2026-08-11 15:36:24.161 (UTC)] info/application	[Motor] Received distance: 3.29119177222773 cm | Severity=75 | SourceName=Motor2 | EventType=application | SourceNode=ns=1;s=MotorSource2
[Anomaly Input] [2026-08-11 15:36:24.162 (UTC)] info/application	[Motor] Received distance: 24.671537380046924 cm | Severity=75 | SourceName=Motor3 | EventType=application | SourceNode=ns=1;s=MotorSource3
[Anomaly Input] [2026-08-11 15:36:24.160 (UTC)] info/application	[Motor] Distance safe (33.03152572318517); rotating motor to 90 degrees | Severity=75 | SourceName=Motor | EventType=application | SourceNode=ns=1;s=MotorSource
[Anomaly Input] [2026-08-11 15:36:24.161 (UTC)] warn/application	[Motor] Distance too close (3.29119177222773); rotating motor to 0 degrees | Severity=175 | SourceName=Motor2 | EventType=application | SourceNode=ns=1;s=MotorSource2
[Anomaly Input] [2026-08-11 15:36:24.162 (UTC)] info/application	[Motor] Distance safe (24.671537380046924); rotating motor to 90 degrees | Severity=75 | SourceName=Motor3 | EventType=application | SourceNode=ns=1;s=MotorSource3
[Anomaly Input] [2026-08-11 15:36:25.069 (UTC)] info/application	[Sensor] Updated distance: 25.533643882504496 cm | Severity=75 | SourceName=Sensor2 | EventType=application | SourceNode=ns=1;s=SensorSource2
[Anomaly Input] [2026-08-11 15:36:25.080 (UTC)] info/application	[Sensor] Updated distance: 6.963651793526323 cm | Severity=75 | SourceName=Sensor3 | EventType=application | SourceNode=ns=1;s=SensorSource3
[Anomaly Input] [2026-08-11 15:36:25.160 (UTC)] info/application	[Sensor] Updated distance: 31.056010677039627 cm | Severity=75 | SourceName=Sensor | EventType=application | SourceNode=ns=1;s=SensorSource
[Anomaly Input] [2026-08-11 15:36:25.160 (UTC)] info/application	[Motor] Received distance: 31.056010677039627 cm | Severity=75 | SourceName=Motor | EventType=application | SourceNode=ns=1;s=MotorSource
[Anomaly Input] [2026-08-11 15:36:25.160 (UTC)] info/application	[Motor] Received distance: 25.533643882504496 cm | Severity=75 | SourceName=Motor2 | EventType=application | SourceNode=ns=1;s=MotorSource2
[Anomaly Input] [2026-08-11 15:36:25.161 (UTC)] info/application	[Motor] Received distance: 6.963651793526323 cm | Severity=75 | SourceName=Motor3 | EventType=application | SourceNode=ns=1;s=MotorSource3
[Anomaly Input] [2026-08-11 15:36:25.160 (UTC)] info/application	[Motor] Distance safe (31.056010677039627); rotating motor to 90 degrees | Severity=75 | SourceName=Motor | EventType=application | SourceNode=ns=1;s=MotorSource
[Anomaly Input] [2026-08-11 15:36:25.160 (UTC)] info/application	[Motor] Distance safe (25.533643882504496); rotating motor to 90 degrees | Severity=75 | SourceName=Motor2 | EventType=application | SourceNode=ns=1;s=MotorSource2
[Anomaly Input] [2026-08-11 15:36:25.161 (UTC)] warn/application	[Motor] Distance too close (6.963651793526323); rotating motor to 0 degrees | Severity=175 | SourceName=Motor3 | EventType=application | SourceNode=ns=1;s=MotorSource3
[Anomaly Input] [2026-08-11 15:36:26.072 (UTC)] info/application	[Sensor] Updated distance: 17.883387401645717 cm | Severity=75 | SourceName=Sensor3 | EventType=application | SourceNode=ns=1;s=SensorSource3
[Anomaly Input] [2026-08-11 15:36:26.072 (UTC)] info/application	[Sensor] Updated distance: 20.270118885799366 cm | Severity=75 | SourceName=Sensor2 | EventType=application | SourceNode=ns=1;s=SensorSource2
[Anomaly Input] [2026-08-11 15:36:26.153 (UTC)] info/application	[Sensor] Updated distance: 44.802003358864226 cm | Severity=75 | SourceName=Sensor | EventType=application | SourceNode=ns=1;s=SensorSource
[Anomaly Input] [2026-08-11 15:36:26.153 (UTC)] info/application	[Motor] Received distance: 44.802003358864226 cm | Severity=75 | SourceName=Motor | EventType=application | SourceNode=ns=1;s=MotorSource
[Anomaly Input] [2026-08-11 15:36:26.153 (UTC)] info/application	[Motor] Received distance: 20.270118885799366 cm | Severity=75 | SourceName=Motor2 | EventType=application | SourceNode=ns=1;s=MotorSource2
[Anomaly Input] [2026-08-11 15:36:26.153 (UTC)] info/application	[Motor] Received distance: 17.883387401645717 cm | Severity=75 | SourceName=Motor3 | EventType=application | SourceNode=ns=1;s=MotorSource3
[Anomaly Input] [2026-08-11 15:36:26.153 (UTC)] info/application	[Motor] Distance safe (20.270118885799366); rotating motor to 90 degrees | Severity=75 | SourceName=Motor2 | EventType=application | SourceNode=ns=1;s=MotorSource2
[Anomaly Input] [2026-08-11 15:36:26.153 (UTC)] info/application	[Motor] Distance safe (44.802003358864226); rotating motor to 90 degrees | Severity=75 | SourceName=Motor | EventType=application | SourceNode=ns=1;s=MotorSource
[Anomaly Input] [2026-08-11 15:36:26.153 (UTC)] warn/application	[Motor] Distance too close (17.883387401645717); rotating motor to 0 degrees | Severity=175 | SourceName=Motor3 | EventType=application | SourceNode=ns=1;s=MotorSource3
[Anomaly Input] [2026-08-11 15:36:27.074 (UTC)] info/application	[Sensor] Updated distance: 23.81899695369368 cm | Severity=75 | SourceName=Sensor2 | EventType=application | SourceNode=ns=1;s=SensorSource2
[Anomaly Input] [2026-08-11 15:36:27.074 (UTC)] info/application	[Sensor] Updated distance: 38.43694458363435 cm | Severity=75 | SourceName=Sensor3 | EventType=application | SourceNode=ns=1;s=SensorSource3
[Anomaly Input] [2026-08-11 15:36:27.155 (UTC)] info/application	[Sensor] Updated distance: 23.749065908486518 cm | Severity=75 | SourceName=Sensor | EventType=application | SourceNode=ns=1;s=SensorSource
[Anomaly Input] [2026-08-11 15:36:27.160 (UTC)] info/application	[Motor] Received distance: 23.749065908486518 cm | Severity=75 | SourceName=Motor | EventType=application | SourceNode=ns=1;s=MotorSource
[Anomaly Input] [2026-08-11 15:36:27.161 (UTC)] info/application	[Motor] Received distance: 23.81899695369368 cm | Severity=75 | SourceName=Motor2 | EventType=application | SourceNode=ns=1;s=MotorSource2
[Anomaly Input] [2026-08-11 15:36:27.161 (UTC)] info/application	[Motor] Received distance: 38.43694458363435 cm | Severity=75 | SourceName=Motor3 | EventType=application | SourceNode=ns=1;s=MotorSource3
[Anomaly Input] [2026-08-11 15:36:27.160 (UTC)] info/application	[Motor] Distance safe (23.749065908486518); rotating motor to 90 degrees | Severity=75 | SourceName=Motor | EventType=application | SourceNode=ns=1;s=MotorSource
[Anomaly Input] [2026-08-11 15:36:27.161 (UTC)] info/application	[Motor] Distance safe (23.81899695369368); rotating motor to 90 degrees | Severity=75 | SourceName=Motor2 | EventType=application | SourceNode=ns=1;s=MotorSource2
[Anomaly Input] [2026-08-11 15:36:27.161 (UTC)] info/application	[Motor] Distance safe (38.43694458363435); rotating motor to 90 degrees | Severity=75 | SourceName=Motor3 | EventType=application | SourceNode=ns=1;s=MotorSource3
[Anomaly Input] [2026-08-11 15:36:28.077 (UTC)] info/application	[Sensor] Updated distance: 27.8737741307699 cm | Severity=75 | SourceName=Sensor2 | EventType=application | SourceNode=ns=1;s=SensorSource2
[Anomaly Input] [2026-08-11 15:36:28.077 (UTC)] info/application	[Sensor] Updated distance: 7.734778749633011 cm | Severity=75 | SourceName=Sensor3 | EventType=application | SourceNode=ns=1;s=SensorSource3
[Anomaly Input] [2026-08-11 15:36:28.158 (UTC)] info/application	[Sensor] Updated distance: 34.592465468026916 cm | Severity=75 | SourceName=Sensor | EventType=application | SourceNode=ns=1;s=SensorSource
[Anomaly Input] [2026-08-11 15:36:28.158 (UTC)] info/application	[Motor] Received distance: 34.592465468026916 cm | Severity=75 | SourceName=Motor | EventType=application | SourceNode=ns=1;s=MotorSource
[Anomaly Input] [2026-08-11 15:36:28.158 (UTC)] info/application	[Motor] Received distance: 27.8737741307699 cm | Severity=75 | SourceName=Motor2 | EventType=application | SourceNode=ns=1;s=MotorSource2
[Anomaly Input] [2026-08-11 15:36:28.158 (UTC)] info/application	[Motor] Received distance: 7.734778749633011 cm | Severity=75 | SourceName=Motor3 | EventType=application | SourceNode=ns=1;s=MotorSource3
[Anomaly Input] [2026-08-11 15:36:28.158 (UTC)] info/application	[Motor] Distance safe (34.592465468026916); rotating motor to 90 degrees | Severity=75 | SourceName=Motor | EventType=application | SourceNode=ns=1;s=MotorSource
[Anomaly Input] [2026-08-11 15:36:28.158 (UTC)] info/application	[Motor] Distance safe (27.8737741307699); rotating motor to 90 degrees | Severity=75 | SourceName=Motor2 | EventType=application | SourceNode=ns=1;s=MotorSource2
[Anomaly Input] [2026-08-11 15:36:28.158 (UTC)] warn/application	[Motor] Distance too close (7.734778749633011); rotating motor to 0 degrees | Severity=175 | SourceName=Motor3 | EventType=application | SourceNode=ns=1;s=MotorSource3
[Anomaly Input] [2026-08-11 15:36:29.069 (UTC)] info/application	[Sensor] Updated distance: 46.972126035472435 cm | Severity=75 | SourceName=Sensor2 | EventType=application | SourceNode=ns=1;s=SensorSource2
[Anomaly Input] [2026-08-11 15:36:29.079 (UTC)] info/application	[Sensor] Updated distance: 28.994711858683594 cm | Severity=75 | SourceName=Sensor3 | EventType=application | SourceNode=ns=1;s=SensorSource3
[Anomaly Input] [2026-08-11 15:36:29.160 (UTC)] info/application	[Sensor] Updated distance: 24.87253993324588 cm | Severity=75 | SourceName=Sensor | EventType=application | SourceNode=ns=1;s=SensorSource
[Anomaly Input] [2026-08-11 15:36:29.160 (UTC)] info/application	[Motor] Received distance: 24.87253993324588 cm | Severity=75 | SourceName=Motor | EventType=application | SourceNode=ns=1;s=MotorSource
[Anomaly Input] [2026-08-11 15:36:29.161 (UTC)] info/application	[Motor] Received distance: 28.994711858683594 cm | Severity=75 | SourceName=Motor3 | EventType=application | SourceNode=ns=1;s=MotorSource3
[Anomaly Input] [2026-08-11 15:36:29.161 (UTC)] info/application	[Motor] Received distance: 46.972126035472435 cm | Severity=75 | SourceName=Motor2 | EventType=application | SourceNode=ns=1;s=MotorSource2
[Anomaly Input] [2026-08-11 15:36:29.160 (UTC)] info/application	[Motor] Distance safe (24.87253993324588); rotating motor to 90 degrees | Severity=75 | SourceName=Motor | EventType=application | SourceNode=ns=1;s=MotorSource
[Anomaly Input] [2026-08-11 15:36:29.161 (UTC)] info/application	[Motor] Distance safe (28.994711858683594); rotating motor to 90 degrees | Severity=75 | SourceName=Motor3 | EventType=application | SourceNode=ns=1;s=MotorSource3
[Anomaly Input] [2026-08-11 15:36:29.161 (UTC)] info/application	[Motor] Distance safe (46.972126035472435); rotating motor to 90 degrees | Severity=75 | SourceName=Motor2 | EventType=application | SourceNode=ns=1;s=MotorSource2
[Anomaly Input] [2026-08-11 15:36:30.070 (UTC)] info/application	[Sensor] Updated distance: 5.264868097037481 cm | Severity=75 | SourceName=Sensor2 | EventType=application | SourceNode=ns=1;s=SensorSource2
[Anomaly Input] [2026-08-11 15:36:30.070 (UTC)] info/application	[Sensor] Updated distance: 40.688488844171395 cm | Severity=75 | SourceName=Sensor3 | EventType=application | SourceNode=ns=1;s=SensorSource3
[Anomaly Input] [2026-08-11 15:36:30.161 (UTC)] info/application	[Sensor] Updated distance: 42.198155727329734 cm | Severity=75 | SourceName=Sensor | EventType=application | SourceNode=ns=1;s=SensorSource
[Anomaly Input] [2026-08-11 15:36:30.162 (UTC)] info/application	[Motor] Received distance: 40.688488844171395 cm | Severity=75 | SourceName=Motor3 | EventType=application | SourceNode=ns=1;s=MotorSource3
[Anomaly Input] [2026-08-11 15:36:30.162 (UTC)] info/application	[Motor] Received distance: 5.264868097037481 cm | Severity=75 | SourceName=Motor2 | EventType=application | SourceNode=ns=1;s=MotorSource2
[Anomaly Input] [2026-08-11 15:36:30.170 (UTC)] info/application	[Motor] Received distance: 42.198155727329734 cm | Severity=75 | SourceName=Motor | EventType=application | SourceNode=ns=1;s=MotorSource
[Anomaly Input] [2026-08-11 15:36:30.162 (UTC)] info/application	[Motor] Distance safe (40.688488844171395); rotating motor to 90 degrees | Severity=75 | SourceName=Motor3 | EventType=application | SourceNode=ns=1;s=MotorSource3
[Anomaly Input] [2026-08-11 15:36:30.162 (UTC)] warn/application	[Motor] Distance too close (5.264868097037481); rotating motor to 0 degrees | Severity=175 | SourceName=Motor2 | EventType=application | SourceNode=ns=1;s=MotorSource2
[Anomaly Input] [2026-08-11 15:36:30.170 (UTC)] info/application	[Motor] Distance safe (42.198155727329734); rotating motor to 90 degrees | Severity=75 | SourceName=Motor | EventType=application | SourceNode=ns=1;s=MotorSource
[Anomaly Input] [2026-08-11 15:36:31.071 (UTC)] info/application	[Sensor] Updated distance: 31.756887427417972 cm | Severity=75 | SourceName=Sensor3 | EventType=application | SourceNode=ns=1;s=SensorSource3
[Anomaly Input] [2026-08-11 15:36:31.071 (UTC)] info/application	[Sensor] Updated distance: 12.822708976838136 cm | Severity=75 | SourceName=Sensor2 | EventType=application | SourceNode=ns=1;s=SensorSource2
[Anomaly Input] [2026-08-11 15:36:31.152 (UTC)] info/application	[Sensor] Updated distance: 19.523867630178046 cm | Severity=75 | SourceName=Sensor | EventType=application | SourceNode=ns=1;s=SensorSource
[Anomaly Input] [2026-08-11 15:36:31.152 (UTC)] info/application	[Motor] Received distance: 31.756887427417972 cm | Severity=75 | SourceName=Motor3 | EventType=application | SourceNode=ns=1;s=MotorSource3
[Anomaly Input] [2026-08-11 15:36:31.152 (UTC)] info/application	[Motor] Received distance: 12.822708976838136 cm | Severity=75 | SourceName=Motor2 | EventType=application | SourceNode=ns=1;s=MotorSource2
[Anomaly Input] [2026-08-11 15:36:31.160 (UTC)] info/application	[Motor] Received distance: 19.523867630178046 cm | Severity=75 | SourceName=Motor | EventType=application | SourceNode=ns=1;s=MotorSource
[Anomaly Input] [2026-08-11 15:36:31.152 (UTC)] warn/application	[Motor] Distance too close (12.822708976838136); rotating motor to 0 degrees | Severity=175 | SourceName=Motor2 | EventType=application | SourceNode=ns=1;s=MotorSource2
[Anomaly Input] [2026-08-11 15:36:31.152 (UTC)] info/application	[Motor] Distance safe (31.756887427417972); rotating motor to 90 degrees | Severity=75 | SourceName=Motor3 | EventType=application | SourceNode=ns=1;s=MotorSource3
[Anomaly Input] [2026-08-11 15:36:31.160 (UTC)] warn/application	[Motor] Distance too close (19.523867630178046); rotating motor to 0 degrees | Severity=175 | SourceName=Motor | EventType=application | SourceNode=ns=1;s=MotorSource
[Anomaly Input] [2026-08-11 15:36:32.072 (UTC)] info/application	[Sensor] Updated distance: 29.33935417017869 cm | Severity=75 | SourceName=Sensor2 | EventType=application | SourceNode=ns=1;s=SensorSource2
[Anomaly Input] [2026-08-11 15:36:32.072 (UTC)] info/application	[Sensor] Updated distance: 23.55476451923827 cm | Severity=75 | SourceName=Sensor3 | EventType=application | SourceNode=ns=1;s=SensorSource3
[Anomaly Input] [2026-08-11 15:36:32.153 (UTC)] info/application	[Sensor] Updated distance: 42.95215306847922 cm | Severity=75 | SourceName=Sensor | EventType=application | SourceNode=ns=1;s=SensorSource
[Anomaly Input] [2026-08-11 15:36:32.153 (UTC)] info/application	[Motor] Received distance: 42.95215306847922 cm | Severity=75 | SourceName=Motor | EventType=application | SourceNode=ns=1;s=MotorSource
[Anomaly Input] [2026-08-11 15:36:32.161 (UTC)] info/application	[Motor] Received distance: 29.33935417017869 cm | Severity=75 | SourceName=Motor2 | EventType=application | SourceNode=ns=1;s=MotorSource2
[Anomaly Input] [2026-08-11 15:36:32.161 (UTC)] info/application	[Motor] Received distance: 23.55476451923827 cm | Severity=75 | SourceName=Motor3 | EventType=application | SourceNode=ns=1;s=MotorSource3
[Anomaly Input] [2026-08-11 15:36:32.153 (UTC)] info/application	[Motor] Distance safe (42.95215306847922); rotating motor to 90 degrees | Severity=75 | SourceName=Motor | EventType=application | SourceNode=ns=1;s=MotorSource
[Anomaly Input] [2026-08-11 15:36:32.161 (UTC)] info/application	[Motor] Distance safe (29.33935417017869); rotating motor to 90 degrees | Severity=75 | SourceName=Motor2 | EventType=application | SourceNode=ns=1;s=MotorSource2
[Anomaly Input] [2026-08-11 15:36:32.161 (UTC)] info/application	[Motor] Distance safe (23.55476451923827); rotating motor to 90 degrees | Severity=75 | SourceName=Motor3 | EventType=application | SourceNode=ns=1;s=MotorSource3
[Anomaly Input] [2026-08-11 15:36:33.074 (UTC)] info/application	[Sensor] Updated distance: 27.210111398813364 cm | Severity=75 | SourceName=Sensor3 | EventType=application | SourceNode=ns=1;s=SensorSource3
[Anomaly Input] [2026-08-11 15:36:33.074 (UTC)] info/application	[Sensor] Updated distance: 26.074758004431963 cm | Severity=75 | SourceName=Sensor2 | EventType=application | SourceNode=ns=1;s=SensorSource2
[Anomaly Input] [2026-08-11 15:36:33.154 (UTC)] info/application	[Sensor] Updated distance: 36.551003248687365 cm | Severity=75 | SourceName=Sensor | EventType=application | SourceNode=ns=1;s=SensorSource
[Anomaly Input] [2026-08-11 15:36:33.159 (UTC)] info/application	[Motor] Received distance: 36.551003248687365 cm | Severity=75 | SourceName=Motor | EventType=application | SourceNode=ns=1;s=MotorSource
[Anomaly Input] [2026-08-11 15:36:33.163 (UTC)] info/application	[Motor] Received distance: 26.074758004431963 cm | Severity=75 | SourceName=Motor2 | EventType=application | SourceNode=ns=1;s=MotorSource2
[Anomaly Input] [2026-08-11 15:36:33.163 (UTC)] info/application	[Motor] Received distance: 27.210111398813364 cm | Severity=75 | SourceName=Motor3 | EventType=application | SourceNode=ns=1;s=MotorSource3
[Anomaly Input] [2026-08-11 15:36:33.159 (UTC)] info/application	[Motor] Distance safe (36.551003248687365); rotating motor to 90 degrees | Severity=75 | SourceName=Motor | EventType=application | SourceNode=ns=1;s=MotorSource
[Anomaly Input] [2026-08-11 15:36:33.163 (UTC)] info/application	[Motor] Distance safe (26.074758004431963); rotating motor to 90 degrees | Severity=75 | SourceName=Motor2 | EventType=application | SourceNode=ns=1;s=MotorSource2
[Anomaly Input] [2026-08-11 15:36:33.163 (UTC)] info/application	[Motor] Distance safe (27.210111398813364); rotating motor to 90 degrees | Severity=75 | SourceName=Motor3 | EventType=application | SourceNode=ns=1;s=MotorSource3
[Anomaly Input] [2026-08-11 15:36:34.075 (UTC)] info/application	[Sensor] Updated distance: 30.01673642360453 cm | Severity=75 | SourceName=Sensor2 | EventType=application | SourceNode=ns=1;s=SensorSource2
[Anomaly Input] [2026-08-11 15:36:34.075 (UTC)] info/application	[Sensor] Updated distance: 38.9322590254863 cm | Severity=75 | SourceName=Sensor3 | EventType=application | SourceNode=ns=1;s=SensorSource3
[Anomaly Input] [2026-08-11 15:36:34.156 (UTC)] info/application	[Sensor] Updated distance: 26.96469472766141 cm | Severity=75 | SourceName=Sensor | EventType=application | SourceNode=ns=1;s=SensorSource
[Anomaly Input] [2026-08-11 15:36:34.156 (UTC)] info/application	[Motor] Received distance: 30.01673642360453 cm | Severity=75 | SourceName=Motor2 | EventType=application | SourceNode=ns=1;s=MotorSource2
[Anomaly Input] [2026-08-11 15:36:34.156 (UTC)] info/application	[Motor] Received distance: 26.96469472766141 cm | Severity=75 | SourceName=Motor | EventType=application | SourceNode=ns=1;s=MotorSource
[Anomaly Input] [2026-08-11 15:36:34.156 (UTC)] info/application	[Motor] Received distance: 38.9322590254863 cm | Severity=75 | SourceName=Motor3 | EventType=application | SourceNode=ns=1;s=MotorSource3
[Anomaly Input] [2026-08-11 15:36:34.156 (UTC)] info/application	[Motor] Distance safe (30.01673642360453); rotating motor to 90 degrees | Severity=75 | SourceName=Motor2 | EventType=application | SourceNode=ns=1;s=MotorSource2
[Anomaly Input] [2026-08-11 15:36:34.156 (UTC)] info/application	[Motor] Distance safe (26.96469472766141); rotating motor to 90 degrees | Severity=75 | SourceName=Motor | EventType=application | SourceNode=ns=1;s=MotorSource
[Anomaly Input] [2026-08-11 15:36:34.156 (UTC)] info/application	[Motor] Distance safe (38.9322590254863); rotating motor to 90 degrees | Severity=75 | SourceName=Motor3 | EventType=application | SourceNode=ns=1;s=MotorSource3
[Anomaly Input] [2026-08-11 15:36:35.077 (UTC)] info/application	[Sensor] Updated distance: 27.3576908304159 cm | Severity=75 | SourceName=Sensor3 | EventType=application | SourceNode=ns=1;s=SensorSource3
[Anomaly Input] [2026-08-11 15:36:35.077 (UTC)] info/application	[Sensor] Updated distance: 42.58110302341222 cm | Severity=75 | SourceName=Sensor2 | EventType=application | SourceNode=ns=1;s=SensorSource2
[Anomaly Input] [2026-08-11 15:36:35.158 (UTC)] info/application	[Sensor] Updated distance: 46.42154525798817 cm | Severity=75 | SourceName=Sensor | EventType=application | SourceNode=ns=1;s=SensorSource
[Anomaly Input] [2026-08-11 15:36:35.160 (UTC)] info/application	[Motor] Received distance: 46.42154525798817 cm | Severity=75 | SourceName=Motor | EventType=application | SourceNode=ns=1;s=MotorSource
[Anomaly Input] [2026-08-11 15:36:35.161 (UTC)] info/application	[Motor] Received distance: 42.58110302341222 cm | Severity=75 | SourceName=Motor2 | EventType=application | SourceNode=ns=1;s=MotorSource2
[Anomaly Input] [2026-08-11 15:36:35.161 (UTC)] info/application	[Motor] Received distance: 27.3576908304159 cm | Severity=75 | SourceName=Motor3 | EventType=application | SourceNode=ns=1;s=MotorSource3
[Anomaly Input] [2026-08-11 15:36:35.160 (UTC)] info/application	[Motor] Distance safe (46.42154525798817); rotating motor to 90 degrees | Severity=75 | SourceName=Motor | EventType=application | SourceNode=ns=1;s=MotorSource
[Anomaly Input] [2026-08-11 15:36:35.161 (UTC)] info/application	[Motor] Distance safe (42.58110302341222); rotating motor to 90 degrees | Severity=75 | SourceName=Motor2 | EventType=application | SourceNode=ns=1;s=MotorSource2
[Anomaly Input] [2026-08-11 15:36:35.161 (UTC)] info/application	[Motor] Distance safe (27.3576908304159); rotating motor to 90 degrees | Severity=75 | SourceName=Motor3 | EventType=application | SourceNode=ns=1;s=MotorSource3
[Anomaly Input] [2026-08-11 15:36:36.068 (UTC)] info/application	[Sensor] Updated distance: 43.55143431273821 cm | Severity=75 | SourceName=Sensor2 | EventType=application | SourceNode=ns=1;s=SensorSource2
[Anomaly Input] [2026-08-11 15:36:36.079 (UTC)] info/application	[Sensor] Updated distance: 29.992542138319713 cm | Severity=75 | SourceName=Sensor3 | EventType=application | SourceNode=ns=1;s=SensorSource3
[Anomaly Input] [2026-08-11 15:36:36.159 (UTC)] info/application	[Sensor] Updated distance: 35.43657763369222 cm | Severity=75 | SourceName=Sensor | EventType=application | SourceNode=ns=1;s=SensorSource
[Anomaly Input] [2026-08-11 15:36:36.162 (UTC)] info/application	[Motor] Received distance: 43.55143431273821 cm | Severity=75 | SourceName=Motor2 | EventType=application | SourceNode=ns=1;s=MotorSource2
[Anomaly Input] [2026-08-11 15:36:36.162 (UTC)] info/application	[Motor] Received distance: 29.992542138319713 cm | Severity=75 | SourceName=Motor3 | EventType=application | SourceNode=ns=1;s=MotorSource3
[Anomaly Input] [2026-08-11 15:36:36.169 (UTC)] info/application	[Motor] Received distance: 35.43657763369222 cm | Severity=75 | SourceName=Motor | EventType=application | SourceNode=ns=1;s=MotorSource
[Anomaly Input] [2026-08-11 15:36:36.162 (UTC)] info/application	[Motor] Distance safe (43.55143431273821); rotating motor to 90 degrees | Severity=75 | SourceName=Motor2 | EventType=application | SourceNode=ns=1;s=MotorSource2
[Anomaly Input] [2026-08-11 15:36:36.162 (UTC)] info/application	[Motor] Distance safe (29.992542138319713); rotating motor to 90 degrees | Severity=75 | SourceName=Motor3 | EventType=application | SourceNode=ns=1;s=MotorSource3
[Anomaly Input] [2026-08-11 15:36:36.169 (UTC)] info/application	[Motor] Distance safe (35.43657763369222); rotating motor to 90 degrees | Severity=75 | SourceName=Motor | EventType=application | SourceNode=ns=1;s=MotorSource
[Anomaly Input] [2026-08-11 15:36:37.070 (UTC)] info/application	[Sensor] Updated distance: 22.228428790452156 cm | Severity=75 | SourceName=Sensor2 | EventType=application | SourceNode=ns=1;s=SensorSource2
[Anomaly Input] [2026-08-11 15:36:37.070 (UTC)] info/application	[Sensor] Updated distance: 47.94461180919065 cm | Severity=75 | SourceName=Sensor3 | EventType=application | SourceNode=ns=1;s=SensorSource3
[Anomaly Input] [2026-08-11 15:36:37.161 (UTC)] info/application	[Sensor] Updated distance: 35.5369502089624 cm | Severity=75 | SourceName=Sensor | EventType=application | SourceNode=ns=1;s=SensorSource
[Anomaly Input] [2026-08-11 15:36:37.161 (UTC)] info/application	[Motor] Received distance: 35.5369502089624 cm | Severity=75 | SourceName=Motor | EventType=application | SourceNode=ns=1;s=MotorSource
[Anomaly Input] [2026-08-11 15:36:37.161 (UTC)] info/application	[Motor] Received distance: 47.94461180919065 cm | Severity=75 | SourceName=Motor3 | EventType=application | SourceNode=ns=1;s=MotorSource3
[Anomaly Input] [2026-08-11 15:36:37.161 (UTC)] info/application	[Motor] Received distance: 22.228428790452156 cm | Severity=75 | SourceName=Motor2 | EventType=application | SourceNode=ns=1;s=MotorSource2
[Anomaly Input] [2026-08-11 15:36:37.161 (UTC)] info/application	[Motor] Distance safe (35.5369502089624); rotating motor to 90 degrees | Severity=75 | SourceName=Motor | EventType=application | SourceNode=ns=1;s=MotorSource
[Anomaly Input] [2026-08-11 15:36:37.161 (UTC)] info/application	[Motor] Distance safe (47.94461180919065); rotating motor to 90 degrees | Severity=75 | SourceName=Motor3 | EventType=application | SourceNode=ns=1;s=MotorSource3
[Anomaly Input] [2026-08-11 15:36:37.161 (UTC)] info/application	[Motor] Distance safe (22.228428790452156); rotating motor to 90 degrees | Severity=75 | SourceName=Motor2 | EventType=application | SourceNode=ns=1;s=MotorSource2
[Anomaly Input] [2026-08-11 15:36:38.072 (UTC)] info/application	[Sensor] Updated distance: 24.014782409190563 cm | Severity=75 | SourceName=Sensor2 | EventType=application | SourceNode=ns=1;s=SensorSource2
[Anomaly Input] [2026-08-11 15:36:38.072 (UTC)] info/application	[Sensor] Updated distance: 9.230581003814274 cm | Severity=75 | SourceName=Sensor3 | EventType=application | SourceNode=ns=1;s=SensorSource3
[Anomaly Input] [2026-08-11 15:36:38.153 (UTC)] info/application	[Sensor] Updated distance: 22.154688069668918 cm | Severity=75 | SourceName=Sensor | EventType=application | SourceNode=ns=1;s=SensorSource
[Anomaly Input] [2026-08-11 15:36:38.153 (UTC)] info/application	[Motor] Received distance: 22.154688069668918 cm | Severity=75 | SourceName=Motor | EventType=application | SourceNode=ns=1;s=MotorSource
[Anomaly Input] [2026-08-11 15:36:38.153 (UTC)] info/application	[Motor] Received distance: 24.014782409190563 cm | Severity=75 | SourceName=Motor2 | EventType=application | SourceNode=ns=1;s=MotorSource2
[Anomaly Input] [2026-08-11 15:36:38.154 (UTC)] info/application	[Motor] Received distance: 9.230581003814274 cm | Severity=75 | SourceName=Motor3 | EventType=application | SourceNode=ns=1;s=MotorSource3
[Anomaly Input] [2026-08-11 15:36:38.153 (UTC)] info/application	[Motor] Distance safe (22.154688069668918); rotating motor to 90 degrees | Severity=75 | SourceName=Motor | EventType=application | SourceNode=ns=1;s=MotorSource
[Anomaly Input] [2026-08-11 15:36:38.154 (UTC)] warn/application	[Motor] Distance too close (9.230581003814274); rotating motor to 0 degrees | Severity=175 | SourceName=Motor3 | EventType=application | SourceNode=ns=1;s=MotorSource3
[Anomaly Input] [2026-08-11 15:36:38.153 (UTC)] info/application	[Motor] Distance safe (24.014782409190563); rotating motor to 90 degrees | Severity=75 | SourceName=Motor2 | EventType=application | SourceNode=ns=1;s=MotorSource2
[Anomaly Input] [2026-08-11 15:36:39.074 (UTC)] info/application	[Sensor] Updated distance: 42.69848536360007 cm | Severity=75 | SourceName=Sensor2 | EventType=application | SourceNode=ns=1;s=SensorSource2
[Anomaly Input] [2026-08-11 15:36:39.074 (UTC)] info/application	[Sensor] Updated distance: 36.304101728975816 cm | Severity=75 | SourceName=Sensor3 | EventType=application | SourceNode=ns=1;s=SensorSource3
[Anomaly Input] [2026-08-11 15:36:39.155 (UTC)] info/application	[Sensor] Updated distance: 40.66849878740892 cm | Severity=75 | SourceName=Sensor | EventType=application | SourceNode=ns=1;s=SensorSource
[Anomaly Input] [2026-08-11 15:36:39.161 (UTC)] info/application	[Motor] Received distance: 40.66849878740892 cm | Severity=75 | SourceName=Motor | EventType=application | SourceNode=ns=1;s=MotorSource
[Anomaly Input] [2026-08-11 15:36:39.161 (UTC)] info/application	[Motor] Received distance: 36.304101728975816 cm | Severity=75 | SourceName=Motor3 | EventType=application | SourceNode=ns=1;s=MotorSource3
[Anomaly Input] [2026-08-11 15:36:39.162 (UTC)] info/application	[Motor] Received distance: 42.69848536360007 cm | Severity=75 | SourceName=Motor2 | EventType=application | SourceNode=ns=1;s=MotorSource2
[Anomaly Input] [2026-08-11 15:36:39.161 (UTC)] info/application	[Motor] Distance safe (40.66849878740892); rotating motor to 90 degrees | Severity=75 | SourceName=Motor | EventType=application | SourceNode=ns=1;s=MotorSource
[Anomaly Input] [2026-08-11 15:36:39.161 (UTC)] info/application	[Motor] Distance safe (36.304101728975816); rotating motor to 90 degrees | Severity=75 | SourceName=Motor3 | EventType=application | SourceNode=ns=1;s=MotorSource3
[Anomaly Input] [2026-08-11 15:36:39.162 (UTC)] info/application	[Motor] Distance safe (42.69848536360007); rotating motor to 90 degrees | Severity=75 | SourceName=Motor2 | EventType=application | SourceNode=ns=1;s=MotorSource2
[Anomaly Input] [2026-08-11 15:36:40.068 (UTC)] info/application	[Sensor] Updated distance: 36.24157139018251 cm | Severity=75 | SourceName=Sensor2 | EventType=application | SourceNode=ns=1;s=SensorSource2
[Anomaly Input] [2026-08-11 15:36:40.078 (UTC)] info/application	[Sensor] Updated distance: 46.142989223889536 cm | Severity=75 | SourceName=Sensor3 | EventType=application | SourceNode=ns=1;s=SensorSource3
[Anomaly Input] [2026-08-11 15:36:40.159 (UTC)] info/application	[Sensor] Updated distance: 27.987435196520497 cm | Severity=75 | SourceName=Sensor | EventType=application | SourceNode=ns=1;s=SensorSource
[Anomaly Input] [2026-08-11 15:36:40.159 (UTC)] info/application	[Motor] Received distance: 46.142989223889536 cm | Severity=75 | SourceName=Motor3 | EventType=application | SourceNode=ns=1;s=MotorSource3
[Anomaly Input] [2026-08-11 15:36:40.159 (UTC)] info/application	[Motor] Received distance: 36.24157139018251 cm | Severity=75 | SourceName=Motor2 | EventType=application | SourceNode=ns=1;s=MotorSource2
[Anomaly Input] [2026-08-11 15:36:40.160 (UTC)] info/application	[Motor] Received distance: 27.987435196520497 cm | Severity=75 | SourceName=Motor | EventType=application | SourceNode=ns=1;s=MotorSource
[Anomaly Input] [2026-08-11 15:36:40.159 (UTC)] info/application	[Motor] Distance safe (46.142989223889536); rotating motor to 90 degrees | Severity=75 | SourceName=Motor3 | EventType=application | SourceNode=ns=1;s=MotorSource3
[Anomaly Input] [2026-08-11 15:36:40.159 (UTC)] info/application	[Motor] Distance safe (36.24157139018251); rotating motor to 90 degrees | Severity=75 | SourceName=Motor2 | EventType=application | SourceNode=ns=1;s=MotorSource2
[Anomaly Input] [2026-08-11 15:36:40.160 (UTC)] info/application	[Motor] Distance safe (27.987435196520497); rotating motor to 90 degrees | Severity=75 | SourceName=Motor | EventType=application | SourceNode=ns=1;s=MotorSource
[Anomaly Input] [2026-08-11 15:36:41.071 (UTC)] info/application	[Sensor] Updated distance: 13.99224202893313 cm | Severity=75 | SourceName=Sensor3 | EventType=application | SourceNode=ns=1;s=SensorSource3
[Anomaly Input] [2026-08-11 15:36:41.071 (UTC)] info/application	[Sensor] Updated distance: 31.821664518593654 cm | Severity=75 | SourceName=Sensor2 | EventType=application | SourceNode=ns=1;s=SensorSource2
[Anomaly Input] [2026-08-11 15:36:41.152 (UTC)] info/application	[Sensor] Updated distance: 4.385131904103389 cm | Severity=75 | SourceName=Sensor | EventType=application | SourceNode=ns=1;s=SensorSource
[Anomaly Input] [2026-08-11 15:36:41.152 (UTC)] info/application	[Motor] Received distance: 4.385131904103389 cm | Severity=75 | SourceName=Motor | EventType=application | SourceNode=ns=1;s=MotorSource
[Anomaly Input] [2026-08-11 15:36:41.152 (UTC)] info/application	[Motor] Received distance: 31.821664518593654 cm | Severity=75 | SourceName=Motor2 | EventType=application | SourceNode=ns=1;s=MotorSource2
[Anomaly Input] [2026-08-11 15:36:41.171 (UTC)] info/application	[Motor] Received distance: 13.99224202893313 cm | Severity=75 | SourceName=Motor3 | EventType=application | SourceNode=ns=1;s=MotorSource3
[Anomaly Input] [2026-08-11 15:36:41.152 (UTC)] warn/application	[Motor] Distance too close (4.385131904103389); rotating motor to 0 degrees | Severity=175 | SourceName=Motor | EventType=application | SourceNode=ns=1;s=MotorSource
[Anomaly Input] [2026-08-11 15:36:41.152 (UTC)] info/application	[Motor] Distance safe (31.821664518593654); rotating motor to 90 degrees | Severity=75 | SourceName=Motor2 | EventType=application | SourceNode=ns=1;s=MotorSource2
[Anomaly Input] [2026-08-11 15:36:41.171 (UTC)] warn/application	[Motor] Distance too close (13.99224202893313); rotating motor to 0 degrees | Severity=175 | SourceName=Motor3 | EventType=application | SourceNode=ns=1;s=MotorSource3
[Anomaly Input] [2026-08-11 15:36:42.074 (UTC)] info/application	[Sensor] Updated distance: 23.46311035261634 cm | Severity=75 | SourceName=Sensor2 | EventType=application | SourceNode=ns=1;s=SensorSource2
[Anomaly Input] [2026-08-11 15:36:42.074 (UTC)] info/application	[Sensor] Updated distance: 44.77741405124655 cm | Severity=75 | SourceName=Sensor3 | EventType=application | SourceNode=ns=1;s=SensorSource3
[Anomaly Input] [2026-08-11 15:36:42.155 (UTC)] info/application	[Sensor] Updated distance: 3.7981782265930333 cm | Severity=75 | SourceName=Sensor | EventType=application | SourceNode=ns=1;s=SensorSource
[Anomaly Input] [2026-08-11 15:36:42.160 (UTC)] info/application	[Motor] Received distance: 3.7981782265930333 cm | Severity=75 | SourceName=Motor | EventType=application | SourceNode=ns=1;s=MotorSource
[Anomaly Input] [2026-08-11 15:36:42.161 (UTC)] info/application	[Motor] Received distance: 44.77741405124655 cm | Severity=75 | SourceName=Motor3 | EventType=application | SourceNode=ns=1;s=MotorSource3
[Anomaly Input] [2026-08-11 15:36:42.162 (UTC)] info/application	[Motor] Received distance: 23.46311035261634 cm | Severity=75 | SourceName=Motor2 | EventType=application | SourceNode=ns=1;s=MotorSource2
[Anomaly Input] [2026-08-11 15:36:42.160 (UTC)] warn/application	[Motor] Distance too close (3.7981782265930333); rotating motor to 0 degrees | Severity=175 | SourceName=Motor | EventType=application | SourceNode=ns=1;s=MotorSource
[Anomaly Input] [2026-08-11 15:36:42.161 (UTC)] info/application	[Motor] Distance safe (44.77741405124655); rotating motor to 90 degrees | Severity=75 | SourceName=Motor3 | EventType=application | SourceNode=ns=1;s=MotorSource3
[Anomaly Input] [2026-08-11 15:36:42.162 (UTC)] info/application	[Motor] Distance safe (23.46311035261634); rotating motor to 90 degrees | Severity=75 | SourceName=Motor2 | EventType=application | SourceNode=ns=1;s=MotorSource2
[Anomaly Input] [2026-08-11 15:36:43.076 (UTC)] info/application	[Sensor] Updated distance: 41.87239250162262 cm | Severity=75 | SourceName=Sensor2 | EventType=application | SourceNode=ns=1;s=SensorSource2
[Anomaly Input] [2026-08-11 15:36:43.076 (UTC)] info/application	[Sensor] Updated distance: 13.979424936687305 cm | Severity=75 | SourceName=Sensor3 | EventType=application | SourceNode=ns=1;s=SensorSource3
[Anomaly Input] [2026-08-11 15:36:43.158 (UTC)] info/application	[Motor] Received distance: 41.87239250162262 cm | Severity=75 | SourceName=Motor2 | EventType=application | SourceNode=ns=1;s=MotorSource2
[Anomaly Input] [2026-08-11 15:36:43.157 (UTC)] info/application	[Sensor] Updated distance: 5.5866999419344125 cm | Severity=75 | SourceName=Sensor | EventType=application | SourceNode=ns=1;s=SensorSource
[Anomaly Input] [2026-08-11 15:36:43.158 (UTC)] info/application	[Motor] Received distance: 13.979424936687305 cm | Severity=75 | SourceName=Motor3 | EventType=application | SourceNode=ns=1;s=MotorSource3
[Anomaly Input] [2026-08-11 15:36:43.158 (UTC)] info/application	[Motor] Received distance: 5.5866999419344125 cm | Severity=75 | SourceName=Motor | EventType=application | SourceNode=ns=1;s=MotorSource
[Anomaly Input] [2026-08-11 15:36:43.158 (UTC)] info/application	[Motor] Distance safe (41.87239250162262); rotating motor to 90 degrees | Severity=75 | SourceName=Motor2 | EventType=application | SourceNode=ns=1;s=MotorSource2
[Anomaly Input] [2026-08-11 15:36:43.158 (UTC)] warn/application	[Motor] Distance too close (13.979424936687305); rotating motor to 0 degrees | Severity=175 | SourceName=Motor3 | EventType=application | SourceNode=ns=1;s=MotorSource3
[Anomaly Input] [2026-08-11 15:36:43.158 (UTC)] warn/application	[Motor] Distance too close (5.5866999419344125); rotating motor to 0 degrees | Severity=175 | SourceName=Motor | EventType=application | SourceNode=ns=1;s=MotorSource
[Anomaly Input] [2026-08-11 15:36:44.069 (UTC)] info/application	[Sensor] Updated distance: 30.076449526509478 cm | Severity=75 | SourceName=Sensor2 | EventType=application | SourceNode=ns=1;s=SensorSource2
[Anomaly Input] [2026-08-11 15:36:44.079 (UTC)] info/application	[Sensor] Updated distance: 8.63203848462181 cm | Severity=75 | SourceName=Sensor3 | EventType=application | SourceNode=ns=1;s=SensorSource3
[Anomaly Input] [2026-08-11 15:36:44.160 (UTC)] info/application	[Sensor] Updated distance: 24.31117819543517 cm | Severity=75 | SourceName=Sensor | EventType=application | SourceNode=ns=1;s=SensorSource
[Anomaly Input] [2026-08-11 15:36:44.161 (UTC)] info/application	[Motor] Received distance: 24.31117819543517 cm | Severity=75 | SourceName=Motor | EventType=application | SourceNode=ns=1;s=MotorSource
[Anomaly Input] [2026-08-11 15:36:44.161 (UTC)] info/application	[Motor] Received distance: 8.63203848462181 cm | Severity=75 | SourceName=Motor3 | EventType=application | SourceNode=ns=1;s=MotorSource3
[Anomaly Input] [2026-08-11 15:36:44.162 (UTC)] info/application	[Motor] Received distance: 30.076449526509478 cm | Severity=75 | SourceName=Motor2 | EventType=application | SourceNode=ns=1;s=MotorSource2
[Anomaly Input] [2026-08-11 15:36:44.161 (UTC)] warn/application	[Motor] Distance too close (8.63203848462181); rotating motor to 0 degrees | Severity=175 | SourceName=Motor3 | EventType=application | SourceNode=ns=1;s=MotorSource3
[Anomaly Input] [2026-08-11 15:36:44.161 (UTC)] info/application	[Motor] Distance safe (24.31117819543517); rotating motor to 90 degrees | Severity=75 | SourceName=Motor | EventType=application | SourceNode=ns=1;s=MotorSource
[Anomaly Input] [2026-08-11 15:36:44.162 (UTC)] info/application	[Motor] Distance safe (30.076449526509478); rotating motor to 90 degrees | Severity=75 | SourceName=Motor2 | EventType=application | SourceNode=ns=1;s=MotorSource2
[Anomaly Input] [2026-08-11 15:36:45.071 (UTC)] info/application	[Sensor] Updated distance: 45.660739173954696 cm | Severity=75 | SourceName=Sensor3 | EventType=application | SourceNode=ns=1;s=SensorSource3
[Anomaly Input] [2026-08-11 15:36:45.071 (UTC)] info/application	[Sensor] Updated distance: 33.868971459506525 cm | Severity=75 | SourceName=Sensor2 | EventType=application | SourceNode=ns=1;s=SensorSource2
[Anomaly Input] [2026-08-11 15:36:45.152 (UTC)] info/application	[Sensor] Updated distance: 5.995617100966916 cm | Severity=75 | SourceName=Sensor | EventType=application | SourceNode=ns=1;s=SensorSource
[Anomaly Input] [2026-08-11 15:36:45.153 (UTC)] info/application	[Motor] Received distance: 5.995617100966916 cm | Severity=75 | SourceName=Motor | EventType=application | SourceNode=ns=1;s=MotorSource
[Anomaly Input] [2026-08-11 15:36:45.153 (UTC)] info/application	[Motor] Received distance: 33.868971459506525 cm | Severity=75 | SourceName=Motor2 | EventType=application | SourceNode=ns=1;s=MotorSource2
[Anomaly Input] [2026-08-11 15:36:45.153 (UTC)] info/application	[Motor] Received distance: 45.660739173954696 cm | Severity=75 | SourceName=Motor3 | EventType=application | SourceNode=ns=1;s=MotorSource3
[Anomaly Input] [2026-08-11 15:36:45.153 (UTC)] warn/application	[Motor] Distance too close (5.995617100966916); rotating motor to 0 degrees | Severity=175 | SourceName=Motor | EventType=application | SourceNode=ns=1;s=MotorSource
[Anomaly Input] [2026-08-11 15:36:45.153 (UTC)] info/application	[Motor] Distance safe (33.868971459506525); rotating motor to 90 degrees | Severity=75 | SourceName=Motor2 | EventType=application | SourceNode=ns=1;s=MotorSource2
[Anomaly Input] [2026-08-11 15:36:45.153 (UTC)] info/application	[Motor] Distance safe (45.660739173954696); rotating motor to 90 degrees | Severity=75 | SourceName=Motor3 | EventType=application | SourceNode=ns=1;s=MotorSource3
[Anomaly Input] [2026-08-11 15:36:46.074 (UTC)] info/application	[Sensor] Updated distance: 12.483543423229616 cm | Severity=75 | SourceName=Sensor2 | EventType=application | SourceNode=ns=1;s=SensorSource2
[Anomaly Input] [2026-08-11 15:36:46.074 (UTC)] info/application	[Sensor] Updated distance: 19.550455697602803 cm | Severity=75 | SourceName=Sensor3 | EventType=application | SourceNode=ns=1;s=SensorSource3
[Anomaly Input] [2026-08-11 15:36:46.155 (UTC)] info/application	[Sensor] Updated distance: 2.1435306594444117 cm | Severity=75 | SourceName=Sensor | EventType=application | SourceNode=ns=1;s=SensorSource
[Anomaly Input] [2026-08-11 15:36:46.160 (UTC)] info/application	[Motor] Received distance: 2.1435306594444117 cm | Severity=75 | SourceName=Motor | EventType=application | SourceNode=ns=1;s=MotorSource
[Anomaly Input] [2026-08-11 15:36:46.162 (UTC)] info/application	[Motor] Received distance: 19.550455697602803 cm | Severity=75 | SourceName=Motor3 | EventType=application | SourceNode=ns=1;s=MotorSource3
[Anomaly Input] [2026-08-11 15:36:46.162 (UTC)] info/application	[Motor] Received distance: 12.483543423229616 cm | Severity=75 | SourceName=Motor2 | EventType=application | SourceNode=ns=1;s=MotorSource2
[Anomaly Input] [2026-08-11 15:36:46.160 (UTC)] warn/application	[Motor] Distance too close (2.1435306594444117); rotating motor to 0 degrees | Severity=175 | SourceName=Motor | EventType=application | SourceNode=ns=1;s=MotorSource
[Anomaly Input] [2026-08-11 15:36:46.162 (UTC)] warn/application	[Motor] Distance too close (19.550455697602803); rotating motor to 0 degrees | Severity=175 | SourceName=Motor3 | EventType=application | SourceNode=ns=1;s=MotorSource3
[Anomaly Input] [2026-08-11 15:36:46.162 (UTC)] warn/application	[Motor] Distance too close (12.483543423229616); rotating motor to 0 degrees | Severity=175 | SourceName=Motor2 | EventType=application | SourceNode=ns=1;s=MotorSource2
[Anomaly Input] [2026-08-11 15:36:47.077 (UTC)] info/application	[Sensor] Updated distance: 5.461375737311959 cm | Severity=75 | SourceName=Sensor2 | EventType=application | SourceNode=ns=1;s=SensorSource2
[Anomaly Input] [2026-08-11 15:36:47.077 (UTC)] info/application	[Sensor] Updated distance: 9.780666712569383 cm | Severity=75 | SourceName=Sensor3 | EventType=application | SourceNode=ns=1;s=SensorSource3
[Anomaly Input] [2026-08-11 15:36:47.158 (UTC)] info/application	[Motor] Received distance: 9.780666712569383 cm | Severity=75 | SourceName=Motor3 | EventType=application | SourceNode=ns=1;s=MotorSource3
[Anomaly Input] [2026-08-11 15:36:47.158 (UTC)] info/application	[Sensor] Updated distance: 32.582739494081 cm | Severity=75 | SourceName=Sensor | EventType=application | SourceNode=ns=1;s=SensorSource
[Anomaly Input] [2026-08-11 15:36:47.158 (UTC)] info/application	[Motor] Received distance: 5.461375737311959 cm | Severity=75 | SourceName=Motor2 | EventType=application | SourceNode=ns=1;s=MotorSource2
[Anomaly Input] [2026-08-11 15:36:47.158 (UTC)] info/application	[Motor] Received distance: 32.582739494081 cm | Severity=75 | SourceName=Motor | EventType=application | SourceNode=ns=1;s=MotorSource
[Anomaly Input] [2026-08-11 15:36:47.158 (UTC)] warn/application	[Motor] Distance too close (9.780666712569383); rotating motor to 0 degrees | Severity=175 | SourceName=Motor3 | EventType=application | SourceNode=ns=1;s=MotorSource3
[Anomaly Input] [2026-08-11 15:36:47.158 (UTC)] warn/application	[Motor] Distance too close (5.461375737311959); rotating motor to 0 degrees | Severity=175 | SourceName=Motor2 | EventType=application | SourceNode=ns=1;s=MotorSource2
[Anomaly Input] [2026-08-11 15:36:47.158 (UTC)] info/application	[Motor] Distance safe (32.582739494081); rotating motor to 90 degrees | Severity=75 | SourceName=Motor | EventType=application | SourceNode=ns=1;s=MotorSource
[Anomaly Input] [2026-08-11 15:36:48.069 (UTC)] info/application	[Sensor] Updated distance: 21.96978800183618 cm | Severity=75 | SourceName=Sensor2 | EventType=application | SourceNode=ns=1;s=SensorSource2
[Anomaly Input] [2026-08-11 15:36:48.079 (UTC)] info/application	[Sensor] Updated distance: 33.43452847722663 cm | Severity=75 | SourceName=Sensor3 | EventType=application | SourceNode=ns=1;s=SensorSource3
[Anomaly Input] [2026-08-11 15:36:48.160 (UTC)] info/application	[Sensor] Updated distance: 4.0074757123400815 cm | Severity=75 | SourceName=Sensor | EventType=application | SourceNode=ns=1;s=SensorSource
[Anomaly Input] [2026-08-11 15:36:48.162 (UTC)] info/application	[Motor] Received distance: 21.96978800183618 cm | Severity=75 | SourceName=Motor2 | EventType=application | SourceNode=ns=1;s=MotorSource2
[Anomaly Input] [2026-08-11 15:36:48.162 (UTC)] info/application	[Motor] Received distance: 33.43452847722663 cm | Severity=75 | SourceName=Motor3 | EventType=application | SourceNode=ns=1;s=MotorSource3
[Anomaly Input] [2026-08-11 15:36:48.170 (UTC)] info/application	[Motor] Received distance: 4.0074757123400815 cm | Severity=75 | SourceName=Motor | EventType=application | SourceNode=ns=1;s=MotorSource
[Anomaly Input] [2026-08-11 15:36:48.162 (UTC)] info/application	[Motor] Distance safe (21.96978800183618); rotating motor to 90 degrees | Severity=75 | SourceName=Motor2 | EventType=application | SourceNode=ns=1;s=MotorSource2
[Anomaly Input] [2026-08-11 15:36:48.162 (UTC)] info/application	[Motor] Distance safe (33.43452847722663); rotating motor to 90 degrees | Severity=75 | SourceName=Motor3 | EventType=application | SourceNode=ns=1;s=MotorSource3
[Anomaly Input] [2026-08-11 15:36:48.170 (UTC)] warn/application	[Motor] Distance too close (4.0074757123400815); rotating motor to 0 degrees | Severity=175 | SourceName=Motor | EventType=application | SourceNode=ns=1;s=MotorSource
[Anomaly Input] [2026-08-11 15:36:49.072 (UTC)] info/application	[Sensor] Updated distance: 5.445099936539819 cm | Severity=75 | SourceName=Sensor2 | EventType=application | SourceNode=ns=1;s=SensorSource2
[Anomaly Input] [2026-08-11 15:36:49.072 (UTC)] info/application	[Sensor] Updated distance: 20.025379383017018 cm | Severity=75 | SourceName=Sensor3 | EventType=application | SourceNode=ns=1;s=SensorSource3
[Anomaly Input] [2026-08-11 15:36:49.153 (UTC)] info/application	[Sensor] Updated distance: 39.29574497290689 cm | Severity=75 | SourceName=Sensor | EventType=application | SourceNode=ns=1;s=SensorSource
[Anomaly Input] [2026-08-11 15:36:49.153 (UTC)] info/application	[Motor] Received distance: 5.445099936539819 cm | Severity=75 | SourceName=Motor2 | EventType=application | SourceNode=ns=1;s=MotorSource2
[Anomaly Input] [2026-08-11 15:36:49.153 (UTC)] info/application	[Motor] Received distance: 20.025379383017018 cm | Severity=75 | SourceName=Motor3 | EventType=application | SourceNode=ns=1;s=MotorSource3
[Anomaly Input] [2026-08-11 15:36:49.160 (UTC)] info/application	[Motor] Received distance: 39.29574497290689 cm | Severity=75 | SourceName=Motor | EventType=application | SourceNode=ns=1;s=MotorSource
[Anomaly Input] [2026-08-11 15:36:49.153 (UTC)] warn/application	[Motor] Distance too close (5.445099936539819); rotating motor to 0 degrees | Severity=175 | SourceName=Motor2 | EventType=application | SourceNode=ns=1;s=MotorSource2
[Anomaly Input] [2026-08-11 15:36:49.153 (UTC)] info/application	[Motor] Distance safe (20.025379383017018); rotating motor to 90 degrees | Severity=75 | SourceName=Motor3 | EventType=application | SourceNode=ns=1;s=MotorSource3
[Anomaly Input] [2026-08-11 15:36:49.160 (UTC)] info/application	[Motor] Distance safe (39.29574497290689); rotating motor to 90 degrees | Severity=75 | SourceName=Motor | EventType=application | SourceNode=ns=1;s=MotorSource
[Anomaly Input] [2026-08-11 15:36:50.073 (UTC)] info/application	[Sensor] Updated distance: 28.08796289287878 cm | Severity=75 | SourceName=Sensor3 | EventType=application | SourceNode=ns=1;s=SensorSource3
[Anomaly Input] [2026-08-11 15:36:50.073 (UTC)] info/application	[Sensor] Updated distance: 22.33705796503325 cm | Severity=75 | SourceName=Sensor2 | EventType=application | SourceNode=ns=1;s=SensorSource2
[Anomaly Input] [2026-08-11 15:36:50.154 (UTC)] info/application	[Sensor] Updated distance: 42.795534056050485 cm | Severity=75 | SourceName=Sensor | EventType=application | SourceNode=ns=1;s=SensorSource
[Anomaly Input] [2026-08-11 15:36:50.161 (UTC)] info/application	[Motor] Received distance: 22.33705796503325 cm | Severity=75 | SourceName=Motor2 | EventType=application | SourceNode=ns=1;s=MotorSource2
[Anomaly Input] [2026-08-11 15:36:50.161 (UTC)] info/application	[Motor] Received distance: 42.795534056050485 cm | Severity=75 | SourceName=Motor | EventType=application | SourceNode=ns=1;s=MotorSource
[Anomaly Input] [2026-08-11 15:36:50.161 (UTC)] info/application	[Motor] Received distance: 28.08796289287878 cm | Severity=75 | SourceName=Motor3 | EventType=application | SourceNode=ns=1;s=MotorSource3
[Anomaly Input] [2026-08-11 15:36:50.161 (UTC)] info/application	[Motor] Distance safe (22.33705796503325); rotating motor to 90 degrees | Severity=75 | SourceName=Motor2 | EventType=application | SourceNode=ns=1;s=MotorSource2
[Anomaly Input] [2026-08-11 15:36:50.161 (UTC)] info/application	[Motor] Distance safe (42.795534056050485); rotating motor to 90 degrees | Severity=75 | SourceName=Motor | EventType=application | SourceNode=ns=1;s=MotorSource
[Anomaly Input] [2026-08-11 15:36:50.161 (UTC)] info/application	[Motor] Distance safe (28.08796289287878); rotating motor to 90 degrees | Severity=75 | SourceName=Motor3 | EventType=application | SourceNode=ns=1;s=MotorSource3
[Anomaly Input] [2026-08-11 15:36:51.074 (UTC)] info/application	[Sensor] Updated distance: 49.291325285700765 cm | Severity=75 | SourceName=Sensor3 | EventType=application | SourceNode=ns=1;s=SensorSource3
[Anomaly Input] [2026-08-11 15:36:51.074 (UTC)] info/application	[Sensor] Updated distance: 34.870089590954635 cm | Severity=75 | SourceName=Sensor2 | EventType=application | SourceNode=ns=1;s=SensorSource2
[Anomaly Input] [2026-08-11 15:36:51.155 (UTC)] info/application	[Sensor] Updated distance: 43.921703343243195 cm | Severity=75 | SourceName=Sensor | EventType=application | SourceNode=ns=1;s=SensorSource
[Anomaly Input] [2026-08-11 15:36:51.155 (UTC)] info/application	[Motor] Received distance: 43.921703343243195 cm | Severity=75 | SourceName=Motor | EventType=application | SourceNode=ns=1;s=MotorSource
[Anomaly Input] [2026-08-11 15:36:51.155 (UTC)] info/application	[Motor] Received distance: 49.291325285700765 cm | Severity=75 | SourceName=Motor3 | EventType=application | SourceNode=ns=1;s=MotorSource3
[Anomaly Input] [2026-08-11 15:36:51.155 (UTC)] info/application	[Motor] Received distance: 34.870089590954635 cm | Severity=75 | SourceName=Motor2 | EventType=application | SourceNode=ns=1;s=MotorSource2
[Anomaly Input] [2026-08-11 15:36:51.155 (UTC)] info/application	[Motor] Distance safe (43.921703343243195); rotating motor to 90 degrees | Severity=75 | SourceName=Motor | EventType=application | SourceNode=ns=1;s=MotorSource
[Anomaly Input] [2026-08-11 15:36:51.155 (UTC)] info/application	[Motor] Distance safe (49.291325285700765); rotating motor to 90 degrees | Severity=75 | SourceName=Motor3 | EventType=application | SourceNode=ns=1;s=MotorSource3
[Anomaly Input] [2026-08-11 15:36:51.155 (UTC)] info/application	[Motor] Distance safe (34.870089590954635); rotating motor to 90 degrees | Severity=75 | SourceName=Motor2 | EventType=application | SourceNode=ns=1;s=MotorSource2
[Anomaly Input] [2026-08-11 15:36:52.076 (UTC)] info/application	[Sensor] Updated distance: 7.949342886893704 cm | Severity=75 | SourceName=Sensor2 | EventType=application | SourceNode=ns=1;s=SensorSource2
[Anomaly Input] [2026-08-11 15:36:52.076 (UTC)] info/application	[Sensor] Updated distance: 6.631995285224167 cm | Severity=75 | SourceName=Sensor3 | EventType=application | SourceNode=ns=1;s=SensorSource3
[Anomaly Input] [2026-08-11 15:36:52.157 (UTC)] info/application	[Sensor] Updated distance: 26.07202465463058 cm | Severity=75 | SourceName=Sensor | EventType=application | SourceNode=ns=1;s=SensorSource
[Anomaly Input] [2026-08-11 15:36:52.160 (UTC)] info/application	[Motor] Received distance: 26.07202465463058 cm | Severity=75 | SourceName=Motor | EventType=application | SourceNode=ns=1;s=MotorSource
[Anomaly Input] [2026-08-11 15:36:52.161 (UTC)] info/application	[Motor] Received distance: 6.631995285224167 cm | Severity=75 | SourceName=Motor3 | EventType=application | SourceNode=ns=1;s=MotorSource3
[Anomaly Input] [2026-08-11 15:36:52.162 (UTC)] info/application	[Motor] Received distance: 7.949342886893704 cm | Severity=75 | SourceName=Motor2 | EventType=application | SourceNode=ns=1;s=MotorSource2
[Anomaly Input] [2026-08-11 15:36:52.160 (UTC)] info/application	[Motor] Distance safe (26.07202465463058); rotating motor to 90 degrees | Severity=75 | SourceName=Motor | EventType=application | SourceNode=ns=1;s=MotorSource
[Anomaly Input] [2026-08-11 15:36:52.161 (UTC)] warn/application	[Motor] Distance too close (6.631995285224167); rotating motor to 0 degrees | Severity=175 | SourceName=Motor3 | EventType=application | SourceNode=ns=1;s=MotorSource3
[Anomaly Input] [2026-08-11 15:36:52.162 (UTC)] warn/application	[Motor] Distance too close (7.949342886893704); rotating motor to 0 degrees | Severity=175 | SourceName=Motor2 | EventType=application | SourceNode=ns=1;s=MotorSource2
[Anomaly Input] [2026-08-11 15:36:53.068 (UTC)] info/application	[Sensor] Updated distance: 6.339412281447748 cm | Severity=75 | SourceName=Sensor2 | EventType=application | SourceNode=ns=1;s=SensorSource2
[Anomaly Input] [2026-08-11 15:36:53.078 (UTC)] info/application	[Sensor] Updated distance: 10.940932799568834 cm | Severity=75 | SourceName=Sensor3 | EventType=application | SourceNode=ns=1;s=SensorSource3
[Anomaly Input] [2026-08-11 15:36:53.159 (UTC)] info/application	[Sensor] Updated distance: 14.135392373490795 cm | Severity=75 | SourceName=Sensor | EventType=application | SourceNode=ns=1;s=SensorSource
[Anomaly Input] [2026-08-11 15:36:53.159 (UTC)] info/application	[Motor] Received distance: 6.339412281447748 cm | Severity=75 | SourceName=Motor2 | EventType=application | SourceNode=ns=1;s=MotorSource2
[Anomaly Input] [2026-08-11 15:36:53.159 (UTC)] info/application	[Motor] Received distance: 14.135392373490795 cm | Severity=75 | SourceName=Motor | EventType=application | SourceNode=ns=1;s=MotorSource
[Anomaly Input] [2026-08-11 15:36:53.163 (UTC)] info/application	[Motor] Received distance: 10.940932799568834 cm | Severity=75 | SourceName=Motor3 | EventType=application | SourceNode=ns=1;s=MotorSource3
[Anomaly Input] [2026-08-11 15:36:53.159 (UTC)] warn/application	[Motor] Distance too close (6.339412281447748); rotating motor to 0 degrees | Severity=175 | SourceName=Motor2 | EventType=application | SourceNode=ns=1;s=MotorSource2
[Anomaly Input] [2026-08-11 15:36:53.159 (UTC)] warn/application	[Motor] Distance too close (14.135392373490795); rotating motor to 0 degrees | Severity=175 | SourceName=Motor | EventType=application | SourceNode=ns=1;s=MotorSource
[Anomaly Input] [2026-08-11 15:36:53.163 (UTC)] warn/application	[Motor] Distance too close (10.940932799568834); rotating motor to 0 degrees | Severity=175 | SourceName=Motor3 | EventType=application | SourceNode=ns=1;s=MotorSource3
[Anomaly Input] [2026-08-11 15:36:54.068 (UTC)] info/application	[Sensor] Updated distance: 8.094354215121992 cm | Severity=75 | SourceName=Sensor2 | EventType=application | SourceNode=ns=1;s=SensorSource2
[Anomaly Input] [2026-08-11 15:36:54.079 (UTC)] info/application	[Sensor] Updated distance: 13.662721944815814 cm | Severity=75 | SourceName=Sensor3 | EventType=application | SourceNode=ns=1;s=SensorSource3
[Anomaly Input] [2026-08-11 15:36:54.159 (UTC)] info/application	[Sensor] Updated distance: 29.644278576431923 cm | Severity=75 | SourceName=Sensor | EventType=application | SourceNode=ns=1;s=SensorSource
[Anomaly Input] [2026-08-11 15:36:54.160 (UTC)] info/application	[Motor] Received distance: 13.662721944815814 cm | Severity=75 | SourceName=Motor3 | EventType=application | SourceNode=ns=1;s=MotorSource3
[Anomaly Input] [2026-08-11 15:36:54.161 (UTC)] info/application	[Motor] Received distance: 29.644278576431923 cm | Severity=75 | SourceName=Motor | EventType=application | SourceNode=ns=1;s=MotorSource
[Anomaly Input] [2026-08-11 15:36:54.162 (UTC)] info/application	[Motor] Received distance: 8.094354215121992 cm | Severity=75 | SourceName=Motor2 | EventType=application | SourceNode=ns=1;s=MotorSource2
[Anomaly Input] [2026-08-11 15:36:54.160 (UTC)] warn/application	[Motor] Distance too close (13.662721944815814); rotating motor to 0 degrees | Severity=175 | SourceName=Motor3 | EventType=application | SourceNode=ns=1;s=MotorSource3
[Anomaly Input] [2026-08-11 15:36:54.161 (UTC)] info/application	[Motor] Distance safe (29.644278576431923); rotating motor to 90 degrees | Severity=75 | SourceName=Motor | EventType=application | SourceNode=ns=1;s=MotorSource
[Anomaly Input] [2026-08-11 15:36:54.162 (UTC)] warn/application	[Motor] Distance too close (8.094354215121992); rotating motor to 0 degrees | Severity=175 | SourceName=Motor2 | EventType=application | SourceNode=ns=1;s=MotorSource2
[Anomaly Input] [2026-08-11 15:36:55.071 (UTC)] info/application	[Sensor] Updated distance: 9.240534659121433 cm | Severity=75 | SourceName=Sensor2 | EventType=application | SourceNode=ns=1;s=SensorSource2
[Anomaly Input] [2026-08-11 15:36:55.071 (UTC)] info/application	[Sensor] Updated distance: 29.303532665271092 cm | Severity=75 | SourceName=Sensor3 | EventType=application | SourceNode=ns=1;s=SensorSource3
[Anomaly Input] [2026-08-11 15:36:55.152 (UTC)] info/application	[Sensor] Updated distance: 9.10355035546401 cm | Severity=75 | SourceName=Sensor | EventType=application | SourceNode=ns=1;s=SensorSource
[Anomaly Input] [2026-08-11 15:36:55.152 (UTC)] info/application	[Motor] Received distance: 29.303532665271092 cm | Severity=75 | SourceName=Motor3 | EventType=application | SourceNode=ns=1;s=MotorSource3
[Anomaly Input] [2026-08-11 15:36:55.152 (UTC)] info/application	[Motor] Received distance: 9.10355035546401 cm | Severity=75 | SourceName=Motor | EventType=application | SourceNode=ns=1;s=MotorSource
[Anomaly Input] [2026-08-11 15:36:55.171 (UTC)] info/application	[Motor] Received distance: 9.240534659121433 cm | Severity=75 | SourceName=Motor2 | EventType=application | SourceNode=ns=1;s=MotorSource2
[Anomaly Input] [2026-08-11 15:36:55.152 (UTC)] info/application	[Motor] Distance safe (29.303532665271092); rotating motor to 90 degrees | Severity=75 | SourceName=Motor3 | EventType=application | SourceNode=ns=1;s=MotorSource3
[Anomaly Input] [2026-08-11 15:36:55.152 (UTC)] warn/application	[Motor] Distance too close (9.10355035546401); rotating motor to 0 degrees | Severity=175 | SourceName=Motor | EventType=application | SourceNode=ns=1;s=MotorSource
[Anomaly Input] [2026-08-11 15:36:55.171 (UTC)] warn/application	[Motor] Distance too close (9.240534659121433); rotating motor to 0 degrees | Severity=175 | SourceName=Motor2 | EventType=application | SourceNode=ns=1;s=MotorSource2
[Anomaly Input] [2026-08-11 15:36:56.072 (UTC)] info/application	[Sensor] Updated distance: 29.873056163952246 cm | Severity=75 | SourceName=Sensor2 | EventType=application | SourceNode=ns=1;s=SensorSource2
[Anomaly Input] [2026-08-11 15:36:56.072 (UTC)] info/application	[Sensor] Updated distance: 15.904584593095157 cm | Severity=75 | SourceName=Sensor3 | EventType=application | SourceNode=ns=1;s=SensorSource3
[Anomaly Input] [2026-08-11 15:36:56.153 (UTC)] info/application	[Sensor] Updated distance: 43.19140305053042 cm | Severity=75 | SourceName=Sensor | EventType=application | SourceNode=ns=1;s=SensorSource
[Anomaly Input] [2026-08-11 15:36:56.160 (UTC)] info/application	[Motor] Received distance: 43.19140305053042 cm | Severity=75 | SourceName=Motor | EventType=application | SourceNode=ns=1;s=MotorSource
[Anomaly Input] [2026-08-11 15:36:56.161 (UTC)] info/application	[Motor] Received distance: 29.873056163952246 cm | Severity=75 | SourceName=Motor2 | EventType=application | SourceNode=ns=1;s=MotorSource2
[Anomaly Input] [2026-08-11 15:36:56.161 (UTC)] info/application	[Motor] Received distance: 15.904584593095157 cm | Severity=75 | SourceName=Motor3 | EventType=application | SourceNode=ns=1;s=MotorSource3
[Anomaly Input] [2026-08-11 15:36:56.160 (UTC)] info/application	[Motor] Distance safe (43.19140305053042); rotating motor to 90 degrees | Severity=75 | SourceName=Motor | EventType=application | SourceNode=ns=1;s=MotorSource
[Anomaly Input] [2026-08-11 15:36:56.161 (UTC)] warn/application	[Motor] Distance too close (15.904584593095157); rotating motor to 0 degrees | Severity=175 | SourceName=Motor3 | EventType=application | SourceNode=ns=1;s=MotorSource3
[Anomaly Input] [2026-08-11 15:36:56.161 (UTC)] info/application	[Motor] Distance safe (29.873056163952246); rotating motor to 90 degrees | Severity=75 | SourceName=Motor2 | EventType=application | SourceNode=ns=1;s=MotorSource2
[Anomaly Input] [2026-08-11 15:36:57.074 (UTC)] info/application	[Sensor] Updated distance: 26.36447310092136 cm | Severity=75 | SourceName=Sensor2 | EventType=application | SourceNode=ns=1;s=SensorSource2
[Anomaly Input] [2026-08-11 15:36:57.074 (UTC)] info/application	[Sensor] Updated distance: 29.54610934646153 cm | Severity=75 | SourceName=Sensor3 | EventType=application | SourceNode=ns=1;s=SensorSource3
[Anomaly Input] [2026-08-11 15:36:57.155 (UTC)] info/application	[Sensor] Updated distance: 24.44628191294441 cm | Severity=75 | SourceName=Sensor | EventType=application | SourceNode=ns=1;s=SensorSource
[Anomaly Input] [2026-08-11 15:36:57.155 (UTC)] info/application	[Motor] Received distance: 24.44628191294441 cm | Severity=75 | SourceName=Motor | EventType=application | SourceNode=ns=1;s=MotorSource
[Anomaly Input] [2026-08-11 15:36:57.163 (UTC)] info/application	[Motor] Received distance: 26.36447310092136 cm | Severity=75 | SourceName=Motor2 | EventType=application | SourceNode=ns=1;s=MotorSource2
[Anomaly Input] [2026-08-11 15:36:57.163 (UTC)] info/application	[Motor] Received distance: 29.54610934646153 cm | Severity=75 | SourceName=Motor3 | EventType=application | SourceNode=ns=1;s=MotorSource3
[Anomaly Input] [2026-08-11 15:36:57.155 (UTC)] info/application	[Motor] Distance safe (24.44628191294441); rotating motor to 90 degrees | Severity=75 | SourceName=Motor | EventType=application | SourceNode=ns=1;s=MotorSource
[Anomaly Input] [2026-08-11 15:36:57.163 (UTC)] info/application	[Motor] Distance safe (26.36447310092136); rotating motor to 90 degrees | Severity=75 | SourceName=Motor2 | EventType=application | SourceNode=ns=1;s=MotorSource2
[Anomaly Input] [2026-08-11 15:36:57.163 (UTC)] info/application	[Motor] Distance safe (29.54610934646153); rotating motor to 90 degrees | Severity=75 | SourceName=Motor3 | EventType=application | SourceNode=ns=1;s=MotorSource3
[Anomaly Input] [2026-08-11 15:36:58.076 (UTC)] info/application	[Sensor] Updated distance: 31.059531635166856 cm | Severity=75 | SourceName=Sensor2 | EventType=application | SourceNode=ns=1;s=SensorSource2
[Anomaly Input] [2026-08-11 15:36:58.076 (UTC)] info/application	[Sensor] Updated distance: 17.74047724890545 cm | Severity=75 | SourceName=Sensor3 | EventType=application | SourceNode=ns=1;s=SensorSource3
[Anomaly Input] [2026-08-11 15:36:58.156 (UTC)] info/application	[Sensor] Updated distance: 30.85261626395053 cm | Severity=75 | SourceName=Sensor | EventType=application | SourceNode=ns=1;s=SensorSource
[Anomaly Input] [2026-08-11 15:36:58.157 (UTC)] info/application	[Motor] Received distance: 31.059531635166856 cm | Severity=75 | SourceName=Motor2 | EventType=application | SourceNode=ns=1;s=MotorSource2
[Anomaly Input] [2026-08-11 15:36:58.157 (UTC)] info/application	[Motor] Received distance: 17.74047724890545 cm | Severity=75 | SourceName=Motor3 | EventType=application | SourceNode=ns=1;s=MotorSource3
[Anomaly Input] [2026-08-11 15:36:58.160 (UTC)] info/application	[Motor] Received distance: 30.85261626395053 cm | Severity=75 | SourceName=Motor | EventType=application | SourceNode=ns=1;s=MotorSource
[Anomaly Input] [2026-08-11 15:36:58.157 (UTC)] warn/application	[Motor] Distance too close (17.74047724890545); rotating motor to 0 degrees | Severity=175 | SourceName=Motor3 | EventType=application | SourceNode=ns=1;s=MotorSource3
[Anomaly Input] [2026-08-11 15:36:58.157 (UTC)] info/application	[Motor] Distance safe (31.059531635166856); rotating motor to 90 degrees | Severity=75 | SourceName=Motor2 | EventType=application | SourceNode=ns=1;s=MotorSource2
[Anomaly Input] [2026-08-11 15:36:58.160 (UTC)] info/application	[Motor] Distance safe (30.85261626395053); rotating motor to 90 degrees | Severity=75 | SourceName=Motor | EventType=application | SourceNode=ns=1;s=MotorSource
[Anomaly Input] [2026-08-11 15:36:59.077 (UTC)] info/application	[Sensor] Updated distance: 21.639363342728167 cm | Severity=75 | SourceName=Sensor3 | EventType=application | SourceNode=ns=1;s=SensorSource3
[Anomaly Input] [2026-08-11 15:36:59.077 (UTC)] info/application	[Sensor] Updated distance: 7.746830272370405 cm | Severity=75 | SourceName=Sensor2 | EventType=application | SourceNode=ns=1;s=SensorSource2
[Anomaly Input] [2026-08-11 15:36:59.158 (UTC)] info/application	[Sensor] Updated distance: 27.783868496205596 cm | Severity=75 | SourceName=Sensor | EventType=application | SourceNode=ns=1;s=SensorSource
[Anomaly Input] [2026-08-11 15:36:59.158 (UTC)] info/application	[Motor] Received distance: 27.783868496205596 cm | Severity=75 | SourceName=Motor | EventType=application | SourceNode=ns=1;s=MotorSource
[Anomaly Input] [2026-08-11 15:36:59.162 (UTC)] info/application	[Motor] Received distance: 21.639363342728167 cm | Severity=75 | SourceName=Motor3 | EventType=application | SourceNode=ns=1;s=MotorSource3
[Anomaly Input] [2026-08-11 15:36:59.162 (UTC)] info/application	[Motor] Received distance: 7.746830272370405 cm | Severity=75 | SourceName=Motor2 | EventType=application | SourceNode=ns=1;s=MotorSource2
[Anomaly Input] [2026-08-11 15:36:59.158 (UTC)] info/application	[Motor] Distance safe (27.783868496205596); rotating motor to 90 degrees | Severity=75 | SourceName=Motor | EventType=application | SourceNode=ns=1;s=MotorSource
[Anomaly Input] [2026-08-11 15:36:59.162 (UTC)] info/application	[Motor] Distance safe (21.639363342728167); rotating motor to 90 degrees | Severity=75 | SourceName=Motor3 | EventType=application | SourceNode=ns=1;s=MotorSource3
[Anomaly Input] [2026-08-11 15:36:59.162 (UTC)] warn/application	[Motor] Distance too close (7.746830272370405); rotating motor to 0 degrees | Severity=175 | SourceName=Motor2 | EventType=application | SourceNode=ns=1;s=MotorSource2
[Anomaly Input] [2026-08-11 15:37:00.068 (UTC)] info/application	[Sensor] Updated distance: 23.336599114042052 cm | Severity=75 | SourceName=Sensor2 | EventType=application | SourceNode=ns=1;s=SensorSource2
[Anomaly Input] [2026-08-11 15:37:00.078 (UTC)] info/application	[Sensor] Updated distance: 8.540821182793389 cm | Severity=75 | SourceName=Sensor3 | EventType=application | SourceNode=ns=1;s=SensorSource3
[Anomaly Input] [2026-08-11 15:37:00.159 (UTC)] info/application	[Sensor] Updated distance: 47.31882186854203 cm | Severity=75 | SourceName=Sensor | EventType=application | SourceNode=ns=1;s=SensorSource
[Anomaly Input] [2026-08-11 15:37:00.159 (UTC)] info/application	[Motor] Received distance: 8.540821182793389 cm | Severity=75 | SourceName=Motor3 | EventType=application | SourceNode=ns=1;s=MotorSource3
[Anomaly Input] [2026-08-11 15:37:00.159 (UTC)] info/application	[Motor] Received distance: 23.336599114042052 cm | Severity=75 | SourceName=Motor2 | EventType=application | SourceNode=ns=1;s=MotorSource2
[Anomaly Input] [2026-08-11 15:37:00.159 (UTC)] info/application	[Motor] Received distance: 47.31882186854203 cm | Severity=75 | SourceName=Motor | EventType=application | SourceNode=ns=1;s=MotorSource
[Anomaly Input] [2026-08-11 15:37:00.159 (UTC)] warn/application	[Motor] Distance too close (8.540821182793389); rotating motor to 0 degrees | Severity=175 | SourceName=Motor3 | EventType=application | SourceNode=ns=1;s=MotorSource3
[Anomaly Input] [2026-08-11 15:37:00.159 (UTC)] info/application	[Motor] Distance safe (23.336599114042052); rotating motor to 90 degrees | Severity=75 | SourceName=Motor2 | EventType=application | SourceNode=ns=1;s=MotorSource2
[Anomaly Input] [2026-08-11 15:37:00.159 (UTC)] info/application	[Motor] Distance safe (47.31882186854203); rotating motor to 90 degrees | Severity=75 | SourceName=Motor | EventType=application | SourceNode=ns=1;s=MotorSource
[Anomaly Input] [2026-08-11 15:37:01.069 (UTC)] info/application	[Sensor] Updated distance: 34.32439973220434 cm | Severity=75 | SourceName=Sensor2 | EventType=application | SourceNode=ns=1;s=SensorSource2
[Anomaly Input] [2026-08-11 15:37:01.079 (UTC)] info/application	[Sensor] Updated distance: 8.4289660707251 cm | Severity=75 | SourceName=Sensor3 | EventType=application | SourceNode=ns=1;s=SensorSource3
[Anomaly Input] [2026-08-11 15:37:01.160 (UTC)] info/application	[Sensor] Updated distance: 23.050771991280264 cm | Severity=75 | SourceName=Sensor | EventType=application | SourceNode=ns=1;s=SensorSource
[Anomaly Input] [2026-08-11 15:37:01.161 (UTC)] info/application	[Motor] Received distance: 23.050771991280264 cm | Severity=75 | SourceName=Motor | EventType=application | SourceNode=ns=1;s=MotorSource
[Anomaly Input] [2026-08-11 15:37:01.162 (UTC)] info/application	[Motor] Received distance: 34.32439973220434 cm | Severity=75 | SourceName=Motor2 | EventType=application | SourceNode=ns=1;s=MotorSource2
[Anomaly Input] [2026-08-11 15:37:01.162 (UTC)] info/application	[Motor] Received distance: 8.4289660707251 cm | Severity=75 | SourceName=Motor3 | EventType=application | SourceNode=ns=1;s=MotorSource3
[Anomaly Input] [2026-08-11 15:37:01.161 (UTC)] info/application	[Motor] Distance safe (23.050771991280264); rotating motor to 90 degrees | Severity=75 | SourceName=Motor | EventType=application | SourceNode=ns=1;s=MotorSource
[Anomaly Input] [2026-08-11 15:37:01.162 (UTC)] info/application	[Motor] Distance safe (34.32439973220434); rotating motor to 90 degrees | Severity=75 | SourceName=Motor2 | EventType=application | SourceNode=ns=1;s=MotorSource2
[Anomaly Input] [2026-08-11 15:37:01.162 (UTC)] warn/application	[Motor] Distance too close (8.4289660707251); rotating motor to 0 degrees | Severity=175 | SourceName=Motor3 | EventType=application | SourceNode=ns=1;s=MotorSource3
[Anomaly Input] [2026-08-11 15:37:02.070 (UTC)] info/application	[Sensor] Updated distance: 3.396250747794402 cm | Severity=75 | SourceName=Sensor3 | EventType=application | SourceNode=ns=1;s=SensorSource3
[Anomaly Input] [2026-08-11 15:37:02.070 (UTC)] info/application	[Sensor] Updated distance: 18.56953927156028 cm | Severity=75 | SourceName=Sensor2 | EventType=application | SourceNode=ns=1;s=SensorSource2
[Anomaly Input] [2026-08-11 15:37:02.162 (UTC)] info/application	[Sensor] Updated distance: 45.30773614873538 cm | Severity=75 | SourceName=Sensor | EventType=application | SourceNode=ns=1;s=SensorSource
[Anomaly Input] [2026-08-11 15:37:02.163 (UTC)] info/application	[Motor] Received distance: 18.56953927156028 cm | Severity=75 | SourceName=Motor2 | EventType=application | SourceNode=ns=1;s=MotorSource2
[Anomaly Input] [2026-08-11 15:37:02.171 (UTC)] info/application	[Motor] Received distance: 45.30773614873538 cm | Severity=75 | SourceName=Motor | EventType=application | SourceNode=ns=1;s=MotorSource
[Anomaly Input] [2026-08-11 15:37:02.171 (UTC)] info/application	[Motor] Received distance: 3.396250747794402 cm | Severity=75 | SourceName=Motor3 | EventType=application | SourceNode=ns=1;s=MotorSource3
[Anomaly Input] [2026-08-11 15:37:02.163 (UTC)] warn/application	[Motor] Distance too close (18.56953927156028); rotating motor to 0 degrees | Severity=175 | SourceName=Motor2 | EventType=application | SourceNode=ns=1;s=MotorSource2
[Anomaly Input] [2026-08-11 15:37:02.171 (UTC)] info/application	[Motor] Distance safe (45.30773614873538); rotating motor to 90 degrees | Severity=75 | SourceName=Motor | EventType=application | SourceNode=ns=1;s=MotorSource
[Anomaly Input] [2026-08-11 15:37:02.171 (UTC)] warn/application	[Motor] Distance too close (3.396250747794402); rotating motor to 0 degrees | Severity=175 | SourceName=Motor3 | EventType=application | SourceNode=ns=1;s=MotorSource3
[Anomaly Input] [2026-08-11 15:37:03.072 (UTC)] info/application	[Sensor] Updated distance: 2.6759532618690063 cm | Severity=75 | SourceName=Sensor2 | EventType=application | SourceNode=ns=1;s=SensorSource2
[Anomaly Input] [2026-08-11 15:37:03.072 (UTC)] info/application	[Sensor] Updated distance: 30.095585702031656 cm | Severity=75 | SourceName=Sensor3 | EventType=application | SourceNode=ns=1;s=SensorSource3
[Anomaly Input] [2026-08-11 15:37:03.153 (UTC)] info/application	[Sensor] Updated distance: 40.27097491466951 cm | Severity=75 | SourceName=Sensor | EventType=application | SourceNode=ns=1;s=SensorSource
[Anomaly Input] [2026-08-11 15:37:03.153 (UTC)] info/application	[Motor] Received distance: 2.6759532618690063 cm | Severity=75 | SourceName=Motor2 | EventType=application | SourceNode=ns=1;s=MotorSource2
[Anomaly Input] [2026-08-11 15:37:03.159 (UTC)] info/application	[Motor] Received distance: 40.27097491466951 cm | Severity=75 | SourceName=Motor | EventType=application | SourceNode=ns=1;s=MotorSource
[Anomaly Input] [2026-08-11 15:37:03.161 (UTC)] info/application	[Motor] Received distance: 30.095585702031656 cm | Severity=75 | SourceName=Motor3 | EventType=application | SourceNode=ns=1;s=MotorSource3
[Anomaly Input] [2026-08-11 15:37:03.153 (UTC)] warn/application	[Motor] Distance too close (2.6759532618690063); rotating motor to 0 degrees | Severity=175 | SourceName=Motor2 | EventType=application | SourceNode=ns=1;s=MotorSource2
[Anomaly Input] [2026-08-11 15:37:03.159 (UTC)] info/application	[Motor] Distance safe (40.27097491466951); rotating motor to 90 degrees | Severity=75 | SourceName=Motor | EventType=application | SourceNode=ns=1;s=MotorSource
[Anomaly Input] [2026-08-11 15:37:03.161 (UTC)] info/application	[Motor] Distance safe (30.095585702031656); rotating motor to 90 degrees | Severity=75 | SourceName=Motor3 | EventType=application | SourceNode=ns=1;s=MotorSource3
[Anomaly Input] [2026-08-11 15:37:04.073 (UTC)] info/application	[Sensor] Updated distance: 33.639077491890205 cm | Severity=75 | SourceName=Sensor3 | EventType=application | SourceNode=ns=1;s=SensorSource3
[Anomaly Input] [2026-08-11 15:37:04.073 (UTC)] info/application	[Sensor] Updated distance: 10.399157714284565 cm | Severity=75 | SourceName=Sensor2 | EventType=application | SourceNode=ns=1;s=SensorSource2
[Anomaly Input] [2026-08-11 15:37:04.154 (UTC)] info/application	[Sensor] Updated distance: 9.601775217615895 cm | Severity=75 | SourceName=Sensor | EventType=application | SourceNode=ns=1;s=SensorSource
[Anomaly Input] [2026-08-11 15:37:04.154 (UTC)] info/application	[Motor] Received distance: 33.639077491890205 cm | Severity=75 | SourceName=Motor3 | EventType=application | SourceNode=ns=1;s=MotorSource3
[Anomaly Input] [2026-08-11 15:37:04.154 (UTC)] info/application	[Motor] Received distance: 9.601775217615895 cm | Severity=75 | SourceName=Motor | EventType=application | SourceNode=ns=1;s=MotorSource
[Anomaly Input] [2026-08-11 15:37:04.162 (UTC)] info/application	[Motor] Received distance: 10.399157714284565 cm | Severity=75 | SourceName=Motor2 | EventType=application | SourceNode=ns=1;s=MotorSource2
[Anomaly Input] [2026-08-11 15:37:04.154 (UTC)] info/application	[Motor] Distance safe (33.639077491890205); rotating motor to 90 degrees | Severity=75 | SourceName=Motor3 | EventType=application | SourceNode=ns=1;s=MotorSource3
[Anomaly Input] [2026-08-11 15:37:04.154 (UTC)] warn/application	[Motor] Distance too close (9.601775217615895); rotating motor to 0 degrees | Severity=175 | SourceName=Motor | EventType=application | SourceNode=ns=1;s=MotorSource
[Anomaly Input] [2026-08-11 15:37:04.162 (UTC)] warn/application	[Motor] Distance too close (10.399157714284565); rotating motor to 0 degrees | Severity=175 | SourceName=Motor2 | EventType=application | SourceNode=ns=1;s=MotorSource2
[Anomaly Input] [2026-08-11 15:37:05.074 (UTC)] info/application	[Sensor] Updated distance: 46.586275695164815 cm | Severity=75 | SourceName=Sensor2 | EventType=application | SourceNode=ns=1;s=SensorSource2
[Anomaly Input] [2026-08-11 15:37:05.074 (UTC)] info/application	[Sensor] Updated distance: 40.32850979563245 cm | Severity=75 | SourceName=Sensor3 | EventType=application | SourceNode=ns=1;s=SensorSource3
[Anomaly Input] [2026-08-11 15:37:05.155 (UTC)] info/application	[Sensor] Updated distance: 22.272430854045055 cm | Severity=75 | SourceName=Sensor | EventType=application | SourceNode=ns=1;s=SensorSource
[Anomaly Input] [2026-08-11 15:37:05.155 (UTC)] info/application	[Motor] Received distance: 46.586275695164815 cm | Severity=75 | SourceName=Motor2 | EventType=application | SourceNode=ns=1;s=MotorSource2
[Anomaly Input] [2026-08-11 15:37:05.160 (UTC)] info/application	[Motor] Received distance: 22.272430854045055 cm | Severity=75 | SourceName=Motor | EventType=application | SourceNode=ns=1;s=MotorSource
[Anomaly Input] [2026-08-11 15:37:05.161 (UTC)] info/application	[Motor] Received distance: 40.32850979563245 cm | Severity=75 | SourceName=Motor3 | EventType=application | SourceNode=ns=1;s=MotorSource3
[Anomaly Input] [2026-08-11 15:37:05.155 (UTC)] info/application	[Motor] Distance safe (46.586275695164815); rotating motor to 90 degrees | Severity=75 | SourceName=Motor2 | EventType=application | SourceNode=ns=1;s=MotorSource2
[Anomaly Input] [2026-08-11 15:37:05.160 (UTC)] info/application	[Motor] Distance safe (22.272430854045055); rotating motor to 90 degrees | Severity=75 | SourceName=Motor | EventType=application | SourceNode=ns=1;s=MotorSource
[Anomaly Input] [2026-08-11 15:37:05.161 (UTC)] info/application	[Motor] Distance safe (40.32850979563245); rotating motor to 90 degrees | Severity=75 | SourceName=Motor3 | EventType=application | SourceNode=ns=1;s=MotorSource3
[Anomaly Input] [2026-08-11 15:37:06.067 (UTC)] info/application	[Sensor] Updated distance: 43.25705628528122 cm | Severity=75 | SourceName=Sensor2 | EventType=application | SourceNode=ns=1;s=SensorSource2
[Anomaly Input] [2026-08-11 15:37:06.076 (UTC)] info/application	[Sensor] Updated distance: 7.453276510095818 cm | Severity=75 | SourceName=Sensor3 | EventType=application | SourceNode=ns=1;s=SensorSource3
[Anomaly Input] [2026-08-11 15:37:06.157 (UTC)] info/application	[Sensor] Updated distance: 36.692520150305945 cm | Severity=75 | SourceName=Sensor | EventType=application | SourceNode=ns=1;s=SensorSource
[Anomaly Input] [2026-08-11 15:37:06.157 (UTC)] info/application	[Motor] Received distance: 36.692520150305945 cm | Severity=75 | SourceName=Motor | EventType=application | SourceNode=ns=1;s=MotorSource
[Anomaly Input] [2026-08-11 15:37:06.157 (UTC)] info/application	[Motor] Received distance: 7.453276510095818 cm | Severity=75 | SourceName=Motor3 | EventType=application | SourceNode=ns=1;s=MotorSource3
[Anomaly Input] [2026-08-11 15:37:06.162 (UTC)] info/application	[Motor] Received distance: 43.25705628528122 cm | Severity=75 | SourceName=Motor2 | EventType=application | SourceNode=ns=1;s=MotorSource2
[Anomaly Input] [2026-08-11 15:37:06.157 (UTC)] info/application	[Motor] Distance safe (36.692520150305945); rotating motor to 90 degrees | Severity=75 | SourceName=Motor | EventType=application | SourceNode=ns=1;s=MotorSource
[Anomaly Input] [2026-08-11 15:37:06.157 (UTC)] warn/application	[Motor] Distance too close (7.453276510095818); rotating motor to 0 degrees | Severity=175 | SourceName=Motor3 | EventType=application | SourceNode=ns=1;s=MotorSource3
[Anomaly Input] [2026-08-11 15:37:06.162 (UTC)] info/application	[Motor] Distance safe (43.25705628528122); rotating motor to 90 degrees | Severity=75 | SourceName=Motor2 | EventType=application | SourceNode=ns=1;s=MotorSource2
[Anomaly Input] [2026-08-11 15:37:07.069 (UTC)] info/application	[Sensor] Updated distance: 3.950592004671037 cm | Severity=75 | SourceName=Sensor2 | EventType=application | SourceNode=ns=1;s=SensorSource2
[Anomaly Input] [2026-08-11 15:37:07.077 (UTC)] info/application	[Sensor] Updated distance: 13.631619607858182 cm | Severity=75 | SourceName=Sensor3 | EventType=application | SourceNode=ns=1;s=SensorSource3
[Anomaly Input] [2026-08-11 15:37:07.158 (UTC)] info/application	[Sensor] Updated distance: 43.03835285130811 cm | Severity=75 | SourceName=Sensor | EventType=application | SourceNode=ns=1;s=SensorSource
[Anomaly Input] [2026-08-11 15:37:07.160 (UTC)] info/application	[Motor] Received distance: 43.03835285130811 cm | Severity=75 | SourceName=Motor | EventType=application | SourceNode=ns=1;s=MotorSource
[Anomaly Input] [2026-08-11 15:37:07.162 (UTC)] info/application	[Motor] Received distance: 13.631619607858182 cm | Severity=75 | SourceName=Motor3 | EventType=application | SourceNode=ns=1;s=MotorSource3
[Anomaly Input] [2026-08-11 15:37:07.163 (UTC)] info/application	[Motor] Received distance: 3.950592004671037 cm | Severity=75 | SourceName=Motor2 | EventType=application | SourceNode=ns=1;s=MotorSource2
[Anomaly Input] [2026-08-11 15:37:07.160 (UTC)] info/application	[Motor] Distance safe (43.03835285130811); rotating motor to 90 degrees | Severity=75 | SourceName=Motor | EventType=application | SourceNode=ns=1;s=MotorSource
[Anomaly Input] [2026-08-11 15:37:07.162 (UTC)] warn/application	[Motor] Distance too close (13.631619607858182); rotating motor to 0 degrees | Severity=175 | SourceName=Motor3 | EventType=application | SourceNode=ns=1;s=MotorSource3
[Anomaly Input] [2026-08-11 15:37:07.163 (UTC)] warn/application	[Motor] Distance too close (3.950592004671037); rotating motor to 0 degrees | Severity=175 | SourceName=Motor2 | EventType=application | SourceNode=ns=1;s=MotorSource2
[Anomaly Input] [2026-08-11 15:37:08.070 (UTC)] info/application	[Sensor] Updated distance: 18.814704463265233 cm | Severity=75 | SourceName=Sensor2 | EventType=application | SourceNode=ns=1;s=SensorSource2
[Anomaly Input] [2026-08-11 15:37:08.078 (UTC)] info/application	[Sensor] Updated distance: 38.273121582471354 cm | Severity=75 | SourceName=Sensor3 | EventType=application | SourceNode=ns=1;s=SensorSource3
[Anomaly Input] [2026-08-11 15:37:08.160 (UTC)] info/application	[Motor] Received distance: 38.273121582471354 cm | Severity=75 | SourceName=Motor3 | EventType=application | SourceNode=ns=1;s=MotorSource3
[Anomaly Input] [2026-08-11 15:37:08.160 (UTC)] info/application	[Sensor] Updated distance: 7.809381040655719 cm | Severity=75 | SourceName=Sensor | EventType=application | SourceNode=ns=1;s=SensorSource
[Anomaly Input] [2026-08-11 15:37:08.161 (UTC)] info/application	[Motor] Received distance: 18.814704463265233 cm | Severity=75 | SourceName=Motor2 | EventType=application | SourceNode=ns=1;s=MotorSource2
[Anomaly Input] [2026-08-11 15:37:08.161 (UTC)] info/application	[Motor] Received distance: 7.809381040655719 cm | Severity=75 | SourceName=Motor | EventType=application | SourceNode=ns=1;s=MotorSource
[Anomaly Input] [2026-08-11 15:37:08.160 (UTC)] info/application	[Motor] Distance safe (38.273121582471354); rotating motor to 90 degrees | Severity=75 | SourceName=Motor3 | EventType=application | SourceNode=ns=1;s=MotorSource3
[Anomaly Input] [2026-08-11 15:37:08.161 (UTC)] warn/application	[Motor] Distance too close (18.814704463265233); rotating motor to 0 degrees | Severity=175 | SourceName=Motor2 | EventType=application | SourceNode=ns=1;s=MotorSource2
[Anomaly Input] [2026-08-11 15:37:08.161 (UTC)] warn/application	[Motor] Distance too close (7.809381040655719); rotating motor to 0 degrees | Severity=175 | SourceName=Motor | EventType=application | SourceNode=ns=1;s=MotorSource
[Anomaly Input] [2026-08-11 15:37:09.071 (UTC)] info/application	[Sensor] Updated distance: 14.683857536261835 cm | Severity=75 | SourceName=Sensor3 | EventType=application | SourceNode=ns=1;s=SensorSource3
[Anomaly Input] [2026-08-11 15:37:09.071 (UTC)] info/application	[Sensor] Updated distance: 17.271838672120047 cm | Severity=75 | SourceName=Sensor2 | EventType=application | SourceNode=ns=1;s=SensorSource2
[Anomaly Input] [2026-08-11 15:37:09.152 (UTC)] info/application	[Sensor] Updated distance: 8.847208197623122 cm | Severity=75 | SourceName=Sensor | EventType=application | SourceNode=ns=1;s=SensorSource
[Anomaly Input] [2026-08-11 15:37:09.152 (UTC)] info/application	[Motor] Received distance: 8.847208197623122 cm | Severity=75 | SourceName=Motor | EventType=application | SourceNode=ns=1;s=MotorSource
[Anomaly Input] [2026-08-11 15:37:09.152 (UTC)] info/application	[Motor] Received distance: 14.683857536261835 cm | Severity=75 | SourceName=Motor3 | EventType=application | SourceNode=ns=1;s=MotorSource3
[Anomaly Input] [2026-08-11 15:37:09.163 (UTC)] info/application	[Motor] Received distance: 17.271838672120047 cm | Severity=75 | SourceName=Motor2 | EventType=application | SourceNode=ns=1;s=MotorSource2
[Anomaly Input] [2026-08-11 15:37:09.152 (UTC)] warn/application	[Motor] Distance too close (8.847208197623122); rotating motor to 0 degrees | Severity=175 | SourceName=Motor | EventType=application | SourceNode=ns=1;s=MotorSource
[Anomaly Input] [2026-08-11 15:37:09.152 (UTC)] warn/application	[Motor] Distance too close (14.683857536261835); rotating motor to 0 degrees | Severity=175 | SourceName=Motor3 | EventType=application | SourceNode=ns=1;s=MotorSource3
[Anomaly Input] [2026-08-11 15:37:09.163 (UTC)] warn/application	[Motor] Distance too close (17.271838672120047); rotating motor to 0 degrees | Severity=175 | SourceName=Motor2 | EventType=application | SourceNode=ns=1;s=MotorSource2
[Anomaly Input] [2026-08-11 15:37:10.072 (UTC)] info/application	[Sensor] Updated distance: 44.64907736827111 cm | Severity=75 | SourceName=Sensor2 | EventType=application | SourceNode=ns=1;s=SensorSource2
[Anomaly Input] [2026-08-11 15:37:10.073 (UTC)] info/application	[Sensor] Updated distance: 47.935721336834 cm | Severity=75 | SourceName=Sensor3 | EventType=application | SourceNode=ns=1;s=SensorSource3
[Anomaly Input] [2026-08-11 15:37:10.153 (UTC)] info/application	[Sensor] Updated distance: 33.70685163871704 cm | Severity=75 | SourceName=Sensor | EventType=application | SourceNode=ns=1;s=SensorSource
[Anomaly Input] [2026-08-11 15:37:10.154 (UTC)] info/application	[Motor] Received distance: 44.64907736827111 cm | Severity=75 | SourceName=Motor2 | EventType=application | SourceNode=ns=1;s=MotorSource2
[Anomaly Input] [2026-08-11 15:37:10.160 (UTC)] info/application	[Motor] Received distance: 33.70685163871704 cm | Severity=75 | SourceName=Motor | EventType=application | SourceNode=ns=1;s=MotorSource
[Anomaly Input] [2026-08-11 15:37:10.161 (UTC)] info/application	[Motor] Received distance: 47.935721336834 cm | Severity=75 | SourceName=Motor3 | EventType=application | SourceNode=ns=1;s=MotorSource3
[Anomaly Input] [2026-08-11 15:37:10.154 (UTC)] info/application	[Motor] Distance safe (44.64907736827111); rotating motor to 90 degrees | Severity=75 | SourceName=Motor2 | EventType=application | SourceNode=ns=1;s=MotorSource2
[Anomaly Input] [2026-08-11 15:37:10.160 (UTC)] info/application	[Motor] Distance safe (33.70685163871704); rotating motor to 90 degrees | Severity=75 | SourceName=Motor | EventType=application | SourceNode=ns=1;s=MotorSource
[Anomaly Input] [2026-08-11 15:37:10.161 (UTC)] info/application	[Motor] Distance safe (47.935721336834); rotating motor to 90 degrees | Severity=75 | SourceName=Motor3 | EventType=application | SourceNode=ns=1;s=MotorSource3
[Anomaly Input] [2026-08-11 15:37:11.073 (UTC)] info/application	[Sensor] Updated distance: 5.056275831096002 cm | Severity=75 | SourceName=Sensor2 | EventType=application | SourceNode=ns=1;s=SensorSource2
[Anomaly Input] [2026-08-11 15:37:11.073 (UTC)] info/application	[Sensor] Updated distance: 34.41611080636089 cm | Severity=75 | SourceName=Sensor3 | EventType=application | SourceNode=ns=1;s=SensorSource3
[Anomaly Input] [2026-08-11 15:37:11.154 (UTC)] info/application	[Sensor] Updated distance: 33.79681625952796 cm | Severity=75 | SourceName=Sensor | EventType=application | SourceNode=ns=1;s=SensorSource
[Anomaly Input] [2026-08-11 15:37:11.161 (UTC)] info/application	[Motor] Received distance: 33.79681625952796 cm | Severity=75 | SourceName=Motor | EventType=application | SourceNode=ns=1;s=MotorSource
[Anomaly Input] [2026-08-11 15:37:11.161 (UTC)] info/application	[Motor] Received distance: 5.056275831096002 cm | Severity=75 | SourceName=Motor2 | EventType=application | SourceNode=ns=1;s=MotorSource2
[Anomaly Input] [2026-08-11 15:37:11.162 (UTC)] info/application	[Motor] Received distance: 34.41611080636089 cm | Severity=75 | SourceName=Motor3 | EventType=application | SourceNode=ns=1;s=MotorSource3
[Anomaly Input] [2026-08-11 15:37:11.161 (UTC)] info/application	[Motor] Distance safe (33.79681625952796); rotating motor to 90 degrees | Severity=75 | SourceName=Motor | EventType=application | SourceNode=ns=1;s=MotorSource
[Anomaly Input] [2026-08-11 15:37:11.161 (UTC)] warn/application	[Motor] Distance too close (5.056275831096002); rotating motor to 0 degrees | Severity=175 | SourceName=Motor2 | EventType=application | SourceNode=ns=1;s=MotorSource2
[Anomaly Input] [2026-08-11 15:37:11.162 (UTC)] info/application	[Motor] Distance safe (34.41611080636089); rotating motor to 90 degrees | Severity=75 | SourceName=Motor3 | EventType=application | SourceNode=ns=1;s=MotorSource3
[Anomaly Input] [2026-08-11 15:37:12.075 (UTC)] info/application	[Sensor] Updated distance: 26.676099565194964 cm | Severity=75 | SourceName=Sensor3 | EventType=application | SourceNode=ns=1;s=SensorSource3
[Anomaly Input] [2026-08-11 15:37:12.075 (UTC)] info/application	[Sensor] Updated distance: 47.0935031907137 cm | Severity=75 | SourceName=Sensor2 | EventType=application | SourceNode=ns=1;s=SensorSource2
[Anomaly Input] [2026-08-11 15:37:12.156 (UTC)] info/application	[Sensor] Updated distance: 11.23234010172651 cm | Severity=75 | SourceName=Sensor | EventType=application | SourceNode=ns=1;s=SensorSource
[Anomaly Input] [2026-08-11 15:37:12.156 (UTC)] info/application	[Motor] Received distance: 11.23234010172651 cm | Severity=75 | SourceName=Motor | EventType=application | SourceNode=ns=1;s=MotorSource
[Anomaly Input] [2026-08-11 15:37:12.156 (UTC)] info/application	[Motor] Received distance: 26.676099565194964 cm | Severity=75 | SourceName=Motor3 | EventType=application | SourceNode=ns=1;s=MotorSource3
[Anomaly Input] [2026-08-11 15:37:12.156 (UTC)] info/application	[Motor] Received distance: 47.0935031907137 cm | Severity=75 | SourceName=Motor2 | EventType=application | SourceNode=ns=1;s=MotorSource2
[Anomaly Input] [2026-08-11 15:37:12.156 (UTC)] warn/application	[Motor] Distance too close (11.23234010172651); rotating motor to 0 degrees | Severity=175 | SourceName=Motor | EventType=application | SourceNode=ns=1;s=MotorSource
[Anomaly Input] [2026-08-11 15:37:12.156 (UTC)] info/application	[Motor] Distance safe (26.676099565194964); rotating motor to 90 degrees | Severity=75 | SourceName=Motor3 | EventType=application | SourceNode=ns=1;s=MotorSource3
[Anomaly Input] [2026-08-11 15:37:12.156 (UTC)] info/application	[Motor] Distance safe (47.0935031907137); rotating motor to 90 degrees | Severity=75 | SourceName=Motor2 | EventType=application | SourceNode=ns=1;s=MotorSource2
[Anomaly Input] [2026-08-11 15:37:13.076 (UTC)] info/application	[Sensor] Updated distance: 18.112187698535706 cm | Severity=75 | SourceName=Sensor2 | EventType=application | SourceNode=ns=1;s=SensorSource2
[Anomaly Input] [2026-08-11 15:37:13.076 (UTC)] info/application	[Sensor] Updated distance: 42.71313536572882 cm | Severity=75 | SourceName=Sensor3 | EventType=application | SourceNode=ns=1;s=SensorSource3
[Anomaly Input] [2026-08-11 15:37:13.158 (UTC)] info/application	[Sensor] Updated distance: 35.50502986531007 cm | Severity=75 | SourceName=Sensor | EventType=application | SourceNode=ns=1;s=SensorSource
[Anomaly Input] [2026-08-11 15:37:13.160 (UTC)] info/application	[Motor] Received distance: 35.50502986531007 cm | Severity=75 | SourceName=Motor | EventType=application | SourceNode=ns=1;s=MotorSource
[Anomaly Input] [2026-08-11 15:37:13.161 (UTC)] info/application	[Motor] Received distance: 42.71313536572882 cm | Severity=75 | SourceName=Motor3 | EventType=application | SourceNode=ns=1;s=MotorSource3
[Anomaly Input] [2026-08-11 15:37:13.162 (UTC)] info/application	[Motor] Received distance: 18.112187698535706 cm | Severity=75 | SourceName=Motor2 | EventType=application | SourceNode=ns=1;s=MotorSource2
[Anomaly Input] [2026-08-11 15:37:13.160 (UTC)] info/application	[Motor] Distance safe (35.50502986531007); rotating motor to 90 degrees | Severity=75 | SourceName=Motor | EventType=application | SourceNode=ns=1;s=MotorSource
[Anomaly Input] [2026-08-11 15:37:13.161 (UTC)] info/application	[Motor] Distance safe (42.71313536572882); rotating motor to 90 degrees | Severity=75 | SourceName=Motor3 | EventType=application | SourceNode=ns=1;s=MotorSource3
[Anomaly Input] [2026-08-11 15:37:13.162 (UTC)] warn/application	[Motor] Distance too close (18.112187698535706); rotating motor to 0 degrees | Severity=175 | SourceName=Motor2 | EventType=application | SourceNode=ns=1;s=MotorSource2
[Anomaly Input] [2026-08-11 15:37:14.077 (UTC)] info/application	[Sensor] Updated distance: 44.928668355070364 cm | Severity=75 | SourceName=Sensor2 | EventType=application | SourceNode=ns=1;s=SensorSource2
[Anomaly Input] [2026-08-11 15:37:14.077 (UTC)] info/application	[Sensor] Updated distance: 46.39553574304819 cm | Severity=75 | SourceName=Sensor3 | EventType=application | SourceNode=ns=1;s=SensorSource3
[Anomaly Input] [2026-08-11 15:37:14.158 (UTC)] info/application	[Sensor] Updated distance: 37.38351620146237 cm | Severity=75 | SourceName=Sensor | EventType=application | SourceNode=ns=1;s=SensorSource
[Anomaly Input] [2026-08-11 15:37:14.158 (UTC)] info/application	[Motor] Received distance: 37.38351620146237 cm | Severity=75 | SourceName=Motor | EventType=application | SourceNode=ns=1;s=MotorSource
[Anomaly Input] [2026-08-11 15:37:14.158 (UTC)] info/application	[Motor] Received distance: 44.928668355070364 cm | Severity=75 | SourceName=Motor2 | EventType=application | SourceNode=ns=1;s=MotorSource2
[Anomaly Input] [2026-08-11 15:37:14.162 (UTC)] info/application	[Motor] Received distance: 46.39553574304819 cm | Severity=75 | SourceName=Motor3 | EventType=application | SourceNode=ns=1;s=MotorSource3
[Anomaly Input] [2026-08-11 15:37:14.158 (UTC)] info/application	[Motor] Distance safe (37.38351620146237); rotating motor to 90 degrees | Severity=75 | SourceName=Motor | EventType=application | SourceNode=ns=1;s=MotorSource
[Anomaly Input] [2026-08-11 15:37:14.158 (UTC)] info/application	[Motor] Distance safe (44.928668355070364); rotating motor to 90 degrees | Severity=75 | SourceName=Motor2 | EventType=application | SourceNode=ns=1;s=MotorSource2
[Anomaly Input] [2026-08-11 15:37:14.162 (UTC)] info/application	[Motor] Distance safe (46.39553574304819); rotating motor to 90 degrees | Severity=75 | SourceName=Motor3 | EventType=application | SourceNode=ns=1;s=MotorSource3
[Anomaly Input] [2026-08-11 15:37:15.068 (UTC)] info/application	[Sensor] Updated distance: 27.169952717223183 cm | Severity=75 | SourceName=Sensor2 | EventType=application | SourceNode=ns=1;s=SensorSource2
[Anomaly Input] [2026-08-11 15:37:15.078 (UTC)] info/application	[Sensor] Updated distance: 33.30813807216852 cm | Severity=75 | SourceName=Sensor3 | EventType=application | SourceNode=ns=1;s=SensorSource3
[Anomaly Input] [2026-08-11 15:37:15.159 (UTC)] info/application	[Sensor] Updated distance: 33.543518319513424 cm | Severity=75 | SourceName=Sensor | EventType=application | SourceNode=ns=1;s=SensorSource
[Anomaly Input] [2026-08-11 15:37:15.159 (UTC)] info/application	[Motor] Received distance: 33.30813807216852 cm | Severity=75 | SourceName=Motor3 | EventType=application | SourceNode=ns=1;s=MotorSource3
[Anomaly Input] [2026-08-11 15:37:15.160 (UTC)] info/application	[Motor] Received distance: 33.543518319513424 cm | Severity=75 | SourceName=Motor | EventType=application | SourceNode=ns=1;s=MotorSource
[Anomaly Input] [2026-08-11 15:37:15.162 (UTC)] info/application	[Motor] Received distance: 27.169952717223183 cm | Severity=75 | SourceName=Motor2 | EventType=application | SourceNode=ns=1;s=MotorSource2
[Anomaly Input] [2026-08-11 15:37:15.159 (UTC)] info/application	[Motor] Distance safe (33.30813807216852); rotating motor to 90 degrees | Severity=75 | SourceName=Motor3 | EventType=application | SourceNode=ns=1;s=MotorSource3
[Anomaly Input] [2026-08-11 15:37:15.160 (UTC)] info/application	[Motor] Distance safe (33.543518319513424); rotating motor to 90 degrees | Severity=75 | SourceName=Motor | EventType=application | SourceNode=ns=1;s=MotorSource
[Anomaly Input] [2026-08-11 15:37:15.162 (UTC)] info/application	[Motor] Distance safe (27.169952717223183); rotating motor to 90 degrees | Severity=75 | SourceName=Motor2 | EventType=application | SourceNode=ns=1;s=MotorSource2
[Anomaly Input] [2026-08-11 15:37:16.070 (UTC)] info/application	[Sensor] Updated distance: 38.37387453968351 cm | Severity=75 | SourceName=Sensor3 | EventType=application | SourceNode=ns=1;s=SensorSource3
[Anomaly Input] [2026-08-11 15:37:16.070 (UTC)] info/application	[Sensor] Updated distance: 49.98115915804224 cm | Severity=75 | SourceName=Sensor2 | EventType=application | SourceNode=ns=1;s=SensorSource2
[Anomaly Input] [2026-08-11 15:37:16.161 (UTC)] info/application	[Sensor] Updated distance: 39.50064698862873 cm | Severity=75 | SourceName=Sensor | EventType=application | SourceNode=ns=1;s=SensorSource
[Anomaly Input] [2026-08-11 15:37:16.162 (UTC)] info/application	[Motor] Received distance: 38.37387453968351 cm | Severity=75 | SourceName=Motor3 | EventType=application | SourceNode=ns=1;s=MotorSource3
[Anomaly Input] [2026-08-11 15:37:16.162 (UTC)] info/application	[Motor] Received distance: 49.98115915804224 cm | Severity=75 | SourceName=Motor2 | EventType=application | SourceNode=ns=1;s=MotorSource2
[Anomaly Input] [2026-08-11 15:37:16.170 (UTC)] info/application	[Motor] Received distance: 39.50064698862873 cm | Severity=75 | SourceName=Motor | EventType=application | SourceNode=ns=1;s=MotorSource
[Anomaly Input] [2026-08-11 15:37:16.162 (UTC)] info/application	[Motor] Distance safe (38.37387453968351); rotating motor to 90 degrees | Severity=75 | SourceName=Motor3 | EventType=application | SourceNode=ns=1;s=MotorSource3
[Anomaly Input] [2026-08-11 15:37:16.162 (UTC)] info/application	[Motor] Distance safe (49.98115915804224); rotating motor to 90 degrees | Severity=75 | SourceName=Motor2 | EventType=application | SourceNode=ns=1;s=MotorSource2
[Anomaly Input] [2026-08-11 15:37:16.170 (UTC)] info/application	[Motor] Distance safe (39.50064698862873); rotating motor to 90 degrees | Severity=75 | SourceName=Motor | EventType=application | SourceNode=ns=1;s=MotorSource
[Anomaly Input] [2026-08-11 15:37:17.072 (UTC)] info/application	[Sensor] Updated distance: 15.945991440651003 cm | Severity=75 | SourceName=Sensor3 | EventType=application | SourceNode=ns=1;s=SensorSource3
[Anomaly Input] [2026-08-11 15:37:17.072 (UTC)] info/application	[Sensor] Updated distance: 7.412211755948239 cm | Severity=75 | SourceName=Sensor2 | EventType=application | SourceNode=ns=1;s=SensorSource2
[Anomaly Input] [2026-08-11 15:37:17.153 (UTC)] info/application	[Sensor] Updated distance: 37.52704686090678 cm | Severity=75 | SourceName=Sensor | EventType=application | SourceNode=ns=1;s=SensorSource
[Anomaly Input] [2026-08-11 15:37:17.153 (UTC)] info/application	[Motor] Received distance: 7.412211755948239 cm | Severity=75 | SourceName=Motor2 | EventType=application | SourceNode=ns=1;s=MotorSource2
[Anomaly Input] [2026-08-11 15:37:17.153 (UTC)] info/application	[Motor] Received distance: 15.945991440651003 cm | Severity=75 | SourceName=Motor3 | EventType=application | SourceNode=ns=1;s=MotorSource3
[Anomaly Input] [2026-08-11 15:37:17.160 (UTC)] info/application	[Motor] Received distance: 37.52704686090678 cm | Severity=75 | SourceName=Motor | EventType=application | SourceNode=ns=1;s=MotorSource
[Anomaly Input] [2026-08-11 15:37:17.153 (UTC)] warn/application	[Motor] Distance too close (15.945991440651003); rotating motor to 0 degrees | Severity=175 | SourceName=Motor3 | EventType=application | SourceNode=ns=1;s=MotorSource3
[Anomaly Input] [2026-08-11 15:37:17.153 (UTC)] warn/application	[Motor] Distance too close (7.412211755948239); rotating motor to 0 degrees | Severity=175 | SourceName=Motor2 | EventType=application | SourceNode=ns=1;s=MotorSource2
[Anomaly Input] [2026-08-11 15:37:17.160 (UTC)] info/application	[Motor] Distance safe (37.52704686090678); rotating motor to 90 degrees | Severity=75 | SourceName=Motor | EventType=application | SourceNode=ns=1;s=MotorSource
[Anomaly Input] [2026-08-11 15:37:18.073 (UTC)] info/application	[Sensor] Updated distance: 41.0888047847379 cm | Severity=75 | SourceName=Sensor3 | EventType=application | SourceNode=ns=1;s=SensorSource3
[Anomaly Input] [2026-08-11 15:37:18.073 (UTC)] info/application	[Sensor] Updated distance: 30.63132845453514 cm | Severity=75 | SourceName=Sensor2 | EventType=application | SourceNode=ns=1;s=SensorSource2
[Anomaly Input] [2026-08-11 15:37:18.154 (UTC)] info/application	[Sensor] Updated distance: 16.12625779124268 cm | Severity=75 | SourceName=Sensor | EventType=application | SourceNode=ns=1;s=SensorSource
[Anomaly Input] [2026-08-11 15:37:18.161 (UTC)] info/application	[Motor] Received distance: 16.12625779124268 cm | Severity=75 | SourceName=Motor | EventType=application | SourceNode=ns=1;s=MotorSource
[Anomaly Input] [2026-08-11 15:37:18.161 (UTC)] info/application	[Motor] Received distance: 30.63132845453514 cm | Severity=75 | SourceName=Motor2 | EventType=application | SourceNode=ns=1;s=MotorSource2
[Anomaly Input] [2026-08-11 15:37:18.162 (UTC)] info/application	[Motor] Received distance: 41.0888047847379 cm | Severity=75 | SourceName=Motor3 | EventType=application | SourceNode=ns=1;s=MotorSource3
[Anomaly Input] [2026-08-11 15:37:18.161 (UTC)] warn/application	[Motor] Distance too close (16.12625779124268); rotating motor to 0 degrees | Severity=175 | SourceName=Motor | EventType=application | SourceNode=ns=1;s=MotorSource
[Anomaly Input] [2026-08-11 15:37:18.161 (UTC)] info/application	[Motor] Distance safe (30.63132845453514); rotating motor to 90 degrees | Severity=75 | SourceName=Motor2 | EventType=application | SourceNode=ns=1;s=MotorSource2
[Anomaly Input] [2026-08-11 15:37:18.162 (UTC)] info/application	[Motor] Distance safe (41.0888047847379); rotating motor to 90 degrees | Severity=75 | SourceName=Motor3 | EventType=application | SourceNode=ns=1;s=MotorSource3
[Anomaly Input] [2026-08-11 15:37:19.075 (UTC)] info/application	[Sensor] Updated distance: 21.950947137526676 cm | Severity=75 | SourceName=Sensor2 | EventType=application | SourceNode=ns=1;s=SensorSource2
[Anomaly Input] [2026-08-11 15:37:19.075 (UTC)] info/application	[Sensor] Updated distance: 21.808402994558403 cm | Severity=75 | SourceName=Sensor3 | EventType=application | SourceNode=ns=1;s=SensorSource3
[Anomaly Input] [2026-08-11 15:37:19.156 (UTC)] info/application	[Sensor] Updated distance: 41.50812270096881 cm | Severity=75 | SourceName=Sensor | EventType=application | SourceNode=ns=1;s=SensorSource
[Anomaly Input] [2026-08-11 15:37:19.156 (UTC)] info/application	[Motor] Received distance: 41.50812270096881 cm | Severity=75 | SourceName=Motor | EventType=application | SourceNode=ns=1;s=MotorSource
[Anomaly Input] [2026-08-11 15:37:19.156 (UTC)] info/application	[Motor] Received distance: 21.808402994558403 cm | Severity=75 | SourceName=Motor3 | EventType=application | SourceNode=ns=1;s=MotorSource3
[Anomaly Input] [2026-08-11 15:37:19.163 (UTC)] info/application	[Motor] Received distance: 21.950947137526676 cm | Severity=75 | SourceName=Motor2 | EventType=application | SourceNode=ns=1;s=MotorSource2
[Anomaly Input] [2026-08-11 15:37:19.156 (UTC)] info/application	[Motor] Distance safe (41.50812270096881); rotating motor to 90 degrees | Severity=75 | SourceName=Motor | EventType=application | SourceNode=ns=1;s=MotorSource
[Anomaly Input] [2026-08-11 15:37:19.156 (UTC)] info/application	[Motor] Distance safe (21.808402994558403); rotating motor to 90 degrees | Severity=75 | SourceName=Motor3 | EventType=application | SourceNode=ns=1;s=MotorSource3
[Anomaly Input] [2026-08-11 15:37:19.163 (UTC)] info/application	[Motor] Distance safe (21.950947137526676); rotating motor to 90 degrees | Severity=75 | SourceName=Motor2 | EventType=application | SourceNode=ns=1;s=MotorSource2
[Anomaly Input] [2026-08-11 15:37:20.077 (UTC)] info/application	[Sensor] Updated distance: 10.857311692488059 cm | Severity=75 | SourceName=Sensor2 | EventType=application | SourceNode=ns=1;s=SensorSource2
[Anomaly Input] [2026-08-11 15:37:20.077 (UTC)] info/application	[Sensor] Updated distance: 33.971370823668025 cm | Severity=75 | SourceName=Sensor3 | EventType=application | SourceNode=ns=1;s=SensorSource3
[Anomaly Input] [2026-08-11 15:37:20.158 (UTC)] info/application	[Sensor] Updated distance: 26.82279181146193 cm | Severity=75 | SourceName=Sensor | EventType=application | SourceNode=ns=1;s=SensorSource
[Anomaly Input] [2026-08-11 15:37:20.159 (UTC)] info/application	[Motor] Received distance: 10.857311692488059 cm | Severity=75 | SourceName=Motor2 | EventType=application | SourceNode=ns=1;s=MotorSource2
[Anomaly Input] [2026-08-11 15:37:20.160 (UTC)] info/application	[Motor] Received distance: 26.82279181146193 cm | Severity=75 | SourceName=Motor | EventType=application | SourceNode=ns=1;s=MotorSource
[Anomaly Input] [2026-08-11 15:37:20.161 (UTC)] info/application	[Motor] Received distance: 33.971370823668025 cm | Severity=75 | SourceName=Motor3 | EventType=application | SourceNode=ns=1;s=MotorSource3
[Anomaly Input] [2026-08-11 15:37:20.159 (UTC)] warn/application	[Motor] Distance too close (10.857311692488059); rotating motor to 0 degrees | Severity=175 | SourceName=Motor2 | EventType=application | SourceNode=ns=1;s=MotorSource2
[Anomaly Input] [2026-08-11 15:37:20.160 (UTC)] info/application	[Motor] Distance safe (26.82279181146193); rotating motor to 90 degrees | Severity=75 | SourceName=Motor | EventType=application | SourceNode=ns=1;s=MotorSource
[Anomaly Input] [2026-08-11 15:37:20.161 (UTC)] info/application	[Motor] Distance safe (33.971370823668025); rotating motor to 90 degrees | Severity=75 | SourceName=Motor3 | EventType=application | SourceNode=ns=1;s=MotorSource3
[Anomaly Input] [2026-08-11 15:37:21.071 (UTC)] info/application	[Sensor] Updated distance: 2.9683863972166487 cm | Severity=75 | SourceName=Sensor2 | EventType=application | SourceNode=ns=1;s=SensorSource2
[Anomaly Input] [2026-08-11 15:37:21.071 (UTC)] info/application	[Sensor] Updated distance: 19.176767655264943 cm | Severity=75 | SourceName=Sensor3 | EventType=application | SourceNode=ns=1;s=SensorSource3
[Anomaly Input] [2026-08-11 15:37:21.162 (UTC)] info/application	[Sensor] Updated distance: 8.921791824941426 cm | Severity=75 | SourceName=Sensor | EventType=application | SourceNode=ns=1;s=SensorSource
[Anomaly Input] [2026-08-11 15:37:21.162 (UTC)] info/application	[Motor] Received distance: 2.9683863972166487 cm | Severity=75 | SourceName=Motor2 | EventType=application | SourceNode=ns=1;s=MotorSource2
[Anomaly Input] [2026-08-11 15:37:21.171 (UTC)] info/application	[Motor] Received distance: 8.921791824941426 cm | Severity=75 | SourceName=Motor | EventType=application | SourceNode=ns=1;s=MotorSource
[Anomaly Input] [2026-08-11 15:37:21.172 (UTC)] info/application	[Motor] Received distance: 19.176767655264943 cm | Severity=75 | SourceName=Motor3 | EventType=application | SourceNode=ns=1;s=MotorSource3
[Anomaly Input] [2026-08-11 15:37:21.162 (UTC)] warn/application	[Motor] Distance too close (2.9683863972166487); rotating motor to 0 degrees | Severity=175 | SourceName=Motor2 | EventType=application | SourceNode=ns=1;s=MotorSource2
[Anomaly Input] [2026-08-11 15:37:21.171 (UTC)] warn/application	[Motor] Distance too close (8.921791824941426); rotating motor to 0 degrees | Severity=175 | SourceName=Motor | EventType=application | SourceNode=ns=1;s=MotorSource
[Anomaly Input] [2026-08-11 15:37:21.172 (UTC)] warn/application	[Motor] Distance too close (19.176767655264943); rotating motor to 0 degrees | Severity=175 | SourceName=Motor3 | EventType=application | SourceNode=ns=1;s=MotorSource3
[Anomaly Input] [2026-08-11 15:37:22.073 (UTC)] info/application	[Sensor] Updated distance: 21.099728257907426 cm | Severity=75 | SourceName=Sensor3 | EventType=application | SourceNode=ns=1;s=SensorSource3
[Anomaly Input] [2026-08-11 15:37:22.073 (UTC)] info/application	[Sensor] Updated distance: 6.821036728481313 cm | Severity=75 | SourceName=Sensor2 | EventType=application | SourceNode=ns=1;s=SensorSource2
[Anomaly Input] [2026-08-11 15:37:22.154 (UTC)] info/application	[Sensor] Updated distance: 35.42982602186027 cm | Severity=75 | SourceName=Sensor | EventType=application | SourceNode=ns=1;s=SensorSource
[Anomaly Input] [2026-08-11 15:37:22.155 (UTC)] info/application	[Motor] Received distance: 6.821036728481313 cm | Severity=75 | SourceName=Motor2 | EventType=application | SourceNode=ns=1;s=MotorSource2
[Anomaly Input] [2026-08-11 15:37:22.160 (UTC)] info/application	[Motor] Received distance: 35.42982602186027 cm | Severity=75 | SourceName=Motor | EventType=application | SourceNode=ns=1;s=MotorSource
[Anomaly Input] [2026-08-11 15:37:22.162 (UTC)] info/application	[Motor] Received distance: 21.099728257907426 cm | Severity=75 | SourceName=Motor3 | EventType=application | SourceNode=ns=1;s=MotorSource3
[Anomaly Input] [2026-08-11 15:37:22.155 (UTC)] warn/application	[Motor] Distance too close (6.821036728481313); rotating motor to 0 degrees | Severity=175 | SourceName=Motor2 | EventType=application | SourceNode=ns=1;s=MotorSource2
[Anomaly Input] [2026-08-11 15:37:22.160 (UTC)] info/application	[Motor] Distance safe (35.42982602186027); rotating motor to 90 degrees | Severity=75 | SourceName=Motor | EventType=application | SourceNode=ns=1;s=MotorSource
[Anomaly Input] [2026-08-11 15:37:22.162 (UTC)] info/application	[Motor] Distance safe (21.099728257907426); rotating motor to 90 degrees | Severity=75 | SourceName=Motor3 | EventType=application | SourceNode=ns=1;s=MotorSource3
[Anomaly Input] [2026-08-11 15:37:23.076 (UTC)] info/application	[Sensor] Updated distance: 38.60336610889219 cm | Severity=75 | SourceName=Sensor3 | EventType=application | SourceNode=ns=1;s=SensorSource3
[Anomaly Input] [2026-08-11 15:37:23.076 (UTC)] info/application	[Sensor] Updated distance: 16.806654601733506 cm | Severity=75 | SourceName=Sensor2 | EventType=application | SourceNode=ns=1;s=SensorSource2
[Anomaly Input] [2026-08-11 15:37:23.157 (UTC)] info/application	[Sensor] Updated distance: 2.8948164437407704 cm | Severity=75 | SourceName=Sensor | EventType=application | SourceNode=ns=1;s=SensorSource
[Anomaly Input] [2026-08-11 15:37:23.157 (UTC)] info/application	[Motor] Received distance: 2.8948164437407704 cm | Severity=75 | SourceName=Motor | EventType=application | SourceNode=ns=1;s=MotorSource
[Anomaly Input] [2026-08-11 15:37:23.157 (UTC)] info/application	[Motor] Received distance: 38.60336610889219 cm | Severity=75 | SourceName=Motor3 | EventType=application | SourceNode=ns=1;s=MotorSource3
[Anomaly Input] [2026-08-11 15:37:23.162 (UTC)] info/application	[Motor] Received distance: 16.806654601733506 cm | Severity=75 | SourceName=Motor2 | EventType=application | SourceNode=ns=1;s=MotorSource2
[Anomaly Input] [2026-08-11 15:37:23.157 (UTC)] warn/application	[Motor] Distance too close (2.8948164437407704); rotating motor to 0 degrees | Severity=175 | SourceName=Motor | EventType=application | SourceNode=ns=1;s=MotorSource
[Anomaly Input] [2026-08-11 15:37:23.157 (UTC)] info/application	[Motor] Distance safe (38.60336610889219); rotating motor to 90 degrees | Severity=75 | SourceName=Motor3 | EventType=application | SourceNode=ns=1;s=MotorSource3
[Anomaly Input] [2026-08-11 15:37:23.162 (UTC)] warn/application	[Motor] Distance too close (16.806654601733506); rotating motor to 0 degrees | Severity=175 | SourceName=Motor2 | EventType=application | SourceNode=ns=1;s=MotorSource2
[Anomaly Input] [2026-08-11 15:37:24.077 (UTC)] info/application	[Sensor] Updated distance: 28.117700454833777 cm | Severity=75 | SourceName=Sensor3 | EventType=application | SourceNode=ns=1;s=SensorSource3
[Anomaly Input] [2026-08-11 15:37:24.077 (UTC)] info/application	[Sensor] Updated distance: 7.307798678664397 cm | Severity=75 | SourceName=Sensor2 | EventType=application | SourceNode=ns=1;s=SensorSource2
[Anomaly Input] [2026-08-11 15:37:24.158 (UTC)] info/application	[Sensor] Updated distance: 21.05718419843222 cm | Severity=75 | SourceName=Sensor | EventType=application | SourceNode=ns=1;s=SensorSource
[Anomaly Input] [2026-08-11 15:37:24.158 (UTC)] info/application	[Motor] Received distance: 7.307798678664397 cm | Severity=75 | SourceName=Motor2 | EventType=application | SourceNode=ns=1;s=MotorSource2
[Anomaly Input] [2026-08-11 15:37:24.160 (UTC)] info/application	[Motor] Received distance: 21.05718419843222 cm | Severity=75 | SourceName=Motor | EventType=application | SourceNode=ns=1;s=MotorSource
[Anomaly Input] [2026-08-11 15:37:24.162 (UTC)] info/application	[Motor] Received distance: 28.117700454833777 cm | Severity=75 | SourceName=Motor3 | EventType=application | SourceNode=ns=1;s=MotorSource3
[Anomaly Input] [2026-08-11 15:37:24.158 (UTC)] warn/application	[Motor] Distance too close (7.307798678664397); rotating motor to 0 degrees | Severity=175 | SourceName=Motor2 | EventType=application | SourceNode=ns=1;s=MotorSource2
[Anomaly Input] [2026-08-11 15:37:24.160 (UTC)] info/application	[Motor] Distance safe (21.05718419843222); rotating motor to 90 degrees | Severity=75 | SourceName=Motor | EventType=application | SourceNode=ns=1;s=MotorSource
[Anomaly Input] [2026-08-11 15:37:24.162 (UTC)] info/application	[Motor] Distance safe (28.117700454833777); rotating motor to 90 degrees | Severity=75 | SourceName=Motor3 | EventType=application | SourceNode=ns=1;s=MotorSource3
[Anomaly Input] [2026-08-11 15:37:25.068 (UTC)] info/application	[Sensor] Updated distance: 12.915390943603306 cm | Severity=75 | SourceName=Sensor2 | EventType=application | SourceNode=ns=1;s=SensorSource2
[Anomaly Input] [2026-08-11 15:37:25.078 (UTC)] info/application	[Sensor] Updated distance: 32.762450225074986 cm | Severity=75 | SourceName=Sensor3 | EventType=application | SourceNode=ns=1;s=SensorSource3
[Anomaly Input] [2026-08-11 15:37:25.159 (UTC)] info/application	[Sensor] Updated distance: 15.074104598292198 cm | Severity=75 | SourceName=Sensor | EventType=application | SourceNode=ns=1;s=SensorSource
[Anomaly Input] [2026-08-11 15:37:25.159 (UTC)] info/application	[Motor] Received distance: 32.762450225074986 cm | Severity=75 | SourceName=Motor3 | EventType=application | SourceNode=ns=1;s=MotorSource3
[Anomaly Input] [2026-08-11 15:37:25.161 (UTC)] info/application	[Motor] Received distance: 15.074104598292198 cm | Severity=75 | SourceName=Motor | EventType=application | SourceNode=ns=1;s=MotorSource
[Anomaly Input] [2026-08-11 15:37:25.162 (UTC)] info/application	[Motor] Received distance: 12.915390943603306 cm | Severity=75 | SourceName=Motor2 | EventType=application | SourceNode=ns=1;s=MotorSource2
[Anomaly Input] [2026-08-11 15:37:25.159 (UTC)] info/application	[Motor] Distance safe (32.762450225074986); rotating motor to 90 degrees | Severity=75 | SourceName=Motor3 | EventType=application | SourceNode=ns=1;s=MotorSource3
[Anomaly Input] [2026-08-11 15:37:25.161 (UTC)] warn/application	[Motor] Distance too close (15.074104598292198); rotating motor to 0 degrees | Severity=175 | SourceName=Motor | EventType=application | SourceNode=ns=1;s=MotorSource
[Anomaly Input] [2026-08-11 15:37:25.162 (UTC)] warn/application	[Motor] Distance too close (12.915390943603306); rotating motor to 0 degrees | Severity=175 | SourceName=Motor2 | EventType=application | SourceNode=ns=1;s=MotorSource2
[Anomaly Input] [2026-08-11 15:37:26.069 (UTC)] info/application	[Sensor] Updated distance: 24.04718926085494 cm | Severity=75 | SourceName=Sensor2 | EventType=application | SourceNode=ns=1;s=SensorSource2
[Anomaly Input] [2026-08-11 15:37:26.079 (UTC)] info/application	[Sensor] Updated distance: 17.906898774163285 cm | Severity=75 | SourceName=Sensor3 | EventType=application | SourceNode=ns=1;s=SensorSource3
[Anomaly Input] [2026-08-11 15:37:26.160 (UTC)] info/application	[Sensor] Updated distance: 9.998366799204781 cm | Severity=75 | SourceName=Sensor | EventType=application | SourceNode=ns=1;s=SensorSource
[Anomaly Input] [2026-08-11 15:37:26.161 (UTC)] info/application	[Motor] Received distance: 9.998366799204781 cm | Severity=75 | SourceName=Motor | EventType=application | SourceNode=ns=1;s=MotorSource
[Anomaly Input] [2026-08-11 15:37:26.161 (UTC)] info/application	[Motor] Received distance: 17.906898774163285 cm | Severity=75 | SourceName=Motor3 | EventType=application | SourceNode=ns=1;s=MotorSource3
[Anomaly Input] [2026-08-11 15:37:26.163 (UTC)] info/application	[Motor] Received distance: 24.04718926085494 cm | Severity=75 | SourceName=Motor2 | EventType=application | SourceNode=ns=1;s=MotorSource2
[Anomaly Input] [2026-08-11 15:37:26.161 (UTC)] warn/application	[Motor] Distance too close (9.998366799204781); rotating motor to 0 degrees | Severity=175 | SourceName=Motor | EventType=application | SourceNode=ns=1;s=MotorSource
[Anomaly Input] [2026-08-11 15:37:26.161 (UTC)] warn/application	[Motor] Distance too close (17.906898774163285); rotating motor to 0 degrees | Severity=175 | SourceName=Motor3 | EventType=application | SourceNode=ns=1;s=MotorSource3
[Anomaly Input] [2026-08-11 15:37:26.163 (UTC)] info/application	[Motor] Distance safe (24.04718926085494); rotating motor to 90 degrees | Severity=75 | SourceName=Motor2 | EventType=application | SourceNode=ns=1;s=MotorSource2
[Anomaly Input] [2026-08-11 15:37:27.071 (UTC)] info/application	[Sensor] Updated distance: 42.02228504792893 cm | Severity=75 | SourceName=Sensor3 | EventType=application | SourceNode=ns=1;s=SensorSource3
[Anomaly Input] [2026-08-11 15:37:27.071 (UTC)] info/application	[Sensor] Updated distance: 35.18085484261664 cm | Severity=75 | SourceName=Sensor2 | EventType=application | SourceNode=ns=1;s=SensorSource2
[Anomaly Input] [2026-08-11 15:37:27.152 (UTC)] info/application	[Sensor] Updated distance: 14.248587248962645 cm | Severity=75 | SourceName=Sensor | EventType=application | SourceNode=ns=1;s=SensorSource
[Anomaly Input] [2026-08-11 15:37:27.152 (UTC)] info/application	[Motor] Received distance: 42.02228504792893 cm | Severity=75 | SourceName=Motor3 | EventType=application | SourceNode=ns=1;s=MotorSource3
[Anomaly Input] [2026-08-11 15:37:27.153 (UTC)] info/application	[Motor] Received distance: 14.248587248962645 cm | Severity=75 | SourceName=Motor | EventType=application | SourceNode=ns=1;s=MotorSource
[Anomaly Input] [2026-08-11 15:37:27.153 (UTC)] info/application	[Motor] Received distance: 35.18085484261664 cm | Severity=75 | SourceName=Motor2 | EventType=application | SourceNode=ns=1;s=MotorSource2
[Anomaly Input] [2026-08-11 15:37:27.153 (UTC)] info/application	[Motor] Distance safe (42.02228504792893); rotating motor to 90 degrees | Severity=75 | SourceName=Motor3 | EventType=application | SourceNode=ns=1;s=MotorSource3
[Anomaly Input] [2026-08-11 15:37:27.153 (UTC)] warn/application	[Motor] Distance too close (14.248587248962645); rotating motor to 0 degrees | Severity=175 | SourceName=Motor | EventType=application | SourceNode=ns=1;s=MotorSource
[Anomaly Input] [2026-08-11 15:37:27.153 (UTC)] info/application	[Motor] Distance safe (35.18085484261664); rotating motor to 90 degrees | Severity=75 | SourceName=Motor2 | EventType=application | SourceNode=ns=1;s=MotorSource2
[Anomaly Input] [2026-08-11 15:37:28.074 (UTC)] info/application	[Sensor] Updated distance: 37.279864044524665 cm | Severity=75 | SourceName=Sensor2 | EventType=application | SourceNode=ns=1;s=SensorSource2
[Anomaly Input] [2026-08-11 15:37:28.074 (UTC)] info/application	[Sensor] Updated distance: 12.308559549184777 cm | Severity=75 | SourceName=Sensor3 | EventType=application | SourceNode=ns=1;s=SensorSource3
[Anomaly Input] [2026-08-11 15:37:28.155 (UTC)] info/application	[Sensor] Updated distance: 37.52038651123661 cm | Severity=75 | SourceName=Sensor | EventType=application | SourceNode=ns=1;s=SensorSource
[Anomaly Input] [2026-08-11 15:37:28.160 (UTC)] info/application	[Motor] Received distance: 37.52038651123661 cm | Severity=75 | SourceName=Motor | EventType=application | SourceNode=ns=1;s=MotorSource
[Anomaly Input] [2026-08-11 15:37:28.161 (UTC)] info/application	[Motor] Received distance: 37.279864044524665 cm | Severity=75 | SourceName=Motor2 | EventType=application | SourceNode=ns=1;s=MotorSource2
[Anomaly Input] [2026-08-11 15:37:28.164 (UTC)] info/application	[Motor] Received distance: 12.308559549184777 cm | Severity=75 | SourceName=Motor3 | EventType=application | SourceNode=ns=1;s=MotorSource3
[Anomaly Input] [2026-08-11 15:37:28.160 (UTC)] info/application	[Motor] Distance safe (37.52038651123661); rotating motor to 90 degrees | Severity=75 | SourceName=Motor | EventType=application | SourceNode=ns=1;s=MotorSource
[Anomaly Input] [2026-08-11 15:37:28.164 (UTC)] warn/application	[Motor] Distance too close (12.308559549184777); rotating motor to 0 degrees | Severity=175 | SourceName=Motor3 | EventType=application | SourceNode=ns=1;s=MotorSource3
[Anomaly Input] [2026-08-11 15:37:28.161 (UTC)] info/application	[Motor] Distance safe (37.279864044524665); rotating motor to 90 degrees | Severity=75 | SourceName=Motor2 | EventType=application | SourceNode=ns=1;s=MotorSource2
[Anomaly Input] [2026-08-11 15:37:29.071 (UTC)] info/application	[Sensor] Updated distance: 5.1067208736700564 cm | Severity=75 | SourceName=Sensor2 | EventType=application | SourceNode=ns=1;s=SensorSource2
[Anomaly Input] [2026-08-11 15:37:29.071 (UTC)] info/application	[Sensor] Updated distance: 33.64737602306873 cm | Severity=75 | SourceName=Sensor3 | EventType=application | SourceNode=ns=1;s=SensorSource3
[Anomaly Input] [2026-08-11 15:37:29.153 (UTC)] info/application	[Sensor] Updated distance: 38.85098308550705 cm | Severity=75 | SourceName=Sensor | EventType=application | SourceNode=ns=1;s=SensorSource
[Anomaly Input] [2026-08-11 15:37:29.155 (UTC)] info/application	[Motor] Received distance: 38.85098308550705 cm | Severity=75 | SourceName=Motor | EventType=application | SourceNode=ns=1;s=MotorSource
[Anomaly Input] [2026-08-11 15:37:29.161 (UTC)] info/application	[Motor] Received distance: 33.64737602306873 cm | Severity=75 | SourceName=Motor3 | EventType=application | SourceNode=ns=1;s=MotorSource3
[Anomaly Input] [2026-08-11 15:37:29.162 (UTC)] info/application	[Motor] Received distance: 5.1067208736700564 cm | Severity=75 | SourceName=Motor2 | EventType=application | SourceNode=ns=1;s=MotorSource2
[Anomaly Input] [2026-08-11 15:37:29.155 (UTC)] info/application	[Motor] Distance safe (38.85098308550705); rotating motor to 90 degrees | Severity=75 | SourceName=Motor | EventType=application | SourceNode=ns=1;s=MotorSource
[Anomaly Input] [2026-08-11 15:37:29.161 (UTC)] info/application	[Motor] Distance safe (33.64737602306873); rotating motor to 90 degrees | Severity=75 | SourceName=Motor3 | EventType=application | SourceNode=ns=1;s=MotorSource3
[Anomaly Input] [2026-08-11 15:37:29.162 (UTC)] warn/application	[Motor] Distance too close (5.1067208736700564); rotating motor to 0 degrees | Severity=175 | SourceName=Motor2 | EventType=application | SourceNode=ns=1;s=MotorSource2
[Anomaly Input] [2026-08-11 15:37:30.074 (UTC)] info/application	[Sensor] Updated distance: 40.927685137338784 cm | Severity=75 | SourceName=Sensor2 | EventType=application | SourceNode=ns=1;s=SensorSource2
[Anomaly Input] [2026-08-11 15:37:30.074 (UTC)] info/application	[Sensor] Updated distance: 13.661648368305363 cm | Severity=75 | SourceName=Sensor3 | EventType=application | SourceNode=ns=1;s=SensorSource3
[Anomaly Input] [2026-08-11 15:37:30.154 (UTC)] info/application	[Sensor] Updated distance: 40.03245574516824 cm | Severity=75 | SourceName=Sensor | EventType=application | SourceNode=ns=1;s=SensorSource
[Anomaly Input] [2026-08-11 15:37:30.155 (UTC)] info/application	[Motor] Received distance: 40.927685137338784 cm | Severity=75 | SourceName=Motor2 | EventType=application | SourceNode=ns=1;s=MotorSource2
[Anomaly Input] [2026-08-11 15:37:30.155 (UTC)] info/application	[Motor] Received distance: 13.661648368305363 cm | Severity=75 | SourceName=Motor3 | EventType=application | SourceNode=ns=1;s=MotorSource3
[Anomaly Input] [2026-08-11 15:37:30.160 (UTC)] info/application	[Motor] Received distance: 40.03245574516824 cm | Severity=75 | SourceName=Motor | EventType=application | SourceNode=ns=1;s=MotorSource
[Anomaly Input] [2026-08-11 15:37:30.155 (UTC)] info/application	[Motor] Distance safe (40.927685137338784); rotating motor to 90 degrees | Severity=75 | SourceName=Motor2 | EventType=application | SourceNode=ns=1;s=MotorSource2
[Anomaly Input] [2026-08-11 15:37:30.155 (UTC)] warn/application	[Motor] Distance too close (13.661648368305363); rotating motor to 0 degrees | Severity=175 | SourceName=Motor3 | EventType=application | SourceNode=ns=1;s=MotorSource3
[Anomaly Input] [2026-08-11 15:37:30.160 (UTC)] info/application	[Motor] Distance safe (40.03245574516824); rotating motor to 90 degrees | Severity=75 | SourceName=Motor | EventType=application | SourceNode=ns=1;s=MotorSource
[Anomaly Input] [2026-08-11 15:37:31.075 (UTC)] info/application	[Sensor] Updated distance: 10.616463136214978 cm | Severity=75 | SourceName=Sensor2 | EventType=application | SourceNode=ns=1;s=SensorSource2
[Anomaly Input] [2026-08-11 15:37:31.075 (UTC)] info/application	[Sensor] Updated distance: 18.849380754329907 cm | Severity=75 | SourceName=Sensor3 | EventType=application | SourceNode=ns=1;s=SensorSource3
[Anomaly Input] [2026-08-11 15:37:31.156 (UTC)] info/application	[Sensor] Updated distance: 34.8392083574269 cm | Severity=75 | SourceName=Sensor | EventType=application | SourceNode=ns=1;s=SensorSource
[Anomaly Input] [2026-08-11 15:37:31.157 (UTC)] info/application	[Motor] Received distance: 34.8392083574269 cm | Severity=75 | SourceName=Motor | EventType=application | SourceNode=ns=1;s=MotorSource
[Anomaly Input] [2026-08-11 15:37:31.161 (UTC)] info/application	[Motor] Received distance: 10.616463136214978 cm | Severity=75 | SourceName=Motor2 | EventType=application | SourceNode=ns=1;s=MotorSource2
[Anomaly Input] [2026-08-11 15:37:31.162 (UTC)] info/application	[Motor] Received distance: 18.849380754329907 cm | Severity=75 | SourceName=Motor3 | EventType=application | SourceNode=ns=1;s=MotorSource3
[Anomaly Input] [2026-08-11 15:37:31.157 (UTC)] info/application	[Motor] Distance safe (34.8392083574269); rotating motor to 90 degrees | Severity=75 | SourceName=Motor | EventType=application | SourceNode=ns=1;s=MotorSource
[Anomaly Input] [2026-08-11 15:37:31.161 (UTC)] warn/application	[Motor] Distance too close (10.616463136214978); rotating motor to 0 degrees | Severity=175 | SourceName=Motor2 | EventType=application | SourceNode=ns=1;s=MotorSource2
[Anomaly Input] [2026-08-11 15:37:31.162 (UTC)] warn/application	[Motor] Distance too close (18.849380754329907); rotating motor to 0 degrees | Severity=175 | SourceName=Motor3 | EventType=application | SourceNode=ns=1;s=MotorSource3
[Anomaly Input] [2026-08-11 15:37:32.068 (UTC)] info/application	[Sensor] Updated distance: 37.4311206058744 cm | Severity=75 | SourceName=Sensor2 | EventType=application | SourceNode=ns=1;s=SensorSource2
[Anomaly Input] [2026-08-11 15:37:32.078 (UTC)] info/application	[Sensor] Updated distance: 40.07634209379383 cm | Severity=75 | SourceName=Sensor3 | EventType=application | SourceNode=ns=1;s=SensorSource3
[Anomaly Input] [2026-08-11 15:37:32.159 (UTC)] info/application	[Sensor] Updated distance: 11.901755054435577 cm | Severity=75 | SourceName=Sensor | EventType=application | SourceNode=ns=1;s=SensorSource
[Anomaly Input] [2026-08-11 15:37:32.159 (UTC)] info/application	[Motor] Received distance: 37.4311206058744 cm | Severity=75 | SourceName=Motor2 | EventType=application | SourceNode=ns=1;s=MotorSource2
[Anomaly Input] [2026-08-11 15:37:32.159 (UTC)] info/application	[Motor] Received distance: 40.07634209379383 cm | Severity=75 | SourceName=Motor3 | EventType=application | SourceNode=ns=1;s=MotorSource3
[Anomaly Input] [2026-08-11 15:37:32.160 (UTC)] info/application	[Motor] Received distance: 11.901755054435577 cm | Severity=75 | SourceName=Motor | EventType=application | SourceNode=ns=1;s=MotorSource
[Anomaly Input] [2026-08-11 15:37:32.159 (UTC)] info/application	[Motor] Distance safe (37.4311206058744); rotating motor to 90 degrees | Severity=75 | SourceName=Motor2 | EventType=application | SourceNode=ns=1;s=MotorSource2
[Anomaly Input] [2026-08-11 15:37:32.159 (UTC)] info/application	[Motor] Distance safe (40.07634209379383); rotating motor to 90 degrees | Severity=75 | SourceName=Motor3 | EventType=application | SourceNode=ns=1;s=MotorSource3
[Anomaly Input] [2026-08-11 15:37:32.160 (UTC)] warn/application	[Motor] Distance too close (11.901755054435577); rotating motor to 0 degrees | Severity=175 | SourceName=Motor | EventType=application | SourceNode=ns=1;s=MotorSource
[Anomaly Input] [2026-08-11 15:37:33.069 (UTC)] info/application	[Sensor] Updated distance: 9.49722438654733 cm | Severity=75 | SourceName=Sensor2 | EventType=application | SourceNode=ns=1;s=SensorSource2
[Anomaly Input] [2026-08-11 15:37:33.079 (UTC)] info/application	[Sensor] Updated distance: 15.057899116099764 cm | Severity=75 | SourceName=Sensor3 | EventType=application | SourceNode=ns=1;s=SensorSource3
[Anomaly Input] [2026-08-11 15:37:33.160 (UTC)] info/application	[Sensor] Updated distance: 35.34019187155189 cm | Severity=75 | SourceName=Sensor | EventType=application | SourceNode=ns=1;s=SensorSource
[Anomaly Input] [2026-08-11 15:37:33.160 (UTC)] info/application	[Motor] Received distance: 35.34019187155189 cm | Severity=75 | SourceName=Motor | EventType=application | SourceNode=ns=1;s=MotorSource
[Anomaly Input] [2026-08-11 15:37:33.161 (UTC)] info/application	[Motor] Received distance: 9.49722438654733 cm | Severity=75 | SourceName=Motor2 | EventType=application | SourceNode=ns=1;s=MotorSource2
[Anomaly Input] [2026-08-11 15:37:33.162 (UTC)] info/application	[Motor] Received distance: 15.057899116099764 cm | Severity=75 | SourceName=Motor3 | EventType=application | SourceNode=ns=1;s=MotorSource3
[Anomaly Input] [2026-08-11 15:37:33.160 (UTC)] info/application	[Motor] Distance safe (35.34019187155189); rotating motor to 90 degrees | Severity=75 | SourceName=Motor | EventType=application | SourceNode=ns=1;s=MotorSource
[Anomaly Input] [2026-08-11 15:37:33.161 (UTC)] warn/application	[Motor] Distance too close (9.49722438654733); rotating motor to 0 degrees | Severity=175 | SourceName=Motor2 | EventType=application | SourceNode=ns=1;s=MotorSource2
[Anomaly Input] [2026-08-11 15:37:33.162 (UTC)] warn/application	[Motor] Distance too close (15.057899116099764); rotating motor to 0 degrees | Severity=175 | SourceName=Motor3 | EventType=application | SourceNode=ns=1;s=MotorSource3
[Anomaly Input] [2026-08-11 15:37:34.070 (UTC)] info/application	[Sensor] Updated distance: 46.94496645636156 cm | Severity=75 | SourceName=Sensor3 | EventType=application | SourceNode=ns=1;s=SensorSource3
[Anomaly Input] [2026-08-11 15:37:34.070 (UTC)] info/application	[Sensor] Updated distance: 11.292416398083985 cm | Severity=75 | SourceName=Sensor2 | EventType=application | SourceNode=ns=1;s=SensorSource2
[Anomaly Input] [2026-08-11 15:37:34.162 (UTC)] info/application	[Sensor] Updated distance: 25.110183272096414 cm | Severity=75 | SourceName=Sensor | EventType=application | SourceNode=ns=1;s=SensorSource
[Anomaly Input] [2026-08-11 15:37:34.162 (UTC)] info/application	[Motor] Received distance: 11.292416398083985 cm | Severity=75 | SourceName=Motor2 | EventType=application | SourceNode=ns=1;s=MotorSource2
[Anomaly Input] [2026-08-11 15:37:34.170 (UTC)] info/application	[Motor] Received distance: 25.110183272096414 cm | Severity=75 | SourceName=Motor | EventType=application | SourceNode=ns=1;s=MotorSource
[Anomaly Input] [2026-08-11 15:37:34.171 (UTC)] info/application	[Motor] Received distance: 46.94496645636156 cm | Severity=75 | SourceName=Motor3 | EventType=application | SourceNode=ns=1;s=MotorSource3
[Anomaly Input] [2026-08-11 15:37:34.162 (UTC)] warn/application	[Motor] Distance too close (11.292416398083985); rotating motor to 0 degrees | Severity=175 | SourceName=Motor2 | EventType=application | SourceNode=ns=1;s=MotorSource2
[Anomaly Input] [2026-08-11 15:37:34.170 (UTC)] info/application	[Motor] Distance safe (25.110183272096414); rotating motor to 90 degrees | Severity=75 | SourceName=Motor | EventType=application | SourceNode=ns=1;s=MotorSource
[Anomaly Input] [2026-08-11 15:37:34.171 (UTC)] info/application	[Motor] Distance safe (46.94496645636156); rotating motor to 90 degrees | Severity=75 | SourceName=Motor3 | EventType=application | SourceNode=ns=1;s=MotorSource3
[Anomaly Input] [2026-08-11 15:37:35.072 (UTC)] info/application	[Sensor] Updated distance: 23.7154195633323 cm | Severity=75 | SourceName=Sensor3 | EventType=application | SourceNode=ns=1;s=SensorSource3
[Anomaly Input] [2026-08-11 15:37:35.072 (UTC)] info/application	[Sensor] Updated distance: 45.83027832015896 cm | Severity=75 | SourceName=Sensor2 | EventType=application | SourceNode=ns=1;s=SensorSource2
[Anomaly Input] [2026-08-11 15:37:35.153 (UTC)] info/application	[Sensor] Updated distance: 19.50353027205147 cm | Severity=75 | SourceName=Sensor | EventType=application | SourceNode=ns=1;s=SensorSource
[Anomaly Input] [2026-08-11 15:37:35.153 (UTC)] info/application	[Motor] Received distance: 45.83027832015896 cm | Severity=75 | SourceName=Motor2 | EventType=application | SourceNode=ns=1;s=MotorSource2
[Anomaly Input] [2026-08-11 15:37:35.160 (UTC)] info/application	[Motor] Received distance: 19.50353027205147 cm | Severity=75 | SourceName=Motor | EventType=application | SourceNode=ns=1;s=MotorSource
[Anomaly Input] [2026-08-11 15:37:35.161 (UTC)] info/application	[Motor] Received distance: 23.7154195633323 cm | Severity=75 | SourceName=Motor3 | EventType=application | SourceNode=ns=1;s=MotorSource3
[Anomaly Input] [2026-08-11 15:37:35.153 (UTC)] info/application	[Motor] Distance safe (45.83027832015896); rotating motor to 90 degrees | Severity=75 | SourceName=Motor2 | EventType=application | SourceNode=ns=1;s=MotorSource2
[Anomaly Input] [2026-08-11 15:37:35.160 (UTC)] warn/application	[Motor] Distance too close (19.50353027205147); rotating motor to 0 degrees | Severity=175 | SourceName=Motor | EventType=application | SourceNode=ns=1;s=MotorSource
[Anomaly Input] [2026-08-11 15:37:35.161 (UTC)] info/application	[Motor] Distance safe (23.7154195633323); rotating motor to 90 degrees | Severity=75 | SourceName=Motor3 | EventType=application | SourceNode=ns=1;s=MotorSource3
[Anomaly Input] [2026-08-11 15:37:36.073 (UTC)] info/application	[Sensor] Updated distance: 6.083500059360405 cm | Severity=75 | SourceName=Sensor2 | EventType=application | SourceNode=ns=1;s=SensorSource2
[Anomaly Input] [2026-08-11 15:37:36.073 (UTC)] info/application	[Sensor] Updated distance: 5.3864088893804745 cm | Severity=75 | SourceName=Sensor3 | EventType=application | SourceNode=ns=1;s=SensorSource3
[Anomaly Input] [2026-08-11 15:37:36.154 (UTC)] info/application	[Sensor] Updated distance: 7.612622725596941 cm | Severity=75 | SourceName=Sensor | EventType=application | SourceNode=ns=1;s=SensorSource
[Anomaly Input] [2026-08-11 15:37:36.154 (UTC)] info/application	[Motor] Received distance: 7.612622725596941 cm | Severity=75 | SourceName=Motor | EventType=application | SourceNode=ns=1;s=MotorSource
[Anomaly Input] [2026-08-11 15:37:36.162 (UTC)] info/application	[Motor] Received distance: 6.083500059360405 cm | Severity=75 | SourceName=Motor2 | EventType=application | SourceNode=ns=1;s=MotorSource2
[Anomaly Input] [2026-08-11 15:37:36.162 (UTC)] info/application	[Motor] Received distance: 5.3864088893804745 cm | Severity=75 | SourceName=Motor3 | EventType=application | SourceNode=ns=1;s=MotorSource3
[Anomaly Input] [2026-08-11 15:37:36.154 (UTC)] warn/application	[Motor] Distance too close (7.612622725596941); rotating motor to 0 degrees | Severity=175 | SourceName=Motor | EventType=application | SourceNode=ns=1;s=MotorSource
[Anomaly Input] [2026-08-11 15:37:36.162 (UTC)] warn/application	[Motor] Distance too close (5.3864088893804745); rotating motor to 0 degrees | Severity=175 | SourceName=Motor3 | EventType=application | SourceNode=ns=1;s=MotorSource3
[Anomaly Input] [2026-08-11 15:37:36.162 (UTC)] warn/application	[Motor] Distance too close (6.083500059360405); rotating motor to 0 degrees | Severity=175 | SourceName=Motor2 | EventType=application | SourceNode=ns=1;s=MotorSource2
[Anomaly Input] [2026-08-11 15:37:37.074 (UTC)] info/application	[Sensor] Updated distance: 4.5494726610134695 cm | Severity=75 | SourceName=Sensor2 | EventType=application | SourceNode=ns=1;s=SensorSource2
[Anomaly Input] [2026-08-11 15:37:37.074 (UTC)] info/application	[Sensor] Updated distance: 4.398242966457383 cm | Severity=75 | SourceName=Sensor3 | EventType=application | SourceNode=ns=1;s=SensorSource3
[Anomaly Input] [2026-08-11 15:37:37.155 (UTC)] info/application	[Sensor] Updated distance: 11.802703400050618 cm | Severity=75 | SourceName=Sensor | EventType=application | SourceNode=ns=1;s=SensorSource
[Anomaly Input] [2026-08-11 15:37:37.156 (UTC)] info/application	[Motor] Received distance: 4.5494726610134695 cm | Severity=75 | SourceName=Motor2 | EventType=application | SourceNode=ns=1;s=MotorSource2
[Anomaly Input] [2026-08-11 15:37:37.156 (UTC)] info/application	[Motor] Received distance: 4.398242966457383 cm | Severity=75 | SourceName=Motor3 | EventType=application | SourceNode=ns=1;s=MotorSource3
[Anomaly Input] [2026-08-11 15:37:37.160 (UTC)] info/application	[Motor] Received distance: 11.802703400050618 cm | Severity=75 | SourceName=Motor | EventType=application | SourceNode=ns=1;s=MotorSource
[Anomaly Input] [2026-08-11 15:37:37.156 (UTC)] warn/application	[Motor] Distance too close (4.5494726610134695); rotating motor to 0 degrees | Severity=175 | SourceName=Motor2 | EventType=application | SourceNode=ns=1;s=MotorSource2
[Anomaly Input] [2026-08-11 15:37:37.156 (UTC)] warn/application	[Motor] Distance too close (4.398242966457383); rotating motor to 0 degrees | Severity=175 | SourceName=Motor3 | EventType=application | SourceNode=ns=1;s=MotorSource3
[Anomaly Input] [2026-08-11 15:37:37.160 (UTC)] warn/application	[Motor] Distance too close (11.802703400050618); rotating motor to 0 degrees | Severity=175 | SourceName=Motor | EventType=application | SourceNode=ns=1;s=MotorSource
[Anomaly Input] [2026-08-11 15:37:38.077 (UTC)] info/application	[Sensor] Updated distance: 35.34703919354222 cm | Severity=75 | SourceName=Sensor3 | EventType=application | SourceNode=ns=1;s=SensorSource3
[Anomaly Input] [2026-08-11 15:37:38.077 (UTC)] info/application	[Sensor] Updated distance: 47.78087032483 cm | Severity=75 | SourceName=Sensor2 | EventType=application | SourceNode=ns=1;s=SensorSource2
[Anomaly Input] [2026-08-11 15:37:38.157 (UTC)] info/application	[Sensor] Updated distance: 12.541883101007846 cm | Severity=75 | SourceName=Sensor | EventType=application | SourceNode=ns=1;s=SensorSource
[Anomaly Input] [2026-08-11 15:37:38.161 (UTC)] info/application	[Motor] Received distance: 35.34703919354222 cm | Severity=75 | SourceName=Motor3 | EventType=application | SourceNode=ns=1;s=MotorSource3
[Anomaly Input] [2026-08-11 15:37:38.161 (UTC)] info/application	[Motor] Received distance: 12.541883101007846 cm | Severity=75 | SourceName=Motor | EventType=application | SourceNode=ns=1;s=MotorSource
[Anomaly Input] [2026-08-11 15:37:38.162 (UTC)] info/application	[Motor] Received distance: 47.78087032483 cm | Severity=75 | SourceName=Motor2 | EventType=application | SourceNode=ns=1;s=MotorSource2
[Anomaly Input] [2026-08-11 15:37:38.161 (UTC)] info/application	[Motor] Distance safe (35.34703919354222); rotating motor to 90 degrees | Severity=75 | SourceName=Motor3 | EventType=application | SourceNode=ns=1;s=MotorSource3
[Anomaly Input] [2026-08-11 15:37:38.161 (UTC)] warn/application	[Motor] Distance too close (12.541883101007846); rotating motor to 0 degrees | Severity=175 | SourceName=Motor | EventType=application | SourceNode=ns=1;s=MotorSource
[Anomaly Input] [2026-08-11 15:37:38.162 (UTC)] info/application	[Motor] Distance safe (47.78087032483); rotating motor to 90 degrees | Severity=75 | SourceName=Motor2 | EventType=application | SourceNode=ns=1;s=MotorSource2
[Anomaly Input] [2026-08-11 15:37:39.068 (UTC)] info/application	[Sensor] Updated distance: 22.898204522625637 cm | Severity=75 | SourceName=Sensor2 | EventType=application | SourceNode=ns=1;s=SensorSource2
[Anomaly Input] [2026-08-11 15:37:39.078 (UTC)] info/application	[Sensor] Updated distance: 41.65953049420357 cm | Severity=75 | SourceName=Sensor3 | EventType=application | SourceNode=ns=1;s=SensorSource3
[Anomaly Input] [2026-08-11 15:37:39.159 (UTC)] info/application	[Sensor] Updated distance: 13.42200376625266 cm | Severity=75 | SourceName=Sensor | EventType=application | SourceNode=ns=1;s=SensorSource
[Anomaly Input] [2026-08-11 15:37:39.159 (UTC)] info/application	[Motor] Received distance: 13.42200376625266 cm | Severity=75 | SourceName=Motor | EventType=application | SourceNode=ns=1;s=MotorSource
[Anomaly Input] [2026-08-11 15:37:39.159 (UTC)] info/application	[Motor] Received distance: 22.898204522625637 cm | Severity=75 | SourceName=Motor2 | EventType=application | SourceNode=ns=1;s=MotorSource2
[Anomaly Input] [2026-08-11 15:37:39.159 (UTC)] info/application	[Motor] Received distance: 41.65953049420357 cm | Severity=75 | SourceName=Motor3 | EventType=application | SourceNode=ns=1;s=MotorSource3
[Anomaly Input] [2026-08-11 15:37:39.159 (UTC)] warn/application	[Motor] Distance too close (13.42200376625266); rotating motor to 0 degrees | Severity=175 | SourceName=Motor | EventType=application | SourceNode=ns=1;s=MotorSource
[Anomaly Input] [2026-08-11 15:37:39.159 (UTC)] info/application	[Motor] Distance safe (22.898204522625637); rotating motor to 90 degrees | Severity=75 | SourceName=Motor2 | EventType=application | SourceNode=ns=1;s=MotorSource2
[Anomaly Input] [2026-08-11 15:37:39.159 (UTC)] info/application	[Motor] Distance safe (41.65953049420357); rotating motor to 90 degrees | Severity=75 | SourceName=Motor3 | EventType=application | SourceNode=ns=1;s=MotorSource3
[Anomaly Input] [2026-08-11 15:37:40.070 (UTC)] info/application	[Sensor] Updated distance: 19.82131133313352 cm | Severity=75 | SourceName=Sensor2 | EventType=application | SourceNode=ns=1;s=SensorSource2
[Anomaly Input] [2026-08-11 15:37:40.070 (UTC)] info/application	[Sensor] Updated distance: 17.082100502719218 cm | Severity=75 | SourceName=Sensor3 | EventType=application | SourceNode=ns=1;s=SensorSource3
[Anomaly Input] [2026-08-11 15:37:40.161 (UTC)] info/application	[Sensor] Updated distance: 18.64991162002548 cm | Severity=75 | SourceName=Sensor | EventType=application | SourceNode=ns=1;s=SensorSource
[Anomaly Input] [2026-08-11 15:37:40.163 (UTC)] info/application	[Motor] Received distance: 17.082100502719218 cm | Severity=75 | SourceName=Motor3 | EventType=application | SourceNode=ns=1;s=MotorSource3
[Anomaly Input] [2026-08-11 15:37:40.171 (UTC)] info/application	[Motor] Received distance: 18.64991162002548 cm | Severity=75 | SourceName=Motor | EventType=application | SourceNode=ns=1;s=MotorSource
[Anomaly Input] [2026-08-11 15:37:40.171 (UTC)] info/application	[Motor] Received distance: 19.82131133313352 cm | Severity=75 | SourceName=Motor2 | EventType=application | SourceNode=ns=1;s=MotorSource2
[Anomaly Input] [2026-08-11 15:37:40.163 (UTC)] warn/application	[Motor] Distance too close (17.082100502719218); rotating motor to 0 degrees | Severity=175 | SourceName=Motor3 | EventType=application | SourceNode=ns=1;s=MotorSource3
[Anomaly Input] [2026-08-11 15:37:40.171 (UTC)] warn/application	[Motor] Distance too close (18.64991162002548); rotating motor to 0 degrees | Severity=175 | SourceName=Motor | EventType=application | SourceNode=ns=1;s=MotorSource
[Anomaly Input] [2026-08-11 15:37:40.171 (UTC)] warn/application	[Motor] Distance too close (19.82131133313352); rotating motor to 0 degrees | Severity=175 | SourceName=Motor2 | EventType=application | SourceNode=ns=1;s=MotorSource2
[Anomaly Input] [2026-08-11 15:37:41.071 (UTC)] info/application	[Sensor] Updated distance: 42.429947670749364 cm | Severity=75 | SourceName=Sensor2 | EventType=application | SourceNode=ns=1;s=SensorSource2
[Anomaly Input] [2026-08-11 15:37:41.071 (UTC)] info/application	[Sensor] Updated distance: 33.28276050802448 cm | Severity=75 | SourceName=Sensor3 | EventType=application | SourceNode=ns=1;s=SensorSource3
[Anomaly Input] [2026-08-11 15:37:41.152 (UTC)] info/application	[Sensor] Updated distance: 44.24873473972489 cm | Severity=75 | SourceName=Sensor | EventType=application | SourceNode=ns=1;s=SensorSource
[Anomaly Input] [2026-08-11 15:37:41.152 (UTC)] info/application	[Motor] Received distance: 33.28276050802448 cm | Severity=75 | SourceName=Motor3 | EventType=application | SourceNode=ns=1;s=MotorSource3
[Anomaly Input] [2026-08-11 15:37:41.160 (UTC)] info/application	[Motor] Received distance: 44.24873473972489 cm | Severity=75 | SourceName=Motor | EventType=application | SourceNode=ns=1;s=MotorSource
[Anomaly Input] [2026-08-11 15:37:41.161 (UTC)] info/application	[Motor] Received distance: 42.429947670749364 cm | Severity=75 | SourceName=Motor2 | EventType=application | SourceNode=ns=1;s=MotorSource2
[Anomaly Input] [2026-08-11 15:37:41.152 (UTC)] info/application	[Motor] Distance safe (33.28276050802448); rotating motor to 90 degrees | Severity=75 | SourceName=Motor3 | EventType=application | SourceNode=ns=1;s=MotorSource3
[Anomaly Input] [2026-08-11 15:37:41.160 (UTC)] info/application	[Motor] Distance safe (44.24873473972489); rotating motor to 90 degrees | Severity=75 | SourceName=Motor | EventType=application | SourceNode=ns=1;s=MotorSource
[Anomaly Input] [2026-08-11 15:37:41.161 (UTC)] info/application	[Motor] Distance safe (42.429947670749364); rotating motor to 90 degrees | Severity=75 | SourceName=Motor2 | EventType=application | SourceNode=ns=1;s=MotorSource2
[Anomaly Input] [2026-08-11 15:37:42.072 (UTC)] info/application	[Sensor] Updated distance: 25.95448037607338 cm | Severity=75 | SourceName=Sensor2 | EventType=application | SourceNode=ns=1;s=SensorSource2
[Anomaly Input] [2026-08-11 15:37:42.072 (UTC)] info/application	[Sensor] Updated distance: 26.07564127821272 cm | Severity=75 | SourceName=Sensor3 | EventType=application | SourceNode=ns=1;s=SensorSource3
[Anomaly Input] [2026-08-11 15:37:42.153 (UTC)] info/application	[Sensor] Updated distance: 45.218820025780616 cm | Severity=75 | SourceName=Sensor | EventType=application | SourceNode=ns=1;s=SensorSource
[Anomaly Input] [2026-08-11 15:37:42.153 (UTC)] info/application	[Motor] Received distance: 45.218820025780616 cm | Severity=75 | SourceName=Motor | EventType=application | SourceNode=ns=1;s=MotorSource
[Anomaly Input] [2026-08-11 15:37:42.161 (UTC)] info/application	[Motor] Received distance: 26.07564127821272 cm | Severity=75 | SourceName=Motor3 | EventType=application | SourceNode=ns=1;s=MotorSource3
[Anomaly Input] [2026-08-11 15:37:42.162 (UTC)] info/application	[Motor] Received distance: 25.95448037607338 cm | Severity=75 | SourceName=Motor2 | EventType=application | SourceNode=ns=1;s=MotorSource2
[Anomaly Input] [2026-08-11 15:37:42.153 (UTC)] info/application	[Motor] Distance safe (45.218820025780616); rotating motor to 90 degrees | Severity=75 | SourceName=Motor | EventType=application | SourceNode=ns=1;s=MotorSource
[Anomaly Input] [2026-08-11 15:37:42.161 (UTC)] info/application	[Motor] Distance safe (26.07564127821272); rotating motor to 90 degrees | Severity=75 | SourceName=Motor3 | EventType=application | SourceNode=ns=1;s=MotorSource3
[Anomaly Input] [2026-08-11 15:37:42.162 (UTC)] info/application	[Motor] Distance safe (25.95448037607338); rotating motor to 90 degrees | Severity=75 | SourceName=Motor2 | EventType=application | SourceNode=ns=1;s=MotorSource2
[Anomaly Input] [2026-08-11 15:37:43.075 (UTC)] info/application	[Sensor] Updated distance: 41.75820006791418 cm | Severity=75 | SourceName=Sensor3 | EventType=application | SourceNode=ns=1;s=SensorSource3
[Anomaly Input] [2026-08-11 15:37:43.075 (UTC)] info/application	[Sensor] Updated distance: 16.91481452384722 cm | Severity=75 | SourceName=Sensor2 | EventType=application | SourceNode=ns=1;s=SensorSource2
[Anomaly Input] [2026-08-11 15:37:43.156 (UTC)] info/application	[Sensor] Updated distance: 27.88225172175199 cm | Severity=75 | SourceName=Sensor | EventType=application | SourceNode=ns=1;s=SensorSource
[Anomaly Input] [2026-08-11 15:37:43.156 (UTC)] info/application	[Motor] Received distance: 41.75820006791418 cm | Severity=75 | SourceName=Motor3 | EventType=application | SourceNode=ns=1;s=MotorSource3
[Anomaly Input] [2026-08-11 15:37:43.156 (UTC)] info/application	[Motor] Received distance: 16.91481452384722 cm | Severity=75 | SourceName=Motor2 | EventType=application | SourceNode=ns=1;s=MotorSource2
[Anomaly Input] [2026-08-11 15:37:43.160 (UTC)] info/application	[Motor] Received distance: 27.88225172175199 cm | Severity=75 | SourceName=Motor | EventType=application | SourceNode=ns=1;s=MotorSource
[Anomaly Input] [2026-08-11 15:37:43.156 (UTC)] info/application	[Motor] Distance safe (41.75820006791418); rotating motor to 90 degrees | Severity=75 | SourceName=Motor3 | EventType=application | SourceNode=ns=1;s=MotorSource3
[Anomaly Input] [2026-08-11 15:37:43.156 (UTC)] warn/application	[Motor] Distance too close (16.91481452384722); rotating motor to 0 degrees | Severity=175 | SourceName=Motor2 | EventType=application | SourceNode=ns=1;s=MotorSource2
[Anomaly Input] [2026-08-11 15:37:43.160 (UTC)] info/application	[Motor] Distance safe (27.88225172175199); rotating motor to 90 degrees | Severity=75 | SourceName=Motor | EventType=application | SourceNode=ns=1;s=MotorSource
[Anomaly Input] [2026-08-11 15:37:44.076 (UTC)] info/application	[Sensor] Updated distance: 25.995895873753305 cm | Severity=75 | SourceName=Sensor3 | EventType=application | SourceNode=ns=1;s=SensorSource3
[Anomaly Input] [2026-08-11 15:37:44.077 (UTC)] info/application	[Sensor] Updated distance: 10.54213534693333 cm | Severity=75 | SourceName=Sensor2 | EventType=application | SourceNode=ns=1;s=SensorSource2
[Anomaly Input] [2026-08-11 15:37:44.157 (UTC)] info/application	[Sensor] Updated distance: 29.753764605034963 cm | Severity=75 | SourceName=Sensor | EventType=application | SourceNode=ns=1;s=SensorSource
[Anomaly Input] [2026-08-11 15:37:44.157 (UTC)] info/application	[Motor] Received distance: 29.753764605034963 cm | Severity=75 | SourceName=Motor | EventType=application | SourceNode=ns=1;s=MotorSource
[Anomaly Input] [2026-08-11 15:37:44.161 (UTC)] info/application	[Motor] Received distance: 10.54213534693333 cm | Severity=75 | SourceName=Motor2 | EventType=application | SourceNode=ns=1;s=MotorSource2
[Anomaly Input] [2026-08-11 15:37:44.161 (UTC)] info/application	[Motor] Received distance: 25.995895873753305 cm | Severity=75 | SourceName=Motor3 | EventType=application | SourceNode=ns=1;s=MotorSource3
[Anomaly Input] [2026-08-11 15:37:44.157 (UTC)] info/application	[Motor] Distance safe (29.753764605034963); rotating motor to 90 degrees | Severity=75 | SourceName=Motor | EventType=application | SourceNode=ns=1;s=MotorSource
[Anomaly Input] [2026-08-11 15:37:44.161 (UTC)] warn/application	[Motor] Distance too close (10.54213534693333); rotating motor to 0 degrees | Severity=175 | SourceName=Motor2 | EventType=application | SourceNode=ns=1;s=MotorSource2
[Anomaly Input] [2026-08-11 15:37:44.161 (UTC)] info/application	[Motor] Distance safe (25.995895873753305); rotating motor to 90 degrees | Severity=75 | SourceName=Motor3 | EventType=application | SourceNode=ns=1;s=MotorSource3
[Anomaly Input] [2026-08-11 15:37:45.068 (UTC)] info/application	[Sensor] Updated distance: 20.883148708792007 cm | Severity=75 | SourceName=Sensor2 | EventType=application | SourceNode=ns=1;s=SensorSource2
[Anomaly Input] [2026-08-11 15:37:45.079 (UTC)] info/application	[Sensor] Updated distance: 22.47117699890918 cm | Severity=75 | SourceName=Sensor3 | EventType=application | SourceNode=ns=1;s=SensorSource3
[Anomaly Input] [2026-08-11 15:37:45.160 (UTC)] info/application	[Sensor] Updated distance: 32.602336204891245 cm | Severity=75 | SourceName=Sensor | EventType=application | SourceNode=ns=1;s=SensorSource
[Anomaly Input] [2026-08-11 15:37:45.160 (UTC)] info/application	[Motor] Received distance: 20.883148708792007 cm | Severity=75 | SourceName=Motor2 | EventType=application | SourceNode=ns=1;s=MotorSource2
[Anomaly Input] [2026-08-11 15:37:45.160 (UTC)] info/application	[Motor] Received distance: 22.47117699890918 cm | Severity=75 | SourceName=Motor3 | EventType=application | SourceNode=ns=1;s=MotorSource3
[Anomaly Input] [2026-08-11 15:37:45.160 (UTC)] info/application	[Motor] Received distance: 32.602336204891245 cm | Severity=75 | SourceName=Motor | EventType=application | SourceNode=ns=1;s=MotorSource
[Anomaly Input] [2026-08-11 15:37:45.160 (UTC)] info/application	[Motor] Distance safe (20.883148708792007); rotating motor to 90 degrees | Severity=75 | SourceName=Motor2 | EventType=application | SourceNode=ns=1;s=MotorSource2
[Anomaly Input] [2026-08-11 15:37:45.160 (UTC)] info/application	[Motor] Distance safe (22.47117699890918); rotating motor to 90 degrees | Severity=75 | SourceName=Motor3 | EventType=application | SourceNode=ns=1;s=MotorSource3
[Anomaly Input] [2026-08-11 15:37:45.160 (UTC)] info/application	[Motor] Distance safe (32.602336204891245); rotating motor to 90 degrees | Severity=75 | SourceName=Motor | EventType=application | SourceNode=ns=1;s=MotorSource
[Anomaly Input] [2026-08-11 15:37:46.071 (UTC)] info/application	[Sensor] Updated distance: 25.06633811773096 cm | Severity=75 | SourceName=Sensor3 | EventType=application | SourceNode=ns=1;s=SensorSource3
[Anomaly Input] [2026-08-11 15:37:46.071 (UTC)] info/application	[Sensor] Updated distance: 42.0847672410704 cm | Severity=75 | SourceName=Sensor2 | EventType=application | SourceNode=ns=1;s=SensorSource2
[Anomaly Input] [2026-08-11 15:37:46.152 (UTC)] info/application	[Sensor] Updated distance: 11.425770018913676 cm | Severity=75 | SourceName=Sensor | EventType=application | SourceNode=ns=1;s=SensorSource
[Anomaly Input] [2026-08-11 15:37:46.152 (UTC)] info/application	[Motor] Received distance: 11.425770018913676 cm | Severity=75 | SourceName=Motor | EventType=application | SourceNode=ns=1;s=MotorSource
[Anomaly Input] [2026-08-11 15:37:46.171 (UTC)] info/application	[Motor] Received distance: 42.0847672410704 cm | Severity=75 | SourceName=Motor2 | EventType=application | SourceNode=ns=1;s=MotorSource2
[Anomaly Input] [2026-08-11 15:37:46.171 (UTC)] info/application	[Motor] Received distance: 25.06633811773096 cm | Severity=75 | SourceName=Motor3 | EventType=application | SourceNode=ns=1;s=MotorSource3
[Anomaly Input] [2026-08-11 15:37:46.152 (UTC)] warn/application	[Motor] Distance too close (11.425770018913676); rotating motor to 0 degrees | Severity=175 | SourceName=Motor | EventType=application | SourceNode=ns=1;s=MotorSource
[Anomaly Input] [2026-08-11 15:37:46.171 (UTC)] info/application	[Motor] Distance safe (42.0847672410704); rotating motor to 90 degrees | Severity=75 | SourceName=Motor2 | EventType=application | SourceNode=ns=1;s=MotorSource2
[Anomaly Input] [2026-08-11 15:37:46.171 (UTC)] info/application	[Motor] Distance safe (25.06633811773096); rotating motor to 90 degrees | Severity=75 | SourceName=Motor3 | EventType=application | SourceNode=ns=1;s=MotorSource3
[Anomaly Input] [2026-08-11 15:37:47.073 (UTC)] info/application	[Sensor] Updated distance: 10.52329450497557 cm | Severity=75 | SourceName=Sensor2 | EventType=application | SourceNode=ns=1;s=SensorSource2
[Anomaly Input] [2026-08-11 15:37:47.073 (UTC)] info/application	[Sensor] Updated distance: 14.369770391085078 cm | Severity=75 | SourceName=Sensor3 | EventType=application | SourceNode=ns=1;s=SensorSource3
[Anomaly Input] [2026-08-11 15:37:47.154 (UTC)] info/application	[Sensor] Updated distance: 19.254411571311955 cm | Severity=75 | SourceName=Sensor | EventType=application | SourceNode=ns=1;s=SensorSource
[Anomaly Input] [2026-08-11 15:37:47.160 (UTC)] info/application	[Motor] Received distance: 19.254411571311955 cm | Severity=75 | SourceName=Motor | EventType=application | SourceNode=ns=1;s=MotorSource
[Anomaly Input] [2026-08-11 15:37:47.161 (UTC)] info/application	[Motor] Received distance: 10.52329450497557 cm | Severity=75 | SourceName=Motor2 | EventType=application | SourceNode=ns=1;s=MotorSource2
[Anomaly Input] [2026-08-11 15:37:47.161 (UTC)] info/application	[Motor] Received distance: 14.369770391085078 cm | Severity=75 | SourceName=Motor3 | EventType=application | SourceNode=ns=1;s=MotorSource3
[Anomaly Input] [2026-08-11 15:37:47.160 (UTC)] warn/application	[Motor] Distance too close (19.254411571311955); rotating motor to 0 degrees | Severity=175 | SourceName=Motor | EventType=application | SourceNode=ns=1;s=MotorSource
[Anomaly Input] [2026-08-11 15:37:47.161 (UTC)] warn/application	[Motor] Distance too close (10.52329450497557); rotating motor to 0 degrees | Severity=175 | SourceName=Motor2 | EventType=application | SourceNode=ns=1;s=MotorSource2
[Anomaly Input] [2026-08-11 15:37:47.161 (UTC)] warn/application	[Motor] Distance too close (14.369770391085078); rotating motor to 0 degrees | Severity=175 | SourceName=Motor3 | EventType=application | SourceNode=ns=1;s=MotorSource3
[Anomaly Input] [2026-08-11 15:37:48.075 (UTC)] info/application	[Sensor] Updated distance: 26.295360464740245 cm | Severity=75 | SourceName=Sensor2 | EventType=application | SourceNode=ns=1;s=SensorSource2
[Anomaly Input] [2026-08-11 15:37:48.075 (UTC)] info/application	[Sensor] Updated distance: 36.41716843956018 cm | Severity=75 | SourceName=Sensor3 | EventType=application | SourceNode=ns=1;s=SensorSource3
[Anomaly Input] [2026-08-11 15:37:48.156 (UTC)] info/application	[Sensor] Updated distance: 20.12938304344629 cm | Severity=75 | SourceName=Sensor | EventType=application | SourceNode=ns=1;s=SensorSource
[Anomaly Input] [2026-08-11 15:37:48.156 (UTC)] info/application	[Motor] Received distance: 20.12938304344629 cm | Severity=75 | SourceName=Motor | EventType=application | SourceNode=ns=1;s=MotorSource
[Anomaly Input] [2026-08-11 15:37:48.156 (UTC)] info/application	[Motor] Received distance: 26.295360464740245 cm | Severity=75 | SourceName=Motor2 | EventType=application | SourceNode=ns=1;s=MotorSource2
[Anomaly Input] [2026-08-11 15:37:48.156 (UTC)] info/application	[Motor] Received distance: 36.41716843956018 cm | Severity=75 | SourceName=Motor3 | EventType=application | SourceNode=ns=1;s=MotorSource3
[Anomaly Input] [2026-08-11 15:37:48.156 (UTC)] info/application	[Motor] Distance safe (20.12938304344629); rotating motor to 90 degrees | Severity=75 | SourceName=Motor | EventType=application | SourceNode=ns=1;s=MotorSource
[Anomaly Input] [2026-08-11 15:37:48.156 (UTC)] info/application	[Motor] Distance safe (26.295360464740245); rotating motor to 90 degrees | Severity=75 | SourceName=Motor2 | EventType=application | SourceNode=ns=1;s=MotorSource2
[Anomaly Input] [2026-08-11 15:37:48.156 (UTC)] info/application	[Motor] Distance safe (36.41716843956018); rotating motor to 90 degrees | Severity=75 | SourceName=Motor3 | EventType=application | SourceNode=ns=1;s=MotorSource3
[Anomaly Input] [2026-08-11 15:37:49.077 (UTC)] info/application	[Sensor] Updated distance: 22.716095673253804 cm | Severity=75 | SourceName=Sensor2 | EventType=application | SourceNode=ns=1;s=SensorSource2
[Anomaly Input] [2026-08-11 15:37:49.077 (UTC)] info/application	[Sensor] Updated distance: 16.15514288011712 cm | Severity=75 | SourceName=Sensor3 | EventType=application | SourceNode=ns=1;s=SensorSource3
[Anomaly Input] [2026-08-11 15:37:49.158 (UTC)] info/application	[Sensor] Updated distance: 25.552027810156357 cm | Severity=75 | SourceName=Sensor | EventType=application | SourceNode=ns=1;s=SensorSource
[Anomaly Input] [2026-08-11 15:37:49.160 (UTC)] info/application	[Motor] Received distance: 25.552027810156357 cm | Severity=75 | SourceName=Motor | EventType=application | SourceNode=ns=1;s=MotorSource
[Anomaly Input] [2026-08-11 15:37:49.162 (UTC)] info/application	[Motor] Received distance: 16.15514288011712 cm | Severity=75 | SourceName=Motor3 | EventType=application | SourceNode=ns=1;s=MotorSource3
[Anomaly Input] [2026-08-11 15:37:49.162 (UTC)] info/application	[Motor] Received distance: 22.716095673253804 cm | Severity=75 | SourceName=Motor2 | EventType=application | SourceNode=ns=1;s=MotorSource2
[Anomaly Input] [2026-08-11 15:37:49.160 (UTC)] info/application	[Motor] Distance safe (25.552027810156357); rotating motor to 90 degrees | Severity=75 | SourceName=Motor | EventType=application | SourceNode=ns=1;s=MotorSource
[Anomaly Input] [2026-08-11 15:37:49.162 (UTC)] warn/application	[Motor] Distance too close (16.15514288011712); rotating motor to 0 degrees | Severity=175 | SourceName=Motor3 | EventType=application | SourceNode=ns=1;s=MotorSource3
[Anomaly Input] [2026-08-11 15:37:49.162 (UTC)] info/application	[Motor] Distance safe (22.716095673253804); rotating motor to 90 degrees | Severity=75 | SourceName=Motor2 | EventType=application | SourceNode=ns=1;s=MotorSource2
[Anomaly Input] [2026-08-11 15:37:50.068 (UTC)] info/application	[Sensor] Updated distance: 30.474241642502246 cm | Severity=75 | SourceName=Sensor2 | EventType=application | SourceNode=ns=1;s=SensorSource2
[Anomaly Input] [2026-08-11 15:37:50.078 (UTC)] info/application	[Sensor] Updated distance: 34.17817338564348 cm | Severity=75 | SourceName=Sensor3 | EventType=application | SourceNode=ns=1;s=SensorSource3
[Anomaly Input] [2026-08-11 15:37:50.159 (UTC)] info/application	[Sensor] Updated distance: 10.762534249929029 cm | Severity=75 | SourceName=Sensor | EventType=application | SourceNode=ns=1;s=SensorSource
[Anomaly Input] [2026-08-11 15:37:50.160 (UTC)] info/application	[Motor] Received distance: 30.474241642502246 cm | Severity=75 | SourceName=Motor2 | EventType=application | SourceNode=ns=1;s=MotorSource2
[Anomaly Input] [2026-08-11 15:37:50.160 (UTC)] info/application	[Motor] Received distance: 10.762534249929029 cm | Severity=75 | SourceName=Motor | EventType=application | SourceNode=ns=1;s=MotorSource
[Anomaly Input] [2026-08-11 15:37:50.160 (UTC)] info/application	[Motor] Received distance: 34.17817338564348 cm | Severity=75 | SourceName=Motor3 | EventType=application | SourceNode=ns=1;s=MotorSource3
[Anomaly Input] [2026-08-11 15:37:50.160 (UTC)] warn/application	[Motor] Distance too close (10.762534249929029); rotating motor to 0 degrees | Severity=175 | SourceName=Motor | EventType=application | SourceNode=ns=1;s=MotorSource
[Anomaly Input] [2026-08-11 15:37:50.160 (UTC)] info/application	[Motor] Distance safe (30.474241642502246); rotating motor to 90 degrees | Severity=75 | SourceName=Motor2 | EventType=application | SourceNode=ns=1;s=MotorSource2
[Anomaly Input] [2026-08-11 15:37:50.160 (UTC)] info/application	[Motor] Distance safe (34.17817338564348); rotating motor to 90 degrees | Severity=75 | SourceName=Motor3 | EventType=application | SourceNode=ns=1;s=MotorSource3
[Anomaly Input] [2026-08-11 15:37:51.070 (UTC)] info/application	[Sensor] Updated distance: 20.388539263228203 cm | Severity=75 | SourceName=Sensor3 | EventType=application | SourceNode=ns=1;s=SensorSource3
[Anomaly Input] [2026-08-11 15:37:51.071 (UTC)] info/application	[Sensor] Updated distance: 35.1526721572283 cm | Severity=75 | SourceName=Sensor2 | EventType=application | SourceNode=ns=1;s=SensorSource2
[Anomaly Input] [2026-08-11 15:37:51.162 (UTC)] info/application	[Sensor] Updated distance: 44.952174854908215 cm | Severity=75 | SourceName=Sensor | EventType=application | SourceNode=ns=1;s=SensorSource
[Anomaly Input] [2026-08-11 15:37:51.162 (UTC)] info/application	[Motor] Received distance: 35.1526721572283 cm | Severity=75 | SourceName=Motor2 | EventType=application | SourceNode=ns=1;s=MotorSource2
[Anomaly Input] [2026-08-11 15:37:51.162 (UTC)] info/application	[Motor] Received distance: 20.388539263228203 cm | Severity=75 | SourceName=Motor3 | EventType=application | SourceNode=ns=1;s=MotorSource3
[Anomaly Input] [2026-08-11 15:37:51.170 (UTC)] info/application	[Motor] Received distance: 44.952174854908215 cm | Severity=75 | SourceName=Motor | EventType=application | SourceNode=ns=1;s=MotorSource
[Anomaly Input] [2026-08-11 15:37:51.162 (UTC)] info/application	[Motor] Distance safe (35.1526721572283); rotating motor to 90 degrees | Severity=75 | SourceName=Motor2 | EventType=application | SourceNode=ns=1;s=MotorSource2
[Anomaly Input] [2026-08-11 15:37:51.162 (UTC)] info/application	[Motor] Distance safe (20.388539263228203); rotating motor to 90 degrees | Severity=75 | SourceName=Motor3 | EventType=application | SourceNode=ns=1;s=MotorSource3
[Anomaly Input] [2026-08-11 15:37:51.170 (UTC)] info/application	[Motor] Distance safe (44.952174854908215); rotating motor to 90 degrees | Severity=75 | SourceName=Motor | EventType=application | SourceNode=ns=1;s=MotorSource
[Anomaly Input] [2026-08-11 15:37:52.072 (UTC)] info/application	[Sensor] Updated distance: 23.68448207047045 cm | Severity=75 | SourceName=Sensor2 | EventType=application | SourceNode=ns=1;s=SensorSource2
[Anomaly Input] [2026-08-11 15:37:52.072 (UTC)] info/application	[Sensor] Updated distance: 33.331910535382065 cm | Severity=75 | SourceName=Sensor3 | EventType=application | SourceNode=ns=1;s=SensorSource3
[Anomaly Input] [2026-08-11 15:37:52.152 (UTC)] info/application	[Sensor] Updated distance: 32.473819657449525 cm | Severity=75 | SourceName=Sensor | EventType=application | SourceNode=ns=1;s=SensorSource
[Anomaly Input] [2026-08-11 15:37:52.153 (UTC)] info/application	[Motor] Received distance: 33.331910535382065 cm | Severity=75 | SourceName=Motor3 | EventType=application | SourceNode=ns=1;s=MotorSource3
[Anomaly Input] [2026-08-11 15:37:52.153 (UTC)] info/application	[Motor] Received distance: 23.68448207047045 cm | Severity=75 | SourceName=Motor2 | EventType=application | SourceNode=ns=1;s=MotorSource2
[Anomaly Input] [2026-08-11 15:37:52.160 (UTC)] info/application	[Motor] Received distance: 32.473819657449525 cm | Severity=75 | SourceName=Motor | EventType=application | SourceNode=ns=1;s=MotorSource
[Anomaly Input] [2026-08-11 15:37:52.153 (UTC)] info/application	[Motor] Distance safe (33.331910535382065); rotating motor to 90 degrees | Severity=75 | SourceName=Motor3 | EventType=application | SourceNode=ns=1;s=MotorSource3
[Anomaly Input] [2026-08-11 15:37:52.153 (UTC)] info/application	[Motor] Distance safe (23.68448207047045); rotating motor to 90 degrees | Severity=75 | SourceName=Motor2 | EventType=application | SourceNode=ns=1;s=MotorSource2
[Anomaly Input] [2026-08-11 15:37:52.160 (UTC)] info/application	[Motor] Distance safe (32.473819657449525); rotating motor to 90 degrees | Severity=75 | SourceName=Motor | EventType=application | SourceNode=ns=1;s=MotorSource
[Anomaly Input] [2026-08-11 15:37:53.072 (UTC)] info/application	[Sensor] Updated distance: 35.29527837098356 cm | Severity=75 | SourceName=Sensor2 | EventType=application | SourceNode=ns=1;s=SensorSource2
[Anomaly Input] [2026-08-11 15:37:53.072 (UTC)] info/application	[Sensor] Updated distance: 5.2779016435509085 cm | Severity=75 | SourceName=Sensor3 | EventType=application | SourceNode=ns=1;s=SensorSource3
[Anomaly Input] [2026-08-11 15:37:53.153 (UTC)] info/application	[Sensor] Updated distance: 44.1923602717893 cm | Severity=75 | SourceName=Sensor | EventType=application | SourceNode=ns=1;s=SensorSource
[Anomaly Input] [2026-08-11 15:37:53.153 (UTC)] info/application	[Motor] Received distance: 44.1923602717893 cm | Severity=75 | SourceName=Motor | EventType=application | SourceNode=ns=1;s=MotorSource
[Anomaly Input] [2026-08-11 15:37:53.161 (UTC)] info/application	[Motor] Received distance: 35.29527837098356 cm | Severity=75 | SourceName=Motor2 | EventType=application | SourceNode=ns=1;s=MotorSource2
[Anomaly Input] [2026-08-11 15:37:53.161 (UTC)] info/application	[Motor] Received distance: 5.2779016435509085 cm | Severity=75 | SourceName=Motor3 | EventType=application | SourceNode=ns=1;s=MotorSource3
[Anomaly Input] [2026-08-11 15:37:53.153 (UTC)] info/application	[Motor] Distance safe (44.1923602717893); rotating motor to 90 degrees | Severity=75 | SourceName=Motor | EventType=application | SourceNode=ns=1;s=MotorSource
[Anomaly Input] [2026-08-11 15:37:53.161 (UTC)] info/application	[Motor] Distance safe (35.29527837098356); rotating motor to 90 degrees | Severity=75 | SourceName=Motor2 | EventType=application | SourceNode=ns=1;s=MotorSource2
[Anomaly Input] [2026-08-11 15:37:53.161 (UTC)] warn/application	[Motor] Distance too close (5.2779016435509085); rotating motor to 0 degrees | Severity=175 | SourceName=Motor3 | EventType=application | SourceNode=ns=1;s=MotorSource3
[Anomaly Input] [2026-08-11 15:37:54.073 (UTC)] info/application	[Sensor] Updated distance: 49.95932675896181 cm | Severity=75 | SourceName=Sensor2 | EventType=application | SourceNode=ns=1;s=SensorSource2
[Anomaly Input] [2026-08-11 15:37:54.073 (UTC)] info/application	[Sensor] Updated distance: 8.991905349768654 cm | Severity=75 | SourceName=Sensor3 | EventType=application | SourceNode=ns=1;s=SensorSource3
[Anomaly Input] [2026-08-11 15:37:54.154 (UTC)] info/application	[Sensor] Updated distance: 45.84699129864899 cm | Severity=75 | SourceName=Sensor | EventType=application | SourceNode=ns=1;s=SensorSource
[Anomaly Input] [2026-08-11 15:37:54.160 (UTC)] info/application	[Motor] Received distance: 45.84699129864899 cm | Severity=75 | SourceName=Motor | EventType=application | SourceNode=ns=1;s=MotorSource
[Anomaly Input] [2026-08-11 15:37:54.163 (UTC)] info/application	[Motor] Received distance: 8.991905349768654 cm | Severity=75 | SourceName=Motor3 | EventType=application | SourceNode=ns=1;s=MotorSource3
[Anomaly Input] [2026-08-11 15:37:54.163 (UTC)] info/application	[Motor] Received distance: 49.95932675896181 cm | Severity=75 | SourceName=Motor2 | EventType=application | SourceNode=ns=1;s=MotorSource2
[Anomaly Input] [2026-08-11 15:37:54.160 (UTC)] info/application	[Motor] Distance safe (45.84699129864899); rotating motor to 90 degrees | Severity=75 | SourceName=Motor | EventType=application | SourceNode=ns=1;s=MotorSource
[Anomaly Input] [2026-08-11 15:37:54.163 (UTC)] warn/application	[Motor] Distance too close (8.991905349768654); rotating motor to 0 degrees | Severity=175 | SourceName=Motor3 | EventType=application | SourceNode=ns=1;s=MotorSource3
[Anomaly Input] [2026-08-11 15:37:54.163 (UTC)] info/application	[Motor] Distance safe (49.95932675896181); rotating motor to 90 degrees | Severity=75 | SourceName=Motor2 | EventType=application | SourceNode=ns=1;s=MotorSource2
[Anomaly Input] [2026-08-11 15:37:55.074 (UTC)] info/application	[Sensor] Updated distance: 11.449610967864102 cm | Severity=75 | SourceName=Sensor3 | EventType=application | SourceNode=ns=1;s=SensorSource3
[Anomaly Input] [2026-08-11 15:37:55.074 (UTC)] info/application	[Sensor] Updated distance: 28.99228074913485 cm | Severity=75 | SourceName=Sensor2 | EventType=application | SourceNode=ns=1;s=SensorSource2
[Anomaly Input] [2026-08-11 15:37:55.155 (UTC)] info/application	[Sensor] Updated distance: 3.531003833530007 cm | Severity=75 | SourceName=Sensor | EventType=application | SourceNode=ns=1;s=SensorSource
[Anomaly Input] [2026-08-11 15:37:55.155 (UTC)] info/application	[Motor] Received distance: 28.99228074913485 cm | Severity=75 | SourceName=Motor2 | EventType=application | SourceNode=ns=1;s=MotorSource2
[Anomaly Input] [2026-08-11 15:37:55.155 (UTC)] info/application	[Motor] Received distance: 11.449610967864102 cm | Severity=75 | SourceName=Motor3 | EventType=application | SourceNode=ns=1;s=MotorSource3
[Anomaly Input] [2026-08-11 15:37:55.160 (UTC)] info/application	[Motor] Received distance: 3.531003833530007 cm | Severity=75 | SourceName=Motor | EventType=application | SourceNode=ns=1;s=MotorSource
[Anomaly Input] [2026-08-11 15:37:55.155 (UTC)] info/application	[Motor] Distance safe (28.99228074913485); rotating motor to 90 degrees | Severity=75 | SourceName=Motor2 | EventType=application | SourceNode=ns=1;s=MotorSource2
[Anomaly Input] [2026-08-11 15:37:55.155 (UTC)] warn/application	[Motor] Distance too close (11.449610967864102); rotating motor to 0 degrees | Severity=175 | SourceName=Motor3 | EventType=application | SourceNode=ns=1;s=MotorSource3
[Anomaly Input] [2026-08-11 15:37:55.160 (UTC)] warn/application	[Motor] Distance too close (3.531003833530007); rotating motor to 0 degrees | Severity=175 | SourceName=Motor | EventType=application | SourceNode=ns=1;s=MotorSource
[Anomaly Input] [2026-08-11 15:37:56.075 (UTC)] info/application	[Sensor] Updated distance: 36.04035186862589 cm | Severity=75 | SourceName=Sensor3 | EventType=application | SourceNode=ns=1;s=SensorSource3
[Anomaly Input] [2026-08-11 15:37:56.075 (UTC)] info/application	[Sensor] Updated distance: 46.210669314586866 cm | Severity=75 | SourceName=Sensor2 | EventType=application | SourceNode=ns=1;s=SensorSource2
[Anomaly Input] [2026-08-11 15:37:56.156 (UTC)] info/application	[Sensor] Updated distance: 9.266464847729758 cm | Severity=75 | SourceName=Sensor | EventType=application | SourceNode=ns=1;s=SensorSource
[Anomaly Input] [2026-08-11 15:37:56.156 (UTC)] info/application	[Motor] Received distance: 9.266464847729758 cm | Severity=75 | SourceName=Motor | EventType=application | SourceNode=ns=1;s=MotorSource
[Anomaly Input] [2026-08-11 15:37:56.161 (UTC)] info/application	[Motor] Received distance: 36.04035186862589 cm | Severity=75 | SourceName=Motor3 | EventType=application | SourceNode=ns=1;s=MotorSource3
[Anomaly Input] [2026-08-11 15:37:56.162 (UTC)] info/application	[Motor] Received distance: 46.210669314586866 cm | Severity=75 | SourceName=Motor2 | EventType=application | SourceNode=ns=1;s=MotorSource2
[Anomaly Input] [2026-08-11 15:37:56.156 (UTC)] warn/application	[Motor] Distance too close (9.266464847729758); rotating motor to 0 degrees | Severity=175 | SourceName=Motor | EventType=application | SourceNode=ns=1;s=MotorSource
[Anomaly Input] [2026-08-11 15:37:56.161 (UTC)] info/application	[Motor] Distance safe (36.04035186862589); rotating motor to 90 degrees | Severity=75 | SourceName=Motor3 | EventType=application | SourceNode=ns=1;s=MotorSource3
[Anomaly Input] [2026-08-11 15:37:56.162 (UTC)] info/application	[Motor] Distance safe (46.210669314586866); rotating motor to 90 degrees | Severity=75 | SourceName=Motor2 | EventType=application | SourceNode=ns=1;s=MotorSource2
[Anomaly Input] [2026-08-11 15:37:57.077 (UTC)] info/application	[Sensor] Updated distance: 24.89880412393194 cm | Severity=75 | SourceName=Sensor3 | EventType=application | SourceNode=ns=1;s=SensorSource3
[Anomaly Input] [2026-08-11 15:37:57.077 (UTC)] info/application	[Sensor] Updated distance: 24.00651601981675 cm | Severity=75 | SourceName=Sensor2 | EventType=application | SourceNode=ns=1;s=SensorSource2
[Anomaly Input] [2026-08-11 15:37:57.158 (UTC)] info/application	[Sensor] Updated distance: 5.845358097853771 cm | Severity=75 | SourceName=Sensor | EventType=application | SourceNode=ns=1;s=SensorSource
[Anomaly Input] [2026-08-11 15:37:57.158 (UTC)] info/application	[Motor] Received distance: 24.89880412393194 cm | Severity=75 | SourceName=Motor3 | EventType=application | SourceNode=ns=1;s=MotorSource3
[Anomaly Input] [2026-08-11 15:37:57.158 (UTC)] info/application	[Motor] Received distance: 24.00651601981675 cm | Severity=75 | SourceName=Motor2 | EventType=application | SourceNode=ns=1;s=MotorSource2
[Anomaly Input] [2026-08-11 15:37:57.160 (UTC)] info/application	[Motor] Received distance: 5.845358097853771 cm | Severity=75 | SourceName=Motor | EventType=application | SourceNode=ns=1;s=MotorSource
[Anomaly Input] [2026-08-11 15:37:57.158 (UTC)] info/application	[Motor] Distance safe (24.89880412393194); rotating motor to 90 degrees | Severity=75 | SourceName=Motor3 | EventType=application | SourceNode=ns=1;s=MotorSource3
[Anomaly Input] [2026-08-11 15:37:57.158 (UTC)] info/application	[Motor] Distance safe (24.00651601981675); rotating motor to 90 degrees | Severity=75 | SourceName=Motor2 | EventType=application | SourceNode=ns=1;s=MotorSource2
[Anomaly Input] [2026-08-11 15:37:57.160 (UTC)] warn/application	[Motor] Distance too close (5.845358097853771); rotating motor to 0 degrees | Severity=175 | SourceName=Motor | EventType=application | SourceNode=ns=1;s=MotorSource
[Anomaly Input] [2026-08-11 15:37:58.069 (UTC)] info/application	[Sensor] Updated distance: 14.17313556939975 cm | Severity=75 | SourceName=Sensor2 | EventType=application | SourceNode=ns=1;s=SensorSource2
[Anomaly Input] [2026-08-11 15:37:58.079 (UTC)] info/application	[Sensor] Updated distance: 3.4718959934412945 cm | Severity=75 | SourceName=Sensor3 | EventType=application | SourceNode=ns=1;s=SensorSource3
[Anomaly Input] [2026-08-11 15:37:58.161 (UTC)] info/application	[Sensor] Updated distance: 15.779591082492653 cm | Severity=75 | SourceName=Sensor | EventType=application | SourceNode=ns=1;s=SensorSource
[Anomaly Input] [2026-08-11 15:37:58.162 (UTC)] info/application	[Motor] Received distance: 3.4718959934412945 cm | Severity=75 | SourceName=Motor3 | EventType=application | SourceNode=ns=1;s=MotorSource3
[Anomaly Input] [2026-08-11 15:37:58.162 (UTC)] info/application	[Motor] Received distance: 14.17313556939975 cm | Severity=75 | SourceName=Motor2 | EventType=application | SourceNode=ns=1;s=MotorSource2
[Anomaly Input] [2026-08-11 15:37:58.170 (UTC)] info/application	[Motor] Received distance: 15.779591082492653 cm | Severity=75 | SourceName=Motor | EventType=application | SourceNode=ns=1;s=MotorSource
[Anomaly Input] [2026-08-11 15:37:58.162 (UTC)] warn/application	[Motor] Distance too close (3.4718959934412945); rotating motor to 0 degrees | Severity=175 | SourceName=Motor3 | EventType=application | SourceNode=ns=1;s=MotorSource3
[Anomaly Input] [2026-08-11 15:37:58.162 (UTC)] warn/application	[Motor] Distance too close (14.17313556939975); rotating motor to 0 degrees | Severity=175 | SourceName=Motor2 | EventType=application | SourceNode=ns=1;s=MotorSource2
[Anomaly Input] [2026-08-11 15:37:58.170 (UTC)] warn/application	[Motor] Distance too close (15.779591082492653); rotating motor to 0 degrees | Severity=175 | SourceName=Motor | EventType=application | SourceNode=ns=1;s=MotorSource
[Anomaly Input] [2026-08-11 15:37:59.073 (UTC)] info/application	[Sensor] Updated distance: 46.34891141781067 cm | Severity=75 | SourceName=Sensor3 | EventType=application | SourceNode=ns=1;s=SensorSource3
[Anomaly Input] [2026-08-11 15:37:59.073 (UTC)] info/application	[Sensor] Updated distance: 33.490533336759796 cm | Severity=75 | SourceName=Sensor2 | EventType=application | SourceNode=ns=1;s=SensorSource2
[Anomaly Input] [2026-08-11 15:37:59.154 (UTC)] info/application	[Sensor] Updated distance: 44.78685138131811 cm | Severity=75 | SourceName=Sensor | EventType=application | SourceNode=ns=1;s=SensorSource
[Anomaly Input] [2026-08-11 15:37:59.154 (UTC)] info/application	[Motor] Received distance: 46.34891141781067 cm | Severity=75 | SourceName=Motor3 | EventType=application | SourceNode=ns=1;s=MotorSource3
[Anomaly Input] [2026-08-11 15:37:59.154 (UTC)] info/application	[Motor] Received distance: 33.490533336759796 cm | Severity=75 | SourceName=Motor2 | EventType=application | SourceNode=ns=1;s=MotorSource2
[Anomaly Input] [2026-08-11 15:37:59.160 (UTC)] info/application	[Motor] Received distance: 44.78685138131811 cm | Severity=75 | SourceName=Motor | EventType=application | SourceNode=ns=1;s=MotorSource
[Anomaly Input] [2026-08-11 15:37:59.154 (UTC)] info/application	[Motor] Distance safe (33.490533336759796); rotating motor to 90 degrees | Severity=75 | SourceName=Motor2 | EventType=application | SourceNode=ns=1;s=MotorSource2
[Anomaly Input] [2026-08-11 15:37:59.154 (UTC)] info/application	[Motor] Distance safe (46.34891141781067); rotating motor to 90 degrees | Severity=75 | SourceName=Motor3 | EventType=application | SourceNode=ns=1;s=MotorSource3
[Anomaly Input] [2026-08-11 15:37:59.160 (UTC)] info/application	[Motor] Distance safe (44.78685138131811); rotating motor to 90 degrees | Severity=75 | SourceName=Motor | EventType=application | SourceNode=ns=1;s=MotorSource
[Anomaly Input] [2026-08-11 15:38:00.075 (UTC)] info/application	[Sensor] Updated distance: 8.54618012464893 cm | Severity=75 | SourceName=Sensor3 | EventType=application | SourceNode=ns=1;s=SensorSource3
[Anomaly Input] [2026-08-11 15:38:00.075 (UTC)] info/application	[Sensor] Updated distance: 27.113236893486807 cm | Severity=75 | SourceName=Sensor2 | EventType=application | SourceNode=ns=1;s=SensorSource2
[Anomaly Input] [2026-08-11 15:38:00.156 (UTC)] info/application	[Sensor] Updated distance: 42.69634118336082 cm | Severity=75 | SourceName=Sensor | EventType=application | SourceNode=ns=1;s=SensorSource
[Anomaly Input] [2026-08-11 15:38:00.156 (UTC)] info/application	[Motor] Received distance: 42.69634118336082 cm | Severity=75 | SourceName=Motor | EventType=application | SourceNode=ns=1;s=MotorSource
[Anomaly Input] [2026-08-11 15:38:00.161 (UTC)] info/application	[Motor] Received distance: 8.54618012464893 cm | Severity=75 | SourceName=Motor3 | EventType=application | SourceNode=ns=1;s=MotorSource3
[Anomaly Input] [2026-08-11 15:38:00.161 (UTC)] info/application	[Motor] Received distance: 27.113236893486807 cm | Severity=75 | SourceName=Motor2 | EventType=application | SourceNode=ns=1;s=MotorSource2
[Anomaly Input] [2026-08-11 15:38:00.156 (UTC)] info/application	[Motor] Distance safe (42.69634118336082); rotating motor to 90 degrees | Severity=75 | SourceName=Motor | EventType=application | SourceNode=ns=1;s=MotorSource
[Anomaly Input] [2026-08-11 15:38:00.161 (UTC)] warn/application	[Motor] Distance too close (8.54618012464893); rotating motor to 0 degrees | Severity=175 | SourceName=Motor3 | EventType=application | SourceNode=ns=1;s=MotorSource3
[Anomaly Input] [2026-08-11 15:38:00.161 (UTC)] info/application	[Motor] Distance safe (27.113236893486807); rotating motor to 90 degrees | Severity=75 | SourceName=Motor2 | EventType=application | SourceNode=ns=1;s=MotorSource2
[Anomaly Input] [2026-08-11 15:38:01.068 (UTC)] info/application	[Sensor] Updated distance: 5.100820684386799 cm | Severity=75 | SourceName=Sensor2 | EventType=application | SourceNode=ns=1;s=SensorSource2
[Anomaly Input] [2026-08-11 15:38:01.078 (UTC)] info/application	[Sensor] Updated distance: 15.133544361746656 cm | Severity=75 | SourceName=Sensor3 | EventType=application | SourceNode=ns=1;s=SensorSource3
[Anomaly Input] [2026-08-11 15:38:01.159 (UTC)] info/application	[Sensor] Updated distance: 5.812046827660895 cm | Severity=75 | SourceName=Sensor | EventType=application | SourceNode=ns=1;s=SensorSource
[Anomaly Input] [2026-08-11 15:38:01.159 (UTC)] info/application	[Motor] Received distance: 5.100820684386799 cm | Severity=75 | SourceName=Motor2 | EventType=application | SourceNode=ns=1;s=MotorSource2
[Anomaly Input] [2026-08-11 15:38:01.159 (UTC)] info/application	[Motor] Received distance: 15.133544361746656 cm | Severity=75 | SourceName=Motor3 | EventType=application | SourceNode=ns=1;s=MotorSource3
[Anomaly Input] [2026-08-11 15:38:01.160 (UTC)] info/application	[Motor] Received distance: 5.812046827660895 cm | Severity=75 | SourceName=Motor | EventType=application | SourceNode=ns=1;s=MotorSource
[Anomaly Input] [2026-08-11 15:38:01.159 (UTC)] warn/application	[Motor] Distance too close (15.133544361746656); rotating motor to 0 degrees | Severity=175 | SourceName=Motor3 | EventType=application | SourceNode=ns=1;s=MotorSource3
[Anomaly Input] [2026-08-11 15:38:01.159 (UTC)] warn/application	[Motor] Distance too close (5.100820684386799); rotating motor to 0 degrees | Severity=175 | SourceName=Motor2 | EventType=application | SourceNode=ns=1;s=MotorSource2
[Anomaly Input] [2026-08-11 15:38:01.160 (UTC)] warn/application	[Motor] Distance too close (5.812046827660895); rotating motor to 0 degrees | Severity=175 | SourceName=Motor | EventType=application | SourceNode=ns=1;s=MotorSource
[Anomaly Input] [2026-08-11 15:38:02.071 (UTC)] info/application	[Sensor] Updated distance: 42.10699647297477 cm | Severity=75 | SourceName=Sensor2 | EventType=application | SourceNode=ns=1;s=SensorSource2
[Anomaly Input] [2026-08-11 15:38:02.071 (UTC)] info/application	[Sensor] Updated distance: 15.198292149788836 cm | Severity=75 | SourceName=Sensor3 | EventType=application | SourceNode=ns=1;s=SensorSource3
[Anomaly Input] [2026-08-11 15:38:02.152 (UTC)] info/application	[Motor] Received distance: 42.10699647297477 cm | Severity=75 | SourceName=Motor2 | EventType=application | SourceNode=ns=1;s=MotorSource2
[Anomaly Input] [2026-08-11 15:38:02.152 (UTC)] info/application	[Motor] Received distance: 15.198292149788836 cm | Severity=75 | SourceName=Motor3 | EventType=application | SourceNode=ns=1;s=MotorSource3
[Anomaly Input] [2026-08-11 15:38:02.162 (UTC)] info/application	[Sensor] Updated distance: 29.626059716393264 cm | Severity=75 | SourceName=Sensor | EventType=application | SourceNode=ns=1;s=SensorSource
[Anomaly Input] [2026-08-11 15:38:02.171 (UTC)] info/application	[Motor] Received distance: 29.626059716393264 cm | Severity=75 | SourceName=Motor | EventType=application | SourceNode=ns=1;s=MotorSource
[Anomaly Input] [2026-08-11 15:38:02.152 (UTC)] info/application	[Motor] Distance safe (42.10699647297477); rotating motor to 90 degrees | Severity=75 | SourceName=Motor2 | EventType=application | SourceNode=ns=1;s=MotorSource2
[Anomaly Input] [2026-08-11 15:38:02.152 (UTC)] warn/application	[Motor] Distance too close (15.198292149788836); rotating motor to 0 degrees | Severity=175 | SourceName=Motor3 | EventType=application | SourceNode=ns=1;s=MotorSource3
[Anomaly Input] [2026-08-11 15:38:02.171 (UTC)] info/application	[Motor] Distance safe (29.626059716393264); rotating motor to 90 degrees | Severity=75 | SourceName=Motor | EventType=application | SourceNode=ns=1;s=MotorSource
[Anomaly Input] [2026-08-11 15:38:03.073 (UTC)] info/application	[Sensor] Updated distance: 46.6225222407945 cm | Severity=75 | SourceName=Sensor3 | EventType=application | SourceNode=ns=1;s=SensorSource3
[Anomaly Input] [2026-08-11 15:38:03.073 (UTC)] info/application	[Sensor] Updated distance: 14.544357499361205 cm | Severity=75 | SourceName=Sensor2 | EventType=application | SourceNode=ns=1;s=SensorSource2
[Anomaly Input] [2026-08-11 15:38:03.154 (UTC)] info/application	[Sensor] Updated distance: 4.598096215444661 cm | Severity=75 | SourceName=Sensor | EventType=application | SourceNode=ns=1;s=SensorSource
[Anomaly Input] [2026-08-11 15:38:03.160 (UTC)] info/application	[Motor] Received distance: 4.598096215444661 cm | Severity=75 | SourceName=Motor | EventType=application | SourceNode=ns=1;s=MotorSource
[Anomaly Input] [2026-08-11 15:38:03.161 (UTC)] info/application	[Motor] Received distance: 46.6225222407945 cm | Severity=75 | SourceName=Motor3 | EventType=application | SourceNode=ns=1;s=MotorSource3
[Anomaly Input] [2026-08-11 15:38:03.162 (UTC)] info/application	[Motor] Received distance: 14.544357499361205 cm | Severity=75 | SourceName=Motor2 | EventType=application | SourceNode=ns=1;s=MotorSource2
[Anomaly Input] [2026-08-11 15:38:03.160 (UTC)] warn/application	[Motor] Distance too close (4.598096215444661); rotating motor to 0 degrees | Severity=175 | SourceName=Motor | EventType=application | SourceNode=ns=1;s=MotorSource
[Anomaly Input] [2026-08-11 15:38:03.162 (UTC)] warn/application	[Motor] Distance too close (14.544357499361205); rotating motor to 0 degrees | Severity=175 | SourceName=Motor2 | EventType=application | SourceNode=ns=1;s=MotorSource2
[Anomaly Input] [2026-08-11 15:38:03.161 (UTC)] info/application	[Motor] Distance safe (46.6225222407945); rotating motor to 90 degrees | Severity=75 | SourceName=Motor3 | EventType=application | SourceNode=ns=1;s=MotorSource3
[Anomaly Input] [2026-08-11 15:38:04.075 (UTC)] info/application	[Sensor] Updated distance: 12.59804507093413 cm | Severity=75 | SourceName=Sensor2 | EventType=application | SourceNode=ns=1;s=SensorSource2
[Anomaly Input] [2026-08-11 15:38:04.075 (UTC)] info/application	[Sensor] Updated distance: 28.19144350019816 cm | Severity=75 | SourceName=Sensor3 | EventType=application | SourceNode=ns=1;s=SensorSource3
[Anomaly Input] [2026-08-11 15:38:04.156 (UTC)] info/application	[Sensor] Updated distance: 39.15223869921278 cm | Severity=75 | SourceName=Sensor | EventType=application | SourceNode=ns=1;s=SensorSource
[Anomaly Input] [2026-08-11 15:38:04.157 (UTC)] info/application	[Motor] Received distance: 39.15223869921278 cm | Severity=75 | SourceName=Motor | EventType=application | SourceNode=ns=1;s=MotorSource
[Anomaly Input] [2026-08-11 15:38:04.157 (UTC)] info/application	[Motor] Received distance: 28.19144350019816 cm | Severity=75 | SourceName=Motor3 | EventType=application | SourceNode=ns=1;s=MotorSource3
[Anomaly Input] [2026-08-11 15:38:04.157 (UTC)] info/application	[Motor] Received distance: 12.59804507093413 cm | Severity=75 | SourceName=Motor2 | EventType=application | SourceNode=ns=1;s=MotorSource2
[Anomaly Input] [2026-08-11 15:38:04.157 (UTC)] info/application	[Motor] Distance safe (39.15223869921278); rotating motor to 90 degrees | Severity=75 | SourceName=Motor | EventType=application | SourceNode=ns=1;s=MotorSource
[Anomaly Input] [2026-08-11 15:38:04.157 (UTC)] info/application	[Motor] Distance safe (28.19144350019816); rotating motor to 90 degrees | Severity=75 | SourceName=Motor3 | EventType=application | SourceNode=ns=1;s=MotorSource3
[Anomaly Input] [2026-08-11 15:38:04.157 (UTC)] warn/application	[Motor] Distance too close (12.59804507093413); rotating motor to 0 degrees | Severity=175 | SourceName=Motor2 | EventType=application | SourceNode=ns=1;s=MotorSource2
[Anomaly Input] [2026-08-11 15:38:05.068 (UTC)] info/application	[Sensor] Updated distance: 3.3994128487070148 cm | Severity=75 | SourceName=Sensor2 | EventType=application | SourceNode=ns=1;s=SensorSource2
[Anomaly Input] [2026-08-11 15:38:05.078 (UTC)] info/application	[Sensor] Updated distance: 12.1432586061504 cm | Severity=75 | SourceName=Sensor3 | EventType=application | SourceNode=ns=1;s=SensorSource3
[Anomaly Input] [2026-08-11 15:38:05.159 (UTC)] info/application	[Sensor] Updated distance: 4.736242966137939 cm | Severity=75 | SourceName=Sensor | EventType=application | SourceNode=ns=1;s=SensorSource
[Anomaly Input] [2026-08-11 15:38:05.159 (UTC)] info/application	[Motor] Received distance: 4.736242966137939 cm | Severity=75 | SourceName=Motor | EventType=application | SourceNode=ns=1;s=MotorSource
[Anomaly Input] [2026-08-11 15:38:05.161 (UTC)] info/application	[Motor] Received distance: 12.1432586061504 cm | Severity=75 | SourceName=Motor3 | EventType=application | SourceNode=ns=1;s=MotorSource3
[Anomaly Input] [2026-08-11 15:38:05.161 (UTC)] info/application	[Motor] Received distance: 3.3994128487070148 cm | Severity=75 | SourceName=Motor2 | EventType=application | SourceNode=ns=1;s=MotorSource2
[Anomaly Input] [2026-08-11 15:38:05.159 (UTC)] warn/application	[Motor] Distance too close (4.736242966137939); rotating motor to 0 degrees | Severity=175 | SourceName=Motor | EventType=application | SourceNode=ns=1;s=MotorSource
[Anomaly Input] [2026-08-11 15:38:05.161 (UTC)] warn/application	[Motor] Distance too close (3.3994128487070148); rotating motor to 0 degrees | Severity=175 | SourceName=Motor2 | EventType=application | SourceNode=ns=1;s=MotorSource2
[Anomaly Input] [2026-08-11 15:38:05.161 (UTC)] warn/application	[Motor] Distance too close (12.1432586061504); rotating motor to 0 degrees | Severity=175 | SourceName=Motor3 | EventType=application | SourceNode=ns=1;s=MotorSource3
[Anomaly Input] [2026-08-11 15:38:06.070 (UTC)] info/application	[Sensor] Updated distance: 10.374635797168423 cm | Severity=75 | SourceName=Sensor2 | EventType=application | SourceNode=ns=1;s=SensorSource2
[Anomaly Input] [2026-08-11 15:38:06.070 (UTC)] info/application	[Sensor] Updated distance: 20.337941781775065 cm | Severity=75 | SourceName=Sensor3 | EventType=application | SourceNode=ns=1;s=SensorSource3
[Anomaly Input] [2026-08-11 15:38:06.161 (UTC)] info/application	[Sensor] Updated distance: 22.101626487496134 cm | Severity=75 | SourceName=Sensor | EventType=application | SourceNode=ns=1;s=SensorSource
[Anomaly Input] [2026-08-11 15:38:06.161 (UTC)] info/application	[Motor] Received distance: 10.374635797168423 cm | Severity=75 | SourceName=Motor2 | EventType=application | SourceNode=ns=1;s=MotorSource2
[Anomaly Input] [2026-08-11 15:38:06.170 (UTC)] info/application	[Motor] Received distance: 22.101626487496134 cm | Severity=75 | SourceName=Motor | EventType=application | SourceNode=ns=1;s=MotorSource
[Anomaly Input] [2026-08-11 15:38:06.171 (UTC)] info/application	[Motor] Received distance: 20.337941781775065 cm | Severity=75 | SourceName=Motor3 | EventType=application | SourceNode=ns=1;s=MotorSource3
[Anomaly Input] [2026-08-11 15:38:06.161 (UTC)] warn/application	[Motor] Distance too close (10.374635797168423); rotating motor to 0 degrees | Severity=175 | SourceName=Motor2 | EventType=application | SourceNode=ns=1;s=MotorSource2
[Anomaly Input] [2026-08-11 15:38:06.170 (UTC)] info/application	[Motor] Distance safe (22.101626487496134); rotating motor to 90 degrees | Severity=75 | SourceName=Motor | EventType=application | SourceNode=ns=1;s=MotorSource
[Anomaly Input] [2026-08-11 15:38:06.171 (UTC)] info/application	[Motor] Distance safe (20.337941781775065); rotating motor to 90 degrees | Severity=75 | SourceName=Motor3 | EventType=application | SourceNode=ns=1;s=MotorSource3
[Anomaly Input] [2026-08-11 15:38:07.071 (UTC)] info/application	[Sensor] Updated distance: 16.681545130294538 cm | Severity=75 | SourceName=Sensor2 | EventType=application | SourceNode=ns=1;s=SensorSource2
[Anomaly Input] [2026-08-11 15:38:07.072 (UTC)] info/application	[Sensor] Updated distance: 31.577852389578638 cm | Severity=75 | SourceName=Sensor3 | EventType=application | SourceNode=ns=1;s=SensorSource3
[Anomaly Input] [2026-08-11 15:38:07.152 (UTC)] info/application	[Sensor] Updated distance: 44.76486142480972 cm | Severity=75 | SourceName=Sensor | EventType=application | SourceNode=ns=1;s=SensorSource
[Anomaly Input] [2026-08-11 15:38:07.153 (UTC)] info/application	[Motor] Received distance: 16.681545130294538 cm | Severity=75 | SourceName=Motor2 | EventType=application | SourceNode=ns=1;s=MotorSource2
[Anomaly Input] [2026-08-11 15:38:07.160 (UTC)] info/application	[Motor] Received distance: 44.76486142480972 cm | Severity=75 | SourceName=Motor | EventType=application | SourceNode=ns=1;s=MotorSource
[Anomaly Input] [2026-08-11 15:38:07.161 (UTC)] info/application	[Motor] Received distance: 31.577852389578638 cm | Severity=75 | SourceName=Motor3 | EventType=application | SourceNode=ns=1;s=MotorSource3
[Anomaly Input] [2026-08-11 15:38:07.153 (UTC)] warn/application	[Motor] Distance too close (16.681545130294538); rotating motor to 0 degrees | Severity=175 | SourceName=Motor2 | EventType=application | SourceNode=ns=1;s=MotorSource2
[Anomaly Input] [2026-08-11 15:38:07.160 (UTC)] info/application	[Motor] Distance safe (44.76486142480972); rotating motor to 90 degrees | Severity=75 | SourceName=Motor | EventType=application | SourceNode=ns=1;s=MotorSource
[Anomaly Input] [2026-08-11 15:38:07.161 (UTC)] info/application	[Motor] Distance safe (31.577852389578638); rotating motor to 90 degrees | Severity=75 | SourceName=Motor3 | EventType=application | SourceNode=ns=1;s=MotorSource3
[Anomaly Input] [2026-08-11 15:38:08.072 (UTC)] info/application	[Sensor] Updated distance: 5.948885509720484 cm | Severity=75 | SourceName=Sensor2 | EventType=application | SourceNode=ns=1;s=SensorSource2
[Anomaly Input] [2026-08-11 15:38:08.072 (UTC)] info/application	[Sensor] Updated distance: 14.541501572607784 cm | Severity=75 | SourceName=Sensor3 | EventType=application | SourceNode=ns=1;s=SensorSource3
[Anomaly Input] [2026-08-11 15:38:08.153 (UTC)] info/application	[Sensor] Updated distance: 14.538946388540298 cm | Severity=75 | SourceName=Sensor | EventType=application | SourceNode=ns=1;s=SensorSource
[Anomaly Input] [2026-08-11 15:38:08.153 (UTC)] info/application	[Motor] Received distance: 14.538946388540298 cm | Severity=75 | SourceName=Motor | EventType=application | SourceNode=ns=1;s=MotorSource
[Anomaly Input] [2026-08-11 15:38:08.153 (UTC)] info/application	[Motor] Received distance: 14.541501572607784 cm | Severity=75 | SourceName=Motor3 | EventType=application | SourceNode=ns=1;s=MotorSource3
[Anomaly Input] [2026-08-11 15:38:08.161 (UTC)] info/application	[Motor] Received distance: 5.948885509720484 cm | Severity=75 | SourceName=Motor2 | EventType=application | SourceNode=ns=1;s=MotorSource2
[Anomaly Input] [2026-08-11 15:38:08.153 (UTC)] warn/application	[Motor] Distance too close (14.538946388540298); rotating motor to 0 degrees | Severity=175 | SourceName=Motor | EventType=application | SourceNode=ns=1;s=MotorSource
[Anomaly Input] [2026-08-11 15:38:08.153 (UTC)] warn/application	[Motor] Distance too close (14.541501572607784); rotating motor to 0 degrees | Severity=175 | SourceName=Motor3 | EventType=application | SourceNode=ns=1;s=MotorSource3
[Anomaly Input] [2026-08-11 15:38:08.161 (UTC)] warn/application	[Motor] Distance too close (5.948885509720484); rotating motor to 0 degrees | Severity=175 | SourceName=Motor2 | EventType=application | SourceNode=ns=1;s=MotorSource2
[Anomaly Input] [2026-08-11 15:38:09.074 (UTC)] info/application	[Sensor] Updated distance: 5.684980952965552 cm | Severity=75 | SourceName=Sensor3 | EventType=application | SourceNode=ns=1;s=SensorSource3
[Anomaly Input] [2026-08-11 15:38:09.074 (UTC)] info/application	[Sensor] Updated distance: 8.155506121998423 cm | Severity=75 | SourceName=Sensor2 | EventType=application | SourceNode=ns=1;s=SensorSource2
[Anomaly Input] [2026-08-11 15:38:09.155 (UTC)] info/application	[Sensor] Updated distance: 32.64350958850398 cm | Severity=75 | SourceName=Sensor | EventType=application | SourceNode=ns=1;s=SensorSource
[Anomaly Input] [2026-08-11 15:38:09.155 (UTC)] info/application	[Motor] Received distance: 8.155506121998423 cm | Severity=75 | SourceName=Motor2 | EventType=application | SourceNode=ns=1;s=MotorSource2
[Anomaly Input] [2026-08-11 15:38:09.160 (UTC)] info/application	[Motor] Received distance: 32.64350958850398 cm | Severity=75 | SourceName=Motor | EventType=application | SourceNode=ns=1;s=MotorSource
[Anomaly Input] [2026-08-11 15:38:09.161 (UTC)] info/application	[Motor] Received distance: 5.684980952965552 cm | Severity=75 | SourceName=Motor3 | EventType=application | SourceNode=ns=1;s=MotorSource3
[Anomaly Input] [2026-08-11 15:38:09.155 (UTC)] warn/application	[Motor] Distance too close (8.155506121998423); rotating motor to 0 degrees | Severity=175 | SourceName=Motor2 | EventType=application | SourceNode=ns=1;s=MotorSource2
[Anomaly Input] [2026-08-11 15:38:09.160 (UTC)] info/application	[Motor] Distance safe (32.64350958850398); rotating motor to 90 degrees | Severity=75 | SourceName=Motor | EventType=application | SourceNode=ns=1;s=MotorSource
[Anomaly Input] [2026-08-11 15:38:09.161 (UTC)] warn/application	[Motor] Distance too close (5.684980952965552); rotating motor to 0 degrees | Severity=175 | SourceName=Motor3 | EventType=application | SourceNode=ns=1;s=MotorSource3
[Anomaly Input] [2026-08-11 15:38:10.075 (UTC)] info/application	[Sensor] Updated distance: 23.23738286143047 cm | Severity=75 | SourceName=Sensor3 | EventType=application | SourceNode=ns=1;s=SensorSource3
[Anomaly Input] [2026-08-11 15:38:10.075 (UTC)] info/application	[Sensor] Updated distance: 37.57974967527191 cm | Severity=75 | SourceName=Sensor2 | EventType=application | SourceNode=ns=1;s=SensorSource2
[Anomaly Input] [2026-08-11 15:38:10.156 (UTC)] info/application	[Sensor] Updated distance: 8.186865191062385 cm | Severity=75 | SourceName=Sensor | EventType=application | SourceNode=ns=1;s=SensorSource
[Anomaly Input] [2026-08-11 15:38:10.156 (UTC)] info/application	[Motor] Received distance: 8.186865191062385 cm | Severity=75 | SourceName=Motor | EventType=application | SourceNode=ns=1;s=MotorSource
[Anomaly Input] [2026-08-11 15:38:10.161 (UTC)] info/application	[Motor] Received distance: 37.57974967527191 cm | Severity=75 | SourceName=Motor2 | EventType=application | SourceNode=ns=1;s=MotorSource2
[Anomaly Input] [2026-08-11 15:38:10.162 (UTC)] info/application	[Motor] Received distance: 23.23738286143047 cm | Severity=75 | SourceName=Motor3 | EventType=application | SourceNode=ns=1;s=MotorSource3
[Anomaly Input] [2026-08-11 15:38:10.156 (UTC)] warn/application	[Motor] Distance too close (8.186865191062385); rotating motor to 0 degrees | Severity=175 | SourceName=Motor | EventType=application | SourceNode=ns=1;s=MotorSource
[Anomaly Input] [2026-08-11 15:38:10.161 (UTC)] info/application	[Motor] Distance safe (37.57974967527191); rotating motor to 90 degrees | Severity=75 | SourceName=Motor2 | EventType=application | SourceNode=ns=1;s=MotorSource2
[Anomaly Input] [2026-08-11 15:38:10.162 (UTC)] info/application	[Motor] Distance safe (23.23738286143047); rotating motor to 90 degrees | Severity=75 | SourceName=Motor3 | EventType=application | SourceNode=ns=1;s=MotorSource3
[Anomaly Input] [2026-08-11 15:38:11.067 (UTC)] info/application	[Sensor] Updated distance: 23.770196865205744 cm | Severity=75 | SourceName=Sensor2 | EventType=application | SourceNode=ns=1;s=SensorSource2
[Anomaly Input] [2026-08-11 15:38:11.077 (UTC)] info/application	[Sensor] Updated distance: 29.623602075327 cm | Severity=75 | SourceName=Sensor3 | EventType=application | SourceNode=ns=1;s=SensorSource3
[Anomaly Input] [2026-08-11 15:38:11.158 (UTC)] info/application	[Sensor] Updated distance: 31.18885800856578 cm | Severity=75 | SourceName=Sensor | EventType=application | SourceNode=ns=1;s=SensorSource
[Anomaly Input] [2026-08-11 15:38:11.158 (UTC)] info/application	[Motor] Received distance: 23.770196865205744 cm | Severity=75 | SourceName=Motor2 | EventType=application | SourceNode=ns=1;s=MotorSource2
[Anomaly Input] [2026-08-11 15:38:11.159 (UTC)] info/application	[Motor] Received distance: 29.623602075327 cm | Severity=75 | SourceName=Motor3 | EventType=application | SourceNode=ns=1;s=MotorSource3
[Anomaly Input] [2026-08-11 15:38:11.160 (UTC)] info/application	[Motor] Received distance: 31.18885800856578 cm | Severity=75 | SourceName=Motor | EventType=application | SourceNode=ns=1;s=MotorSource
[Anomaly Input] [2026-08-11 15:38:11.158 (UTC)] info/application	[Motor] Distance safe (23.770196865205744); rotating motor to 90 degrees | Severity=75 | SourceName=Motor2 | EventType=application | SourceNode=ns=1;s=MotorSource2
[Anomaly Input] [2026-08-11 15:38:11.159 (UTC)] info/application	[Motor] Distance safe (29.623602075327); rotating motor to 90 degrees | Severity=75 | SourceName=Motor3 | EventType=application | SourceNode=ns=1;s=MotorSource3
[Anomaly Input] [2026-08-11 15:38:11.160 (UTC)] info/application	[Motor] Distance safe (31.18885800856578); rotating motor to 90 degrees | Severity=75 | SourceName=Motor | EventType=application | SourceNode=ns=1;s=MotorSource
[Anomaly Input] [2026-08-11 15:38:12.069 (UTC)] info/application	[Sensor] Updated distance: 48.585453792747785 cm | Severity=75 | SourceName=Sensor2 | EventType=application | SourceNode=ns=1;s=SensorSource2
[Anomaly Input] [2026-08-11 15:38:12.080 (UTC)] info/application	[Sensor] Updated distance: 36.96774148334178 cm | Severity=75 | SourceName=Sensor3 | EventType=application | SourceNode=ns=1;s=SensorSource3
[Anomaly Input] [2026-08-11 15:38:12.160 (UTC)] info/application	[Sensor] Updated distance: 26.89224432822887 cm | Severity=75 | SourceName=Sensor | EventType=application | SourceNode=ns=1;s=SensorSource
[Anomaly Input] [2026-08-11 15:38:12.161 (UTC)] info/application	[Motor] Received distance: 26.89224432822887 cm | Severity=75 | SourceName=Motor | EventType=application | SourceNode=ns=1;s=MotorSource
[Anomaly Input] [2026-08-11 15:38:12.161 (UTC)] info/application	[Motor] Received distance: 48.585453792747785 cm | Severity=75 | SourceName=Motor2 | EventType=application | SourceNode=ns=1;s=MotorSource2
[Anomaly Input] [2026-08-11 15:38:12.161 (UTC)] info/application	[Motor] Received distance: 36.96774148334178 cm | Severity=75 | SourceName=Motor3 | EventType=application | SourceNode=ns=1;s=MotorSource3
[Anomaly Input] [2026-08-11 15:38:12.161 (UTC)] info/application	[Motor] Distance safe (26.89224432822887); rotating motor to 90 degrees | Severity=75 | SourceName=Motor | EventType=application | SourceNode=ns=1;s=MotorSource
[Anomaly Input] [2026-08-11 15:38:12.161 (UTC)] info/application	[Motor] Distance safe (48.585453792747785); rotating motor to 90 degrees | Severity=75 | SourceName=Motor2 | EventType=application | SourceNode=ns=1;s=MotorSource2
[Anomaly Input] [2026-08-11 15:38:12.161 (UTC)] info/application	[Motor] Distance safe (36.96774148334178); rotating motor to 90 degrees | Severity=75 | SourceName=Motor3 | EventType=application | SourceNode=ns=1;s=MotorSource3
[Anomaly Input] [2026-08-11 15:38:13.071 (UTC)] info/application	[Sensor] Updated distance: 13.534230028993557 cm | Severity=75 | SourceName=Sensor2 | EventType=application | SourceNode=ns=1;s=SensorSource2
[Anomaly Input] [2026-08-11 15:38:13.071 (UTC)] info/application	[Sensor] Updated distance: 47.31302413964319 cm | Severity=75 | SourceName=Sensor3 | EventType=application | SourceNode=ns=1;s=SensorSource3
[Anomaly Input] [2026-08-11 15:38:13.153 (UTC)] info/application	[Motor] Received distance: 13.534230028993557 cm | Severity=75 | SourceName=Motor2 | EventType=application | SourceNode=ns=1;s=MotorSource2
[Anomaly Input] [2026-08-11 15:38:13.153 (UTC)] info/application	[Motor] Received distance: 47.31302413964319 cm | Severity=75 | SourceName=Motor3 | EventType=application | SourceNode=ns=1;s=MotorSource3
[Anomaly Input] [2026-08-11 15:38:13.153 (UTC)] info/application	[Sensor] Updated distance: 3.4056851944912623 cm | Severity=75 | SourceName=Sensor | EventType=application | SourceNode=ns=1;s=SensorSource
[Anomaly Input] [2026-08-11 15:38:13.153 (UTC)] info/application	[Motor] Received distance: 3.4056851944912623 cm | Severity=75 | SourceName=Motor | EventType=application | SourceNode=ns=1;s=MotorSource
[Anomaly Input] [2026-08-11 15:38:13.153 (UTC)] warn/application	[Motor] Distance too close (13.534230028993557); rotating motor to 0 degrees | Severity=175 | SourceName=Motor2 | EventType=application | SourceNode=ns=1;s=MotorSource2
[Anomaly Input] [2026-08-11 15:38:13.153 (UTC)] info/application	[Motor] Distance safe (47.31302413964319); rotating motor to 90 degrees | Severity=75 | SourceName=Motor3 | EventType=application | SourceNode=ns=1;s=MotorSource3
[Anomaly Input] [2026-08-11 15:38:13.153 (UTC)] warn/application	[Motor] Distance too close (3.4056851944912623); rotating motor to 0 degrees | Severity=175 | SourceName=Motor | EventType=application | SourceNode=ns=1;s=MotorSource
[Anomaly Input] [2026-08-11 15:38:14.073 (UTC)] info/application	[Sensor] Updated distance: 38.68501138905297 cm | Severity=75 | SourceName=Sensor2 | EventType=application | SourceNode=ns=1;s=SensorSource2
[Anomaly Input] [2026-08-11 15:38:14.073 (UTC)] info/application	[Sensor] Updated distance: 21.381802120889443 cm | Severity=75 | SourceName=Sensor3 | EventType=application | SourceNode=ns=1;s=SensorSource3
[Anomaly Input] [2026-08-11 15:38:14.154 (UTC)] info/application	[Sensor] Updated distance: 9.071109707966032 cm | Severity=75 | SourceName=Sensor | EventType=application | SourceNode=ns=1;s=SensorSource
[Anomaly Input] [2026-08-11 15:38:14.160 (UTC)] info/application	[Motor] Received distance: 9.071109707966032 cm | Severity=75 | SourceName=Motor | EventType=application | SourceNode=ns=1;s=MotorSource
[Anomaly Input] [2026-08-11 15:38:14.161 (UTC)] info/application	[Motor] Received distance: 21.381802120889443 cm | Severity=75 | SourceName=Motor3 | EventType=application | SourceNode=ns=1;s=MotorSource3
[Anomaly Input] [2026-08-11 15:38:14.161 (UTC)] info/application	[Motor] Received distance: 38.68501138905297 cm | Severity=75 | SourceName=Motor2 | EventType=application | SourceNode=ns=1;s=MotorSource2
[Anomaly Input] [2026-08-11 15:38:14.160 (UTC)] warn/application	[Motor] Distance too close (9.071109707966032); rotating motor to 0 degrees | Severity=175 | SourceName=Motor | EventType=application | SourceNode=ns=1;s=MotorSource
[Anomaly Input] [2026-08-11 15:38:14.161 (UTC)] info/application	[Motor] Distance safe (21.381802120889443); rotating motor to 90 degrees | Severity=75 | SourceName=Motor3 | EventType=application | SourceNode=ns=1;s=MotorSource3
[Anomaly Input] [2026-08-11 15:38:14.161 (UTC)] info/application	[Motor] Distance safe (38.68501138905297); rotating motor to 90 degrees | Severity=75 | SourceName=Motor2 | EventType=application | SourceNode=ns=1;s=MotorSource2
[Anomaly Input] [2026-08-11 15:38:15.075 (UTC)] info/application	[Sensor] Updated distance: 9.127589139681117 cm | Severity=75 | SourceName=Sensor2 | EventType=application | SourceNode=ns=1;s=SensorSource2
[Anomaly Input] [2026-08-11 15:38:15.075 (UTC)] info/application	[Sensor] Updated distance: 12.963637334743344 cm | Severity=75 | SourceName=Sensor3 | EventType=application | SourceNode=ns=1;s=SensorSource3
[Anomaly Input] [2026-08-11 15:38:15.156 (UTC)] info/application	[Motor] Received distance: 9.127589139681117 cm | Severity=75 | SourceName=Motor2 | EventType=application | SourceNode=ns=1;s=MotorSource2
[Anomaly Input] [2026-08-11 15:38:15.156 (UTC)] info/application	[Sensor] Updated distance: 6.646008910912093 cm | Severity=75 | SourceName=Sensor | EventType=application | SourceNode=ns=1;s=SensorSource
[Anomaly Input] [2026-08-11 15:38:15.156 (UTC)] info/application	[Motor] Received distance: 6.646008910912093 cm | Severity=75 | SourceName=Motor | EventType=application | SourceNode=ns=1;s=MotorSource
[Anomaly Input] [2026-08-11 15:38:15.156 (UTC)] info/application	[Motor] Received distance: 12.963637334743344 cm | Severity=75 | SourceName=Motor3 | EventType=application | SourceNode=ns=1;s=MotorSource3
[Anomaly Input] [2026-08-11 15:38:15.156 (UTC)] warn/application	[Motor] Distance too close (9.127589139681117); rotating motor to 0 degrees | Severity=175 | SourceName=Motor2 | EventType=application | SourceNode=ns=1;s=MotorSource2
[Anomaly Input] [2026-08-11 15:38:15.156 (UTC)] warn/application	[Motor] Distance too close (6.646008910912093); rotating motor to 0 degrees | Severity=175 | SourceName=Motor | EventType=application | SourceNode=ns=1;s=MotorSource
[Anomaly Input] [2026-08-11 15:38:15.156 (UTC)] warn/application	[Motor] Distance too close (12.963637334743344); rotating motor to 0 degrees | Severity=175 | SourceName=Motor3 | EventType=application | SourceNode=ns=1;s=MotorSource3
[Anomaly Input] [2026-08-11 15:38:16.077 (UTC)] info/application	[Sensor] Updated distance: 32.41737873778556 cm | Severity=75 | SourceName=Sensor2 | EventType=application | SourceNode=ns=1;s=SensorSource2
[Anomaly Input] [2026-08-11 15:38:16.077 (UTC)] info/application	[Sensor] Updated distance: 19.784201138552373 cm | Severity=75 | SourceName=Sensor3 | EventType=application | SourceNode=ns=1;s=SensorSource3
[Anomaly Input] [2026-08-11 15:38:16.158 (UTC)] info/application	[Sensor] Updated distance: 34.00802142173425 cm | Severity=75 | SourceName=Sensor | EventType=application | SourceNode=ns=1;s=SensorSource
[Anomaly Input] [2026-08-11 15:38:16.160 (UTC)] info/application	[Motor] Received distance: 34.00802142173425 cm | Severity=75 | SourceName=Motor | EventType=application | SourceNode=ns=1;s=MotorSource
[Anomaly Input] [2026-08-11 15:38:16.161 (UTC)] info/application	[Motor] Received distance: 32.41737873778556 cm | Severity=75 | SourceName=Motor2 | EventType=application | SourceNode=ns=1;s=MotorSource2
[Anomaly Input] [2026-08-11 15:38:16.162 (UTC)] info/application	[Motor] Received distance: 19.784201138552373 cm | Severity=75 | SourceName=Motor3 | EventType=application | SourceNode=ns=1;s=MotorSource3
[Anomaly Input] [2026-08-11 15:38:16.160 (UTC)] info/application	[Motor] Distance safe (34.00802142173425); rotating motor to 90 degrees | Severity=75 | SourceName=Motor | EventType=application | SourceNode=ns=1;s=MotorSource
[Anomaly Input] [2026-08-11 15:38:16.161 (UTC)] info/application	[Motor] Distance safe (32.41737873778556); rotating motor to 90 degrees | Severity=75 | SourceName=Motor2 | EventType=application | SourceNode=ns=1;s=MotorSource2
[Anomaly Input] [2026-08-11 15:38:16.162 (UTC)] warn/application	[Motor] Distance too close (19.784201138552373); rotating motor to 0 degrees | Severity=175 | SourceName=Motor3 | EventType=application | SourceNode=ns=1;s=MotorSource3
[Anomaly Input] [2026-08-11 15:38:17.068 (UTC)] info/application	[Sensor] Updated distance: 30.769778607771627 cm | Severity=75 | SourceName=Sensor2 | EventType=application | SourceNode=ns=1;s=SensorSource2
[Anomaly Input] [2026-08-11 15:38:17.078 (UTC)] info/application	[Sensor] Updated distance: 44.448140260972146 cm | Severity=75 | SourceName=Sensor3 | EventType=application | SourceNode=ns=1;s=SensorSource3
[Anomaly Input] [2026-08-11 15:38:17.159 (UTC)] info/application	[Sensor] Updated distance: 18.49687974923145 cm | Severity=75 | SourceName=Sensor | EventType=application | SourceNode=ns=1;s=SensorSource
[Anomaly Input] [2026-08-11 15:38:17.159 (UTC)] info/application	[Motor] Received distance: 18.49687974923145 cm | Severity=75 | SourceName=Motor | EventType=application | SourceNode=ns=1;s=MotorSource
[Anomaly Input] [2026-08-11 15:38:17.162 (UTC)] info/application	[Motor] Received distance: 30.769778607771627 cm | Severity=75 | SourceName=Motor2 | EventType=application | SourceNode=ns=1;s=MotorSource2
[Anomaly Input] [2026-08-11 15:38:17.162 (UTC)] info/application	[Motor] Received distance: 44.448140260972146 cm | Severity=75 | SourceName=Motor3 | EventType=application | SourceNode=ns=1;s=MotorSource3
[Anomaly Input] [2026-08-11 15:38:17.159 (UTC)] warn/application	[Motor] Distance too close (18.49687974923145); rotating motor to 0 degrees | Severity=175 | SourceName=Motor | EventType=application | SourceNode=ns=1;s=MotorSource
[Anomaly Input] [2026-08-11 15:38:17.162 (UTC)] info/application	[Motor] Distance safe (30.769778607771627); rotating motor to 90 degrees | Severity=75 | SourceName=Motor2 | EventType=application | SourceNode=ns=1;s=MotorSource2
[Anomaly Input] [2026-08-11 15:38:17.162 (UTC)] info/application	[Motor] Distance safe (44.448140260972146); rotating motor to 90 degrees | Severity=75 | SourceName=Motor3 | EventType=application | SourceNode=ns=1;s=MotorSource3
[Anomaly Input] [2026-08-11 15:38:18.069 (UTC)] info/application	[Sensor] Updated distance: 17.650883644656687 cm | Severity=75 | SourceName=Sensor2 | EventType=application | SourceNode=ns=1;s=SensorSource2
[Anomaly Input] [2026-08-11 15:38:18.079 (UTC)] info/application	[Sensor] Updated distance: 25.333407725828422 cm | Severity=75 | SourceName=Sensor3 | EventType=application | SourceNode=ns=1;s=SensorSource3
[Anomaly Input] [2026-08-11 15:38:18.159 (UTC)] info/application	[Sensor] Updated distance: 23.90042048222405 cm | Severity=75 | SourceName=Sensor | EventType=application | SourceNode=ns=1;s=SensorSource
[Anomaly Input] [2026-08-11 15:38:18.160 (UTC)] info/application	[Motor] Received distance: 23.90042048222405 cm | Severity=75 | SourceName=Motor | EventType=application | SourceNode=ns=1;s=MotorSource
[Anomaly Input] [2026-08-11 15:38:18.162 (UTC)] info/application	[Motor] Received distance: 17.650883644656687 cm | Severity=75 | SourceName=Motor2 | EventType=application | SourceNode=ns=1;s=MotorSource2
[Anomaly Input] [2026-08-11 15:38:18.162 (UTC)] info/application	[Motor] Received distance: 25.333407725828422 cm | Severity=75 | SourceName=Motor3 | EventType=application | SourceNode=ns=1;s=MotorSource3
[Anomaly Input] [2026-08-11 15:38:18.160 (UTC)] info/application	[Motor] Distance safe (23.90042048222405); rotating motor to 90 degrees | Severity=75 | SourceName=Motor | EventType=application | SourceNode=ns=1;s=MotorSource
[Anomaly Input] [2026-08-11 15:38:18.162 (UTC)] warn/application	[Motor] Distance too close (17.650883644656687); rotating motor to 0 degrees | Severity=175 | SourceName=Motor2 | EventType=application | SourceNode=ns=1;s=MotorSource2
[Anomaly Input] [2026-08-11 15:38:18.162 (UTC)] info/application	[Motor] Distance safe (25.333407725828422); rotating motor to 90 degrees | Severity=75 | SourceName=Motor3 | EventType=application | SourceNode=ns=1;s=MotorSource3
[Anomaly Input] [2026-08-11 15:38:19.069 (UTC)] info/application	[Sensor] Updated distance: 8.712739180174069 cm | Severity=75 | SourceName=Sensor2 | EventType=application | SourceNode=ns=1;s=SensorSource2
[Anomaly Input] [2026-08-11 15:38:19.080 (UTC)] info/application	[Sensor] Updated distance: 6.201369555760812 cm | Severity=75 | SourceName=Sensor3 | EventType=application | SourceNode=ns=1;s=SensorSource3
[Anomaly Input] [2026-08-11 15:38:19.160 (UTC)] info/application	[Sensor] Updated distance: 4.137404442828803 cm | Severity=75 | SourceName=Sensor | EventType=application | SourceNode=ns=1;s=SensorSource
[Anomaly Input] [2026-08-11 15:38:19.161 (UTC)] info/application	[Motor] Received distance: 6.201369555760812 cm | Severity=75 | SourceName=Motor3 | EventType=application | SourceNode=ns=1;s=MotorSource3
[Anomaly Input] [2026-08-11 15:38:19.161 (UTC)] info/application	[Motor] Received distance: 8.712739180174069 cm | Severity=75 | SourceName=Motor2 | EventType=application | SourceNode=ns=1;s=MotorSource2
[Anomaly Input] [2026-08-11 15:38:19.170 (UTC)] info/application	[Motor] Received distance: 4.137404442828803 cm | Severity=75 | SourceName=Motor | EventType=application | SourceNode=ns=1;s=MotorSource
[Anomaly Input] [2026-08-11 15:38:19.161 (UTC)] warn/application	[Motor] Distance too close (6.201369555760812); rotating motor to 0 degrees | Severity=175 | SourceName=Motor3 | EventType=application | SourceNode=ns=1;s=MotorSource3
[Anomaly Input] [2026-08-11 15:38:19.161 (UTC)] warn/application	[Motor] Distance too close (8.712739180174069); rotating motor to 0 degrees | Severity=175 | SourceName=Motor2 | EventType=application | SourceNode=ns=1;s=MotorSource2
[Anomaly Input] [2026-08-11 15:38:19.170 (UTC)] warn/application	[Motor] Distance too close (4.137404442828803); rotating motor to 0 degrees | Severity=175 | SourceName=Motor | EventType=application | SourceNode=ns=1;s=MotorSource
[Anomaly Input] [2026-08-11 15:38:20.071 (UTC)] info/application	[Sensor] Updated distance: 10.603283118737528 cm | Severity=75 | SourceName=Sensor3 | EventType=application | SourceNode=ns=1;s=SensorSource3
[Anomaly Input] [2026-08-11 15:38:20.071 (UTC)] info/application	[Sensor] Updated distance: 3.4858742586736913 cm | Severity=75 | SourceName=Sensor2 | EventType=application | SourceNode=ns=1;s=SensorSource2
[Anomaly Input] [2026-08-11 15:38:20.152 (UTC)] info/application	[Sensor] Updated distance: 42.04890755938781 cm | Severity=75 | SourceName=Sensor | EventType=application | SourceNode=ns=1;s=SensorSource
[Anomaly Input] [2026-08-11 15:38:20.160 (UTC)] info/application	[Motor] Received distance: 42.04890755938781 cm | Severity=75 | SourceName=Motor | EventType=application | SourceNode=ns=1;s=MotorSource
[Anomaly Input] [2026-08-11 15:38:20.162 (UTC)] info/application	[Motor] Received distance: 10.603283118737528 cm | Severity=75 | SourceName=Motor3 | EventType=application | SourceNode=ns=1;s=MotorSource3
[Anomaly Input] [2026-08-11 15:38:20.162 (UTC)] info/application	[Motor] Received distance: 3.4858742586736913 cm | Severity=75 | SourceName=Motor2 | EventType=application | SourceNode=ns=1;s=MotorSource2
[Anomaly Input] [2026-08-11 15:38:20.160 (UTC)] info/application	[Motor] Distance safe (42.04890755938781); rotating motor to 90 degrees | Severity=75 | SourceName=Motor | EventType=application | SourceNode=ns=1;s=MotorSource
[Anomaly Input] [2026-08-11 15:38:20.162 (UTC)] warn/application	[Motor] Distance too close (10.603283118737528); rotating motor to 0 degrees | Severity=175 | SourceName=Motor3 | EventType=application | SourceNode=ns=1;s=MotorSource3
[Anomaly Input] [2026-08-11 15:38:20.162 (UTC)] warn/application	[Motor] Distance too close (3.4858742586736913); rotating motor to 0 degrees | Severity=175 | SourceName=Motor2 | EventType=application | SourceNode=ns=1;s=MotorSource2
[Anomaly Input] [2026-08-11 15:38:21.073 (UTC)] info/application	[Sensor] Updated distance: 46.12512528715894 cm | Severity=75 | SourceName=Sensor2 | EventType=application | SourceNode=ns=1;s=SensorSource2
[Anomaly Input] [2026-08-11 15:38:21.073 (UTC)] info/application	[Sensor] Updated distance: 9.511581089120163 cm | Severity=75 | SourceName=Sensor3 | EventType=application | SourceNode=ns=1;s=SensorSource3
[Anomaly Input] [2026-08-11 15:38:21.154 (UTC)] info/application	[Sensor] Updated distance: 32.662954732153075 cm | Severity=75 | SourceName=Sensor | EventType=application | SourceNode=ns=1;s=SensorSource
[Anomaly Input] [2026-08-11 15:38:21.154 (UTC)] info/application	[Motor] Received distance: 32.662954732153075 cm | Severity=75 | SourceName=Motor | EventType=application | SourceNode=ns=1;s=MotorSource
[Anomaly Input] [2026-08-11 15:38:21.154 (UTC)] info/application	[Motor] Received distance: 46.12512528715894 cm | Severity=75 | SourceName=Motor2 | EventType=application | SourceNode=ns=1;s=MotorSource2
[Anomaly Input] [2026-08-11 15:38:21.154 (UTC)] info/application	[Motor] Received distance: 9.511581089120163 cm | Severity=75 | SourceName=Motor3 | EventType=application | SourceNode=ns=1;s=MotorSource3
[Anomaly Input] [2026-08-11 15:38:21.154 (UTC)] info/application	[Motor] Distance safe (32.662954732153075); rotating motor to 90 degrees | Severity=75 | SourceName=Motor | EventType=application | SourceNode=ns=1;s=MotorSource
[Anomaly Input] [2026-08-11 15:38:21.154 (UTC)] info/application	[Motor] Distance safe (46.12512528715894); rotating motor to 90 degrees | Severity=75 | SourceName=Motor2 | EventType=application | SourceNode=ns=1;s=MotorSource2
[Anomaly Input] [2026-08-11 15:38:21.154 (UTC)] warn/application	[Motor] Distance too close (9.511581089120163); rotating motor to 0 degrees | Severity=175 | SourceName=Motor3 | EventType=application | SourceNode=ns=1;s=MotorSource3
[Anomaly Input] [2026-08-11 15:38:22.074 (UTC)] info/application	[Sensor] Updated distance: 41.86541133740237 cm | Severity=75 | SourceName=Sensor2 | EventType=application | SourceNode=ns=1;s=SensorSource2
[Anomaly Input] [2026-08-11 15:38:22.074 (UTC)] info/application	[Sensor] Updated distance: 24.589908818989016 cm | Severity=75 | SourceName=Sensor3 | EventType=application | SourceNode=ns=1;s=SensorSource3
[Anomaly Input] [2026-08-11 15:38:22.155 (UTC)] info/application	[Sensor] Updated distance: 47.08957932008876 cm | Severity=75 | SourceName=Sensor | EventType=application | SourceNode=ns=1;s=SensorSource
[Anomaly Input] [2026-08-11 15:38:22.159 (UTC)] info/application	[Motor] Received distance: 47.08957932008876 cm | Severity=75 | SourceName=Motor | EventType=application | SourceNode=ns=1;s=MotorSource
[Anomaly Input] [2026-08-11 15:38:22.162 (UTC)] info/application	[Motor] Received distance: 24.589908818989016 cm | Severity=75 | SourceName=Motor3 | EventType=application | SourceNode=ns=1;s=MotorSource3
[Anomaly Input] [2026-08-11 15:38:22.162 (UTC)] info/application	[Motor] Received distance: 41.86541133740237 cm | Severity=75 | SourceName=Motor2 | EventType=application | SourceNode=ns=1;s=MotorSource2
[Anomaly Input] [2026-08-11 15:38:22.159 (UTC)] info/application	[Motor] Distance safe (47.08957932008876); rotating motor to 90 degrees | Severity=75 | SourceName=Motor | EventType=application | SourceNode=ns=1;s=MotorSource
[Anomaly Input] [2026-08-11 15:38:22.162 (UTC)] info/application	[Motor] Distance safe (41.86541133740237); rotating motor to 90 degrees | Severity=75 | SourceName=Motor2 | EventType=application | SourceNode=ns=1;s=MotorSource2
[Anomaly Input] [2026-08-11 15:38:22.162 (UTC)] info/application	[Motor] Distance safe (24.589908818989016); rotating motor to 90 degrees | Severity=75 | SourceName=Motor3 | EventType=application | SourceNode=ns=1;s=MotorSource3
[Anomaly Input] [2026-08-11 15:38:23.076 (UTC)] info/application	[Sensor] Updated distance: 41.935193676471336 cm | Severity=75 | SourceName=Sensor3 | EventType=application | SourceNode=ns=1;s=SensorSource3
[Anomaly Input] [2026-08-11 15:38:23.076 (UTC)] info/application	[Sensor] Updated distance: 25.170356329144145 cm | Severity=75 | SourceName=Sensor2 | EventType=application | SourceNode=ns=1;s=SensorSource2
[Anomaly Input] [2026-08-11 15:38:23.158 (UTC)] info/application	[Sensor] Updated distance: 24.522727194485594 cm | Severity=75 | SourceName=Sensor | EventType=application | SourceNode=ns=1;s=SensorSource
[Anomaly Input] [2026-08-11 15:38:23.158 (UTC)] info/application	[Motor] Received distance: 25.170356329144145 cm | Severity=75 | SourceName=Motor2 | EventType=application | SourceNode=ns=1;s=MotorSource2
[Anomaly Input] [2026-08-11 15:38:23.158 (UTC)] info/application	[Motor] Received distance: 24.522727194485594 cm | Severity=75 | SourceName=Motor | EventType=application | SourceNode=ns=1;s=MotorSource
[Anomaly Input] [2026-08-11 15:38:23.158 (UTC)] info/application	[Motor] Received distance: 41.935193676471336 cm | Severity=75 | SourceName=Motor3 | EventType=application | SourceNode=ns=1;s=MotorSource3
[Anomaly Input] [2026-08-11 15:38:23.158 (UTC)] info/application	[Motor] Distance safe (25.170356329144145); rotating motor to 90 degrees | Severity=75 | SourceName=Motor2 | EventType=application | SourceNode=ns=1;s=MotorSource2
[Anomaly Input] [2026-08-11 15:38:23.158 (UTC)] info/application	[Motor] Distance safe (24.522727194485594); rotating motor to 90 degrees | Severity=75 | SourceName=Motor | EventType=application | SourceNode=ns=1;s=MotorSource
[Anomaly Input] [2026-08-11 15:38:23.158 (UTC)] info/application	[Motor] Distance safe (41.935193676471336); rotating motor to 90 degrees | Severity=75 | SourceName=Motor3 | EventType=application | SourceNode=ns=1;s=MotorSource3
[Anomaly Input] [2026-08-11 15:38:24.068 (UTC)] info/application	[Sensor] Updated distance: 31.4204036581425 cm | Severity=75 | SourceName=Sensor2 | EventType=application | SourceNode=ns=1;s=SensorSource2
[Anomaly Input] [2026-08-11 15:38:24.078 (UTC)] info/application	[Sensor] Updated distance: 12.789482732671072 cm | Severity=75 | SourceName=Sensor3 | EventType=application | SourceNode=ns=1;s=SensorSource3
[Anomaly Input] [2026-08-11 15:38:24.160 (UTC)] info/application	[Sensor] Updated distance: 26.855314981590634 cm | Severity=75 | SourceName=Sensor | EventType=application | SourceNode=ns=1;s=SensorSource
[Anomaly Input] [2026-08-11 15:38:24.160 (UTC)] info/application	[Motor] Received distance: 26.855314981590634 cm | Severity=75 | SourceName=Motor | EventType=application | SourceNode=ns=1;s=MotorSource
[Anomaly Input] [2026-08-11 15:38:24.162 (UTC)] info/application	[Motor] Received distance: 31.4204036581425 cm | Severity=75 | SourceName=Motor2 | EventType=application | SourceNode=ns=1;s=MotorSource2
[Anomaly Input] [2026-08-11 15:38:24.162 (UTC)] info/application	[Motor] Received distance: 12.789482732671072 cm | Severity=75 | SourceName=Motor3 | EventType=application | SourceNode=ns=1;s=MotorSource3
[Anomaly Input] [2026-08-11 15:38:24.160 (UTC)] info/application	[Motor] Distance safe (26.855314981590634); rotating motor to 90 degrees | Severity=75 | SourceName=Motor | EventType=application | SourceNode=ns=1;s=MotorSource
[Anomaly Input] [2026-08-11 15:38:24.162 (UTC)] info/application	[Motor] Distance safe (31.4204036581425); rotating motor to 90 degrees | Severity=75 | SourceName=Motor2 | EventType=application | SourceNode=ns=1;s=MotorSource2
[Anomaly Input] [2026-08-11 15:38:24.162 (UTC)] warn/application	[Motor] Distance too close (12.789482732671072); rotating motor to 0 degrees | Severity=175 | SourceName=Motor3 | EventType=application | SourceNode=ns=1;s=MotorSource3
[Anomaly Input] [2026-08-11 15:38:25.071 (UTC)] info/application	[Sensor] Updated distance: 31.581814191109412 cm | Severity=75 | SourceName=Sensor3 | EventType=application | SourceNode=ns=1;s=SensorSource3
[Anomaly Input] [2026-08-11 15:38:25.071 (UTC)] info/application	[Sensor] Updated distance: 41.824738096364186 cm | Severity=75 | SourceName=Sensor2 | EventType=application | SourceNode=ns=1;s=SensorSource2
[Anomaly Input] [2026-08-11 15:38:25.152 (UTC)] info/application	[Motor] Received distance: 31.581814191109412 cm | Severity=75 | SourceName=Motor3 | EventType=application | SourceNode=ns=1;s=MotorSource3
[Anomaly Input] [2026-08-11 15:38:25.162 (UTC)] info/application	[Sensor] Updated distance: 42.93657059638601 cm | Severity=75 | SourceName=Sensor | EventType=application | SourceNode=ns=1;s=SensorSource
[Anomaly Input] [2026-08-11 15:38:25.171 (UTC)] info/application	[Motor] Received distance: 42.93657059638601 cm | Severity=75 | SourceName=Motor | EventType=application | SourceNode=ns=1;s=MotorSource
[Anomaly Input] [2026-08-11 15:38:25.171 (UTC)] info/application	[Motor] Received distance: 41.824738096364186 cm | Severity=75 | SourceName=Motor2 | EventType=application | SourceNode=ns=1;s=MotorSource2
[Anomaly Input] [2026-08-11 15:38:25.152 (UTC)] info/application	[Motor] Distance safe (31.581814191109412); rotating motor to 90 degrees | Severity=75 | SourceName=Motor3 | EventType=application | SourceNode=ns=1;s=MotorSource3
[Anomaly Input] [2026-08-11 15:38:25.171 (UTC)] info/application	[Motor] Distance safe (42.93657059638601); rotating motor to 90 degrees | Severity=75 | SourceName=Motor | EventType=application | SourceNode=ns=1;s=MotorSource
[Anomaly Input] [2026-08-11 15:38:25.171 (UTC)] info/application	[Motor] Distance safe (41.824738096364186); rotating motor to 90 degrees | Severity=75 | SourceName=Motor2 | EventType=application | SourceNode=ns=1;s=MotorSource2
[Anomaly Input] [2026-08-11 15:38:26.071 (UTC)] info/application	[Sensor] Updated distance: 3.384804621983694 cm | Severity=75 | SourceName=Sensor3 | EventType=application | SourceNode=ns=1;s=SensorSource3
[Anomaly Input] [2026-08-11 15:38:26.071 (UTC)] info/application	[Sensor] Updated distance: 4.162637055927252 cm | Severity=75 | SourceName=Sensor2 | EventType=application | SourceNode=ns=1;s=SensorSource2
[Anomaly Input] [2026-08-11 15:38:26.152 (UTC)] info/application	[Sensor] Updated distance: 26.05373105036734 cm | Severity=75 | SourceName=Sensor | EventType=application | SourceNode=ns=1;s=SensorSource
[Anomaly Input] [2026-08-11 15:38:26.160 (UTC)] info/application	[Motor] Received distance: 26.05373105036734 cm | Severity=75 | SourceName=Motor | EventType=application | SourceNode=ns=1;s=MotorSource
[Anomaly Input] [2026-08-11 15:38:26.161 (UTC)] info/application	[Motor] Received distance: 4.162637055927252 cm | Severity=75 | SourceName=Motor2 | EventType=application | SourceNode=ns=1;s=MotorSource2
[Anomaly Input] [2026-08-11 15:38:26.161 (UTC)] info/application	[Motor] Received distance: 3.384804621983694 cm | Severity=75 | SourceName=Motor3 | EventType=application | SourceNode=ns=1;s=MotorSource3
[Anomaly Input] [2026-08-11 15:38:26.160 (UTC)] info/application	[Motor] Distance safe (26.05373105036734); rotating motor to 90 degrees | Severity=75 | SourceName=Motor | EventType=application | SourceNode=ns=1;s=MotorSource
[Anomaly Input] [2026-08-11 15:38:26.161 (UTC)] warn/application	[Motor] Distance too close (4.162637055927252); rotating motor to 0 degrees | Severity=175 | SourceName=Motor2 | EventType=application | SourceNode=ns=1;s=MotorSource2
[Anomaly Input] [2026-08-11 15:38:26.161 (UTC)] warn/application	[Motor] Distance too close (3.384804621983694); rotating motor to 0 degrees | Severity=175 | SourceName=Motor3 | EventType=application | SourceNode=ns=1;s=MotorSource3
[Anomaly Input] [2026-08-11 15:38:27.072 (UTC)] info/application	[Sensor] Updated distance: 46.829834601296966 cm | Severity=75 | SourceName=Sensor3 | EventType=application | SourceNode=ns=1;s=SensorSource3
[Anomaly Input] [2026-08-11 15:38:27.072 (UTC)] info/application	[Sensor] Updated distance: 27.63107295037763 cm | Severity=75 | SourceName=Sensor2 | EventType=application | SourceNode=ns=1;s=SensorSource2
[Anomaly Input] [2026-08-11 15:38:27.154 (UTC)] info/application	[Sensor] Updated distance: 34.12177985167214 cm | Severity=75 | SourceName=Sensor | EventType=application | SourceNode=ns=1;s=SensorSource
[Anomaly Input] [2026-08-11 15:38:27.154 (UTC)] info/application	[Motor] Received distance: 34.12177985167214 cm | Severity=75 | SourceName=Motor | EventType=application | SourceNode=ns=1;s=MotorSource
[Anomaly Input] [2026-08-11 15:38:27.161 (UTC)] info/application	[Motor] Received distance: 27.63107295037763 cm | Severity=75 | SourceName=Motor2 | EventType=application | SourceNode=ns=1;s=MotorSource2
[Anomaly Input] [2026-08-11 15:38:27.161 (UTC)] info/application	[Motor] Received distance: 46.829834601296966 cm | Severity=75 | SourceName=Motor3 | EventType=application | SourceNode=ns=1;s=MotorSource3
[Anomaly Input] [2026-08-11 15:38:27.154 (UTC)] info/application	[Motor] Distance safe (34.12177985167214); rotating motor to 90 degrees | Severity=75 | SourceName=Motor | EventType=application | SourceNode=ns=1;s=MotorSource
[Anomaly Input] [2026-08-11 15:38:27.161 (UTC)] info/application	[Motor] Distance safe (27.63107295037763); rotating motor to 90 degrees | Severity=75 | SourceName=Motor2 | EventType=application | SourceNode=ns=1;s=MotorSource2
[Anomaly Input] [2026-08-11 15:38:27.161 (UTC)] info/application	[Motor] Distance safe (46.829834601296966); rotating motor to 90 degrees | Severity=75 | SourceName=Motor3 | EventType=application | SourceNode=ns=1;s=MotorSource3
[Anomaly Input] [2026-08-11 15:38:28.073 (UTC)] info/application	[Sensor] Updated distance: 6.480618292689611 cm | Severity=75 | SourceName=Sensor3 | EventType=application | SourceNode=ns=1;s=SensorSource3
[Anomaly Input] [2026-08-11 15:38:28.073 (UTC)] info/application	[Sensor] Updated distance: 15.831254093829195 cm | Severity=75 | SourceName=Sensor2 | EventType=application | SourceNode=ns=1;s=SensorSource2
[Anomaly Input] [2026-08-11 15:38:28.154 (UTC)] info/application	[Sensor] Updated distance: 46.78192869423978 cm | Severity=75 | SourceName=Sensor | EventType=application | SourceNode=ns=1;s=SensorSource
[Anomaly Input] [2026-08-11 15:38:28.159 (UTC)] info/application	[Motor] Received distance: 46.78192869423978 cm | Severity=75 | SourceName=Motor | EventType=application | SourceNode=ns=1;s=MotorSource
[Anomaly Input] [2026-08-11 15:38:28.162 (UTC)] info/application	[Motor] Received distance: 6.480618292689611 cm | Severity=75 | SourceName=Motor3 | EventType=application | SourceNode=ns=1;s=MotorSource3
[Anomaly Input] [2026-08-11 15:38:28.162 (UTC)] info/application	[Motor] Received distance: 15.831254093829195 cm | Severity=75 | SourceName=Motor2 | EventType=application | SourceNode=ns=1;s=MotorSource2
[Anomaly Input] [2026-08-11 15:38:28.159 (UTC)] info/application	[Motor] Distance safe (46.78192869423978); rotating motor to 90 degrees | Severity=75 | SourceName=Motor | EventType=application | SourceNode=ns=1;s=MotorSource
[Anomaly Input] [2026-08-11 15:38:28.162 (UTC)] warn/application	[Motor] Distance too close (6.480618292689611); rotating motor to 0 degrees | Severity=175 | SourceName=Motor3 | EventType=application | SourceNode=ns=1;s=MotorSource3
[Anomaly Input] [2026-08-11 15:38:28.162 (UTC)] warn/application	[Motor] Distance too close (15.831254093829195); rotating motor to 0 degrees | Severity=175 | SourceName=Motor2 | EventType=application | SourceNode=ns=1;s=MotorSource2
[Anomaly Input] [2026-08-11 15:38:29.074 (UTC)] info/application	[Sensor] Updated distance: 4.856700637776731 cm | Severity=75 | SourceName=Sensor3 | EventType=application | SourceNode=ns=1;s=SensorSource3
[Anomaly Input] [2026-08-11 15:38:29.074 (UTC)] info/application	[Sensor] Updated distance: 16.335772625327003 cm | Severity=75 | SourceName=Sensor2 | EventType=application | SourceNode=ns=1;s=SensorSource2
[Anomaly Input] [2026-08-11 15:38:29.155 (UTC)] info/application	[Sensor] Updated distance: 39.83332213285999 cm | Severity=75 | SourceName=Sensor | EventType=application | SourceNode=ns=1;s=SensorSource
[Anomaly Input] [2026-08-11 15:38:29.155 (UTC)] info/application	[Motor] Received distance: 16.335772625327003 cm | Severity=75 | SourceName=Motor2 | EventType=application | SourceNode=ns=1;s=MotorSource2
[Anomaly Input] [2026-08-11 15:38:29.155 (UTC)] info/application	[Motor] Received distance: 4.856700637776731 cm | Severity=75 | SourceName=Motor3 | EventType=application | SourceNode=ns=1;s=MotorSource3
[Anomaly Input] [2026-08-11 15:38:29.160 (UTC)] info/application	[Motor] Received distance: 39.83332213285999 cm | Severity=75 | SourceName=Motor | EventType=application | SourceNode=ns=1;s=MotorSource
[Anomaly Input] [2026-08-11 15:38:29.155 (UTC)] warn/application	[Motor] Distance too close (16.335772625327003); rotating motor to 0 degrees | Severity=175 | SourceName=Motor2 | EventType=application | SourceNode=ns=1;s=MotorSource2
[Anomaly Input] [2026-08-11 15:38:29.155 (UTC)] warn/application	[Motor] Distance too close (4.856700637776731); rotating motor to 0 degrees | Severity=175 | SourceName=Motor3 | EventType=application | SourceNode=ns=1;s=MotorSource3
[Anomaly Input] [2026-08-11 15:38:29.160 (UTC)] info/application	[Motor] Distance safe (39.83332213285999); rotating motor to 90 degrees | Severity=75 | SourceName=Motor | EventType=application | SourceNode=ns=1;s=MotorSource
[Anomaly Input] [2026-08-11 15:38:30.074 (UTC)] info/application	[Sensor] Updated distance: 43.178746019107635 cm | Severity=75 | SourceName=Sensor3 | EventType=application | SourceNode=ns=1;s=SensorSource3
[Anomaly Input] [2026-08-11 15:38:30.074 (UTC)] info/application	[Sensor] Updated distance: 11.121606287137421 cm | Severity=75 | SourceName=Sensor2 | EventType=application | SourceNode=ns=1;s=SensorSource2
[Anomaly Input] [2026-08-11 15:38:30.155 (UTC)] info/application	[Sensor] Updated distance: 28.908631210638504 cm | Severity=75 | SourceName=Sensor | EventType=application | SourceNode=ns=1;s=SensorSource
[Anomaly Input] [2026-08-11 15:38:30.160 (UTC)] info/application	[Motor] Received distance: 28.908631210638504 cm | Severity=75 | SourceName=Motor | EventType=application | SourceNode=ns=1;s=MotorSource
[Anomaly Input] [2026-08-11 15:38:30.162 (UTC)] info/application	[Motor] Received distance: 43.178746019107635 cm | Severity=75 | SourceName=Motor3 | EventType=application | SourceNode=ns=1;s=MotorSource3
[Anomaly Input] [2026-08-11 15:38:30.162 (UTC)] info/application	[Motor] Received distance: 11.121606287137421 cm | Severity=75 | SourceName=Motor2 | EventType=application | SourceNode=ns=1;s=MotorSource2
[Anomaly Input] [2026-08-11 15:38:30.160 (UTC)] info/application	[Motor] Distance safe (28.908631210638504); rotating motor to 90 degrees | Severity=75 | SourceName=Motor | EventType=application | SourceNode=ns=1;s=MotorSource
[Anomaly Input] [2026-08-11 15:38:30.162 (UTC)] info/application	[Motor] Distance safe (43.178746019107635); rotating motor to 90 degrees | Severity=75 | SourceName=Motor3 | EventType=application | SourceNode=ns=1;s=MotorSource3
[Anomaly Input] [2026-08-11 15:38:30.162 (UTC)] warn/application	[Motor] Distance too close (11.121606287137421); rotating motor to 0 degrees | Severity=175 | SourceName=Motor2 | EventType=application | SourceNode=ns=1;s=MotorSource2
[Anomaly Input] [2026-08-11 15:38:31.075 (UTC)] info/application	[Sensor] Updated distance: 40.944490987316 cm | Severity=75 | SourceName=Sensor2 | EventType=application | SourceNode=ns=1;s=SensorSource2
[Anomaly Input] [2026-08-11 15:38:31.076 (UTC)] info/application	[Sensor] Updated distance: 13.026798439690284 cm | Severity=75 | SourceName=Sensor3 | EventType=application | SourceNode=ns=1;s=SensorSource3
[Anomaly Input] [2026-08-11 15:38:31.157 (UTC)] info/application	[Sensor] Updated distance: 39.47826985524887 cm | Severity=75 | SourceName=Sensor | EventType=application | SourceNode=ns=1;s=SensorSource
[Anomaly Input] [2026-08-11 15:38:31.157 (UTC)] info/application	[Motor] Received distance: 40.944490987316 cm | Severity=75 | SourceName=Motor2 | EventType=application | SourceNode=ns=1;s=MotorSource2
[Anomaly Input] [2026-08-11 15:38:31.157 (UTC)] info/application	[Motor] Received distance: 13.026798439690284 cm | Severity=75 | SourceName=Motor3 | EventType=application | SourceNode=ns=1;s=MotorSource3
[Anomaly Input] [2026-08-11 15:38:31.157 (UTC)] info/application	[Motor] Received distance: 39.47826985524887 cm | Severity=75 | SourceName=Motor | EventType=application | SourceNode=ns=1;s=MotorSource
[Anomaly Input] [2026-08-11 15:38:31.157 (UTC)] info/application	[Motor] Distance safe (40.944490987316); rotating motor to 90 degrees | Severity=75 | SourceName=Motor2 | EventType=application | SourceNode=ns=1;s=MotorSource2
[Anomaly Input] [2026-08-11 15:38:31.157 (UTC)] info/application	[Motor] Distance safe (39.47826985524887); rotating motor to 90 degrees | Severity=75 | SourceName=Motor | EventType=application | SourceNode=ns=1;s=MotorSource
[Anomaly Input] [2026-08-11 15:38:31.157 (UTC)] warn/application	[Motor] Distance too close (13.026798439690284); rotating motor to 0 degrees | Severity=175 | SourceName=Motor3 | EventType=application | SourceNode=ns=1;s=MotorSource3
[Anomaly Input] [2026-08-11 15:38:32.067 (UTC)] info/application	[Sensor] Updated distance: 19.436593332065545 cm | Severity=75 | SourceName=Sensor2 | EventType=application | SourceNode=ns=1;s=SensorSource2
[Anomaly Input] [2026-08-11 15:38:32.077 (UTC)] info/application	[Sensor] Updated distance: 17.990244999523387 cm | Severity=75 | SourceName=Sensor3 | EventType=application | SourceNode=ns=1;s=SensorSource3
[Anomaly Input] [2026-08-11 15:38:32.158 (UTC)] info/application	[Sensor] Updated distance: 43.64536896052089 cm | Severity=75 | SourceName=Sensor | EventType=application | SourceNode=ns=1;s=SensorSource
[Anomaly Input] [2026-08-11 15:38:32.159 (UTC)] info/application	[Motor] Received distance: 43.64536896052089 cm | Severity=75 | SourceName=Motor | EventType=application | SourceNode=ns=1;s=MotorSource
[Anomaly Input] [2026-08-11 15:38:32.161 (UTC)] info/application	[Motor] Received distance: 19.436593332065545 cm | Severity=75 | SourceName=Motor2 | EventType=application | SourceNode=ns=1;s=MotorSource2
[Anomaly Input] [2026-08-11 15:38:32.161 (UTC)] info/application	[Motor] Received distance: 17.990244999523387 cm | Severity=75 | SourceName=Motor3 | EventType=application | SourceNode=ns=1;s=MotorSource3
[Anomaly Input] [2026-08-11 15:38:32.159 (UTC)] info/application	[Motor] Distance safe (43.64536896052089); rotating motor to 90 degrees | Severity=75 | SourceName=Motor | EventType=application | SourceNode=ns=1;s=MotorSource
[Anomaly Input] [2026-08-11 15:38:32.161 (UTC)] warn/application	[Motor] Distance too close (19.436593332065545); rotating motor to 0 degrees | Severity=175 | SourceName=Motor2 | EventType=application | SourceNode=ns=1;s=MotorSource2
[Anomaly Input] [2026-08-11 15:38:32.161 (UTC)] warn/application	[Motor] Distance too close (17.990244999523387); rotating motor to 0 degrees | Severity=175 | SourceName=Motor3 | EventType=application | SourceNode=ns=1;s=MotorSource3
[Anomaly Input] [2026-08-11 15:38:33.069 (UTC)] info/application	[Sensor] Updated distance: 3.228602737760452 cm | Severity=75 | SourceName=Sensor2 | EventType=application | SourceNode=ns=1;s=SensorSource2
[Anomaly Input] [2026-08-11 15:38:33.079 (UTC)] info/application	[Sensor] Updated distance: 8.37703814654473 cm | Severity=75 | SourceName=Sensor3 | EventType=application | SourceNode=ns=1;s=SensorSource3
[Anomaly Input] [2026-08-11 15:38:33.160 (UTC)] info/application	[Sensor] Updated distance: 8.53469090468003 cm | Severity=75 | SourceName=Sensor | EventType=application | SourceNode=ns=1;s=SensorSource
[Anomaly Input] [2026-08-11 15:38:33.160 (UTC)] info/application	[Motor] Received distance: 8.37703814654473 cm | Severity=75 | SourceName=Motor3 | EventType=application | SourceNode=ns=1;s=MotorSource3
[Anomaly Input] [2026-08-11 15:38:33.160 (UTC)] info/application	[Motor] Received distance: 3.228602737760452 cm | Severity=75 | SourceName=Motor2 | EventType=application | SourceNode=ns=1;s=MotorSource2
[Anomaly Input] [2026-08-11 15:38:33.170 (UTC)] info/application	[Motor] Received distance: 8.53469090468003 cm | Severity=75 | SourceName=Motor | EventType=application | SourceNode=ns=1;s=MotorSource
[Anomaly Input] [2026-08-11 15:38:33.160 (UTC)] warn/application	[Motor] Distance too close (3.228602737760452); rotating motor to 0 degrees | Severity=175 | SourceName=Motor2 | EventType=application | SourceNode=ns=1;s=MotorSource2
[Anomaly Input] [2026-08-11 15:38:33.160 (UTC)] warn/application	[Motor] Distance too close (8.37703814654473); rotating motor to 0 degrees | Severity=175 | SourceName=Motor3 | EventType=application | SourceNode=ns=1;s=MotorSource3
[Anomaly Input] [2026-08-11 15:38:33.170 (UTC)] warn/application	[Motor] Distance too close (8.53469090468003); rotating motor to 0 degrees | Severity=175 | SourceName=Motor | EventType=application | SourceNode=ns=1;s=MotorSource
[Anomaly Input] [2026-08-11 15:38:34.071 (UTC)] info/application	[Sensor] Updated distance: 9.64932065813305 cm | Severity=75 | SourceName=Sensor3 | EventType=application | SourceNode=ns=1;s=SensorSource3
[Anomaly Input] [2026-08-11 15:38:34.071 (UTC)] info/application	[Sensor] Updated distance: 5.488848464325465 cm | Severity=75 | SourceName=Sensor2 | EventType=application | SourceNode=ns=1;s=SensorSource2
[Anomaly Input] [2026-08-11 15:38:34.152 (UTC)] info/application	[Sensor] Updated distance: 42.076366070693524 cm | Severity=75 | SourceName=Sensor | EventType=application | SourceNode=ns=1;s=SensorSource
[Anomaly Input] [2026-08-11 15:38:34.160 (UTC)] info/application	[Motor] Received distance: 42.076366070693524 cm | Severity=75 | SourceName=Motor | EventType=application | SourceNode=ns=1;s=MotorSource
[Anomaly Input] [2026-08-11 15:38:34.162 (UTC)] info/application	[Motor] Received distance: 9.64932065813305 cm | Severity=75 | SourceName=Motor3 | EventType=application | SourceNode=ns=1;s=MotorSource3
[Anomaly Input] [2026-08-11 15:38:34.162 (UTC)] info/application	[Motor] Received distance: 5.488848464325465 cm | Severity=75 | SourceName=Motor2 | EventType=application | SourceNode=ns=1;s=MotorSource2
[Anomaly Input] [2026-08-11 15:38:34.160 (UTC)] info/application	[Motor] Distance safe (42.076366070693524); rotating motor to 90 degrees | Severity=75 | SourceName=Motor | EventType=application | SourceNode=ns=1;s=MotorSource
[Anomaly Input] [2026-08-11 15:38:34.162 (UTC)] warn/application	[Motor] Distance too close (9.64932065813305); rotating motor to 0 degrees | Severity=175 | SourceName=Motor3 | EventType=application | SourceNode=ns=1;s=MotorSource3
[Anomaly Input] [2026-08-11 15:38:34.162 (UTC)] warn/application	[Motor] Distance too close (5.488848464325465); rotating motor to 0 degrees | Severity=175 | SourceName=Motor2 | EventType=application | SourceNode=ns=1;s=MotorSource2
[Anomaly Input] [2026-08-11 15:38:35.073 (UTC)] info/application	[Sensor] Updated distance: 44.18168849972155 cm | Severity=75 | SourceName=Sensor3 | EventType=application | SourceNode=ns=1;s=SensorSource3
[Anomaly Input] [2026-08-11 15:38:35.073 (UTC)] info/application	[Sensor] Updated distance: 30.034638402999676 cm | Severity=75 | SourceName=Sensor2 | EventType=application | SourceNode=ns=1;s=SensorSource2
[Anomaly Input] [2026-08-11 15:38:35.154 (UTC)] info/application	[Sensor] Updated distance: 32.79760765973367 cm | Severity=75 | SourceName=Sensor | EventType=application | SourceNode=ns=1;s=SensorSource
[Anomaly Input] [2026-08-11 15:38:35.154 (UTC)] info/application	[Motor] Received distance: 32.79760765973367 cm | Severity=75 | SourceName=Motor | EventType=application | SourceNode=ns=1;s=MotorSource
[Anomaly Input] [2026-08-11 15:38:35.154 (UTC)] info/application	[Motor] Received distance: 44.18168849972155 cm | Severity=75 | SourceName=Motor3 | EventType=application | SourceNode=ns=1;s=MotorSource3
[Anomaly Input] [2026-08-11 15:38:35.154 (UTC)] info/application	[Motor] Received distance: 30.034638402999676 cm | Severity=75 | SourceName=Motor2 | EventType=application | SourceNode=ns=1;s=MotorSource2
[Anomaly Input] [2026-08-11 15:38:35.154 (UTC)] info/application	[Motor] Distance safe (32.79760765973367); rotating motor to 90 degrees | Severity=75 | SourceName=Motor | EventType=application | SourceNode=ns=1;s=MotorSource
[Anomaly Input] [2026-08-11 15:38:35.154 (UTC)] info/application	[Motor] Distance safe (44.18168849972155); rotating motor to 90 degrees | Severity=75 | SourceName=Motor3 | EventType=application | SourceNode=ns=1;s=MotorSource3
[Anomaly Input] [2026-08-11 15:38:35.154 (UTC)] info/application	[Motor] Distance safe (30.034638402999676); rotating motor to 90 degrees | Severity=75 | SourceName=Motor2 | EventType=application | SourceNode=ns=1;s=MotorSource2
[Anomaly Input] [2026-08-11 15:38:36.075 (UTC)] info/application	[Sensor] Updated distance: 4.628015608819209 cm | Severity=75 | SourceName=Sensor2 | EventType=application | SourceNode=ns=1;s=SensorSource2
[Anomaly Input] [2026-08-11 15:38:36.075 (UTC)] info/application	[Sensor] Updated distance: 18.52029675269513 cm | Severity=75 | SourceName=Sensor3 | EventType=application | SourceNode=ns=1;s=SensorSource3
[Anomaly Input] [2026-08-11 15:38:36.156 (UTC)] info/application	[Sensor] Updated distance: 11.27093389316971 cm | Severity=75 | SourceName=Sensor | EventType=application | SourceNode=ns=1;s=SensorSource
[Anomaly Input] [2026-08-11 15:38:36.160 (UTC)] info/application	[Motor] Received distance: 11.27093389316971 cm | Severity=75 | SourceName=Motor | EventType=application | SourceNode=ns=1;s=MotorSource
[Anomaly Input] [2026-08-11 15:38:36.161 (UTC)] info/application	[Motor] Received distance: 18.52029675269513 cm | Severity=75 | SourceName=Motor3 | EventType=application | SourceNode=ns=1;s=MotorSource3
[Anomaly Input] [2026-08-11 15:38:36.161 (UTC)] info/application	[Motor] Received distance: 4.628015608819209 cm | Severity=75 | SourceName=Motor2 | EventType=application | SourceNode=ns=1;s=MotorSource2
[Anomaly Input] [2026-08-11 15:38:36.160 (UTC)] warn/application	[Motor] Distance too close (11.27093389316971); rotating motor to 0 degrees | Severity=175 | SourceName=Motor | EventType=application | SourceNode=ns=1;s=MotorSource
[Anomaly Input] [2026-08-11 15:38:36.161 (UTC)] warn/application	[Motor] Distance too close (18.52029675269513); rotating motor to 0 degrees | Severity=175 | SourceName=Motor3 | EventType=application | SourceNode=ns=1;s=MotorSource3
[Anomaly Input] [2026-08-11 15:38:36.161 (UTC)] warn/application	[Motor] Distance too close (4.628015608819209); rotating motor to 0 degrees | Severity=175 | SourceName=Motor2 | EventType=application | SourceNode=ns=1;s=MotorSource2
[Anomaly Input] [2026-08-11 15:38:37.077 (UTC)] info/application	[Sensor] Updated distance: 13.863484283845631 cm | Severity=75 | SourceName=Sensor2 | EventType=application | SourceNode=ns=1;s=SensorSource2
[Anomaly Input] [2026-08-11 15:38:37.078 (UTC)] info/application	[Sensor] Updated distance: 27.987262439908115 cm | Severity=75 | SourceName=Sensor3 | EventType=application | SourceNode=ns=1;s=SensorSource3
[Anomaly Input] [2026-08-11 15:38:37.158 (UTC)] info/application	[Sensor] Updated distance: 14.177992535837921 cm | Severity=75 | SourceName=Sensor | EventType=application | SourceNode=ns=1;s=SensorSource
[Anomaly Input] [2026-08-11 15:38:37.158 (UTC)] info/application	[Motor] Received distance: 14.177992535837921 cm | Severity=75 | SourceName=Motor | EventType=application | SourceNode=ns=1;s=MotorSource
[Anomaly Input] [2026-08-11 15:38:37.158 (UTC)] info/application	[Motor] Received distance: 13.863484283845631 cm | Severity=75 | SourceName=Motor2 | EventType=application | SourceNode=ns=1;s=MotorSource2
[Anomaly Input] [2026-08-11 15:38:37.159 (UTC)] info/application	[Motor] Received distance: 27.987262439908115 cm | Severity=75 | SourceName=Motor3 | EventType=application | SourceNode=ns=1;s=MotorSource3
[Anomaly Input] [2026-08-11 15:38:37.158 (UTC)] warn/application	[Motor] Distance too close (14.177992535837921); rotating motor to 0 degrees | Severity=175 | SourceName=Motor | EventType=application | SourceNode=ns=1;s=MotorSource
[Anomaly Input] [2026-08-11 15:38:37.158 (UTC)] warn/application	[Motor] Distance too close (13.863484283845631); rotating motor to 0 degrees | Severity=175 | SourceName=Motor2 | EventType=application | SourceNode=ns=1;s=MotorSource2
[Anomaly Input] [2026-08-11 15:38:37.159 (UTC)] info/application	[Motor] Distance safe (27.987262439908115); rotating motor to 90 degrees | Severity=75 | SourceName=Motor3 | EventType=application | SourceNode=ns=1;s=MotorSource3
[Anomaly Input] [2026-08-11 15:38:38.067 (UTC)] info/application	[Sensor] Updated distance: 44.71618355564595 cm | Severity=75 | SourceName=Sensor2 | EventType=application | SourceNode=ns=1;s=SensorSource2
[Anomaly Input] [2026-08-11 15:38:38.078 (UTC)] info/application	[Sensor] Updated distance: 25.75954088930019 cm | Severity=75 | SourceName=Sensor3 | EventType=application | SourceNode=ns=1;s=SensorSource3
[Anomaly Input] [2026-08-11 15:38:38.158 (UTC)] info/application	[Sensor] Updated distance: 27.562469062191653 cm | Severity=75 | SourceName=Sensor | EventType=application | SourceNode=ns=1;s=SensorSource
[Anomaly Input] [2026-08-11 15:38:38.159 (UTC)] info/application	[Motor] Received distance: 27.562469062191653 cm | Severity=75 | SourceName=Motor | EventType=application | SourceNode=ns=1;s=MotorSource
[Anomaly Input] [2026-08-11 15:38:38.161 (UTC)] info/application	[Motor] Received distance: 25.75954088930019 cm | Severity=75 | SourceName=Motor3 | EventType=application | SourceNode=ns=1;s=MotorSource3
[Anomaly Input] [2026-08-11 15:38:38.162 (UTC)] info/application	[Motor] Received distance: 44.71618355564595 cm | Severity=75 | SourceName=Motor2 | EventType=application | SourceNode=ns=1;s=MotorSource2
[Anomaly Input] [2026-08-11 15:38:38.159 (UTC)] info/application	[Motor] Distance safe (27.562469062191653); rotating motor to 90 degrees | Severity=75 | SourceName=Motor | EventType=application | SourceNode=ns=1;s=MotorSource
[Anomaly Input] [2026-08-11 15:38:38.161 (UTC)] info/application	[Motor] Distance safe (25.75954088930019); rotating motor to 90 degrees | Severity=75 | SourceName=Motor3 | EventType=application | SourceNode=ns=1;s=MotorSource3
[Anomaly Input] [2026-08-11 15:38:38.162 (UTC)] info/application	[Motor] Distance safe (44.71618355564595); rotating motor to 90 degrees | Severity=75 | SourceName=Motor2 | EventType=application | SourceNode=ns=1;s=MotorSource2
[Anomaly Input] [2026-08-11 15:38:39.069 (UTC)] info/application	[Sensor] Updated distance: 8.576901118539693 cm | Severity=75 | SourceName=Sensor2 | EventType=application | SourceNode=ns=1;s=SensorSource2
[Anomaly Input] [2026-08-11 15:38:39.079 (UTC)] info/application	[Sensor] Updated distance: 31.061798325302917 cm | Severity=75 | SourceName=Sensor3 | EventType=application | SourceNode=ns=1;s=SensorSource3
[Anomaly Input] [2026-08-11 15:38:39.160 (UTC)] info/application	[Sensor] Updated distance: 23.809880281710008 cm | Severity=75 | SourceName=Sensor | EventType=application | SourceNode=ns=1;s=SensorSource
[Anomaly Input] [2026-08-11 15:38:39.161 (UTC)] info/application	[Motor] Received distance: 23.809880281710008 cm | Severity=75 | SourceName=Motor | EventType=application | SourceNode=ns=1;s=MotorSource
[Anomaly Input] [2026-08-11 15:38:39.161 (UTC)] info/application	[Motor] Received distance: 31.061798325302917 cm | Severity=75 | SourceName=Motor3 | EventType=application | SourceNode=ns=1;s=MotorSource3
[Anomaly Input] [2026-08-11 15:38:39.162 (UTC)] info/application	[Motor] Received distance: 8.576901118539693 cm | Severity=75 | SourceName=Motor2 | EventType=application | SourceNode=ns=1;s=MotorSource2
[Anomaly Input] [2026-08-11 15:38:39.161 (UTC)] info/application	[Motor] Distance safe (23.809880281710008); rotating motor to 90 degrees | Severity=75 | SourceName=Motor | EventType=application | SourceNode=ns=1;s=MotorSource
[Anomaly Input] [2026-08-11 15:38:39.161 (UTC)] info/application	[Motor] Distance safe (31.061798325302917); rotating motor to 90 degrees | Severity=75 | SourceName=Motor3 | EventType=application | SourceNode=ns=1;s=MotorSource3
[Anomaly Input] [2026-08-11 15:38:39.162 (UTC)] warn/application	[Motor] Distance too close (8.576901118539693); rotating motor to 0 degrees | Severity=175 | SourceName=Motor2 | EventType=application | SourceNode=ns=1;s=MotorSource2
[Anomaly Input] [2026-08-11 15:38:40.071 (UTC)] info/application	[Sensor] Updated distance: 20.018990405844054 cm | Severity=75 | SourceName=Sensor2 | EventType=application | SourceNode=ns=1;s=SensorSource2
[Anomaly Input] [2026-08-11 15:38:40.071 (UTC)] info/application	[Sensor] Updated distance: 31.67224341522541 cm | Severity=75 | SourceName=Sensor3 | EventType=application | SourceNode=ns=1;s=SensorSource3
[Anomaly Input] [2026-08-11 15:38:40.162 (UTC)] info/application	[Sensor] Updated distance: 44.821502146693646 cm | Severity=75 | SourceName=Sensor | EventType=application | SourceNode=ns=1;s=SensorSource
[Anomaly Input] [2026-08-11 15:38:40.162 (UTC)] info/application	[Motor] Received distance: 20.018990405844054 cm | Severity=75 | SourceName=Motor2 | EventType=application | SourceNode=ns=1;s=MotorSource2
[Anomaly Input] [2026-08-11 15:38:40.171 (UTC)] info/application	[Motor] Received distance: 44.821502146693646 cm | Severity=75 | SourceName=Motor | EventType=application | SourceNode=ns=1;s=MotorSource
[Anomaly Input] [2026-08-11 15:38:40.171 (UTC)] info/application	[Motor] Received distance: 31.67224341522541 cm | Severity=75 | SourceName=Motor3 | EventType=application | SourceNode=ns=1;s=MotorSource3
[Anomaly Input] [2026-08-11 15:38:40.162 (UTC)] info/application	[Motor] Distance safe (20.018990405844054); rotating motor to 90 degrees | Severity=75 | SourceName=Motor2 | EventType=application | SourceNode=ns=1;s=MotorSource2
[Anomaly Input] [2026-08-11 15:38:40.171 (UTC)] info/application	[Motor] Distance safe (44.821502146693646); rotating motor to 90 degrees | Severity=75 | SourceName=Motor | EventType=application | SourceNode=ns=1;s=MotorSource
[Anomaly Input] [2026-08-11 15:38:40.171 (UTC)] info/application	[Motor] Distance safe (31.67224341522541); rotating motor to 90 degrees | Severity=75 | SourceName=Motor3 | EventType=application | SourceNode=ns=1;s=MotorSource3
[Anomaly Input] [2026-08-11 15:38:41.071 (UTC)] info/application	[Sensor] Updated distance: 32.295933208566126 cm | Severity=75 | SourceName=Sensor2 | EventType=application | SourceNode=ns=1;s=SensorSource2
[Anomaly Input] [2026-08-11 15:38:41.071 (UTC)] info/application	[Sensor] Updated distance: 46.99692375073066 cm | Severity=75 | SourceName=Sensor3 | EventType=application | SourceNode=ns=1;s=SensorSource3
[Anomaly Input] [2026-08-11 15:38:41.152 (UTC)] info/application	[Sensor] Updated distance: 33.749334253254034 cm | Severity=75 | SourceName=Sensor | EventType=application | SourceNode=ns=1;s=SensorSource
[Anomaly Input] [2026-08-11 15:38:41.152 (UTC)] info/application	[Motor] Received distance: 32.295933208566126 cm | Severity=75 | SourceName=Motor2 | EventType=application | SourceNode=ns=1;s=MotorSource2
[Anomaly Input] [2026-08-11 15:38:41.160 (UTC)] info/application	[Motor] Received distance: 33.749334253254034 cm | Severity=75 | SourceName=Motor | EventType=application | SourceNode=ns=1;s=MotorSource
[Anomaly Input] [2026-08-11 15:38:41.161 (UTC)] info/application	[Motor] Received distance: 46.99692375073066 cm | Severity=75 | SourceName=Motor3 | EventType=application | SourceNode=ns=1;s=MotorSource3
[Anomaly Input] [2026-08-11 15:38:41.152 (UTC)] info/application	[Motor] Distance safe (32.295933208566126); rotating motor to 90 degrees | Severity=75 | SourceName=Motor2 | EventType=application | SourceNode=ns=1;s=MotorSource2
[Anomaly Input] [2026-08-11 15:38:41.160 (UTC)] info/application	[Motor] Distance safe (33.749334253254034); rotating motor to 90 degrees | Severity=75 | SourceName=Motor | EventType=application | SourceNode=ns=1;s=MotorSource
[Anomaly Input] [2026-08-11 15:38:41.161 (UTC)] info/application	[Motor] Distance safe (46.99692375073066); rotating motor to 90 degrees | Severity=75 | SourceName=Motor3 | EventType=application | SourceNode=ns=1;s=MotorSource3
[Anomaly Input] [2026-08-11 15:38:42.073 (UTC)] info/application	[Sensor] Updated distance: 10.685400378278176 cm | Severity=75 | SourceName=Sensor3 | EventType=application | SourceNode=ns=1;s=SensorSource3
[Anomaly Input] [2026-08-11 15:38:42.073 (UTC)] info/application	[Sensor] Updated distance: 30.347097983745435 cm | Severity=75 | SourceName=Sensor2 | EventType=application | SourceNode=ns=1;s=SensorSource2
[Anomaly Input] [2026-08-11 15:38:42.154 (UTC)] info/application	[Sensor] Updated distance: 4.998738267924049 cm | Severity=75 | SourceName=Sensor | EventType=application | SourceNode=ns=1;s=SensorSource
[Anomaly Input] [2026-08-11 15:38:42.154 (UTC)] info/application	[Motor] Received distance: 4.998738267924049 cm | Severity=75 | SourceName=Motor | EventType=application | SourceNode=ns=1;s=MotorSource
[Anomaly Input] [2026-08-11 15:38:42.161 (UTC)] info/application	[Motor] Received distance: 30.347097983745435 cm | Severity=75 | SourceName=Motor2 | EventType=application | SourceNode=ns=1;s=MotorSource2
[Anomaly Input] [2026-08-11 15:38:42.162 (UTC)] info/application	[Motor] Received distance: 10.685400378278176 cm | Severity=75 | SourceName=Motor3 | EventType=application | SourceNode=ns=1;s=MotorSource3
[Anomaly Input] [2026-08-11 15:38:42.154 (UTC)] warn/application	[Motor] Distance too close (4.998738267924049); rotating motor to 0 degrees | Severity=175 | SourceName=Motor | EventType=application | SourceNode=ns=1;s=MotorSource
[Anomaly Input] [2026-08-11 15:38:42.161 (UTC)] info/application	[Motor] Distance safe (30.347097983745435); rotating motor to 90 degrees | Severity=75 | SourceName=Motor2 | EventType=application | SourceNode=ns=1;s=MotorSource2
[Anomaly Input] [2026-08-11 15:38:42.162 (UTC)] warn/application	[Motor] Distance too close (10.685400378278176); rotating motor to 0 degrees | Severity=175 | SourceName=Motor3 | EventType=application | SourceNode=ns=1;s=MotorSource3
[Anomaly Input] [2026-08-11 15:38:43.074 (UTC)] info/application	[Sensor] Updated distance: 18.604444176240097 cm | Severity=75 | SourceName=Sensor2 | EventType=application | SourceNode=ns=1;s=SensorSource2
[Anomaly Input] [2026-08-11 15:38:43.074 (UTC)] info/application	[Sensor] Updated distance: 18.63998487621545 cm | Severity=75 | SourceName=Sensor3 | EventType=application | SourceNode=ns=1;s=SensorSource3
[Anomaly Input] [2026-08-11 15:38:43.155 (UTC)] info/application	[Sensor] Updated distance: 21.713746452570774 cm | Severity=75 | SourceName=Sensor | EventType=application | SourceNode=ns=1;s=SensorSource
[Anomaly Input] [2026-08-11 15:38:43.155 (UTC)] info/application	[Motor] Received distance: 18.604444176240097 cm | Severity=75 | SourceName=Motor2 | EventType=application | SourceNode=ns=1;s=MotorSource2
[Anomaly Input] [2026-08-11 15:38:43.155 (UTC)] info/application	[Motor] Received distance: 18.63998487621545 cm | Severity=75 | SourceName=Motor3 | EventType=application | SourceNode=ns=1;s=MotorSource3
[Anomaly Input] [2026-08-11 15:38:43.160 (UTC)] info/application	[Motor] Received distance: 21.713746452570774 cm | Severity=75 | SourceName=Motor | EventType=application | SourceNode=ns=1;s=MotorSource
[Anomaly Input] [2026-08-11 15:38:43.155 (UTC)] warn/application	[Motor] Distance too close (18.604444176240097); rotating motor to 0 degrees | Severity=175 | SourceName=Motor2 | EventType=application | SourceNode=ns=1;s=MotorSource2
[Anomaly Input] [2026-08-11 15:38:43.155 (UTC)] warn/application	[Motor] Distance too close (18.63998487621545); rotating motor to 0 degrees | Severity=175 | SourceName=Motor3 | EventType=application | SourceNode=ns=1;s=MotorSource3
[Anomaly Input] [2026-08-11 15:38:43.160 (UTC)] info/application	[Motor] Distance safe (21.713746452570774); rotating motor to 90 degrees | Severity=75 | SourceName=Motor | EventType=application | SourceNode=ns=1;s=MotorSource
[Anomaly Input] [2026-08-11 15:38:44.076 (UTC)] info/application	[Sensor] Updated distance: 44.30994789037385 cm | Severity=75 | SourceName=Sensor3 | EventType=application | SourceNode=ns=1;s=SensorSource3
[Anomaly Input] [2026-08-11 15:38:44.076 (UTC)] info/application	[Sensor] Updated distance: 43.83016323755968 cm | Severity=75 | SourceName=Sensor2 | EventType=application | SourceNode=ns=1;s=SensorSource2
[Anomaly Input] [2026-08-11 15:38:44.157 (UTC)] info/application	[Sensor] Updated distance: 35.15501947009704 cm | Severity=75 | SourceName=Sensor | EventType=application | SourceNode=ns=1;s=SensorSource
[Anomaly Input] [2026-08-11 15:38:44.158 (UTC)] info/application	[Motor] Received distance: 35.15501947009704 cm | Severity=75 | SourceName=Motor | EventType=application | SourceNode=ns=1;s=MotorSource
[Anomaly Input] [2026-08-11 15:38:44.161 (UTC)] info/application	[Motor] Received distance: 44.30994789037385 cm | Severity=75 | SourceName=Motor3 | EventType=application | SourceNode=ns=1;s=MotorSource3
[Anomaly Input] [2026-08-11 15:38:44.162 (UTC)] info/application	[Motor] Received distance: 43.83016323755968 cm | Severity=75 | SourceName=Motor2 | EventType=application | SourceNode=ns=1;s=MotorSource2
[Anomaly Input] [2026-08-11 15:38:44.158 (UTC)] info/application	[Motor] Distance safe (35.15501947009704); rotating motor to 90 degrees | Severity=75 | SourceName=Motor | EventType=application | SourceNode=ns=1;s=MotorSource
[Anomaly Input] [2026-08-11 15:38:44.161 (UTC)] info/application	[Motor] Distance safe (44.30994789037385); rotating motor to 90 degrees | Severity=75 | SourceName=Motor3 | EventType=application | SourceNode=ns=1;s=MotorSource3
[Anomaly Input] [2026-08-11 15:38:44.162 (UTC)] info/application	[Motor] Distance safe (43.83016323755968); rotating motor to 90 degrees | Severity=75 | SourceName=Motor2 | EventType=application | SourceNode=ns=1;s=MotorSource2
[Anomaly Input] [2026-08-11 15:38:45.068 (UTC)] info/application	[Sensor] Updated distance: 19.03210935044666 cm | Severity=75 | SourceName=Sensor2 | EventType=application | SourceNode=ns=1;s=SensorSource2
[Anomaly Input] [2026-08-11 15:38:45.078 (UTC)] info/application	[Sensor] Updated distance: 30.067202521519363 cm | Severity=75 | SourceName=Sensor3 | EventType=application | SourceNode=ns=1;s=SensorSource3
[Anomaly Input] [2026-08-11 15:38:45.159 (UTC)] info/application	[Sensor] Updated distance: 12.069847975890081 cm | Severity=75 | SourceName=Sensor | EventType=application | SourceNode=ns=1;s=SensorSource
[Anomaly Input] [2026-08-11 15:38:45.159 (UTC)] info/application	[Motor] Received distance: 30.067202521519363 cm | Severity=75 | SourceName=Motor3 | EventType=application | SourceNode=ns=1;s=MotorSource3
[Anomaly Input] [2026-08-11 15:38:45.160 (UTC)] info/application	[Motor] Received distance: 19.03210935044666 cm | Severity=75 | SourceName=Motor2 | EventType=application | SourceNode=ns=1;s=MotorSource2
[Anomaly Input] [2026-08-11 15:38:45.160 (UTC)] info/application	[Motor] Received distance: 12.069847975890081 cm | Severity=75 | SourceName=Motor | EventType=application | SourceNode=ns=1;s=MotorSource
[Anomaly Input] [2026-08-11 15:38:45.160 (UTC)] warn/application	[Motor] Distance too close (19.03210935044666); rotating motor to 0 degrees | Severity=175 | SourceName=Motor2 | EventType=application | SourceNode=ns=1;s=MotorSource2
[Anomaly Input] [2026-08-11 15:38:45.159 (UTC)] info/application	[Motor] Distance safe (30.067202521519363); rotating motor to 90 degrees | Severity=75 | SourceName=Motor3 | EventType=application | SourceNode=ns=1;s=MotorSource3
[Anomaly Input] [2026-08-11 15:38:45.160 (UTC)] warn/application	[Motor] Distance too close (12.069847975890081); rotating motor to 0 degrees | Severity=175 | SourceName=Motor | EventType=application | SourceNode=ns=1;s=MotorSource
[Anomaly Input] [2026-08-11 15:38:46.070 (UTC)] info/application	[Sensor] Updated distance: 29.603622210958797 cm | Severity=75 | SourceName=Sensor3 | EventType=application | SourceNode=ns=1;s=SensorSource3
[Anomaly Input] [2026-08-11 15:38:46.071 (UTC)] info/application	[Sensor] Updated distance: 25.732033315921218 cm | Severity=75 | SourceName=Sensor2 | EventType=application | SourceNode=ns=1;s=SensorSource2
[Anomaly Input] [2026-08-11 15:38:46.162 (UTC)] info/application	[Sensor] Updated distance: 26.359755363482865 cm | Severity=75 | SourceName=Sensor | EventType=application | SourceNode=ns=1;s=SensorSource
[Anomaly Input] [2026-08-11 15:38:46.162 (UTC)] info/application	[Motor] Received distance: 25.732033315921218 cm | Severity=75 | SourceName=Motor2 | EventType=application | SourceNode=ns=1;s=MotorSource2
[Anomaly Input] [2026-08-11 15:38:46.162 (UTC)] info/application	[Motor] Received distance: 29.603622210958797 cm | Severity=75 | SourceName=Motor3 | EventType=application | SourceNode=ns=1;s=MotorSource3
[Anomaly Input] [2026-08-11 15:38:46.170 (UTC)] info/application	[Motor] Received distance: 26.359755363482865 cm | Severity=75 | SourceName=Motor | EventType=application | SourceNode=ns=1;s=MotorSource
[Anomaly Input] [2026-08-11 15:38:46.162 (UTC)] info/application	[Motor] Distance safe (25.732033315921218); rotating motor to 90 degrees | Severity=75 | SourceName=Motor2 | EventType=application | SourceNode=ns=1;s=MotorSource2
[Anomaly Input] [2026-08-11 15:38:46.162 (UTC)] info/application	[Motor] Distance safe (29.603622210958797); rotating motor to 90 degrees | Severity=75 | SourceName=Motor3 | EventType=application | SourceNode=ns=1;s=MotorSource3
[Anomaly Input] [2026-08-11 15:38:46.170 (UTC)] info/application	[Motor] Distance safe (26.359755363482865); rotating motor to 90 degrees | Severity=75 | SourceName=Motor | EventType=application | SourceNode=ns=1;s=MotorSource
[Anomaly Input] [2026-08-11 15:38:47.073 (UTC)] info/application	[Sensor] Updated distance: 26.247541952993505 cm | Severity=75 | SourceName=Sensor2 | EventType=application | SourceNode=ns=1;s=SensorSource2
[Anomaly Input] [2026-08-11 15:38:47.073 (UTC)] info/application	[Sensor] Updated distance: 14.094149006574483 cm | Severity=75 | SourceName=Sensor3 | EventType=application | SourceNode=ns=1;s=SensorSource3
[Anomaly Input] [2026-08-11 15:38:47.154 (UTC)] info/application	[Sensor] Updated distance: 19.163040869479552 cm | Severity=75 | SourceName=Sensor | EventType=application | SourceNode=ns=1;s=SensorSource
[Anomaly Input] [2026-08-11 15:38:47.154 (UTC)] info/application	[Motor] Received distance: 26.247541952993505 cm | Severity=75 | SourceName=Motor2 | EventType=application | SourceNode=ns=1;s=MotorSource2
[Anomaly Input] [2026-08-11 15:38:47.154 (UTC)] info/application	[Motor] Received distance: 14.094149006574483 cm | Severity=75 | SourceName=Motor3 | EventType=application | SourceNode=ns=1;s=MotorSource3
[Anomaly Input] [2026-08-11 15:38:47.160 (UTC)] info/application	[Motor] Received distance: 19.163040869479552 cm | Severity=75 | SourceName=Motor | EventType=application | SourceNode=ns=1;s=MotorSource
[Anomaly Input] [2026-08-11 15:38:47.154 (UTC)] info/application	[Motor] Distance safe (26.247541952993505); rotating motor to 90 degrees | Severity=75 | SourceName=Motor2 | EventType=application | SourceNode=ns=1;s=MotorSource2
[Anomaly Input] [2026-08-11 15:38:47.154 (UTC)] warn/application	[Motor] Distance too close (14.094149006574483); rotating motor to 0 degrees | Severity=175 | SourceName=Motor3 | EventType=application | SourceNode=ns=1;s=MotorSource3
[Anomaly Input] [2026-08-11 15:38:47.160 (UTC)] warn/application	[Motor] Distance too close (19.163040869479552); rotating motor to 0 degrees | Severity=175 | SourceName=Motor | EventType=application | SourceNode=ns=1;s=MotorSource
[Anomaly Input] [2026-08-11 15:38:48.075 (UTC)] info/application	[Sensor] Updated distance: 47.80188795821829 cm | Severity=75 | SourceName=Sensor2 | EventType=application | SourceNode=ns=1;s=SensorSource2
[Anomaly Input] [2026-08-11 15:38:48.075 (UTC)] info/application	[Sensor] Updated distance: 24.51534276013977 cm | Severity=75 | SourceName=Sensor3 | EventType=application | SourceNode=ns=1;s=SensorSource3
[Anomaly Input] [2026-08-11 15:38:48.156 (UTC)] info/application	[Sensor] Updated distance: 28.56672772512153 cm | Severity=75 | SourceName=Sensor | EventType=application | SourceNode=ns=1;s=SensorSource
[Anomaly Input] [2026-08-11 15:38:48.156 (UTC)] info/application	[Motor] Received distance: 28.56672772512153 cm | Severity=75 | SourceName=Motor | EventType=application | SourceNode=ns=1;s=MotorSource
[Anomaly Input] [2026-08-11 15:38:48.161 (UTC)] info/application	[Motor] Received distance: 47.80188795821829 cm | Severity=75 | SourceName=Motor2 | EventType=application | SourceNode=ns=1;s=MotorSource2
[Anomaly Input] [2026-08-11 15:38:48.161 (UTC)] info/application	[Motor] Received distance: 24.51534276013977 cm | Severity=75 | SourceName=Motor3 | EventType=application | SourceNode=ns=1;s=MotorSource3
[Anomaly Input] [2026-08-11 15:38:48.156 (UTC)] info/application	[Motor] Distance safe (28.56672772512153); rotating motor to 90 degrees | Severity=75 | SourceName=Motor | EventType=application | SourceNode=ns=1;s=MotorSource
[Anomaly Input] [2026-08-11 15:38:48.161 (UTC)] info/application	[Motor] Distance safe (47.80188795821829); rotating motor to 90 degrees | Severity=75 | SourceName=Motor2 | EventType=application | SourceNode=ns=1;s=MotorSource2
[Anomaly Input] [2026-08-11 15:38:48.161 (UTC)] info/application	[Motor] Distance safe (24.51534276013977); rotating motor to 90 degrees | Severity=75 | SourceName=Motor3 | EventType=application | SourceNode=ns=1;s=MotorSource3
[Anomaly Input] [2026-08-11 15:38:49.075 (UTC)] info/application	[Sensor] Updated distance: 41.38291696057791 cm | Severity=75 | SourceName=Sensor2 | EventType=application | SourceNode=ns=1;s=SensorSource2
[Anomaly Input] [2026-08-11 15:38:49.075 (UTC)] info/application	[Sensor] Updated distance: 4.937029914435479 cm | Severity=75 | SourceName=Sensor3 | EventType=application | SourceNode=ns=1;s=SensorSource3
[Anomaly Input] [2026-08-11 15:38:49.156 (UTC)] info/application	[Sensor] Updated distance: 48.26017584570692 cm | Severity=75 | SourceName=Sensor | EventType=application | SourceNode=ns=1;s=SensorSource
[Anomaly Input] [2026-08-11 15:38:49.160 (UTC)] info/application	[Motor] Received distance: 48.26017584570692 cm | Severity=75 | SourceName=Motor | EventType=application | SourceNode=ns=1;s=MotorSource
[Anomaly Input] [2026-08-11 15:38:49.162 (UTC)] info/application	[Motor] Received distance: 4.937029914435479 cm | Severity=75 | SourceName=Motor3 | EventType=application | SourceNode=ns=1;s=MotorSource3
[Anomaly Input] [2026-08-11 15:38:49.162 (UTC)] info/application	[Motor] Received distance: 41.38291696057791 cm | Severity=75 | SourceName=Motor2 | EventType=application | SourceNode=ns=1;s=MotorSource2
[Anomaly Input] [2026-08-11 15:38:49.160 (UTC)] info/application	[Motor] Distance safe (48.26017584570692); rotating motor to 90 degrees | Severity=75 | SourceName=Motor | EventType=application | SourceNode=ns=1;s=MotorSource
[Anomaly Input] [2026-08-11 15:38:49.162 (UTC)] warn/application	[Motor] Distance too close (4.937029914435479); rotating motor to 0 degrees | Severity=175 | SourceName=Motor3 | EventType=application | SourceNode=ns=1;s=MotorSource3
[Anomaly Input] [2026-08-11 15:38:49.162 (UTC)] info/application	[Motor] Distance safe (41.38291696057791); rotating motor to 90 degrees | Severity=75 | SourceName=Motor2 | EventType=application | SourceNode=ns=1;s=MotorSource2
[Anomaly Input] [2026-08-11 15:38:50.076 (UTC)] info/application	[Sensor] Updated distance: 32.96028113316757 cm | Severity=75 | SourceName=Sensor2 | EventType=application | SourceNode=ns=1;s=SensorSource2
[Anomaly Input] [2026-08-11 15:38:50.076 (UTC)] info/application	[Sensor] Updated distance: 18.295518562335296 cm | Severity=75 | SourceName=Sensor3 | EventType=application | SourceNode=ns=1;s=SensorSource3
[Anomaly Input] [2026-08-11 15:38:50.157 (UTC)] info/application	[Sensor] Updated distance: 21.300445312308355 cm | Severity=75 | SourceName=Sensor | EventType=application | SourceNode=ns=1;s=SensorSource
[Anomaly Input] [2026-08-11 15:38:50.158 (UTC)] info/application	[Motor] Received distance: 21.300445312308355 cm | Severity=75 | SourceName=Motor | EventType=application | SourceNode=ns=1;s=MotorSource
[Anomaly Input] [2026-08-11 15:38:50.158 (UTC)] info/application	[Motor] Received distance: 18.295518562335296 cm | Severity=75 | SourceName=Motor3 | EventType=application | SourceNode=ns=1;s=MotorSource3
[Anomaly Input] [2026-08-11 15:38:50.158 (UTC)] info/application	[Motor] Received distance: 32.96028113316757 cm | Severity=75 | SourceName=Motor2 | EventType=application | SourceNode=ns=1;s=MotorSource2
[Anomaly Input] [2026-08-11 15:38:50.158 (UTC)] info/application	[Motor] Distance safe (21.300445312308355); rotating motor to 90 degrees | Severity=75 | SourceName=Motor | EventType=application | SourceNode=ns=1;s=MotorSource
[Anomaly Input] [2026-08-11 15:38:50.158 (UTC)] warn/application	[Motor] Distance too close (18.295518562335296); rotating motor to 0 degrees | Severity=175 | SourceName=Motor3 | EventType=application | SourceNode=ns=1;s=MotorSource3
[Anomaly Input] [2026-08-11 15:38:50.158 (UTC)] info/application	[Motor] Distance safe (32.96028113316757); rotating motor to 90 degrees | Severity=75 | SourceName=Motor2 | EventType=application | SourceNode=ns=1;s=MotorSource2
[Anomaly Input] [2026-08-11 15:38:51.069 (UTC)] info/application	[Sensor] Updated distance: 49.28776221689198 cm | Severity=75 | SourceName=Sensor2 | EventType=application | SourceNode=ns=1;s=SensorSource2
[Anomaly Input] [2026-08-11 15:38:51.079 (UTC)] info/application	[Sensor] Updated distance: 33.118625878877296 cm | Severity=75 | SourceName=Sensor3 | EventType=application | SourceNode=ns=1;s=SensorSource3
[Anomaly Input] [2026-08-11 15:38:51.160 (UTC)] info/application	[Sensor] Updated distance: 20.615635284509338 cm | Severity=75 | SourceName=Sensor | EventType=application | SourceNode=ns=1;s=SensorSource
[Anomaly Input] [2026-08-11 15:38:51.160 (UTC)] info/application	[Motor] Received distance: 20.615635284509338 cm | Severity=75 | SourceName=Motor | EventType=application | SourceNode=ns=1;s=MotorSource
[Anomaly Input] [2026-08-11 15:38:51.161 (UTC)] info/application	[Motor] Received distance: 49.28776221689198 cm | Severity=75 | SourceName=Motor2 | EventType=application | SourceNode=ns=1;s=MotorSource2
[Anomaly Input] [2026-08-11 15:38:51.161 (UTC)] info/application	[Motor] Received distance: 33.118625878877296 cm | Severity=75 | SourceName=Motor3 | EventType=application | SourceNode=ns=1;s=MotorSource3
[Anomaly Input] [2026-08-11 15:38:51.160 (UTC)] info/application	[Motor] Distance safe (20.615635284509338); rotating motor to 90 degrees | Severity=75 | SourceName=Motor | EventType=application | SourceNode=ns=1;s=MotorSource
[Anomaly Input] [2026-08-11 15:38:51.161 (UTC)] info/application	[Motor] Distance safe (49.28776221689198); rotating motor to 90 degrees | Severity=75 | SourceName=Motor2 | EventType=application | SourceNode=ns=1;s=MotorSource2
[Anomaly Input] [2026-08-11 15:38:51.161 (UTC)] info/application	[Motor] Distance safe (33.118625878877296); rotating motor to 90 degrees | Severity=75 | SourceName=Motor3 | EventType=application | SourceNode=ns=1;s=MotorSource3
[Anomaly Input] [2026-08-11 15:38:52.072 (UTC)] info/application	[Sensor] Updated distance: 37.508042247736846 cm | Severity=75 | SourceName=Sensor2 | EventType=application | SourceNode=ns=1;s=SensorSource2
[Anomaly Input] [2026-08-11 15:38:52.072 (UTC)] info/application	[Sensor] Updated distance: 12.44861100355564 cm | Severity=75 | SourceName=Sensor3 | EventType=application | SourceNode=ns=1;s=SensorSource3
[Anomaly Input] [2026-08-11 15:38:52.153 (UTC)] info/application	[Sensor] Updated distance: 30.92313055550825 cm | Severity=75 | SourceName=Sensor | EventType=application | SourceNode=ns=1;s=SensorSource
[Anomaly Input] [2026-08-11 15:38:52.153 (UTC)] info/application	[Motor] Received distance: 30.92313055550825 cm | Severity=75 | SourceName=Motor | EventType=application | SourceNode=ns=1;s=MotorSource
[Anomaly Input] [2026-08-11 15:38:52.153 (UTC)] info/application	[Motor] Received distance: 37.508042247736846 cm | Severity=75 | SourceName=Motor2 | EventType=application | SourceNode=ns=1;s=MotorSource2
[Anomaly Input] [2026-08-11 15:38:52.153 (UTC)] info/application	[Motor] Received distance: 12.44861100355564 cm | Severity=75 | SourceName=Motor3 | EventType=application | SourceNode=ns=1;s=MotorSource3
[Anomaly Input] [2026-08-11 15:38:52.153 (UTC)] info/application	[Motor] Distance safe (30.92313055550825); rotating motor to 90 degrees | Severity=75 | SourceName=Motor | EventType=application | SourceNode=ns=1;s=MotorSource
[Anomaly Input] [2026-08-11 15:38:52.153 (UTC)] info/application	[Motor] Distance safe (37.508042247736846); rotating motor to 90 degrees | Severity=75 | SourceName=Motor2 | EventType=application | SourceNode=ns=1;s=MotorSource2
[Anomaly Input] [2026-08-11 15:38:52.153 (UTC)] warn/application	[Motor] Distance too close (12.44861100355564); rotating motor to 0 degrees | Severity=175 | SourceName=Motor3 | EventType=application | SourceNode=ns=1;s=MotorSource3
[Anomaly Input] [2026-08-11 15:38:53.073 (UTC)] info/application	[Sensor] Updated distance: 40.885427403676054 cm | Severity=75 | SourceName=Sensor3 | EventType=application | SourceNode=ns=1;s=SensorSource3
[Anomaly Input] [2026-08-11 15:38:53.074 (UTC)] info/application	[Sensor] Updated distance: 24.82569244821821 cm | Severity=75 | SourceName=Sensor2 | EventType=application | SourceNode=ns=1;s=SensorSource2
[Anomaly Input] [2026-08-11 15:38:53.154 (UTC)] info/application	[Sensor] Updated distance: 18.390024610045376 cm | Severity=75 | SourceName=Sensor | EventType=application | SourceNode=ns=1;s=SensorSource
[Anomaly Input] [2026-08-11 15:38:53.159 (UTC)] info/application	[Motor] Received distance: 18.390024610045376 cm | Severity=75 | SourceName=Motor | EventType=application | SourceNode=ns=1;s=MotorSource
[Anomaly Input] [2026-08-11 15:38:53.161 (UTC)] info/application	[Motor] Received distance: 24.82569244821821 cm | Severity=75 | SourceName=Motor2 | EventType=application | SourceNode=ns=1;s=MotorSource2
[Anomaly Input] [2026-08-11 15:38:53.161 (UTC)] info/application	[Motor] Received distance: 40.885427403676054 cm | Severity=75 | SourceName=Motor3 | EventType=application | SourceNode=ns=1;s=MotorSource3
[Anomaly Input] [2026-08-11 15:38:53.159 (UTC)] warn/application	[Motor] Distance too close (18.390024610045376); rotating motor to 0 degrees | Severity=175 | SourceName=Motor | EventType=application | SourceNode=ns=1;s=MotorSource
[Anomaly Input] [2026-08-11 15:38:53.161 (UTC)] info/application	[Motor] Distance safe (24.82569244821821); rotating motor to 90 degrees | Severity=75 | SourceName=Motor2 | EventType=application | SourceNode=ns=1;s=MotorSource2
[Anomaly Input] [2026-08-11 15:38:53.161 (UTC)] info/application	[Motor] Distance safe (40.885427403676054); rotating motor to 90 degrees | Severity=75 | SourceName=Motor3 | EventType=application | SourceNode=ns=1;s=MotorSource3
[Anomaly Input] [2026-08-11 15:38:54.075 (UTC)] info/application	[Sensor] Updated distance: 24.458118523684384 cm | Severity=75 | SourceName=Sensor2 | EventType=application | SourceNode=ns=1;s=SensorSource2
[Anomaly Input] [2026-08-11 15:38:54.075 (UTC)] info/application	[Sensor] Updated distance: 25.05381953299689 cm | Severity=75 | SourceName=Sensor3 | EventType=application | SourceNode=ns=1;s=SensorSource3
[Anomaly Input] [2026-08-11 15:38:54.156 (UTC)] info/application	[Sensor] Updated distance: 43.13836247899493 cm | Severity=75 | SourceName=Sensor | EventType=application | SourceNode=ns=1;s=SensorSource
[Anomaly Input] [2026-08-11 15:38:54.161 (UTC)] info/application	[Motor] Received distance: 43.13836247899493 cm | Severity=75 | SourceName=Motor | EventType=application | SourceNode=ns=1;s=MotorSource
[Anomaly Input] [2026-08-11 15:38:54.162 (UTC)] info/application	[Motor] Received distance: 24.458118523684384 cm | Severity=75 | SourceName=Motor2 | EventType=application | SourceNode=ns=1;s=MotorSource2
[Anomaly Input] [2026-08-11 15:38:54.162 (UTC)] info/application	[Motor] Received distance: 25.05381953299689 cm | Severity=75 | SourceName=Motor3 | EventType=application | SourceNode=ns=1;s=MotorSource3
[Anomaly Input] [2026-08-11 15:38:54.161 (UTC)] info/application	[Motor] Distance safe (43.13836247899493); rotating motor to 90 degrees | Severity=75 | SourceName=Motor | EventType=application | SourceNode=ns=1;s=MotorSource
[Anomaly Input] [2026-08-11 15:38:54.162 (UTC)] info/application	[Motor] Distance safe (24.458118523684384); rotating motor to 90 degrees | Severity=75 | SourceName=Motor2 | EventType=application | SourceNode=ns=1;s=MotorSource2
[Anomaly Input] [2026-08-11 15:38:54.162 (UTC)] info/application	[Motor] Distance safe (25.05381953299689); rotating motor to 90 degrees | Severity=75 | SourceName=Motor3 | EventType=application | SourceNode=ns=1;s=MotorSource3
[Anomaly Input] [2026-08-11 15:38:55.076 (UTC)] info/application	[Sensor] Updated distance: 18.928445883527605 cm | Severity=75 | SourceName=Sensor2 | EventType=application | SourceNode=ns=1;s=SensorSource2
[Anomaly Input] [2026-08-11 15:38:55.076 (UTC)] info/application	[Sensor] Updated distance: 23.238093758578454 cm | Severity=75 | SourceName=Sensor3 | EventType=application | SourceNode=ns=1;s=SensorSource3
[Anomaly Input] [2026-08-11 15:38:55.157 (UTC)] info/application	[Motor] Received distance: 18.928445883527605 cm | Severity=75 | SourceName=Motor2 | EventType=application | SourceNode=ns=1;s=MotorSource2
[Anomaly Input] [2026-08-11 15:38:55.157 (UTC)] info/application	[Sensor] Updated distance: 7.7784455147471485 cm | Severity=75 | SourceName=Sensor | EventType=application | SourceNode=ns=1;s=SensorSource
[Anomaly Input] [2026-08-11 15:38:55.158 (UTC)] info/application	[Motor] Received distance: 7.7784455147471485 cm | Severity=75 | SourceName=Motor | EventType=application | SourceNode=ns=1;s=MotorSource
[Anomaly Input] [2026-08-11 15:38:55.158 (UTC)] info/application	[Motor] Received distance: 23.238093758578454 cm | Severity=75 | SourceName=Motor3 | EventType=application | SourceNode=ns=1;s=MotorSource3
[Anomaly Input] [2026-08-11 15:38:55.158 (UTC)] warn/application	[Motor] Distance too close (18.928445883527605); rotating motor to 0 degrees | Severity=175 | SourceName=Motor2 | EventType=application | SourceNode=ns=1;s=MotorSource2
[Anomaly Input] [2026-08-11 15:38:55.158 (UTC)] info/application	[Motor] Distance safe (23.238093758578454); rotating motor to 90 degrees | Severity=75 | SourceName=Motor3 | EventType=application | SourceNode=ns=1;s=MotorSource3
[Anomaly Input] [2026-08-11 15:38:55.158 (UTC)] warn/application	[Motor] Distance too close (7.7784455147471485); rotating motor to 0 degrees | Severity=175 | SourceName=Motor | EventType=application | SourceNode=ns=1;s=MotorSource
[Anomaly Input] [2026-08-11 15:38:56.069 (UTC)] info/application	[Sensor] Updated distance: 16.650430522230653 cm | Severity=75 | SourceName=Sensor2 | EventType=application | SourceNode=ns=1;s=SensorSource2
[Anomaly Input] [2026-08-11 15:38:56.079 (UTC)] info/application	[Sensor] Updated distance: 22.46724157243373 cm | Severity=75 | SourceName=Sensor3 | EventType=application | SourceNode=ns=1;s=SensorSource3
[Anomaly Input] [2026-08-11 15:38:56.160 (UTC)] info/application	[Sensor] Updated distance: 11.32659520643139 cm | Severity=75 | SourceName=Sensor | EventType=application | SourceNode=ns=1;s=SensorSource
[Anomaly Input] [2026-08-11 15:38:56.160 (UTC)] info/application	[Motor] Received distance: 11.32659520643139 cm | Severity=75 | SourceName=Motor | EventType=application | SourceNode=ns=1;s=MotorSource
[Anomaly Input] [2026-08-11 15:38:56.161 (UTC)] info/application	[Motor] Received distance: 22.46724157243373 cm | Severity=75 | SourceName=Motor3 | EventType=application | SourceNode=ns=1;s=MotorSource3
[Anomaly Input] [2026-08-11 15:38:56.161 (UTC)] info/application	[Motor] Received distance: 16.650430522230653 cm | Severity=75 | SourceName=Motor2 | EventType=application | SourceNode=ns=1;s=MotorSource2
[Anomaly Input] [2026-08-11 15:38:56.160 (UTC)] warn/application	[Motor] Distance too close (11.32659520643139); rotating motor to 0 degrees | Severity=175 | SourceName=Motor | EventType=application | SourceNode=ns=1;s=MotorSource
[Anomaly Input] [2026-08-11 15:38:56.161 (UTC)] info/application	[Motor] Distance safe (22.46724157243373); rotating motor to 90 degrees | Severity=75 | SourceName=Motor3 | EventType=application | SourceNode=ns=1;s=MotorSource3
[Anomaly Input] [2026-08-11 15:38:56.161 (UTC)] warn/application	[Motor] Distance too close (16.650430522230653); rotating motor to 0 degrees | Severity=175 | SourceName=Motor2 | EventType=application | SourceNode=ns=1;s=MotorSource2
[Anomaly Input] [2026-08-11 15:38:57.072 (UTC)] info/application	[Sensor] Updated distance: 26.620755579611636 cm | Severity=75 | SourceName=Sensor2 | EventType=application | SourceNode=ns=1;s=SensorSource2
[Anomaly Input] [2026-08-11 15:38:57.072 (UTC)] info/application	[Sensor] Updated distance: 26.438624177332326 cm | Severity=75 | SourceName=Sensor3 | EventType=application | SourceNode=ns=1;s=SensorSource3
[Anomaly Input] [2026-08-11 15:38:57.153 (UTC)] info/application	[Sensor] Updated distance: 19.192093507010533 cm | Severity=75 | SourceName=Sensor | EventType=application | SourceNode=ns=1;s=SensorSource
[Anomaly Input] [2026-08-11 15:38:57.153 (UTC)] info/application	[Motor] Received distance: 19.192093507010533 cm | Severity=75 | SourceName=Motor | EventType=application | SourceNode=ns=1;s=MotorSource
[Anomaly Input] [2026-08-11 15:38:57.153 (UTC)] info/application	[Motor] Received distance: 26.620755579611636 cm | Severity=75 | SourceName=Motor2 | EventType=application | SourceNode=ns=1;s=MotorSource2
[Anomaly Input] [2026-08-11 15:38:57.154 (UTC)] info/application	[Motor] Received distance: 26.438624177332326 cm | Severity=75 | SourceName=Motor3 | EventType=application | SourceNode=ns=1;s=MotorSource3
[Anomaly Input] [2026-08-11 15:38:57.153 (UTC)] warn/application	[Motor] Distance too close (19.192093507010533); rotating motor to 0 degrees | Severity=175 | SourceName=Motor | EventType=application | SourceNode=ns=1;s=MotorSource
[Anomaly Input] [2026-08-11 15:38:57.153 (UTC)] info/application	[Motor] Distance safe (26.620755579611636); rotating motor to 90 degrees | Severity=75 | SourceName=Motor2 | EventType=application | SourceNode=ns=1;s=MotorSource2
[Anomaly Input] [2026-08-11 15:38:57.154 (UTC)] info/application	[Motor] Distance safe (26.438624177332326); rotating motor to 90 degrees | Severity=75 | SourceName=Motor3 | EventType=application | SourceNode=ns=1;s=MotorSource3
[Anomaly Input] [2026-08-11 15:38:58.075 (UTC)] info/application	[Sensor] Updated distance: 44.55951883390523 cm | Severity=75 | SourceName=Sensor2 | EventType=application | SourceNode=ns=1;s=SensorSource2
[Anomaly Input] [2026-08-11 15:38:58.075 (UTC)] info/application	[Sensor] Updated distance: 20.06792833752368 cm | Severity=75 | SourceName=Sensor3 | EventType=application | SourceNode=ns=1;s=SensorSource3
[Anomaly Input] [2026-08-11 15:38:58.156 (UTC)] info/application	[Sensor] Updated distance: 39.900225366419285 cm | Severity=75 | SourceName=Sensor | EventType=application | SourceNode=ns=1;s=SensorSource
[Anomaly Input] [2026-08-11 15:38:58.160 (UTC)] info/application	[Motor] Received distance: 39.900225366419285 cm | Severity=75 | SourceName=Motor | EventType=application | SourceNode=ns=1;s=MotorSource
[Anomaly Input] [2026-08-11 15:38:58.162 (UTC)] info/application	[Motor] Received distance: 20.06792833752368 cm | Severity=75 | SourceName=Motor3 | EventType=application | SourceNode=ns=1;s=MotorSource3
[Anomaly Input] [2026-08-11 15:38:58.162 (UTC)] info/application	[Motor] Received distance: 44.55951883390523 cm | Severity=75 | SourceName=Motor2 | EventType=application | SourceNode=ns=1;s=MotorSource2
[Anomaly Input] [2026-08-11 15:38:58.160 (UTC)] info/application	[Motor] Distance safe (39.900225366419285); rotating motor to 90 degrees | Severity=75 | SourceName=Motor | EventType=application | SourceNode=ns=1;s=MotorSource
[Anomaly Input] [2026-08-11 15:38:58.162 (UTC)] info/application	[Motor] Distance safe (20.06792833752368); rotating motor to 90 degrees | Severity=75 | SourceName=Motor3 | EventType=application | SourceNode=ns=1;s=MotorSource3
[Anomaly Input] [2026-08-11 15:38:58.162 (UTC)] info/application	[Motor] Distance safe (44.55951883390523); rotating motor to 90 degrees | Severity=75 | SourceName=Motor2 | EventType=application | SourceNode=ns=1;s=MotorSource2
[Anomaly Input] [2026-08-11 15:38:59.076 (UTC)] info/application	[Sensor] Updated distance: 26.947859865123338 cm | Severity=75 | SourceName=Sensor3 | EventType=application | SourceNode=ns=1;s=SensorSource3
[Anomaly Input] [2026-08-11 15:38:59.076 (UTC)] info/application	[Sensor] Updated distance: 30.481684616059848 cm | Severity=75 | SourceName=Sensor2 | EventType=application | SourceNode=ns=1;s=SensorSource2
[Anomaly Input] [2026-08-11 15:38:59.157 (UTC)] info/application	[Sensor] Updated distance: 8.108523878319431 cm | Severity=75 | SourceName=Sensor | EventType=application | SourceNode=ns=1;s=SensorSource
[Anomaly Input] [2026-08-11 15:38:59.157 (UTC)] info/application	[Motor] Received distance: 8.108523878319431 cm | Severity=75 | SourceName=Motor | EventType=application | SourceNode=ns=1;s=MotorSource
[Anomaly Input] [2026-08-11 15:38:59.157 (UTC)] info/application	[Motor] Received distance: 26.947859865123338 cm | Severity=75 | SourceName=Motor3 | EventType=application | SourceNode=ns=1;s=MotorSource3
[Anomaly Input] [2026-08-11 15:38:59.157 (UTC)] info/application	[Motor] Received distance: 30.481684616059848 cm | Severity=75 | SourceName=Motor2 | EventType=application | SourceNode=ns=1;s=MotorSource2
[Anomaly Input] [2026-08-11 15:38:59.157 (UTC)] warn/application	[Motor] Distance too close (8.108523878319431); rotating motor to 0 degrees | Severity=175 | SourceName=Motor | EventType=application | SourceNode=ns=1;s=MotorSource
[Anomaly Input] [2026-08-11 15:38:59.157 (UTC)] info/application	[Motor] Distance safe (26.947859865123338); rotating motor to 90 degrees | Severity=75 | SourceName=Motor3 | EventType=application | SourceNode=ns=1;s=MotorSource3
[Anomaly Input] [2026-08-11 15:38:59.157 (UTC)] info/application	[Motor] Distance safe (30.481684616059848); rotating motor to 90 degrees | Severity=75 | SourceName=Motor2 | EventType=application | SourceNode=ns=1;s=MotorSource2
[Anomaly Input] [2026-08-11 15:39:00.068 (UTC)] info/application	[Sensor] Updated distance: 40.956528227290384 cm | Severity=75 | SourceName=Sensor2 | EventType=application | SourceNode=ns=1;s=SensorSource2
[Anomaly Input] [2026-08-11 15:39:00.078 (UTC)] info/application	[Sensor] Updated distance: 29.295324815109055 cm | Severity=75 | SourceName=Sensor3 | EventType=application | SourceNode=ns=1;s=SensorSource3
[Anomaly Input] [2026-08-11 15:39:00.159 (UTC)] info/application	[Sensor] Updated distance: 9.025415639870527 cm | Severity=75 | SourceName=Sensor | EventType=application | SourceNode=ns=1;s=SensorSource
[Anomaly Input] [2026-08-11 15:39:00.160 (UTC)] info/application	[Motor] Received distance: 9.025415639870527 cm | Severity=75 | SourceName=Motor | EventType=application | SourceNode=ns=1;s=MotorSource
[Anomaly Input] [2026-08-11 15:39:00.161 (UTC)] info/application	[Motor] Received distance: 29.295324815109055 cm | Severity=75 | SourceName=Motor3 | EventType=application | SourceNode=ns=1;s=MotorSource3
[Anomaly Input] [2026-08-11 15:39:00.161 (UTC)] info/application	[Motor] Received distance: 40.956528227290384 cm | Severity=75 | SourceName=Motor2 | EventType=application | SourceNode=ns=1;s=MotorSource2
[Anomaly Input] [2026-08-11 15:39:00.160 (UTC)] warn/application	[Motor] Distance too close (9.025415639870527); rotating motor to 0 degrees | Severity=175 | SourceName=Motor | EventType=application | SourceNode=ns=1;s=MotorSource
[Anomaly Input] [2026-08-11 15:39:00.161 (UTC)] info/application	[Motor] Distance safe (29.295324815109055); rotating motor to 90 degrees | Severity=75 | SourceName=Motor3 | EventType=application | SourceNode=ns=1;s=MotorSource3
[Anomaly Input] [2026-08-11 15:39:00.161 (UTC)] info/application	[Motor] Distance safe (40.956528227290384); rotating motor to 90 degrees | Severity=75 | SourceName=Motor2 | EventType=application | SourceNode=ns=1;s=MotorSource2
[Anomaly Input] [2026-08-11 15:39:01.070 (UTC)] info/application	[Sensor] Updated distance: 13.246674334279575 cm | Severity=75 | SourceName=Sensor3 | EventType=application | SourceNode=ns=1;s=SensorSource3
[Anomaly Input] [2026-08-11 15:39:01.070 (UTC)] info/application	[Sensor] Updated distance: 5.681125098690915 cm | Severity=75 | SourceName=Sensor2 | EventType=application | SourceNode=ns=1;s=SensorSource2
[Anomaly Input] [2026-08-11 15:39:01.162 (UTC)] info/application	[Sensor] Updated distance: 18.808856554706047 cm | Severity=75 | SourceName=Sensor | EventType=application | SourceNode=ns=1;s=SensorSource
[Anomaly Input] [2026-08-11 15:39:01.171 (UTC)] info/application	[Motor] Received distance: 18.808856554706047 cm | Severity=75 | SourceName=Motor | EventType=application | SourceNode=ns=1;s=MotorSource
[Anomaly Input] [2026-08-11 15:39:01.171 (UTC)] info/application	[Motor] Received distance: 13.246674334279575 cm | Severity=75 | SourceName=Motor3 | EventType=application | SourceNode=ns=1;s=MotorSource3
[Anomaly Input] [2026-08-11 15:39:01.172 (UTC)] info/application	[Motor] Received distance: 5.681125098690915 cm | Severity=75 | SourceName=Motor2 | EventType=application | SourceNode=ns=1;s=MotorSource2
[Anomaly Input] [2026-08-11 15:39:01.171 (UTC)] warn/application	[Motor] Distance too close (18.808856554706047); rotating motor to 0 degrees | Severity=175 | SourceName=Motor | EventType=application | SourceNode=ns=1;s=MotorSource
[Anomaly Input] [2026-08-11 15:39:01.171 (UTC)] warn/application	[Motor] Distance too close (13.246674334279575); rotating motor to 0 degrees | Severity=175 | SourceName=Motor3 | EventType=application | SourceNode=ns=1;s=MotorSource3
[Anomaly Input] [2026-08-11 15:39:01.172 (UTC)] warn/application	[Motor] Distance too close (5.681125098690915); rotating motor to 0 degrees | Severity=175 | SourceName=Motor2 | EventType=application | SourceNode=ns=1;s=MotorSource2
[Anomaly Input] [2026-08-11 15:39:02.072 (UTC)] info/application	[Sensor] Updated distance: 21.42617560337585 cm | Severity=75 | SourceName=Sensor2 | EventType=application | SourceNode=ns=1;s=SensorSource2
[Anomaly Input] [2026-08-11 15:39:02.073 (UTC)] info/application	[Sensor] Updated distance: 37.97465830481362 cm | Severity=75 | SourceName=Sensor3 | EventType=application | SourceNode=ns=1;s=SensorSource3
[Anomaly Input] [2026-08-11 15:39:02.153 (UTC)] info/application	[Sensor] Updated distance: 45.58679375592004 cm | Severity=75 | SourceName=Sensor | EventType=application | SourceNode=ns=1;s=SensorSource
[Anomaly Input] [2026-08-11 15:39:02.159 (UTC)] info/application	[Motor] Received distance: 45.58679375592004 cm | Severity=75 | SourceName=Motor | EventType=application | SourceNode=ns=1;s=MotorSource
[Anomaly Input] [2026-08-11 15:39:02.161 (UTC)] info/application	[Motor] Received distance: 21.42617560337585 cm | Severity=75 | SourceName=Motor2 | EventType=application | SourceNode=ns=1;s=MotorSource2
[Anomaly Input] [2026-08-11 15:39:02.162 (UTC)] info/application	[Motor] Received distance: 37.97465830481362 cm | Severity=75 | SourceName=Motor3 | EventType=application | SourceNode=ns=1;s=MotorSource3
[Anomaly Input] [2026-08-11 15:39:02.159 (UTC)] info/application	[Motor] Distance safe (45.58679375592004); rotating motor to 90 degrees | Severity=75 | SourceName=Motor | EventType=application | SourceNode=ns=1;s=MotorSource
[Anomaly Input] [2026-08-11 15:39:02.161 (UTC)] info/application	[Motor] Distance safe (21.42617560337585); rotating motor to 90 degrees | Severity=75 | SourceName=Motor2 | EventType=application | SourceNode=ns=1;s=MotorSource2
[Anomaly Input] [2026-08-11 15:39:02.162 (UTC)] info/application	[Motor] Distance safe (37.97465830481362); rotating motor to 90 degrees | Severity=75 | SourceName=Motor3 | EventType=application | SourceNode=ns=1;s=MotorSource3
[Anomaly Input] [2026-08-11 15:39:03.075 (UTC)] info/application	[Sensor] Updated distance: 10.393121537004188 cm | Severity=75 | SourceName=Sensor2 | EventType=application | SourceNode=ns=1;s=SensorSource2
[Anomaly Input] [2026-08-11 15:39:03.075 (UTC)] info/application	[Sensor] Updated distance: 45.285569814632446 cm | Severity=75 | SourceName=Sensor3 | EventType=application | SourceNode=ns=1;s=SensorSource3
[Anomaly Input] [2026-08-11 15:39:03.156 (UTC)] info/application	[Sensor] Updated distance: 2.670784578039676 cm | Severity=75 | SourceName=Sensor | EventType=application | SourceNode=ns=1;s=SensorSource
[Anomaly Input] [2026-08-11 15:39:03.156 (UTC)] info/application	[Motor] Received distance: 10.393121537004188 cm | Severity=75 | SourceName=Motor2 | EventType=application | SourceNode=ns=1;s=MotorSource2
[Anomaly Input] [2026-08-11 15:39:03.156 (UTC)] info/application	[Motor] Received distance: 2.670784578039676 cm | Severity=75 | SourceName=Motor | EventType=application | SourceNode=ns=1;s=MotorSource
[Anomaly Input] [2026-08-11 15:39:03.156 (UTC)] info/application	[Motor] Received distance: 45.285569814632446 cm | Severity=75 | SourceName=Motor3 | EventType=application | SourceNode=ns=1;s=MotorSource3
[Anomaly Input] [2026-08-11 15:39:03.156 (UTC)] warn/application	[Motor] Distance too close (2.670784578039676); rotating motor to 0 degrees | Severity=175 | SourceName=Motor | EventType=application | SourceNode=ns=1;s=MotorSource
[Anomaly Input] [2026-08-11 15:39:03.156 (UTC)] info/application	[Motor] Distance safe (45.285569814632446); rotating motor to 90 degrees | Severity=75 | SourceName=Motor3 | EventType=application | SourceNode=ns=1;s=MotorSource3
[Anomaly Input] [2026-08-11 15:39:03.156 (UTC)] warn/application	[Motor] Distance too close (10.393121537004188); rotating motor to 0 degrees | Severity=175 | SourceName=Motor2 | EventType=application | SourceNode=ns=1;s=MotorSource2
[Anomaly Input] [2026-08-11 15:39:04.077 (UTC)] info/application	[Sensor] Updated distance: 6.909727858803108 cm | Severity=75 | SourceName=Sensor2 | EventType=application | SourceNode=ns=1;s=SensorSource2
[Anomaly Input] [2026-08-11 15:39:04.077 (UTC)] info/application	[Sensor] Updated distance: 19.623712503176048 cm | Severity=75 | SourceName=Sensor3 | EventType=application | SourceNode=ns=1;s=SensorSource3
[Anomaly Input] [2026-08-11 15:39:04.158 (UTC)] info/application	[Sensor] Updated distance: 25.34354748173782 cm | Severity=75 | SourceName=Sensor | EventType=application | SourceNode=ns=1;s=SensorSource
[Anomaly Input] [2026-08-11 15:39:04.159 (UTC)] info/application	[Motor] Received distance: 25.34354748173782 cm | Severity=75 | SourceName=Motor | EventType=application | SourceNode=ns=1;s=MotorSource
[Anomaly Input] [2026-08-11 15:39:04.162 (UTC)] info/application	[Motor] Received distance: 19.623712503176048 cm | Severity=75 | SourceName=Motor3 | EventType=application | SourceNode=ns=1;s=MotorSource3
[Anomaly Input] [2026-08-11 15:39:04.162 (UTC)] info/application	[Motor] Received distance: 6.909727858803108 cm | Severity=75 | SourceName=Motor2 | EventType=application | SourceNode=ns=1;s=MotorSource2
[Anomaly Input] [2026-08-11 15:39:04.159 (UTC)] info/application	[Motor] Distance safe (25.34354748173782); rotating motor to 90 degrees | Severity=75 | SourceName=Motor | EventType=application | SourceNode=ns=1;s=MotorSource
[Anomaly Input] [2026-08-11 15:39:04.162 (UTC)] warn/application	[Motor] Distance too close (19.623712503176048); rotating motor to 0 degrees | Severity=175 | SourceName=Motor3 | EventType=application | SourceNode=ns=1;s=MotorSource3
[Anomaly Input] [2026-08-11 15:39:04.162 (UTC)] warn/application	[Motor] Distance too close (6.909727858803108); rotating motor to 0 degrees | Severity=175 | SourceName=Motor2 | EventType=application | SourceNode=ns=1;s=MotorSource2
[Anomaly Input] [2026-08-11 15:39:05.069 (UTC)] info/application	[Sensor] Updated distance: 24.915024067701317 cm | Severity=75 | SourceName=Sensor2 | EventType=application | SourceNode=ns=1;s=SensorSource2
[Anomaly Input] [2026-08-11 15:39:05.079 (UTC)] info/application	[Sensor] Updated distance: 45.62397896294667 cm | Severity=75 | SourceName=Sensor3 | EventType=application | SourceNode=ns=1;s=SensorSource3
[Anomaly Input] [2026-08-11 15:39:05.160 (UTC)] info/application	[Sensor] Updated distance: 37.66315980426183 cm | Severity=75 | SourceName=Sensor | EventType=application | SourceNode=ns=1;s=SensorSource
[Anomaly Input] [2026-08-11 15:39:05.160 (UTC)] info/application	[Motor] Received distance: 24.915024067701317 cm | Severity=75 | SourceName=Motor2 | EventType=application | SourceNode=ns=1;s=MotorSource2
[Anomaly Input] [2026-08-11 15:39:05.160 (UTC)] info/application	[Motor] Received distance: 45.62397896294667 cm | Severity=75 | SourceName=Motor3 | EventType=application | SourceNode=ns=1;s=MotorSource3
[Anomaly Input] [2026-08-11 15:39:05.170 (UTC)] info/application	[Motor] Received distance: 37.66315980426183 cm | Severity=75 | SourceName=Motor | EventType=application | SourceNode=ns=1;s=MotorSource
[Anomaly Input] [2026-08-11 15:39:05.160 (UTC)] info/application	[Motor] Distance safe (24.915024067701317); rotating motor to 90 degrees | Severity=75 | SourceName=Motor2 | EventType=application | SourceNode=ns=1;s=MotorSource2
[Anomaly Input] [2026-08-11 15:39:05.160 (UTC)] info/application	[Motor] Distance safe (45.62397896294667); rotating motor to 90 degrees | Severity=75 | SourceName=Motor3 | EventType=application | SourceNode=ns=1;s=MotorSource3
[Anomaly Input] [2026-08-11 15:39:05.170 (UTC)] info/application	[Motor] Distance safe (37.66315980426183); rotating motor to 90 degrees | Severity=75 | SourceName=Motor | EventType=application | SourceNode=ns=1;s=MotorSource
[Anomaly Input] [2026-08-11 15:39:06.071 (UTC)] info/application	[Sensor] Updated distance: 38.42775994000386 cm | Severity=75 | SourceName=Sensor2 | EventType=application | SourceNode=ns=1;s=SensorSource2
[Anomaly Input] [2026-08-11 15:39:06.071 (UTC)] info/application	[Sensor] Updated distance: 39.467258314354 cm | Severity=75 | SourceName=Sensor3 | EventType=application | SourceNode=ns=1;s=SensorSource3
[Anomaly Input] [2026-08-11 15:39:06.152 (UTC)] info/application	[Sensor] Updated distance: 33.468392237773344 cm | Severity=75 | SourceName=Sensor | EventType=application | SourceNode=ns=1;s=SensorSource
[Anomaly Input] [2026-08-11 15:39:06.152 (UTC)] info/application	[Motor] Received distance: 39.467258314354 cm | Severity=75 | SourceName=Motor3 | EventType=application | SourceNode=ns=1;s=MotorSource3
[Anomaly Input] [2026-08-11 15:39:06.159 (UTC)] info/application	[Motor] Received distance: 33.468392237773344 cm | Severity=75 | SourceName=Motor | EventType=application | SourceNode=ns=1;s=MotorSource
[Anomaly Input] [2026-08-11 15:39:06.162 (UTC)] info/application	[Motor] Received distance: 38.42775994000386 cm | Severity=75 | SourceName=Motor2 | EventType=application | SourceNode=ns=1;s=MotorSource2
[Anomaly Input] [2026-08-11 15:39:06.152 (UTC)] info/application	[Motor] Distance safe (39.467258314354); rotating motor to 90 degrees | Severity=75 | SourceName=Motor3 | EventType=application | SourceNode=ns=1;s=MotorSource3
[Anomaly Input] [2026-08-11 15:39:06.159 (UTC)] info/application	[Motor] Distance safe (33.468392237773344); rotating motor to 90 degrees | Severity=75 | SourceName=Motor | EventType=application | SourceNode=ns=1;s=MotorSource
[Anomaly Input] [2026-08-11 15:39:06.162 (UTC)] info/application	[Motor] Distance safe (38.42775994000386); rotating motor to 90 degrees | Severity=75 | SourceName=Motor2 | EventType=application | SourceNode=ns=1;s=MotorSource2
[Anomaly Input] [2026-08-11 15:39:07.073 (UTC)] info/application	[Sensor] Updated distance: 9.537743467622317 cm | Severity=75 | SourceName=Sensor2 | EventType=application | SourceNode=ns=1;s=SensorSource2
[Anomaly Input] [2026-08-11 15:39:07.073 (UTC)] info/application	[Sensor] Updated distance: 36.14400925587118 cm | Severity=75 | SourceName=Sensor3 | EventType=application | SourceNode=ns=1;s=SensorSource3
[Anomaly Input] [2026-08-11 15:39:07.154 (UTC)] info/application	[Sensor] Updated distance: 34.61448137490753 cm | Severity=75 | SourceName=Sensor | EventType=application | SourceNode=ns=1;s=SensorSource
[Anomaly Input] [2026-08-11 15:39:07.155 (UTC)] info/application	[Motor] Received distance: 34.61448137490753 cm | Severity=75 | SourceName=Motor | EventType=application | SourceNode=ns=1;s=MotorSource
[Anomaly Input] [2026-08-11 15:39:07.154 (UTC)] info/application	[Motor] Received distance: 9.537743467622317 cm | Severity=75 | SourceName=Motor2 | EventType=application | SourceNode=ns=1;s=MotorSource2
[Anomaly Input] [2026-08-11 15:39:07.161 (UTC)] info/application	[Motor] Received distance: 36.14400925587118 cm | Severity=75 | SourceName=Motor3 | EventType=application | SourceNode=ns=1;s=MotorSource3
[Anomaly Input] [2026-08-11 15:39:07.155 (UTC)] info/application	[Motor] Distance safe (34.61448137490753); rotating motor to 90 degrees | Severity=75 | SourceName=Motor | EventType=application | SourceNode=ns=1;s=MotorSource
[Anomaly Input] [2026-08-11 15:39:07.155 (UTC)] warn/application	[Motor] Distance too close (9.537743467622317); rotating motor to 0 degrees | Severity=175 | SourceName=Motor2 | EventType=application | SourceNode=ns=1;s=MotorSource2
[Anomaly Input] [2026-08-11 15:39:07.161 (UTC)] info/application	[Motor] Distance safe (36.14400925587118); rotating motor to 90 degrees | Severity=75 | SourceName=Motor3 | EventType=application | SourceNode=ns=1;s=MotorSource3
[Anomaly Input] [2026-08-11 15:39:08.076 (UTC)] info/application	[Sensor] Updated distance: 36.77850835154695 cm | Severity=75 | SourceName=Sensor2 | EventType=application | SourceNode=ns=1;s=SensorSource2
[Anomaly Input] [2026-08-11 15:39:08.076 (UTC)] info/application	[Sensor] Updated distance: 23.611241402854787 cm | Severity=75 | SourceName=Sensor3 | EventType=application | SourceNode=ns=1;s=SensorSource3
[Anomaly Input] [2026-08-11 15:39:08.157 (UTC)] info/application	[Sensor] Updated distance: 49.84115236245149 cm | Severity=75 | SourceName=Sensor | EventType=application | SourceNode=ns=1;s=SensorSource
[Anomaly Input] [2026-08-11 15:39:08.157 (UTC)] info/application	[Motor] Received distance: 23.611241402854787 cm | Severity=75 | SourceName=Motor3 | EventType=application | SourceNode=ns=1;s=MotorSource3
[Anomaly Input] [2026-08-11 15:39:08.160 (UTC)] info/application	[Motor] Received distance: 49.84115236245149 cm | Severity=75 | SourceName=Motor | EventType=application | SourceNode=ns=1;s=MotorSource
[Anomaly Input] [2026-08-11 15:39:08.162 (UTC)] info/application	[Motor] Received distance: 36.77850835154695 cm | Severity=75 | SourceName=Motor2 | EventType=application | SourceNode=ns=1;s=MotorSource2
[Anomaly Input] [2026-08-11 15:39:08.157 (UTC)] info/application	[Motor] Distance safe (23.611241402854787); rotating motor to 90 degrees | Severity=75 | SourceName=Motor3 | EventType=application | SourceNode=ns=1;s=MotorSource3
[Anomaly Input] [2026-08-11 15:39:08.160 (UTC)] info/application	[Motor] Distance safe (49.84115236245149); rotating motor to 90 degrees | Severity=75 | SourceName=Motor | EventType=application | SourceNode=ns=1;s=MotorSource
[Anomaly Input] [2026-08-11 15:39:08.162 (UTC)] info/application	[Motor] Distance safe (36.77850835154695); rotating motor to 90 degrees | Severity=75 | SourceName=Motor2 | EventType=application | SourceNode=ns=1;s=MotorSource2
[Anomaly Input] [2026-08-11 15:39:09.069 (UTC)] info/application	[Sensor] Updated distance: 33.14394347329807 cm | Severity=75 | SourceName=Sensor2 | EventType=application | SourceNode=ns=1;s=SensorSource2
[Anomaly Input] [2026-08-11 15:39:09.079 (UTC)] info/application	[Sensor] Updated distance: 15.22679918130245 cm | Severity=75 | SourceName=Sensor3 | EventType=application | SourceNode=ns=1;s=SensorSource3
[Anomaly Input] [2026-08-11 15:39:09.160 (UTC)] info/application	[Sensor] Updated distance: 11.030861299965 cm | Severity=75 | SourceName=Sensor | EventType=application | SourceNode=ns=1;s=SensorSource
[Anomaly Input] [2026-08-11 15:39:09.160 (UTC)] info/application	[Motor] Received distance: 15.22679918130245 cm | Severity=75 | SourceName=Motor3 | EventType=application | SourceNode=ns=1;s=MotorSource3
[Anomaly Input] [2026-08-11 15:39:09.160 (UTC)] info/application	[Motor] Received distance: 11.030861299965 cm | Severity=75 | SourceName=Motor | EventType=application | SourceNode=ns=1;s=MotorSource
[Anomaly Input] [2026-08-11 15:39:09.160 (UTC)] info/application	[Motor] Received distance: 33.14394347329807 cm | Severity=75 | SourceName=Motor2 | EventType=application | SourceNode=ns=1;s=MotorSource2
[Anomaly Input] [2026-08-11 15:39:09.160 (UTC)] warn/application	[Motor] Distance too close (15.22679918130245); rotating motor to 0 degrees | Severity=175 | SourceName=Motor3 | EventType=application | SourceNode=ns=1;s=MotorSource3
[Anomaly Input] [2026-08-11 15:39:09.160 (UTC)] info/application	[Motor] Distance safe (33.14394347329807); rotating motor to 90 degrees | Severity=75 | SourceName=Motor2 | EventType=application | SourceNode=ns=1;s=MotorSource2
[Anomaly Input] [2026-08-11 15:39:09.160 (UTC)] warn/application	[Motor] Distance too close (11.030861299965); rotating motor to 0 degrees | Severity=175 | SourceName=Motor | EventType=application | SourceNode=ns=1;s=MotorSource
[Anomaly Input] [2026-08-11 15:39:10.072 (UTC)] info/application	[Sensor] Updated distance: 17.2058075811741 cm | Severity=75 | SourceName=Sensor3 | EventType=application | SourceNode=ns=1;s=SensorSource3
[Anomaly Input] [2026-08-11 15:39:10.072 (UTC)] info/application	[Sensor] Updated distance: 16.114644586162008 cm | Severity=75 | SourceName=Sensor2 | EventType=application | SourceNode=ns=1;s=SensorSource2
[Anomaly Input] [2026-08-11 15:39:10.153 (UTC)] info/application	[Sensor] Updated distance: 8.4243616342658 cm | Severity=75 | SourceName=Sensor | EventType=application | SourceNode=ns=1;s=SensorSource
[Anomaly Input] [2026-08-11 15:39:10.153 (UTC)] info/application	[Motor] Received distance: 16.114644586162008 cm | Severity=75 | SourceName=Motor2 | EventType=application | SourceNode=ns=1;s=MotorSource2
[Anomaly Input] [2026-08-11 15:39:10.153 (UTC)] info/application	[Motor] Received distance: 8.4243616342658 cm | Severity=75 | SourceName=Motor | EventType=application | SourceNode=ns=1;s=MotorSource
[Anomaly Input] [2026-08-11 15:39:10.153 (UTC)] info/application	[Motor] Received distance: 17.2058075811741 cm | Severity=75 | SourceName=Motor3 | EventType=application | SourceNode=ns=1;s=MotorSource3
[Anomaly Input] [2026-08-11 15:39:10.153 (UTC)] warn/application	[Motor] Distance too close (8.4243616342658); rotating motor to 0 degrees | Severity=175 | SourceName=Motor | EventType=application | SourceNode=ns=1;s=MotorSource
[Anomaly Input] [2026-08-11 15:39:10.153 (UTC)] warn/application	[Motor] Distance too close (16.114644586162008); rotating motor to 0 degrees | Severity=175 | SourceName=Motor2 | EventType=application | SourceNode=ns=1;s=MotorSource2
[Anomaly Input] [2026-08-11 15:39:10.153 (UTC)] warn/application	[Motor] Distance too close (17.2058075811741); rotating motor to 0 degrees | Severity=175 | SourceName=Motor3 | EventType=application | SourceNode=ns=1;s=MotorSource3
[Anomaly Input] [2026-08-11 15:39:11.074 (UTC)] info/application	[Sensor] Updated distance: 6.7974987350392615 cm | Severity=75 | SourceName=Sensor2 | EventType=application | SourceNode=ns=1;s=SensorSource2
[Anomaly Input] [2026-08-11 15:39:11.074 (UTC)] info/application	[Sensor] Updated distance: 5.283484795728459 cm | Severity=75 | SourceName=Sensor3 | EventType=application | SourceNode=ns=1;s=SensorSource3
[Anomaly Input] [2026-08-11 15:39:11.156 (UTC)] info/application	[Sensor] Updated distance: 44.66265448679339 cm | Severity=75 | SourceName=Sensor | EventType=application | SourceNode=ns=1;s=SensorSource
[Anomaly Input] [2026-08-11 15:39:11.160 (UTC)] info/application	[Motor] Received distance: 44.66265448679339 cm | Severity=75 | SourceName=Motor | EventType=application | SourceNode=ns=1;s=MotorSource
[Anomaly Input] [2026-08-11 15:39:11.162 (UTC)] info/application	[Motor] Received distance: 5.283484795728459 cm | Severity=75 | SourceName=Motor3 | EventType=application | SourceNode=ns=1;s=MotorSource3
[Anomaly Input] [2026-08-11 15:39:11.162 (UTC)] info/application	[Motor] Received distance: 6.7974987350392615 cm | Severity=75 | SourceName=Motor2 | EventType=application | SourceNode=ns=1;s=MotorSource2
[Anomaly Input] [2026-08-11 15:39:11.160 (UTC)] info/application	[Motor] Distance safe (44.66265448679339); rotating motor to 90 degrees | Severity=75 | SourceName=Motor | EventType=application | SourceNode=ns=1;s=MotorSource
[Anomaly Input] [2026-08-11 15:39:11.162 (UTC)] warn/application	[Motor] Distance too close (5.283484795728459); rotating motor to 0 degrees | Severity=175 | SourceName=Motor3 | EventType=application | SourceNode=ns=1;s=MotorSource3
[Anomaly Input] [2026-08-11 15:39:11.162 (UTC)] warn/application	[Motor] Distance too close (6.7974987350392615); rotating motor to 0 degrees | Severity=175 | SourceName=Motor2 | EventType=application | SourceNode=ns=1;s=MotorSource2
[Anomaly Input] [2026-08-11 15:39:12.067 (UTC)] info/application	[Sensor] Updated distance: 15.439876659512462 cm | Severity=75 | SourceName=Sensor2 | EventType=application | SourceNode=ns=1;s=SensorSource2
[Anomaly Input] [2026-08-11 15:39:12.077 (UTC)] info/application	[Sensor] Updated distance: 12.223722909681369 cm | Severity=75 | SourceName=Sensor3 | EventType=application | SourceNode=ns=1;s=SensorSource3
[Anomaly Input] [2026-08-11 15:39:12.158 (UTC)] info/application	[Sensor] Updated distance: 42.78019555321904 cm | Severity=75 | SourceName=Sensor | EventType=application | SourceNode=ns=1;s=SensorSource
[Anomaly Input] [2026-08-11 15:39:12.159 (UTC)] info/application	[Motor] Received distance: 42.78019555321904 cm | Severity=75 | SourceName=Motor | EventType=application | SourceNode=ns=1;s=MotorSource
[Anomaly Input] [2026-08-11 15:39:12.159 (UTC)] info/application	[Motor] Received distance: 15.439876659512462 cm | Severity=75 | SourceName=Motor2 | EventType=application | SourceNode=ns=1;s=MotorSource2
[Anomaly Input] [2026-08-11 15:39:12.159 (UTC)] info/application	[Motor] Received distance: 12.223722909681369 cm | Severity=75 | SourceName=Motor3 | EventType=application | SourceNode=ns=1;s=MotorSource3
[Anomaly Input] [2026-08-11 15:39:12.159 (UTC)] info/application	[Motor] Distance safe (42.78019555321904); rotating motor to 90 degrees | Severity=75 | SourceName=Motor | EventType=application | SourceNode=ns=1;s=MotorSource
[Anomaly Input] [2026-08-11 15:39:12.159 (UTC)] warn/application	[Motor] Distance too close (15.439876659512462); rotating motor to 0 degrees | Severity=175 | SourceName=Motor2 | EventType=application | SourceNode=ns=1;s=MotorSource2
[Anomaly Input] [2026-08-11 15:39:12.159 (UTC)] warn/application	[Motor] Distance too close (12.223722909681369); rotating motor to 0 degrees | Severity=175 | SourceName=Motor3 | EventType=application | SourceNode=ns=1;s=MotorSource3
[Anomaly Input] [2026-08-11 15:39:13.070 (UTC)] info/application	[Sensor] Updated distance: 44.461742592259185 cm | Severity=75 | SourceName=Sensor2 | EventType=application | SourceNode=ns=1;s=SensorSource2
[Anomaly Input] [2026-08-11 15:39:13.070 (UTC)] info/application	[Sensor] Updated distance: 25.891207959452274 cm | Severity=75 | SourceName=Sensor3 | EventType=application | SourceNode=ns=1;s=SensorSource3
[Anomaly Input] [2026-08-11 15:39:13.161 (UTC)] info/application	[Sensor] Updated distance: 11.423099902189849 cm | Severity=75 | SourceName=Sensor | EventType=application | SourceNode=ns=1;s=SensorSource
[Anomaly Input] [2026-08-11 15:39:13.162 (UTC)] info/application	[Motor] Received distance: 25.891207959452274 cm | Severity=75 | SourceName=Motor3 | EventType=application | SourceNode=ns=1;s=MotorSource3
[Anomaly Input] [2026-08-11 15:39:13.162 (UTC)] info/application	[Motor] Received distance: 44.461742592259185 cm | Severity=75 | SourceName=Motor2 | EventType=application | SourceNode=ns=1;s=MotorSource2
[Anomaly Input] [2026-08-11 15:39:13.170 (UTC)] info/application	[Motor] Received distance: 11.423099902189849 cm | Severity=75 | SourceName=Motor | EventType=application | SourceNode=ns=1;s=MotorSource
[Anomaly Input] [2026-08-11 15:39:13.162 (UTC)] info/application	[Motor] Distance safe (44.461742592259185); rotating motor to 90 degrees | Severity=75 | SourceName=Motor2 | EventType=application | SourceNode=ns=1;s=MotorSource2
[Anomaly Input] [2026-08-11 15:39:13.162 (UTC)] info/application	[Motor] Distance safe (25.891207959452274); rotating motor to 90 degrees | Severity=75 | SourceName=Motor3 | EventType=application | SourceNode=ns=1;s=MotorSource3
[Anomaly Input] [2026-08-11 15:39:13.170 (UTC)] warn/application	[Motor] Distance too close (11.423099902189849); rotating motor to 0 degrees | Severity=175 | SourceName=Motor | EventType=application | SourceNode=ns=1;s=MotorSource
[Anomaly Input] [2026-08-11 15:39:14.073 (UTC)] info/application	[Sensor] Updated distance: 23.4019429336311 cm | Severity=75 | SourceName=Sensor2 | EventType=application | SourceNode=ns=1;s=SensorSource2
[Anomaly Input] [2026-08-11 15:39:14.074 (UTC)] info/application	[Sensor] Updated distance: 21.92346967194391 cm | Severity=75 | SourceName=Sensor3 | EventType=application | SourceNode=ns=1;s=SensorSource3
[Anomaly Input] [2026-08-11 15:39:14.155 (UTC)] info/application	[Sensor] Updated distance: 16.376400917012433 cm | Severity=75 | SourceName=Sensor | EventType=application | SourceNode=ns=1;s=SensorSource
[Anomaly Input] [2026-08-11 15:39:14.155 (UTC)] info/application	[Motor] Received distance: 23.4019429336311 cm | Severity=75 | SourceName=Motor2 | EventType=application | SourceNode=ns=1;s=MotorSource2
[Anomaly Input] [2026-08-11 15:39:14.155 (UTC)] info/application	[Motor] Received distance: 21.92346967194391 cm | Severity=75 | SourceName=Motor3 | EventType=application | SourceNode=ns=1;s=MotorSource3
[Anomaly Input] [2026-08-11 15:39:14.160 (UTC)] info/application	[Motor] Received distance: 16.376400917012433 cm | Severity=75 | SourceName=Motor | EventType=application | SourceNode=ns=1;s=MotorSource
[Anomaly Input] [2026-08-11 15:39:14.155 (UTC)] info/application	[Motor] Distance safe (23.4019429336311); rotating motor to 90 degrees | Severity=75 | SourceName=Motor2 | EventType=application | SourceNode=ns=1;s=MotorSource2
[Anomaly Input] [2026-08-11 15:39:14.155 (UTC)] info/application	[Motor] Distance safe (21.92346967194391); rotating motor to 90 degrees | Severity=75 | SourceName=Motor3 | EventType=application | SourceNode=ns=1;s=MotorSource3
[Anomaly Input] [2026-08-11 15:39:14.160 (UTC)] warn/application	[Motor] Distance too close (16.376400917012433); rotating motor to 0 degrees | Severity=175 | SourceName=Motor | EventType=application | SourceNode=ns=1;s=MotorSource
[Anomaly Input] [2026-08-11 15:39:15.075 (UTC)] info/application	[Sensor] Updated distance: 6.533670777703482 cm | Severity=75 | SourceName=Sensor3 | EventType=application | SourceNode=ns=1;s=SensorSource3
[Anomaly Input] [2026-08-11 15:39:15.075 (UTC)] info/application	[Sensor] Updated distance: 9.270039874720405 cm | Severity=75 | SourceName=Sensor2 | EventType=application | SourceNode=ns=1;s=SensorSource2
[Anomaly Input] [2026-08-11 15:39:15.156 (UTC)] info/application	[Sensor] Updated distance: 27.935215000964334 cm | Severity=75 | SourceName=Sensor | EventType=application | SourceNode=ns=1;s=SensorSource
[Anomaly Input] [2026-08-11 15:39:15.157 (UTC)] info/application	[Motor] Received distance: 27.935215000964334 cm | Severity=75 | SourceName=Motor | EventType=application | SourceNode=ns=1;s=MotorSource
[Anomaly Input] [2026-08-11 15:39:15.161 (UTC)] info/application	[Motor] Received distance: 9.270039874720405 cm | Severity=75 | SourceName=Motor2 | EventType=application | SourceNode=ns=1;s=MotorSource2
[Anomaly Input] [2026-08-11 15:39:15.161 (UTC)] info/application	[Motor] Received distance: 6.533670777703482 cm | Severity=75 | SourceName=Motor3 | EventType=application | SourceNode=ns=1;s=MotorSource3
[Anomaly Input] [2026-08-11 15:39:15.157 (UTC)] info/application	[Motor] Distance safe (27.935215000964334); rotating motor to 90 degrees | Severity=75 | SourceName=Motor | EventType=application | SourceNode=ns=1;s=MotorSource
[Anomaly Input] [2026-08-11 15:39:15.161 (UTC)] warn/application	[Motor] Distance too close (9.270039874720405); rotating motor to 0 degrees | Severity=175 | SourceName=Motor2 | EventType=application | SourceNode=ns=1;s=MotorSource2
[Anomaly Input] [2026-08-11 15:39:15.161 (UTC)] warn/application	[Motor] Distance too close (6.533670777703482); rotating motor to 0 degrees | Severity=175 | SourceName=Motor3 | EventType=application | SourceNode=ns=1;s=MotorSource3
[Anomaly Input] [2026-08-11 15:39:16.068 (UTC)] info/application	[Sensor] Updated distance: 13.49385192035411 cm | Severity=75 | SourceName=Sensor2 | EventType=application | SourceNode=ns=1;s=SensorSource2
[Anomaly Input] [2026-08-11 15:39:16.078 (UTC)] info/application	[Sensor] Updated distance: 5.958410458619897 cm | Severity=75 | SourceName=Sensor3 | EventType=application | SourceNode=ns=1;s=SensorSource3
[Anomaly Input] [2026-08-11 15:39:16.159 (UTC)] info/application	[Sensor] Updated distance: 21.492947878079928 cm | Severity=75 | SourceName=Sensor | EventType=application | SourceNode=ns=1;s=SensorSource
[Anomaly Input] [2026-08-11 15:39:16.159 (UTC)] info/application	[Motor] Received distance: 21.492947878079928 cm | Severity=75 | SourceName=Motor | EventType=application | SourceNode=ns=1;s=MotorSource
[Anomaly Input] [2026-08-11 15:39:16.159 (UTC)] info/application	[Motor] Received distance: 13.49385192035411 cm | Severity=75 | SourceName=Motor2 | EventType=application | SourceNode=ns=1;s=MotorSource2
[Anomaly Input] [2026-08-11 15:39:16.159 (UTC)] info/application	[Motor] Received distance: 5.958410458619897 cm | Severity=75 | SourceName=Motor3 | EventType=application | SourceNode=ns=1;s=MotorSource3
[Anomaly Input] [2026-08-11 15:39:16.159 (UTC)] info/application	[Motor] Distance safe (21.492947878079928); rotating motor to 90 degrees | Severity=75 | SourceName=Motor | EventType=application | SourceNode=ns=1;s=MotorSource
[Anomaly Input] [2026-08-11 15:39:16.159 (UTC)] warn/application	[Motor] Distance too close (13.49385192035411); rotating motor to 0 degrees | Severity=175 | SourceName=Motor2 | EventType=application | SourceNode=ns=1;s=MotorSource2
[Anomaly Input] [2026-08-11 15:39:16.159 (UTC)] warn/application	[Motor] Distance too close (5.958410458619897); rotating motor to 0 degrees | Severity=175 | SourceName=Motor3 | EventType=application | SourceNode=ns=1;s=MotorSource3
[Anomaly Input] [2026-08-11 15:39:17.069 (UTC)] info/application	[Sensor] Updated distance: 47.13397624955232 cm | Severity=75 | SourceName=Sensor2 | EventType=application | SourceNode=ns=1;s=SensorSource2
[Anomaly Input] [2026-08-11 15:39:17.079 (UTC)] info/application	[Sensor] Updated distance: 49.5270918829027 cm | Severity=75 | SourceName=Sensor3 | EventType=application | SourceNode=ns=1;s=SensorSource3
[Anomaly Input] [2026-08-11 15:39:17.160 (UTC)] info/application	[Sensor] Updated distance: 40.736156280495294 cm | Severity=75 | SourceName=Sensor | EventType=application | SourceNode=ns=1;s=SensorSource
[Anomaly Input] [2026-08-11 15:39:17.161 (UTC)] info/application	[Motor] Received distance: 47.13397624955232 cm | Severity=75 | SourceName=Motor2 | EventType=application | SourceNode=ns=1;s=MotorSource2
[Anomaly Input] [2026-08-11 15:39:17.161 (UTC)] info/application	[Motor] Received distance: 49.5270918829027 cm | Severity=75 | SourceName=Motor3 | EventType=application | SourceNode=ns=1;s=MotorSource3
[Anomaly Input] [2026-08-11 15:39:17.170 (UTC)] info/application	[Motor] Received distance: 40.736156280495294 cm | Severity=75 | SourceName=Motor | EventType=application | SourceNode=ns=1;s=MotorSource
[Anomaly Input] [2026-08-11 15:39:17.161 (UTC)] info/application	[Motor] Distance safe (47.13397624955232); rotating motor to 90 degrees | Severity=75 | SourceName=Motor2 | EventType=application | SourceNode=ns=1;s=MotorSource2
[Anomaly Input] [2026-08-11 15:39:17.161 (UTC)] info/application	[Motor] Distance safe (49.5270918829027); rotating motor to 90 degrees | Severity=75 | SourceName=Motor3 | EventType=application | SourceNode=ns=1;s=MotorSource3
[Anomaly Input] [2026-08-11 15:39:17.170 (UTC)] info/application	[Motor] Distance safe (40.736156280495294); rotating motor to 90 degrees | Severity=75 | SourceName=Motor | EventType=application | SourceNode=ns=1;s=MotorSource
[Anomaly Input] [2026-08-11 15:39:18.069 (UTC)] info/application	[Sensor] Updated distance: 33.51758182771391 cm | Severity=75 | SourceName=Sensor2 | EventType=application | SourceNode=ns=1;s=SensorSource2
[Anomaly Input] [2026-08-11 15:39:18.079 (UTC)] info/application	[Sensor] Updated distance: 18.627819784277964 cm | Severity=75 | SourceName=Sensor3 | EventType=application | SourceNode=ns=1;s=SensorSource3
[Anomaly Input] [2026-08-11 15:39:18.160 (UTC)] info/application	[Sensor] Updated distance: 45.098255870443886 cm | Severity=75 | SourceName=Sensor | EventType=application | SourceNode=ns=1;s=SensorSource
[Anomaly Input] [2026-08-11 15:39:18.160 (UTC)] info/application	[Motor] Received distance: 45.098255870443886 cm | Severity=75 | SourceName=Motor | EventType=application | SourceNode=ns=1;s=MotorSource
[Anomaly Input] [2026-08-11 15:39:18.162 (UTC)] info/application	[Motor] Received distance: 18.627819784277964 cm | Severity=75 | SourceName=Motor3 | EventType=application | SourceNode=ns=1;s=MotorSource3
[Anomaly Input] [2026-08-11 15:39:18.162 (UTC)] info/application	[Motor] Received distance: 33.51758182771391 cm | Severity=75 | SourceName=Motor2 | EventType=application | SourceNode=ns=1;s=MotorSource2
[Anomaly Input] [2026-08-11 15:39:18.160 (UTC)] info/application	[Motor] Distance safe (45.098255870443886); rotating motor to 90 degrees | Severity=75 | SourceName=Motor | EventType=application | SourceNode=ns=1;s=MotorSource
[Anomaly Input] [2026-08-11 15:39:18.162 (UTC)] warn/application	[Motor] Distance too close (18.627819784277964); rotating motor to 0 degrees | Severity=175 | SourceName=Motor3 | EventType=application | SourceNode=ns=1;s=MotorSource3
[Anomaly Input] [2026-08-11 15:39:18.162 (UTC)] info/application	[Motor] Distance safe (33.51758182771391); rotating motor to 90 degrees | Severity=75 | SourceName=Motor2 | EventType=application | SourceNode=ns=1;s=MotorSource2
[Anomaly Input] [2026-08-11 15:39:19.071 (UTC)] info/application	[Sensor] Updated distance: 28.473753218759665 cm | Severity=75 | SourceName=Sensor3 | EventType=application | SourceNode=ns=1;s=SensorSource3
[Anomaly Input] [2026-08-11 15:39:19.071 (UTC)] info/application	[Sensor] Updated distance: 11.295739878572402 cm | Severity=75 | SourceName=Sensor2 | EventType=application | SourceNode=ns=1;s=SensorSource2
[Anomaly Input] [2026-08-11 15:39:19.162 (UTC)] info/application	[Sensor] Updated distance: 48.059675625553204 cm | Severity=75 | SourceName=Sensor | EventType=application | SourceNode=ns=1;s=SensorSource
[Anomaly Input] [2026-08-11 15:39:19.163 (UTC)] info/application	[Motor] Received distance: 28.473753218759665 cm | Severity=75 | SourceName=Motor3 | EventType=application | SourceNode=ns=1;s=MotorSource3
[Anomaly Input] [2026-08-11 15:39:19.171 (UTC)] info/application	[Motor] Received distance: 48.059675625553204 cm | Severity=75 | SourceName=Motor | EventType=application | SourceNode=ns=1;s=MotorSource
[Anomaly Input] [2026-08-11 15:39:19.171 (UTC)] info/application	[Motor] Received distance: 11.295739878572402 cm | Severity=75 | SourceName=Motor2 | EventType=application | SourceNode=ns=1;s=MotorSource2
[Anomaly Input] [2026-08-11 15:39:19.163 (UTC)] info/application	[Motor] Distance safe (28.473753218759665); rotating motor to 90 degrees | Severity=75 | SourceName=Motor3 | EventType=application | SourceNode=ns=1;s=MotorSource3
[Anomaly Input] [2026-08-11 15:39:19.171 (UTC)] info/application	[Motor] Distance safe (48.059675625553204); rotating motor to 90 degrees | Severity=75 | SourceName=Motor | EventType=application | SourceNode=ns=1;s=MotorSource
[Anomaly Input] [2026-08-11 15:39:19.171 (UTC)] warn/application	[Motor] Distance too close (11.295739878572402); rotating motor to 0 degrees | Severity=175 | SourceName=Motor2 | EventType=application | SourceNode=ns=1;s=MotorSource2
[Anomaly Input] [2026-08-11 15:39:20.073 (UTC)] info/application	[Sensor] Updated distance: 4.4641217749864435 cm | Severity=75 | SourceName=Sensor3 | EventType=application | SourceNode=ns=1;s=SensorSource3
[Anomaly Input] [2026-08-11 15:39:20.073 (UTC)] info/application	[Sensor] Updated distance: 38.51689321013023 cm | Severity=75 | SourceName=Sensor2 | EventType=application | SourceNode=ns=1;s=SensorSource2
[Anomaly Input] [2026-08-11 15:39:20.154 (UTC)] info/application	[Sensor] Updated distance: 38.99633210385047 cm | Severity=75 | SourceName=Sensor | EventType=application | SourceNode=ns=1;s=SensorSource
[Anomaly Input] [2026-08-11 15:39:20.154 (UTC)] info/application	[Motor] Received distance: 4.4641217749864435 cm | Severity=75 | SourceName=Motor3 | EventType=application | SourceNode=ns=1;s=MotorSource3
[Anomaly Input] [2026-08-11 15:39:20.160 (UTC)] info/application	[Motor] Received distance: 38.99633210385047 cm | Severity=75 | SourceName=Motor | EventType=application | SourceNode=ns=1;s=MotorSource
[Anomaly Input] [2026-08-11 15:39:20.161 (UTC)] info/application	[Motor] Received distance: 38.51689321013023 cm | Severity=75 | SourceName=Motor2 | EventType=application | SourceNode=ns=1;s=MotorSource2
[Anomaly Input] [2026-08-11 15:39:20.154 (UTC)] warn/application	[Motor] Distance too close (4.4641217749864435); rotating motor to 0 degrees | Severity=175 | SourceName=Motor3 | EventType=application | SourceNode=ns=1;s=MotorSource3
[Anomaly Input] [2026-08-11 15:39:20.160 (UTC)] info/application	[Motor] Distance safe (38.99633210385047); rotating motor to 90 degrees | Severity=75 | SourceName=Motor | EventType=application | SourceNode=ns=1;s=MotorSource
[Anomaly Input] [2026-08-11 15:39:20.161 (UTC)] info/application	[Motor] Distance safe (38.51689321013023); rotating motor to 90 degrees | Severity=75 | SourceName=Motor2 | EventType=application | SourceNode=ns=1;s=MotorSource2
[Anomaly Input] [2026-08-11 15:39:21.074 (UTC)] info/application	[Sensor] Updated distance: 16.477862938529746 cm | Severity=75 | SourceName=Sensor2 | EventType=application | SourceNode=ns=1;s=SensorSource2
[Anomaly Input] [2026-08-11 15:39:21.075 (UTC)] info/application	[Sensor] Updated distance: 34.923338368965005 cm | Severity=75 | SourceName=Sensor3 | EventType=application | SourceNode=ns=1;s=SensorSource3
[Anomaly Input] [2026-08-11 15:39:21.155 (UTC)] info/application	[Sensor] Updated distance: 16.39870118275224 cm | Severity=75 | SourceName=Sensor | EventType=application | SourceNode=ns=1;s=SensorSource
[Anomaly Input] [2026-08-11 15:39:21.161 (UTC)] info/application	[Motor] Received distance: 16.39870118275224 cm | Severity=75 | SourceName=Motor | EventType=application | SourceNode=ns=1;s=MotorSource
[Anomaly Input] [2026-08-11 15:39:21.161 (UTC)] info/application	[Motor] Received distance: 34.923338368965005 cm | Severity=75 | SourceName=Motor3 | EventType=application | SourceNode=ns=1;s=MotorSource3
[Anomaly Input] [2026-08-11 15:39:21.162 (UTC)] info/application	[Motor] Received distance: 16.477862938529746 cm | Severity=75 | SourceName=Motor2 | EventType=application | SourceNode=ns=1;s=MotorSource2
[Anomaly Input] [2026-08-11 15:39:21.161 (UTC)] warn/application	[Motor] Distance too close (16.39870118275224); rotating motor to 0 degrees | Severity=175 | SourceName=Motor | EventType=application | SourceNode=ns=1;s=MotorSource
[Anomaly Input] [2026-08-11 15:39:21.161 (UTC)] info/application	[Motor] Distance safe (34.923338368965005); rotating motor to 90 degrees | Severity=75 | SourceName=Motor3 | EventType=application | SourceNode=ns=1;s=MotorSource3
[Anomaly Input] [2026-08-11 15:39:21.162 (UTC)] warn/application	[Motor] Distance too close (16.477862938529746); rotating motor to 0 degrees | Severity=175 | SourceName=Motor2 | EventType=application | SourceNode=ns=1;s=MotorSource2
[Anomaly Input] [2026-08-11 15:39:22.077 (UTC)] info/application	[Sensor] Updated distance: 11.592379097636965 cm | Severity=75 | SourceName=Sensor3 | EventType=application | SourceNode=ns=1;s=SensorSource3
[Anomaly Input] [2026-08-11 15:39:22.077 (UTC)] info/application	[Sensor] Updated distance: 10.583502073112642 cm | Severity=75 | SourceName=Sensor2 | EventType=application | SourceNode=ns=1;s=SensorSource2
[Anomaly Input] [2026-08-11 15:39:22.158 (UTC)] info/application	[Sensor] Updated distance: 18.6753108877108 cm | Severity=75 | SourceName=Sensor | EventType=application | SourceNode=ns=1;s=SensorSource
[Anomaly Input] [2026-08-11 15:39:22.158 (UTC)] info/application	[Motor] Received distance: 11.592379097636965 cm | Severity=75 | SourceName=Motor3 | EventType=application | SourceNode=ns=1;s=MotorSource3
[Anomaly Input] [2026-08-11 15:39:22.158 (UTC)] info/application	[Motor] Received distance: 18.6753108877108 cm | Severity=75 | SourceName=Motor | EventType=application | SourceNode=ns=1;s=MotorSource
[Anomaly Input] [2026-08-11 15:39:22.158 (UTC)] info/application	[Motor] Received distance: 10.583502073112642 cm | Severity=75 | SourceName=Motor2 | EventType=application | SourceNode=ns=1;s=MotorSource2
[Anomaly Input] [2026-08-11 15:39:22.158 (UTC)] warn/application	[Motor] Distance too close (11.592379097636965); rotating motor to 0 degrees | Severity=175 | SourceName=Motor3 | EventType=application | SourceNode=ns=1;s=MotorSource3
[Anomaly Input] [2026-08-11 15:39:22.158 (UTC)] warn/application	[Motor] Distance too close (10.583502073112642); rotating motor to 0 degrees | Severity=175 | SourceName=Motor2 | EventType=application | SourceNode=ns=1;s=MotorSource2
[Anomaly Input] [2026-08-11 15:39:22.158 (UTC)] warn/application	[Motor] Distance too close (18.6753108877108); rotating motor to 0 degrees | Severity=175 | SourceName=Motor | EventType=application | SourceNode=ns=1;s=MotorSource
[Anomaly Input] [2026-08-11 15:39:23.069 (UTC)] info/application	[Sensor] Updated distance: 26.02493543551533 cm | Severity=75 | SourceName=Sensor2 | EventType=application | SourceNode=ns=1;s=SensorSource2
[Anomaly Input] [2026-08-11 15:39:23.079 (UTC)] info/application	[Sensor] Updated distance: 14.912732778542084 cm | Severity=75 | SourceName=Sensor3 | EventType=application | SourceNode=ns=1;s=SensorSource3
[Anomaly Input] [2026-08-11 15:39:23.160 (UTC)] info/application	[Sensor] Updated distance: 19.919462637006987 cm | Severity=75 | SourceName=Sensor | EventType=application | SourceNode=ns=1;s=SensorSource
[Anomaly Input] [2026-08-11 15:39:23.161 (UTC)] info/application	[Motor] Received distance: 14.912732778542084 cm | Severity=75 | SourceName=Motor3 | EventType=application | SourceNode=ns=1;s=MotorSource3
[Anomaly Input] [2026-08-11 15:39:23.161 (UTC)] info/application	[Motor] Received distance: 19.919462637006987 cm | Severity=75 | SourceName=Motor | EventType=application | SourceNode=ns=1;s=MotorSource
[Anomaly Input] [2026-08-11 15:39:23.162 (UTC)] info/application	[Motor] Received distance: 26.02493543551533 cm | Severity=75 | SourceName=Motor2 | EventType=application | SourceNode=ns=1;s=MotorSource2
[Anomaly Input] [2026-08-11 15:39:23.161 (UTC)] warn/application	[Motor] Distance too close (14.912732778542084); rotating motor to 0 degrees | Severity=175 | SourceName=Motor3 | EventType=application | SourceNode=ns=1;s=MotorSource3
[Anomaly Input] [2026-08-11 15:39:23.161 (UTC)] warn/application	[Motor] Distance too close (19.919462637006987); rotating motor to 0 degrees | Severity=175 | SourceName=Motor | EventType=application | SourceNode=ns=1;s=MotorSource
[Anomaly Input] [2026-08-11 15:39:23.162 (UTC)] info/application	[Motor] Distance safe (26.02493543551533); rotating motor to 90 degrees | Severity=75 | SourceName=Motor2 | EventType=application | SourceNode=ns=1;s=MotorSource2
[Anomaly Input] [2026-08-11 15:39:24.070 (UTC)] info/application	[Sensor] Updated distance: 25.808765750289318 cm | Severity=75 | SourceName=Sensor3 | EventType=application | SourceNode=ns=1;s=SensorSource3
[Anomaly Input] [2026-08-11 15:39:24.070 (UTC)] info/application	[Sensor] Updated distance: 39.3035554090997 cm | Severity=75 | SourceName=Sensor2 | EventType=application | SourceNode=ns=1;s=SensorSource2
[Anomaly Input] [2026-08-11 15:39:24.161 (UTC)] info/application	[Sensor] Updated distance: 32.78872579279762 cm | Severity=75 | SourceName=Sensor | EventType=application | SourceNode=ns=1;s=SensorSource
[Anomaly Input] [2026-08-11 15:39:24.171 (UTC)] info/application	[Motor] Received distance: 25.808765750289318 cm | Severity=75 | SourceName=Motor3 | EventType=application | SourceNode=ns=1;s=MotorSource3
[Anomaly Input] [2026-08-11 15:39:24.171 (UTC)] info/application	[Motor] Received distance: 32.78872579279762 cm | Severity=75 | SourceName=Motor | EventType=application | SourceNode=ns=1;s=MotorSource
[Anomaly Input] [2026-08-11 15:39:24.171 (UTC)] info/application	[Motor] Received distance: 39.3035554090997 cm | Severity=75 | SourceName=Motor2 | EventType=application | SourceNode=ns=1;s=MotorSource2
[Anomaly Input] [2026-08-11 15:39:24.171 (UTC)] info/application	[Motor] Distance safe (25.808765750289318); rotating motor to 90 degrees | Severity=75 | SourceName=Motor3 | EventType=application | SourceNode=ns=1;s=MotorSource3
[Anomaly Input] [2026-08-11 15:39:24.171 (UTC)] info/application	[Motor] Distance safe (39.3035554090997); rotating motor to 90 degrees | Severity=75 | SourceName=Motor2 | EventType=application | SourceNode=ns=1;s=MotorSource2
[Anomaly Input] [2026-08-11 15:39:24.171 (UTC)] info/application	[Motor] Distance safe (32.78872579279762); rotating motor to 90 degrees | Severity=75 | SourceName=Motor | EventType=application | SourceNode=ns=1;s=MotorSource
[Anomaly Input] [2026-08-11 15:39:25.072 (UTC)] info/application	[Sensor] Updated distance: 34.646198630633855 cm | Severity=75 | SourceName=Sensor3 | EventType=application | SourceNode=ns=1;s=SensorSource3
[Anomaly Input] [2026-08-11 15:39:25.072 (UTC)] info/application	[Sensor] Updated distance: 33.04162061914877 cm | Severity=75 | SourceName=Sensor2 | EventType=application | SourceNode=ns=1;s=SensorSource2
[Anomaly Input] [2026-08-11 15:39:25.153 (UTC)] info/application	[Sensor] Updated distance: 11.813673344353992 cm | Severity=75 | SourceName=Sensor | EventType=application | SourceNode=ns=1;s=SensorSource
[Anomaly Input] [2026-08-11 15:39:25.160 (UTC)] info/application	[Motor] Received distance: 11.813673344353992 cm | Severity=75 | SourceName=Motor | EventType=application | SourceNode=ns=1;s=MotorSource
[Anomaly Input] [2026-08-11 15:39:25.161 (UTC)] info/application	[Motor] Received distance: 33.04162061914877 cm | Severity=75 | SourceName=Motor2 | EventType=application | SourceNode=ns=1;s=MotorSource2
[Anomaly Input] [2026-08-11 15:39:25.161 (UTC)] info/application	[Motor] Received distance: 34.646198630633855 cm | Severity=75 | SourceName=Motor3 | EventType=application | SourceNode=ns=1;s=MotorSource3
[Anomaly Input] [2026-08-11 15:39:25.160 (UTC)] warn/application	[Motor] Distance too close (11.813673344353992); rotating motor to 0 degrees | Severity=175 | SourceName=Motor | EventType=application | SourceNode=ns=1;s=MotorSource
[Anomaly Input] [2026-08-11 15:39:25.161 (UTC)] info/application	[Motor] Distance safe (33.04162061914877); rotating motor to 90 degrees | Severity=75 | SourceName=Motor2 | EventType=application | SourceNode=ns=1;s=MotorSource2
[Anomaly Input] [2026-08-11 15:39:25.161 (UTC)] info/application	[Motor] Distance safe (34.646198630633855); rotating motor to 90 degrees | Severity=75 | SourceName=Motor3 | EventType=application | SourceNode=ns=1;s=MotorSource3
[Anomaly Input] [2026-08-11 15:39:26.075 (UTC)] info/application	[Sensor] Updated distance: 42.95338131904293 cm | Severity=75 | SourceName=Sensor2 | EventType=application | SourceNode=ns=1;s=SensorSource2
[Anomaly Input] [2026-08-11 15:39:26.075 (UTC)] info/application	[Sensor] Updated distance: 36.15082653712054 cm | Severity=75 | SourceName=Sensor3 | EventType=application | SourceNode=ns=1;s=SensorSource3
[Anomaly Input] [2026-08-11 15:39:26.156 (UTC)] info/application	[Sensor] Updated distance: 25.697908151754135 cm | Severity=75 | SourceName=Sensor | EventType=application | SourceNode=ns=1;s=SensorSource
[Anomaly Input] [2026-08-11 15:39:26.156 (UTC)] info/application	[Motor] Received distance: 25.697908151754135 cm | Severity=75 | SourceName=Motor | EventType=application | SourceNode=ns=1;s=MotorSource
[Anomaly Input] [2026-08-11 15:39:26.156 (UTC)] info/application	[Motor] Received distance: 42.95338131904293 cm | Severity=75 | SourceName=Motor2 | EventType=application | SourceNode=ns=1;s=MotorSource2
[Anomaly Input] [2026-08-11 15:39:26.156 (UTC)] info/application	[Motor] Received distance: 36.15082653712054 cm | Severity=75 | SourceName=Motor3 | EventType=application | SourceNode=ns=1;s=MotorSource3
[Anomaly Input] [2026-08-11 15:39:26.156 (UTC)] info/application	[Motor] Distance safe (25.697908151754135); rotating motor to 90 degrees | Severity=75 | SourceName=Motor | EventType=application | SourceNode=ns=1;s=MotorSource
[Anomaly Input] [2026-08-11 15:39:26.156 (UTC)] info/application	[Motor] Distance safe (42.95338131904293); rotating motor to 90 degrees | Severity=75 | SourceName=Motor2 | EventType=application | SourceNode=ns=1;s=MotorSource2
[Anomaly Input] [2026-08-11 15:39:26.156 (UTC)] info/application	[Motor] Distance safe (36.15082653712054); rotating motor to 90 degrees | Severity=75 | SourceName=Motor3 | EventType=application | SourceNode=ns=1;s=MotorSource3
[Anomaly Input] [2026-08-11 15:39:27.076 (UTC)] info/application	[Sensor] Updated distance: 5.953985908978612 cm | Severity=75 | SourceName=Sensor2 | EventType=application | SourceNode=ns=1;s=SensorSource2
[Anomaly Input] [2026-08-11 15:39:27.076 (UTC)] info/application	[Sensor] Updated distance: 46.276007322723046 cm | Severity=75 | SourceName=Sensor3 | EventType=application | SourceNode=ns=1;s=SensorSource3
[Anomaly Input] [2026-08-11 15:39:27.157 (UTC)] info/application	[Sensor] Updated distance: 42.115320999229006 cm | Severity=75 | SourceName=Sensor | EventType=application | SourceNode=ns=1;s=SensorSource
[Anomaly Input] [2026-08-11 15:39:27.159 (UTC)] info/application	[Motor] Received distance: 42.115320999229006 cm | Severity=75 | SourceName=Motor | EventType=application | SourceNode=ns=1;s=MotorSource
[Anomaly Input] [2026-08-11 15:39:27.161 (UTC)] info/application	[Motor] Received distance: 5.953985908978612 cm | Severity=75 | SourceName=Motor2 | EventType=application | SourceNode=ns=1;s=MotorSource2
[Anomaly Input] [2026-08-11 15:39:27.161 (UTC)] info/application	[Motor] Received distance: 46.276007322723046 cm | Severity=75 | SourceName=Motor3 | EventType=application | SourceNode=ns=1;s=MotorSource3
[Anomaly Input] [2026-08-11 15:39:27.159 (UTC)] info/application	[Motor] Distance safe (42.115320999229006); rotating motor to 90 degrees | Severity=75 | SourceName=Motor | EventType=application | SourceNode=ns=1;s=MotorSource
[Anomaly Input] [2026-08-11 15:39:27.161 (UTC)] info/application	[Motor] Distance safe (46.276007322723046); rotating motor to 90 degrees | Severity=75 | SourceName=Motor3 | EventType=application | SourceNode=ns=1;s=MotorSource3
[Anomaly Input] [2026-08-11 15:39:27.161 (UTC)] warn/application	[Motor] Distance too close (5.953985908978612); rotating motor to 0 degrees | Severity=175 | SourceName=Motor2 | EventType=application | SourceNode=ns=1;s=MotorSource2
[Anomaly Input] [2026-08-11 15:39:28.076 (UTC)] info/application	[Sensor] Updated distance: 11.084822785614442 cm | Severity=75 | SourceName=Sensor3 | EventType=application | SourceNode=ns=1;s=SensorSource3
[Anomaly Input] [2026-08-11 15:39:28.076 (UTC)] info/application	[Sensor] Updated distance: 9.662376176408667 cm | Severity=75 | SourceName=Sensor2 | EventType=application | SourceNode=ns=1;s=SensorSource2
[Anomaly Input] [2026-08-11 15:39:28.157 (UTC)] info/application	[Sensor] Updated distance: 29.005766873716265 cm | Severity=75 | SourceName=Sensor | EventType=application | SourceNode=ns=1;s=SensorSource
[Anomaly Input] [2026-08-11 15:39:28.161 (UTC)] info/application	[Motor] Received distance: 29.005766873716265 cm | Severity=75 | SourceName=Motor | EventType=application | SourceNode=ns=1;s=MotorSource
[Anomaly Input] [2026-08-11 15:39:28.162 (UTC)] info/application	[Motor] Received distance: 9.662376176408667 cm | Severity=75 | SourceName=Motor2 | EventType=application | SourceNode=ns=1;s=MotorSource2
[Anomaly Input] [2026-08-11 15:39:28.162 (UTC)] info/application	[Motor] Received distance: 11.084822785614442 cm | Severity=75 | SourceName=Motor3 | EventType=application | SourceNode=ns=1;s=MotorSource3
[Anomaly Input] [2026-08-11 15:39:28.161 (UTC)] info/application	[Motor] Distance safe (29.005766873716265); rotating motor to 90 degrees | Severity=75 | SourceName=Motor | EventType=application | SourceNode=ns=1;s=MotorSource
[Anomaly Input] [2026-08-11 15:39:28.162 (UTC)] warn/application	[Motor] Distance too close (11.084822785614442); rotating motor to 0 degrees | Severity=175 | SourceName=Motor3 | EventType=application | SourceNode=ns=1;s=MotorSource3
[Anomaly Input] [2026-08-11 15:39:28.162 (UTC)] warn/application	[Motor] Distance too close (9.662376176408667); rotating motor to 0 degrees | Severity=175 | SourceName=Motor2 | EventType=application | SourceNode=ns=1;s=MotorSource2
[Anomaly Input] [2026-08-11 15:39:29.077 (UTC)] info/application	[Sensor] Updated distance: 37.51290013059643 cm | Severity=75 | SourceName=Sensor2 | EventType=application | SourceNode=ns=1;s=SensorSource2
[Anomaly Input] [2026-08-11 15:39:29.077 (UTC)] info/application	[Sensor] Updated distance: 6.218754874644221 cm | Severity=75 | SourceName=Sensor3 | EventType=application | SourceNode=ns=1;s=SensorSource3
[Anomaly Input] [2026-08-11 15:39:29.159 (UTC)] info/application	[Sensor] Updated distance: 15.598133518173421 cm | Severity=75 | SourceName=Sensor | EventType=application | SourceNode=ns=1;s=SensorSource
[Anomaly Input] [2026-08-11 15:39:29.159 (UTC)] info/application	[Motor] Received distance: 15.598133518173421 cm | Severity=75 | SourceName=Motor | EventType=application | SourceNode=ns=1;s=MotorSource
[Anomaly Input] [2026-08-11 15:39:29.159 (UTC)] info/application	[Motor] Received distance: 37.51290013059643 cm | Severity=75 | SourceName=Motor2 | EventType=application | SourceNode=ns=1;s=MotorSource2
[Anomaly Input] [2026-08-11 15:39:29.159 (UTC)] info/application	[Motor] Received distance: 6.218754874644221 cm | Severity=75 | SourceName=Motor3 | EventType=application | SourceNode=ns=1;s=MotorSource3
[Anomaly Input] [2026-08-11 15:39:29.159 (UTC)] warn/application	[Motor] Distance too close (15.598133518173421); rotating motor to 0 degrees | Severity=175 | SourceName=Motor | EventType=application | SourceNode=ns=1;s=MotorSource
[Anomaly Input] [2026-08-11 15:39:29.159 (UTC)] info/application	[Motor] Distance safe (37.51290013059643); rotating motor to 90 degrees | Severity=75 | SourceName=Motor2 | EventType=application | SourceNode=ns=1;s=MotorSource2
[Anomaly Input] [2026-08-11 15:39:29.159 (UTC)] warn/application	[Motor] Distance too close (6.218754874644221); rotating motor to 0 degrees | Severity=175 | SourceName=Motor3 | EventType=application | SourceNode=ns=1;s=MotorSource3
[Anomaly Input] [2026-08-11 15:39:30.069 (UTC)] info/application	[Sensor] Updated distance: 34.4356705473902 cm | Severity=75 | SourceName=Sensor2 | EventType=application | SourceNode=ns=1;s=SensorSource2
[Anomaly Input] [2026-08-11 15:39:30.069 (UTC)] info/application	[Sensor] Updated distance: 23.223867165494646 cm | Severity=75 | SourceName=Sensor3 | EventType=application | SourceNode=ns=1;s=SensorSource3
[Anomaly Input] [2026-08-11 15:39:30.161 (UTC)] info/application	[Sensor] Updated distance: 48.223844899900186 cm | Severity=75 | SourceName=Sensor | EventType=application | SourceNode=ns=1;s=SensorSource
[Anomaly Input] [2026-08-11 15:39:30.162 (UTC)] info/application	[Motor] Received distance: 23.223867165494646 cm | Severity=75 | SourceName=Motor3 | EventType=application | SourceNode=ns=1;s=MotorSource3
[Anomaly Input] [2026-08-11 15:39:30.162 (UTC)] info/application	[Motor] Received distance: 34.4356705473902 cm | Severity=75 | SourceName=Motor2 | EventType=application | SourceNode=ns=1;s=MotorSource2
[Anomaly Input] [2026-08-11 15:39:30.170 (UTC)] info/application	[Motor] Received distance: 48.223844899900186 cm | Severity=75 | SourceName=Motor | EventType=application | SourceNode=ns=1;s=MotorSource
[Anomaly Input] [2026-08-11 15:39:30.162 (UTC)] info/application	[Motor] Distance safe (34.4356705473902); rotating motor to 90 degrees | Severity=75 | SourceName=Motor2 | EventType=application | SourceNode=ns=1;s=MotorSource2
[Anomaly Input] [2026-08-11 15:39:30.162 (UTC)] info/application	[Motor] Distance safe (23.223867165494646); rotating motor to 90 degrees | Severity=75 | SourceName=Motor3 | EventType=application | SourceNode=ns=1;s=MotorSource3
[Anomaly Input] [2026-08-11 15:39:30.170 (UTC)] info/application	[Motor] Distance safe (48.223844899900186); rotating motor to 90 degrees | Severity=75 | SourceName=Motor | EventType=application | SourceNode=ns=1;s=MotorSource
[Anomaly Input] [2026-08-11 15:39:31.071 (UTC)] info/application	[Sensor] Updated distance: 38.3801476007235 cm | Severity=75 | SourceName=Sensor3 | EventType=application | SourceNode=ns=1;s=SensorSource3
[Anomaly Input] [2026-08-11 15:39:31.071 (UTC)] info/application	[Sensor] Updated distance: 48.61890440369905 cm | Severity=75 | SourceName=Sensor2 | EventType=application | SourceNode=ns=1;s=SensorSource2
[Anomaly Input] [2026-08-11 15:39:31.153 (UTC)] info/application	[Sensor] Updated distance: 36.03118251358679 cm | Severity=75 | SourceName=Sensor | EventType=application | SourceNode=ns=1;s=SensorSource
[Anomaly Input] [2026-08-11 15:39:31.153 (UTC)] info/application	[Motor] Received distance: 48.61890440369905 cm | Severity=75 | SourceName=Motor2 | EventType=application | SourceNode=ns=1;s=MotorSource2
[Anomaly Input] [2026-08-11 15:39:31.153 (UTC)] info/application	[Motor] Received distance: 38.3801476007235 cm | Severity=75 | SourceName=Motor3 | EventType=application | SourceNode=ns=1;s=MotorSource3
[Anomaly Input] [2026-08-11 15:39:31.160 (UTC)] info/application	[Motor] Received distance: 36.03118251358679 cm | Severity=75 | SourceName=Motor | EventType=application | SourceNode=ns=1;s=MotorSource
[Anomaly Input] [2026-08-11 15:39:31.153 (UTC)] info/application	[Motor] Distance safe (48.61890440369905); rotating motor to 90 degrees | Severity=75 | SourceName=Motor2 | EventType=application | SourceNode=ns=1;s=MotorSource2
[Anomaly Input] [2026-08-11 15:39:31.153 (UTC)] info/application	[Motor] Distance safe (38.3801476007235); rotating motor to 90 degrees | Severity=75 | SourceName=Motor3 | EventType=application | SourceNode=ns=1;s=MotorSource3
[Anomaly Input] [2026-08-11 15:39:31.160 (UTC)] info/application	[Motor] Distance safe (36.03118251358679); rotating motor to 90 degrees | Severity=75 | SourceName=Motor | EventType=application | SourceNode=ns=1;s=MotorSource
[Anomaly Input] [2026-08-11 15:39:32.073 (UTC)] info/application	[Sensor] Updated distance: 41.19402525163908 cm | Severity=75 | SourceName=Sensor2 | EventType=application | SourceNode=ns=1;s=SensorSource2
[Anomaly Input] [2026-08-11 15:39:32.073 (UTC)] info/application	[Sensor] Updated distance: 17.465429208923794 cm | Severity=75 | SourceName=Sensor3 | EventType=application | SourceNode=ns=1;s=SensorSource3
[Anomaly Input] [2026-08-11 15:39:32.154 (UTC)] info/application	[Sensor] Updated distance: 32.406990072879466 cm | Severity=75 | SourceName=Sensor | EventType=application | SourceNode=ns=1;s=SensorSource
[Anomaly Input] [2026-08-11 15:39:32.154 (UTC)] info/application	[Motor] Received distance: 32.406990072879466 cm | Severity=75 | SourceName=Motor | EventType=application | SourceNode=ns=1;s=MotorSource
[Anomaly Input] [2026-08-11 15:39:32.161 (UTC)] info/application	[Motor] Received distance: 17.465429208923794 cm | Severity=75 | SourceName=Motor3 | EventType=application | SourceNode=ns=1;s=MotorSource3
[Anomaly Input] [2026-08-11 15:39:32.161 (UTC)] info/application	[Motor] Received distance: 41.19402525163908 cm | Severity=75 | SourceName=Motor2 | EventType=application | SourceNode=ns=1;s=MotorSource2
[Anomaly Input] [2026-08-11 15:39:32.154 (UTC)] info/application	[Motor] Distance safe (32.406990072879466); rotating motor to 90 degrees | Severity=75 | SourceName=Motor | EventType=application | SourceNode=ns=1;s=MotorSource
[Anomaly Input] [2026-08-11 15:39:32.161 (UTC)] warn/application	[Motor] Distance too close (17.465429208923794); rotating motor to 0 degrees | Severity=175 | SourceName=Motor3 | EventType=application | SourceNode=ns=1;s=MotorSource3
[Anomaly Input] [2026-08-11 15:39:32.161 (UTC)] info/application	[Motor] Distance safe (41.19402525163908); rotating motor to 90 degrees | Severity=75 | SourceName=Motor2 | EventType=application | SourceNode=ns=1;s=MotorSource2
[Anomaly Input] [2026-08-11 15:39:33.074 (UTC)] info/application	[Sensor] Updated distance: 11.198525470308272 cm | Severity=75 | SourceName=Sensor3 | EventType=application | SourceNode=ns=1;s=SensorSource3
[Anomaly Input] [2026-08-11 15:39:33.074 (UTC)] info/application	[Sensor] Updated distance: 5.861846128414314 cm | Severity=75 | SourceName=Sensor2 | EventType=application | SourceNode=ns=1;s=SensorSource2
[Anomaly Input] [2026-08-11 15:39:33.155 (UTC)] info/application	[Sensor] Updated distance: 43.810638633468486 cm | Severity=75 | SourceName=Sensor | EventType=application | SourceNode=ns=1;s=SensorSource
[Anomaly Input] [2026-08-11 15:39:33.160 (UTC)] info/application	[Motor] Received distance: 43.810638633468486 cm | Severity=75 | SourceName=Motor | EventType=application | SourceNode=ns=1;s=MotorSource
[Anomaly Input] [2026-08-11 15:39:33.162 (UTC)] info/application	[Motor] Received distance: 5.861846128414314 cm | Severity=75 | SourceName=Motor2 | EventType=application | SourceNode=ns=1;s=MotorSource2
[Anomaly Input] [2026-08-11 15:39:33.162 (UTC)] info/application	[Motor] Received distance: 11.198525470308272 cm | Severity=75 | SourceName=Motor3 | EventType=application | SourceNode=ns=1;s=MotorSource3
[Anomaly Input] [2026-08-11 15:39:33.160 (UTC)] info/application	[Motor] Distance safe (43.810638633468486); rotating motor to 90 degrees | Severity=75 | SourceName=Motor | EventType=application | SourceNode=ns=1;s=MotorSource
[Anomaly Input] [2026-08-11 15:39:33.162 (UTC)] warn/application	[Motor] Distance too close (5.861846128414314); rotating motor to 0 degrees | Severity=175 | SourceName=Motor2 | EventType=application | SourceNode=ns=1;s=MotorSource2
[Anomaly Input] [2026-08-11 15:39:33.162 (UTC)] warn/application	[Motor] Distance too close (11.198525470308272); rotating motor to 0 degrees | Severity=175 | SourceName=Motor3 | EventType=application | SourceNode=ns=1;s=MotorSource3
[Anomaly Input] [2026-08-11 15:39:34.075 (UTC)] info/application	[Sensor] Updated distance: 33.66571741535594 cm | Severity=75 | SourceName=Sensor3 | EventType=application | SourceNode=ns=1;s=SensorSource3
[Anomaly Input] [2026-08-11 15:39:34.075 (UTC)] info/application	[Sensor] Updated distance: 9.012025918351497 cm | Severity=75 | SourceName=Sensor2 | EventType=application | SourceNode=ns=1;s=SensorSource2
[Anomaly Input] [2026-08-11 15:39:34.156 (UTC)] info/application	[Sensor] Updated distance: 36.70196709162647 cm | Severity=75 | SourceName=Sensor | EventType=application | SourceNode=ns=1;s=SensorSource
[Anomaly Input] [2026-08-11 15:39:34.156 (UTC)] info/application	[Motor] Received distance: 33.66571741535594 cm | Severity=75 | SourceName=Motor3 | EventType=application | SourceNode=ns=1;s=MotorSource3
[Anomaly Input] [2026-08-11 15:39:34.156 (UTC)] info/application	[Motor] Received distance: 9.012025918351497 cm | Severity=75 | SourceName=Motor2 | EventType=application | SourceNode=ns=1;s=MotorSource2
[Anomaly Input] [2026-08-11 15:39:34.161 (UTC)] info/application	[Motor] Received distance: 36.70196709162647 cm | Severity=75 | SourceName=Motor | EventType=application | SourceNode=ns=1;s=MotorSource
[Anomaly Input] [2026-08-11 15:39:34.156 (UTC)] info/application	[Motor] Distance safe (33.66571741535594); rotating motor to 90 degrees | Severity=75 | SourceName=Motor3 | EventType=application | SourceNode=ns=1;s=MotorSource3
[Anomaly Input] [2026-08-11 15:39:34.156 (UTC)] warn/application	[Motor] Distance too close (9.012025918351497); rotating motor to 0 degrees | Severity=175 | SourceName=Motor2 | EventType=application | SourceNode=ns=1;s=MotorSource2
[Anomaly Input] [2026-08-11 15:39:34.161 (UTC)] info/application	[Motor] Distance safe (36.70196709162647); rotating motor to 90 degrees | Severity=75 | SourceName=Motor | EventType=application | SourceNode=ns=1;s=MotorSource
[Anomaly Input] [2026-08-11 15:39:35.077 (UTC)] info/application	[Sensor] Updated distance: 35.089141712099845 cm | Severity=75 | SourceName=Sensor3 | EventType=application | SourceNode=ns=1;s=SensorSource3
[Anomaly Input] [2026-08-11 15:39:35.077 (UTC)] info/application	[Sensor] Updated distance: 46.10375311044219 cm | Severity=75 | SourceName=Sensor2 | EventType=application | SourceNode=ns=1;s=SensorSource2
[Anomaly Input] [2026-08-11 15:39:35.158 (UTC)] info/application	[Sensor] Updated distance: 7.750537532265548 cm | Severity=75 | SourceName=Sensor | EventType=application | SourceNode=ns=1;s=SensorSource
[Anomaly Input] [2026-08-11 15:39:35.158 (UTC)] info/application	[Motor] Received distance: 7.750537532265548 cm | Severity=75 | SourceName=Motor | EventType=application | SourceNode=ns=1;s=MotorSource
[Anomaly Input] [2026-08-11 15:39:35.161 (UTC)] info/application	[Motor] Received distance: 35.089141712099845 cm | Severity=75 | SourceName=Motor3 | EventType=application | SourceNode=ns=1;s=MotorSource3
[Anomaly Input] [2026-08-11 15:39:35.161 (UTC)] info/application	[Motor] Received distance: 46.10375311044219 cm | Severity=75 | SourceName=Motor2 | EventType=application | SourceNode=ns=1;s=MotorSource2
[Anomaly Input] [2026-08-11 15:39:35.158 (UTC)] warn/application	[Motor] Distance too close (7.750537532265548); rotating motor to 0 degrees | Severity=175 | SourceName=Motor | EventType=application | SourceNode=ns=1;s=MotorSource
[Anomaly Input] [2026-08-11 15:39:35.161 (UTC)] info/application	[Motor] Distance safe (35.089141712099845); rotating motor to 90 degrees | Severity=75 | SourceName=Motor3 | EventType=application | SourceNode=ns=1;s=MotorSource3
[Anomaly Input] [2026-08-11 15:39:35.161 (UTC)] info/application	[Motor] Distance safe (46.10375311044219); rotating motor to 90 degrees | Severity=75 | SourceName=Motor2 | EventType=application | SourceNode=ns=1;s=MotorSource2
[Anomaly Input] [2026-08-11 15:39:36.069 (UTC)] info/application	[Sensor] Updated distance: 28.77687019611563 cm | Severity=75 | SourceName=Sensor2 | EventType=application | SourceNode=ns=1;s=SensorSource2
[Anomaly Input] [2026-08-11 15:39:36.079 (UTC)] info/application	[Sensor] Updated distance: 6.822504410903204 cm | Severity=75 | SourceName=Sensor3 | EventType=application | SourceNode=ns=1;s=SensorSource3
[Anomaly Input] [2026-08-11 15:39:36.160 (UTC)] info/application	[Sensor] Updated distance: 31.47379841537857 cm | Severity=75 | SourceName=Sensor | EventType=application | SourceNode=ns=1;s=SensorSource
[Anomaly Input] [2026-08-11 15:39:36.161 (UTC)] info/application	[Motor] Received distance: 31.47379841537857 cm | Severity=75 | SourceName=Motor | EventType=application | SourceNode=ns=1;s=MotorSource
[Anomaly Input] [2026-08-11 15:39:36.161 (UTC)] info/application	[Motor] Received distance: 6.822504410903204 cm | Severity=75 | SourceName=Motor3 | EventType=application | SourceNode=ns=1;s=MotorSource3
[Anomaly Input] [2026-08-11 15:39:36.163 (UTC)] info/application	[Motor] Received distance: 28.77687019611563 cm | Severity=75 | SourceName=Motor2 | EventType=application | SourceNode=ns=1;s=MotorSource2
[Anomaly Input] [2026-08-11 15:39:36.161 (UTC)] info/application	[Motor] Distance safe (31.47379841537857); rotating motor to 90 degrees | Severity=75 | SourceName=Motor | EventType=application | SourceNode=ns=1;s=MotorSource
[Anomaly Input] [2026-08-11 15:39:36.161 (UTC)] warn/application	[Motor] Distance too close (6.822504410903204); rotating motor to 0 degrees | Severity=175 | SourceName=Motor3 | EventType=application | SourceNode=ns=1;s=MotorSource3
[Anomaly Input] [2026-08-11 15:39:36.163 (UTC)] info/application	[Motor] Distance safe (28.77687019611563); rotating motor to 90 degrees | Severity=75 | SourceName=Motor2 | EventType=application | SourceNode=ns=1;s=MotorSource2
[Anomaly Input] [2026-08-11 15:39:37.071 (UTC)] info/application	[Sensor] Updated distance: 45.4397858807071 cm | Severity=75 | SourceName=Sensor2 | EventType=application | SourceNode=ns=1;s=SensorSource2
[Anomaly Input] [2026-08-11 15:39:37.071 (UTC)] info/application	[Sensor] Updated distance: 23.132975707358202 cm | Severity=75 | SourceName=Sensor3 | EventType=application | SourceNode=ns=1;s=SensorSource3
[Anomaly Input] [2026-08-11 15:39:37.152 (UTC)] info/application	[Sensor] Updated distance: 20.17035932939982 cm | Severity=75 | SourceName=Sensor | EventType=application | SourceNode=ns=1;s=SensorSource
[Anomaly Input] [2026-08-11 15:39:37.152 (UTC)] info/application	[Motor] Received distance: 20.17035932939982 cm | Severity=75 | SourceName=Motor | EventType=application | SourceNode=ns=1;s=MotorSource
[Anomaly Input] [2026-08-11 15:39:37.152 (UTC)] info/application	[Motor] Received distance: 23.132975707358202 cm | Severity=75 | SourceName=Motor3 | EventType=application | SourceNode=ns=1;s=MotorSource3
[Anomaly Input] [2026-08-11 15:39:37.154 (UTC)] info/application	[Motor] Received distance: 45.4397858807071 cm | Severity=75 | SourceName=Motor2 | EventType=application | SourceNode=ns=1;s=MotorSource2
[Anomaly Input] [2026-08-11 15:39:37.152 (UTC)] info/application	[Motor] Distance safe (20.17035932939982); rotating motor to 90 degrees | Severity=75 | SourceName=Motor | EventType=application | SourceNode=ns=1;s=MotorSource
[Anomaly Input] [2026-08-11 15:39:37.152 (UTC)] info/application	[Motor] Distance safe (23.132975707358202); rotating motor to 90 degrees | Severity=75 | SourceName=Motor3 | EventType=application | SourceNode=ns=1;s=MotorSource3
[Anomaly Input] [2026-08-11 15:39:37.154 (UTC)] info/application	[Motor] Distance safe (45.4397858807071); rotating motor to 90 degrees | Severity=75 | SourceName=Motor2 | EventType=application | SourceNode=ns=1;s=MotorSource2
[Anomaly Input] [2026-08-11 15:39:38.073 (UTC)] info/application	[Sensor] Updated distance: 5.64149655571277 cm | Severity=75 | SourceName=Sensor2 | EventType=application | SourceNode=ns=1;s=SensorSource2
[Anomaly Input] [2026-08-11 15:39:38.073 (UTC)] info/application	[Sensor] Updated distance: 21.233150967971024 cm | Severity=75 | SourceName=Sensor3 | EventType=application | SourceNode=ns=1;s=SensorSource3
[Anomaly Input] [2026-08-11 15:39:38.154 (UTC)] info/application	[Sensor] Updated distance: 40.36501890717308 cm | Severity=75 | SourceName=Sensor | EventType=application | SourceNode=ns=1;s=SensorSource
[Anomaly Input] [2026-08-11 15:39:38.160 (UTC)] info/application	[Motor] Received distance: 40.36501890717308 cm | Severity=75 | SourceName=Motor | EventType=application | SourceNode=ns=1;s=MotorSource
[Anomaly Input] [2026-08-11 15:39:38.161 (UTC)] info/application	[Motor] Received distance: 21.233150967971024 cm | Severity=75 | SourceName=Motor3 | EventType=application | SourceNode=ns=1;s=MotorSource3
[Anomaly Input] [2026-08-11 15:39:38.162 (UTC)] info/application	[Motor] Received distance: 5.64149655571277 cm | Severity=75 | SourceName=Motor2 | EventType=application | SourceNode=ns=1;s=MotorSource2
[Anomaly Input] [2026-08-11 15:39:38.160 (UTC)] info/application	[Motor] Distance safe (40.36501890717308); rotating motor to 90 degrees | Severity=75 | SourceName=Motor | EventType=application | SourceNode=ns=1;s=MotorSource
[Anomaly Input] [2026-08-11 15:39:38.161 (UTC)] info/application	[Motor] Distance safe (21.233150967971024); rotating motor to 90 degrees | Severity=75 | SourceName=Motor3 | EventType=application | SourceNode=ns=1;s=MotorSource3
[Anomaly Input] [2026-08-11 15:39:38.162 (UTC)] warn/application	[Motor] Distance too close (5.64149655571277); rotating motor to 0 degrees | Severity=175 | SourceName=Motor2 | EventType=application | SourceNode=ns=1;s=MotorSource2
[Anomaly Input] [2026-08-11 15:39:39.075 (UTC)] info/application	[Sensor] Updated distance: 15.55537854766258 cm | Severity=75 | SourceName=Sensor2 | EventType=application | SourceNode=ns=1;s=SensorSource2
[Anomaly Input] [2026-08-11 15:39:39.075 (UTC)] info/application	[Sensor] Updated distance: 28.433745813757994 cm | Severity=75 | SourceName=Sensor3 | EventType=application | SourceNode=ns=1;s=SensorSource3
[Anomaly Input] [2026-08-11 15:39:39.156 (UTC)] info/application	[Sensor] Updated distance: 31.314950755478325 cm | Severity=75 | SourceName=Sensor | EventType=application | SourceNode=ns=1;s=SensorSource
[Anomaly Input] [2026-08-11 15:39:39.156 (UTC)] info/application	[Motor] Received distance: 15.55537854766258 cm | Severity=75 | SourceName=Motor2 | EventType=application | SourceNode=ns=1;s=MotorSource2
[Anomaly Input] [2026-08-11 15:39:39.156 (UTC)] info/application	[Motor] Received distance: 28.433745813757994 cm | Severity=75 | SourceName=Motor3 | EventType=application | SourceNode=ns=1;s=MotorSource3
[Anomaly Input] [2026-08-11 15:39:39.156 (UTC)] info/application	[Motor] Received distance: 31.314950755478325 cm | Severity=75 | SourceName=Motor | EventType=application | SourceNode=ns=1;s=MotorSource
[Anomaly Input] [2026-08-11 15:39:39.156 (UTC)] warn/application	[Motor] Distance too close (15.55537854766258); rotating motor to 0 degrees | Severity=175 | SourceName=Motor2 | EventType=application | SourceNode=ns=1;s=MotorSource2
[Anomaly Input] [2026-08-11 15:39:39.156 (UTC)] info/application	[Motor] Distance safe (28.433745813757994); rotating motor to 90 degrees | Severity=75 | SourceName=Motor3 | EventType=application | SourceNode=ns=1;s=MotorSource3
[Anomaly Input] [2026-08-11 15:39:39.156 (UTC)] info/application	[Motor] Distance safe (31.314950755478325); rotating motor to 90 degrees | Severity=75 | SourceName=Motor | EventType=application | SourceNode=ns=1;s=MotorSource
[Anomaly Input] [2026-08-11 15:39:40.076 (UTC)] info/application	[Sensor] Updated distance: 36.35977488866065 cm | Severity=75 | SourceName=Sensor3 | EventType=application | SourceNode=ns=1;s=SensorSource3
[Anomaly Input] [2026-08-11 15:39:40.076 (UTC)] info/application	[Sensor] Updated distance: 28.583729331653437 cm | Severity=75 | SourceName=Sensor2 | EventType=application | SourceNode=ns=1;s=SensorSource2
[Anomaly Input] [2026-08-11 15:39:40.157 (UTC)] info/application	[Sensor] Updated distance: 29.20122062936482 cm | Severity=75 | SourceName=Sensor | EventType=application | SourceNode=ns=1;s=SensorSource
[Anomaly Input] [2026-08-11 15:39:40.160 (UTC)] info/application	[Motor] Received distance: 29.20122062936482 cm | Severity=75 | SourceName=Motor | EventType=application | SourceNode=ns=1;s=MotorSource
[Anomaly Input] [2026-08-11 15:39:40.162 (UTC)] info/application	[Motor] Received distance: 28.583729331653437 cm | Severity=75 | SourceName=Motor2 | EventType=application | SourceNode=ns=1;s=MotorSource2
[Anomaly Input] [2026-08-11 15:39:40.162 (UTC)] info/application	[Motor] Received distance: 36.35977488866065 cm | Severity=75 | SourceName=Motor3 | EventType=application | SourceNode=ns=1;s=MotorSource3
[Anomaly Input] [2026-08-11 15:39:40.160 (UTC)] info/application	[Motor] Distance safe (29.20122062936482); rotating motor to 90 degrees | Severity=75 | SourceName=Motor | EventType=application | SourceNode=ns=1;s=MotorSource
[Anomaly Input] [2026-08-11 15:39:40.162 (UTC)] info/application	[Motor] Distance safe (28.583729331653437); rotating motor to 90 degrees | Severity=75 | SourceName=Motor2 | EventType=application | SourceNode=ns=1;s=MotorSource2
[Anomaly Input] [2026-08-11 15:39:40.162 (UTC)] info/application	[Motor] Distance safe (36.35977488866065); rotating motor to 90 degrees | Severity=75 | SourceName=Motor3 | EventType=application | SourceNode=ns=1;s=MotorSource3
[Anomaly Input] [2026-08-11 15:39:41.077 (UTC)] info/application	[Sensor] Updated distance: 36.43895854914512 cm | Severity=75 | SourceName=Sensor3 | EventType=application | SourceNode=ns=1;s=SensorSource3
[Anomaly Input] [2026-08-11 15:39:41.077 (UTC)] info/application	[Sensor] Updated distance: 19.75614114187478 cm | Severity=75 | SourceName=Sensor2 | EventType=application | SourceNode=ns=1;s=SensorSource2
[Anomaly Input] [2026-08-11 15:39:41.158 (UTC)] info/application	[Sensor] Updated distance: 46.789380541438874 cm | Severity=75 | SourceName=Sensor | EventType=application | SourceNode=ns=1;s=SensorSource
[Anomaly Input] [2026-08-11 15:39:41.158 (UTC)] info/application	[Motor] Received distance: 36.43895854914512 cm | Severity=75 | SourceName=Motor3 | EventType=application | SourceNode=ns=1;s=MotorSource3
[Anomaly Input] [2026-08-11 15:39:41.158 (UTC)] info/application	[Motor] Received distance: 46.789380541438874 cm | Severity=75 | SourceName=Motor | EventType=application | SourceNode=ns=1;s=MotorSource
[Anomaly Input] [2026-08-11 15:39:41.158 (UTC)] info/application	[Motor] Received distance: 19.75614114187478 cm | Severity=75 | SourceName=Motor2 | EventType=application | SourceNode=ns=1;s=MotorSource2
[Anomaly Input] [2026-08-11 15:39:41.158 (UTC)] info/application	[Motor] Distance safe (36.43895854914512); rotating motor to 90 degrees | Severity=75 | SourceName=Motor3 | EventType=application | SourceNode=ns=1;s=MotorSource3
[Anomaly Input] [2026-08-11 15:39:41.158 (UTC)] info/application	[Motor] Distance safe (46.789380541438874); rotating motor to 90 degrees | Severity=75 | SourceName=Motor | EventType=application | SourceNode=ns=1;s=MotorSource
[Anomaly Input] [2026-08-11 15:39:41.158 (UTC)] warn/application	[Motor] Distance too close (19.75614114187478); rotating motor to 0 degrees | Severity=175 | SourceName=Motor2 | EventType=application | SourceNode=ns=1;s=MotorSource2
[Anomaly Input] [2026-08-11 15:39:42.068 (UTC)] info/application	[Sensor] Updated distance: 20.35287728270184 cm | Severity=75 | SourceName=Sensor2 | EventType=application | SourceNode=ns=1;s=SensorSource2
[Anomaly Input] [2026-08-11 15:39:42.078 (UTC)] info/application	[Sensor] Updated distance: 31.71723060948645 cm | Severity=75 | SourceName=Sensor3 | EventType=application | SourceNode=ns=1;s=SensorSource3
[Anomaly Input] [2026-08-11 15:39:42.159 (UTC)] info/application	[Sensor] Updated distance: 25.97760521991998 cm | Severity=75 | SourceName=Sensor | EventType=application | SourceNode=ns=1;s=SensorSource
[Anomaly Input] [2026-08-11 15:39:42.160 (UTC)] info/application	[Motor] Received distance: 25.97760521991998 cm | Severity=75 | SourceName=Motor | EventType=application | SourceNode=ns=1;s=MotorSource
[Anomaly Input] [2026-08-11 15:39:42.162 (UTC)] info/application	[Motor] Received distance: 31.71723060948645 cm | Severity=75 | SourceName=Motor3 | EventType=application | SourceNode=ns=1;s=MotorSource3
[Anomaly Input] [2026-08-11 15:39:42.162 (UTC)] info/application	[Motor] Received distance: 20.35287728270184 cm | Severity=75 | SourceName=Motor2 | EventType=application | SourceNode=ns=1;s=MotorSource2
[Anomaly Input] [2026-08-11 15:39:42.160 (UTC)] info/application	[Motor] Distance safe (25.97760521991998); rotating motor to 90 degrees | Severity=75 | SourceName=Motor | EventType=application | SourceNode=ns=1;s=MotorSource
[Anomaly Input] [2026-08-11 15:39:42.162 (UTC)] info/application	[Motor] Distance safe (31.71723060948645); rotating motor to 90 degrees | Severity=75 | SourceName=Motor3 | EventType=application | SourceNode=ns=1;s=MotorSource3
[Anomaly Input] [2026-08-11 15:39:42.162 (UTC)] info/application	[Motor] Distance safe (20.35287728270184); rotating motor to 90 degrees | Severity=75 | SourceName=Motor2 | EventType=application | SourceNode=ns=1;s=MotorSource2
[Anomaly Input] [2026-08-11 15:39:43.069 (UTC)] info/application	[Sensor] Updated distance: 42.02360601351764 cm | Severity=75 | SourceName=Sensor2 | EventType=application | SourceNode=ns=1;s=SensorSource2
[Anomaly Input] [2026-08-11 15:39:43.079 (UTC)] info/application	[Sensor] Updated distance: 46.58349779834202 cm | Severity=75 | SourceName=Sensor3 | EventType=application | SourceNode=ns=1;s=SensorSource3
[Anomaly Input] [2026-08-11 15:39:43.160 (UTC)] info/application	[Sensor] Updated distance: 21.981416160232115 cm | Severity=75 | SourceName=Sensor | EventType=application | SourceNode=ns=1;s=SensorSource
[Anomaly Input] [2026-08-11 15:39:43.161 (UTC)] info/application	[Motor] Received distance: 46.58349779834202 cm | Severity=75 | SourceName=Motor3 | EventType=application | SourceNode=ns=1;s=MotorSource3
[Anomaly Input] [2026-08-11 15:39:43.161 (UTC)] info/application	[Motor] Received distance: 42.02360601351764 cm | Severity=75 | SourceName=Motor2 | EventType=application | SourceNode=ns=1;s=MotorSource2
[Anomaly Input] [2026-08-11 15:39:43.170 (UTC)] info/application	[Motor] Received distance: 21.981416160232115 cm | Severity=75 | SourceName=Motor | EventType=application | SourceNode=ns=1;s=MotorSource
[Anomaly Input] [2026-08-11 15:39:43.161 (UTC)] info/application	[Motor] Distance safe (46.58349779834202); rotating motor to 90 degrees | Severity=75 | SourceName=Motor3 | EventType=application | SourceNode=ns=1;s=MotorSource3
[Anomaly Input] [2026-08-11 15:39:43.161 (UTC)] info/application	[Motor] Distance safe (42.02360601351764); rotating motor to 90 degrees | Severity=75 | SourceName=Motor2 | EventType=application | SourceNode=ns=1;s=MotorSource2
[Anomaly Input] [2026-08-11 15:39:43.170 (UTC)] info/application	[Motor] Distance safe (21.981416160232115); rotating motor to 90 degrees | Severity=75 | SourceName=Motor | EventType=application | SourceNode=ns=1;s=MotorSource
[Anomaly Input] [2026-08-11 15:39:44.071 (UTC)] info/application	[Sensor] Updated distance: 14.21788371178223 cm | Severity=75 | SourceName=Sensor2 | EventType=application | SourceNode=ns=1;s=SensorSource2
[Anomaly Input] [2026-08-11 15:39:44.071 (UTC)] info/application	[Sensor] Updated distance: 12.330166486245657 cm | Severity=75 | SourceName=Sensor3 | EventType=application | SourceNode=ns=1;s=SensorSource3
[Anomaly Input] [2026-08-11 15:39:44.152 (UTC)] info/application	[Sensor] Updated distance: 8.212480421276986 cm | Severity=75 | SourceName=Sensor | EventType=application | SourceNode=ns=1;s=SensorSource
[Anomaly Input] [2026-08-11 15:39:44.160 (UTC)] info/application	[Motor] Received distance: 8.212480421276986 cm | Severity=75 | SourceName=Motor | EventType=application | SourceNode=ns=1;s=MotorSource
[Anomaly Input] [2026-08-11 15:39:44.162 (UTC)] info/application	[Motor] Received distance: 12.330166486245657 cm | Severity=75 | SourceName=Motor3 | EventType=application | SourceNode=ns=1;s=MotorSource3
[Anomaly Input] [2026-08-11 15:39:44.162 (UTC)] info/application	[Motor] Received distance: 14.21788371178223 cm | Severity=75 | SourceName=Motor2 | EventType=application | SourceNode=ns=1;s=MotorSource2
[Anomaly Input] [2026-08-11 15:39:44.160 (UTC)] warn/application	[Motor] Distance too close (8.212480421276986); rotating motor to 0 degrees | Severity=175 | SourceName=Motor | EventType=application | SourceNode=ns=1;s=MotorSource
[Anomaly Input] [2026-08-11 15:39:44.162 (UTC)] warn/application	[Motor] Distance too close (14.21788371178223); rotating motor to 0 degrees | Severity=175 | SourceName=Motor2 | EventType=application | SourceNode=ns=1;s=MotorSource2
[Anomaly Input] [2026-08-11 15:39:44.162 (UTC)] warn/application	[Motor] Distance too close (12.330166486245657); rotating motor to 0 degrees | Severity=175 | SourceName=Motor3 | EventType=application | SourceNode=ns=1;s=MotorSource3
[Anomaly Input] [2026-08-11 15:39:45.073 (UTC)] info/application	[Sensor] Updated distance: 3.6407002590786197 cm | Severity=75 | SourceName=Sensor3 | EventType=application | SourceNode=ns=1;s=SensorSource3
[Anomaly Input] [2026-08-11 15:39:45.073 (UTC)] info/application	[Sensor] Updated distance: 41.754820216332945 cm | Severity=75 | SourceName=Sensor2 | EventType=application | SourceNode=ns=1;s=SensorSource2
[Anomaly Input] [2026-08-11 15:39:45.153 (UTC)] info/application	[Sensor] Updated distance: 40.35400613693241 cm | Severity=75 | SourceName=Sensor | EventType=application | SourceNode=ns=1;s=SensorSource
[Anomaly Input] [2026-08-11 15:39:45.154 (UTC)] info/application	[Motor] Received distance: 40.35400613693241 cm | Severity=75 | SourceName=Motor | EventType=application | SourceNode=ns=1;s=MotorSource
[Anomaly Input] [2026-08-11 15:39:45.154 (UTC)] info/application	[Motor] Received distance: 3.6407002590786197 cm | Severity=75 | SourceName=Motor3 | EventType=application | SourceNode=ns=1;s=MotorSource3
[Anomaly Input] [2026-08-11 15:39:45.154 (UTC)] info/application	[Motor] Received distance: 41.754820216332945 cm | Severity=75 | SourceName=Motor2 | EventType=application | SourceNode=ns=1;s=MotorSource2
[Anomaly Input] [2026-08-11 15:39:45.154 (UTC)] info/application	[Motor] Distance safe (40.35400613693241); rotating motor to 90 degrees | Severity=75 | SourceName=Motor | EventType=application | SourceNode=ns=1;s=MotorSource
[Anomaly Input] [2026-08-11 15:39:45.154 (UTC)] warn/application	[Motor] Distance too close (3.6407002590786197); rotating motor to 0 degrees | Severity=175 | SourceName=Motor3 | EventType=application | SourceNode=ns=1;s=MotorSource3
[Anomaly Input] [2026-08-11 15:39:45.154 (UTC)] info/application	[Motor] Distance safe (41.754820216332945); rotating motor to 90 degrees | Severity=75 | SourceName=Motor2 | EventType=application | SourceNode=ns=1;s=MotorSource2
[Anomaly Input] [2026-08-11 15:39:46.073 (UTC)] info/application	[Sensor] Updated distance: 3.117168576045506 cm | Severity=75 | SourceName=Sensor3 | EventType=application | SourceNode=ns=1;s=SensorSource3
[Anomaly Input] [2026-08-11 15:39:46.074 (UTC)] info/application	[Sensor] Updated distance: 49.293645888238046 cm | Severity=75 | SourceName=Sensor2 | EventType=application | SourceNode=ns=1;s=SensorSource2
[Anomaly Input] [2026-08-11 15:39:46.155 (UTC)] info/application	[Sensor] Updated distance: 47.91663118354819 cm | Severity=75 | SourceName=Sensor | EventType=application | SourceNode=ns=1;s=SensorSource
[Anomaly Input] [2026-08-11 15:39:46.160 (UTC)] info/application	[Motor] Received distance: 47.91663118354819 cm | Severity=75 | SourceName=Motor | EventType=application | SourceNode=ns=1;s=MotorSource
[Anomaly Input] [2026-08-11 15:39:46.162 (UTC)] info/application	[Motor] Received distance: 3.117168576045506 cm | Severity=75 | SourceName=Motor3 | EventType=application | SourceNode=ns=1;s=MotorSource3
[Anomaly Input] [2026-08-11 15:39:46.162 (UTC)] info/application	[Motor] Received distance: 49.293645888238046 cm | Severity=75 | SourceName=Motor2 | EventType=application | SourceNode=ns=1;s=MotorSource2
[Anomaly Input] [2026-08-11 15:39:46.160 (UTC)] info/application	[Motor] Distance safe (47.91663118354819); rotating motor to 90 degrees | Severity=75 | SourceName=Motor | EventType=application | SourceNode=ns=1;s=MotorSource
[Anomaly Input] [2026-08-11 15:39:46.162 (UTC)] warn/application	[Motor] Distance too close (3.117168576045506); rotating motor to 0 degrees | Severity=175 | SourceName=Motor3 | EventType=application | SourceNode=ns=1;s=MotorSource3
[Anomaly Input] [2026-08-11 15:39:46.162 (UTC)] info/application	[Motor] Distance safe (49.293645888238046); rotating motor to 90 degrees | Severity=75 | SourceName=Motor2 | EventType=application | SourceNode=ns=1;s=MotorSource2
[Anomaly Input] [2026-08-11 15:39:47.076 (UTC)] info/application	[Sensor] Updated distance: 25.71173565448808 cm | Severity=75 | SourceName=Sensor2 | EventType=application | SourceNode=ns=1;s=SensorSource2
[Anomaly Input] [2026-08-11 15:39:47.076 (UTC)] info/application	[Sensor] Updated distance: 16.288576967217296 cm | Severity=75 | SourceName=Sensor3 | EventType=application | SourceNode=ns=1;s=SensorSource3
[Anomaly Input] [2026-08-11 15:39:47.157 (UTC)] info/application	[Sensor] Updated distance: 27.705428321708656 cm | Severity=75 | SourceName=Sensor | EventType=application | SourceNode=ns=1;s=SensorSource
[Anomaly Input] [2026-08-11 15:39:47.157 (UTC)] info/application	[Motor] Received distance: 27.705428321708656 cm | Severity=75 | SourceName=Motor | EventType=application | SourceNode=ns=1;s=MotorSource
[Anomaly Input] [2026-08-11 15:39:47.157 (UTC)] info/application	[Motor] Received distance: 25.71173565448808 cm | Severity=75 | SourceName=Motor2 | EventType=application | SourceNode=ns=1;s=MotorSource2
[Anomaly Input] [2026-08-11 15:39:47.157 (UTC)] info/application	[Motor] Received distance: 16.288576967217296 cm | Severity=75 | SourceName=Motor3 | EventType=application | SourceNode=ns=1;s=MotorSource3
[Anomaly Input] [2026-08-11 15:39:47.157 (UTC)] info/application	[Motor] Distance safe (27.705428321708656); rotating motor to 90 degrees | Severity=75 | SourceName=Motor | EventType=application | SourceNode=ns=1;s=MotorSource
[Anomaly Input] [2026-08-11 15:39:47.157 (UTC)] info/application	[Motor] Distance safe (25.71173565448808); rotating motor to 90 degrees | Severity=75 | SourceName=Motor2 | EventType=application | SourceNode=ns=1;s=MotorSource2
[Anomaly Input] [2026-08-11 15:39:47.157 (UTC)] warn/application	[Motor] Distance too close (16.288576967217296); rotating motor to 0 degrees | Severity=175 | SourceName=Motor3 | EventType=application | SourceNode=ns=1;s=MotorSource3
[Anomaly Input] [2026-08-11 15:39:48.069 (UTC)] info/application	[Sensor] Updated distance: 38.888796465885264 cm | Severity=75 | SourceName=Sensor2 | EventType=application | SourceNode=ns=1;s=SensorSource2
[Anomaly Input] [2026-08-11 15:39:48.079 (UTC)] info/application	[Sensor] Updated distance: 3.167792119629584 cm | Severity=75 | SourceName=Sensor3 | EventType=application | SourceNode=ns=1;s=SensorSource3
[Anomaly Input] [2026-08-11 15:39:48.160 (UTC)] info/application	[Sensor] Updated distance: 31.090162395075968 cm | Severity=75 | SourceName=Sensor | EventType=application | SourceNode=ns=1;s=SensorSource
[Anomaly Input] [2026-08-11 15:39:48.161 (UTC)] info/application	[Motor] Received distance: 31.090162395075968 cm | Severity=75 | SourceName=Motor | EventType=application | SourceNode=ns=1;s=MotorSource
[Anomaly Input] [2026-08-11 15:39:48.161 (UTC)] info/application	[Motor] Received distance: 38.888796465885264 cm | Severity=75 | SourceName=Motor2 | EventType=application | SourceNode=ns=1;s=MotorSource2
[Anomaly Input] [2026-08-11 15:39:48.161 (UTC)] info/application	[Motor] Received distance: 3.167792119629584 cm | Severity=75 | SourceName=Motor3 | EventType=application | SourceNode=ns=1;s=MotorSource3
[Anomaly Input] [2026-08-11 15:39:48.161 (UTC)] info/application	[Motor] Distance safe (31.090162395075968); rotating motor to 90 degrees | Severity=75 | SourceName=Motor | EventType=application | SourceNode=ns=1;s=MotorSource
[Anomaly Input] [2026-08-11 15:39:48.161 (UTC)] info/application	[Motor] Distance safe (38.888796465885264); rotating motor to 90 degrees | Severity=75 | SourceName=Motor2 | EventType=application | SourceNode=ns=1;s=MotorSource2
[Anomaly Input] [2026-08-11 15:39:48.161 (UTC)] warn/application	[Motor] Distance too close (3.167792119629584); rotating motor to 0 degrees | Severity=175 | SourceName=Motor3 | EventType=application | SourceNode=ns=1;s=MotorSource3
[Anomaly Input] [2026-08-11 15:39:49.072 (UTC)] info/application	[Sensor] Updated distance: 19.74498836032347 cm | Severity=75 | SourceName=Sensor3 | EventType=application | SourceNode=ns=1;s=SensorSource3
[Anomaly Input] [2026-08-11 15:39:49.072 (UTC)] info/application	[Sensor] Updated distance: 32.81122771595196 cm | Severity=75 | SourceName=Sensor2 | EventType=application | SourceNode=ns=1;s=SensorSource2
[Anomaly Input] [2026-08-11 15:39:49.153 (UTC)] info/application	[Sensor] Updated distance: 43.014887031640335 cm | Severity=75 | SourceName=Sensor | EventType=application | SourceNode=ns=1;s=SensorSource
[Anomaly Input] [2026-08-11 15:39:49.153 (UTC)] info/application	[Motor] Received distance: 32.81122771595196 cm | Severity=75 | SourceName=Motor2 | EventType=application | SourceNode=ns=1;s=MotorSource2
[Anomaly Input] [2026-08-11 15:39:49.153 (UTC)] info/application	[Motor] Received distance: 19.74498836032347 cm | Severity=75 | SourceName=Motor3 | EventType=application | SourceNode=ns=1;s=MotorSource3
[Anomaly Input] [2026-08-11 15:39:49.153 (UTC)] info/application	[Motor] Received distance: 43.014887031640335 cm | Severity=75 | SourceName=Motor | EventType=application | SourceNode=ns=1;s=MotorSource
[Anomaly Input] [2026-08-11 15:39:49.153 (UTC)] warn/application	[Motor] Distance too close (19.74498836032347); rotating motor to 0 degrees | Severity=175 | SourceName=Motor3 | EventType=application | SourceNode=ns=1;s=MotorSource3
[Anomaly Input] [2026-08-11 15:39:49.153 (UTC)] info/application	[Motor] Distance safe (32.81122771595196); rotating motor to 90 degrees | Severity=75 | SourceName=Motor2 | EventType=application | SourceNode=ns=1;s=MotorSource2
[Anomaly Input] [2026-08-11 15:39:49.153 (UTC)] info/application	[Motor] Distance safe (43.014887031640335); rotating motor to 90 degrees | Severity=75 | SourceName=Motor | EventType=application | SourceNode=ns=1;s=MotorSource
[Anomaly Input] [2026-08-11 15:39:50.074 (UTC)] info/application	[Sensor] Updated distance: 42.762330185976964 cm | Severity=75 | SourceName=Sensor3 | EventType=application | SourceNode=ns=1;s=SensorSource3
[Anomaly Input] [2026-08-11 15:39:50.074 (UTC)] info/application	[Sensor] Updated distance: 35.007475533060486 cm | Severity=75 | SourceName=Sensor2 | EventType=application | SourceNode=ns=1;s=SensorSource2
[Anomaly Input] [2026-08-11 15:39:50.155 (UTC)] info/application	[Sensor] Updated distance: 25.765103924910118 cm | Severity=75 | SourceName=Sensor | EventType=application | SourceNode=ns=1;s=SensorSource
[Anomaly Input] [2026-08-11 15:39:50.160 (UTC)] info/application	[Motor] Received distance: 25.765103924910118 cm | Severity=75 | SourceName=Motor | EventType=application | SourceNode=ns=1;s=MotorSource
[Anomaly Input] [2026-08-11 15:39:50.161 (UTC)] info/application	[Motor] Received distance: 42.762330185976964 cm | Severity=75 | SourceName=Motor3 | EventType=application | SourceNode=ns=1;s=MotorSource3
[Anomaly Input] [2026-08-11 15:39:50.161 (UTC)] info/application	[Motor] Received distance: 35.007475533060486 cm | Severity=75 | SourceName=Motor2 | EventType=application | SourceNode=ns=1;s=MotorSource2
[Anomaly Input] [2026-08-11 15:39:50.160 (UTC)] info/application	[Motor] Distance safe (25.765103924910118); rotating motor to 90 degrees | Severity=75 | SourceName=Motor | EventType=application | SourceNode=ns=1;s=MotorSource
[Anomaly Input] [2026-08-11 15:39:50.161 (UTC)] info/application	[Motor] Distance safe (42.762330185976964); rotating motor to 90 degrees | Severity=75 | SourceName=Motor3 | EventType=application | SourceNode=ns=1;s=MotorSource3
[Anomaly Input] [2026-08-11 15:39:50.161 (UTC)] info/application	[Motor] Distance safe (35.007475533060486); rotating motor to 90 degrees | Severity=75 | SourceName=Motor2 | EventType=application | SourceNode=ns=1;s=MotorSource2
[Anomaly Input] [2026-08-11 15:39:51.077 (UTC)] info/application	[Sensor] Updated distance: 27.40568965366375 cm | Severity=75 | SourceName=Sensor2 | EventType=application | SourceNode=ns=1;s=SensorSource2
[Anomaly Input] [2026-08-11 15:39:51.077 (UTC)] info/application	[Sensor] Updated distance: 5.6319138946160265 cm | Severity=75 | SourceName=Sensor3 | EventType=application | SourceNode=ns=1;s=SensorSource3
[Anomaly Input] [2026-08-11 15:39:51.158 (UTC)] info/application	[Sensor] Updated distance: 20.086494476574703 cm | Severity=75 | SourceName=Sensor | EventType=application | SourceNode=ns=1;s=SensorSource
[Anomaly Input] [2026-08-11 15:39:51.158 (UTC)] info/application	[Motor] Received distance: 20.086494476574703 cm | Severity=75 | SourceName=Motor | EventType=application | SourceNode=ns=1;s=MotorSource
[Anomaly Input] [2026-08-11 15:39:51.158 (UTC)] info/application	[Motor] Received distance: 27.40568965366375 cm | Severity=75 | SourceName=Motor2 | EventType=application | SourceNode=ns=1;s=MotorSource2
[Anomaly Input] [2026-08-11 15:39:51.158 (UTC)] info/application	[Motor] Received distance: 5.6319138946160265 cm | Severity=75 | SourceName=Motor3 | EventType=application | SourceNode=ns=1;s=MotorSource3
[Anomaly Input] [2026-08-11 15:39:51.158 (UTC)] info/application	[Motor] Distance safe (20.086494476574703); rotating motor to 90 degrees | Severity=75 | SourceName=Motor | EventType=application | SourceNode=ns=1;s=MotorSource
[Anomaly Input] [2026-08-11 15:39:51.158 (UTC)] info/application	[Motor] Distance safe (27.40568965366375); rotating motor to 90 degrees | Severity=75 | SourceName=Motor2 | EventType=application | SourceNode=ns=1;s=MotorSource2
[Anomaly Input] [2026-08-11 15:39:51.158 (UTC)] warn/application	[Motor] Distance too close (5.6319138946160265); rotating motor to 0 degrees | Severity=175 | SourceName=Motor3 | EventType=application | SourceNode=ns=1;s=MotorSource3
[Anomaly Input] [2026-08-11 15:39:52.069 (UTC)] info/application	[Sensor] Updated distance: 47.289090654481704 cm | Severity=75 | SourceName=Sensor2 | EventType=application | SourceNode=ns=1;s=SensorSource2
[Anomaly Input] [2026-08-11 15:39:52.079 (UTC)] info/application	[Sensor] Updated distance: 4.668326706936735 cm | Severity=75 | SourceName=Sensor3 | EventType=application | SourceNode=ns=1;s=SensorSource3
[Anomaly Input] [2026-08-11 15:39:52.160 (UTC)] info/application	[Sensor] Updated distance: 9.41358819204084 cm | Severity=75 | SourceName=Sensor | EventType=application | SourceNode=ns=1;s=SensorSource
[Anomaly Input] [2026-08-11 15:39:52.160 (UTC)] info/application	[Motor] Received distance: 9.41358819204084 cm | Severity=75 | SourceName=Motor | EventType=application | SourceNode=ns=1;s=MotorSource
[Anomaly Input] [2026-08-11 15:39:52.162 (UTC)] info/application	[Motor] Received distance: 4.668326706936735 cm | Severity=75 | SourceName=Motor3 | EventType=application | SourceNode=ns=1;s=MotorSource3
[Anomaly Input] [2026-08-11 15:39:52.162 (UTC)] info/application	[Motor] Received distance: 47.289090654481704 cm | Severity=75 | SourceName=Motor2 | EventType=application | SourceNode=ns=1;s=MotorSource2
[Anomaly Input] [2026-08-11 15:39:52.160 (UTC)] warn/application	[Motor] Distance too close (9.41358819204084); rotating motor to 0 degrees | Severity=175 | SourceName=Motor | EventType=application | SourceNode=ns=1;s=MotorSource
[Anomaly Input] [2026-08-11 15:39:52.162 (UTC)] warn/application	[Motor] Distance too close (4.668326706936735); rotating motor to 0 degrees | Severity=175 | SourceName=Motor3 | EventType=application | SourceNode=ns=1;s=MotorSource3
[Anomaly Input] [2026-08-11 15:39:52.162 (UTC)] info/application	[Motor] Distance safe (47.289090654481704); rotating motor to 90 degrees | Severity=75 | SourceName=Motor2 | EventType=application | SourceNode=ns=1;s=MotorSource2
[Anomaly Input] [2026-08-11 15:39:53.070 (UTC)] info/application	[Sensor] Updated distance: 4.3547092612621885 cm | Severity=75 | SourceName=Sensor3 | EventType=application | SourceNode=ns=1;s=SensorSource3
[Anomaly Input] [2026-08-11 15:39:53.071 (UTC)] info/application	[Sensor] Updated distance: 43.590977606173126 cm | Severity=75 | SourceName=Sensor2 | EventType=application | SourceNode=ns=1;s=SensorSource2
[Anomaly Input] [2026-08-11 15:39:53.153 (UTC)] info/application	[Motor] Received distance: 43.590977606173126 cm | Severity=75 | SourceName=Motor2 | EventType=application | SourceNode=ns=1;s=MotorSource2
[Anomaly Input] [2026-08-11 15:39:53.161 (UTC)] info/application	[Sensor] Updated distance: 42.44041481262092 cm | Severity=75 | SourceName=Sensor | EventType=application | SourceNode=ns=1;s=SensorSource
[Anomaly Input] [2026-08-11 15:39:53.162 (UTC)] info/application	[Motor] Received distance: 4.3547092612621885 cm | Severity=75 | SourceName=Motor3 | EventType=application | SourceNode=ns=1;s=MotorSource3
[Anomaly Input] [2026-08-11 15:39:53.171 (UTC)] info/application	[Motor] Received distance: 42.44041481262092 cm | Severity=75 | SourceName=Motor | EventType=application | SourceNode=ns=1;s=MotorSource
[Anomaly Input] [2026-08-11 15:39:53.153 (UTC)] info/application	[Motor] Distance safe (43.590977606173126); rotating motor to 90 degrees | Severity=75 | SourceName=Motor2 | EventType=application | SourceNode=ns=1;s=MotorSource2
[Anomaly Input] [2026-08-11 15:39:53.162 (UTC)] warn/application	[Motor] Distance too close (4.3547092612621885); rotating motor to 0 degrees | Severity=175 | SourceName=Motor3 | EventType=application | SourceNode=ns=1;s=MotorSource3
[Anomaly Input] [2026-08-11 15:39:53.171 (UTC)] info/application	[Motor] Distance safe (42.44041481262092); rotating motor to 90 degrees | Severity=75 | SourceName=Motor | EventType=application | SourceNode=ns=1;s=MotorSource
[Anomaly Input] [2026-08-11 15:39:54.072 (UTC)] info/application	[Sensor] Updated distance: 18.544646695509854 cm | Severity=75 | SourceName=Sensor3 | EventType=application | SourceNode=ns=1;s=SensorSource3
[Anomaly Input] [2026-08-11 15:39:54.072 (UTC)] info/application	[Sensor] Updated distance: 3.4306250668273424 cm | Severity=75 | SourceName=Sensor2 | EventType=application | SourceNode=ns=1;s=SensorSource2
[Anomaly Input] [2026-08-11 15:39:54.152 (UTC)] info/application	[Sensor] Updated distance: 38.00595711358169 cm | Severity=75 | SourceName=Sensor | EventType=application | SourceNode=ns=1;s=SensorSource
[Anomaly Input] [2026-08-11 15:39:54.159 (UTC)] info/application	[Motor] Received distance: 38.00595711358169 cm | Severity=75 | SourceName=Motor | EventType=application | SourceNode=ns=1;s=MotorSource
[Anomaly Input] [2026-08-11 15:39:54.161 (UTC)] info/application	[Motor] Received distance: 3.4306250668273424 cm | Severity=75 | SourceName=Motor2 | EventType=application | SourceNode=ns=1;s=MotorSource2
[Anomaly Input] [2026-08-11 15:39:54.162 (UTC)] info/application	[Motor] Received distance: 18.544646695509854 cm | Severity=75 | SourceName=Motor3 | EventType=application | SourceNode=ns=1;s=MotorSource3
[Anomaly Input] [2026-08-11 15:39:54.159 (UTC)] info/application	[Motor] Distance safe (38.00595711358169); rotating motor to 90 degrees | Severity=75 | SourceName=Motor | EventType=application | SourceNode=ns=1;s=MotorSource
[Anomaly Input] [2026-08-11 15:39:54.161 (UTC)] warn/application	[Motor] Distance too close (3.4306250668273424); rotating motor to 0 degrees | Severity=175 | SourceName=Motor2 | EventType=application | SourceNode=ns=1;s=MotorSource2
[Anomaly Input] [2026-08-11 15:39:54.162 (UTC)] warn/application	[Motor] Distance too close (18.544646695509854); rotating motor to 0 degrees | Severity=175 | SourceName=Motor3 | EventType=application | SourceNode=ns=1;s=MotorSource3
[Anomaly Input] [2026-08-11 15:39:55.072 (UTC)] info/application	[Sensor] Updated distance: 36.59264604122966 cm | Severity=75 | SourceName=Sensor2 | EventType=application | SourceNode=ns=1;s=SensorSource2
[Anomaly Input] [2026-08-11 15:39:55.072 (UTC)] info/application	[Sensor] Updated distance: 28.477092457226053 cm | Severity=75 | SourceName=Sensor3 | EventType=application | SourceNode=ns=1;s=SensorSource3
[Anomaly Input] [2026-08-11 15:39:55.153 (UTC)] info/application	[Sensor] Updated distance: 40.2023140071902 cm | Severity=75 | SourceName=Sensor | EventType=application | SourceNode=ns=1;s=SensorSource
[Anomaly Input] [2026-08-11 15:39:55.153 (UTC)] info/application	[Motor] Received distance: 28.477092457226053 cm | Severity=75 | SourceName=Motor3 | EventType=application | SourceNode=ns=1;s=MotorSource3
[Anomaly Input] [2026-08-11 15:39:55.160 (UTC)] info/application	[Motor] Received distance: 40.2023140071902 cm | Severity=75 | SourceName=Motor | EventType=application | SourceNode=ns=1;s=MotorSource
[Anomaly Input] [2026-08-11 15:39:55.162 (UTC)] info/application	[Motor] Received distance: 36.59264604122966 cm | Severity=75 | SourceName=Motor2 | EventType=application | SourceNode=ns=1;s=MotorSource2
[Anomaly Input] [2026-08-11 15:39:55.153 (UTC)] info/application	[Motor] Distance safe (28.477092457226053); rotating motor to 90 degrees | Severity=75 | SourceName=Motor3 | EventType=application | SourceNode=ns=1;s=MotorSource3
[Anomaly Input] [2026-08-11 15:39:55.160 (UTC)] info/application	[Motor] Distance safe (40.2023140071902); rotating motor to 90 degrees | Severity=75 | SourceName=Motor | EventType=application | SourceNode=ns=1;s=MotorSource
[Anomaly Input] [2026-08-11 15:39:55.162 (UTC)] info/application	[Motor] Distance safe (36.59264604122966); rotating motor to 90 degrees | Severity=75 | SourceName=Motor2 | EventType=application | SourceNode=ns=1;s=MotorSource2
[Anomaly Input] [2026-08-11 15:39:56.073 (UTC)] info/application	[Sensor] Updated distance: 37.00090791424778 cm | Severity=75 | SourceName=Sensor3 | EventType=application | SourceNode=ns=1;s=SensorSource3
[Anomaly Input] [2026-08-11 15:39:56.073 (UTC)] info/application	[Sensor] Updated distance: 26.632598202970158 cm | Severity=75 | SourceName=Sensor2 | EventType=application | SourceNode=ns=1;s=SensorSource2
[Anomaly Input] [2026-08-11 15:39:56.154 (UTC)] info/application	[Sensor] Updated distance: 4.254088134623173 cm | Severity=75 | SourceName=Sensor | EventType=application | SourceNode=ns=1;s=SensorSource
[Anomaly Input] [2026-08-11 15:39:56.154 (UTC)] info/application	[Motor] Received distance: 26.632598202970158 cm | Severity=75 | SourceName=Motor2 | EventType=application | SourceNode=ns=1;s=MotorSource2
[Anomaly Input] [2026-08-11 15:39:56.161 (UTC)] info/application	[Motor] Received distance: 37.00090791424778 cm | Severity=75 | SourceName=Motor3 | EventType=application | SourceNode=ns=1;s=MotorSource3
[Anomaly Input] [2026-08-11 15:39:56.161 (UTC)] info/application	[Motor] Received distance: 4.254088134623173 cm | Severity=75 | SourceName=Motor | EventType=application | SourceNode=ns=1;s=MotorSource
[Anomaly Input] [2026-08-11 15:39:56.154 (UTC)] info/application	[Motor] Distance safe (26.632598202970158); rotating motor to 90 degrees | Severity=75 | SourceName=Motor2 | EventType=application | SourceNode=ns=1;s=MotorSource2
[Anomaly Input] [2026-08-11 15:39:56.161 (UTC)] info/application	[Motor] Distance safe (37.00090791424778); rotating motor to 90 degrees | Severity=75 | SourceName=Motor3 | EventType=application | SourceNode=ns=1;s=MotorSource3
[Anomaly Input] [2026-08-11 15:39:56.161 (UTC)] warn/application	[Motor] Distance too close (4.254088134623173); rotating motor to 0 degrees | Severity=175 | SourceName=Motor | EventType=application | SourceNode=ns=1;s=MotorSource
[Anomaly Input] [2026-08-11 15:39:57.073 (UTC)] info/application	[Sensor] Updated distance: 44.38400638587028 cm | Severity=75 | SourceName=Sensor2 | EventType=application | SourceNode=ns=1;s=SensorSource2
[Anomaly Input] [2026-08-11 15:39:57.073 (UTC)] info/application	[Sensor] Updated distance: 4.695473210278653 cm | Severity=75 | SourceName=Sensor3 | EventType=application | SourceNode=ns=1;s=SensorSource3
[Anomaly Input] [2026-08-11 15:39:57.154 (UTC)] info/application	[Sensor] Updated distance: 13.703865265335825 cm | Severity=75 | SourceName=Sensor | EventType=application | SourceNode=ns=1;s=SensorSource
[Anomaly Input] [2026-08-11 15:39:57.154 (UTC)] info/application	[Motor] Received distance: 13.703865265335825 cm | Severity=75 | SourceName=Motor | EventType=application | SourceNode=ns=1;s=MotorSource
[Anomaly Input] [2026-08-11 15:39:57.162 (UTC)] info/application	[Motor] Received distance: 4.695473210278653 cm | Severity=75 | SourceName=Motor3 | EventType=application | SourceNode=ns=1;s=MotorSource3
[Anomaly Input] [2026-08-11 15:39:57.162 (UTC)] info/application	[Motor] Received distance: 44.38400638587028 cm | Severity=75 | SourceName=Motor2 | EventType=application | SourceNode=ns=1;s=MotorSource2
[Anomaly Input] [2026-08-11 15:39:57.154 (UTC)] warn/application	[Motor] Distance too close (13.703865265335825); rotating motor to 0 degrees | Severity=175 | SourceName=Motor | EventType=application | SourceNode=ns=1;s=MotorSource
[Anomaly Input] [2026-08-11 15:39:57.162 (UTC)] warn/application	[Motor] Distance too close (4.695473210278653); rotating motor to 0 degrees | Severity=175 | SourceName=Motor3 | EventType=application | SourceNode=ns=1;s=MotorSource3
[Anomaly Input] [2026-08-11 15:39:57.162 (UTC)] info/application	[Motor] Distance safe (44.38400638587028); rotating motor to 90 degrees | Severity=75 | SourceName=Motor2 | EventType=application | SourceNode=ns=1;s=MotorSource2
[Anomaly Input] [2026-08-11 15:39:58.073 (UTC)] info/application	[Sensor] Updated distance: 24.75309975759736 cm | Severity=75 | SourceName=Sensor3 | EventType=application | SourceNode=ns=1;s=SensorSource3
[Anomaly Input] [2026-08-11 15:39:58.074 (UTC)] info/application	[Sensor] Updated distance: 40.54663197256002 cm | Severity=75 | SourceName=Sensor2 | EventType=application | SourceNode=ns=1;s=SensorSource2
[Anomaly Input] [2026-08-11 15:39:58.154 (UTC)] info/application	[Sensor] Updated distance: 32.31763498406747 cm | Severity=75 | SourceName=Sensor | EventType=application | SourceNode=ns=1;s=SensorSource
[Anomaly Input] [2026-08-11 15:39:58.160 (UTC)] info/application	[Motor] Received distance: 32.31763498406747 cm | Severity=75 | SourceName=Motor | EventType=application | SourceNode=ns=1;s=MotorSource
[Anomaly Input] [2026-08-11 15:39:58.163 (UTC)] info/application	[Motor] Received distance: 24.75309975759736 cm | Severity=75 | SourceName=Motor3 | EventType=application | SourceNode=ns=1;s=MotorSource3
[Anomaly Input] [2026-08-11 15:39:58.163 (UTC)] info/application	[Motor] Received distance: 40.54663197256002 cm | Severity=75 | SourceName=Motor2 | EventType=application | SourceNode=ns=1;s=MotorSource2
[Anomaly Input] [2026-08-11 15:39:58.160 (UTC)] info/application	[Motor] Distance safe (32.31763498406747); rotating motor to 90 degrees | Severity=75 | SourceName=Motor | EventType=application | SourceNode=ns=1;s=MotorSource
[Anomaly Input] [2026-08-11 15:39:58.163 (UTC)] info/application	[Motor] Distance safe (24.75309975759736); rotating motor to 90 degrees | Severity=75 | SourceName=Motor3 | EventType=application | SourceNode=ns=1;s=MotorSource3
[Anomaly Input] [2026-08-11 15:39:58.163 (UTC)] info/application	[Motor] Distance safe (40.54663197256002); rotating motor to 90 degrees | Severity=75 | SourceName=Motor2 | EventType=application | SourceNode=ns=1;s=MotorSource2
[Anomaly Input] [2026-08-11 15:39:59.074 (UTC)] info/application	[Sensor] Updated distance: 34.29497440173056 cm | Severity=75 | SourceName=Sensor2 | EventType=application | SourceNode=ns=1;s=SensorSource2
[Anomaly Input] [2026-08-11 15:39:59.074 (UTC)] info/application	[Sensor] Updated distance: 46.085730699862225 cm | Severity=75 | SourceName=Sensor3 | EventType=application | SourceNode=ns=1;s=SensorSource3
[Anomaly Input] [2026-08-11 15:39:59.155 (UTC)] info/application	[Sensor] Updated distance: 31.25985500833944 cm | Severity=75 | SourceName=Sensor | EventType=application | SourceNode=ns=1;s=SensorSource
[Anomaly Input] [2026-08-11 15:39:59.155 (UTC)] info/application	[Motor] Received distance: 34.29497440173056 cm | Severity=75 | SourceName=Motor2 | EventType=application | SourceNode=ns=1;s=MotorSource2
[Anomaly Input] [2026-08-11 15:39:59.155 (UTC)] info/application	[Motor] Received distance: 46.085730699862225 cm | Severity=75 | SourceName=Motor3 | EventType=application | SourceNode=ns=1;s=MotorSource3
[Anomaly Input] [2026-08-11 15:39:59.161 (UTC)] info/application	[Motor] Received distance: 31.25985500833944 cm | Severity=75 | SourceName=Motor | EventType=application | SourceNode=ns=1;s=MotorSource
[Anomaly Input] [2026-08-11 15:39:59.155 (UTC)] info/application	[Motor] Distance safe (34.29497440173056); rotating motor to 90 degrees | Severity=75 | SourceName=Motor2 | EventType=application | SourceNode=ns=1;s=MotorSource2
[Anomaly Input] [2026-08-11 15:39:59.155 (UTC)] info/application	[Motor] Distance safe (46.085730699862225); rotating motor to 90 degrees | Severity=75 | SourceName=Motor3 | EventType=application | SourceNode=ns=1;s=MotorSource3
[Anomaly Input] [2026-08-11 15:39:59.161 (UTC)] info/application	[Motor] Distance safe (31.25985500833944); rotating motor to 90 degrees | Severity=75 | SourceName=Motor | EventType=application | SourceNode=ns=1;s=MotorSource
[Anomaly Input] [2026-08-11 15:40:00.074 (UTC)] info/application	[Sensor] Updated distance: 8.914228084922874 cm | Severity=75 | SourceName=Sensor3 | EventType=application | SourceNode=ns=1;s=SensorSource3
[Anomaly Input] [2026-08-11 15:40:00.074 (UTC)] info/application	[Sensor] Updated distance: 31.89690649411497 cm | Severity=75 | SourceName=Sensor2 | EventType=application | SourceNode=ns=1;s=SensorSource2
[Anomaly Input] [2026-08-11 15:40:00.155 (UTC)] info/application	[Sensor] Updated distance: 27.301998783509244 cm | Severity=75 | SourceName=Sensor | EventType=application | SourceNode=ns=1;s=SensorSource
[Anomaly Input] [2026-08-11 15:40:00.155 (UTC)] info/application	[Motor] Received distance: 27.301998783509244 cm | Severity=75 | SourceName=Motor | EventType=application | SourceNode=ns=1;s=MotorSource
[Anomaly Input] [2026-08-11 15:40:00.161 (UTC)] info/application	[Motor] Received distance: 31.89690649411497 cm | Severity=75 | SourceName=Motor2 | EventType=application | SourceNode=ns=1;s=MotorSource2
[Anomaly Input] [2026-08-11 15:40:00.161 (UTC)] info/application	[Motor] Received distance: 8.914228084922874 cm | Severity=75 | SourceName=Motor3 | EventType=application | SourceNode=ns=1;s=MotorSource3
[Anomaly Input] [2026-08-11 15:40:00.155 (UTC)] info/application	[Motor] Distance safe (27.301998783509244); rotating motor to 90 degrees | Severity=75 | SourceName=Motor | EventType=application | SourceNode=ns=1;s=MotorSource
[Anomaly Input] [2026-08-11 15:40:00.161 (UTC)] info/application	[Motor] Distance safe (31.89690649411497); rotating motor to 90 degrees | Severity=75 | SourceName=Motor2 | EventType=application | SourceNode=ns=1;s=MotorSource2
[Anomaly Input] [2026-08-11 15:40:00.161 (UTC)] warn/application	[Motor] Distance too close (8.914228084922874); rotating motor to 0 degrees | Severity=175 | SourceName=Motor3 | EventType=application | SourceNode=ns=1;s=MotorSource3
[Anomaly Input] [2026-08-11 15:40:01.075 (UTC)] info/application	[Sensor] Updated distance: 45.97696694544375 cm | Severity=75 | SourceName=Sensor3 | EventType=application | SourceNode=ns=1;s=SensorSource3
[Anomaly Input] [2026-08-11 15:40:01.075 (UTC)] info/application	[Sensor] Updated distance: 24.982302497598482 cm | Severity=75 | SourceName=Sensor2 | EventType=application | SourceNode=ns=1;s=SensorSource2
[Anomaly Input] [2026-08-11 15:40:01.156 (UTC)] info/application	[Sensor] Updated distance: 30.54147986161591 cm | Severity=75 | SourceName=Sensor | EventType=application | SourceNode=ns=1;s=SensorSource
[Anomaly Input] [2026-08-11 15:40:01.156 (UTC)] info/application	[Motor] Received distance: 45.97696694544375 cm | Severity=75 | SourceName=Motor3 | EventType=application | SourceNode=ns=1;s=MotorSource3
[Anomaly Input] [2026-08-11 15:40:01.156 (UTC)] info/application	[Motor] Received distance: 24.982302497598482 cm | Severity=75 | SourceName=Motor2 | EventType=application | SourceNode=ns=1;s=MotorSource2
[Anomaly Input] [2026-08-11 15:40:01.160 (UTC)] info/application	[Motor] Received distance: 30.54147986161591 cm | Severity=75 | SourceName=Motor | EventType=application | SourceNode=ns=1;s=MotorSource
[Anomaly Input] [2026-08-11 15:40:01.156 (UTC)] info/application	[Motor] Distance safe (24.982302497598482); rotating motor to 90 degrees | Severity=75 | SourceName=Motor2 | EventType=application | SourceNode=ns=1;s=MotorSource2
[Anomaly Input] [2026-08-11 15:40:01.156 (UTC)] info/application	[Motor] Distance safe (45.97696694544375); rotating motor to 90 degrees | Severity=75 | SourceName=Motor3 | EventType=application | SourceNode=ns=1;s=MotorSource3
[Anomaly Input] [2026-08-11 15:40:01.160 (UTC)] info/application	[Motor] Distance safe (30.54147986161591); rotating motor to 90 degrees | Severity=75 | SourceName=Motor | EventType=application | SourceNode=ns=1;s=MotorSource
[Anomaly Input] [2026-08-11 15:40:02.076 (UTC)] info/application	[Sensor] Updated distance: 34.46587830058573 cm | Severity=75 | SourceName=Sensor3 | EventType=application | SourceNode=ns=1;s=SensorSource3
[Anomaly Input] [2026-08-11 15:40:02.076 (UTC)] info/application	[Sensor] Updated distance: 32.91387878307788 cm | Severity=75 | SourceName=Sensor2 | EventType=application | SourceNode=ns=1;s=SensorSource2
[Anomaly Input] [2026-08-11 15:40:02.157 (UTC)] info/application	[Sensor] Updated distance: 17.291037499574493 cm | Severity=75 | SourceName=Sensor | EventType=application | SourceNode=ns=1;s=SensorSource
[Anomaly Input] [2026-08-11 15:40:02.161 (UTC)] info/application	[Motor] Received distance: 17.291037499574493 cm | Severity=75 | SourceName=Motor | EventType=application | SourceNode=ns=1;s=MotorSource
[Anomaly Input] [2026-08-11 15:40:02.161 (UTC)] info/application	[Motor] Received distance: 34.46587830058573 cm | Severity=75 | SourceName=Motor3 | EventType=application | SourceNode=ns=1;s=MotorSource3
[Anomaly Input] [2026-08-11 15:40:02.161 (UTC)] info/application	[Motor] Received distance: 32.91387878307788 cm | Severity=75 | SourceName=Motor2 | EventType=application | SourceNode=ns=1;s=MotorSource2
[Anomaly Input] [2026-08-11 15:40:02.161 (UTC)] warn/application	[Motor] Distance too close (17.291037499574493); rotating motor to 0 degrees | Severity=175 | SourceName=Motor | EventType=application | SourceNode=ns=1;s=MotorSource
[Anomaly Input] [2026-08-11 15:40:02.161 (UTC)] info/application	[Motor] Distance safe (34.46587830058573); rotating motor to 90 degrees | Severity=75 | SourceName=Motor3 | EventType=application | SourceNode=ns=1;s=MotorSource3
[Anomaly Input] [2026-08-11 15:40:02.161 (UTC)] info/application	[Motor] Distance safe (32.91387878307788); rotating motor to 90 degrees | Severity=75 | SourceName=Motor2 | EventType=application | SourceNode=ns=1;s=MotorSource2
[Anomaly Input] [2026-08-11 15:40:03.067 (UTC)] info/application	[Sensor] Updated distance: 23.090931723402313 cm | Severity=75 | SourceName=Sensor2 | EventType=application | SourceNode=ns=1;s=SensorSource2
[Anomaly Input] [2026-08-11 15:40:03.078 (UTC)] info/application	[Sensor] Updated distance: 24.37965731619841 cm | Severity=75 | SourceName=Sensor3 | EventType=application | SourceNode=ns=1;s=SensorSource3
[Anomaly Input] [2026-08-11 15:40:03.159 (UTC)] info/application	[Motor] Received distance: 23.090931723402313 cm | Severity=75 | SourceName=Motor2 | EventType=application | SourceNode=ns=1;s=MotorSource2
[Anomaly Input] [2026-08-11 15:40:03.159 (UTC)] info/application	[Sensor] Updated distance: 9.708988834036974 cm | Severity=75 | SourceName=Sensor | EventType=application | SourceNode=ns=1;s=SensorSource
[Anomaly Input] [2026-08-11 15:40:03.159 (UTC)] info/application	[Motor] Received distance: 9.708988834036974 cm | Severity=75 | SourceName=Motor | EventType=application | SourceNode=ns=1;s=MotorSource
[Anomaly Input] [2026-08-11 15:40:03.159 (UTC)] info/application	[Motor] Received distance: 24.37965731619841 cm | Severity=75 | SourceName=Motor3 | EventType=application | SourceNode=ns=1;s=MotorSource3
[Anomaly Input] [2026-08-11 15:40:03.159 (UTC)] info/application	[Motor] Distance safe (23.090931723402313); rotating motor to 90 degrees | Severity=75 | SourceName=Motor2 | EventType=application | SourceNode=ns=1;s=MotorSource2
[Anomaly Input] [2026-08-11 15:40:03.159 (UTC)] warn/application	[Motor] Distance too close (9.708988834036974); rotating motor to 0 degrees | Severity=175 | SourceName=Motor | EventType=application | SourceNode=ns=1;s=MotorSource
[Anomaly Input] [2026-08-11 15:40:03.159 (UTC)] info/application	[Motor] Distance safe (24.37965731619841); rotating motor to 90 degrees | Severity=75 | SourceName=Motor3 | EventType=application | SourceNode=ns=1;s=MotorSource3
[Anomaly Input] [2026-08-11 15:40:04.069 (UTC)] info/application	[Sensor] Updated distance: 28.844148626012796 cm | Severity=75 | SourceName=Sensor2 | EventType=application | SourceNode=ns=1;s=SensorSource2
[Anomaly Input] [2026-08-11 15:40:04.080 (UTC)] info/application	[Sensor] Updated distance: 7.175492393400283 cm | Severity=75 | SourceName=Sensor3 | EventType=application | SourceNode=ns=1;s=SensorSource3
[Anomaly Input] [2026-08-11 15:40:04.160 (UTC)] info/application	[Sensor] Updated distance: 24.35211847273266 cm | Severity=75 | SourceName=Sensor | EventType=application | SourceNode=ns=1;s=SensorSource
[Anomaly Input] [2026-08-11 15:40:04.161 (UTC)] info/application	[Motor] Received distance: 7.175492393400283 cm | Severity=75 | SourceName=Motor3 | EventType=application | SourceNode=ns=1;s=MotorSource3
[Anomaly Input] [2026-08-11 15:40:04.161 (UTC)] info/application	[Motor] Received distance: 28.844148626012796 cm | Severity=75 | SourceName=Motor2 | EventType=application | SourceNode=ns=1;s=MotorSource2
[Anomaly Input] [2026-08-11 15:40:04.161 (UTC)] info/application	[Motor] Received distance: 24.35211847273266 cm | Severity=75 | SourceName=Motor | EventType=application | SourceNode=ns=1;s=MotorSource
[Anomaly Input] [2026-08-11 15:40:04.161 (UTC)] info/application	[Motor] Distance safe (28.844148626012796); rotating motor to 90 degrees | Severity=75 | SourceName=Motor2 | EventType=application | SourceNode=ns=1;s=MotorSource2
[Anomaly Input] [2026-08-11 15:40:04.161 (UTC)] warn/application	[Motor] Distance too close (7.175492393400283); rotating motor to 0 degrees | Severity=175 | SourceName=Motor3 | EventType=application | SourceNode=ns=1;s=MotorSource3
[Anomaly Input] [2026-08-11 15:40:04.161 (UTC)] info/application	[Motor] Distance safe (24.35211847273266); rotating motor to 90 degrees | Severity=75 | SourceName=Motor | EventType=application | SourceNode=ns=1;s=MotorSource
[Anomaly Input] [2026-08-11 15:40:05.070 (UTC)] info/application	[Sensor] Updated distance: 18.13159569358993 cm | Severity=75 | SourceName=Sensor3 | EventType=application | SourceNode=ns=1;s=SensorSource3
[Anomaly Input] [2026-08-11 15:40:05.070 (UTC)] info/application	[Sensor] Updated distance: 39.925904723781116 cm | Severity=75 | SourceName=Sensor2 | EventType=application | SourceNode=ns=1;s=SensorSource2
[Anomaly Input] [2026-08-11 15:40:05.161 (UTC)] info/application	[Sensor] Updated distance: 3.993004591200968 cm | Severity=75 | SourceName=Sensor | EventType=application | SourceNode=ns=1;s=SensorSource
[Anomaly Input] [2026-08-11 15:40:05.162 (UTC)] info/application	[Motor] Received distance: 39.925904723781116 cm | Severity=75 | SourceName=Motor2 | EventType=application | SourceNode=ns=1;s=MotorSource2
[Anomaly Input] [2026-08-11 15:40:05.162 (UTC)] info/application	[Motor] Received distance: 18.13159569358993 cm | Severity=75 | SourceName=Motor3 | EventType=application | SourceNode=ns=1;s=MotorSource3
[Anomaly Input] [2026-08-11 15:40:05.170 (UTC)] info/application	[Motor] Received distance: 3.993004591200968 cm | Severity=75 | SourceName=Motor | EventType=application | SourceNode=ns=1;s=MotorSource
[Anomaly Input] [2026-08-11 15:40:05.162 (UTC)] info/application	[Motor] Distance safe (39.925904723781116); rotating motor to 90 degrees | Severity=75 | SourceName=Motor2 | EventType=application | SourceNode=ns=1;s=MotorSource2
[Anomaly Input] [2026-08-11 15:40:05.162 (UTC)] warn/application	[Motor] Distance too close (18.13159569358993); rotating motor to 0 degrees | Severity=175 | SourceName=Motor3 | EventType=application | SourceNode=ns=1;s=MotorSource3
[Anomaly Input] [2026-08-11 15:40:05.170 (UTC)] warn/application	[Motor] Distance too close (3.993004591200968); rotating motor to 0 degrees | Severity=175 | SourceName=Motor | EventType=application | SourceNode=ns=1;s=MotorSource
[Anomaly Input] [2026-08-11 15:40:06.071 (UTC)] info/application	[Sensor] Updated distance: 19.194684811492767 cm | Severity=75 | SourceName=Sensor2 | EventType=application | SourceNode=ns=1;s=SensorSource2
[Anomaly Input] [2026-08-11 15:40:06.071 (UTC)] info/application	[Sensor] Updated distance: 9.468799005946515 cm | Severity=75 | SourceName=Sensor3 | EventType=application | SourceNode=ns=1;s=SensorSource3
[Anomaly Input] [2026-08-11 15:40:06.152 (UTC)] info/application	[Sensor] Updated distance: 15.459526388654265 cm | Severity=75 | SourceName=Sensor | EventType=application | SourceNode=ns=1;s=SensorSource
[Anomaly Input] [2026-08-11 15:40:06.152 (UTC)] info/application	[Motor] Received distance: 19.194684811492767 cm | Severity=75 | SourceName=Motor2 | EventType=application | SourceNode=ns=1;s=MotorSource2
[Anomaly Input] [2026-08-11 15:40:06.153 (UTC)] info/application	[Motor] Received distance: 9.468799005946515 cm | Severity=75 | SourceName=Motor3 | EventType=application | SourceNode=ns=1;s=MotorSource3
[Anomaly Input] [2026-08-11 15:40:06.160 (UTC)] info/application	[Motor] Received distance: 15.459526388654265 cm | Severity=75 | SourceName=Motor | EventType=application | SourceNode=ns=1;s=MotorSource
[Anomaly Input] [2026-08-11 15:40:06.152 (UTC)] warn/application	[Motor] Distance too close (19.194684811492767); rotating motor to 0 degrees | Severity=175 | SourceName=Motor2 | EventType=application | SourceNode=ns=1;s=MotorSource2
[Anomaly Input] [2026-08-11 15:40:06.153 (UTC)] warn/application	[Motor] Distance too close (9.468799005946515); rotating motor to 0 degrees | Severity=175 | SourceName=Motor3 | EventType=application | SourceNode=ns=1;s=MotorSource3
[Anomaly Input] [2026-08-11 15:40:06.160 (UTC)] warn/application	[Motor] Distance too close (15.459526388654265); rotating motor to 0 degrees | Severity=175 | SourceName=Motor | EventType=application | SourceNode=ns=1;s=MotorSource
[Anomaly Input] [2026-08-11 15:40:07.074 (UTC)] info/application	[Sensor] Updated distance: 11.997996804303488 cm | Severity=75 | SourceName=Sensor3 | EventType=application | SourceNode=ns=1;s=SensorSource3
[Anomaly Input] [2026-08-11 15:40:07.074 (UTC)] info/application	[Sensor] Updated distance: 7.621018799776685 cm | Severity=75 | SourceName=Sensor2 | EventType=application | SourceNode=ns=1;s=SensorSource2
[Anomaly Input] [2026-08-11 15:40:07.154 (UTC)] info/application	[Sensor] Updated distance: 5.825916888111232 cm | Severity=75 | SourceName=Sensor | EventType=application | SourceNode=ns=1;s=SensorSource
[Anomaly Input] [2026-08-11 15:40:07.155 (UTC)] info/application	[Motor] Received distance: 5.825916888111232 cm | Severity=75 | SourceName=Motor | EventType=application | SourceNode=ns=1;s=MotorSource
[Anomaly Input] [2026-08-11 15:40:07.162 (UTC)] info/application	[Motor] Received distance: 7.621018799776685 cm | Severity=75 | SourceName=Motor2 | EventType=application | SourceNode=ns=1;s=MotorSource2
[Anomaly Input] [2026-08-11 15:40:07.162 (UTC)] info/application	[Motor] Received distance: 11.997996804303488 cm | Severity=75 | SourceName=Motor3 | EventType=application | SourceNode=ns=1;s=MotorSource3
[Anomaly Input] [2026-08-11 15:40:07.155 (UTC)] warn/application	[Motor] Distance too close (5.825916888111232); rotating motor to 0 degrees | Severity=175 | SourceName=Motor | EventType=application | SourceNode=ns=1;s=MotorSource
[Anomaly Input] [2026-08-11 15:40:07.162 (UTC)] warn/application	[Motor] Distance too close (7.621018799776685); rotating motor to 0 degrees | Severity=175 | SourceName=Motor2 | EventType=application | SourceNode=ns=1;s=MotorSource2
[Anomaly Input] [2026-08-11 15:40:07.162 (UTC)] warn/application	[Motor] Distance too close (11.997996804303488); rotating motor to 0 degrees | Severity=175 | SourceName=Motor3 | EventType=application | SourceNode=ns=1;s=MotorSource3
[Anomaly Input] [2026-08-11 15:40:08.075 (UTC)] info/application	[Sensor] Updated distance: 35.36569058213648 cm | Severity=75 | SourceName=Sensor2 | EventType=application | SourceNode=ns=1;s=SensorSource2
[Anomaly Input] [2026-08-11 15:40:08.075 (UTC)] info/application	[Sensor] Updated distance: 39.264571400948135 cm | Severity=75 | SourceName=Sensor3 | EventType=application | SourceNode=ns=1;s=SensorSource3
[Anomaly Input] [2026-08-11 15:40:08.156 (UTC)] info/application	[Sensor] Updated distance: 22.163363920600787 cm | Severity=75 | SourceName=Sensor | EventType=application | SourceNode=ns=1;s=SensorSource
[Anomaly Input] [2026-08-11 15:40:08.156 (UTC)] info/application	[Motor] Received distance: 35.36569058213648 cm | Severity=75 | SourceName=Motor2 | EventType=application | SourceNode=ns=1;s=MotorSource2
[Anomaly Input] [2026-08-11 15:40:08.156 (UTC)] info/application	[Motor] Received distance: 39.264571400948135 cm | Severity=75 | SourceName=Motor3 | EventType=application | SourceNode=ns=1;s=MotorSource3
[Anomaly Input] [2026-08-11 15:40:08.160 (UTC)] info/application	[Motor] Received distance: 22.163363920600787 cm | Severity=75 | SourceName=Motor | EventType=application | SourceNode=ns=1;s=MotorSource
[Anomaly Input] [2026-08-11 15:40:08.156 (UTC)] info/application	[Motor] Distance safe (35.36569058213648); rotating motor to 90 degrees | Severity=75 | SourceName=Motor2 | EventType=application | SourceNode=ns=1;s=MotorSource2
[Anomaly Input] [2026-08-11 15:40:08.156 (UTC)] info/application	[Motor] Distance safe (39.264571400948135); rotating motor to 90 degrees | Severity=75 | SourceName=Motor3 | EventType=application | SourceNode=ns=1;s=MotorSource3
[Anomaly Input] [2026-08-11 15:40:08.160 (UTC)] info/application	[Motor] Distance safe (22.163363920600787); rotating motor to 90 degrees | Severity=75 | SourceName=Motor | EventType=application | SourceNode=ns=1;s=MotorSource
[Anomaly Input] [2026-08-11 15:40:09.076 (UTC)] info/application	[Sensor] Updated distance: 22.83618136720554 cm | Severity=75 | SourceName=Sensor2 | EventType=application | SourceNode=ns=1;s=SensorSource2
[Anomaly Input] [2026-08-11 15:40:09.076 (UTC)] info/application	[Sensor] Updated distance: 28.701949973917543 cm | Severity=75 | SourceName=Sensor3 | EventType=application | SourceNode=ns=1;s=SensorSource3
[Anomaly Input] [2026-08-11 15:40:09.157 (UTC)] info/application	[Sensor] Updated distance: 5.824545273475603 cm | Severity=75 | SourceName=Sensor | EventType=application | SourceNode=ns=1;s=SensorSource
[Anomaly Input] [2026-08-11 15:40:09.161 (UTC)] info/application	[Motor] Received distance: 5.824545273475603 cm | Severity=75 | SourceName=Motor | EventType=application | SourceNode=ns=1;s=MotorSource
[Anomaly Input] [2026-08-11 15:40:09.161 (UTC)] info/application	[Motor] Received distance: 22.83618136720554 cm | Severity=75 | SourceName=Motor2 | EventType=application | SourceNode=ns=1;s=MotorSource2
[Anomaly Input] [2026-08-11 15:40:09.161 (UTC)] info/application	[Motor] Received distance: 28.701949973917543 cm | Severity=75 | SourceName=Motor3 | EventType=application | SourceNode=ns=1;s=MotorSource3
[Anomaly Input] [2026-08-11 15:40:09.161 (UTC)] warn/application	[Motor] Distance too close (5.824545273475603); rotating motor to 0 degrees | Severity=175 | SourceName=Motor | EventType=application | SourceNode=ns=1;s=MotorSource
[Anomaly Input] [2026-08-11 15:40:09.161 (UTC)] info/application	[Motor] Distance safe (22.83618136720554); rotating motor to 90 degrees | Severity=75 | SourceName=Motor2 | EventType=application | SourceNode=ns=1;s=MotorSource2
[Anomaly Input] [2026-08-11 15:40:09.161 (UTC)] info/application	[Motor] Distance safe (28.701949973917543); rotating motor to 90 degrees | Severity=75 | SourceName=Motor3 | EventType=application | SourceNode=ns=1;s=MotorSource3
[Anomaly Input] [2026-08-11 15:40:10.067 (UTC)] info/application	[Sensor] Updated distance: 21.176397347439263 cm | Severity=75 | SourceName=Sensor2 | EventType=application | SourceNode=ns=1;s=SensorSource2
[Anomaly Input] [2026-08-11 15:40:10.077 (UTC)] info/application	[Sensor] Updated distance: 38.43174264041322 cm | Severity=75 | SourceName=Sensor3 | EventType=application | SourceNode=ns=1;s=SensorSource3
[Anomaly Input] [2026-08-11 15:40:10.158 (UTC)] info/application	[Sensor] Updated distance: 35.14086764358956 cm | Severity=75 | SourceName=Sensor | EventType=application | SourceNode=ns=1;s=SensorSource
[Anomaly Input] [2026-08-11 15:40:10.158 (UTC)] info/application	[Motor] Received distance: 35.14086764358956 cm | Severity=75 | SourceName=Motor | EventType=application | SourceNode=ns=1;s=MotorSource
[Anomaly Input] [2026-08-11 15:40:10.162 (UTC)] info/application	[Motor] Received distance: 21.176397347439263 cm | Severity=75 | SourceName=Motor2 | EventType=application | SourceNode=ns=1;s=MotorSource2
[Anomaly Input] [2026-08-11 15:40:10.162 (UTC)] info/application	[Motor] Received distance: 38.43174264041322 cm | Severity=75 | SourceName=Motor3 | EventType=application | SourceNode=ns=1;s=MotorSource3
[Anomaly Input] [2026-08-11 15:40:10.158 (UTC)] info/application	[Motor] Distance safe (35.14086764358956); rotating motor to 90 degrees | Severity=75 | SourceName=Motor | EventType=application | SourceNode=ns=1;s=MotorSource
[Anomaly Input] [2026-08-11 15:40:10.162 (UTC)] info/application	[Motor] Distance safe (38.43174264041322); rotating motor to 90 degrees | Severity=75 | SourceName=Motor3 | EventType=application | SourceNode=ns=1;s=MotorSource3
[Anomaly Input] [2026-08-11 15:40:10.162 (UTC)] info/application	[Motor] Distance safe (21.176397347439263); rotating motor to 90 degrees | Severity=75 | SourceName=Motor2 | EventType=application | SourceNode=ns=1;s=MotorSource2
[Anomaly Input] [2026-08-11 15:40:11.068 (UTC)] info/application	[Sensor] Updated distance: 13.949419891438176 cm | Severity=75 | SourceName=Sensor2 | EventType=application | SourceNode=ns=1;s=SensorSource2
[Anomaly Input] [2026-08-11 15:40:11.078 (UTC)] info/application	[Sensor] Updated distance: 25.624346267257046 cm | Severity=75 | SourceName=Sensor3 | EventType=application | SourceNode=ns=1;s=SensorSource3
[Anomaly Input] [2026-08-11 15:40:11.159 (UTC)] info/application	[Sensor] Updated distance: 49.364584549965606 cm | Severity=75 | SourceName=Sensor | EventType=application | SourceNode=ns=1;s=SensorSource
[Anomaly Input] [2026-08-11 15:40:11.160 (UTC)] info/application	[Motor] Received distance: 49.364584549965606 cm | Severity=75 | SourceName=Motor | EventType=application | SourceNode=ns=1;s=MotorSource
[Anomaly Input] [2026-08-11 15:40:11.162 (UTC)] info/application	[Motor] Received distance: 25.624346267257046 cm | Severity=75 | SourceName=Motor3 | EventType=application | SourceNode=ns=1;s=MotorSource3
[Anomaly Input] [2026-08-11 15:40:11.162 (UTC)] info/application	[Motor] Received distance: 13.949419891438176 cm | Severity=75 | SourceName=Motor2 | EventType=application | SourceNode=ns=1;s=MotorSource2
[Anomaly Input] [2026-08-11 15:40:11.160 (UTC)] info/application	[Motor] Distance safe (49.364584549965606); rotating motor to 90 degrees | Severity=75 | SourceName=Motor | EventType=application | SourceNode=ns=1;s=MotorSource
[Anomaly Input] [2026-08-11 15:40:11.162 (UTC)] info/application	[Motor] Distance safe (25.624346267257046); rotating motor to 90 degrees | Severity=75 | SourceName=Motor3 | EventType=application | SourceNode=ns=1;s=MotorSource3
[Anomaly Input] [2026-08-11 15:40:11.162 (UTC)] warn/application	[Motor] Distance too close (13.949419891438176); rotating motor to 0 degrees | Severity=175 | SourceName=Motor2 | EventType=application | SourceNode=ns=1;s=MotorSource2
[Anomaly Input] [2026-08-11 15:40:12.070 (UTC)] info/application	[Sensor] Updated distance: 40.59232253143206 cm | Severity=75 | SourceName=Sensor2 | EventType=application | SourceNode=ns=1;s=SensorSource2
[Anomaly Input] [2026-08-11 15:40:12.070 (UTC)] info/application	[Sensor] Updated distance: 15.140908500710925 cm | Severity=75 | SourceName=Sensor3 | EventType=application | SourceNode=ns=1;s=SensorSource3
[Anomaly Input] [2026-08-11 15:40:12.161 (UTC)] info/application	[Sensor] Updated distance: 2.6139258149144826 cm | Severity=75 | SourceName=Sensor | EventType=application | SourceNode=ns=1;s=SensorSource
[Anomaly Input] [2026-08-11 15:40:12.162 (UTC)] info/application	[Motor] Received distance: 40.59232253143206 cm | Severity=75 | SourceName=Motor2 | EventType=application | SourceNode=ns=1;s=MotorSource2
[Anomaly Input] [2026-08-11 15:40:12.162 (UTC)] info/application	[Motor] Received distance: 15.140908500710925 cm | Severity=75 | SourceName=Motor3 | EventType=application | SourceNode=ns=1;s=MotorSource3
[Anomaly Input] [2026-08-11 15:40:12.170 (UTC)] info/application	[Motor] Received distance: 2.6139258149144826 cm | Severity=75 | SourceName=Motor | EventType=application | SourceNode=ns=1;s=MotorSource
[Anomaly Input] [2026-08-11 15:40:12.162 (UTC)] info/application	[Motor] Distance safe (40.59232253143206); rotating motor to 90 degrees | Severity=75 | SourceName=Motor2 | EventType=application | SourceNode=ns=1;s=MotorSource2
[Anomaly Input] [2026-08-11 15:40:12.162 (UTC)] warn/application	[Motor] Distance too close (15.140908500710925); rotating motor to 0 degrees | Severity=175 | SourceName=Motor3 | EventType=application | SourceNode=ns=1;s=MotorSource3
[Anomaly Input] [2026-08-11 15:40:12.170 (UTC)] warn/application	[Motor] Distance too close (2.6139258149144826); rotating motor to 0 degrees | Severity=175 | SourceName=Motor | EventType=application | SourceNode=ns=1;s=MotorSource
[Anomaly Input] [2026-08-11 15:40:13.071 (UTC)] info/application	[Sensor] Updated distance: 39.529274652492845 cm | Severity=75 | SourceName=Sensor2 | EventType=application | SourceNode=ns=1;s=SensorSource2
[Anomaly Input] [2026-08-11 15:40:13.071 (UTC)] info/application	[Sensor] Updated distance: 20.148973227547934 cm | Severity=75 | SourceName=Sensor3 | EventType=application | SourceNode=ns=1;s=SensorSource3
[Anomaly Input] [2026-08-11 15:40:13.152 (UTC)] info/application	[Sensor] Updated distance: 11.11847286350954 cm | Severity=75 | SourceName=Sensor | EventType=application | SourceNode=ns=1;s=SensorSource
[Anomaly Input] [2026-08-11 15:40:13.152 (UTC)] info/application	[Motor] Received distance: 39.529274652492845 cm | Severity=75 | SourceName=Motor2 | EventType=application | SourceNode=ns=1;s=MotorSource2
[Anomaly Input] [2026-08-11 15:40:13.152 (UTC)] info/application	[Motor] Received distance: 20.148973227547934 cm | Severity=75 | SourceName=Motor3 | EventType=application | SourceNode=ns=1;s=MotorSource3
[Anomaly Input] [2026-08-11 15:40:13.160 (UTC)] info/application	[Motor] Received distance: 11.11847286350954 cm | Severity=75 | SourceName=Motor | EventType=application | SourceNode=ns=1;s=MotorSource
[Anomaly Input] [2026-08-11 15:40:13.152 (UTC)] info/application	[Motor] Distance safe (39.529274652492845); rotating motor to 90 degrees | Severity=75 | SourceName=Motor2 | EventType=application | SourceNode=ns=1;s=MotorSource2
[Anomaly Input] [2026-08-11 15:40:13.152 (UTC)] info/application	[Motor] Distance safe (20.148973227547934); rotating motor to 90 degrees | Severity=75 | SourceName=Motor3 | EventType=application | SourceNode=ns=1;s=MotorSource3
[Anomaly Input] [2026-08-11 15:40:13.160 (UTC)] warn/application	[Motor] Distance too close (11.11847286350954); rotating motor to 0 degrees | Severity=175 | SourceName=Motor | EventType=application | SourceNode=ns=1;s=MotorSource
[Anomaly Input] [2026-08-11 15:40:14.072 (UTC)] info/application	[Sensor] Updated distance: 22.207844043247327 cm | Severity=75 | SourceName=Sensor3 | EventType=application | SourceNode=ns=1;s=SensorSource3
[Anomaly Input] [2026-08-11 15:40:14.072 (UTC)] info/application	[Sensor] Updated distance: 5.9730258826040785 cm | Severity=75 | SourceName=Sensor2 | EventType=application | SourceNode=ns=1;s=SensorSource2
[Anomaly Input] [2026-08-11 15:40:14.153 (UTC)] info/application	[Sensor] Updated distance: 21.346000687845983 cm | Severity=75 | SourceName=Sensor | EventType=application | SourceNode=ns=1;s=SensorSource
[Anomaly Input] [2026-08-11 15:40:14.153 (UTC)] info/application	[Motor] Received distance: 21.346000687845983 cm | Severity=75 | SourceName=Motor | EventType=application | SourceNode=ns=1;s=MotorSource
[Anomaly Input] [2026-08-11 15:40:14.162 (UTC)] info/application	[Motor] Received distance: 22.207844043247327 cm | Severity=75 | SourceName=Motor3 | EventType=application | SourceNode=ns=1;s=MotorSource3
[Anomaly Input] [2026-08-11 15:40:14.162 (UTC)] info/application	[Motor] Received distance: 5.9730258826040785 cm | Severity=75 | SourceName=Motor2 | EventType=application | SourceNode=ns=1;s=MotorSource2
[Anomaly Input] [2026-08-11 15:40:14.153 (UTC)] info/application	[Motor] Distance safe (21.346000687845983); rotating motor to 90 degrees | Severity=75 | SourceName=Motor | EventType=application | SourceNode=ns=1;s=MotorSource
[Anomaly Input] [2026-08-11 15:40:14.162 (UTC)] info/application	[Motor] Distance safe (22.207844043247327); rotating motor to 90 degrees | Severity=75 | SourceName=Motor3 | EventType=application | SourceNode=ns=1;s=MotorSource3
[Anomaly Input] [2026-08-11 15:40:14.162 (UTC)] warn/application	[Motor] Distance too close (5.9730258826040785); rotating motor to 0 degrees | Severity=175 | SourceName=Motor2 | EventType=application | SourceNode=ns=1;s=MotorSource2
[Anomaly Input] [2026-08-11 15:40:15.073 (UTC)] info/application	[Sensor] Updated distance: 4.810206220862551 cm | Severity=75 | SourceName=Sensor2 | EventType=application | SourceNode=ns=1;s=SensorSource2
[Anomaly Input] [2026-08-11 15:40:15.073 (UTC)] info/application	[Sensor] Updated distance: 25.471075009308322 cm | Severity=75 | SourceName=Sensor3 | EventType=application | SourceNode=ns=1;s=SensorSource3
[Anomaly Input] [2026-08-11 15:40:15.154 (UTC)] info/application	[Sensor] Updated distance: 8.826406236191469 cm | Severity=75 | SourceName=Sensor | EventType=application | SourceNode=ns=1;s=SensorSource
[Anomaly Input] [2026-08-11 15:40:15.155 (UTC)] info/application	[Motor] Received distance: 4.810206220862551 cm | Severity=75 | SourceName=Motor2 | EventType=application | SourceNode=ns=1;s=MotorSource2
[Anomaly Input] [2026-08-11 15:40:15.155 (UTC)] info/application	[Motor] Received distance: 25.471075009308322 cm | Severity=75 | SourceName=Motor3 | EventType=application | SourceNode=ns=1;s=MotorSource3
[Anomaly Input] [2026-08-11 15:40:15.160 (UTC)] info/application	[Motor] Received distance: 8.826406236191469 cm | Severity=75 | SourceName=Motor | EventType=application | SourceNode=ns=1;s=MotorSource
[Anomaly Input] [2026-08-11 15:40:15.155 (UTC)] info/application	[Motor] Distance safe (25.471075009308322); rotating motor to 90 degrees | Severity=75 | SourceName=Motor3 | EventType=application | SourceNode=ns=1;s=MotorSource3
[Anomaly Input] [2026-08-11 15:40:15.155 (UTC)] warn/application	[Motor] Distance too close (4.810206220862551); rotating motor to 0 degrees | Severity=175 | SourceName=Motor2 | EventType=application | SourceNode=ns=1;s=MotorSource2
[Anomaly Input] [2026-08-11 15:40:15.160 (UTC)] warn/application	[Motor] Distance too close (8.826406236191469); rotating motor to 0 degrees | Severity=175 | SourceName=Motor | EventType=application | SourceNode=ns=1;s=MotorSource
[Anomaly Input] [2026-08-11 15:40:16.075 (UTC)] info/application	[Sensor] Updated distance: 21.789673508978296 cm | Severity=75 | SourceName=Sensor3 | EventType=application | SourceNode=ns=1;s=SensorSource3
[Anomaly Input] [2026-08-11 15:40:16.075 (UTC)] info/application	[Sensor] Updated distance: 31.284094846474048 cm | Severity=75 | SourceName=Sensor2 | EventType=application | SourceNode=ns=1;s=SensorSource2
[Anomaly Input] [2026-08-11 15:40:16.156 (UTC)] info/application	[Sensor] Updated distance: 49.47247900044195 cm | Severity=75 | SourceName=Sensor | EventType=application | SourceNode=ns=1;s=SensorSource
[Anomaly Input] [2026-08-11 15:40:16.161 (UTC)] info/application	[Motor] Received distance: 31.284094846474048 cm | Severity=75 | SourceName=Motor2 | EventType=application | SourceNode=ns=1;s=MotorSource2
[Anomaly Input] [2026-08-11 15:40:16.161 (UTC)] info/application	[Motor] Received distance: 21.789673508978296 cm | Severity=75 | SourceName=Motor3 | EventType=application | SourceNode=ns=1;s=MotorSource3
[Anomaly Input] [2026-08-11 15:40:16.161 (UTC)] info/application	[Motor] Received distance: 49.47247900044195 cm | Severity=75 | SourceName=Motor | EventType=application | SourceNode=ns=1;s=MotorSource
[Anomaly Input] [2026-08-11 15:40:16.161 (UTC)] info/application	[Motor] Distance safe (31.284094846474048); rotating motor to 90 degrees | Severity=75 | SourceName=Motor2 | EventType=application | SourceNode=ns=1;s=MotorSource2
[Anomaly Input] [2026-08-11 15:40:16.161 (UTC)] info/application	[Motor] Distance safe (21.789673508978296); rotating motor to 90 degrees | Severity=75 | SourceName=Motor3 | EventType=application | SourceNode=ns=1;s=MotorSource3
[Anomaly Input] [2026-08-11 15:40:16.161 (UTC)] info/application	[Motor] Distance safe (49.47247900044195); rotating motor to 90 degrees | Severity=75 | SourceName=Motor | EventType=application | SourceNode=ns=1;s=MotorSource
[Anomaly Input] [2026-08-11 15:40:17.076 (UTC)] info/application	[Sensor] Updated distance: 5.266671770842127 cm | Severity=75 | SourceName=Sensor2 | EventType=application | SourceNode=ns=1;s=SensorSource2
[Anomaly Input] [2026-08-11 15:40:17.076 (UTC)] info/application	[Sensor] Updated distance: 23.325012619292835 cm | Severity=75 | SourceName=Sensor3 | EventType=application | SourceNode=ns=1;s=SensorSource3
[Anomaly Input] [2026-08-11 15:40:17.156 (UTC)] info/application	[Sensor] Updated distance: 19.26263184904243 cm | Severity=75 | SourceName=Sensor | EventType=application | SourceNode=ns=1;s=SensorSource
[Anomaly Input] [2026-08-11 15:40:17.157 (UTC)] info/application	[Motor] Received distance: 19.26263184904243 cm | Severity=75 | SourceName=Motor | EventType=application | SourceNode=ns=1;s=MotorSource
[Anomaly Input] [2026-08-11 15:40:17.162 (UTC)] info/application	[Motor] Received distance: 23.325012619292835 cm | Severity=75 | SourceName=Motor3 | EventType=application | SourceNode=ns=1;s=MotorSource3
[Anomaly Input] [2026-08-11 15:40:17.162 (UTC)] info/application	[Motor] Received distance: 5.266671770842127 cm | Severity=75 | SourceName=Motor2 | EventType=application | SourceNode=ns=1;s=MotorSource2
[Anomaly Input] [2026-08-11 15:40:17.157 (UTC)] warn/application	[Motor] Distance too close (19.26263184904243); rotating motor to 0 degrees | Severity=175 | SourceName=Motor | EventType=application | SourceNode=ns=1;s=MotorSource
[Anomaly Input] [2026-08-11 15:40:17.162 (UTC)] info/application	[Motor] Distance safe (23.325012619292835); rotating motor to 90 degrees | Severity=75 | SourceName=Motor3 | EventType=application | SourceNode=ns=1;s=MotorSource3
[Anomaly Input] [2026-08-11 15:40:17.162 (UTC)] warn/application	[Motor] Distance too close (5.266671770842127); rotating motor to 0 degrees | Severity=175 | SourceName=Motor2 | EventType=application | SourceNode=ns=1;s=MotorSource2
[Anomaly Input] [2026-08-11 15:40:18.077 (UTC)] info/application	[Sensor] Updated distance: 28.521941875350635 cm | Severity=75 | SourceName=Sensor2 | EventType=application | SourceNode=ns=1;s=SensorSource2
[Anomaly Input] [2026-08-11 15:40:18.077 (UTC)] info/application	[Sensor] Updated distance: 39.75965197652562 cm | Severity=75 | SourceName=Sensor3 | EventType=application | SourceNode=ns=1;s=SensorSource3
[Anomaly Input] [2026-08-11 15:40:18.158 (UTC)] info/application	[Sensor] Updated distance: 34.531834557900126 cm | Severity=75 | SourceName=Sensor | EventType=application | SourceNode=ns=1;s=SensorSource
[Anomaly Input] [2026-08-11 15:40:18.158 (UTC)] info/application	[Motor] Received distance: 39.75965197652562 cm | Severity=75 | SourceName=Motor3 | EventType=application | SourceNode=ns=1;s=MotorSource3
[Anomaly Input] [2026-08-11 15:40:18.158 (UTC)] info/application	[Motor] Received distance: 28.521941875350635 cm | Severity=75 | SourceName=Motor2 | EventType=application | SourceNode=ns=1;s=MotorSource2
[Anomaly Input] [2026-08-11 15:40:18.160 (UTC)] info/application	[Motor] Received distance: 34.531834557900126 cm | Severity=75 | SourceName=Motor | EventType=application | SourceNode=ns=1;s=MotorSource
[Anomaly Input] [2026-08-11 15:40:18.158 (UTC)] info/application	[Motor] Distance safe (39.75965197652562); rotating motor to 90 degrees | Severity=75 | SourceName=Motor3 | EventType=application | SourceNode=ns=1;s=MotorSource3
[Anomaly Input] [2026-08-11 15:40:18.158 (UTC)] info/application	[Motor] Distance safe (28.521941875350635); rotating motor to 90 degrees | Severity=75 | SourceName=Motor2 | EventType=application | SourceNode=ns=1;s=MotorSource2
[Anomaly Input] [2026-08-11 15:40:18.160 (UTC)] info/application	[Motor] Distance safe (34.531834557900126); rotating motor to 90 degrees | Severity=75 | SourceName=Motor | EventType=application | SourceNode=ns=1;s=MotorSource
[Anomaly Input] [2026-08-11 15:40:19.067 (UTC)] info/application	[Sensor] Updated distance: 20.172891290007573 cm | Severity=75 | SourceName=Sensor2 | EventType=application | SourceNode=ns=1;s=SensorSource2
[Anomaly Input] [2026-08-11 15:40:19.078 (UTC)] info/application	[Sensor] Updated distance: 22.95746562860788 cm | Severity=75 | SourceName=Sensor3 | EventType=application | SourceNode=ns=1;s=SensorSource3
[Anomaly Input] [2026-08-11 15:40:19.158 (UTC)] info/application	[Sensor] Updated distance: 30.56264139551792 cm | Severity=75 | SourceName=Sensor | EventType=application | SourceNode=ns=1;s=SensorSource
[Anomaly Input] [2026-08-11 15:40:19.161 (UTC)] info/application	[Motor] Received distance: 30.56264139551792 cm | Severity=75 | SourceName=Motor | EventType=application | SourceNode=ns=1;s=MotorSource
[Anomaly Input] [2026-08-11 15:40:19.161 (UTC)] info/application	[Motor] Received distance: 22.95746562860788 cm | Severity=75 | SourceName=Motor3 | EventType=application | SourceNode=ns=1;s=MotorSource3
[Anomaly Input] [2026-08-11 15:40:19.162 (UTC)] info/application	[Motor] Received distance: 20.172891290007573 cm | Severity=75 | SourceName=Motor2 | EventType=application | SourceNode=ns=1;s=MotorSource2
[Anomaly Input] [2026-08-11 15:40:19.161 (UTC)] info/application	[Motor] Distance safe (30.56264139551792); rotating motor to 90 degrees | Severity=75 | SourceName=Motor | EventType=application | SourceNode=ns=1;s=MotorSource
[Anomaly Input] [2026-08-11 15:40:19.161 (UTC)] info/application	[Motor] Distance safe (22.95746562860788); rotating motor to 90 degrees | Severity=75 | SourceName=Motor3 | EventType=application | SourceNode=ns=1;s=MotorSource3
[Anomaly Input] [2026-08-11 15:40:19.162 (UTC)] info/application	[Motor] Distance safe (20.172891290007573); rotating motor to 90 degrees | Severity=75 | SourceName=Motor2 | EventType=application | SourceNode=ns=1;s=MotorSource2
[Anomaly Input] [2026-08-11 15:40:20.068 (UTC)] info/application	[Sensor] Updated distance: 36.07789948679409 cm | Severity=75 | SourceName=Sensor2 | EventType=application | SourceNode=ns=1;s=SensorSource2
[Anomaly Input] [2026-08-11 15:40:20.079 (UTC)] info/application	[Sensor] Updated distance: 41.070001001968045 cm | Severity=75 | SourceName=Sensor3 | EventType=application | SourceNode=ns=1;s=SensorSource3
[Anomaly Input] [2026-08-11 15:40:20.159 (UTC)] info/application	[Sensor] Updated distance: 12.277518880682774 cm | Severity=75 | SourceName=Sensor | EventType=application | SourceNode=ns=1;s=SensorSource
[Anomaly Input] [2026-08-11 15:40:20.159 (UTC)] info/application	[Motor] Received distance: 12.277518880682774 cm | Severity=75 | SourceName=Motor | EventType=application | SourceNode=ns=1;s=MotorSource
[Anomaly Input] [2026-08-11 15:40:20.160 (UTC)] info/application	[Motor] Received distance: 36.07789948679409 cm | Severity=75 | SourceName=Motor2 | EventType=application | SourceNode=ns=1;s=MotorSource2
[Anomaly Input] [2026-08-11 15:40:20.162 (UTC)] info/application	[Motor] Received distance: 41.070001001968045 cm | Severity=75 | SourceName=Motor3 | EventType=application | SourceNode=ns=1;s=MotorSource3
[Anomaly Input] [2026-08-11 15:40:20.159 (UTC)] warn/application	[Motor] Distance too close (12.277518880682774); rotating motor to 0 degrees | Severity=175 | SourceName=Motor | EventType=application | SourceNode=ns=1;s=MotorSource
[Anomaly Input] [2026-08-11 15:40:20.160 (UTC)] info/application	[Motor] Distance safe (36.07789948679409); rotating motor to 90 degrees | Severity=75 | SourceName=Motor2 | EventType=application | SourceNode=ns=1;s=MotorSource2
[Anomaly Input] [2026-08-11 15:40:20.162 (UTC)] info/application	[Motor] Distance safe (41.070001001968045); rotating motor to 90 degrees | Severity=75 | SourceName=Motor3 | EventType=application | SourceNode=ns=1;s=MotorSource3
[Anomaly Input] [2026-08-11 15:40:21.069 (UTC)] info/application	[Sensor] Updated distance: 13.529417386059377 cm | Severity=75 | SourceName=Sensor2 | EventType=application | SourceNode=ns=1;s=SensorSource2
[Anomaly Input] [2026-08-11 15:40:21.079 (UTC)] info/application	[Sensor] Updated distance: 32.52198214015084 cm | Severity=75 | SourceName=Sensor3 | EventType=application | SourceNode=ns=1;s=SensorSource3
[Anomaly Input] [2026-08-11 15:40:21.160 (UTC)] info/application	[Sensor] Updated distance: 10.296938460458506 cm | Severity=75 | SourceName=Sensor | EventType=application | SourceNode=ns=1;s=SensorSource
[Anomaly Input] [2026-08-11 15:40:21.160 (UTC)] info/application	[Motor] Received distance: 32.52198214015084 cm | Severity=75 | SourceName=Motor3 | EventType=application | SourceNode=ns=1;s=MotorSource3
[Anomaly Input] [2026-08-11 15:40:21.160 (UTC)] info/application	[Motor] Received distance: 10.296938460458506 cm | Severity=75 | SourceName=Motor | EventType=application | SourceNode=ns=1;s=MotorSource
[Anomaly Input] [2026-08-11 15:40:21.161 (UTC)] info/application	[Motor] Received distance: 13.529417386059377 cm | Severity=75 | SourceName=Motor2 | EventType=application | SourceNode=ns=1;s=MotorSource2
[Anomaly Input] [2026-08-11 15:40:21.160 (UTC)] info/application	[Motor] Distance safe (32.52198214015084); rotating motor to 90 degrees | Severity=75 | SourceName=Motor3 | EventType=application | SourceNode=ns=1;s=MotorSource3
[Anomaly Input] [2026-08-11 15:40:21.160 (UTC)] warn/application	[Motor] Distance too close (10.296938460458506); rotating motor to 0 degrees | Severity=175 | SourceName=Motor | EventType=application | SourceNode=ns=1;s=MotorSource
[Anomaly Input] [2026-08-11 15:40:21.161 (UTC)] warn/application	[Motor] Distance too close (13.529417386059377); rotating motor to 0 degrees | Severity=175 | SourceName=Motor2 | EventType=application | SourceNode=ns=1;s=MotorSource2
[Anomaly Input] [2026-08-11 15:40:22.070 (UTC)] info/application	[Sensor] Updated distance: 26.58937954557565 cm | Severity=75 | SourceName=Sensor3 | EventType=application | SourceNode=ns=1;s=SensorSource3
[Anomaly Input] [2026-08-11 15:40:22.070 (UTC)] info/application	[Sensor] Updated distance: 45.57858094367133 cm | Severity=75 | SourceName=Sensor2 | EventType=application | SourceNode=ns=1;s=SensorSource2
[Anomaly Input] [2026-08-11 15:40:22.161 (UTC)] info/application	[Sensor] Updated distance: 48.64913587209262 cm | Severity=75 | SourceName=Sensor | EventType=application | SourceNode=ns=1;s=SensorSource
[Anomaly Input] [2026-08-11 15:40:22.161 (UTC)] info/application	[Motor] Received distance: 26.58937954557565 cm | Severity=75 | SourceName=Motor3 | EventType=application | SourceNode=ns=1;s=MotorSource3
[Anomaly Input] [2026-08-11 15:40:22.162 (UTC)] info/application	[Motor] Received distance: 45.57858094367133 cm | Severity=75 | SourceName=Motor2 | EventType=application | SourceNode=ns=1;s=MotorSource2
[Anomaly Input] [2026-08-11 15:40:22.169 (UTC)] info/application	[Motor] Received distance: 48.64913587209262 cm | Severity=75 | SourceName=Motor | EventType=application | SourceNode=ns=1;s=MotorSource
[Anomaly Input] [2026-08-11 15:40:22.161 (UTC)] info/application	[Motor] Distance safe (26.58937954557565); rotating motor to 90 degrees | Severity=75 | SourceName=Motor3 | EventType=application | SourceNode=ns=1;s=MotorSource3
[Anomaly Input] [2026-08-11 15:40:22.162 (UTC)] info/application	[Motor] Distance safe (45.57858094367133); rotating motor to 90 degrees | Severity=75 | SourceName=Motor2 | EventType=application | SourceNode=ns=1;s=MotorSource2
[Anomaly Input] [2026-08-11 15:40:22.169 (UTC)] info/application	[Motor] Distance safe (48.64913587209262); rotating motor to 90 degrees | Severity=75 | SourceName=Motor | EventType=application | SourceNode=ns=1;s=MotorSource
[Anomaly Input] [2026-08-11 15:40:23.071 (UTC)] info/application	[Sensor] Updated distance: 33.36699011892406 cm | Severity=75 | SourceName=Sensor2 | EventType=application | SourceNode=ns=1;s=SensorSource2
[Anomaly Input] [2026-08-11 15:40:23.071 (UTC)] info/application	[Sensor] Updated distance: 43.738327708904784 cm | Severity=75 | SourceName=Sensor3 | EventType=application | SourceNode=ns=1;s=SensorSource3
[Anomaly Input] [2026-08-11 15:40:23.162 (UTC)] info/application	[Sensor] Updated distance: 19.691107072723614 cm | Severity=75 | SourceName=Sensor | EventType=application | SourceNode=ns=1;s=SensorSource
[Anomaly Input] [2026-08-11 15:40:23.162 (UTC)] info/application	[Motor] Received distance: 19.691107072723614 cm | Severity=75 | SourceName=Motor | EventType=application | SourceNode=ns=1;s=MotorSource
[Anomaly Input] [2026-08-11 15:40:23.162 (UTC)] info/application	[Motor] Received distance: 43.738327708904784 cm | Severity=75 | SourceName=Motor3 | EventType=application | SourceNode=ns=1;s=MotorSource3
[Anomaly Input] [2026-08-11 15:40:23.162 (UTC)] info/application	[Motor] Received distance: 33.36699011892406 cm | Severity=75 | SourceName=Motor2 | EventType=application | SourceNode=ns=1;s=MotorSource2
[Anomaly Input] [2026-08-11 15:40:23.162 (UTC)] warn/application	[Motor] Distance too close (19.691107072723614); rotating motor to 0 degrees | Severity=175 | SourceName=Motor | EventType=application | SourceNode=ns=1;s=MotorSource
[Anomaly Input] [2026-08-11 15:40:23.162 (UTC)] info/application	[Motor] Distance safe (43.738327708904784); rotating motor to 90 degrees | Severity=75 | SourceName=Motor3 | EventType=application | SourceNode=ns=1;s=MotorSource3
[Anomaly Input] [2026-08-11 15:40:23.162 (UTC)] info/application	[Motor] Distance safe (33.36699011892406); rotating motor to 90 degrees | Severity=75 | SourceName=Motor2 | EventType=application | SourceNode=ns=1;s=MotorSource2
[Anomaly Input] [2026-08-11 15:40:24.072 (UTC)] info/application	[Sensor] Updated distance: 34.876691423764775 cm | Severity=75 | SourceName=Sensor3 | EventType=application | SourceNode=ns=1;s=SensorSource3
[Anomaly Input] [2026-08-11 15:40:24.072 (UTC)] info/application	[Sensor] Updated distance: 7.120394992232506 cm | Severity=75 | SourceName=Sensor2 | EventType=application | SourceNode=ns=1;s=SensorSource2
[Anomaly Input] [2026-08-11 15:40:24.153 (UTC)] info/application	[Sensor] Updated distance: 2.7373532507276876 cm | Severity=75 | SourceName=Sensor | EventType=application | SourceNode=ns=1;s=SensorSource
[Anomaly Input] [2026-08-11 15:40:24.153 (UTC)] info/application	[Motor] Received distance: 7.120394992232506 cm | Severity=75 | SourceName=Motor2 | EventType=application | SourceNode=ns=1;s=MotorSource2
[Anomaly Input] [2026-08-11 15:40:24.153 (UTC)] info/application	[Motor] Received distance: 2.7373532507276876 cm | Severity=75 | SourceName=Motor | EventType=application | SourceNode=ns=1;s=MotorSource
[Anomaly Input] [2026-08-11 15:40:24.153 (UTC)] info/application	[Motor] Received distance: 34.876691423764775 cm | Severity=75 | SourceName=Motor3 | EventType=application | SourceNode=ns=1;s=MotorSource3
[Anomaly Input] [2026-08-11 15:40:24.153 (UTC)] info/application	[Motor] Distance safe (34.876691423764775); rotating motor to 90 degrees | Severity=75 | SourceName=Motor3 | EventType=application | SourceNode=ns=1;s=MotorSource3
[Anomaly Input] [2026-08-11 15:40:24.153 (UTC)] warn/application	[Motor] Distance too close (7.120394992232506); rotating motor to 0 degrees | Severity=175 | SourceName=Motor2 | EventType=application | SourceNode=ns=1;s=MotorSource2
[Anomaly Input] [2026-08-11 15:40:24.153 (UTC)] warn/application	[Motor] Distance too close (2.7373532507276876); rotating motor to 0 degrees | Severity=175 | SourceName=Motor | EventType=application | SourceNode=ns=1;s=MotorSource
[Anomaly Input] [2026-08-11 15:40:25.075 (UTC)] info/application	[Sensor] Updated distance: 43.1340262410855 cm | Severity=75 | SourceName=Sensor3 | EventType=application | SourceNode=ns=1;s=SensorSource3
[Anomaly Input] [2026-08-11 15:40:25.075 (UTC)] info/application	[Sensor] Updated distance: 47.009206010498666 cm | Severity=75 | SourceName=Sensor2 | EventType=application | SourceNode=ns=1;s=SensorSource2
[Anomaly Input] [2026-08-11 15:40:25.156 (UTC)] info/application	[Sensor] Updated distance: 36.655092985674315 cm | Severity=75 | SourceName=Sensor | EventType=application | SourceNode=ns=1;s=SensorSource
[Anomaly Input] [2026-08-11 15:40:25.160 (UTC)] info/application	[Motor] Received distance: 36.655092985674315 cm | Severity=75 | SourceName=Motor | EventType=application | SourceNode=ns=1;s=MotorSource
[Anomaly Input] [2026-08-11 15:40:25.161 (UTC)] info/application	[Motor] Received distance: 43.1340262410855 cm | Severity=75 | SourceName=Motor3 | EventType=application | SourceNode=ns=1;s=MotorSource3
[Anomaly Input] [2026-08-11 15:40:25.161 (UTC)] info/application	[Motor] Received distance: 47.009206010498666 cm | Severity=75 | SourceName=Motor2 | EventType=application | SourceNode=ns=1;s=MotorSource2
[Anomaly Input] [2026-08-11 15:40:25.160 (UTC)] info/application	[Motor] Distance safe (36.655092985674315); rotating motor to 90 degrees | Severity=75 | SourceName=Motor | EventType=application | SourceNode=ns=1;s=MotorSource
[Anomaly Input] [2026-08-11 15:40:25.161 (UTC)] info/application	[Motor] Distance safe (43.1340262410855); rotating motor to 90 degrees | Severity=75 | SourceName=Motor3 | EventType=application | SourceNode=ns=1;s=MotorSource3
[Anomaly Input] [2026-08-11 15:40:25.161 (UTC)] info/application	[Motor] Distance safe (47.009206010498666); rotating motor to 90 degrees | Severity=75 | SourceName=Motor2 | EventType=application | SourceNode=ns=1;s=MotorSource2
[Anomaly Input] [2026-08-11 15:40:26.067 (UTC)] info/application	[Sensor] Updated distance: 19.959636160153725 cm | Severity=75 | SourceName=Sensor2 | EventType=application | SourceNode=ns=1;s=SensorSource2
[Anomaly Input] [2026-08-11 15:40:26.078 (UTC)] info/application	[Sensor] Updated distance: 22.215420166130837 cm | Severity=75 | SourceName=Sensor3 | EventType=application | SourceNode=ns=1;s=SensorSource3
[Anomaly Input] [2026-08-11 15:40:26.159 (UTC)] info/application	[Motor] Received distance: 9.893421057562072 cm | Severity=75 | SourceName=Motor | EventType=application | SourceNode=ns=1;s=MotorSource
[Anomaly Input] [2026-08-11 15:40:26.158 (UTC)] info/application	[Sensor] Updated distance: 9.893421057562072 cm | Severity=75 | SourceName=Sensor | EventType=application | SourceNode=ns=1;s=SensorSource
[Anomaly Input] [2026-08-11 15:40:26.159 (UTC)] info/application	[Motor] Received distance: 22.215420166130837 cm | Severity=75 | SourceName=Motor3 | EventType=application | SourceNode=ns=1;s=MotorSource3
[Anomaly Input] [2026-08-11 15:40:26.159 (UTC)] info/application	[Motor] Received distance: 19.959636160153725 cm | Severity=75 | SourceName=Motor2 | EventType=application | SourceNode=ns=1;s=MotorSource2
[Anomaly Input] [2026-08-11 15:40:26.159 (UTC)] warn/application	[Motor] Distance too close (9.893421057562072); rotating motor to 0 degrees | Severity=175 | SourceName=Motor | EventType=application | SourceNode=ns=1;s=MotorSource
[Anomaly Input] [2026-08-11 15:40:26.159 (UTC)] info/application	[Motor] Distance safe (22.215420166130837); rotating motor to 90 degrees | Severity=75 | SourceName=Motor3 | EventType=application | SourceNode=ns=1;s=MotorSource3
[Anomaly Input] [2026-08-11 15:40:26.159 (UTC)] warn/application	[Motor] Distance too close (19.959636160153725); rotating motor to 0 degrees | Severity=175 | SourceName=Motor2 | EventType=application | SourceNode=ns=1;s=MotorSource2
[Anomaly Input] [2026-08-11 15:40:27.070 (UTC)] info/application	[Sensor] Updated distance: 31.752993195202663 cm | Severity=75 | SourceName=Sensor2 | EventType=application | SourceNode=ns=1;s=SensorSource2
[Anomaly Input] [2026-08-11 15:40:27.071 (UTC)] info/application	[Sensor] Updated distance: 21.877599315660817 cm | Severity=75 | SourceName=Sensor3 | EventType=application | SourceNode=ns=1;s=SensorSource3
[Anomaly Input] [2026-08-11 15:40:27.161 (UTC)] info/application	[Sensor] Updated distance: 4.991441407702602 cm | Severity=75 | SourceName=Sensor | EventType=application | SourceNode=ns=1;s=SensorSource
[Anomaly Input] [2026-08-11 15:40:27.162 (UTC)] info/application	[Motor] Received distance: 31.752993195202663 cm | Severity=75 | SourceName=Motor2 | EventType=application | SourceNode=ns=1;s=MotorSource2
[Anomaly Input] [2026-08-11 15:40:27.162 (UTC)] info/application	[Motor] Received distance: 21.877599315660817 cm | Severity=75 | SourceName=Motor3 | EventType=application | SourceNode=ns=1;s=MotorSource3
[Anomaly Input] [2026-08-11 15:40:27.170 (UTC)] info/application	[Motor] Received distance: 4.991441407702602 cm | Severity=75 | SourceName=Motor | EventType=application | SourceNode=ns=1;s=MotorSource
[Anomaly Input] [2026-08-11 15:40:27.162 (UTC)] info/application	[Motor] Distance safe (21.877599315660817); rotating motor to 90 degrees | Severity=75 | SourceName=Motor3 | EventType=application | SourceNode=ns=1;s=MotorSource3
[Anomaly Input] [2026-08-11 15:40:27.162 (UTC)] info/application	[Motor] Distance safe (31.752993195202663); rotating motor to 90 degrees | Severity=75 | SourceName=Motor2 | EventType=application | SourceNode=ns=1;s=MotorSource2
[Anomaly Input] [2026-08-11 15:40:27.170 (UTC)] warn/application	[Motor] Distance too close (4.991441407702602); rotating motor to 0 degrees | Severity=175 | SourceName=Motor | EventType=application | SourceNode=ns=1;s=MotorSource
[Anomaly Input] [2026-08-11 15:40:28.073 (UTC)] info/application	[Sensor] Updated distance: 41.3932123740172 cm | Severity=75 | SourceName=Sensor2 | EventType=application | SourceNode=ns=1;s=SensorSource2
[Anomaly Input] [2026-08-11 15:40:28.073 (UTC)] info/application	[Sensor] Updated distance: 45.82949945136416 cm | Severity=75 | SourceName=Sensor3 | EventType=application | SourceNode=ns=1;s=SensorSource3
[Anomaly Input] [2026-08-11 15:40:28.154 (UTC)] info/application	[Sensor] Updated distance: 48.35895825101014 cm | Severity=75 | SourceName=Sensor | EventType=application | SourceNode=ns=1;s=SensorSource
[Anomaly Input] [2026-08-11 15:40:28.154 (UTC)] info/application	[Motor] Received distance: 41.3932123740172 cm | Severity=75 | SourceName=Motor2 | EventType=application | SourceNode=ns=1;s=MotorSource2
[Anomaly Input] [2026-08-11 15:40:28.154 (UTC)] info/application	[Motor] Received distance: 45.82949945136416 cm | Severity=75 | SourceName=Motor3 | EventType=application | SourceNode=ns=1;s=MotorSource3
[Anomaly Input] [2026-08-11 15:40:28.160 (UTC)] info/application	[Motor] Received distance: 48.35895825101014 cm | Severity=75 | SourceName=Motor | EventType=application | SourceNode=ns=1;s=MotorSource
[Anomaly Input] [2026-08-11 15:40:28.154 (UTC)] info/application	[Motor] Distance safe (41.3932123740172); rotating motor to 90 degrees | Severity=75 | SourceName=Motor2 | EventType=application | SourceNode=ns=1;s=MotorSource2
[Anomaly Input] [2026-08-11 15:40:28.154 (UTC)] info/application	[Motor] Distance safe (45.82949945136416); rotating motor to 90 degrees | Severity=75 | SourceName=Motor3 | EventType=application | SourceNode=ns=1;s=MotorSource3
[Anomaly Input] [2026-08-11 15:40:28.160 (UTC)] info/application	[Motor] Distance safe (48.35895825101014); rotating motor to 90 degrees | Severity=75 | SourceName=Motor | EventType=application | SourceNode=ns=1;s=MotorSource
[Anomaly Input] [2026-08-11 15:40:29.074 (UTC)] info/application	[Sensor] Updated distance: 10.506268110362006 cm | Severity=75 | SourceName=Sensor2 | EventType=application | SourceNode=ns=1;s=SensorSource2
[Anomaly Input] [2026-08-11 15:40:29.074 (UTC)] info/application	[Sensor] Updated distance: 44.9685199237282 cm | Severity=75 | SourceName=Sensor3 | EventType=application | SourceNode=ns=1;s=SensorSource3
[Anomaly Input] [2026-08-11 15:40:29.154 (UTC)] info/application	[Sensor] Updated distance: 40.21105606398128 cm | Severity=75 | SourceName=Sensor | EventType=application | SourceNode=ns=1;s=SensorSource
[Anomaly Input] [2026-08-11 15:40:29.161 (UTC)] info/application	[Motor] Received distance: 40.21105606398128 cm | Severity=75 | SourceName=Motor | EventType=application | SourceNode=ns=1;s=MotorSource
[Anomaly Input] [2026-08-11 15:40:29.161 (UTC)] info/application	[Motor] Received distance: 44.9685199237282 cm | Severity=75 | SourceName=Motor3 | EventType=application | SourceNode=ns=1;s=MotorSource3
[Anomaly Input] [2026-08-11 15:40:29.161 (UTC)] info/application	[Motor] Received distance: 10.506268110362006 cm | Severity=75 | SourceName=Motor2 | EventType=application | SourceNode=ns=1;s=MotorSource2
[Anomaly Input] [2026-08-11 15:40:29.161 (UTC)] info/application	[Motor] Distance safe (44.9685199237282); rotating motor to 90 degrees | Severity=75 | SourceName=Motor3 | EventType=application | SourceNode=ns=1;s=MotorSource3
[Anomaly Input] [2026-08-11 15:40:29.161 (UTC)] info/application	[Motor] Distance safe (40.21105606398128); rotating motor to 90 degrees | Severity=75 | SourceName=Motor | EventType=application | SourceNode=ns=1;s=MotorSource
[Anomaly Input] [2026-08-11 15:40:29.161 (UTC)] warn/application	[Motor] Distance too close (10.506268110362006); rotating motor to 0 degrees | Severity=175 | SourceName=Motor2 | EventType=application | SourceNode=ns=1;s=MotorSource2
[Anomaly Input] [2026-08-11 15:40:30.075 (UTC)] info/application	[Sensor] Updated distance: 17.963329993171307 cm | Severity=75 | SourceName=Sensor3 | EventType=application | SourceNode=ns=1;s=SensorSource3
[Anomaly Input] [2026-08-11 15:40:30.075 (UTC)] info/application	[Sensor] Updated distance: 16.047967574581488 cm | Severity=75 | SourceName=Sensor2 | EventType=application | SourceNode=ns=1;s=SensorSource2
[Anomaly Input] [2026-08-11 15:40:30.156 (UTC)] info/application	[Sensor] Updated distance: 34.251296416042045 cm | Severity=75 | SourceName=Sensor | EventType=application | SourceNode=ns=1;s=SensorSource
[Anomaly Input] [2026-08-11 15:40:30.156 (UTC)] info/application	[Motor] Received distance: 34.251296416042045 cm | Severity=75 | SourceName=Motor | EventType=application | SourceNode=ns=1;s=MotorSource
[Anomaly Input] [2026-08-11 15:40:30.156 (UTC)] info/application	[Motor] Received distance: 17.963329993171307 cm | Severity=75 | SourceName=Motor3 | EventType=application | SourceNode=ns=1;s=MotorSource3
[Anomaly Input] [2026-08-11 15:40:30.156 (UTC)] info/application	[Motor] Received distance: 16.047967574581488 cm | Severity=75 | SourceName=Motor2 | EventType=application | SourceNode=ns=1;s=MotorSource2
[Anomaly Input] [2026-08-11 15:40:30.156 (UTC)] info/application	[Motor] Distance safe (34.251296416042045); rotating motor to 90 degrees | Severity=75 | SourceName=Motor | EventType=application | SourceNode=ns=1;s=MotorSource
[Anomaly Input] [2026-08-11 15:40:30.156 (UTC)] warn/application	[Motor] Distance too close (17.963329993171307); rotating motor to 0 degrees | Severity=175 | SourceName=Motor3 | EventType=application | SourceNode=ns=1;s=MotorSource3
[Anomaly Input] [2026-08-11 15:40:30.156 (UTC)] warn/application	[Motor] Distance too close (16.047967574581488); rotating motor to 0 degrees | Severity=175 | SourceName=Motor2 | EventType=application | SourceNode=ns=1;s=MotorSource2
[Anomaly Input] [2026-08-11 15:40:31.076 (UTC)] info/application	[Sensor] Updated distance: 4.743727536287032 cm | Severity=75 | SourceName=Sensor3 | EventType=application | SourceNode=ns=1;s=SensorSource3
[Anomaly Input] [2026-08-11 15:40:31.076 (UTC)] info/application	[Sensor] Updated distance: 23.290118868132176 cm | Severity=75 | SourceName=Sensor2 | EventType=application | SourceNode=ns=1;s=SensorSource2
[Anomaly Input] [2026-08-11 15:40:31.157 (UTC)] info/application	[Sensor] Updated distance: 25.660957012167646 cm | Severity=75 | SourceName=Sensor | EventType=application | SourceNode=ns=1;s=SensorSource
[Anomaly Input] [2026-08-11 15:40:31.160 (UTC)] info/application	[Motor] Received distance: 25.660957012167646 cm | Severity=75 | SourceName=Motor | EventType=application | SourceNode=ns=1;s=MotorSource
[Anomaly Input] [2026-08-11 15:40:31.161 (UTC)] info/application	[Motor] Received distance: 23.290118868132176 cm | Severity=75 | SourceName=Motor2 | EventType=application | SourceNode=ns=1;s=MotorSource2
[Anomaly Input] [2026-08-11 15:40:31.161 (UTC)] info/application	[Motor] Received distance: 4.743727536287032 cm | Severity=75 | SourceName=Motor3 | EventType=application | SourceNode=ns=1;s=MotorSource3
[Anomaly Input] [2026-08-11 15:40:31.160 (UTC)] info/application	[Motor] Distance safe (25.660957012167646); rotating motor to 90 degrees | Severity=75 | SourceName=Motor | EventType=application | SourceNode=ns=1;s=MotorSource
[Anomaly Input] [2026-08-11 15:40:31.161 (UTC)] info/application	[Motor] Distance safe (23.290118868132176); rotating motor to 90 degrees | Severity=75 | SourceName=Motor2 | EventType=application | SourceNode=ns=1;s=MotorSource2
[Anomaly Input] [2026-08-11 15:40:31.161 (UTC)] warn/application	[Motor] Distance too close (4.743727536287032); rotating motor to 0 degrees | Severity=175 | SourceName=Motor3 | EventType=application | SourceNode=ns=1;s=MotorSource3
[Anomaly Input] [2026-08-11 15:40:32.067 (UTC)] info/application	[Sensor] Updated distance: 33.48857060796048 cm | Severity=75 | SourceName=Sensor2 | EventType=application | SourceNode=ns=1;s=SensorSource2
[Anomaly Input] [2026-08-11 15:40:32.077 (UTC)] info/application	[Sensor] Updated distance: 40.94548684682021 cm | Severity=75 | SourceName=Sensor3 | EventType=application | SourceNode=ns=1;s=SensorSource3
[Anomaly Input] [2026-08-11 15:40:32.158 (UTC)] info/application	[Sensor] Updated distance: 20.75253590324546 cm | Severity=75 | SourceName=Sensor | EventType=application | SourceNode=ns=1;s=SensorSource
[Anomaly Input] [2026-08-11 15:40:32.161 (UTC)] info/application	[Motor] Received distance: 20.75253590324546 cm | Severity=75 | SourceName=Motor | EventType=application | SourceNode=ns=1;s=MotorSource
[Anomaly Input] [2026-08-11 15:40:32.162 (UTC)] info/application	[Motor] Received distance: 40.94548684682021 cm | Severity=75 | SourceName=Motor3 | EventType=application | SourceNode=ns=1;s=MotorSource3
[Anomaly Input] [2026-08-11 15:40:32.162 (UTC)] info/application	[Motor] Received distance: 33.48857060796048 cm | Severity=75 | SourceName=Motor2 | EventType=application | SourceNode=ns=1;s=MotorSource2
[Anomaly Input] [2026-08-11 15:40:32.161 (UTC)] info/application	[Motor] Distance safe (20.75253590324546); rotating motor to 90 degrees | Severity=75 | SourceName=Motor | EventType=application | SourceNode=ns=1;s=MotorSource
[Anomaly Input] [2026-08-11 15:40:32.162 (UTC)] info/application	[Motor] Distance safe (40.94548684682021); rotating motor to 90 degrees | Severity=75 | SourceName=Motor3 | EventType=application | SourceNode=ns=1;s=MotorSource3
[Anomaly Input] [2026-08-11 15:40:32.162 (UTC)] info/application	[Motor] Distance safe (33.48857060796048); rotating motor to 90 degrees | Severity=75 | SourceName=Motor2 | EventType=application | SourceNode=ns=1;s=MotorSource2
[Anomaly Input] [2026-08-11 15:40:33.068 (UTC)] info/application	[Sensor] Updated distance: 46.9618463800111 cm | Severity=75 | SourceName=Sensor2 | EventType=application | SourceNode=ns=1;s=SensorSource2
[Anomaly Input] [2026-08-11 15:40:33.078 (UTC)] info/application	[Sensor] Updated distance: 2.429208271405291 cm | Severity=75 | SourceName=Sensor3 | EventType=application | SourceNode=ns=1;s=SensorSource3
[Anomaly Input] [2026-08-11 15:40:33.159 (UTC)] info/application	[Sensor] Updated distance: 49.54233393796828 cm | Severity=75 | SourceName=Sensor | EventType=application | SourceNode=ns=1;s=SensorSource
[Anomaly Input] [2026-08-11 15:40:33.159 (UTC)] info/application	[Motor] Received distance: 2.429208271405291 cm | Severity=75 | SourceName=Motor3 | EventType=application | SourceNode=ns=1;s=MotorSource3
[Anomaly Input] [2026-08-11 15:40:33.159 (UTC)] info/application	[Motor] Received distance: 49.54233393796828 cm | Severity=75 | SourceName=Motor | EventType=application | SourceNode=ns=1;s=MotorSource
[Anomaly Input] [2026-08-11 15:40:33.159 (UTC)] info/application	[Motor] Received distance: 46.9618463800111 cm | Severity=75 | SourceName=Motor2 | EventType=application | SourceNode=ns=1;s=MotorSource2
[Anomaly Input] [2026-08-11 15:40:33.159 (UTC)] warn/application	[Motor] Distance too close (2.429208271405291); rotating motor to 0 degrees | Severity=175 | SourceName=Motor3 | EventType=application | SourceNode=ns=1;s=MotorSource3
[Anomaly Input] [2026-08-11 15:40:33.159 (UTC)] info/application	[Motor] Distance safe (49.54233393796828); rotating motor to 90 degrees | Severity=75 | SourceName=Motor | EventType=application | SourceNode=ns=1;s=MotorSource
[Anomaly Input] [2026-08-11 15:40:33.159 (UTC)] info/application	[Motor] Distance safe (46.9618463800111); rotating motor to 90 degrees | Severity=75 | SourceName=Motor2 | EventType=application | SourceNode=ns=1;s=MotorSource2
[Anomaly Input] [2026-08-11 15:40:34.069 (UTC)] info/application	[Sensor] Updated distance: 27.123384852485444 cm | Severity=75 | SourceName=Sensor3 | EventType=application | SourceNode=ns=1;s=SensorSource3
[Anomaly Input] [2026-08-11 15:40:34.069 (UTC)] info/application	[Sensor] Updated distance: 44.38105059153449 cm | Severity=75 | SourceName=Sensor2 | EventType=application | SourceNode=ns=1;s=SensorSource2
[Anomaly Input] [2026-08-11 15:40:34.160 (UTC)] info/application	[Sensor] Updated distance: 33.369945846204615 cm | Severity=75 | SourceName=Sensor | EventType=application | SourceNode=ns=1;s=SensorSource
[Anomaly Input] [2026-08-11 15:40:34.161 (UTC)] info/application	[Motor] Received distance: 27.123384852485444 cm | Severity=75 | SourceName=Motor3 | EventType=application | SourceNode=ns=1;s=MotorSource3
[Anomaly Input] [2026-08-11 15:40:34.161 (UTC)] info/application	[Motor] Received distance: 44.38105059153449 cm | Severity=75 | SourceName=Motor2 | EventType=application | SourceNode=ns=1;s=MotorSource2
[Anomaly Input] [2026-08-11 15:40:34.169 (UTC)] info/application	[Motor] Received distance: 33.369945846204615 cm | Severity=75 | SourceName=Motor | EventType=application | SourceNode=ns=1;s=MotorSource
[Anomaly Input] [2026-08-11 15:40:34.161 (UTC)] info/application	[Motor] Distance safe (27.123384852485444); rotating motor to 90 degrees | Severity=75 | SourceName=Motor3 | EventType=application | SourceNode=ns=1;s=MotorSource3
[Anomaly Input] [2026-08-11 15:40:34.161 (UTC)] info/application	[Motor] Distance safe (44.38105059153449); rotating motor to 90 degrees | Severity=75 | SourceName=Motor2 | EventType=application | SourceNode=ns=1;s=MotorSource2
[Anomaly Input] [2026-08-11 15:40:34.169 (UTC)] info/application	[Motor] Distance safe (33.369945846204615); rotating motor to 90 degrees | Severity=75 | SourceName=Motor | EventType=application | SourceNode=ns=1;s=MotorSource
[Anomaly Input] [2026-08-11 15:40:35.070 (UTC)] info/application	[Sensor] Updated distance: 46.12097924022049 cm | Severity=75 | SourceName=Sensor3 | EventType=application | SourceNode=ns=1;s=SensorSource3
[Anomaly Input] [2026-08-11 15:40:35.070 (UTC)] info/application	[Sensor] Updated distance: 12.332719211621544 cm | Severity=75 | SourceName=Sensor2 | EventType=application | SourceNode=ns=1;s=SensorSource2
[Anomaly Input] [2026-08-11 15:40:35.161 (UTC)] info/application	[Sensor] Updated distance: 43.104654398329856 cm | Severity=75 | SourceName=Sensor | EventType=application | SourceNode=ns=1;s=SensorSource
[Anomaly Input] [2026-08-11 15:40:35.161 (UTC)] info/application	[Motor] Received distance: 43.104654398329856 cm | Severity=75 | SourceName=Motor | EventType=application | SourceNode=ns=1;s=MotorSource
[Anomaly Input] [2026-08-11 15:40:35.171 (UTC)] info/application	[Motor] Received distance: 12.332719211621544 cm | Severity=75 | SourceName=Motor2 | EventType=application | SourceNode=ns=1;s=MotorSource2
[Anomaly Input] [2026-08-11 15:40:35.171 (UTC)] info/application	[Motor] Received distance: 46.12097924022049 cm | Severity=75 | SourceName=Motor3 | EventType=application | SourceNode=ns=1;s=MotorSource3
[Anomaly Input] [2026-08-11 15:40:35.161 (UTC)] info/application	[Motor] Distance safe (43.104654398329856); rotating motor to 90 degrees | Severity=75 | SourceName=Motor | EventType=application | SourceNode=ns=1;s=MotorSource
[Anomaly Input] [2026-08-11 15:40:35.171 (UTC)] warn/application	[Motor] Distance too close (12.332719211621544); rotating motor to 0 degrees | Severity=175 | SourceName=Motor2 | EventType=application | SourceNode=ns=1;s=MotorSource2
[Anomaly Input] [2026-08-11 15:40:35.171 (UTC)] info/application	[Motor] Distance safe (46.12097924022049); rotating motor to 90 degrees | Severity=75 | SourceName=Motor3 | EventType=application | SourceNode=ns=1;s=MotorSource3
[Anomaly Input] [2026-08-11 15:40:36.071 (UTC)] info/application	[Sensor] Updated distance: 18.56080396499522 cm | Severity=75 | SourceName=Sensor3 | EventType=application | SourceNode=ns=1;s=SensorSource3
[Anomaly Input] [2026-08-11 15:40:36.071 (UTC)] info/application	[Sensor] Updated distance: 36.88775108144048 cm | Severity=75 | SourceName=Sensor2 | EventType=application | SourceNode=ns=1;s=SensorSource2
[Anomaly Input] [2026-08-11 15:40:36.152 (UTC)] info/application	[Sensor] Updated distance: 3.5353385068175096 cm | Severity=75 | SourceName=Sensor | EventType=application | SourceNode=ns=1;s=SensorSource
[Anomaly Input] [2026-08-11 15:40:36.152 (UTC)] info/application	[Motor] Received distance: 3.5353385068175096 cm | Severity=75 | SourceName=Motor | EventType=application | SourceNode=ns=1;s=MotorSource
[Anomaly Input] [2026-08-11 15:40:36.161 (UTC)] info/application	[Motor] Received distance: 36.88775108144048 cm | Severity=75 | SourceName=Motor2 | EventType=application | SourceNode=ns=1;s=MotorSource2
[Anomaly Input] [2026-08-11 15:40:36.161 (UTC)] info/application	[Motor] Received distance: 18.56080396499522 cm | Severity=75 | SourceName=Motor3 | EventType=application | SourceNode=ns=1;s=MotorSource3
[Anomaly Input] [2026-08-11 15:40:36.152 (UTC)] warn/application	[Motor] Distance too close (3.5353385068175096); rotating motor to 0 degrees | Severity=175 | SourceName=Motor | EventType=application | SourceNode=ns=1;s=MotorSource
[Anomaly Input] [2026-08-11 15:40:36.161 (UTC)] info/application	[Motor] Distance safe (36.88775108144048); rotating motor to 90 degrees | Severity=75 | SourceName=Motor2 | EventType=application | SourceNode=ns=1;s=MotorSource2
[Anomaly Input] [2026-08-11 15:40:36.161 (UTC)] warn/application	[Motor] Distance too close (18.56080396499522); rotating motor to 0 degrees | Severity=175 | SourceName=Motor3 | EventType=application | SourceNode=ns=1;s=MotorSource3
[Anomaly Input] [2026-08-11 15:40:37.072 (UTC)] info/application	[Sensor] Updated distance: 34.59218385843196 cm | Severity=75 | SourceName=Sensor3 | EventType=application | SourceNode=ns=1;s=SensorSource3
[Anomaly Input] [2026-08-11 15:40:37.073 (UTC)] info/application	[Sensor] Updated distance: 13.575735403027261 cm | Severity=75 | SourceName=Sensor2 | EventType=application | SourceNode=ns=1;s=SensorSource2
[Anomaly Input] [2026-08-11 15:40:37.153 (UTC)] info/application	[Sensor] Updated distance: 46.82947223485888 cm | Severity=75 | SourceName=Sensor | EventType=application | SourceNode=ns=1;s=SensorSource
[Anomaly Input] [2026-08-11 15:40:37.160 (UTC)] info/application	[Motor] Received distance: 46.82947223485888 cm | Severity=75 | SourceName=Motor | EventType=application | SourceNode=ns=1;s=MotorSource
[Anomaly Input] [2026-08-11 15:40:37.162 (UTC)] info/application	[Motor] Received distance: 13.575735403027261 cm | Severity=75 | SourceName=Motor2 | EventType=application | SourceNode=ns=1;s=MotorSource2
[Anomaly Input] [2026-08-11 15:40:37.162 (UTC)] info/application	[Motor] Received distance: 34.59218385843196 cm | Severity=75 | SourceName=Motor3 | EventType=application | SourceNode=ns=1;s=MotorSource3
[Anomaly Input] [2026-08-11 15:40:37.160 (UTC)] info/application	[Motor] Distance safe (46.82947223485888); rotating motor to 90 degrees | Severity=75 | SourceName=Motor | EventType=application | SourceNode=ns=1;s=MotorSource
[Anomaly Input] [2026-08-11 15:40:37.162 (UTC)] warn/application	[Motor] Distance too close (13.575735403027261); rotating motor to 0 degrees | Severity=175 | SourceName=Motor2 | EventType=application | SourceNode=ns=1;s=MotorSource2
[Anomaly Input] [2026-08-11 15:40:37.162 (UTC)] info/application	[Motor] Distance safe (34.59218385843196); rotating motor to 90 degrees | Severity=75 | SourceName=Motor3 | EventType=application | SourceNode=ns=1;s=MotorSource3
[Anomaly Input] [2026-08-11 15:40:38.074 (UTC)] info/application	[Sensor] Updated distance: 17.95373801139823 cm | Severity=75 | SourceName=Sensor2 | EventType=application | SourceNode=ns=1;s=SensorSource2
[Anomaly Input] [2026-08-11 15:40:38.074 (UTC)] info/application	[Sensor] Updated distance: 8.118976044523983 cm | Severity=75 | SourceName=Sensor3 | EventType=application | SourceNode=ns=1;s=SensorSource3
[Anomaly Input] [2026-08-11 15:40:38.154 (UTC)] info/application	[Sensor] Updated distance: 46.930571286441094 cm | Severity=75 | SourceName=Sensor | EventType=application | SourceNode=ns=1;s=SensorSource
[Anomaly Input] [2026-08-11 15:40:38.155 (UTC)] info/application	[Motor] Received distance: 8.118976044523983 cm | Severity=75 | SourceName=Motor3 | EventType=application | SourceNode=ns=1;s=MotorSource3
[Anomaly Input] [2026-08-11 15:40:38.155 (UTC)] info/application	[Motor] Received distance: 17.95373801139823 cm | Severity=75 | SourceName=Motor2 | EventType=application | SourceNode=ns=1;s=MotorSource2
[Anomaly Input] [2026-08-11 15:40:38.161 (UTC)] info/application	[Motor] Received distance: 46.930571286441094 cm | Severity=75 | SourceName=Motor | EventType=application | SourceNode=ns=1;s=MotorSource
[Anomaly Input] [2026-08-11 15:40:38.155 (UTC)] warn/application	[Motor] Distance too close (8.118976044523983); rotating motor to 0 degrees | Severity=175 | SourceName=Motor3 | EventType=application | SourceNode=ns=1;s=MotorSource3
[Anomaly Input] [2026-08-11 15:40:38.155 (UTC)] warn/application	[Motor] Distance too close (17.95373801139823); rotating motor to 0 degrees | Severity=175 | SourceName=Motor2 | EventType=application | SourceNode=ns=1;s=MotorSource2
[Anomaly Input] [2026-08-11 15:40:38.161 (UTC)] info/application	[Motor] Distance safe (46.930571286441094); rotating motor to 90 degrees | Severity=75 | SourceName=Motor | EventType=application | SourceNode=ns=1;s=MotorSource
[Anomaly Input] [2026-08-11 15:40:39.075 (UTC)] info/application	[Sensor] Updated distance: 7.825375343591615 cm | Severity=75 | SourceName=Sensor3 | EventType=application | SourceNode=ns=1;s=SensorSource3
[Anomaly Input] [2026-08-11 15:40:39.075 (UTC)] info/application	[Sensor] Updated distance: 22.25344164122522 cm | Severity=75 | SourceName=Sensor2 | EventType=application | SourceNode=ns=1;s=SensorSource2
[Anomaly Input] [2026-08-11 15:40:39.156 (UTC)] info/application	[Sensor] Updated distance: 23.698702427418297 cm | Severity=75 | SourceName=Sensor | EventType=application | SourceNode=ns=1;s=SensorSource
[Anomaly Input] [2026-08-11 15:40:39.156 (UTC)] info/application	[Motor] Received distance: 23.698702427418297 cm | Severity=75 | SourceName=Motor | EventType=application | SourceNode=ns=1;s=MotorSource
[Anomaly Input] [2026-08-11 15:40:39.161 (UTC)] info/application	[Motor] Received distance: 22.25344164122522 cm | Severity=75 | SourceName=Motor2 | EventType=application | SourceNode=ns=1;s=MotorSource2
[Anomaly Input] [2026-08-11 15:40:39.161 (UTC)] info/application	[Motor] Received distance: 7.825375343591615 cm | Severity=75 | SourceName=Motor3 | EventType=application | SourceNode=ns=1;s=MotorSource3
[Anomaly Input] [2026-08-11 15:40:39.156 (UTC)] info/application	[Motor] Distance safe (23.698702427418297); rotating motor to 90 degrees | Severity=75 | SourceName=Motor | EventType=application | SourceNode=ns=1;s=MotorSource
[Anomaly Input] [2026-08-11 15:40:39.161 (UTC)] info/application	[Motor] Distance safe (22.25344164122522); rotating motor to 90 degrees | Severity=75 | SourceName=Motor2 | EventType=application | SourceNode=ns=1;s=MotorSource2
[Anomaly Input] [2026-08-11 15:40:39.161 (UTC)] warn/application	[Motor] Distance too close (7.825375343591615); rotating motor to 0 degrees | Severity=175 | SourceName=Motor3 | EventType=application | SourceNode=ns=1;s=MotorSource3
[Anomaly Input] [2026-08-11 15:40:40.076 (UTC)] info/application	[Sensor] Updated distance: 13.294133832349504 cm | Severity=75 | SourceName=Sensor3 | EventType=application | SourceNode=ns=1;s=SensorSource3
[Anomaly Input] [2026-08-11 15:40:40.076 (UTC)] info/application	[Sensor] Updated distance: 34.4119167702328 cm | Severity=75 | SourceName=Sensor2 | EventType=application | SourceNode=ns=1;s=SensorSource2
[Anomaly Input] [2026-08-11 15:40:40.157 (UTC)] info/application	[Sensor] Updated distance: 2.6540175083344884 cm | Severity=75 | SourceName=Sensor | EventType=application | SourceNode=ns=1;s=SensorSource
[Anomaly Input] [2026-08-11 15:40:40.157 (UTC)] info/application	[Motor] Received distance: 13.294133832349504 cm | Severity=75 | SourceName=Motor3 | EventType=application | SourceNode=ns=1;s=MotorSource3
[Anomaly Input] [2026-08-11 15:40:40.161 (UTC)] info/application	[Motor] Received distance: 2.6540175083344884 cm | Severity=75 | SourceName=Motor | EventType=application | SourceNode=ns=1;s=MotorSource
[Anomaly Input] [2026-08-11 15:40:40.163 (UTC)] info/application	[Motor] Received distance: 34.4119167702328 cm | Severity=75 | SourceName=Motor2 | EventType=application | SourceNode=ns=1;s=MotorSource2
[Anomaly Input] [2026-08-11 15:40:40.157 (UTC)] warn/application	[Motor] Distance too close (13.294133832349504); rotating motor to 0 degrees | Severity=175 | SourceName=Motor3 | EventType=application | SourceNode=ns=1;s=MotorSource3
[Anomaly Input] [2026-08-11 15:40:40.161 (UTC)] warn/application	[Motor] Distance too close (2.6540175083344884); rotating motor to 0 degrees | Severity=175 | SourceName=Motor | EventType=application | SourceNode=ns=1;s=MotorSource
[Anomaly Input] [2026-08-11 15:40:40.163 (UTC)] info/application	[Motor] Distance safe (34.4119167702328); rotating motor to 90 degrees | Severity=75 | SourceName=Motor2 | EventType=application | SourceNode=ns=1;s=MotorSource2
[Anomaly Input] [2026-08-11 15:40:41.067 (UTC)] info/application	[Sensor] Updated distance: 37.130135381189234 cm | Severity=75 | SourceName=Sensor2 | EventType=application | SourceNode=ns=1;s=SensorSource2
[Anomaly Input] [2026-08-11 15:40:41.077 (UTC)] info/application	[Sensor] Updated distance: 44.55071868493721 cm | Severity=75 | SourceName=Sensor3 | EventType=application | SourceNode=ns=1;s=SensorSource3
[Anomaly Input] [2026-08-11 15:40:41.158 (UTC)] info/application	[Sensor] Updated distance: 32.07143890767891 cm | Severity=75 | SourceName=Sensor | EventType=application | SourceNode=ns=1;s=SensorSource
[Anomaly Input] [2026-08-11 15:40:41.158 (UTC)] info/application	[Motor] Received distance: 32.07143890767891 cm | Severity=75 | SourceName=Motor | EventType=application | SourceNode=ns=1;s=MotorSource
[Anomaly Input] [2026-08-11 15:40:41.158 (UTC)] info/application	[Motor] Received distance: 37.130135381189234 cm | Severity=75 | SourceName=Motor2 | EventType=application | SourceNode=ns=1;s=MotorSource2
[Anomaly Input] [2026-08-11 15:40:41.161 (UTC)] info/application	[Motor] Received distance: 44.55071868493721 cm | Severity=75 | SourceName=Motor3 | EventType=application | SourceNode=ns=1;s=MotorSource3
[Anomaly Input] [2026-08-11 15:40:41.158 (UTC)] info/application	[Motor] Distance safe (32.07143890767891); rotating motor to 90 degrees | Severity=75 | SourceName=Motor | EventType=application | SourceNode=ns=1;s=MotorSource
[Anomaly Input] [2026-08-11 15:40:41.158 (UTC)] info/application	[Motor] Distance safe (37.130135381189234); rotating motor to 90 degrees | Severity=75 | SourceName=Motor2 | EventType=application | SourceNode=ns=1;s=MotorSource2
[Anomaly Input] [2026-08-11 15:40:41.161 (UTC)] info/application	[Motor] Distance safe (44.55071868493721); rotating motor to 90 degrees | Severity=75 | SourceName=Motor3 | EventType=application | SourceNode=ns=1;s=MotorSource3
[Anomaly Input] [2026-08-11 15:40:42.068 (UTC)] info/application	[Sensor] Updated distance: 34.20286153266339 cm | Severity=75 | SourceName=Sensor2 | EventType=application | SourceNode=ns=1;s=SensorSource2
[Anomaly Input] [2026-08-11 15:40:42.078 (UTC)] info/application	[Sensor] Updated distance: 31.44972161084866 cm | Severity=75 | SourceName=Sensor3 | EventType=application | SourceNode=ns=1;s=SensorSource3
[Anomaly Input] [2026-08-11 15:40:42.159 (UTC)] info/application	[Sensor] Updated distance: 23.063286955032165 cm | Severity=75 | SourceName=Sensor | EventType=application | SourceNode=ns=1;s=SensorSource
[Anomaly Input] [2026-08-11 15:40:42.159 (UTC)] info/application	[Motor] Received distance: 23.063286955032165 cm | Severity=75 | SourceName=Motor | EventType=application | SourceNode=ns=1;s=MotorSource
[Anomaly Input] [2026-08-11 15:40:42.161 (UTC)] info/application	[Motor] Received distance: 34.20286153266339 cm | Severity=75 | SourceName=Motor2 | EventType=application | SourceNode=ns=1;s=MotorSource2
[Anomaly Input] [2026-08-11 15:40:42.162 (UTC)] info/application	[Motor] Received distance: 31.44972161084866 cm | Severity=75 | SourceName=Motor3 | EventType=application | SourceNode=ns=1;s=MotorSource3
[Anomaly Input] [2026-08-11 15:40:42.159 (UTC)] info/application	[Motor] Distance safe (23.063286955032165); rotating motor to 90 degrees | Severity=75 | SourceName=Motor | EventType=application | SourceNode=ns=1;s=MotorSource
[Anomaly Input] [2026-08-11 15:40:42.161 (UTC)] info/application	[Motor] Distance safe (34.20286153266339); rotating motor to 90 degrees | Severity=75 | SourceName=Motor2 | EventType=application | SourceNode=ns=1;s=MotorSource2
[Anomaly Input] [2026-08-11 15:40:42.162 (UTC)] info/application	[Motor] Distance safe (31.44972161084866); rotating motor to 90 degrees | Severity=75 | SourceName=Motor3 | EventType=application | SourceNode=ns=1;s=MotorSource3
[Anomaly Input] [2026-08-11 15:40:43.069 (UTC)] info/application	[Sensor] Updated distance: 25.004239279313122 cm | Severity=75 | SourceName=Sensor2 | EventType=application | SourceNode=ns=1;s=SensorSource2
[Anomaly Input] [2026-08-11 15:40:43.079 (UTC)] info/application	[Sensor] Updated distance: 26.435042333060427 cm | Severity=75 | SourceName=Sensor3 | EventType=application | SourceNode=ns=1;s=SensorSource3
[Anomaly Input] [2026-08-11 15:40:43.160 (UTC)] info/application	[Sensor] Updated distance: 3.267943323248971 cm | Severity=75 | SourceName=Sensor | EventType=application | SourceNode=ns=1;s=SensorSource
[Anomaly Input] [2026-08-11 15:40:43.160 (UTC)] info/application	[Motor] Received distance: 3.267943323248971 cm | Severity=75 | SourceName=Motor | EventType=application | SourceNode=ns=1;s=MotorSource
[Anomaly Input] [2026-08-11 15:40:43.162 (UTC)] info/application	[Motor] Received distance: 25.004239279313122 cm | Severity=75 | SourceName=Motor2 | EventType=application | SourceNode=ns=1;s=MotorSource2
[Anomaly Input] [2026-08-11 15:40:43.163 (UTC)] info/application	[Motor] Received distance: 26.435042333060427 cm | Severity=75 | SourceName=Motor3 | EventType=application | SourceNode=ns=1;s=MotorSource3
[Anomaly Input] [2026-08-11 15:40:43.160 (UTC)] warn/application	[Motor] Distance too close (3.267943323248971); rotating motor to 0 degrees | Severity=175 | SourceName=Motor | EventType=application | SourceNode=ns=1;s=MotorSource
[Anomaly Input] [2026-08-11 15:40:43.162 (UTC)] info/application	[Motor] Distance safe (25.004239279313122); rotating motor to 90 degrees | Severity=75 | SourceName=Motor2 | EventType=application | SourceNode=ns=1;s=MotorSource2
[Anomaly Input] [2026-08-11 15:40:43.163 (UTC)] info/application	[Motor] Distance safe (26.435042333060427); rotating motor to 90 degrees | Severity=75 | SourceName=Motor3 | EventType=application | SourceNode=ns=1;s=MotorSource3
[Anomaly Input] [2026-08-11 15:40:44.069 (UTC)] info/application	[Sensor] Updated distance: 26.659410011330344 cm | Severity=75 | SourceName=Sensor2 | EventType=application | SourceNode=ns=1;s=SensorSource2
[Anomaly Input] [2026-08-11 15:40:44.079 (UTC)] info/application	[Sensor] Updated distance: 14.699691890133401 cm | Severity=75 | SourceName=Sensor3 | EventType=application | SourceNode=ns=1;s=SensorSource3
[Anomaly Input] [2026-08-11 15:40:44.160 (UTC)] info/application	[Sensor] Updated distance: 41.18991177118845 cm | Severity=75 | SourceName=Sensor | EventType=application | SourceNode=ns=1;s=SensorSource
[Anomaly Input] [2026-08-11 15:40:44.160 (UTC)] info/application	[Motor] Received distance: 14.699691890133401 cm | Severity=75 | SourceName=Motor3 | EventType=application | SourceNode=ns=1;s=MotorSource3
[Anomaly Input] [2026-08-11 15:40:44.160 (UTC)] info/application	[Motor] Received distance: 26.659410011330344 cm | Severity=75 | SourceName=Motor2 | EventType=application | SourceNode=ns=1;s=MotorSource2
[Anomaly Input] [2026-08-11 15:40:44.169 (UTC)] info/application	[Motor] Received distance: 41.18991177118845 cm | Severity=75 | SourceName=Motor | EventType=application | SourceNode=ns=1;s=MotorSource
[Anomaly Input] [2026-08-11 15:40:44.160 (UTC)] warn/application	[Motor] Distance too close (14.699691890133401); rotating motor to 0 degrees | Severity=175 | SourceName=Motor3 | EventType=application | SourceNode=ns=1;s=MotorSource3
[Anomaly Input] [2026-08-11 15:40:44.160 (UTC)] info/application	[Motor] Distance safe (26.659410011330344); rotating motor to 90 degrees | Severity=75 | SourceName=Motor2 | EventType=application | SourceNode=ns=1;s=MotorSource2
[Anomaly Input] [2026-08-11 15:40:44.169 (UTC)] info/application	[Motor] Distance safe (41.18991177118845); rotating motor to 90 degrees | Severity=75 | SourceName=Motor | EventType=application | SourceNode=ns=1;s=MotorSource
[Anomaly Input] [2026-08-11 15:40:45.069 (UTC)] info/application	[Sensor] Updated distance: 38.17588743761922 cm | Severity=75 | SourceName=Sensor2 | EventType=application | SourceNode=ns=1;s=SensorSource2
[Anomaly Input] [2026-08-11 15:40:45.080 (UTC)] info/application	[Sensor] Updated distance: 3.6575656540959915 cm | Severity=75 | SourceName=Sensor3 | EventType=application | SourceNode=ns=1;s=SensorSource3
[Anomaly Input] [2026-08-11 15:40:45.160 (UTC)] info/application	[Sensor] Updated distance: 42.40928764287815 cm | Severity=75 | SourceName=Sensor | EventType=application | SourceNode=ns=1;s=SensorSource
[Anomaly Input] [2026-08-11 15:40:45.160 (UTC)] info/application	[Motor] Received distance: 42.40928764287815 cm | Severity=75 | SourceName=Motor | EventType=application | SourceNode=ns=1;s=MotorSource
[Anomaly Input] [2026-08-11 15:40:45.161 (UTC)] info/application	[Motor] Received distance: 3.6575656540959915 cm | Severity=75 | SourceName=Motor3 | EventType=application | SourceNode=ns=1;s=MotorSource3
[Anomaly Input] [2026-08-11 15:40:45.161 (UTC)] info/application	[Motor] Received distance: 38.17588743761922 cm | Severity=75 | SourceName=Motor2 | EventType=application | SourceNode=ns=1;s=MotorSource2
[Anomaly Input] [2026-08-11 15:40:45.160 (UTC)] info/application	[Motor] Distance safe (42.40928764287815); rotating motor to 90 degrees | Severity=75 | SourceName=Motor | EventType=application | SourceNode=ns=1;s=MotorSource
[Anomaly Input] [2026-08-11 15:40:45.161 (UTC)] warn/application	[Motor] Distance too close (3.6575656540959915); rotating motor to 0 degrees | Severity=175 | SourceName=Motor3 | EventType=application | SourceNode=ns=1;s=MotorSource3
[Anomaly Input] [2026-08-11 15:40:45.161 (UTC)] info/application	[Motor] Distance safe (38.17588743761922); rotating motor to 90 degrees | Severity=75 | SourceName=Motor2 | EventType=application | SourceNode=ns=1;s=MotorSource2
[Anomaly Input] [2026-08-11 15:40:46.070 (UTC)] info/application	[Sensor] Updated distance: 49.90611734236875 cm | Severity=75 | SourceName=Sensor3 | EventType=application | SourceNode=ns=1;s=SensorSource3
[Anomaly Input] [2026-08-11 15:40:46.070 (UTC)] info/application	[Sensor] Updated distance: 27.814445522527418 cm | Severity=75 | SourceName=Sensor2 | EventType=application | SourceNode=ns=1;s=SensorSource2
[Anomaly Input] [2026-08-11 15:40:46.161 (UTC)] info/application	[Sensor] Updated distance: 10.09434955944044 cm | Severity=75 | SourceName=Sensor | EventType=application | SourceNode=ns=1;s=SensorSource
[Anomaly Input] [2026-08-11 15:40:46.162 (UTC)] info/application	[Motor] Received distance: 49.90611734236875 cm | Severity=75 | SourceName=Motor3 | EventType=application | SourceNode=ns=1;s=MotorSource3
[Anomaly Input] [2026-08-11 15:40:46.162 (UTC)] info/application	[Motor] Received distance: 27.814445522527418 cm | Severity=75 | SourceName=Motor2 | EventType=application | SourceNode=ns=1;s=MotorSource2
[Anomaly Input] [2026-08-11 15:40:46.170 (UTC)] info/application	[Motor] Received distance: 10.09434955944044 cm | Severity=75 | SourceName=Motor | EventType=application | SourceNode=ns=1;s=MotorSource
[Anomaly Input] [2026-08-11 15:40:46.162 (UTC)] info/application	[Motor] Distance safe (49.90611734236875); rotating motor to 90 degrees | Severity=75 | SourceName=Motor3 | EventType=application | SourceNode=ns=1;s=MotorSource3
[Anomaly Input] [2026-08-11 15:40:46.162 (UTC)] info/application	[Motor] Distance safe (27.814445522527418); rotating motor to 90 degrees | Severity=75 | SourceName=Motor2 | EventType=application | SourceNode=ns=1;s=MotorSource2
[Anomaly Input] [2026-08-11 15:40:46.170 (UTC)] warn/application	[Motor] Distance too close (10.09434955944044); rotating motor to 0 degrees | Severity=175 | SourceName=Motor | EventType=application | SourceNode=ns=1;s=MotorSource
[Anomaly Input] [2026-08-11 15:40:47.070 (UTC)] info/application	[Sensor] Updated distance: 34.4893653991117 cm | Severity=75 | SourceName=Sensor3 | EventType=application | SourceNode=ns=1;s=SensorSource3
[Anomaly Input] [2026-08-11 15:40:47.070 (UTC)] info/application	[Sensor] Updated distance: 7.943504835452654 cm | Severity=75 | SourceName=Sensor2 | EventType=application | SourceNode=ns=1;s=SensorSource2
[Anomaly Input] [2026-08-11 15:40:47.161 (UTC)] info/application	[Sensor] Updated distance: 40.6623907716304 cm | Severity=75 | SourceName=Sensor | EventType=application | SourceNode=ns=1;s=SensorSource
[Anomaly Input] [2026-08-11 15:40:47.162 (UTC)] info/application	[Motor] Received distance: 40.6623907716304 cm | Severity=75 | SourceName=Motor | EventType=application | SourceNode=ns=1;s=MotorSource
[Anomaly Input] [2026-08-11 15:40:47.171 (UTC)] info/application	[Motor] Received distance: 34.4893653991117 cm | Severity=75 | SourceName=Motor3 | EventType=application | SourceNode=ns=1;s=MotorSource3
[Anomaly Input] [2026-08-11 15:40:47.171 (UTC)] info/application	[Motor] Received distance: 7.943504835452654 cm | Severity=75 | SourceName=Motor2 | EventType=application | SourceNode=ns=1;s=MotorSource2
[Anomaly Input] [2026-08-11 15:40:47.162 (UTC)] info/application	[Motor] Distance safe (40.6623907716304); rotating motor to 90 degrees | Severity=75 | SourceName=Motor | EventType=application | SourceNode=ns=1;s=MotorSource
[Anomaly Input] [2026-08-11 15:40:47.171 (UTC)] info/application	[Motor] Distance safe (34.4893653991117); rotating motor to 90 degrees | Severity=75 | SourceName=Motor3 | EventType=application | SourceNode=ns=1;s=MotorSource3
[Anomaly Input] [2026-08-11 15:40:47.171 (UTC)] warn/application	[Motor] Distance too close (7.943504835452654); rotating motor to 0 degrees | Severity=175 | SourceName=Motor2 | EventType=application | SourceNode=ns=1;s=MotorSource2
[Anomaly Input] [2026-08-11 15:40:48.071 (UTC)] info/application	[Sensor] Updated distance: 24.982578273388825 cm | Severity=75 | SourceName=Sensor3 | EventType=application | SourceNode=ns=1;s=SensorSource3
[Anomaly Input] [2026-08-11 15:40:48.071 (UTC)] info/application	[Sensor] Updated distance: 41.44255920846134 cm | Severity=75 | SourceName=Sensor2 | EventType=application | SourceNode=ns=1;s=SensorSource2
[Anomaly Input] [2026-08-11 15:40:48.152 (UTC)] info/application	[Sensor] Updated distance: 11.671919491920582 cm | Severity=75 | SourceName=Sensor | EventType=application | SourceNode=ns=1;s=SensorSource
[Anomaly Input] [2026-08-11 15:40:48.152 (UTC)] info/application	[Motor] Received distance: 11.671919491920582 cm | Severity=75 | SourceName=Motor | EventType=application | SourceNode=ns=1;s=MotorSource
[Anomaly Input] [2026-08-11 15:40:48.161 (UTC)] info/application	[Motor] Received distance: 24.982578273388825 cm | Severity=75 | SourceName=Motor3 | EventType=application | SourceNode=ns=1;s=MotorSource3
[Anomaly Input] [2026-08-11 15:40:48.161 (UTC)] info/application	[Motor] Received distance: 41.44255920846134 cm | Severity=75 | SourceName=Motor2 | EventType=application | SourceNode=ns=1;s=MotorSource2
[Anomaly Input] [2026-08-11 15:40:48.152 (UTC)] warn/application	[Motor] Distance too close (11.671919491920582); rotating motor to 0 degrees | Severity=175 | SourceName=Motor | EventType=application | SourceNode=ns=1;s=MotorSource
[Anomaly Input] [2026-08-11 15:40:48.161 (UTC)] info/application	[Motor] Distance safe (24.982578273388825); rotating motor to 90 degrees | Severity=75 | SourceName=Motor3 | EventType=application | SourceNode=ns=1;s=MotorSource3
[Anomaly Input] [2026-08-11 15:40:48.161 (UTC)] info/application	[Motor] Distance safe (41.44255920846134); rotating motor to 90 degrees | Severity=75 | SourceName=Motor2 | EventType=application | SourceNode=ns=1;s=MotorSource2
[Anomaly Input] [2026-08-11 15:40:49.073 (UTC)] info/application	[Sensor] Updated distance: 39.665769296542635 cm | Severity=75 | SourceName=Sensor3 | EventType=application | SourceNode=ns=1;s=SensorSource3
[Anomaly Input] [2026-08-11 15:40:49.073 (UTC)] info/application	[Sensor] Updated distance: 6.336387375526311 cm | Severity=75 | SourceName=Sensor2 | EventType=application | SourceNode=ns=1;s=SensorSource2
[Anomaly Input] [2026-08-11 15:40:49.154 (UTC)] info/application	[Sensor] Updated distance: 42.626184139692306 cm | Severity=75 | SourceName=Sensor | EventType=application | SourceNode=ns=1;s=SensorSource
[Anomaly Input] [2026-08-11 15:40:49.160 (UTC)] info/application	[Motor] Received distance: 42.626184139692306 cm | Severity=75 | SourceName=Motor | EventType=application | SourceNode=ns=1;s=MotorSource
[Anomaly Input] [2026-08-11 15:40:49.163 (UTC)] info/application	[Motor] Received distance: 39.665769296542635 cm | Severity=75 | SourceName=Motor3 | EventType=application | SourceNode=ns=1;s=MotorSource3
[Anomaly Input] [2026-08-11 15:40:49.163 (UTC)] info/application	[Motor] Received distance: 6.336387375526311 cm | Severity=75 | SourceName=Motor2 | EventType=application | SourceNode=ns=1;s=MotorSource2
[Anomaly Input] [2026-08-11 15:40:49.160 (UTC)] info/application	[Motor] Distance safe (42.626184139692306); rotating motor to 90 degrees | Severity=75 | SourceName=Motor | EventType=application | SourceNode=ns=1;s=MotorSource
[Anomaly Input] [2026-08-11 15:40:49.163 (UTC)] info/application	[Motor] Distance safe (39.665769296542635); rotating motor to 90 degrees | Severity=75 | SourceName=Motor3 | EventType=application | SourceNode=ns=1;s=MotorSource3
[Anomaly Input] [2026-08-11 15:40:49.163 (UTC)] warn/application	[Motor] Distance too close (6.336387375526311); rotating motor to 0 degrees | Severity=175 | SourceName=Motor2 | EventType=application | SourceNode=ns=1;s=MotorSource2
[Anomaly Input] [2026-08-11 15:40:50.075 (UTC)] info/application	[Sensor] Updated distance: 7.446831027719579 cm | Severity=75 | SourceName=Sensor3 | EventType=application | SourceNode=ns=1;s=SensorSource3
[Anomaly Input] [2026-08-11 15:40:50.075 (UTC)] info/application	[Sensor] Updated distance: 26.11639614781197 cm | Severity=75 | SourceName=Sensor2 | EventType=application | SourceNode=ns=1;s=SensorSource2
[Anomaly Input] [2026-08-11 15:40:50.156 (UTC)] info/application	[Sensor] Updated distance: 21.225032144796582 cm | Severity=75 | SourceName=Sensor | EventType=application | SourceNode=ns=1;s=SensorSource
[Anomaly Input] [2026-08-11 15:40:50.156 (UTC)] info/application	[Motor] Received distance: 21.225032144796582 cm | Severity=75 | SourceName=Motor | EventType=application | SourceNode=ns=1;s=MotorSource
[Anomaly Input] [2026-08-11 15:40:50.156 (UTC)] info/application	[Motor] Received distance: 26.11639614781197 cm | Severity=75 | SourceName=Motor2 | EventType=application | SourceNode=ns=1;s=MotorSource2
[Anomaly Input] [2026-08-11 15:40:50.156 (UTC)] info/application	[Motor] Received distance: 7.446831027719579 cm | Severity=75 | SourceName=Motor3 | EventType=application | SourceNode=ns=1;s=MotorSource3
[Anomaly Input] [2026-08-11 15:40:50.156 (UTC)] info/application	[Motor] Distance safe (26.11639614781197); rotating motor to 90 degrees | Severity=75 | SourceName=Motor2 | EventType=application | SourceNode=ns=1;s=MotorSource2
[Anomaly Input] [2026-08-11 15:40:50.156 (UTC)] info/application	[Motor] Distance safe (21.225032144796582); rotating motor to 90 degrees | Severity=75 | SourceName=Motor | EventType=application | SourceNode=ns=1;s=MotorSource
[Anomaly Input] [2026-08-11 15:40:50.156 (UTC)] warn/application	[Motor] Distance too close (7.446831027719579); rotating motor to 0 degrees | Severity=175 | SourceName=Motor3 | EventType=application | SourceNode=ns=1;s=MotorSource3
[Anomaly Input] [2026-08-11 15:40:51.077 (UTC)] info/application	[Sensor] Updated distance: 27.52045867290369 cm | Severity=75 | SourceName=Sensor2 | EventType=application | SourceNode=ns=1;s=SensorSource2
[Anomaly Input] [2026-08-11 15:40:51.077 (UTC)] info/application	[Sensor] Updated distance: 16.052579253005135 cm | Severity=75 | SourceName=Sensor3 | EventType=application | SourceNode=ns=1;s=SensorSource3
[Anomaly Input] [2026-08-11 15:40:51.158 (UTC)] info/application	[Sensor] Updated distance: 21.949438372603353 cm | Severity=75 | SourceName=Sensor | EventType=application | SourceNode=ns=1;s=SensorSource
[Anomaly Input] [2026-08-11 15:40:51.160 (UTC)] info/application	[Motor] Received distance: 21.949438372603353 cm | Severity=75 | SourceName=Motor | EventType=application | SourceNode=ns=1;s=MotorSource
[Anomaly Input] [2026-08-11 15:40:51.161 (UTC)] info/application	[Motor] Received distance: 27.52045867290369 cm | Severity=75 | SourceName=Motor2 | EventType=application | SourceNode=ns=1;s=MotorSource2
[Anomaly Input] [2026-08-11 15:40:51.161 (UTC)] info/application	[Motor] Received distance: 16.052579253005135 cm | Severity=75 | SourceName=Motor3 | EventType=application | SourceNode=ns=1;s=MotorSource3
[Anomaly Input] [2026-08-11 15:40:51.160 (UTC)] info/application	[Motor] Distance safe (21.949438372603353); rotating motor to 90 degrees | Severity=75 | SourceName=Motor | EventType=application | SourceNode=ns=1;s=MotorSource
[Anomaly Input] [2026-08-11 15:40:51.161 (UTC)] info/application	[Motor] Distance safe (27.52045867290369); rotating motor to 90 degrees | Severity=75 | SourceName=Motor2 | EventType=application | SourceNode=ns=1;s=MotorSource2
[Anomaly Input] [2026-08-11 15:40:51.161 (UTC)] warn/application	[Motor] Distance too close (16.052579253005135); rotating motor to 0 degrees | Severity=175 | SourceName=Motor3 | EventType=application | SourceNode=ns=1;s=MotorSource3
[Anomaly Input] [2026-08-11 15:40:52.069 (UTC)] info/application	[Sensor] Updated distance: 17.865804783937428 cm | Severity=75 | SourceName=Sensor2 | EventType=application | SourceNode=ns=1;s=SensorSource2
[Anomaly Input] [2026-08-11 15:40:52.079 (UTC)] info/application	[Sensor] Updated distance: 22.18775143669348 cm | Severity=75 | SourceName=Sensor3 | EventType=application | SourceNode=ns=1;s=SensorSource3
[Anomaly Input] [2026-08-11 15:40:52.160 (UTC)] info/application	[Sensor] Updated distance: 2.9231225777990755 cm | Severity=75 | SourceName=Sensor | EventType=application | SourceNode=ns=1;s=SensorSource
[Anomaly Input] [2026-08-11 15:40:52.160 (UTC)] info/application	[Motor] Received distance: 2.9231225777990755 cm | Severity=75 | SourceName=Motor | EventType=application | SourceNode=ns=1;s=MotorSource
[Anomaly Input] [2026-08-11 15:40:52.160 (UTC)] info/application	[Motor] Received distance: 22.18775143669348 cm | Severity=75 | SourceName=Motor3 | EventType=application | SourceNode=ns=1;s=MotorSource3
[Anomaly Input] [2026-08-11 15:40:52.160 (UTC)] info/application	[Motor] Received distance: 17.865804783937428 cm | Severity=75 | SourceName=Motor2 | EventType=application | SourceNode=ns=1;s=MotorSource2
[Anomaly Input] [2026-08-11 15:40:52.160 (UTC)] warn/application	[Motor] Distance too close (2.9231225777990755); rotating motor to 0 degrees | Severity=175 | SourceName=Motor | EventType=application | SourceNode=ns=1;s=MotorSource
[Anomaly Input] [2026-08-11 15:40:52.160 (UTC)] info/application	[Motor] Distance safe (22.18775143669348); rotating motor to 90 degrees | Severity=75 | SourceName=Motor3 | EventType=application | SourceNode=ns=1;s=MotorSource3
[Anomaly Input] [2026-08-11 15:40:52.160 (UTC)] warn/application	[Motor] Distance too close (17.865804783937428); rotating motor to 0 degrees | Severity=175 | SourceName=Motor2 | EventType=application | SourceNode=ns=1;s=MotorSource2
[Anomaly Input] [2026-08-11 15:40:53.072 (UTC)] info/application	[Sensor] Updated distance: 21.694977069131554 cm | Severity=75 | SourceName=Sensor2 | EventType=application | SourceNode=ns=1;s=SensorSource2
[Anomaly Input] [2026-08-11 15:40:53.072 (UTC)] info/application	[Sensor] Updated distance: 32.03621057329523 cm | Severity=75 | SourceName=Sensor3 | EventType=application | SourceNode=ns=1;s=SensorSource3
[Anomaly Input] [2026-08-11 15:40:53.153 (UTC)] info/application	[Sensor] Updated distance: 19.87416799453747 cm | Severity=75 | SourceName=Sensor | EventType=application | SourceNode=ns=1;s=SensorSource
[Anomaly Input] [2026-08-11 15:40:53.153 (UTC)] info/application	[Motor] Received distance: 19.87416799453747 cm | Severity=75 | SourceName=Motor | EventType=application | SourceNode=ns=1;s=MotorSource
[Anomaly Input] [2026-08-11 15:40:53.153 (UTC)] info/application	[Motor] Received distance: 21.694977069131554 cm | Severity=75 | SourceName=Motor2 | EventType=application | SourceNode=ns=1;s=MotorSource2
[Anomaly Input] [2026-08-11 15:40:53.153 (UTC)] info/application	[Motor] Received distance: 32.03621057329523 cm | Severity=75 | SourceName=Motor3 | EventType=application | SourceNode=ns=1;s=MotorSource3
[Anomaly Input] [2026-08-11 15:40:53.153 (UTC)] warn/application	[Motor] Distance too close (19.87416799453747); rotating motor to 0 degrees | Severity=175 | SourceName=Motor | EventType=application | SourceNode=ns=1;s=MotorSource
[Anomaly Input] [2026-08-11 15:40:53.153 (UTC)] info/application	[Motor] Distance safe (21.694977069131554); rotating motor to 90 degrees | Severity=75 | SourceName=Motor2 | EventType=application | SourceNode=ns=1;s=MotorSource2
[Anomaly Input] [2026-08-11 15:40:53.153 (UTC)] info/application	[Motor] Distance safe (32.03621057329523); rotating motor to 90 degrees | Severity=75 | SourceName=Motor3 | EventType=application | SourceNode=ns=1;s=MotorSource3
[Anomaly Input] [2026-08-11 15:40:54.075 (UTC)] info/application	[Sensor] Updated distance: 10.887448769476007 cm | Severity=75 | SourceName=Sensor2 | EventType=application | SourceNode=ns=1;s=SensorSource2
[Anomaly Input] [2026-08-11 15:40:54.075 (UTC)] info/application	[Sensor] Updated distance: 9.790906961909918 cm | Severity=75 | SourceName=Sensor3 | EventType=application | SourceNode=ns=1;s=SensorSource3
[Anomaly Input] [2026-08-11 15:40:54.156 (UTC)] info/application	[Sensor] Updated distance: 39.640545445326964 cm | Severity=75 | SourceName=Sensor | EventType=application | SourceNode=ns=1;s=SensorSource
[Anomaly Input] [2026-08-11 15:40:54.160 (UTC)] info/application	[Motor] Received distance: 39.640545445326964 cm | Severity=75 | SourceName=Motor | EventType=application | SourceNode=ns=1;s=MotorSource
[Anomaly Input] [2026-08-11 15:40:54.161 (UTC)] info/application	[Motor] Received distance: 10.887448769476007 cm | Severity=75 | SourceName=Motor2 | EventType=application | SourceNode=ns=1;s=MotorSource2
[Anomaly Input] [2026-08-11 15:40:54.161 (UTC)] info/application	[Motor] Received distance: 9.790906961909918 cm | Severity=75 | SourceName=Motor3 | EventType=application | SourceNode=ns=1;s=MotorSource3
[Anomaly Input] [2026-08-11 15:40:54.160 (UTC)] info/application	[Motor] Distance safe (39.640545445326964); rotating motor to 90 degrees | Severity=75 | SourceName=Motor | EventType=application | SourceNode=ns=1;s=MotorSource
[Anomaly Input] [2026-08-11 15:40:54.161 (UTC)] warn/application	[Motor] Distance too close (10.887448769476007); rotating motor to 0 degrees | Severity=175 | SourceName=Motor2 | EventType=application | SourceNode=ns=1;s=MotorSource2
[Anomaly Input] [2026-08-11 15:40:54.161 (UTC)] warn/application	[Motor] Distance too close (9.790906961909918); rotating motor to 0 degrees | Severity=175 | SourceName=Motor3 | EventType=application | SourceNode=ns=1;s=MotorSource3
[Anomaly Input] [2026-08-11 15:40:55.068 (UTC)] info/application	[Sensor] Updated distance: 22.986199776169936 cm | Severity=75 | SourceName=Sensor2 | EventType=application | SourceNode=ns=1;s=SensorSource2
[Anomaly Input] [2026-08-11 15:40:55.078 (UTC)] info/application	[Sensor] Updated distance: 7.06444283810651 cm | Severity=75 | SourceName=Sensor3 | EventType=application | SourceNode=ns=1;s=SensorSource3
[Anomaly Input] [2026-08-11 15:40:55.159 (UTC)] info/application	[Sensor] Updated distance: 3.660475850878505 cm | Severity=75 | SourceName=Sensor | EventType=application | SourceNode=ns=1;s=SensorSource
[Anomaly Input] [2026-08-11 15:40:55.159 (UTC)] info/application	[Motor] Received distance: 3.660475850878505 cm | Severity=75 | SourceName=Motor | EventType=application | SourceNode=ns=1;s=MotorSource
[Anomaly Input] [2026-08-11 15:40:55.159 (UTC)] info/application	[Motor] Received distance: 7.06444283810651 cm | Severity=75 | SourceName=Motor3 | EventType=application | SourceNode=ns=1;s=MotorSource3
[Anomaly Input] [2026-08-11 15:40:55.159 (UTC)] info/application	[Motor] Received distance: 22.986199776169936 cm | Severity=75 | SourceName=Motor2 | EventType=application | SourceNode=ns=1;s=MotorSource2
[Anomaly Input] [2026-08-11 15:40:55.159 (UTC)] warn/application	[Motor] Distance too close (7.06444283810651); rotating motor to 0 degrees | Severity=175 | SourceName=Motor3 | EventType=application | SourceNode=ns=1;s=MotorSource3
[Anomaly Input] [2026-08-11 15:40:55.159 (UTC)] warn/application	[Motor] Distance too close (3.660475850878505); rotating motor to 0 degrees | Severity=175 | SourceName=Motor | EventType=application | SourceNode=ns=1;s=MotorSource
[Anomaly Input] [2026-08-11 15:40:55.159 (UTC)] info/application	[Motor] Distance safe (22.986199776169936); rotating motor to 90 degrees | Severity=75 | SourceName=Motor2 | EventType=application | SourceNode=ns=1;s=MotorSource2
[Anomaly Input] [2026-08-11 15:40:56.071 (UTC)] info/application	[Sensor] Updated distance: 25.17023679202899 cm | Severity=75 | SourceName=Sensor3 | EventType=application | SourceNode=ns=1;s=SensorSource3
[Anomaly Input] [2026-08-11 15:40:56.071 (UTC)] info/application	[Sensor] Updated distance: 18.70418307963022 cm | Severity=75 | SourceName=Sensor2 | EventType=application | SourceNode=ns=1;s=SensorSource2
[Anomaly Input] [2026-08-11 15:40:56.162 (UTC)] info/application	[Sensor] Updated distance: 6.529260957860044 cm | Severity=75 | SourceName=Sensor | EventType=application | SourceNode=ns=1;s=SensorSource
[Anomaly Input] [2026-08-11 15:40:56.162 (UTC)] info/application	[Motor] Received distance: 18.70418307963022 cm | Severity=75 | SourceName=Motor2 | EventType=application | SourceNode=ns=1;s=MotorSource2
[Anomaly Input] [2026-08-11 15:40:56.162 (UTC)] info/application	[Motor] Received distance: 25.17023679202899 cm | Severity=75 | SourceName=Motor3 | EventType=application | SourceNode=ns=1;s=MotorSource3
[Anomaly Input] [2026-08-11 15:40:56.170 (UTC)] info/application	[Motor] Received distance: 6.529260957860044 cm | Severity=75 | SourceName=Motor | EventType=application | SourceNode=ns=1;s=MotorSource
[Anomaly Input] [2026-08-11 15:40:56.162 (UTC)] info/application	[Motor] Distance safe (25.17023679202899); rotating motor to 90 degrees | Severity=75 | SourceName=Motor3 | EventType=application | SourceNode=ns=1;s=MotorSource3
[Anomaly Input] [2026-08-11 15:40:56.162 (UTC)] warn/application	[Motor] Distance too close (18.70418307963022); rotating motor to 0 degrees | Severity=175 | SourceName=Motor2 | EventType=application | SourceNode=ns=1;s=MotorSource2
[Anomaly Input] [2026-08-11 15:40:56.170 (UTC)] warn/application	[Motor] Distance too close (6.529260957860044); rotating motor to 0 degrees | Severity=175 | SourceName=Motor | EventType=application | SourceNode=ns=1;s=MotorSource
[Anomaly Input] [2026-08-11 15:40:57.073 (UTC)] info/application	[Sensor] Updated distance: 28.847084929629734 cm | Severity=75 | SourceName=Sensor2 | EventType=application | SourceNode=ns=1;s=SensorSource2
[Anomaly Input] [2026-08-11 15:40:57.073 (UTC)] info/application	[Sensor] Updated distance: 30.006327128040756 cm | Severity=75 | SourceName=Sensor3 | EventType=application | SourceNode=ns=1;s=SensorSource3
[Anomaly Input] [2026-08-11 15:40:57.154 (UTC)] info/application	[Sensor] Updated distance: 47.533966525240785 cm | Severity=75 | SourceName=Sensor | EventType=application | SourceNode=ns=1;s=SensorSource
[Anomaly Input] [2026-08-11 15:40:57.154 (UTC)] info/application	[Motor] Received distance: 28.847084929629734 cm | Severity=75 | SourceName=Motor2 | EventType=application | SourceNode=ns=1;s=MotorSource2
[Anomaly Input] [2026-08-11 15:40:57.154 (UTC)] info/application	[Motor] Received distance: 30.006327128040756 cm | Severity=75 | SourceName=Motor3 | EventType=application | SourceNode=ns=1;s=MotorSource3
[Anomaly Input] [2026-08-11 15:40:57.160 (UTC)] info/application	[Motor] Received distance: 47.533966525240785 cm | Severity=75 | SourceName=Motor | EventType=application | SourceNode=ns=1;s=MotorSource
[Anomaly Input] [2026-08-11 15:40:57.154 (UTC)] info/application	[Motor] Distance safe (28.847084929629734); rotating motor to 90 degrees | Severity=75 | SourceName=Motor2 | EventType=application | SourceNode=ns=1;s=MotorSource2
[Anomaly Input] [2026-08-11 15:40:57.154 (UTC)] info/application	[Motor] Distance safe (30.006327128040756); rotating motor to 90 degrees | Severity=75 | SourceName=Motor3 | EventType=application | SourceNode=ns=1;s=MotorSource3
[Anomaly Input] [2026-08-11 15:40:57.160 (UTC)] info/application	[Motor] Distance safe (47.533966525240785); rotating motor to 90 degrees | Severity=75 | SourceName=Motor | EventType=application | SourceNode=ns=1;s=MotorSource
[Anomaly Input] [2026-08-11 15:40:58.074 (UTC)] info/application	[Sensor] Updated distance: 4.739192949020859 cm | Severity=75 | SourceName=Sensor2 | EventType=application | SourceNode=ns=1;s=SensorSource2
[Anomaly Input] [2026-08-11 15:40:58.074 (UTC)] info/application	[Sensor] Updated distance: 26.94204215376733 cm | Severity=75 | SourceName=Sensor3 | EventType=application | SourceNode=ns=1;s=SensorSource3
[Anomaly Input] [2026-08-11 15:40:58.155 (UTC)] info/application	[Sensor] Updated distance: 6.651917258581108 cm | Severity=75 | SourceName=Sensor | EventType=application | SourceNode=ns=1;s=SensorSource
[Anomaly Input] [2026-08-11 15:40:58.161 (UTC)] info/application	[Motor] Received distance: 26.94204215376733 cm | Severity=75 | SourceName=Motor3 | EventType=application | SourceNode=ns=1;s=MotorSource3
[Anomaly Input] [2026-08-11 15:40:58.161 (UTC)] info/application	[Motor] Received distance: 6.651917258581108 cm | Severity=75 | SourceName=Motor | EventType=application | SourceNode=ns=1;s=MotorSource
[Anomaly Input] [2026-08-11 15:40:58.161 (UTC)] info/application	[Motor] Received distance: 4.739192949020859 cm | Severity=75 | SourceName=Motor2 | EventType=application | SourceNode=ns=1;s=MotorSource2
[Anomaly Input] [2026-08-11 15:40:58.161 (UTC)] info/application	[Motor] Distance safe (26.94204215376733); rotating motor to 90 degrees | Severity=75 | SourceName=Motor3 | EventType=application | SourceNode=ns=1;s=MotorSource3
[Anomaly Input] [2026-08-11 15:40:58.161 (UTC)] warn/application	[Motor] Distance too close (4.739192949020859); rotating motor to 0 degrees | Severity=175 | SourceName=Motor2 | EventType=application | SourceNode=ns=1;s=MotorSource2
[Anomaly Input] [2026-08-11 15:40:58.161 (UTC)] warn/application	[Motor] Distance too close (6.651917258581108); rotating motor to 0 degrees | Severity=175 | SourceName=Motor | EventType=application | SourceNode=ns=1;s=MotorSource
[Anomaly Input] [2026-08-11 15:40:59.076 (UTC)] info/application	[Sensor] Updated distance: 20.999736221041406 cm | Severity=75 | SourceName=Sensor3 | EventType=application | SourceNode=ns=1;s=SensorSource3
[Anomaly Input] [2026-08-11 15:40:59.076 (UTC)] info/application	[Sensor] Updated distance: 10.097395431295686 cm | Severity=75 | SourceName=Sensor2 | EventType=application | SourceNode=ns=1;s=SensorSource2
[Anomaly Input] [2026-08-11 15:40:59.157 (UTC)] info/application	[Sensor] Updated distance: 4.888219186518443 cm | Severity=75 | SourceName=Sensor | EventType=application | SourceNode=ns=1;s=SensorSource
[Anomaly Input] [2026-08-11 15:40:59.157 (UTC)] info/application	[Motor] Received distance: 4.888219186518443 cm | Severity=75 | SourceName=Motor | EventType=application | SourceNode=ns=1;s=MotorSource
[Anomaly Input] [2026-08-11 15:40:59.163 (UTC)] info/application	[Motor] Received distance: 10.097395431295686 cm | Severity=75 | SourceName=Motor2 | EventType=application | SourceNode=ns=1;s=MotorSource2
[Anomaly Input] [2026-08-11 15:40:59.163 (UTC)] info/application	[Motor] Received distance: 20.999736221041406 cm | Severity=75 | SourceName=Motor3 | EventType=application | SourceNode=ns=1;s=MotorSource3
[Anomaly Input] [2026-08-11 15:40:59.157 (UTC)] warn/application	[Motor] Distance too close (4.888219186518443); rotating motor to 0 degrees | Severity=175 | SourceName=Motor | EventType=application | SourceNode=ns=1;s=MotorSource
[Anomaly Input] [2026-08-11 15:40:59.163 (UTC)] warn/application	[Motor] Distance too close (10.097395431295686); rotating motor to 0 degrees | Severity=175 | SourceName=Motor2 | EventType=application | SourceNode=ns=1;s=MotorSource2
[Anomaly Input] [2026-08-11 15:40:59.163 (UTC)] info/application	[Motor] Distance safe (20.999736221041406); rotating motor to 90 degrees | Severity=75 | SourceName=Motor3 | EventType=application | SourceNode=ns=1;s=MotorSource3
[Anomaly Input] [2026-08-11 15:41:00.068 (UTC)] info/application	[Sensor] Updated distance: 37.35335303999174 cm | Severity=75 | SourceName=Sensor2 | EventType=application | SourceNode=ns=1;s=SensorSource2
[Anomaly Input] [2026-08-11 15:41:00.078 (UTC)] info/application	[Sensor] Updated distance: 24.974847029417216 cm | Severity=75 | SourceName=Sensor3 | EventType=application | SourceNode=ns=1;s=SensorSource3
[Anomaly Input] [2026-08-11 15:41:00.159 (UTC)] info/application	[Sensor] Updated distance: 37.74502256687033 cm | Severity=75 | SourceName=Sensor | EventType=application | SourceNode=ns=1;s=SensorSource
[Anomaly Input] [2026-08-11 15:41:00.159 (UTC)] info/application	[Motor] Received distance: 24.974847029417216 cm | Severity=75 | SourceName=Motor3 | EventType=application | SourceNode=ns=1;s=MotorSource3
[Anomaly Input] [2026-08-11 15:41:00.159 (UTC)] info/application	[Motor] Received distance: 37.35335303999174 cm | Severity=75 | SourceName=Motor2 | EventType=application | SourceNode=ns=1;s=MotorSource2
[Anomaly Input] [2026-08-11 15:41:00.160 (UTC)] info/application	[Motor] Received distance: 37.74502256687033 cm | Severity=75 | SourceName=Motor | EventType=application | SourceNode=ns=1;s=MotorSource
[Anomaly Input] [2026-08-11 15:41:00.159 (UTC)] info/application	[Motor] Distance safe (37.35335303999174); rotating motor to 90 degrees | Severity=75 | SourceName=Motor2 | EventType=application | SourceNode=ns=1;s=MotorSource2
[Anomaly Input] [2026-08-11 15:41:00.159 (UTC)] info/application	[Motor] Distance safe (24.974847029417216); rotating motor to 90 degrees | Severity=75 | SourceName=Motor3 | EventType=application | SourceNode=ns=1;s=MotorSource3
[Anomaly Input] [2026-08-11 15:41:00.160 (UTC)] info/application	[Motor] Distance safe (37.74502256687033); rotating motor to 90 degrees | Severity=75 | SourceName=Motor | EventType=application | SourceNode=ns=1;s=MotorSource
[Anomaly Input] [2026-08-11 15:41:01.069 (UTC)] info/application	[Sensor] Updated distance: 18.787160545954087 cm | Severity=75 | SourceName=Sensor2 | EventType=application | SourceNode=ns=1;s=SensorSource2
[Anomaly Input] [2026-08-11 15:41:01.079 (UTC)] info/application	[Sensor] Updated distance: 42.90537214693863 cm | Severity=75 | SourceName=Sensor3 | EventType=application | SourceNode=ns=1;s=SensorSource3
[Anomaly Input] [2026-08-11 15:41:01.160 (UTC)] info/application	[Sensor] Updated distance: 38.90321367462315 cm | Severity=75 | SourceName=Sensor | EventType=application | SourceNode=ns=1;s=SensorSource
[Anomaly Input] [2026-08-11 15:41:01.160 (UTC)] info/application	[Motor] Received distance: 38.90321367462315 cm | Severity=75 | SourceName=Motor | EventType=application | SourceNode=ns=1;s=MotorSource
[Anomaly Input] [2026-08-11 15:41:01.161 (UTC)] info/application	[Motor] Received distance: 18.787160545954087 cm | Severity=75 | SourceName=Motor2 | EventType=application | SourceNode=ns=1;s=MotorSource2
[Anomaly Input] [2026-08-11 15:41:01.161 (UTC)] info/application	[Motor] Received distance: 42.90537214693863 cm | Severity=75 | SourceName=Motor3 | EventType=application | SourceNode=ns=1;s=MotorSource3
[Anomaly Input] [2026-08-11 15:41:01.160 (UTC)] info/application	[Motor] Distance safe (38.90321367462315); rotating motor to 90 degrees | Severity=75 | SourceName=Motor | EventType=application | SourceNode=ns=1;s=MotorSource
[Anomaly Input] [2026-08-11 15:41:01.161 (UTC)] warn/application	[Motor] Distance too close (18.787160545954087); rotating motor to 0 degrees | Severity=175 | SourceName=Motor2 | EventType=application | SourceNode=ns=1;s=MotorSource2
[Anomaly Input] [2026-08-11 15:41:01.161 (UTC)] info/application	[Motor] Distance safe (42.90537214693863); rotating motor to 90 degrees | Severity=75 | SourceName=Motor3 | EventType=application | SourceNode=ns=1;s=MotorSource3
[Anomaly Input] [2026-08-11 15:41:02.071 (UTC)] info/application	[Sensor] Updated distance: 23.74346375732844 cm | Severity=75 | SourceName=Sensor3 | EventType=application | SourceNode=ns=1;s=SensorSource3
[Anomaly Input] [2026-08-11 15:41:02.071 (UTC)] info/application	[Sensor] Updated distance: 31.387514299427863 cm | Severity=75 | SourceName=Sensor2 | EventType=application | SourceNode=ns=1;s=SensorSource2
[Anomaly Input] [2026-08-11 15:41:02.152 (UTC)] info/application	[Sensor] Updated distance: 28.549176198686087 cm | Severity=75 | SourceName=Sensor | EventType=application | SourceNode=ns=1;s=SensorSource
[Anomaly Input] [2026-08-11 15:41:02.152 (UTC)] info/application	[Motor] Received distance: 28.549176198686087 cm | Severity=75 | SourceName=Motor | EventType=application | SourceNode=ns=1;s=MotorSource
[Anomaly Input] [2026-08-11 15:41:02.152 (UTC)] info/application	[Motor] Received distance: 23.74346375732844 cm | Severity=75 | SourceName=Motor3 | EventType=application | SourceNode=ns=1;s=MotorSource3
[Anomaly Input] [2026-08-11 15:41:02.152 (UTC)] info/application	[Motor] Received distance: 31.387514299427863 cm | Severity=75 | SourceName=Motor2 | EventType=application | SourceNode=ns=1;s=MotorSource2
[Anomaly Input] [2026-08-11 15:41:02.152 (UTC)] info/application	[Motor] Distance safe (28.549176198686087); rotating motor to 90 degrees | Severity=75 | SourceName=Motor | EventType=application | SourceNode=ns=1;s=MotorSource
[Anomaly Input] [2026-08-11 15:41:02.152 (UTC)] info/application	[Motor] Distance safe (23.74346375732844); rotating motor to 90 degrees | Severity=75 | SourceName=Motor3 | EventType=application | SourceNode=ns=1;s=MotorSource3
[Anomaly Input] [2026-08-11 15:41:02.152 (UTC)] info/application	[Motor] Distance safe (31.387514299427863); rotating motor to 90 degrees | Severity=75 | SourceName=Motor2 | EventType=application | SourceNode=ns=1;s=MotorSource2
[Anomaly Input] [2026-08-11 15:41:03.072 (UTC)] info/application	[Sensor] Updated distance: 15.920333876237429 cm | Severity=75 | SourceName=Sensor3 | EventType=application | SourceNode=ns=1;s=SensorSource3
[Anomaly Input] [2026-08-11 15:41:03.072 (UTC)] info/application	[Sensor] Updated distance: 20.841923625600487 cm | Severity=75 | SourceName=Sensor2 | EventType=application | SourceNode=ns=1;s=SensorSource2
[Anomaly Input] [2026-08-11 15:41:03.153 (UTC)] info/application	[Sensor] Updated distance: 8.49755844776405 cm | Severity=75 | SourceName=Sensor | EventType=application | SourceNode=ns=1;s=SensorSource
[Anomaly Input] [2026-08-11 15:41:03.160 (UTC)] info/application	[Motor] Received distance: 8.49755844776405 cm | Severity=75 | SourceName=Motor | EventType=application | SourceNode=ns=1;s=MotorSource
[Anomaly Input] [2026-08-11 15:41:03.161 (UTC)] info/application	[Motor] Received distance: 20.841923625600487 cm | Severity=75 | SourceName=Motor2 | EventType=application | SourceNode=ns=1;s=MotorSource2
[Anomaly Input] [2026-08-11 15:41:03.161 (UTC)] info/application	[Motor] Received distance: 15.920333876237429 cm | Severity=75 | SourceName=Motor3 | EventType=application | SourceNode=ns=1;s=MotorSource3
[Anomaly Input] [2026-08-11 15:41:03.160 (UTC)] warn/application	[Motor] Distance too close (8.49755844776405); rotating motor to 0 degrees | Severity=175 | SourceName=Motor | EventType=application | SourceNode=ns=1;s=MotorSource
[Anomaly Input] [2026-08-11 15:41:03.161 (UTC)] info/application	[Motor] Distance safe (20.841923625600487); rotating motor to 90 degrees | Severity=75 | SourceName=Motor2 | EventType=application | SourceNode=ns=1;s=MotorSource2
[Anomaly Input] [2026-08-11 15:41:03.161 (UTC)] warn/application	[Motor] Distance too close (15.920333876237429); rotating motor to 0 degrees | Severity=175 | SourceName=Motor3 | EventType=application | SourceNode=ns=1;s=MotorSource3
[Anomaly Input] [2026-08-11 15:41:04.074 (UTC)] info/application	[Sensor] Updated distance: 43.33458044069567 cm | Severity=75 | SourceName=Sensor3 | EventType=application | SourceNode=ns=1;s=SensorSource3
[Anomaly Input] [2026-08-11 15:41:04.074 (UTC)] info/application	[Sensor] Updated distance: 15.749006903613454 cm | Severity=75 | SourceName=Sensor2 | EventType=application | SourceNode=ns=1;s=SensorSource2
[Anomaly Input] [2026-08-11 15:41:04.155 (UTC)] info/application	[Sensor] Updated distance: 38.44554759023969 cm | Severity=75 | SourceName=Sensor | EventType=application | SourceNode=ns=1;s=SensorSource
[Anomaly Input] [2026-08-11 15:41:04.155 (UTC)] info/application	[Motor] Received distance: 38.44554759023969 cm | Severity=75 | SourceName=Motor | EventType=application | SourceNode=ns=1;s=MotorSource
[Anomaly Input] [2026-08-11 15:41:04.162 (UTC)] info/application	[Motor] Received distance: 43.33458044069567 cm | Severity=75 | SourceName=Motor3 | EventType=application | SourceNode=ns=1;s=MotorSource3
[Anomaly Input] [2026-08-11 15:41:04.162 (UTC)] info/application	[Motor] Received distance: 15.749006903613454 cm | Severity=75 | SourceName=Motor2 | EventType=application | SourceNode=ns=1;s=MotorSource2
[Anomaly Input] [2026-08-11 15:41:04.155 (UTC)] info/application	[Motor] Distance safe (38.44554759023969); rotating motor to 90 degrees | Severity=75 | SourceName=Motor | EventType=application | SourceNode=ns=1;s=MotorSource
[Anomaly Input] [2026-08-11 15:41:04.162 (UTC)] info/application	[Motor] Distance safe (43.33458044069567); rotating motor to 90 degrees | Severity=75 | SourceName=Motor3 | EventType=application | SourceNode=ns=1;s=MotorSource3
[Anomaly Input] [2026-08-11 15:41:04.162 (UTC)] warn/application	[Motor] Distance too close (15.749006903613454); rotating motor to 0 degrees | Severity=175 | SourceName=Motor2 | EventType=application | SourceNode=ns=1;s=MotorSource2
[Anomaly Input] [2026-08-11 15:41:05.075 (UTC)] info/application	[Sensor] Updated distance: 25.768564890962356 cm | Severity=75 | SourceName=Sensor2 | EventType=application | SourceNode=ns=1;s=SensorSource2
[Anomaly Input] [2026-08-11 15:41:05.075 (UTC)] info/application	[Sensor] Updated distance: 48.86684860981388 cm | Severity=75 | SourceName=Sensor3 | EventType=application | SourceNode=ns=1;s=SensorSource3
[Anomaly Input] [2026-08-11 15:41:05.156 (UTC)] info/application	[Sensor] Updated distance: 11.91912204489071 cm | Severity=75 | SourceName=Sensor | EventType=application | SourceNode=ns=1;s=SensorSource
[Anomaly Input] [2026-08-11 15:41:05.156 (UTC)] info/application	[Motor] Received distance: 25.768564890962356 cm | Severity=75 | SourceName=Motor2 | EventType=application | SourceNode=ns=1;s=MotorSource2
[Anomaly Input] [2026-08-11 15:41:05.156 (UTC)] info/application	[Motor] Received distance: 48.86684860981388 cm | Severity=75 | SourceName=Motor3 | EventType=application | SourceNode=ns=1;s=MotorSource3
[Anomaly Input] [2026-08-11 15:41:05.160 (UTC)] info/application	[Motor] Received distance: 11.91912204489071 cm | Severity=75 | SourceName=Motor | EventType=application | SourceNode=ns=1;s=MotorSource
[Anomaly Input] [2026-08-11 15:41:05.156 (UTC)] info/application	[Motor] Distance safe (25.768564890962356); rotating motor to 90 degrees | Severity=75 | SourceName=Motor2 | EventType=application | SourceNode=ns=1;s=MotorSource2
[Anomaly Input] [2026-08-11 15:41:05.156 (UTC)] info/application	[Motor] Distance safe (48.86684860981388); rotating motor to 90 degrees | Severity=75 | SourceName=Motor3 | EventType=application | SourceNode=ns=1;s=MotorSource3
[Anomaly Input] [2026-08-11 15:41:05.160 (UTC)] warn/application	[Motor] Distance too close (11.91912204489071); rotating motor to 0 degrees | Severity=175 | SourceName=Motor | EventType=application | SourceNode=ns=1;s=MotorSource
[Anomaly Input] [2026-08-11 15:41:06.076 (UTC)] info/application	[Sensor] Updated distance: 31.17464283722203 cm | Severity=75 | SourceName=Sensor2 | EventType=application | SourceNode=ns=1;s=SensorSource2
[Anomaly Input] [2026-08-11 15:41:06.076 (UTC)] info/application	[Sensor] Updated distance: 12.041313094106183 cm | Severity=75 | SourceName=Sensor3 | EventType=application | SourceNode=ns=1;s=SensorSource3
[Anomaly Input] [2026-08-11 15:41:06.156 (UTC)] info/application	[Sensor] Updated distance: 49.602212846093906 cm | Severity=75 | SourceName=Sensor | EventType=application | SourceNode=ns=1;s=SensorSource
[Anomaly Input] [2026-08-11 15:41:06.160 (UTC)] info/application	[Motor] Received distance: 49.602212846093906 cm | Severity=75 | SourceName=Motor | EventType=application | SourceNode=ns=1;s=MotorSource
[Anomaly Input] [2026-08-11 15:41:06.162 (UTC)] info/application	[Motor] Received distance: 12.041313094106183 cm | Severity=75 | SourceName=Motor3 | EventType=application | SourceNode=ns=1;s=MotorSource3
[Anomaly Input] [2026-08-11 15:41:06.162 (UTC)] info/application	[Motor] Received distance: 31.17464283722203 cm | Severity=75 | SourceName=Motor2 | EventType=application | SourceNode=ns=1;s=MotorSource2
[Anomaly Input] [2026-08-11 15:41:06.160 (UTC)] info/application	[Motor] Distance safe (49.602212846093906); rotating motor to 90 degrees | Severity=75 | SourceName=Motor | EventType=application | SourceNode=ns=1;s=MotorSource
[Anomaly Input] [2026-08-11 15:41:06.162 (UTC)] warn/application	[Motor] Distance too close (12.041313094106183); rotating motor to 0 degrees | Severity=175 | SourceName=Motor3 | EventType=application | SourceNode=ns=1;s=MotorSource3
[Anomaly Input] [2026-08-11 15:41:06.162 (UTC)] info/application	[Motor] Distance safe (31.17464283722203); rotating motor to 90 degrees | Severity=75 | SourceName=Motor2 | EventType=application | SourceNode=ns=1;s=MotorSource2
[Anomaly Input] [2026-08-11 15:41:07.077 (UTC)] info/application	[Sensor] Updated distance: 2.636757962702195 cm | Severity=75 | SourceName=Sensor2 | EventType=application | SourceNode=ns=1;s=SensorSource2
[Anomaly Input] [2026-08-11 15:41:07.077 (UTC)] info/application	[Sensor] Updated distance: 11.895384383339147 cm | Severity=75 | SourceName=Sensor3 | EventType=application | SourceNode=ns=1;s=SensorSource3
[Anomaly Input] [2026-08-11 15:41:07.157 (UTC)] info/application	[Sensor] Updated distance: 39.9808860970572 cm | Severity=75 | SourceName=Sensor | EventType=application | SourceNode=ns=1;s=SensorSource
[Anomaly Input] [2026-08-11 15:41:07.161 (UTC)] info/application	[Motor] Received distance: 39.9808860970572 cm | Severity=75 | SourceName=Motor | EventType=application | SourceNode=ns=1;s=MotorSource
[Anomaly Input] [2026-08-11 15:41:07.162 (UTC)] info/application	[Motor] Received distance: 2.636757962702195 cm | Severity=75 | SourceName=Motor2 | EventType=application | SourceNode=ns=1;s=MotorSource2
[Anomaly Input] [2026-08-11 15:41:07.162 (UTC)] info/application	[Motor] Received distance: 11.895384383339147 cm | Severity=75 | SourceName=Motor3 | EventType=application | SourceNode=ns=1;s=MotorSource3
[Anomaly Input] [2026-08-11 15:41:07.161 (UTC)] info/application	[Motor] Distance safe (39.9808860970572); rotating motor to 90 degrees | Severity=75 | SourceName=Motor | EventType=application | SourceNode=ns=1;s=MotorSource
[Anomaly Input] [2026-08-11 15:41:07.162 (UTC)] warn/application	[Motor] Distance too close (2.636757962702195); rotating motor to 0 degrees | Severity=175 | SourceName=Motor2 | EventType=application | SourceNode=ns=1;s=MotorSource2
[Anomaly Input] [2026-08-11 15:41:07.162 (UTC)] warn/application	[Motor] Distance too close (11.895384383339147); rotating motor to 0 degrees | Severity=175 | SourceName=Motor3 | EventType=application | SourceNode=ns=1;s=MotorSource3
[Anomaly Input] [2026-08-11 15:41:08.068 (UTC)] info/application	[Sensor] Updated distance: 37.34430029398962 cm | Severity=75 | SourceName=Sensor2 | EventType=application | SourceNode=ns=1;s=SensorSource2
[Anomaly Input] [2026-08-11 15:41:08.078 (UTC)] info/application	[Sensor] Updated distance: 33.459032468245844 cm | Severity=75 | SourceName=Sensor3 | EventType=application | SourceNode=ns=1;s=SensorSource3
[Anomaly Input] [2026-08-11 15:41:08.159 (UTC)] info/application	[Sensor] Updated distance: 8.748594257397855 cm | Severity=75 | SourceName=Sensor | EventType=application | SourceNode=ns=1;s=SensorSource
[Anomaly Input] [2026-08-11 15:41:08.159 (UTC)] info/application	[Motor] Received distance: 8.748594257397855 cm | Severity=75 | SourceName=Motor | EventType=application | SourceNode=ns=1;s=MotorSource
[Anomaly Input] [2026-08-11 15:41:08.159 (UTC)] info/application	[Motor] Received distance: 33.459032468245844 cm | Severity=75 | SourceName=Motor3 | EventType=application | SourceNode=ns=1;s=MotorSource3
[Anomaly Input] [2026-08-11 15:41:08.159 (UTC)] info/application	[Motor] Received distance: 37.34430029398962 cm | Severity=75 | SourceName=Motor2 | EventType=application | SourceNode=ns=1;s=MotorSource2
[Anomaly Input] [2026-08-11 15:41:08.159 (UTC)] warn/application	[Motor] Distance too close (8.748594257397855); rotating motor to 0 degrees | Severity=175 | SourceName=Motor | EventType=application | SourceNode=ns=1;s=MotorSource
[Anomaly Input] [2026-08-11 15:41:08.159 (UTC)] info/application	[Motor] Distance safe (33.459032468245844); rotating motor to 90 degrees | Severity=75 | SourceName=Motor3 | EventType=application | SourceNode=ns=1;s=MotorSource3
[Anomaly Input] [2026-08-11 15:41:08.159 (UTC)] info/application	[Motor] Distance safe (37.34430029398962); rotating motor to 90 degrees | Severity=75 | SourceName=Motor2 | EventType=application | SourceNode=ns=1;s=MotorSource2
[Anomaly Input] [2026-08-11 15:41:09.069 (UTC)] info/application	[Sensor] Updated distance: 47.128380870972 cm | Severity=75 | SourceName=Sensor2 | EventType=application | SourceNode=ns=1;s=SensorSource2
[Anomaly Input] [2026-08-11 15:41:09.079 (UTC)] info/application	[Sensor] Updated distance: 18.160289138630166 cm | Severity=75 | SourceName=Sensor3 | EventType=application | SourceNode=ns=1;s=SensorSource3
[Anomaly Input] [2026-08-11 15:41:09.160 (UTC)] info/application	[Sensor] Updated distance: 46.53278411018326 cm | Severity=75 | SourceName=Sensor | EventType=application | SourceNode=ns=1;s=SensorSource
[Anomaly Input] [2026-08-11 15:41:09.160 (UTC)] info/application	[Motor] Received distance: 46.53278411018326 cm | Severity=75 | SourceName=Motor | EventType=application | SourceNode=ns=1;s=MotorSource
[Anomaly Input] [2026-08-11 15:41:09.161 (UTC)] info/application	[Motor] Received distance: 18.160289138630166 cm | Severity=75 | SourceName=Motor3 | EventType=application | SourceNode=ns=1;s=MotorSource3
[Anomaly Input] [2026-08-11 15:41:09.161 (UTC)] info/application	[Motor] Received distance: 47.128380870972 cm | Severity=75 | SourceName=Motor2 | EventType=application | SourceNode=ns=1;s=MotorSource2
[Anomaly Input] [2026-08-11 15:41:09.160 (UTC)] info/application	[Motor] Distance safe (46.53278411018326); rotating motor to 90 degrees | Severity=75 | SourceName=Motor | EventType=application | SourceNode=ns=1;s=MotorSource
[Anomaly Input] [2026-08-11 15:41:09.161 (UTC)] info/application	[Motor] Distance safe (47.128380870972); rotating motor to 90 degrees | Severity=75 | SourceName=Motor2 | EventType=application | SourceNode=ns=1;s=MotorSource2
[Anomaly Input] [2026-08-11 15:41:09.161 (UTC)] warn/application	[Motor] Distance too close (18.160289138630166); rotating motor to 0 degrees | Severity=175 | SourceName=Motor3 | EventType=application | SourceNode=ns=1;s=MotorSource3
[Anomaly Input] [2026-08-11 15:41:10.070 (UTC)] info/application	[Sensor] Updated distance: 17.720759749282504 cm | Severity=75 | SourceName=Sensor3 | EventType=application | SourceNode=ns=1;s=SensorSource3
[Anomaly Input] [2026-08-11 15:41:10.070 (UTC)] info/application	[Sensor] Updated distance: 22.890199603927414 cm | Severity=75 | SourceName=Sensor2 | EventType=application | SourceNode=ns=1;s=SensorSource2
[Anomaly Input] [2026-08-11 15:41:10.161 (UTC)] info/application	[Sensor] Updated distance: 13.67958850212376 cm | Severity=75 | SourceName=Sensor | EventType=application | SourceNode=ns=1;s=SensorSource
[Anomaly Input] [2026-08-11 15:41:10.162 (UTC)] info/application	[Motor] Received distance: 22.890199603927414 cm | Severity=75 | SourceName=Motor2 | EventType=application | SourceNode=ns=1;s=MotorSource2
[Anomaly Input] [2026-08-11 15:41:10.162 (UTC)] info/application	[Motor] Received distance: 17.720759749282504 cm | Severity=75 | SourceName=Motor3 | EventType=application | SourceNode=ns=1;s=MotorSource3
[Anomaly Input] [2026-08-11 15:41:10.169 (UTC)] info/application	[Motor] Received distance: 13.67958850212376 cm | Severity=75 | SourceName=Motor | EventType=application | SourceNode=ns=1;s=MotorSource
[Anomaly Input] [2026-08-11 15:41:10.162 (UTC)] warn/application	[Motor] Distance too close (17.720759749282504); rotating motor to 0 degrees | Severity=175 | SourceName=Motor3 | EventType=application | SourceNode=ns=1;s=MotorSource3
[Anomaly Input] [2026-08-11 15:41:10.162 (UTC)] info/application	[Motor] Distance safe (22.890199603927414); rotating motor to 90 degrees | Severity=75 | SourceName=Motor2 | EventType=application | SourceNode=ns=1;s=MotorSource2
[Anomaly Input] [2026-08-11 15:41:10.169 (UTC)] warn/application	[Motor] Distance too close (13.67958850212376); rotating motor to 0 degrees | Severity=175 | SourceName=Motor | EventType=application | SourceNode=ns=1;s=MotorSource
[Anomaly Input] [2026-08-11 15:41:11.071 (UTC)] info/application	[Sensor] Updated distance: 44.753166300595346 cm | Severity=75 | SourceName=Sensor3 | EventType=application | SourceNode=ns=1;s=SensorSource3
[Anomaly Input] [2026-08-11 15:41:11.071 (UTC)] info/application	[Sensor] Updated distance: 21.75621704187068 cm | Severity=75 | SourceName=Sensor2 | EventType=application | SourceNode=ns=1;s=SensorSource2
[Anomaly Input] [2026-08-11 15:41:11.152 (UTC)] info/application	[Sensor] Updated distance: 9.402611765732342 cm | Severity=75 | SourceName=Sensor | EventType=application | SourceNode=ns=1;s=SensorSource
[Anomaly Input] [2026-08-11 15:41:11.152 (UTC)] info/application	[Motor] Received distance: 44.753166300595346 cm | Severity=75 | SourceName=Motor3 | EventType=application | SourceNode=ns=1;s=MotorSource3
[Anomaly Input] [2026-08-11 15:41:11.152 (UTC)] info/application	[Motor] Received distance: 21.75621704187068 cm | Severity=75 | SourceName=Motor2 | EventType=application | SourceNode=ns=1;s=MotorSource2
[Anomaly Input] [2026-08-11 15:41:11.159 (UTC)] info/application	[Motor] Received distance: 9.402611765732342 cm | Severity=75 | SourceName=Motor | EventType=application | SourceNode=ns=1;s=MotorSource
[Anomaly Input] [2026-08-11 15:41:11.152 (UTC)] info/application	[Motor] Distance safe (21.75621704187068); rotating motor to 90 degrees | Severity=75 | SourceName=Motor2 | EventType=application | SourceNode=ns=1;s=MotorSource2
[Anomaly Input] [2026-08-11 15:41:11.152 (UTC)] info/application	[Motor] Distance safe (44.753166300595346); rotating motor to 90 degrees | Severity=75 | SourceName=Motor3 | EventType=application | SourceNode=ns=1;s=MotorSource3
[Anomaly Input] [2026-08-11 15:41:11.159 (UTC)] warn/application	[Motor] Distance too close (9.402611765732342); rotating motor to 0 degrees | Severity=175 | SourceName=Motor | EventType=application | SourceNode=ns=1;s=MotorSource
[Anomaly Input] [2026-08-11 15:41:12.073 (UTC)] info/application	[Sensor] Updated distance: 34.2585162298095 cm | Severity=75 | SourceName=Sensor2 | EventType=application | SourceNode=ns=1;s=SensorSource2
[Anomaly Input] [2026-08-11 15:41:12.073 (UTC)] info/application	[Sensor] Updated distance: 12.711007801215633 cm | Severity=75 | SourceName=Sensor3 | EventType=application | SourceNode=ns=1;s=SensorSource3
[Anomaly Input] [2026-08-11 15:41:12.154 (UTC)] info/application	[Sensor] Updated distance: 28.604223017862168 cm | Severity=75 | SourceName=Sensor | EventType=application | SourceNode=ns=1;s=SensorSource
[Anomaly Input] [2026-08-11 15:41:12.161 (UTC)] info/application	[Motor] Received distance: 34.2585162298095 cm | Severity=75 | SourceName=Motor2 | EventType=application | SourceNode=ns=1;s=MotorSource2
[Anomaly Input] [2026-08-11 15:41:12.161 (UTC)] info/application	[Motor] Received distance: 12.711007801215633 cm | Severity=75 | SourceName=Motor3 | EventType=application | SourceNode=ns=1;s=MotorSource3
[Anomaly Input] [2026-08-11 15:41:12.161 (UTC)] info/application	[Motor] Received distance: 28.604223017862168 cm | Severity=75 | SourceName=Motor | EventType=application | SourceNode=ns=1;s=MotorSource
[Anomaly Input] [2026-08-11 15:41:12.161 (UTC)] info/application	[Motor] Distance safe (34.2585162298095); rotating motor to 90 degrees | Severity=75 | SourceName=Motor2 | EventType=application | SourceNode=ns=1;s=MotorSource2
[Anomaly Input] [2026-08-11 15:41:12.161 (UTC)] info/application	[Motor] Distance safe (28.604223017862168); rotating motor to 90 degrees | Severity=75 | SourceName=Motor | EventType=application | SourceNode=ns=1;s=MotorSource
[Anomaly Input] [2026-08-11 15:41:12.161 (UTC)] warn/application	[Motor] Distance too close (12.711007801215633); rotating motor to 0 degrees | Severity=175 | SourceName=Motor3 | EventType=application | SourceNode=ns=1;s=MotorSource3
[Anomaly Input] [2026-08-11 15:41:13.074 (UTC)] info/application	[Sensor] Updated distance: 47.17048136013116 cm | Severity=75 | SourceName=Sensor3 | EventType=application | SourceNode=ns=1;s=SensorSource3
[Anomaly Input] [2026-08-11 15:41:13.074 (UTC)] info/application	[Sensor] Updated distance: 7.093061114239069 cm | Severity=75 | SourceName=Sensor2 | EventType=application | SourceNode=ns=1;s=SensorSource2
[Anomaly Input] [2026-08-11 15:41:13.155 (UTC)] info/application	[Sensor] Updated distance: 34.742875457155925 cm | Severity=75 | SourceName=Sensor | EventType=application | SourceNode=ns=1;s=SensorSource
[Anomaly Input] [2026-08-11 15:41:13.155 (UTC)] info/application	[Motor] Received distance: 34.742875457155925 cm | Severity=75 | SourceName=Motor | EventType=application | SourceNode=ns=1;s=MotorSource
[Anomaly Input] [2026-08-11 15:41:13.163 (UTC)] info/application	[Motor] Received distance: 7.093061114239069 cm | Severity=75 | SourceName=Motor2 | EventType=application | SourceNode=ns=1;s=MotorSource2
[Anomaly Input] [2026-08-11 15:41:13.163 (UTC)] info/application	[Motor] Received distance: 47.17048136013116 cm | Severity=75 | SourceName=Motor3 | EventType=application | SourceNode=ns=1;s=MotorSource3
[Anomaly Input] [2026-08-11 15:41:13.155 (UTC)] info/application	[Motor] Distance safe (34.742875457155925); rotating motor to 90 degrees | Severity=75 | SourceName=Motor | EventType=application | SourceNode=ns=1;s=MotorSource
[Anomaly Input] [2026-08-11 15:41:13.163 (UTC)] warn/application	[Motor] Distance too close (7.093061114239069); rotating motor to 0 degrees | Severity=175 | SourceName=Motor2 | EventType=application | SourceNode=ns=1;s=MotorSource2
[Anomaly Input] [2026-08-11 15:41:13.163 (UTC)] info/application	[Motor] Distance safe (47.17048136013116); rotating motor to 90 degrees | Severity=75 | SourceName=Motor3 | EventType=application | SourceNode=ns=1;s=MotorSource3
[Anomaly Input] [2026-08-11 15:41:14.075 (UTC)] info/application	[Sensor] Updated distance: 44.760456343535544 cm | Severity=75 | SourceName=Sensor2 | EventType=application | SourceNode=ns=1;s=SensorSource2
[Anomaly Input] [2026-08-11 15:41:14.075 (UTC)] info/application	[Sensor] Updated distance: 21.188208611304038 cm | Severity=75 | SourceName=Sensor3 | EventType=application | SourceNode=ns=1;s=SensorSource3
[Anomaly Input] [2026-08-11 15:41:14.156 (UTC)] info/application	[Sensor] Updated distance: 10.670555088981313 cm | Severity=75 | SourceName=Sensor | EventType=application | SourceNode=ns=1;s=SensorSource
[Anomaly Input] [2026-08-11 15:41:14.156 (UTC)] info/application	[Motor] Received distance: 21.188208611304038 cm | Severity=75 | SourceName=Motor3 | EventType=application | SourceNode=ns=1;s=MotorSource3
[Anomaly Input] [2026-08-11 15:41:14.156 (UTC)] info/application	[Motor] Received distance: 44.760456343535544 cm | Severity=75 | SourceName=Motor2 | EventType=application | SourceNode=ns=1;s=MotorSource2
[Anomaly Input] [2026-08-11 15:41:14.160 (UTC)] info/application	[Motor] Received distance: 10.670555088981313 cm | Severity=75 | SourceName=Motor | EventType=application | SourceNode=ns=1;s=MotorSource
[Anomaly Input] [2026-08-11 15:41:14.156 (UTC)] info/application	[Motor] Distance safe (21.188208611304038); rotating motor to 90 degrees | Severity=75 | SourceName=Motor3 | EventType=application | SourceNode=ns=1;s=MotorSource3
[Anomaly Input] [2026-08-11 15:41:14.156 (UTC)] info/application	[Motor] Distance safe (44.760456343535544); rotating motor to 90 degrees | Severity=75 | SourceName=Motor2 | EventType=application | SourceNode=ns=1;s=MotorSource2
[Anomaly Input] [2026-08-11 15:41:14.160 (UTC)] warn/application	[Motor] Distance too close (10.670555088981313); rotating motor to 0 degrees | Severity=175 | SourceName=Motor | EventType=application | SourceNode=ns=1;s=MotorSource
[Anomaly Input] [2026-08-11 15:41:15.076 (UTC)] info/application	[Sensor] Updated distance: 10.917926218788105 cm | Severity=75 | SourceName=Sensor2 | EventType=application | SourceNode=ns=1;s=SensorSource2
[Anomaly Input] [2026-08-11 15:41:15.076 (UTC)] info/application	[Sensor] Updated distance: 25.410699713700776 cm | Severity=75 | SourceName=Sensor3 | EventType=application | SourceNode=ns=1;s=SensorSource3
[Anomaly Input] [2026-08-11 15:41:15.156 (UTC)] info/application	[Sensor] Updated distance: 19.79413476669888 cm | Severity=75 | SourceName=Sensor | EventType=application | SourceNode=ns=1;s=SensorSource
[Anomaly Input] [2026-08-11 15:41:15.160 (UTC)] info/application	[Motor] Received distance: 19.79413476669888 cm | Severity=75 | SourceName=Motor | EventType=application | SourceNode=ns=1;s=MotorSource
[Anomaly Input] [2026-08-11 15:41:15.161 (UTC)] info/application	[Motor] Received distance: 10.917926218788105 cm | Severity=75 | SourceName=Motor2 | EventType=application | SourceNode=ns=1;s=MotorSource2
[Anomaly Input] [2026-08-11 15:41:15.161 (UTC)] info/application	[Motor] Received distance: 25.410699713700776 cm | Severity=75 | SourceName=Motor3 | EventType=application | SourceNode=ns=1;s=MotorSource3
[Anomaly Input] [2026-08-11 15:41:15.160 (UTC)] warn/application	[Motor] Distance too close (19.79413476669888); rotating motor to 0 degrees | Severity=175 | SourceName=Motor | EventType=application | SourceNode=ns=1;s=MotorSource
[Anomaly Input] [2026-08-11 15:41:15.161 (UTC)] warn/application	[Motor] Distance too close (10.917926218788105); rotating motor to 0 degrees | Severity=175 | SourceName=Motor2 | EventType=application | SourceNode=ns=1;s=MotorSource2
[Anomaly Input] [2026-08-11 15:41:15.161 (UTC)] info/application	[Motor] Distance safe (25.410699713700776); rotating motor to 90 degrees | Severity=75 | SourceName=Motor3 | EventType=application | SourceNode=ns=1;s=MotorSource3
[Anomaly Input] [2026-08-11 15:41:16.076 (UTC)] info/application	[Sensor] Updated distance: 43.26894855185828 cm | Severity=75 | SourceName=Sensor2 | EventType=application | SourceNode=ns=1;s=SensorSource2
[Anomaly Input] [2026-08-11 15:41:16.076 (UTC)] info/application	[Sensor] Updated distance: 48.82804701422716 cm | Severity=75 | SourceName=Sensor3 | EventType=application | SourceNode=ns=1;s=SensorSource3
[Anomaly Input] [2026-08-11 15:41:16.157 (UTC)] info/application	[Sensor] Updated distance: 27.152163100034073 cm | Severity=75 | SourceName=Sensor | EventType=application | SourceNode=ns=1;s=SensorSource
[Anomaly Input] [2026-08-11 15:41:16.157 (UTC)] info/application	[Motor] Received distance: 27.152163100034073 cm | Severity=75 | SourceName=Motor | EventType=application | SourceNode=ns=1;s=MotorSource
[Anomaly Input] [2026-08-11 15:41:16.162 (UTC)] info/application	[Motor] Received distance: 43.26894855185828 cm | Severity=75 | SourceName=Motor2 | EventType=application | SourceNode=ns=1;s=MotorSource2
[Anomaly Input] [2026-08-11 15:41:16.162 (UTC)] info/application	[Motor] Received distance: 48.82804701422716 cm | Severity=75 | SourceName=Motor3 | EventType=application | SourceNode=ns=1;s=MotorSource3
[Anomaly Input] [2026-08-11 15:41:16.157 (UTC)] info/application	[Motor] Distance safe (27.152163100034073); rotating motor to 90 degrees | Severity=75 | SourceName=Motor | EventType=application | SourceNode=ns=1;s=MotorSource
[Anomaly Input] [2026-08-11 15:41:16.162 (UTC)] info/application	[Motor] Distance safe (43.26894855185828); rotating motor to 90 degrees | Severity=75 | SourceName=Motor2 | EventType=application | SourceNode=ns=1;s=MotorSource2
[Anomaly Input] [2026-08-11 15:41:16.162 (UTC)] info/application	[Motor] Distance safe (48.82804701422716); rotating motor to 90 degrees | Severity=75 | SourceName=Motor3 | EventType=application | SourceNode=ns=1;s=MotorSource3
[Anomaly Input] [2026-08-11 15:41:17.067 (UTC)] info/application	[Sensor] Updated distance: 22.57490184371122 cm | Severity=75 | SourceName=Sensor2 | EventType=application | SourceNode=ns=1;s=SensorSource2
[Anomaly Input] [2026-08-11 15:41:17.077 (UTC)] info/application	[Sensor] Updated distance: 21.09432595367279 cm | Severity=75 | SourceName=Sensor3 | EventType=application | SourceNode=ns=1;s=SensorSource3
[Anomaly Input] [2026-08-11 15:41:17.158 (UTC)] info/application	[Sensor] Updated distance: 18.764904670773493 cm | Severity=75 | SourceName=Sensor | EventType=application | SourceNode=ns=1;s=SensorSource
[Anomaly Input] [2026-08-11 15:41:17.158 (UTC)] info/application	[Motor] Received distance: 21.09432595367279 cm | Severity=75 | SourceName=Motor3 | EventType=application | SourceNode=ns=1;s=MotorSource3
[Anomaly Input] [2026-08-11 15:41:17.160 (UTC)] info/application	[Motor] Received distance: 18.764904670773493 cm | Severity=75 | SourceName=Motor | EventType=application | SourceNode=ns=1;s=MotorSource
[Anomaly Input] [2026-08-11 15:41:17.163 (UTC)] info/application	[Motor] Received distance: 22.57490184371122 cm | Severity=75 | SourceName=Motor2 | EventType=application | SourceNode=ns=1;s=MotorSource2
[Anomaly Input] [2026-08-11 15:41:17.158 (UTC)] info/application	[Motor] Distance safe (21.09432595367279); rotating motor to 90 degrees | Severity=75 | SourceName=Motor3 | EventType=application | SourceNode=ns=1;s=MotorSource3
[Anomaly Input] [2026-08-11 15:41:17.160 (UTC)] warn/application	[Motor] Distance too close (18.764904670773493); rotating motor to 0 degrees | Severity=175 | SourceName=Motor | EventType=application | SourceNode=ns=1;s=MotorSource
[Anomaly Input] [2026-08-11 15:41:17.163 (UTC)] info/application	[Motor] Distance safe (22.57490184371122); rotating motor to 90 degrees | Severity=75 | SourceName=Motor2 | EventType=application | SourceNode=ns=1;s=MotorSource2
[Anomaly Input] [2026-08-11 15:41:18.069 (UTC)] info/application	[Sensor] Updated distance: 16.86143105424076 cm | Severity=75 | SourceName=Sensor2 | EventType=application | SourceNode=ns=1;s=SensorSource2
[Anomaly Input] [2026-08-11 15:41:18.079 (UTC)] info/application	[Sensor] Updated distance: 9.900065090460732 cm | Severity=75 | SourceName=Sensor3 | EventType=application | SourceNode=ns=1;s=SensorSource3
[Anomaly Input] [2026-08-11 15:41:18.160 (UTC)] info/application	[Sensor] Updated distance: 10.456525515977537 cm | Severity=75 | SourceName=Sensor | EventType=application | SourceNode=ns=1;s=SensorSource
[Anomaly Input] [2026-08-11 15:41:18.160 (UTC)] info/application	[Motor] Received distance: 16.86143105424076 cm | Severity=75 | SourceName=Motor2 | EventType=application | SourceNode=ns=1;s=MotorSource2
[Anomaly Input] [2026-08-11 15:41:18.161 (UTC)] info/application	[Motor] Received distance: 10.456525515977537 cm | Severity=75 | SourceName=Motor | EventType=application | SourceNode=ns=1;s=MotorSource
[Anomaly Input] [2026-08-11 15:41:18.161 (UTC)] info/application	[Motor] Received distance: 9.900065090460732 cm | Severity=75 | SourceName=Motor3 | EventType=application | SourceNode=ns=1;s=MotorSource3
[Anomaly Input] [2026-08-11 15:41:18.160 (UTC)] warn/application	[Motor] Distance too close (16.86143105424076); rotating motor to 0 degrees | Severity=175 | SourceName=Motor2 | EventType=application | SourceNode=ns=1;s=MotorSource2
[Anomaly Input] [2026-08-11 15:41:18.161 (UTC)] warn/application	[Motor] Distance too close (10.456525515977537); rotating motor to 0 degrees | Severity=175 | SourceName=Motor | EventType=application | SourceNode=ns=1;s=MotorSource
[Anomaly Input] [2026-08-11 15:41:18.161 (UTC)] warn/application	[Motor] Distance too close (9.900065090460732); rotating motor to 0 degrees | Severity=175 | SourceName=Motor3 | EventType=application | SourceNode=ns=1;s=MotorSource3
[Anomaly Input] [2026-08-11 15:41:19.070 (UTC)] info/application	[Sensor] Updated distance: 23.810625287615984 cm | Severity=75 | SourceName=Sensor3 | EventType=application | SourceNode=ns=1;s=SensorSource3
[Anomaly Input] [2026-08-11 15:41:19.070 (UTC)] info/application	[Sensor] Updated distance: 34.711507737967885 cm | Severity=75 | SourceName=Sensor2 | EventType=application | SourceNode=ns=1;s=SensorSource2
[Anomaly Input] [2026-08-11 15:41:19.162 (UTC)] info/application	[Sensor] Updated distance: 36.82408259195466 cm | Severity=75 | SourceName=Sensor | EventType=application | SourceNode=ns=1;s=SensorSource
[Anomaly Input] [2026-08-11 15:41:19.162 (UTC)] info/application	[Motor] Received distance: 34.711507737967885 cm | Severity=75 | SourceName=Motor2 | EventType=application | SourceNode=ns=1;s=MotorSource2
[Anomaly Input] [2026-08-11 15:41:19.162 (UTC)] info/application	[Motor] Received distance: 23.810625287615984 cm | Severity=75 | SourceName=Motor3 | EventType=application | SourceNode=ns=1;s=MotorSource3
[Anomaly Input] [2026-08-11 15:41:19.170 (UTC)] info/application	[Motor] Received distance: 36.82408259195466 cm | Severity=75 | SourceName=Motor | EventType=application | SourceNode=ns=1;s=MotorSource
[Anomaly Input] [2026-08-11 15:41:19.162 (UTC)] info/application	[Motor] Distance safe (34.711507737967885); rotating motor to 90 degrees | Severity=75 | SourceName=Motor2 | EventType=application | SourceNode=ns=1;s=MotorSource2
[Anomaly Input] [2026-08-11 15:41:19.162 (UTC)] info/application	[Motor] Distance safe (23.810625287615984); rotating motor to 90 degrees | Severity=75 | SourceName=Motor3 | EventType=application | SourceNode=ns=1;s=MotorSource3
[Anomaly Input] [2026-08-11 15:41:19.170 (UTC)] info/application	[Motor] Distance safe (36.82408259195466); rotating motor to 90 degrees | Severity=75 | SourceName=Motor | EventType=application | SourceNode=ns=1;s=MotorSource
[Anomaly Input] [2026-08-11 15:41:20.073 (UTC)] info/application	[Sensor] Updated distance: 26.91128921923753 cm | Severity=75 | SourceName=Sensor2 | EventType=application | SourceNode=ns=1;s=SensorSource2
[Anomaly Input] [2026-08-11 15:41:20.073 (UTC)] info/application	[Sensor] Updated distance: 10.760095227863683 cm | Severity=75 | SourceName=Sensor3 | EventType=application | SourceNode=ns=1;s=SensorSource3
[Anomaly Input] [2026-08-11 15:41:20.154 (UTC)] info/application	[Sensor] Updated distance: 11.391088788114063 cm | Severity=75 | SourceName=Sensor | EventType=application | SourceNode=ns=1;s=SensorSource
[Anomaly Input] [2026-08-11 15:41:20.154 (UTC)] info/application	[Motor] Received distance: 26.91128921923753 cm | Severity=75 | SourceName=Motor2 | EventType=application | SourceNode=ns=1;s=MotorSource2
[Anomaly Input] [2026-08-11 15:41:20.154 (UTC)] info/application	[Motor] Received distance: 10.760095227863683 cm | Severity=75 | SourceName=Motor3 | EventType=application | SourceNode=ns=1;s=Mot