# ============================================================================
# anomaly.log 異常標記版  —  場景：topo3_Sphys_r4_20260817_010340
# 行首 '>>>' = 異常。行尾 '# ⚠ [類別] 說明'。
#   [S] = Spoofing 欺騙：偽造的 sensor 距離（同一秒出現雙報）
# grep： grep '^>>>' anomaly_marked.log ；grep '\[R\]'
# ============================================================================

Waiting for Aggregation Server to come online...
[2026-08-17 04:45:03.608 (UTC+0800)] [32minfo/network[0m	TCP 8	| Opening a connection to "127.0.0.1" on port 4840
[2026-08-17 04:45:04.718 (UTC+0800)] [32minfo/channel[0m	TCP 8	| SC 7	| SecureChannel opened with SecurityMode None for SecurityPolicy http://opcfoundation.org/UA/SecurityPolicy#None and a revised lifetime of 600.0s
[2026-08-17 04:45:04.718 (UTC+0800)] [32minfo/client[0m	Client Status: ChannelState: Open, SessionState: Closed, ConnectStatus: Good
[2026-08-17 04:45:04.718 (UTC+0800)] [32minfo/client[0m	The initially defined EndpointURL opc.tcp://127.0.0.1:4840 is valid for the server
[2026-08-17 04:45:04.718 (UTC+0800)] [33mwarn/client[0m	The server returned Endpoints with a different EndpointUrl opc.tcp://MSI:4840 than was used to initialize the connection: opc.tcp://127.0.0.1:4840. Some servers require a complete match of the EndpointUrl/DiscoveryUrl (including the path) to return all endpoints.
[2026-08-17 04:45:04.718 (UTC+0800)] [32minfo/client[0m	Endpoint 0: Best endpoint so far with UserTokenPolicy open62541-anonymous-policy-none#None
[2026-08-17 04:45:04.718 (UTC+0800)] [32minfo/client[0m	Endpoint 0 selected with SecurityMode None, SecurityPolicy http://opcfoundation.org/UA/SecurityPolicy#None and UserTokenPolicy open62541-anonymous-policy-none#None
[2026-08-17 04:45:04.718 (UTC+0800)] [32minfo/client[0m	CreateSession: Using UserTokenPolicy open62541-anonymous-policy-none#None
[2026-08-17 04:45:04.720 (UTC+0800)] [32minfo/client[0m	Client Status: ChannelState: Open, SessionState: Created, ConnectStatus: Good
[2026-08-17 04:45:04.720 (UTC+0800)] [32minfo/client[0m	ActivateSession: Using UserTokenPolicy open62541-anonymous-policy-none#None
[2026-08-17 04:45:04.721 (UTC+0800)] [32minfo/client[0m	Client Status: ChannelState: Open, SessionState: Activated, ConnectStatus: Good
Connected to Aggregation Server; forwarding logs to the AIOps model...
[Anomaly Input] [2026-08-16 20:45:02.643 (UTC)] info/application	[Sensor] Updated distance: 26.6455971245401 cm | Severity=75 | SourceName=Sensor | EventType=application | SourceNode=ns=1;s=SensorSource
[Anomaly Input] [2026-08-16 20:45:02.644 (UTC)] info/application	[Sensor] Updated distance: 25.1590248028091 cm | Severity=75 | SourceName=Sensor2 | EventType=application | SourceNode=ns=1;s=SensorSource2
[Anomaly Input] [2026-08-16 20:45:02.644 (UTC)] info/application	[Sensor] Updated distance: 26.6877859477828 cm | Severity=75 | SourceName=Sensor3 | EventType=application | SourceNode=ns=1;s=SensorSource3
[Anomaly Input] [2026-08-16 20:45:02.643 (UTC)] info/network	[System] TCP 16	| Connection opened from "127.0.0.1" via the server socket 8 | Severity=75 | SourceName=System | EventType=network | SourceNode=ns=1;s=SensorSource
[Anomaly Input] [2026-08-16 20:45:02.643 (UTC)] info/channel	[System] TCP 16	| SC 1	| SecureChannel created | Severity=75 | SourceName=System | EventType=channel | SourceNode=ns=1;s=SensorSource
[Anomaly Input] [2026-08-16 20:45:02.664 (UTC)] info/channel	[System] TCP 16	| SC 1	| OpenSecureChannel: Channel opened with SecurityMode None for SecurityPolicy http://opcfoundation.org/UA/SecurityPolicy#None and a revised lifetime of 600.0s | Severity=75 | SourceName=System | EventType=channel | SourceNode=ns=1;s=SensorSource
[Anomaly Input] [2026-08-16 20:45:02.685 (UTC)] warn/client	[System] Removing a UserTokenPolicy that would allow the password to be transmitted without encryption (Can be enabled via config->allowNonePolicyPassword) | Severity=175 | SourceName=System | EventType=client | SourceNode=ns=1;s=SensorSource
[Anomaly Input] [2026-08-16 20:45:02.685 (UTC)] warn/client	[System] Removing a UserTokenPolicy that would allow the password to be transmitted without encryption (Can be enabled via config->allowNonePolicyPassword) | Severity=175 | SourceName=System | EventType=client | SourceNode=ns=1;s=SensorSource
[Anomaly Input] [2026-08-16 20:45:02.695 (UTC)] warn/client	[System] Removing a UserTokenPolicy that would allow the password to be transmitted without encryption (Can be enabled via config->allowNonePolicyPassword) | Severity=175 | SourceName=System | EventType=client | SourceNode=ns=1;s=SensorSource
[Anomaly Input] [2026-08-16 20:45:02.695 (UTC)] warn/client	[System] Removing a UserTokenPolicy that would allow the password to be transmitted without encryption (Can be enabled via config->allowNonePolicyPassword) | Severity=175 | SourceName=System | EventType=client | SourceNode=ns=1;s=SensorSource
[Anomaly Input] [2026-08-16 20:45:03.614 (UTC)] info/network	[System] TCP 16	| Connection opened from "127.0.0.1" via the server socket 8 | Severity=75 | SourceName=System | EventType=network | SourceNode=ns=1;s=SensorSource3
[Anomaly Input] [2026-08-16 20:45:03.615 (UTC)] info/network	[System] TCP 16	| Connection opened from "127.0.0.1" via the server socket 8 | Severity=75 | SourceName=System | EventType=network | SourceNode=ns=1;s=SensorSource2
[Anomaly Input] [2026-08-16 20:45:03.614 (UTC)] info/channel	[System] TCP 16	| SC 1	| SecureChannel created | Severity=75 | SourceName=System | EventType=channel | SourceNode=ns=1;s=SensorSource3
[Anomaly Input] [2026-08-16 20:45:03.615 (UTC)] info/channel	[System] TCP 16	| SC 1	| SecureChannel created | Severity=75 | SourceName=System | EventType=channel | SourceNode=ns=1;s=SensorSource2
[Anomaly Input] [2026-08-16 20:45:02.696 (UTC)] info/session	[System] TCP 16	| SC 1	| Session "ns=1;g=367fe438-1bb9-1a78-7be7-4e0473c77ca7"	| Session created | Severity=75 | SourceName=System | EventType=session | SourceNode=ns=1;s=SensorSource
[Anomaly Input] [2026-08-16 20:45:04.728 (UTC)] info/application	[Sensor] Updated distance: 25.8033038996175 cm | Severity=75 | SourceName=Sensor3 | EventType=application | SourceNode=ns=1;s=SensorSource3
[Anomaly Input] [2026-08-16 20:45:04.728 (UTC)] info/application	[Sensor] Updated distance: 23.8379167056819 cm | Severity=75 | SourceName=Sensor2 | EventType=application | SourceNode=ns=1;s=SensorSource2
[Anomaly Input] [2026-08-16 20:45:02.707 (UTC)] info/session	[System] TCP 16	| SC 1	| Session "ns=1;g=367fe438-1bb9-1a78-7be7-4e0473c77ca7"	| ActivateSession: Session activated with ClientUserId "" | Severity=75 | SourceName=System | EventType=session | SourceNode=ns=1;s=SensorSource
[Anomaly Input] [2026-08-16 20:45:04.748 (UTC)] info/channel	[System] TCP 16	| SC 1	| OpenSecureChannel: Channel opened with SecurityMode None for SecurityPolicy http://opcfoundation.org/UA/SecurityPolicy#None and a revised lifetime of 600.0s | Severity=75 | SourceName=System | EventType=channel | SourceNode=ns=1;s=SensorSource3
[Anomaly Input] [2026-08-16 20:45:04.748 (UTC)] info/channel	[System] TCP 16	| SC 1	| OpenSecureChannel: Channel opened with SecurityMode None for SecurityPolicy http://opcfoundation.org/UA/SecurityPolicy#None and a revised lifetime of 600.0s | Severity=75 | SourceName=System | EventType=channel | SourceNode=ns=1;s=SensorSource2
[Anomaly Input] [2026-08-16 20:45:04.727 (UTC)] info/application	[Sensor] Updated distance: 27.8943704897046 cm | Severity=75 | SourceName=Sensor | EventType=application | SourceNode=ns=1;s=SensorSource
[Anomaly Input] [2026-08-16 20:45:04.751 (UTC)] info/channel	[System] TCP 8	| SC 2	| SecureChannel opened with SecurityMode None for SecurityPolicy http://opcfoundation.org/UA/SecurityPolicy#None and a revised lifetime of 600.0s | Severity=75 | SourceName=System | EventType=channel | SourceNode=ns=1;s=MotorSource
[Anomaly Input] [2026-08-16 20:45:04.752 (UTC)] info/channel	[System] TCP 8	| SC 1	| SecureChannel opened with SecurityMode None for SecurityPolicy http://opcfoundation.org/UA/SecurityPolicy#None and a revised lifetime of 600.0s | Severity=75 | SourceName=System | EventType=channel | SourceNode=ns=1;s=MotorSource2
[Anomaly Input] [2026-08-16 20:45:04.752 (UTC)] info/channel	[System] TCP 8	| SC 1	| SecureChannel opened with SecurityMode None for SecurityPolicy http://opcfoundation.org/UA/SecurityPolicy#None and a revised lifetime of 600.0s | Severity=75 | SourceName=System | EventType=channel | SourceNode=ns=1;s=MotorSource3
[Anomaly Input] [2026-08-16 20:45:04.728 (UTC)] info/session	[System] TCP 16	| SC 1	| Session "ns=1;g=367fe438-1bb9-1a78-7be7-4e0473c77ca7"	| Subscription 1 | Subscription created (Publishing interval 500.0ms, max 1000 notifications per publish) | Severity=75 | SourceName=System | EventType=session | SourceNode=ns=1;s=SensorSource
[Anomaly Input] [2026-08-16 20:45:04.769 (UTC)] warn/client	[System] Removing a UserTokenPolicy that would allow the password to be transmitted without encryption (Can be enabled via config->allowNonePolicyPassword) | Severity=175 | SourceName=System | EventType=client | SourceNode=ns=1;s=SensorSource2
[Anomaly Input] [2026-08-16 20:45:04.769 (UTC)] warn/client	[System] Removing a UserTokenPolicy that would allow the password to be transmitted without encryption (Can be enabled via config->allowNonePolicyPassword) | Severity=175 | SourceName=System | EventType=client | SourceNode=ns=1;s=SensorSource3
[Anomaly Input] [2026-08-16 20:45:04.728 (UTC)] info/network	[System] TCP 17	| Connection opened from "127.0.0.1" via the server socket 8 | Severity=75 | SourceName=System | EventType=network | SourceNode=ns=1;s=SensorSource
[Anomaly Input] [2026-08-16 20:45:04.772 (UTC)] warn/client	[System] The server returned Endpoints with a different EndpointUrl opc.tcp://MSI:4843 than was used to initialize the connection: opc.tcp://127.0.0.1:4843. Some servers require a complete match of the EndpointUrl/DiscoveryUrl (including the path) to return all endpoints. | Severity=175 | SourceName=System | EventType=client | SourceNode=ns=1;s=MotorSource2
[Anomaly Input] [2026-08-16 20:45:04.772 (UTC)] warn/client	[System] The server returned Endpoints with a different EndpointUrl opc.tcp://MSI:4842 than was used to initialize the connection: opc.tcp://127.0.0.1:4842. Some servers require a complete match of the EndpointUrl/DiscoveryUrl (including the path) to return all endpoints. | Severity=175 | SourceName=System | EventType=client | SourceNode=ns=1;s=MotorSource
[Anomaly Input] [2026-08-16 20:45:04.772 (UTC)] warn/client	[System] The server returned Endpoints with a different EndpointUrl opc.tcp://MSI:4844 than was used to initialize the connection: opc.tcp://127.0.0.1:4844. Some servers require a complete match of the EndpointUrl/DiscoveryUrl (including the path) to return all endpoints. | Severity=175 | SourceName=System | EventType=client | SourceNode=ns=1;s=MotorSource3
[Anomaly Input] [2026-08-16 20:45:04.769 (UTC)] warn/client	[System] Removing a UserTokenPolicy that would allow the password to be transmitted without encryption (Can be enabled via config->allowNonePolicyPassword) | Severity=175 | SourceName=System | EventType=client | SourceNode=ns=1;s=SensorSource3
[Anomaly Input] [2026-08-16 20:45:04.769 (UTC)] warn/client	[System] Removing a UserTokenPolicy that would allow the password to be transmitted without encryption (Can be enabled via config->allowNonePolicyPassword) | Severity=175 | SourceName=System | EventType=client | SourceNode=ns=1;s=SensorSource2
[Anomaly Input] [2026-08-16 20:45:04.728 (UTC)] info/channel	[System] TCP 17	| SC 2	| SecureChannel created | Severity=75 | SourceName=System | EventType=channel | SourceNode=ns=1;s=SensorSource
[Anomaly Input] [2026-08-16 20:45:04.779 (UTC)] warn/client	[System] Removing a UserTokenPolicy that would allow the password to be transmitted without encryption (Can be enabled via config->allowNonePolicyPassword) | Severity=175 | SourceName=System | EventType=client | SourceNode=ns=1;s=SensorSource3
[Anomaly Input] [2026-08-16 20:45:04.779 (UTC)] warn/client	[System] Removing a UserTokenPolicy that would allow the password to be transmitted without encryption (Can be enabled via config->allowNonePolicyPassword) | Severity=175 | SourceName=System | EventType=client | SourceNode=ns=1;s=SensorSource2
[Anomaly Input] [2026-08-16 20:45:04.748 (UTC)] info/channel	[System] TCP 17	| SC 2	| OpenSecureChannel: Channel opened with SecurityMode None for SecurityPolicy http://opcfoundation.org/UA/SecurityPolicy#None and a revised lifetime of 600.0s | Severity=75 | SourceName=System | EventType=channel | SourceNode=ns=1;s=SensorSource
[Anomaly Input] [2026-08-16 20:45:04.779 (UTC)] warn/client	[System] Removing a UserTokenPolicy that would allow the password to be transmitted without encryption (Can be enabled via config->allowNonePolicyPassword) | Severity=175 | SourceName=System | EventType=client | SourceNode=ns=1;s=SensorSource2
[Anomaly Input] [2026-08-16 20:45:04.779 (UTC)] warn/client	[System] Removing a UserTokenPolicy that would allow the password to be transmitted without encryption (Can be enabled via config->allowNonePolicyPassword) | Severity=175 | SourceName=System | EventType=client | SourceNode=ns=1;s=SensorSource3
[Anomaly Input] [2026-08-16 20:45:04.769 (UTC)] warn/client	[System] Removing a UserTokenPolicy that would allow the password to be transmitted without encryption (Can be enabled via config->allowNonePolicyPassword) | Severity=175 | SourceName=System | EventType=client | SourceNode=ns=1;s=SensorSource
[Anomaly Input] [2026-08-16 20:45:04.780 (UTC)] info/session	[System] TCP 16	| SC 1	| Session "ns=1;g=c477d921-8068-fd95-d36d-06f044e4fe6f"	| Session created | Severity=75 | SourceName=System | EventType=session | SourceNode=ns=1;s=SensorSource2
[Anomaly Input] [2026-08-16 20:45:04.780 (UTC)] info/session	[System] TCP 16	| SC 1	| Session "ns=1;g=5152f965-ea44-1535-02c0-3cf33ca3badb"	| Session created | Severity=75 | SourceName=System | EventType=session | SourceNode=ns=1;s=SensorSource3
[Anomaly Input] [2026-08-16 20:45:04.769 (UTC)] warn/client	[System] Removing a UserTokenPolicy that would allow the password to be transmitted without encryption (Can be enabled via config->allowNonePolicyPassword) | Severity=175 | SourceName=System | EventType=client | SourceNode=ns=1;s=SensorSource
[Anomaly Input] [2026-08-16 20:45:04.791 (UTC)] info/session	[System] TCP 16	| SC 1	| Session "ns=1;g=c477d921-8068-fd95-d36d-06f044e4fe6f"	| ActivateSession: Session activated with ClientUserId "" | Severity=75 | SourceName=System | EventType=session | SourceNode=ns=1;s=SensorSource2
[Anomaly Input] [2026-08-16 20:45:04.791 (UTC)] info/session	[System] TCP 16	| SC 1	| Session "ns=1;g=5152f965-ea44-1535-02c0-3cf33ca3badb"	| ActivateSession: Session activated with ClientUserId "" | Severity=75 | SourceName=System | EventType=session | SourceNode=ns=1;s=SensorSource3
[Anomaly Input] [2026-08-16 20:45:04.779 (UTC)] warn/client	[System] Removing a UserTokenPolicy that would allow the password to be transmitted without encryption (Can be enabled via config->allowNonePolicyPassword) | Severity=175 | SourceName=System | EventType=client | SourceNode=ns=1;s=SensorSource
[Anomaly Input] [2026-08-16 20:45:04.779 (UTC)] warn/client	[System] Removing a UserTokenPolicy that would allow the password to be transmitted without encryption (Can be enabled via config->allowNonePolicyPassword) | Severity=175 | SourceName=System | EventType=client | SourceNode=ns=1;s=SensorSource
[Anomaly Input] [2026-08-16 20:45:04.780 (UTC)] info/session	[System] TCP 17	| SC 2	| Session "ns=1;g=c2f855d1-a9de-0c23-66f6-5fe56aa6aa6a"	| Session created | Severity=75 | SourceName=System | EventType=session | SourceNode=ns=1;s=SensorSource
[Anomaly Input] [2026-08-16 20:45:04.791 (UTC)] info/session	[System] TCP 17	| SC 2	| Session "ns=1;g=c2f855d1-a9de-0c23-66f6-5fe56aa6aa6a"	| ActivateSession: Session activated with ClientUserId "" | Severity=75 | SourceName=System | EventType=session | SourceNode=ns=1;s=SensorSource
[Anomaly Input] [2026-08-16 20:45:05.175 (UTC)] info/session	[System] TCP 16	| SC 1	| Session "ns=1;g=5152f965-ea44-1535-02c0-3cf33ca3badb"	| Subscription 1 | Subscription created (Publishing interval 500.0ms, max 1000 notifications per publish) | Severity=75 | SourceName=System | EventType=session | SourceNode=ns=1;s=SensorSource3
[Anomaly Input] [2026-08-16 20:45:05.176 (UTC)] info/session	[System] TCP 16	| SC 1	| Session "ns=1;g=c477d921-8068-fd95-d36d-06f044e4fe6f"	| Subscription 1 | Subscription created (Publishing interval 500.0ms, max 1000 notifications per publish) | Severity=75 | SourceName=System | EventType=session | SourceNode=ns=1;s=SensorSource2
[Anomaly Input] [2026-08-16 20:45:05.176 (UTC)] info/session	[System] TCP 17	| SC 2	| Session "ns=1;g=c2f855d1-a9de-0c23-66f6-5fe56aa6aa6a"	| Subscription 2 | Subscription created (Publishing interval 500.0ms, max 1000 notifications per publish) | Severity=75 | SourceName=System | EventType=session | SourceNode=ns=1;s=SensorSource
[Anomaly Input] [2026-08-16 20:45:05.196 (UTC)] info/session	[System] TCP 16	| SC 1	| Session "ns=1;g=5152f965-ea44-1535-02c0-3cf33ca3badb"	| Subscription 1 | MonitoredItem 1 | Created the MonitoredItem (Sampling Interval: 250.0ms, Queue Size: 1) | Severity=75 | SourceName=System | EventType=session | SourceNode=ns=1;s=SensorSource3
[Anomaly Input] [2026-08-16 20:45:05.167 (UTC)] info/application	Connected to sensor backend; subscribing to distance updates | Severity=75 | SourceName=Motor3 | EventType=application | SourceNode=ns=1;s=MotorSource3
[Anomaly Input] [2026-08-16 20:45:05.196 (UTC)] info/session	[System] TCP 16	| SC 1	| Session "ns=1;g=c477d921-8068-fd95-d36d-06f044e4fe6f"	| Subscription 1 | MonitoredItem 1 | Created the MonitoredItem (Sampling Interval: 250.0ms, Queue Size: 1) | Severity=75 | SourceName=System | EventType=session | SourceNode=ns=1;s=SensorSource2
[Anomaly Input] [2026-08-16 20:45:05.167 (UTC)] info/application	Connected to sensor backend; subscribing to distance updates | Severity=75 | SourceName=Motor2 | EventType=application | SourceNode=ns=1;s=MotorSource2
[Anomaly Input] [2026-08-16 20:45:05.197 (UTC)] info/session	[System] TCP 17	| SC 2	| Session "ns=1;g=c2f855d1-a9de-0c23-66f6-5fe56aa6aa6a"	| Subscription 2 | MonitoredItem 1 | Created the MonitoredItem (Sampling Interval: 250.0ms, Queue Size: 1) | Severity=75 | SourceName=System | EventType=session | SourceNode=ns=1;s=SensorSource
[Anomaly Input] [2026-08-16 20:45:05.167 (UTC)] info/application	Connected to sensor backend; subscribing to distance updates | Severity=75 | SourceName=Motor | EventType=application | SourceNode=ns=1;s=MotorSource
[Anomaly Input] [2026-08-16 20:45:05.732 (UTC)] info/application	[Sensor] Updated distance: 24.6809250927441 cm | Severity=75 | SourceName=Sensor2 | EventType=application | SourceNode=ns=1;s=SensorSource2
[Anomaly Input] [2026-08-16 20:45:05.732 (UTC)] info/application	[Sensor] Updated distance: 25.6534648808434 cm | Severity=75 | SourceName=Sensor3 | EventType=application | SourceNode=ns=1;s=SensorSource3
[Anomaly Input] [2026-08-16 20:45:05.732 (UTC)] info/application	[Motor] Received distance: 23.8379167056819 cm | Severity=75 | SourceName=Motor2 | EventType=application | SourceNode=ns=1;s=MotorSource2
[Anomaly Input] [2026-08-16 20:45:05.732 (UTC)] info/application	[Motor] Received distance: 25.8033038996175 cm | Severity=75 | SourceName=Motor3 | EventType=application | SourceNode=ns=1;s=MotorSource3
[Anomaly Input] [2026-08-16 20:45:05.732 (UTC)] info/application	[Sensor] Updated distance: 26.7446032707787 cm | Severity=75 | SourceName=Sensor | EventType=application | SourceNode=ns=1;s=SensorSource
[Anomaly Input] [2026-08-16 20:45:05.732 (UTC)] info/application	[Motor] Received distance: 27.8943704897046 cm | Severity=75 | SourceName=Motor | EventType=application | SourceNode=ns=1;s=MotorSource
[Anomaly Input] [2026-08-16 20:45:05.732 (UTC)] info/application	[Motor] Distance safe (23.8379167056819); rotating motor to 90 degrees | Severity=75 | SourceName=Motor2 | EventType=application | SourceNode=ns=1;s=MotorSource2
[Anomaly Input] [2026-08-16 20:45:05.732 (UTC)] info/application	[Motor] Distance safe (25.8033038996175); rotating motor to 90 degrees | Severity=75 | SourceName=Motor3 | EventType=application | SourceNode=ns=1;s=MotorSource3
[Anomaly Input] [2026-08-16 20:45:05.732 (UTC)] info/application	[Motor] Distance safe (27.8943704897046); rotating motor to 90 degrees | Severity=75 | SourceName=Motor | EventType=application | SourceNode=ns=1;s=MotorSource
[Anomaly Input] [2026-08-16 20:45:06.241 (UTC)] info/application	[Motor] Received distance: 24.6809250927441 cm | Severity=75 | SourceName=Motor2 | EventType=application | SourceNode=ns=1;s=MotorSource2
[Anomaly Input] [2026-08-16 20:45:06.242 (UTC)] info/application	[Motor] Received distance: 25.6534648808434 cm | Severity=75 | SourceName=Motor3 | EventType=application | SourceNode=ns=1;s=MotorSource3
[Anomaly Input] [2026-08-16 20:45:06.242 (UTC)] info/application	[Motor] Received distance: 26.7446032707787 cm | Severity=75 | SourceName=Motor | EventType=application | SourceNode=ns=1;s=MotorSource
[Anomaly Input] [2026-08-16 20:45:06.241 (UTC)] info/application	[Motor] Distance safe (24.6809250927441); rotating motor to 90 degrees | Severity=75 | SourceName=Motor2 | EventType=application | SourceNode=ns=1;s=MotorSource2
[Anomaly Input] [2026-08-16 20:45:06.242 (UTC)] info/application	[Motor] Distance safe (25.6534648808434); rotating motor to 90 degrees | Severity=75 | SourceName=Motor3 | EventType=application | SourceNode=ns=1;s=MotorSource3
[Anomaly Input] [2026-08-16 20:45:06.243 (UTC)] info/application	[Motor] Distance safe (26.7446032707787); rotating motor to 90 degrees | Severity=75 | SourceName=Motor | EventType=application | SourceNode=ns=1;s=MotorSource
[Anomaly Input] [2026-08-16 20:45:06.621 (UTC)] info/network	[System] TCP 17	| Connection opened from "127.0.0.1" via the server socket 8 | Severity=75 | SourceName=System | EventType=network | SourceNode=ns=1;s=SensorSource3
[Anomaly Input] [2026-08-16 20:45:06.621 (UTC)] info/network	[System] TCP 18	| Connection opened from "127.0.0.1" via the server socket 8 | Severity=75 | SourceName=System | EventType=network | SourceNode=ns=1;s=SensorSource
[Anomaly Input] [2026-08-16 20:45:06.621 (UTC)] info/network	[System] TCP 17	| Connection opened from "127.0.0.1" via the server socket 8 | Severity=75 | SourceName=System | EventType=network | SourceNode=ns=1;s=SensorSource2
[Anomaly Input] [2026-08-16 20:45:06.621 (UTC)] info/channel	[System] TCP 17	| SC 2	| SecureChannel created | Severity=75 | SourceName=System | EventType=channel | SourceNode=ns=1;s=SensorSource3
[Anomaly Input] [2026-08-16 20:45:06.621 (UTC)] info/channel	[System] TCP 18	| SC 3	| SecureChannel created | Severity=75 | SourceName=System | EventType=channel | SourceNode=ns=1;s=SensorSource
[Anomaly Input] [2026-08-16 20:45:06.621 (UTC)] info/channel	[System] TCP 17	| SC 2	| SecureChannel created | Severity=75 | SourceName=System | EventType=channel | SourceNode=ns=1;s=SensorSource2
[Anomaly Input] [2026-08-16 20:45:06.641 (UTC)] info/channel	[System] TCP 17	| SC 2	| OpenSecureChannel: Channel opened with SecurityMode None for SecurityPolicy http://opcfoundation.org/UA/SecurityPolicy#None and a revised lifetime of 600.0s | Severity=75 | SourceName=System | EventType=channel | SourceNode=ns=1;s=SensorSource3
[Anomaly Input] [2026-08-16 20:45:06.641 (UTC)] info/channel	[System] TCP 18	| SC 3	| OpenSecureChannel: Channel opened with SecurityMode None for SecurityPolicy http://opcfoundation.org/UA/SecurityPolicy#None and a revised lifetime of 600.0s | Severity=75 | SourceName=System | EventType=channel | SourceNode=ns=1;s=SensorSource
[Anomaly Input] [2026-08-16 20:45:06.641 (UTC)] info/channel	[System] TCP 17	| SC 2	| OpenSecureChannel: Channel opened with SecurityMode None for SecurityPolicy http://opcfoundation.org/UA/SecurityPolicy#None and a revised lifetime of 600.0s | Severity=75 | SourceName=System | EventType=channel | SourceNode=ns=1;s=SensorSource2
[Anomaly Input] [2026-08-16 20:45:06.662 (UTC)] warn/client	[System] Removing a UserTokenPolicy that would allow the password to be transmitted without encryption (Can be enabled via config->allowNonePolicyPassword) | Severity=175 | SourceName=System | EventType=client | SourceNode=ns=1;s=SensorSource3
[Anomaly Input] [2026-08-16 20:45:06.662 (UTC)] warn/client	[System] Removing a UserTokenPolicy that would allow the password to be transmitted without encryption (Can be enabled via config->allowNonePolicyPassword) | Severity=175 | SourceName=System | EventType=client | SourceNode=ns=1;s=SensorSource
[Anomaly Input] [2026-08-16 20:45:06.662 (UTC)] warn/client	[System] Removing a UserTokenPolicy that would allow the password to be transmitted without encryption (Can be enabled via config->allowNonePolicyPassword) | Severity=175 | SourceName=System | EventType=client | SourceNode=ns=1;s=SensorSource2
[Anomaly Input] [2026-08-16 20:45:06.662 (UTC)] warn/client	[System] Removing a UserTokenPolicy that would allow the password to be transmitted without encryption (Can be enabled via config->allowNonePolicyPassword) | Severity=175 | SourceName=System | EventType=client | SourceNode=ns=1;s=SensorSource
[Anomaly Input] [2026-08-16 20:45:06.662 (UTC)] warn/client	[System] Removing a UserTokenPolicy that would allow the password to be transmitted without encryption (Can be enabled via config->allowNonePolicyPassword) | Severity=175 | SourceName=System | EventType=client | SourceNode=ns=1;s=SensorSource3
[Anomaly Input] [2026-08-16 20:45:06.662 (UTC)] warn/client	[System] Removing a UserTokenPolicy that would allow the password to be transmitted without encryption (Can be enabled via config->allowNonePolicyPassword) | Severity=175 | SourceName=System | EventType=client | SourceNode=ns=1;s=SensorSource2
[Anomaly Input] [2026-08-16 20:45:06.672 (UTC)] warn/client	[System] Removing a UserTokenPolicy that would allow the password to be transmitted without encryption (Can be enabled via config->allowNonePolicyPassword) | Severity=175 | SourceName=System | EventType=client | SourceNode=ns=1;s=SensorSource
[Anomaly Input] [2026-08-16 20:45:06.672 (UTC)] warn/client	[System] Removing a UserTokenPolicy that would allow the password to be transmitted without encryption (Can be enabled via config->allowNonePolicyPassword) | Severity=175 | SourceName=System | EventType=client | SourceNode=ns=1;s=SensorSource3
[Anomaly Input] [2026-08-16 20:45:06.672 (UTC)] warn/client	[System] Removing a UserTokenPolicy that would allow the password to be transmitted without encryption (Can be enabled via config->allowNonePolicyPassword) | Severity=175 | SourceName=System | EventType=client | SourceNode=ns=1;s=SensorSource2
[Anomaly Input] [2026-08-16 20:45:06.672 (UTC)] warn/client	[System] Removing a UserTokenPolicy that would allow the password to be transmitted without encryption (Can be enabled via config->allowNonePolicyPassword) | Severity=175 | SourceName=System | EventType=client | SourceNode=ns=1;s=SensorSource
[Anomaly Input] [2026-08-16 20:45:06.672 (UTC)] warn/client	[System] Removing a UserTokenPolicy that would allow the password to be transmitted without encryption (Can be enabled via config->allowNonePolicyPassword) | Severity=175 | SourceName=System | EventType=client | SourceNode=ns=1;s=SensorSource2
[Anomaly Input] [2026-08-16 20:45:06.672 (UTC)] warn/client	[System] Removing a UserTokenPolicy that would allow the password to be transmitted without encryption (Can be enabled via config->allowNonePolicyPassword) | Severity=175 | SourceName=System | EventType=client | SourceNode=ns=1;s=SensorSource3
[Anomaly Input] [2026-08-16 20:45:06.673 (UTC)] info/session	[System] TCP 18	| SC 3	| Session "ns=1;g=3b07523b-8c1a-55a0-7017-01f0492462f6"	| Session created | Severity=75 | SourceName=System | EventType=session | SourceNode=ns=1;s=SensorSource
[Anomaly Input] [2026-08-16 20:45:06.674 (UTC)] info/session	[System] TCP 17	| SC 2	| Session "ns=1;g=2fb14ac6-285a-b530-edee-fe7f7c870810"	| Session created | Severity=75 | SourceName=System | EventType=session | SourceNode=ns=1;s=SensorSource2
[Anomaly Input] [2026-08-16 20:45:06.673 (UTC)] info/session	[System] TCP 17	| SC 2	| Session "ns=1;g=9d441763-0cef-4179-d15d-e52ed52dd23d"	| Session created | Severity=75 | SourceName=System | EventType=session | SourceNode=ns=1;s=SensorSource3
[Anomaly Input] [2026-08-16 20:45:06.684 (UTC)] info/session	[System] TCP 18	| SC 3	| Session "ns=1;g=3b07523b-8c1a-55a0-7017-01f0492462f6"	| ActivateSession: Session activated with ClientUserId "" | Severity=75 | SourceName=System | EventType=session | SourceNode=ns=1;s=SensorSource
[Anomaly Input] [2026-08-16 20:45:06.684 (UTC)] info/session	[System] TCP 17	| SC 2	| Session "ns=1;g=2fb14ac6-285a-b530-edee-fe7f7c870810"	| ActivateSession: Session activated with ClientUserId "" | Severity=75 | SourceName=System | EventType=session | SourceNode=ns=1;s=SensorSource2
[Anomaly Input] [2026-08-16 20:45:06.684 (UTC)] info/session	[System] TCP 17	| SC 2	| Session "ns=1;g=9d441763-0cef-4179-d15d-e52ed52dd23d"	| ActivateSession: Session activated with ClientUserId "" | Severity=75 | SourceName=System | EventType=session | SourceNode=ns=1;s=SensorSource3
[Anomaly Input] [2026-08-16 20:45:06.735 (UTC)] info/application	[Sensor] Updated distance: 25.7163790905459 cm | Severity=75 | SourceName=Sensor | EventType=application | SourceNode=ns=1;s=SensorSource
[Anomaly Input] [2026-08-16 20:45:06.735 (UTC)] info/application	[Sensor] Updated distance: 23.445620889983 cm | Severity=75 | SourceName=Sensor2 | EventType=application | SourceNode=ns=1;s=SensorSource2
[Anomaly Input] [2026-08-16 20:45:06.735 (UTC)] info/application	[Sensor] Updated distance: 24.2299027583701 cm | Severity=75 | SourceName=Sensor3 | EventType=application | SourceNode=ns=1;s=SensorSource3
[Anomaly Input] [2026-08-16 20:45:07.230 (UTC)] info/application	[Motor] Received distance: 25.7163790905459 cm | Severity=75 | SourceName=Motor | EventType=application | SourceNode=ns=1;s=MotorSource
[Anomaly Input] [2026-08-16 20:45:07.231 (UTC)] info/application	[Motor] Received distance: 24.2299027583701 cm | Severity=75 | SourceName=Motor3 | EventType=application | SourceNode=ns=1;s=MotorSource3
[Anomaly Input] [2026-08-16 20:45:07.231 (UTC)] info/application	[Motor] Received distance: 23.445620889983 cm | Severity=75 | SourceName=Motor2 | EventType=application | SourceNode=ns=1;s=MotorSource2
[Anomaly Input] [2026-08-16 20:45:07.230 (UTC)] info/application	[Motor] Distance safe (25.7163790905459); rotating motor to 90 degrees | Severity=75 | SourceName=Motor | EventType=application | SourceNode=ns=1;s=MotorSource
[Anomaly Input] [2026-08-16 20:45:07.231 (UTC)] info/application	[Motor] Distance safe (24.2299027583701); rotating motor to 90 degrees | Severity=75 | SourceName=Motor3 | EventType=application | SourceNode=ns=1;s=MotorSource3
[Anomaly Input] [2026-08-16 20:45:07.231 (UTC)] info/application	[Motor] Distance safe (23.445620889983); rotating motor to 90 degrees | Severity=75 | SourceName=Motor2 | EventType=application | SourceNode=ns=1;s=MotorSource2
[Anomaly Input] [2026-08-16 20:45:07.736 (UTC)] info/application	[Sensor] Updated distance: 23.8063016246568 cm | Severity=75 | SourceName=Sensor3 | EventType=application | SourceNode=ns=1;s=SensorSource3
[Anomaly Input] [2026-08-16 20:45:07.736 (UTC)] info/application	[Sensor] Updated distance: 22.8028132264981 cm | Severity=75 | SourceName=Sensor2 | EventType=application | SourceNode=ns=1;s=SensorSource2
[Anomaly Input] [2026-08-16 20:45:07.736 (UTC)] info/application	[Sensor] Updated distance: 26.3625635881268 cm | Severity=75 | SourceName=Sensor | EventType=application | SourceNode=ns=1;s=SensorSource
[Anomaly Input] [2026-08-16 20:45:08.231 (UTC)] info/application	[Motor] Received distance: 23.8063016246568 cm | Severity=75 | SourceName=Motor3 | EventType=application | SourceNode=ns=1;s=MotorSource3
[Anomaly Input] [2026-08-16 20:45:08.231 (UTC)] info/application	[Motor] Received distance: 26.3625635881268 cm | Severity=75 | SourceName=Motor | EventType=application | SourceNode=ns=1;s=MotorSource
[Anomaly Input] [2026-08-16 20:45:08.231 (UTC)] info/application	[Motor] Received distance: 22.8028132264981 cm | Severity=75 | SourceName=Motor2 | EventType=application | SourceNode=ns=1;s=MotorSource2
[Anomaly Input] [2026-08-16 20:45:08.231 (UTC)] info/application	[Motor] Distance safe (23.8063016246568); rotating motor to 90 degrees | Severity=75 | SourceName=Motor3 | EventType=application | SourceNode=ns=1;s=MotorSource3
[Anomaly Input] [2026-08-16 20:45:08.231 (UTC)] info/application	[Motor] Distance safe (26.3625635881268); rotating motor to 90 degrees | Severity=75 | SourceName=Motor | EventType=application | SourceNode=ns=1;s=MotorSource
[Anomaly Input] [2026-08-16 20:45:08.231 (UTC)] info/application	[Motor] Distance safe (22.8028132264981); rotating motor to 90 degrees | Severity=75 | SourceName=Motor2 | EventType=application | SourceNode=ns=1;s=MotorSource2
[Anomaly Input] [2026-08-16 20:45:08.736 (UTC)] info/application	[Sensor] Updated distance: 23.8892987500361 cm | Severity=75 | SourceName=Sensor2 | EventType=application | SourceNode=ns=1;s=SensorSource2
[Anomaly Input] [2026-08-16 20:45:08.736 (UTC)] info/application	[Sensor] Updated distance: 24.0241009900459 cm | Severity=75 | SourceName=Sensor3 | EventType=application | SourceNode=ns=1;s=SensorSource3
[Anomaly Input] [2026-08-16 20:45:08.736 (UTC)] info/application	[Sensor] Updated distance: 25.3338700199192 cm | Severity=75 | SourceName=Sensor | EventType=application | SourceNode=ns=1;s=SensorSource
[Anomaly Input] [2026-08-16 20:45:09.232 (UTC)] info/application	[Motor] Received distance: 24.0241009900459 cm | Severity=75 | SourceName=Motor3 | EventType=application | SourceNode=ns=1;s=MotorSource3
[Anomaly Input] [2026-08-16 20:45:09.232 (UTC)] info/application	[Motor] Received distance: 23.8892987500361 cm | Severity=75 | SourceName=Motor2 | EventType=application | SourceNode=ns=1;s=MotorSource2
[Anomaly Input] [2026-08-16 20:45:09.239 (UTC)] info/application	[Motor] Received distance: 25.3338700199192 cm | Severity=75 | SourceName=Motor | EventType=application | SourceNode=ns=1;s=MotorSource
[Anomaly Input] [2026-08-16 20:45:09.232 (UTC)] info/application	[Motor] Distance safe (24.0241009900459); rotating motor to 90 degrees | Severity=75 | SourceName=Motor3 | EventType=application | SourceNode=ns=1;s=MotorSource3
[Anomaly Input] [2026-08-16 20:45:09.232 (UTC)] info/application	[Motor] Distance safe (23.8892987500361); rotating motor to 90 degrees | Severity=75 | SourceName=Motor2 | EventType=application | SourceNode=ns=1;s=MotorSource2
[Anomaly Input] [2026-08-16 20:45:09.240 (UTC)] info/application	[Motor] Distance safe (25.3338700199192); rotating motor to 90 degrees | Severity=75 | SourceName=Motor | EventType=application | SourceNode=ns=1;s=MotorSource
[Anomaly Input] [2026-08-16 20:45:09.735 (UTC)] info/application	[Sensor] Updated distance: 23.9508288085697 cm | Severity=75 | SourceName=Sensor2 | EventType=application | SourceNode=ns=1;s=SensorSource2
[Anomaly Input] [2026-08-16 20:45:09.736 (UTC)] info/application	[Sensor] Updated distance: 23.8625775367779 cm | Severity=75 | SourceName=Sensor3 | EventType=application | SourceNode=ns=1;s=SensorSource3
[Anomaly Input] [2026-08-16 20:45:09.736 (UTC)] info/application	[Sensor] Updated distance: 25.6414004374023 cm | Severity=75 | SourceName=Sensor | EventType=application | SourceNode=ns=1;s=SensorSource
[Anomaly Input] [2026-08-16 20:45:10.230 (UTC)] info/application	[Motor] Received distance: 23.9508288085697 cm | Severity=75 | SourceName=Motor2 | EventType=application | SourceNode=ns=1;s=MotorSource2
[Anomaly Input] [2026-08-16 20:45:10.231 (UTC)] info/application	[Motor] Received distance: 25.6414004374023 cm | Severity=75 | SourceName=Motor | EventType=application | SourceNode=ns=1;s=MotorSource
[Anomaly Input] [2026-08-16 20:45:10.231 (UTC)] info/application	[Motor] Received distance: 23.8625775367779 cm | Severity=75 | SourceName=Motor3 | EventType=application | SourceNode=ns=1;s=MotorSource3
[Anomaly Input] [2026-08-16 20:45:10.230 (UTC)] info/application	[Motor] Distance safe (23.9508288085697); rotating motor to 90 degrees | Severity=75 | SourceName=Motor2 | EventType=application | SourceNode=ns=1;s=MotorSource2
[Anomaly Input] [2026-08-16 20:45:10.231 (UTC)] info/application	[Motor] Distance safe (25.6414004374023); rotating motor to 90 degrees | Severity=75 | SourceName=Motor | EventType=application | SourceNode=ns=1;s=MotorSource
[Anomaly Input] [2026-08-16 20:45:10.231 (UTC)] info/application	[Motor] Distance safe (23.8625775367779); rotating motor to 90 degrees | Severity=75 | SourceName=Motor3 | EventType=application | SourceNode=ns=1;s=MotorSource3
[Anomaly Input] [2026-08-16 20:45:10.735 (UTC)] info/application	[Sensor] Updated distance: 24.0927042048856 cm | Severity=75 | SourceName=Sensor2 | EventType=application | SourceNode=ns=1;s=SensorSource2
[Anomaly Input] [2026-08-16 20:45:10.736 (UTC)] info/application	[Sensor] Updated distance: 26.4028836625642 cm | Severity=75 | SourceName=Sensor | EventType=application | SourceNode=ns=1;s=SensorSource
[Anomaly Input] [2026-08-16 20:45:10.736 (UTC)] info/application	[Sensor] Updated distance: 23.3952799953498 cm | Severity=75 | SourceName=Sensor3 | EventType=application | SourceNode=ns=1;s=SensorSource3
[Anomaly Input] [2026-08-16 20:45:11.231 (UTC)] info/application	[Motor] Received distance: 24.0927042048856 cm | Severity=75 | SourceName=Motor2 | EventType=application | SourceNode=ns=1;s=MotorSource2
[Anomaly Input] [2026-08-16 20:45:11.231 (UTC)] info/application	[Motor] Received distance: 26.4028836625642 cm | Severity=75 | SourceName=Motor | EventType=application | SourceNode=ns=1;s=MotorSource
[Anomaly Input] [2026-08-16 20:45:11.231 (UTC)] info/application	[Motor] Received distance: 23.3952799953498 cm | Severity=75 | SourceName=Motor3 | EventType=application | SourceNode=ns=1;s=MotorSource3
[Anomaly Input] [2026-08-16 20:45:11.231 (UTC)] info/application	[Motor] Distance safe (24.0927042048856); rotating motor to 90 degrees | Severity=75 | SourceName=Motor2 | EventType=application | SourceNode=ns=1;s=MotorSource2
[Anomaly Input] [2026-08-16 20:45:11.231 (UTC)] info/application	[Motor] Distance safe (26.4028836625642); rotating motor to 90 degrees | Severity=75 | SourceName=Motor | EventType=application | SourceNode=ns=1;s=MotorSource
[Anomaly Input] [2026-08-16 20:45:11.231 (UTC)] info/application	[Motor] Distance safe (23.3952799953498); rotating motor to 90 degrees | Severity=75 | SourceName=Motor3 | EventType=application | SourceNode=ns=1;s=MotorSource3
[Anomaly Input] [2026-08-16 20:45:11.735 (UTC)] info/application	[Sensor] Updated distance: 23.1625473181077 cm | Severity=75 | SourceName=Sensor2 | EventType=application | SourceNode=ns=1;s=SensorSource2
[Anomaly Input] [2026-08-16 20:45:11.735 (UTC)] info/application	[Sensor] Updated distance: 23.1408872649264 cm | Severity=75 | SourceName=Sensor3 | EventType=application | SourceNode=ns=1;s=SensorSource3
[Anomaly Input] [2026-08-16 20:45:11.736 (UTC)] info/application	[Sensor] Updated distance: 27.8150210316829 cm | Severity=75 | SourceName=Sensor | EventType=application | SourceNode=ns=1;s=SensorSource
[Anomaly Input] [2026-08-16 20:45:12.231 (UTC)] info/application	[Motor] Received distance: 23.1625473181077 cm | Severity=75 | SourceName=Motor2 | EventType=application | SourceNode=ns=1;s=MotorSource2
[Anomaly Input] [2026-08-16 20:45:12.231 (UTC)] info/application	[Motor] Received distance: 23.1408872649264 cm | Severity=75 | SourceName=Motor3 | EventType=application | SourceNode=ns=1;s=MotorSource3
[Anomaly Input] [2026-08-16 20:45:12.231 (UTC)] info/application	[Motor] Received distance: 27.8150210316829 cm | Severity=75 | SourceName=Motor | EventType=application | SourceNode=ns=1;s=MotorSource
[Anomaly Input] [2026-08-16 20:45:12.231 (UTC)] info/application	[Motor] Distance safe (23.1625473181077); rotating motor to 90 degrees | Severity=75 | SourceName=Motor2 | EventType=application | SourceNode=ns=1;s=MotorSource2
[Anomaly Input] [2026-08-16 20:45:12.231 (UTC)] info/application	[Motor] Distance safe (23.1408872649264); rotating motor to 90 degrees | Severity=75 | SourceName=Motor3 | EventType=application | SourceNode=ns=1;s=MotorSource3
[Anomaly Input] [2026-08-16 20:45:12.231 (UTC)] info/application	[Motor] Distance safe (27.8150210316829); rotating motor to 90 degrees | Severity=75 | SourceName=Motor | EventType=application | SourceNode=ns=1;s=MotorSource
[Anomaly Input] [2026-08-16 20:45:12.734 (UTC)] info/application	[Sensor] Updated distance: 23.9832173897807 cm | Severity=75 | SourceName=Sensor2 | EventType=application | SourceNode=ns=1;s=SensorSource2
[Anomaly Input] [2026-08-16 20:45:12.736 (UTC)] info/application	[Sensor] Updated distance: 27.0495404224142 cm | Severity=75 | SourceName=Sensor | EventType=application | SourceNode=ns=1;s=SensorSource
[Anomaly Input] [2026-08-16 20:45:12.736 (UTC)] info/application	[Sensor] Updated distance: 22.5755008326729 cm | Severity=75 | SourceName=Sensor3 | EventType=application | SourceNode=ns=1;s=SensorSource3
[Anomaly Input] [2026-08-16 20:45:13.231 (UTC)] info/application	[Motor] Received distance: 23.9832173897807 cm | Severity=75 | SourceName=Motor2 | EventType=application | SourceNode=ns=1;s=MotorSource2
[Anomaly Input] [2026-08-16 20:45:13.231 (UTC)] info/application	[Motor] Received distance: 22.5755008326729 cm | Severity=75 | SourceName=Motor3 | EventType=application | SourceNode=ns=1;s=MotorSource3
[Anomaly Input] [2026-08-16 20:45:13.240 (UTC)] info/application	[Motor] Received distance: 27.0495404224142 cm | Severity=75 | SourceName=Motor | EventType=application | SourceNode=ns=1;s=MotorSource
[Anomaly Input] [2026-08-16 20:45:13.231 (UTC)] info/application	[Motor] Distance safe (23.9832173897807); rotating motor to 90 degrees | Severity=75 | SourceName=Motor2 | EventType=application | SourceNode=ns=1;s=MotorSource2
[Anomaly Input] [2026-08-16 20:45:13.231 (UTC)] info/application	[Motor] Distance safe (22.5755008326729); rotating motor to 90 degrees | Severity=75 | SourceName=Motor3 | EventType=application | SourceNode=ns=1;s=MotorSource3
[Anomaly Input] [2026-08-16 20:45:13.240 (UTC)] info/application	[Motor] Distance safe (27.0495404224142); rotating motor to 90 degrees | Severity=75 | SourceName=Motor | EventType=application | SourceNode=ns=1;s=MotorSource
[Anomaly Input] [2026-08-16 20:45:13.735 (UTC)] info/application	[Sensor] Updated distance: 24.3815355155997 cm | Severity=75 | SourceName=Sensor2 | EventType=application | SourceNode=ns=1;s=SensorSource2
[Anomaly Input] [2026-08-16 20:45:13.736 (UTC)] info/application	[Sensor] Updated distance: 25.9970527042155 cm | Severity=75 | SourceName=Sensor | EventType=application | SourceNode=ns=1;s=SensorSource
[Anomaly Input] [2026-08-16 20:45:13.736 (UTC)] info/application	[Sensor] Updated distance: 22.9379916421315 cm | Severity=75 | SourceName=Sensor3 | EventType=application | SourceNode=ns=1;s=SensorSource3
[Anomaly Input] [2026-08-16 20:45:14.231 (UTC)] info/application	[Motor] Received distance: 25.9970527042155 cm | Severity=75 | SourceName=Motor | EventType=application | SourceNode=ns=1;s=MotorSource
[Anomaly Input] [2026-08-16 20:45:14.232 (UTC)] info/application	[Motor] Received distance: 22.9379916421315 cm | Severity=75 | SourceName=Motor3 | EventType=application | SourceNode=ns=1;s=MotorSource3
[Anomaly Input] [2026-08-16 20:45:14.232 (UTC)] info/application	[Motor] Received distance: 24.3815355155997 cm | Severity=75 | SourceName=Motor2 | EventType=application | SourceNode=ns=1;s=MotorSource2
[Anomaly Input] [2026-08-16 20:45:14.231 (UTC)] info/application	[Motor] Distance safe (25.9970527042155); rotating motor to 90 degrees | Severity=75 | SourceName=Motor | EventType=application | SourceNode=ns=1;s=MotorSource
[Anomaly Input] [2026-08-16 20:45:14.232 (UTC)] info/application	[Motor] Distance safe (22.9379916421315); rotating motor to 90 degrees | Severity=75 | SourceName=Motor3 | EventType=application | SourceNode=ns=1;s=MotorSource3
[Anomaly Input] [2026-08-16 20:45:14.232 (UTC)] info/application	[Motor] Distance safe (24.3815355155997); rotating motor to 90 degrees | Severity=75 | SourceName=Motor2 | EventType=application | SourceNode=ns=1;s=MotorSource2
[Anomaly Input] [2026-08-16 20:45:14.735 (UTC)] info/application	[Sensor] Updated distance: 23.7222850782435 cm | Severity=75 | SourceName=Sensor2 | EventType=application | SourceNode=ns=1;s=SensorSource2
[Anomaly Input] [2026-08-16 20:45:14.737 (UTC)] info/application	[Sensor] Updated distance: 22.7357270013242 cm | Severity=75 | SourceName=Sensor3 | EventType=application | SourceNode=ns=1;s=SensorSource3
[Anomaly Input] [2026-08-16 20:45:14.737 (UTC)] info/application	[Sensor] Updated distance: 24.9009938318753 cm | Severity=75 | SourceName=Sensor | EventType=application | SourceNode=ns=1;s=SensorSource
[Anomaly Input] [2026-08-16 20:45:15.229 (UTC)] info/application	[Motor] Received distance: 23.7222850782435 cm | Severity=75 | SourceName=Motor2 | EventType=application | SourceNode=ns=1;s=MotorSource2
[Anomaly Input] [2026-08-16 20:45:15.232 (UTC)] info/application	[Motor] Received distance: 24.9009938318753 cm | Severity=75 | SourceName=Motor | EventType=application | SourceNode=ns=1;s=MotorSource
[Anomaly Input] [2026-08-16 20:45:15.232 (UTC)] info/application	[Motor] Received distance: 22.7357270013242 cm | Severity=75 | SourceName=Motor3 | EventType=application | SourceNode=ns=1;s=MotorSource3
[Anomaly Input] [2026-08-16 20:45:15.229 (UTC)] info/application	[Motor] Distance safe (23.7222850782435); rotating motor to 90 degrees | Severity=75 | SourceName=Motor2 | EventType=application | SourceNode=ns=1;s=MotorSource2
[Anomaly Input] [2026-08-16 20:45:15.232 (UTC)] info/application	[Motor] Distance safe (24.9009938318753); rotating motor to 90 degrees | Severity=75 | SourceName=Motor | EventType=application | SourceNode=ns=1;s=MotorSource
[Anomaly Input] [2026-08-16 20:45:15.232 (UTC)] info/application	[Motor] Distance safe (22.7357270013242); rotating motor to 90 degrees | Severity=75 | SourceName=Motor3 | EventType=application | SourceNode=ns=1;s=MotorSource3
[Anomaly Input] [2026-08-16 20:45:15.734 (UTC)] info/application	[Sensor] Updated distance: 24.4083022824062 cm | Severity=75 | SourceName=Sensor2 | EventType=application | SourceNode=ns=1;s=SensorSource2
[Anomaly Input] [2026-08-16 20:45:15.737 (UTC)] info/application	[Sensor] Updated distance: 22.0157112095112 cm | Severity=75 | SourceName=Sensor3 | EventType=application | SourceNode=ns=1;s=SensorSource3
[Anomaly Input] [2026-08-16 20:45:15.737 (UTC)] info/application	[Sensor] Updated distance: 25.5264954036225 cm | Severity=75 | SourceName=Sensor | EventType=application | SourceNode=ns=1;s=SensorSource
[Anomaly Input] [2026-08-16 20:45:16.230 (UTC)] info/application	[Motor] Received distance: 24.4083022824062 cm | Severity=75 | SourceName=Motor2 | EventType=application | SourceNode=ns=1;s=MotorSource2
[Anomaly Input] [2026-08-16 20:45:16.232 (UTC)] info/application	[Motor] Received distance: 22.0157112095112 cm | Severity=75 | SourceName=Motor3 | EventType=application | SourceNode=ns=1;s=MotorSource3
[Anomaly Input] [2026-08-16 20:45:16.240 (UTC)] info/application	[Motor] Received distance: 25.5264954036225 cm | Severity=75 | SourceName=Motor | EventType=application | SourceNode=ns=1;s=MotorSource
[Anomaly Input] [2026-08-16 20:45:16.230 (UTC)] info/application	[Motor] Distance safe (24.4083022824062); rotating motor to 90 degrees | Severity=75 | SourceName=Motor2 | EventType=application | SourceNode=ns=1;s=MotorSource2
[Anomaly Input] [2026-08-16 20:45:16.232 (UTC)] info/application	[Motor] Distance safe (22.0157112095112); rotating motor to 90 degrees | Severity=75 | SourceName=Motor3 | EventType=application | SourceNode=ns=1;s=MotorSource3
[Anomaly Input] [2026-08-16 20:45:16.240 (UTC)] info/application	[Motor] Distance safe (25.5264954036225); rotating motor to 90 degrees | Severity=75 | SourceName=Motor | EventType=application | SourceNode=ns=1;s=MotorSource
[Anomaly Input] [2026-08-16 20:45:16.734 (UTC)] info/application	[Sensor] Updated distance: 24.852821645724 cm | Severity=75 | SourceName=Sensor2 | EventType=application | SourceNode=ns=1;s=SensorSource2
[Anomaly Input] [2026-08-16 20:45:16.737 (UTC)] info/application	[Sensor] Updated distance: 21.1283672052102 cm | Severity=75 | SourceName=Sensor3 | EventType=application | SourceNode=ns=1;s=SensorSource3
[Anomaly Input] [2026-08-16 20:45:16.737 (UTC)] info/application	[Sensor] Updated distance: 24.320055143591 cm | Severity=75 | SourceName=Sensor | EventType=application | SourceNode=ns=1;s=SensorSource
[Anomaly Input] [2026-08-16 20:45:17.230 (UTC)] info/application	[Motor] Received distance: 24.852821645724 cm | Severity=75 | SourceName=Motor2 | EventType=application | SourceNode=ns=1;s=MotorSource2
[Anomaly Input] [2026-08-16 20:45:17.232 (UTC)] info/application	[Motor] Received distance: 24.320055143591 cm | Severity=75 | SourceName=Motor | EventType=application | SourceNode=ns=1;s=MotorSource
[Anomaly Input] [2026-08-16 20:45:17.233 (UTC)] info/application	[Motor] Received distance: 21.1283672052102 cm | Severity=75 | SourceName=Motor3 | EventType=application | SourceNode=ns=1;s=MotorSource3
[Anomaly Input] [2026-08-16 20:45:17.230 (UTC)] info/application	[Motor] Distance safe (24.852821645724); rotating motor to 90 degrees | Severity=75 | SourceName=Motor2 | EventType=application | SourceNode=ns=1;s=MotorSource2
[Anomaly Input] [2026-08-16 20:45:17.232 (UTC)] info/application	[Motor] Distance safe (24.320055143591); rotating motor to 90 degrees | Severity=75 | SourceName=Motor | EventType=application | SourceNode=ns=1;s=MotorSource
[Anomaly Input] [2026-08-16 20:45:17.233 (UTC)] info/application	[Motor] Distance safe (21.1283672052102); rotating motor to 90 degrees | Severity=75 | SourceName=Motor3 | EventType=application | SourceNode=ns=1;s=MotorSource3
[Anomaly Input] [2026-08-16 20:45:17.734 (UTC)] info/application	[Sensor] Updated distance: 23.4294462706565 cm | Severity=75 | SourceName=Sensor2 | EventType=application | SourceNode=ns=1;s=SensorSource2
[Anomaly Input] [2026-08-16 20:45:17.736 (UTC)] info/application	[Sensor] Updated distance: 20.1946308280782 cm | Severity=75 | SourceName=Sensor3 | EventType=application | SourceNode=ns=1;s=SensorSource3
[Anomaly Input] [2026-08-16 20:45:17.736 (UTC)] info/application	[Sensor] Updated distance: 25.4295763792142 cm | Severity=75 | SourceName=Sensor | EventType=application | SourceNode=ns=1;s=SensorSource
[Anomaly Input] [2026-08-16 20:45:18.230 (UTC)] info/application	[Motor] Received distance: 23.4294462706565 cm | Severity=75 | SourceName=Motor2 | EventType=application | SourceNode=ns=1;s=MotorSource2
[Anomaly Input] [2026-08-16 20:45:18.231 (UTC)] info/application	[Motor] Received distance: 20.1946308280782 cm | Severity=75 | SourceName=Motor3 | EventType=application | SourceNode=ns=1;s=MotorSource3
[Anomaly Input] [2026-08-16 20:45:18.240 (UTC)] info/application	[Motor] Received distance: 25.4295763792142 cm | Severity=75 | SourceName=Motor | EventType=application | SourceNode=ns=1;s=MotorSource
[Anomaly Input] [2026-08-16 20:45:18.230 (UTC)] info/application	[Motor] Distance safe (23.4294462706565); rotating motor to 90 degrees | Severity=75 | SourceName=Motor2 | EventType=application | SourceNode=ns=1;s=MotorSource2
[Anomaly Input] [2026-08-16 20:45:18.231 (UTC)] info/application	[Motor] Distance safe (20.1946308280782); rotating motor to 90 degrees | Severity=75 | SourceName=Motor3 | EventType=application | SourceNode=ns=1;s=MotorSource3
[Anomaly Input] [2026-08-16 20:45:18.240 (UTC)] info/application	[Motor] Distance safe (25.4295763792142); rotating motor to 90 degrees | Severity=75 | SourceName=Motor | EventType=application | SourceNode=ns=1;s=MotorSource
[Anomaly Input] [2026-08-16 20:45:18.734 (UTC)] info/application	[Sensor] Updated distance: 23.4473920056817 cm | Severity=75 | SourceName=Sensor2 | EventType=application | SourceNode=ns=1;s=SensorSource2
[Anomaly Input] [2026-08-16 20:45:18.735 (UTC)] info/application	[Sensor] Updated distance: 21.6458703943742 cm | Severity=75 | SourceName=Sensor3 | EventType=application | SourceNode=ns=1;s=SensorSource3
[Anomaly Input] [2026-08-16 20:45:18.735 (UTC)] info/application	[Sensor] Updated distance: 24.0542480862021 cm | Severity=75 | SourceName=Sensor | EventType=application | SourceNode=ns=1;s=SensorSource
[Anomaly Input] [2026-08-16 20:45:19.230 (UTC)] info/application	[Motor] Received distance: 24.0542480862021 cm | Severity=75 | SourceName=Motor | EventType=application | SourceNode=ns=1;s=MotorSource
[Anomaly Input] [2026-08-16 20:45:19.231 (UTC)] info/application	[Motor] Received distance: 23.4473920056817 cm | Severity=75 | SourceName=Motor2 | EventType=application | SourceNode=ns=1;s=MotorSource2
[Anomaly Input] [2026-08-16 20:45:19.231 (UTC)] info/application	[Motor] Received distance: 21.6458703943742 cm | Severity=75 | SourceName=Motor3 | EventType=application | SourceNode=ns=1;s=MotorSource3
[Anomaly Input] [2026-08-16 20:45:19.230 (UTC)] info/application	[Motor] Distance safe (24.0542480862021); rotating motor to 90 degrees | Severity=75 | SourceName=Motor | EventType=application | SourceNode=ns=1;s=MotorSource
[Anomaly Input] [2026-08-16 20:45:19.231 (UTC)] info/application	[Motor] Distance safe (23.4473920056817); rotating motor to 90 degrees | Severity=75 | SourceName=Motor2 | EventType=application | SourceNode=ns=1;s=MotorSource2
[Anomaly Input] [2026-08-16 20:45:19.231 (UTC)] info/application	[Motor] Distance safe (21.6458703943742); rotating motor to 90 degrees | Severity=75 | SourceName=Motor3 | EventType=application | SourceNode=ns=1;s=MotorSource3
[Anomaly Input] [2026-08-16 20:45:19.734 (UTC)] info/application	[Sensor] Updated distance: 22.453962154665 cm | Severity=75 | SourceName=Sensor2 | EventType=application | SourceNode=ns=1;s=SensorSource2
[Anomaly Input] [2026-08-16 20:45:19.735 (UTC)] info/application	[Sensor] Updated distance: 23.081427932522 cm | Severity=75 | SourceName=Sensor3 | EventType=application | SourceNode=ns=1;s=SensorSource3
[Anomaly Input] [2026-08-16 20:45:19.735 (UTC)] info/application	[Sensor] Updated distance: 25.1539151904424 cm | Severity=75 | SourceName=Sensor | EventType=application | SourceNode=ns=1;s=SensorSource
[Anomaly Input] [2026-08-16 20:45:20.231 (UTC)] info/application	[Motor] Received distance: 25.1539151904424 cm | Severity=75 | SourceName=Motor | EventType=application | SourceNode=ns=1;s=MotorSource
[Anomaly Input] [2026-08-16 20:45:20.231 (UTC)] info/application	[Motor] Received distance: 22.453962154665 cm | Severity=75 | SourceName=Motor2 | EventType=application | SourceNode=ns=1;s=MotorSource2
[Anomaly Input] [2026-08-16 20:45:20.231 (UTC)] info/application	[Motor] Received distance: 23.081427932522 cm | Severity=75 | SourceName=Motor3 | EventType=application | SourceNode=ns=1;s=MotorSource3
[Anomaly Input] [2026-08-16 20:45:20.231 (UTC)] info/application	[Motor] Distance safe (25.1539151904424); rotating motor to 90 degrees | Severity=75 | SourceName=Motor | EventType=application | SourceNode=ns=1;s=MotorSource
[Anomaly Input] [2026-08-16 20:45:20.231 (UTC)] info/application	[Motor] Distance safe (22.453962154665); rotating motor to 90 degrees | Severity=75 | SourceName=Motor2 | EventType=application | SourceNode=ns=1;s=MotorSource2
[Anomaly Input] [2026-08-16 20:45:20.231 (UTC)] info/application	[Motor] Distance safe (23.081427932522); rotating motor to 90 degrees | Severity=75 | SourceName=Motor3 | EventType=application | SourceNode=ns=1;s=MotorSource3
[Anomaly Input] [2026-08-16 20:45:20.734 (UTC)] info/application	[Sensor] Updated distance: 23.8868454605745 cm | Severity=75 | SourceName=Sensor2 | EventType=application | SourceNode=ns=1;s=SensorSource2
[Anomaly Input] [2026-08-16 20:45:20.734 (UTC)] info/application	[Sensor] Updated distance: 22.8287624287553 cm | Severity=75 | SourceName=Sensor3 | EventType=application | SourceNode=ns=1;s=SensorSource3
[Anomaly Input] [2026-08-16 20:45:20.735 (UTC)] info/application	[Sensor] Updated distance: 23.7975449812587 cm | Severity=75 | SourceName=Sensor | EventType=application | SourceNode=ns=1;s=SensorSource
[Anomaly Input] [2026-08-16 20:45:21.232 (UTC)] info/application	[Motor] Received distance: 22.8287624287553 cm | Severity=75 | SourceName=Motor3 | EventType=application | SourceNode=ns=1;s=MotorSource3
[Anomaly Input] [2026-08-16 20:45:21.232 (UTC)] info/application	[Motor] Received distance: 23.8868454605745 cm | Severity=75 | SourceName=Motor2 | EventType=application | SourceNode=ns=1;s=MotorSource2
[Anomaly Input] [2026-08-16 20:45:21.240 (UTC)] info/application	[Motor] Received distance: 23.7975449812587 cm | Severity=75 | SourceName=Motor | EventType=application | SourceNode=ns=1;s=MotorSource
[Anomaly Input] [2026-08-16 20:45:21.232 (UTC)] info/application	[Motor] Distance safe (22.8287624287553); rotating motor to 90 degrees | Severity=75 | SourceName=Motor3 | EventType=application | SourceNode=ns=1;s=MotorSource3
[Anomaly Input] [2026-08-16 20:45:21.232 (UTC)] info/application	[Motor] Distance safe (23.8868454605745); rotating motor to 90 degrees | Severity=75 | SourceName=Motor2 | EventType=application | SourceNode=ns=1;s=MotorSource2
[Anomaly Input] [2026-08-16 20:45:21.240 (UTC)] info/application	[Motor] Distance safe (23.7975449812587); rotating motor to 90 degrees | Severity=75 | SourceName=Motor | EventType=application | SourceNode=ns=1;s=MotorSource
[Anomaly Input] [2026-08-16 20:45:21.733 (UTC)] info/application	[Sensor] Updated distance: 23.2060831076028 cm | Severity=75 | SourceName=Sensor3 | EventType=application | SourceNode=ns=1;s=SensorSource3
[Anomaly Input] [2026-08-16 20:45:21.733 (UTC)] info/application	[Sensor] Updated distance: 22.4192830780145 cm | Severity=75 | SourceName=Sensor2 | EventType=application | SourceNode=ns=1;s=SensorSource2
[Anomaly Input] [2026-08-16 20:45:21.736 (UTC)] info/application	[Sensor] Updated distance: 25.0327004862636 cm | Severity=75 | SourceName=Sensor | EventType=application | SourceNode=ns=1;s=SensorSource
[Anomaly Input] [2026-08-16 20:45:22.228 (UTC)] info/application	[Motor] Received distance: 22.4192830780145 cm | Severity=75 | SourceName=Motor2 | EventType=application | SourceNode=ns=1;s=MotorSource2
[Anomaly Input] [2026-08-16 20:45:22.230 (UTC)] info/application	[Motor] Received distance: 25.0327004862636 cm | Severity=75 | SourceName=Motor | EventType=application | SourceNode=ns=1;s=MotorSource
[Anomaly Input] [2026-08-16 20:45:22.232 (UTC)] info/application	[Motor] Received distance: 23.2060831076028 cm | Severity=75 | SourceName=Motor3 | EventType=application | SourceNode=ns=1;s=MotorSource3
[Anomaly Input] [2026-08-16 20:45:22.228 (UTC)] info/application	[Motor] Distance safe (22.4192830780145); rotating motor to 90 degrees | Severity=75 | SourceName=Motor2 | EventType=application | SourceNode=ns=1;s=MotorSource2
[Anomaly Input] [2026-08-16 20:45:22.230 (UTC)] info/application	[Motor] Distance safe (25.0327004862636); rotating motor to 90 degrees | Severity=75 | SourceName=Motor | EventType=application | SourceNode=ns=1;s=MotorSource
[Anomaly Input] [2026-08-16 20:45:22.232 (UTC)] info/application	[Motor] Distance safe (23.2060831076028); rotating motor to 90 degrees | Severity=75 | SourceName=Motor3 | EventType=application | SourceNode=ns=1;s=MotorSource3
[Anomaly Input] [2026-08-16 20:45:22.733 (UTC)] info/application	[Sensor] Updated distance: 20.9549310859083 cm | Severity=75 | SourceName=Sensor2 | EventType=application | SourceNode=ns=1;s=SensorSource2
[Anomaly Input] [2026-08-16 20:45:22.733 (UTC)] info/application	[Sensor] Updated distance: 24.5740656934558 cm | Severity=75 | SourceName=Sensor3 | EventType=application | SourceNode=ns=1;s=SensorSource3
[Anomaly Input] [2026-08-16 20:45:22.735 (UTC)] info/application	[Sensor] Updated distance: 23.7643633050678 cm | Severity=75 | SourceName=Sensor | EventType=application | SourceNode=ns=1;s=SensorSource
[Anomaly Input] [2026-08-16 20:45:23.231 (UTC)] info/application	[Motor] Received distance: 23.7643633050678 cm | Severity=75 | SourceName=Motor | EventType=application | SourceNode=ns=1;s=MotorSource
[Anomaly Input] [2026-08-16 20:45:23.231 (UTC)] info/application	[Motor] Received distance: 20.9549310859083 cm | Severity=75 | SourceName=Motor2 | EventType=application | SourceNode=ns=1;s=MotorSource2
[Anomaly Input] [2026-08-16 20:45:23.232 (UTC)] info/application	[Motor] Received distance: 24.5740656934558 cm | Severity=75 | SourceName=Motor3 | EventType=application | SourceNode=ns=1;s=MotorSource3
[Anomaly Input] [2026-08-16 20:45:23.231 (UTC)] info/application	[Motor] Distance safe (23.7643633050678); rotating motor to 90 degrees | Severity=75 | SourceName=Motor | EventType=application | SourceNode=ns=1;s=MotorSource
[Anomaly Input] [2026-08-16 20:45:23.231 (UTC)] info/application	[Motor] Distance safe (20.9549310859083); rotating motor to 90 degrees | Severity=75 | SourceName=Motor2 | EventType=application | SourceNode=ns=1;s=MotorSource2
[Anomaly Input] [2026-08-16 20:45:23.232 (UTC)] info/application	[Motor] Distance safe (24.5740656934558); rotating motor to 90 degrees | Severity=75 | SourceName=Motor3 | EventType=application | SourceNode=ns=1;s=MotorSource3
[Anomaly Input] [2026-08-16 20:45:23.734 (UTC)] info/application	[Sensor] Updated distance: 25.5386628536687 cm | Severity=75 | SourceName=Sensor3 | EventType=application | SourceNode=ns=1;s=SensorSource3
[Anomaly Input] [2026-08-16 20:45:23.734 (UTC)] info/application	[Sensor] Updated distance: 19.5338042555534 cm | Severity=75 | SourceName=Sensor2 | EventType=application | SourceNode=ns=1;s=SensorSource2
[Anomaly Input] [2026-08-16 20:45:23.735 (UTC)] info/application	[Sensor] Updated distance: 22.9857686508846 cm | Severity=75 | SourceName=Sensor | EventType=application | SourceNode=ns=1;s=SensorSource
[Anomaly Input] [2026-08-16 20:45:24.232 (UTC)] info/application	[Motor] Received distance: 25.5386628536687 cm | Severity=75 | SourceName=Motor3 | EventType=application | SourceNode=ns=1;s=MotorSource3
[Anomaly Input] [2026-08-16 20:45:24.232 (UTC)] info/application	[Motor] Received distance: 22.9857686508846 cm | Severity=75 | SourceName=Motor | EventType=application | SourceNode=ns=1;s=MotorSource
[Anomaly Input] [2026-08-16 20:45:24.232 (UTC)] info/application	[Motor] Received distance: 19.5338042555534 cm | Severity=75 | SourceName=Motor2 | EventType=application | SourceNode=ns=1;s=MotorSource2
[Anomaly Input] [2026-08-16 20:45:24.232 (UTC)] info/application	[Motor] Distance safe (25.5386628536687); rotating motor to 90 degrees | Severity=75 | SourceName=Motor3 | EventType=application | SourceNode=ns=1;s=MotorSource3
[Anomaly Input] [2026-08-16 20:45:24.232 (UTC)] info/application	[Motor] Distance safe (22.9857686508846); rotating motor to 90 degrees | Severity=75 | SourceName=Motor | EventType=application | SourceNode=ns=1;s=MotorSource
[Anomaly Input] [2026-08-16 20:45:24.232 (UTC)] warn/application	[Motor] Distance too close (19.5338042555534); rotating motor to 0 degrees | Severity=175 | SourceName=Motor2 | EventType=application | SourceNode=ns=1;s=MotorSource2
[Anomaly Input] [2026-08-16 20:45:24.734 (UTC)] info/application	[Sensor] Updated distance: 24.2961006072797 cm | Severity=75 | SourceName=Sensor | EventType=application | SourceNode=ns=1;s=SensorSource
[Anomaly Input] [2026-08-16 20:45:24.734 (UTC)] info/application	[Sensor] Updated distance: 18.0346074570132 cm | Severity=75 | SourceName=Sensor2 | EventType=application | SourceNode=ns=1;s=SensorSource2
[Anomaly Input] [2026-08-16 20:45:24.734 (UTC)] info/application	[Sensor] Updated distance: 24.2862401559419 cm | Severity=75 | SourceName=Sensor3 | EventType=application | SourceNode=ns=1;s=SensorSource3
[Anomaly Input] [2026-08-16 20:45:25.230 (UTC)] info/application	[Motor] Received distance: 18.0346074570132 cm | Severity=75 | SourceName=Motor2 | EventType=application | SourceNode=ns=1;s=MotorSource2
[Anomaly Input] [2026-08-16 20:45:25.230 (UTC)] info/application	[Motor] Received distance: 24.2961006072797 cm | Severity=75 | SourceName=Motor | EventType=application | SourceNode=ns=1;s=MotorSource
[Anomaly Input] [2026-08-16 20:45:25.232 (UTC)] info/application	[Motor] Received distance: 24.2862401559419 cm | Severity=75 | SourceName=Motor3 | EventType=application | SourceNode=ns=1;s=MotorSource3
[Anomaly Input] [2026-08-16 20:45:25.230 (UTC)] warn/application	[Motor] Distance too close (18.0346074570132); rotating motor to 0 degrees | Severity=175 | SourceName=Motor2 | EventType=application | SourceNode=ns=1;s=MotorSource2
[Anomaly Input] [2026-08-16 20:45:25.230 (UTC)] info/application	[Motor] Distance safe (24.2961006072797); rotating motor to 90 degrees | Severity=75 | SourceName=Motor | EventType=application | SourceNode=ns=1;s=MotorSource
[Anomaly Input] [2026-08-16 20:45:25.232 (UTC)] info/application	[Motor] Distance safe (24.2862401559419); rotating motor to 90 degrees | Severity=75 | SourceName=Motor3 | EventType=application | SourceNode=ns=1;s=MotorSource3
[Anomaly Input] [2026-08-16 20:45:25.734 (UTC)] info/application	[Sensor] Updated distance: 18.8448618950066 cm | Severity=75 | SourceName=Sensor2 | EventType=application | SourceNode=ns=1;s=SensorSource2
[Anomaly Input] [2026-08-16 20:45:25.735 (UTC)] info/application	[Sensor] Updated distance: 23.9539976611053 cm | Severity=75 | SourceName=Sensor3 | EventType=application | SourceNode=ns=1;s=SensorSource3
[Anomaly Input] [2026-08-16 20:45:25.735 (UTC)] info/application	[Sensor] Updated distance: 23.2851317831246 cm | Severity=75 | SourceName=Sensor | EventType=application | SourceNode=ns=1;s=SensorSource
[Anomaly Input] [2026-08-16 20:45:26.230 (UTC)] info/application	[Motor] Received distance: 23.9539976611053 cm | Severity=75 | SourceName=Motor3 | EventType=application | SourceNode=ns=1;s=MotorSource3
[Anomaly Input] [2026-08-16 20:45:26.231 (UTC)] info/application	[Motor] Received distance: 18.8448618950066 cm | Severity=75 | SourceName=Motor2 | EventType=application | SourceNode=ns=1;s=MotorSource2
[Anomaly Input] [2026-08-16 20:45:26.231 (UTC)] info/application	[Motor] Received distance: 23.2851317831246 cm | Severity=75 | SourceName=Motor | EventType=application | SourceNode=ns=1;s=MotorSource
[Anomaly Input] [2026-08-16 20:45:26.230 (UTC)] info/application	[Motor] Distance safe (23.9539976611053); rotating motor to 90 degrees | Severity=75 | SourceName=Motor3 | EventType=application | SourceNode=ns=1;s=MotorSource3
[Anomaly Input] [2026-08-16 20:45:26.231 (UTC)] warn/application	[Motor] Distance too close (18.8448618950066); rotating motor to 0 degrees | Severity=175 | SourceName=Motor2 | EventType=application | SourceNode=ns=1;s=MotorSource2
[Anomaly Input] [2026-08-16 20:45:26.231 (UTC)] info/application	[Motor] Distance safe (23.2851317831246); rotating motor to 90 degrees | Severity=75 | SourceName=Motor | EventType=application | SourceNode=ns=1;s=MotorSource
[Anomaly Input] [2026-08-16 20:45:26.735 (UTC)] info/application	[Sensor] Updated distance: 18.5454841789536 cm | Severity=75 | SourceName=Sensor2 | EventType=application | SourceNode=ns=1;s=SensorSource2
[Anomaly Input] [2026-08-16 20:45:26.735 (UTC)] info/application	[Sensor] Updated distance: 24.3334925790939 cm | Severity=75 | SourceName=Sensor3 | EventType=application | SourceNode=ns=1;s=SensorSource3
[Anomaly Input] [2026-08-16 20:45:26.735 (UTC)] info/application	[Sensor] Updated distance: 23.8387225474411 cm | Severity=75 | SourceName=Sensor | EventType=application | SourceNode=ns=1;s=SensorSource
[Anomaly Input] [2026-08-16 20:45:27.231 (UTC)] info/application	[Motor] Received distance: 24.3334925790939 cm | Severity=75 | SourceName=Motor3 | EventType=application | SourceNode=ns=1;s=MotorSource3
[Anomaly Input] [2026-08-16 20:45:27.231 (UTC)] info/application	[Motor] Received distance: 23.8387225474411 cm | Severity=75 | SourceName=Motor | EventType=application | SourceNode=ns=1;s=MotorSource
[Anomaly Input] [2026-08-16 20:45:27.232 (UTC)] info/application	[Motor] Received distance: 18.5454841789536 cm | Severity=75 | SourceName=Motor2 | EventType=application | SourceNode=ns=1;s=MotorSource2
[Anomaly Input] [2026-08-16 20:45:27.231 (UTC)] info/application	[Motor] Distance safe (24.3334925790939); rotating motor to 90 degrees | Severity=75 | SourceName=Motor3 | EventType=application | SourceNode=ns=1;s=MotorSource3
[Anomaly Input] [2026-08-16 20:45:27.231 (UTC)] info/application	[Motor] Distance safe (23.8387225474411); rotating motor to 90 degrees | Severity=75 | SourceName=Motor | EventType=application | SourceNode=ns=1;s=MotorSource
[Anomaly Input] [2026-08-16 20:45:27.232 (UTC)] warn/application	[Motor] Distance too close (18.5454841789536); rotating motor to 0 degrees | Severity=175 | SourceName=Motor2 | EventType=application | SourceNode=ns=1;s=MotorSource2
[Anomaly Input] [2026-08-16 20:45:27.735 (UTC)] info/application	[Sensor] Updated distance: 19.4744505504959 cm | Severity=75 | SourceName=Sensor2 | EventType=application | SourceNode=ns=1;s=SensorSource2
[Anomaly Input] [2026-08-16 20:45:27.735 (UTC)] info/application	[Sensor] Updated distance: 23.6457582680256 cm | Severity=75 | SourceName=Sensor | EventType=application | SourceNode=ns=1;s=SensorSource
[Anomaly Input] [2026-08-16 20:45:27.736 (UTC)] info/application	[Sensor] Updated distance: 23.4506282745631 cm | Severity=75 | SourceName=Sensor3 | EventType=application | SourceNode=ns=1;s=SensorSource3
[Anomaly Input] [2026-08-16 20:45:28.231 (UTC)] info/application	[Motor] Received distance: 23.4506282745631 cm | Severity=75 | SourceName=Motor3 | EventType=application | SourceNode=ns=1;s=MotorSource3
[Anomaly Input] [2026-08-16 20:45:28.240 (UTC)] info/application	[Motor] Received distance: 23.6457582680256 cm | Severity=75 | SourceName=Motor | EventType=application | SourceNode=ns=1;s=MotorSource
[Anomaly Input] [2026-08-16 20:45:28.240 (UTC)] info/application	[Motor] Received distance: 19.4744505504959 cm | Severity=75 | SourceName=Motor2 | EventType=application | SourceNode=ns=1;s=MotorSource2
[Anomaly Input] [2026-08-16 20:45:28.231 (UTC)] info/application	[Motor] Distance safe (23.4506282745631); rotating motor to 90 degrees | Severity=75 | SourceName=Motor3 | EventType=application | SourceNode=ns=1;s=MotorSource3
[Anomaly Input] [2026-08-16 20:45:28.240 (UTC)] info/application	[Motor] Distance safe (23.6457582680256); rotating motor to 90 degrees | Severity=75 | SourceName=Motor | EventType=application | SourceNode=ns=1;s=MotorSource
[Anomaly Input] [2026-08-16 20:45:28.240 (UTC)] warn/application	[Motor] Distance too close (19.4744505504959); rotating motor to 0 degrees | Severity=175 | SourceName=Motor2 | EventType=application | SourceNode=ns=1;s=MotorSource2
[Anomaly Input] [2026-08-16 20:45:28.735 (UTC)] info/application	[Sensor] Updated distance: 20.6120718189571 cm | Severity=75 | SourceName=Sensor2 | EventType=application | SourceNode=ns=1;s=SensorSource2
[Anomaly Input] [2026-08-16 20:45:28.736 (UTC)] info/application	[Sensor] Updated distance: 23.7100014284765 cm | Severity=75 | SourceName=Sensor | EventType=application | SourceNode=ns=1;s=SensorSource
[Anomaly Input] [2026-08-16 20:45:28.736 (UTC)] info/application	[Sensor] Updated distance: 22.7078638983461 cm | Severity=75 | SourceName=Sensor3 | EventType=application | SourceNode=ns=1;s=SensorSource3
[Anomaly Input] [2026-08-16 20:45:29.229 (UTC)] info/application	[Motor] Received distance: 20.6120718189571 cm | Severity=75 | SourceName=Motor2 | EventType=application | SourceNode=ns=1;s=MotorSource2
[Anomaly Input] [2026-08-16 20:45:29.231 (UTC)] info/application	[Motor] Received distance: 23.7100014284765 cm | Severity=75 | SourceName=Motor | EventType=application | SourceNode=ns=1;s=MotorSource
[Anomaly Input] [2026-08-16 20:45:29.231 (UTC)] info/application	[Motor] Received distance: 22.7078638983461 cm | Severity=75 | SourceName=Motor3 | EventType=application | SourceNode=ns=1;s=MotorSource3
[Anomaly Input] [2026-08-16 20:45:29.229 (UTC)] info/application	[Motor] Distance safe (20.6120718189571); rotating motor to 90 degrees | Severity=75 | SourceName=Motor2 | EventType=application | SourceNode=ns=1;s=MotorSource2
[Anomaly Input] [2026-08-16 20:45:29.231 (UTC)] info/application	[Motor] Distance safe (23.7100014284765); rotating motor to 90 degrees | Severity=75 | SourceName=Motor | EventType=application | SourceNode=ns=1;s=MotorSource
[Anomaly Input] [2026-08-16 20:45:29.231 (UTC)] info/application	[Motor] Distance safe (22.7078638983461); rotating motor to 90 degrees | Severity=75 | SourceName=Motor3 | EventType=application | SourceNode=ns=1;s=MotorSource3
[Anomaly Input] [2026-08-16 20:45:29.734 (UTC)] info/application	[Sensor] Updated distance: 21.6082174010147 cm | Severity=75 | SourceName=Sensor2 | EventType=application | SourceNode=ns=1;s=SensorSource2
[Anomaly Input] [2026-08-16 20:45:29.736 (UTC)] info/application	[Sensor] Updated distance: 23.7314261841734 cm | Severity=75 | SourceName=Sensor3 | EventType=application | SourceNode=ns=1;s=SensorSource3
[Anomaly Input] [2026-08-16 20:45:29.736 (UTC)] info/application	[Sensor] Updated distance: 23.2148618799238 cm | Severity=75 | SourceName=Sensor | EventType=application | SourceNode=ns=1;s=SensorSource
[Anomaly Input] [2026-08-16 20:45:30.231 (UTC)] info/application	[Motor] Received distance: 21.6082174010147 cm | Severity=75 | SourceName=Motor2 | EventType=application | SourceNode=ns=1;s=MotorSource2
[Anomaly Input] [2026-08-16 20:45:30.232 (UTC)] info/application	[Motor] Received distance: 23.7314261841734 cm | Severity=75 | SourceName=Motor3 | EventType=application | SourceNode=ns=1;s=MotorSource3
[Anomaly Input] [2026-08-16 20:45:30.232 (UTC)] info/application	[Motor] Received distance: 23.2148618799238 cm | Severity=75 | SourceName=Motor | EventType=application | SourceNode=ns=1;s=MotorSource
[Anomaly Input] [2026-08-16 20:45:30.231 (UTC)] info/application	[Motor] Distance safe (21.6082174010147); rotating motor to 90 degrees | Severity=75 | SourceName=Motor2 | EventType=application | SourceNode=ns=1;s=MotorSource2
[Anomaly Input] [2026-08-16 20:45:30.232 (UTC)] info/application	[Motor] Distance safe (23.7314261841734); rotating motor to 90 degrees | Severity=75 | SourceName=Motor3 | EventType=application | SourceNode=ns=1;s=MotorSource3
[Anomaly Input] [2026-08-16 20:45:30.232 (UTC)] info/application	[Motor] Distance safe (23.2148618799238); rotating motor to 90 degrees | Severity=75 | SourceName=Motor | EventType=application | SourceNode=ns=1;s=MotorSource
[Anomaly Input] [2026-08-16 20:45:30.734 (UTC)] info/application	[Sensor] Updated distance: 20.4341091632071 cm | Severity=75 | SourceName=Sensor2 | EventType=application | SourceNode=ns=1;s=SensorSource2
[Anomaly Input] [2026-08-16 20:45:30.737 (UTC)] info/application	[Sensor] Updated distance: 23.1177473902319 cm | Severity=75 | SourceName=Sensor3 | EventType=application | SourceNode=ns=1;s=SensorSource3
[Anomaly Input] [2026-08-16 20:45:30.737 (UTC)] info/application	[Sensor] Updated distance: 23.0578511595064 cm | Severity=75 | SourceName=Sensor | EventType=application | SourceNode=ns=1;s=SensorSource
[Anomaly Input] [2026-08-16 20:45:31.231 (UTC)] info/application	[Motor] Received distance: 20.4341091632071 cm | Severity=75 | SourceName=Motor2 | EventType=application | SourceNode=ns=1;s=MotorSource2
[Anomaly Input] [2026-08-16 20:45:31.232 (UTC)] info/application	[Motor] Received distance: 23.1177473902319 cm | Severity=75 | SourceName=Motor3 | EventType=application | SourceNode=ns=1;s=MotorSource3
[Anomaly Input] [2026-08-16 20:45:31.240 (UTC)] info/application	[Motor] Received distance: 23.0578511595064 cm | Severity=75 | SourceName=Motor | EventType=application | SourceNode=ns=1;s=MotorSource
[Anomaly Input] [2026-08-16 20:45:31.231 (UTC)] info/application	[Motor] Distance safe (20.4341091632071); rotating motor to 90 degrees | Severity=75 | SourceName=Motor2 | EventType=application | SourceNode=ns=1;s=MotorSource2
[Anomaly Input] [2026-08-16 20:45:31.232 (UTC)] info/application	[Motor] Distance safe (23.1177473902319); rotating motor to 90 degrees | Severity=75 | SourceName=Motor3 | EventType=application | SourceNode=ns=1;s=MotorSource3
[Anomaly Input] [2026-08-16 20:45:31.240 (UTC)] info/application	[Motor] Distance safe (23.0578511595064); rotating motor to 90 degrees | Severity=75 | SourceName=Motor | EventType=application | SourceNode=ns=1;s=MotorSource
[Anomaly Input] [2026-08-16 20:45:31.734 (UTC)] info/application	[Sensor] Updated distance: 20.1375862269837 cm | Severity=75 | SourceName=Sensor2 | EventType=application | SourceNode=ns=1;s=SensorSource2
[Anomaly Input] [2026-08-16 20:45:31.737 (UTC)] info/application	[Sensor] Updated distance: 23.7896426214323 cm | Severity=75 | SourceName=Sensor | EventType=application | SourceNode=ns=1;s=SensorSource
[Anomaly Input] [2026-08-16 20:45:31.737 (UTC)] info/application	[Sensor] Updated distance: 23.351548581315 cm | Severity=75 | SourceName=Sensor3 | EventType=application | SourceNode=ns=1;s=SensorSource3
[Anomaly Input] [2026-08-16 20:45:32.232 (UTC)] info/application	[Motor] Received distance: 20.1375862269837 cm | Severity=75 | SourceName=Motor2 | EventType=application | SourceNode=ns=1;s=MotorSource2
[Anomaly Input] [2026-08-16 20:45:32.232 (UTC)] info/application	[Motor] Received distance: 23.7896426214323 cm | Severity=75 | SourceName=Motor | EventType=application | SourceNode=ns=1;s=MotorSource
[Anomaly Input] [2026-08-16 20:45:32.240 (UTC)] info/application	[Motor] Received distance: 23.351548581315 cm | Severity=75 | SourceName=Motor3 | EventType=application | SourceNode=ns=1;s=MotorSource3
[Anomaly Input] [2026-08-16 20:45:32.232 (UTC)] info/application	[Motor] Distance safe (20.1375862269837); rotating motor to 90 degrees | Severity=75 | SourceName=Motor2 | EventType=application | SourceNode=ns=1;s=MotorSource2
[Anomaly Input] [2026-08-16 20:45:32.232 (UTC)] info/application	[Motor] Distance safe (23.7896426214323); rotating motor to 90 degrees | Severity=75 | SourceName=Motor | EventType=application | SourceNode=ns=1;s=MotorSource
[Anomaly Input] [2026-08-16 20:45:32.240 (UTC)] info/application	[Motor] Distance safe (23.351548581315); rotating motor to 90 degrees | Severity=75 | SourceName=Motor3 | EventType=application | SourceNode=ns=1;s=MotorSource3
[Anomaly Input] [2026-08-16 20:45:32.734 (UTC)] info/application	[Sensor] Updated distance: 19.7310032149455 cm | Severity=75 | SourceName=Sensor2 | EventType=application | SourceNode=ns=1;s=SensorSource2
[Anomaly Input] [2026-08-16 20:45:32.737 (UTC)] info/application	[Sensor] Updated distance: 22.8251659552684 cm | Severity=75 | SourceName=Sensor | EventType=application | SourceNode=ns=1;s=SensorSource
[Anomaly Input] [2026-08-16 20:45:32.737 (UTC)] info/application	[Sensor] Updated distance: 22.044228830861 cm | Severity=75 | SourceName=Sensor3 | EventType=application | SourceNode=ns=1;s=SensorSource3
[Anomaly Input] [2026-08-16 20:45:33.229 (UTC)] info/application	[Motor] Received distance: 19.7310032149455 cm | Severity=75 | SourceName=Motor2 | EventType=application | SourceNode=ns=1;s=MotorSource2
[Anomaly Input] [2026-08-16 20:45:33.232 (UTC)] info/application	[Motor] Received distance: 22.044228830861 cm | Severity=75 | SourceName=Motor3 | EventType=application | SourceNode=ns=1;s=MotorSource3
[Anomaly Input] [2026-08-16 20:45:33.240 (UTC)] info/application	[Motor] Received distance: 22.8251659552684 cm | Severity=75 | SourceName=Motor | EventType=application | SourceNode=ns=1;s=MotorSource
[Anomaly Input] [2026-08-16 20:45:33.229 (UTC)] warn/application	[Motor] Distance too close (19.7310032149455); rotating motor to 0 degrees | Severity=175 | SourceName=Motor2 | EventType=application | SourceNode=ns=1;s=MotorSource2
[Anomaly Input] [2026-08-16 20:45:33.232 (UTC)] info/application	[Motor] Distance safe (22.044228830861); rotating motor to 90 degrees | Severity=75 | SourceName=Motor3 | EventType=application | SourceNode=ns=1;s=MotorSource3
[Anomaly Input] [2026-08-16 20:45:33.240 (UTC)] info/application	[Motor] Distance safe (22.8251659552684); rotating motor to 90 degrees | Severity=75 | SourceName=Motor | EventType=application | SourceNode=ns=1;s=MotorSource
[Anomaly Input] [2026-08-16 20:45:33.734 (UTC)] info/application	[Sensor] Updated distance: 20.3528857826501 cm | Severity=75 | SourceName=Sensor2 | EventType=application | SourceNode=ns=1;s=SensorSource2
[Anomaly Input] [2026-08-16 20:45:33.737 (UTC)] info/application	[Sensor] Updated distance: 21.9296685706031 cm | Severity=75 | SourceName=Sensor | EventType=application | SourceNode=ns=1;s=SensorSource
[Anomaly Input] [2026-08-16 20:45:33.737 (UTC)] info/application	[Sensor] Updated distance: 22.7737840736628 cm | Severity=75 | SourceName=Sensor3 | EventType=application | SourceNode=ns=1;s=SensorSource3
[Anomaly Input] [2026-08-16 20:45:34.230 (UTC)] info/application	[Motor] Received distance: 20.3528857826501 cm | Severity=75 | SourceName=Motor2 | EventType=application | SourceNode=ns=1;s=MotorSource2
[Anomaly Input] [2026-08-16 20:45:34.232 (UTC)] info/application	[Motor] Received distance: 21.9296685706031 cm | Severity=75 | SourceName=Motor | EventType=application | SourceNode=ns=1;s=MotorSource
[Anomaly Input] [2026-08-16 20:45:34.232 (UTC)] info/application	[Motor] Received distance: 22.7737840736628 cm | Severity=75 | SourceName=Motor3 | EventType=application | SourceNode=ns=1;s=MotorSource3
[Anomaly Input] [2026-08-16 20:45:34.230 (UTC)] info/application	[Motor] Distance safe (20.3528857826501); rotating motor to 90 degrees | Severity=75 | SourceName=Motor2 | EventType=application | SourceNode=ns=1;s=MotorSource2
[Anomaly Input] [2026-08-16 20:45:34.232 (UTC)] info/application	[Motor] Distance safe (21.9296685706031); rotating motor to 90 degrees | Severity=75 | SourceName=Motor | EventType=application | SourceNode=ns=1;s=MotorSource
[Anomaly Input] [2026-08-16 20:45:34.232 (UTC)] info/application	[Motor] Distance safe (22.7737840736628); rotating motor to 90 degrees | Severity=75 | SourceName=Motor3 | EventType=application | SourceNode=ns=1;s=MotorSource3
[Anomaly Input] [2026-08-16 20:45:34.734 (UTC)] info/application	[Sensor] Updated distance: 20.7153876506329 cm | Severity=75 | SourceName=Sensor2 | EventType=application | SourceNode=ns=1;s=SensorSource2
[Anomaly Input] [2026-08-16 20:45:34.737 (UTC)] info/application	[Sensor] Updated distance: 22.1953712111317 cm | Severity=75 | SourceName=Sensor3 | EventType=application | SourceNode=ns=1;s=SensorSource3
[Anomaly Input] [2026-08-16 20:45:34.737 (UTC)] info/application	[Sensor] Updated distance: 21.807057155672 cm | Severity=75 | SourceName=Sensor | EventType=application | SourceNode=ns=1;s=SensorSource
[Anomaly Input] [2026-08-16 20:45:35.231 (UTC)] info/application	[Motor] Received distance: 20.7153876506329 cm | Severity=75 | SourceName=Motor2 | EventType=application | SourceNode=ns=1;s=MotorSource2
[Anomaly Input] [2026-08-16 20:45:35.232 (UTC)] info/application	[Motor] Received distance: 22.1953712111317 cm | Severity=75 | SourceName=Motor3 | EventType=application | SourceNode=ns=1;s=MotorSource3
[Anomaly Input] [2026-08-16 20:45:35.240 (UTC)] info/application	[Motor] Received distance: 21.807057155672 cm | Severity=75 | SourceName=Motor | EventType=application | SourceNode=ns=1;s=MotorSource
[Anomaly Input] [2026-08-16 20:45:35.231 (UTC)] info/application	[Motor] Distance safe (20.7153876506329); rotating motor to 90 degrees | Severity=75 | SourceName=Motor2 | EventType=application | SourceNode=ns=1;s=MotorSource2
[Anomaly Input] [2026-08-16 20:45:35.232 (UTC)] info/application	[Motor] Distance safe (22.1953712111317); rotating motor to 90 degrees | Severity=75 | SourceName=Motor3 | EventType=application | SourceNode=ns=1;s=MotorSource3
[Anomaly Input] [2026-08-16 20:45:35.240 (UTC)] info/application	[Motor] Distance safe (21.807057155672); rotating motor to 90 degrees | Severity=75 | SourceName=Motor | EventType=application | SourceNode=ns=1;s=MotorSource
[Anomaly Input] [2026-08-16 20:45:35.733 (UTC)] info/application	[Sensor] Updated distance: 20.4876965414675 cm | Severity=75 | SourceName=Sensor2 | EventType=application | SourceNode=ns=1;s=SensorSource2
[Anomaly Input] [2026-08-16 20:45:35.736 (UTC)] info/application	[Sensor] Updated distance: 20.5913538532757 cm | Severity=75 | SourceName=Sensor | EventType=application | SourceNode=ns=1;s=SensorSource
[Anomaly Input] [2026-08-16 20:45:35.737 (UTC)] info/application	[Sensor] Updated distance: 21.5035694125125 cm | Severity=75 | SourceName=Sensor3 | EventType=application | SourceNode=ns=1;s=SensorSource3
[Anomaly Input] [2026-08-16 20:45:36.231 (UTC)] info/application	[Motor] Received distance: 20.4876965414675 cm | Severity=75 | SourceName=Motor2 | EventType=application | SourceNode=ns=1;s=MotorSource2
[Anomaly Input] [2026-08-16 20:45:36.231 (UTC)] info/application	[Motor] Received distance: 20.5913538532757 cm | Severity=75 | SourceName=Motor | EventType=application | SourceNode=ns=1;s=MotorSource
[Anomaly Input] [2026-08-16 20:45:36.232 (UTC)] info/application	[Motor] Received distance: 21.5035694125125 cm | Severity=75 | SourceName=Motor3 | EventType=application | SourceNode=ns=1;s=MotorSource3
[Anomaly Input] [2026-08-16 20:45:36.231 (UTC)] info/application	[Motor] Distance safe (20.4876965414675); rotating motor to 90 degrees | Severity=75 | SourceName=Motor2 | EventType=application | SourceNode=ns=1;s=MotorSource2
[Anomaly Input] [2026-08-16 20:45:36.231 (UTC)] info/application	[Motor] Distance safe (20.5913538532757); rotating motor to 90 degrees | Severity=75 | SourceName=Motor | EventType=application | SourceNode=ns=1;s=MotorSource
[Anomaly Input] [2026-08-16 20:45:36.232 (UTC)] info/application	[Motor] Distance safe (21.5035694125125); rotating motor to 90 degrees | Severity=75 | SourceName=Motor3 | EventType=application | SourceNode=ns=1;s=MotorSource3
[Anomaly Input] [2026-08-16 20:45:36.733 (UTC)] info/application	[Sensor] Updated distance: 20.4525874948374 cm | Severity=75 | SourceName=Sensor2 | EventType=application | SourceNode=ns=1;s=SensorSource2
[Anomaly Input] [2026-08-16 20:45:36.736 (UTC)] info/application	[Sensor] Updated distance: 20.0460892496845 cm | Severity=75 | SourceName=Sensor | EventType=application | SourceNode=ns=1;s=SensorSource
[Anomaly Input] [2026-08-16 20:45:36.736 (UTC)] info/application	[Sensor] Updated distance: 20.5832856365402 cm | Severity=75 | SourceName=Sensor3 | EventType=application | SourceNode=ns=1;s=SensorSource3
>>> [Anomaly Input] [2026-08-16 20:45:37.117 (UTC)] info/application	[Sensor] Updated distance: 19.8154928405143 cm | Severity=75 | SourceName=Sensor2 | EventType=application | SourceNode=null   # ⚠ [S] Spoofing 欺騙：偽造的 sensor 距離（同一秒出現雙報）
>>> [Anomaly Input] [2026-08-16 20:45:37.120 (UTC)] info/application	[Sensor] Updated distance: 19.4089945953614 cm | Severity=75 | SourceName=Sensor | EventType=application | SourceNode=null   # ⚠ [S] Spoofing 欺騙：偽造的 sensor 距離（同一秒出現雙報）
>>> [Anomaly Input] [2026-08-16 20:45:37.120 (UTC)] info/application	[Sensor] Updated distance: 19.946190982217 cm | Severity=75 | SourceName=Sensor3 | EventType=application | SourceNode=null   # ⚠ [S] Spoofing 欺騙：偽造的 sensor 距離（同一秒出現雙報）
[Anomaly Input] [2026-08-16 20:45:37.228 (UTC)] info/application	[Motor] Received distance: 20.4525874948374 cm | Severity=75 | SourceName=Motor2 | EventType=application | SourceNode=ns=1;s=MotorSource2
[Anomaly Input] [2026-08-16 20:45:37.232 (UTC)] info/application	[Motor] Received distance: 20.5832856365402 cm | Severity=75 | SourceName=Motor3 | EventType=application | SourceNode=ns=1;s=MotorSource3
[Anomaly Input] [2026-08-16 20:45:37.240 (UTC)] info/application	[Motor] Received distance: 20.0460892496845 cm | Severity=75 | SourceName=Motor | EventType=application | SourceNode=ns=1;s=MotorSource
[Anomaly Input] [2026-08-16 20:45:37.228 (UTC)] info/application	[Motor] Distance safe (20.4525874948374); rotating motor to 90 degrees | Severity=75 | SourceName=Motor2 | EventType=application | SourceNode=ns=1;s=MotorSource2
[Anomaly Input] [2026-08-16 20:45:37.232 (UTC)] info/application	[Motor] Distance safe (20.5832856365402); rotating motor to 90 degrees | Severity=75 | SourceName=Motor3 | EventType=application | SourceNode=ns=1;s=MotorSource3
[Anomaly Input] [2026-08-16 20:45:37.240 (UTC)] info/application	[Motor] Distance safe (20.0460892496845); rotating motor to 90 degrees | Severity=75 | SourceName=Motor | EventType=application | SourceNode=ns=1;s=MotorSource
[Anomaly Input] [2026-08-16 20:45:37.733 (UTC)] info/application	[Sensor] Updated distance: 21.079785160059 cm | Severity=75 | SourceName=Sensor2 | EventType=application | SourceNode=ns=1;s=SensorSource2
[Anomaly Input] [2026-08-16 20:45:37.736 (UTC)] info/application	[Sensor] Updated distance: 20.0813106515358 cm | Severity=75 | SourceName=Sensor3 | EventType=application | SourceNode=ns=1;s=SensorSource3
[Anomaly Input] [2026-08-16 20:45:37.736 (UTC)] info/application	[Sensor] Updated distance: 20.3952536559176 cm | Severity=75 | SourceName=Sensor | EventType=application | SourceNode=ns=1;s=SensorSource
[Anomaly Input] [2026-08-16 20:45:38.231 (UTC)] info/application	[Motor] Received distance: 21.079785160059 cm | Severity=75 | SourceName=Motor2 | EventType=application | SourceNode=ns=1;s=MotorSource2
[Anomaly Input] [2026-08-16 20:45:38.232 (UTC)] info/application	[Motor] Received distance: 20.0813106515358 cm | Severity=75 | SourceName=Motor3 | EventType=application | SourceNode=ns=1;s=MotorSource3
[Anomaly Input] [2026-08-16 20:45:38.232 (UTC)] info/application	[Motor] Received distance: 20.3952536559176 cm | Severity=75 | SourceName=Motor | EventType=application | SourceNode=ns=1;s=MotorSource
[Anomaly Input] [2026-08-16 20:45:38.231 (UTC)] info/application	[Motor] Distance safe (21.079785160059); rotating motor to 90 degrees | Severity=75 | SourceName=Motor2 | EventType=application | SourceNode=ns=1;s=MotorSource2
[Anomaly Input] [2026-08-16 20:45:38.232 (UTC)] info/application	[Motor] Distance safe (20.0813106515358); rotating motor to 90 degrees | Severity=75 | SourceName=Motor3 | EventType=application | SourceNode=ns=1;s=MotorSource3
[Anomaly Input] [2026-08-16 20:45:38.232 (UTC)] info/application	[Motor] Distance safe (20.3952536559176); rotating motor to 90 degrees | Severity=75 | SourceName=Motor | EventType=application | SourceNode=ns=1;s=MotorSource
[Anomaly Input] [2026-08-16 20:45:38.733 (UTC)] info/application	[Sensor] Updated distance: 21.7092863874087 cm | Severity=75 | SourceName=Sensor2 | EventType=application | SourceNode=ns=1;s=SensorSource2
[Anomaly Input] [2026-08-16 20:45:38.737 (UTC)] info/application	[Sensor] Updated distance: 21.3257348511022 cm | Severity=75 | SourceName=Sensor | EventType=application | SourceNode=ns=1;s=SensorSource
[Anomaly Input] [2026-08-16 20:45:38.737 (UTC)] info/application	[Sensor] Updated distance: 20.4659077206002 cm | Severity=75 | SourceName=Sensor3 | EventType=application | SourceNode=ns=1;s=SensorSource3
[Anomaly Input] [2026-08-16 20:45:39.228 (UTC)] info/application	[Motor] Received distance: 21.7092863874087 cm | Severity=75 | SourceName=Motor2 | EventType=application | SourceNode=ns=1;s=MotorSource2
[Anomaly Input] [2026-08-16 20:45:39.232 (UTC)] info/application	[Motor] Received distance: 20.4659077206002 cm | Severity=75 | SourceName=Motor3 | EventType=application | SourceNode=ns=1;s=MotorSource3
[Anomaly Input] [2026-08-16 20:45:39.240 (UTC)] info/application	[Motor] Received distance: 21.3257348511022 cm | Severity=75 | SourceName=Motor | EventType=application | SourceNode=ns=1;s=MotorSource
[Anomaly Input] [2026-08-16 20:45:39.228 (UTC)] info/application	[Motor] Distance safe (21.7092863874087); rotating motor to 90 degrees | Severity=75 | SourceName=Motor2 | EventType=application | SourceNode=ns=1;s=MotorSource2
[Anomaly Input] [2026-08-16 20:45:39.232 (UTC)] info/application	[Motor] Distance safe (20.4659077206002); rotating motor to 90 degrees | Severity=75 | SourceName=Motor3 | EventType=application | SourceNode=ns=1;s=MotorSource3
[Anomaly Input] [2026-08-16 20:45:39.240 (UTC)] info/application	[Motor] Distance safe (21.3257348511022); rotating motor to 90 degrees | Severity=75 | SourceName=Motor | EventType=application | SourceNode=ns=1;s=MotorSource
[Anomaly Input] [2026-08-16 20:45:39.733 (UTC)] info/application	[Sensor] Updated distance: 21.2606628629196 cm | Severity=75 | SourceName=Sensor2 | EventType=application | SourceNode=ns=1;s=SensorSource2
[Anomaly Input] [2026-08-16 20:45:39.737 (UTC)] info/application	[Sensor] Updated distance: 21.2517766793034 cm | Severity=75 | SourceName=Sensor | EventType=application | SourceNode=ns=1;s=SensorSource
[Anomaly Input] [2026-08-16 20:45:39.737 (UTC)] info/application	[Sensor] Updated distance: 21.2634233100169 cm | Severity=75 | SourceName=Sensor3 | EventType=application | SourceNode=ns=1;s=SensorSource3
[Anomaly Input] [2026-08-16 20:45:40.232 (UTC)] info/application	[Motor] Received distance: 21.2517766793034 cm | Severity=75 | SourceName=Motor | EventType=application | SourceNode=ns=1;s=MotorSource
[Anomaly Input] [2026-08-16 20:45:40.232 (UTC)] info/application	[Motor] Received distance: 21.2634233100169 cm | Severity=75 | SourceName=Motor3 | EventType=application | SourceNode=ns=1;s=MotorSource3
[Anomaly Input] [2026-08-16 20:45:40.238 (UTC)] info/application	[Motor] Received distance: 21.2606628629196 cm | Severity=75 | SourceName=Motor2 | EventType=application | SourceNode=ns=1;s=MotorSource2
[Anomaly Input] [2026-08-16 20:45:40.232 (UTC)] info/application	[Motor] Distance safe (21.2517766793034); rotating motor to 90 degrees | Severity=75 | SourceName=Motor | EventType=application | SourceNode=ns=1;s=MotorSource
[Anomaly Input] [2026-08-16 20:45:40.232 (UTC)] info/application	[Motor] Distance safe (21.2634233100169); rotating motor to 90 degrees | Severity=75 | SourceName=Motor3 | EventType=application | SourceNode=ns=1;s=MotorSource3
[Anomaly Input] [2026-08-16 20:45:40.238 (UTC)] info/application	[Motor] Distance safe (21.2606628629196); rotating motor to 90 degrees | Severity=75 | SourceName=Motor2 | EventType=application | SourceNode=ns=1;s=MotorSource2
[Anomaly Input] [2026-08-16 20:45:40.732 (UTC)] info/application	[Sensor] Updated distance: 20.4493905852779 cm | Severity=75 | SourceName=Sensor2 | EventType=application | SourceNode=ns=1;s=SensorSource2
[Anomaly Input] [2026-08-16 20:45:40.737 (UTC)] info/application	[Sensor] Updated distance: 22.0999248731415 cm | Severity=75 | SourceName=Sensor3 | EventType=application | SourceNode=ns=1;s=SensorSource3
[Anomaly Input] [2026-08-16 20:45:40.737 (UTC)] info/application	[Sensor] Updated distance: 20.4084715016226 cm | Severity=75 | SourceName=Sensor | EventType=application | SourceNode=ns=1;s=SensorSource
>>> [Anomaly Input] [2026-08-16 20:45:41.127 (UTC)] info/application	[Sensor] Updated distance: 21.1421062959787 cm | Severity=75 | SourceName=Sensor2 | EventType=application | SourceNode=null   # ⚠ [S] Spoofing 欺騙：偽造的 sensor 距離（同一秒出現雙報）
>>> [Anomaly Input] [2026-08-16 20:45:41.131 (UTC)] info/application	[Sensor] Updated distance: 22.7926405838423 cm | Severity=75 | SourceName=Sensor3 | EventType=application | SourceNode=null   # ⚠ [S] Spoofing 欺騙：偽造的 sensor 距離（同一秒出現雙報）
>>> [Anomaly Input] [2026-08-16 20:45:41.131 (UTC)] info/application	[Sensor] Updated distance: 21.1011872123234 cm | Severity=75 | SourceName=Sensor | EventType=application | SourceNode=null   # ⚠ [S] Spoofing 欺騙：偽造的 sensor 距離（同一秒出現雙報）
[Anomaly Input] [2026-08-16 20:45:41.228 (UTC)] info/application	[Motor] Received distance: 20.4493905852779 cm | Severity=75 | SourceName=Motor2 | EventType=application | SourceNode=ns=1;s=MotorSource2
[Anomaly Input] [2026-08-16 20:45:41.240 (UTC)] info/application	[Motor] Received distance: 20.4084715016226 cm | Severity=75 | SourceName=Motor | EventType=application | SourceNode=ns=1;s=MotorSource
[Anomaly Input] [2026-08-16 20:45:41.241 (UTC)] info/application	[Motor] Received distance: 22.0999248731415 cm | Severity=75 | SourceName=Motor3 | EventType=application | SourceNode=ns=1;s=MotorSource3
[Anomaly Input] [2026-08-16 20:45:41.228 (UTC)] info/application	[Motor] Distance safe (20.4493905852779); rotating motor to 90 degrees | Severity=75 | SourceName=Motor2 | EventType=application | SourceNode=ns=1;s=MotorSource2
[Anomaly Input] [2026-08-16 20:45:41.240 (UTC)] info/application	[Motor] Distance safe (20.4084715016226); rotating motor to 90 degrees | Severity=75 | SourceName=Motor | EventType=application | SourceNode=ns=1;s=MotorSource
[Anomaly Input] [2026-08-16 20:45:41.241 (UTC)] info/application	[Motor] Distance safe (22.0999248731415); rotating motor to 90 degrees | Severity=75 | SourceName=Motor3 | EventType=application | SourceNode=ns=1;s=MotorSource3
[Anomaly Input] [2026-08-16 20:45:41.733 (UTC)] info/application	[Sensor] Updated distance: 19.7207672089435 cm | Severity=75 | SourceName=Sensor2 | EventType=application | SourceNode=ns=1;s=SensorSource2
[Anomaly Input] [2026-08-16 20:45:41.737 (UTC)] info/application	[Sensor] Updated distance: 23.5172244007779 cm | Severity=75 | SourceName=Sensor3 | EventType=application | SourceNode=ns=1;s=SensorSource3
[Anomaly Input] [2026-08-16 20:45:41.737 (UTC)] info/application	[Sensor] Updated distance: 20.6004359205721 cm | Severity=75 | SourceName=Sensor | EventType=application | SourceNode=ns=1;s=SensorSource
[Anomaly Input] [2026-08-16 20:45:42.230 (UTC)] info/application	[Motor] Received distance: 19.7207672089435 cm | Severity=75 | SourceName=Motor2 | EventType=application | SourceNode=ns=1;s=MotorSource2
[Anomaly Input] [2026-08-16 20:45:42.232 (UTC)] info/application	[Motor] Received distance: 23.5172244007779 cm | Severity=75 | SourceName=Motor3 | EventType=application | SourceNode=ns=1;s=MotorSource3
[Anomaly Input] [2026-08-16 20:45:42.232 (UTC)] info/application	[Motor] Received distance: 20.6004359205721 cm | Severity=75 | SourceName=Motor | EventType=application | SourceNode=ns=1;s=MotorSource
[Anomaly Input] [2026-08-16 20:45:42.230 (UTC)] warn/application	[Motor] Distance too close (19.7207672089435); rotating motor to 0 degrees | Severity=175 | SourceName=Motor2 | EventType=application | SourceNode=ns=1;s=MotorSource2
[Anomaly Input] [2026-08-16 20:45:42.232 (UTC)] info/application	[Motor] Distance safe (23.5172244007779); rotating motor to 90 degrees | Severity=75 | SourceName=Motor3 | EventType=application | SourceNode=ns=1;s=MotorSource3
[Anomaly Input] [2026-08-16 20:45:42.232 (UTC)] info/application	[Motor] Distance safe (20.6004359205721); rotating motor to 90 degrees | Severity=75 | SourceName=Motor | EventType=application | SourceNode=ns=1;s=MotorSource
[Anomaly Input] [2026-08-16 20:45:42.733 (UTC)] info/application	[Sensor] Updated distance: 19.8419867976764 cm | Severity=75 | SourceName=Sensor2 | EventType=application | SourceNode=ns=1;s=SensorSource2
[Anomaly Input] [2026-08-16 20:45:42.736 (UTC)] info/application	[Sensor] Updated distance: 22.5603472583742 cm | Severity=75 | SourceName=Sensor3 | EventType=application | SourceNode=ns=1;s=SensorSource3
[Anomaly Input] [2026-08-16 20:45:42.737 (UTC)] info/application	[Sensor] Updated distance: 20.438615117892 cm | Severity=75 | SourceName=Sensor | EventType=application | SourceNode=ns=1;s=SensorSource
[Anomaly Input] [2026-08-16 20:45:43.231 (UTC)] info/application	[Motor] Received distance: 19.8419867976764 cm | Severity=75 | SourceName=Motor2 | EventType=application | SourceNode=ns=1;s=MotorSource2
[Anomaly Input] [2026-08-16 20:45:43.232 (UTC)] info/application	[Motor] Received distance: 22.5603472583742 cm | Severity=75 | SourceName=Motor3 | EventType=application | SourceNode=ns=1;s=MotorSource3
[Anomaly Input] [2026-08-16 20:45:43.240 (UTC)] info/application	[Motor] Received distance: 20.438615117892 cm | Severity=75 | SourceName=Motor | EventType=application | SourceNode=ns=1;s=MotorSource
[Anomaly Input] [2026-08-16 20:45:43.231 (UTC)] warn/application	[Motor] Distance too close (19.8419867976764); rotating motor to 0 degrees | Severity=175 | SourceName=Motor2 | EventType=application | SourceNode=ns=1;s=MotorSource2
[Anomaly Input] [2026-08-16 20:45:43.232 (UTC)] info/application	[Motor] Distance safe (22.5603472583742); rotating motor to 90 degrees | Severity=75 | SourceName=Motor3 | EventType=application | SourceNode=ns=1;s=MotorSource3
[Anomaly Input] [2026-08-16 20:45:43.240 (UTC)] info/application	[Motor] Distance safe (20.438615117892); rotating motor to 90 degrees | Severity=75 | SourceName=Motor | EventType=application | SourceNode=ns=1;s=MotorSource
[Anomaly Input] [2026-08-16 20:45:43.734 (UTC)] info/application	[Sensor] Updated distance: 18.3513845903107 cm | Severity=75 | SourceName=Sensor2 | EventType=application | SourceNode=ns=1;s=SensorSource2
[Anomaly Input] [2026-08-16 20:45:43.736 (UTC)] info/application	[Sensor] Updated distance: 21.3314623878484 cm | Severity=75 | SourceName=Sensor3 | EventType=application | SourceNode=ns=1;s=SensorSource3
[Anomaly Input] [2026-08-16 20:45:43.736 (UTC)] info/application	[Sensor] Updated distance: 20.3298293309425 cm | Severity=75 | SourceName=Sensor | EventType=application | SourceNode=ns=1;s=SensorSource
[Anomaly Input] [2026-08-16 20:45:44.231 (UTC)] info/application	[Motor] Received distance: 20.3298293309425 cm | Severity=75 | SourceName=Motor | EventType=application | SourceNode=ns=1;s=MotorSource
[Anomaly Input] [2026-08-16 20:45:44.231 (UTC)] info/application	[Motor] Received distance: 18.3513845903107 cm | Severity=75 | SourceName=Motor2 | EventType=application | SourceNode=ns=1;s=MotorSource2
[Anomaly Input] [2026-08-16 20:45:44.232 (UTC)] info/application	[Motor] Received distance: 21.3314623878484 cm | Severity=75 | SourceName=Motor3 | EventType=application | SourceNode=ns=1;s=MotorSource3
[Anomaly Input] [2026-08-16 20:45:44.231 (UTC)] info/application	[Motor] Distance safe (20.3298293309425); rotating motor to 90 degrees | Severity=75 | SourceName=Motor | EventType=application | SourceNode=ns=1;s=MotorSource
[Anomaly Input] [2026-08-16 20:45:44.231 (UTC)] warn/application	[Motor] Distance too close (18.3513845903107); rotating motor to 0 degrees | Severity=175 | SourceName=Motor2 | EventType=application | SourceNode=ns=1;s=MotorSource2
[Anomaly Input] [2026-08-16 20:45:44.232 (UTC)] info/application	[Motor] Distance safe (21.3314623878484); rotating motor to 90 degrees | Severity=75 | SourceName=Motor3 | EventType=application | SourceNode=ns=1;s=MotorSource3
[Anomaly Input] [2026-08-16 20:45:44.734 (UTC)] info/application	[Sensor] Updated distance: 19.5210793397953 cm | Severity=75 | SourceName=Sensor2 | EventType=application | SourceNode=ns=1;s=SensorSource2
[Anomaly Input] [2026-08-16 20:45:44.736 (UTC)] info/application	[Sensor] Updated distance: 21.6112527235463 cm | Severity=75 | SourceName=Sensor3 | EventType=application | SourceNode=ns=1;s=SensorSource3
[Anomaly Input] [2026-08-16 20:45:44.736 (UTC)] info/application	[Sensor] Updated distance: 20.9693060330904 cm | Severity=75 | SourceName=Sensor | EventType=application | SourceNode=ns=1;s=SensorSource
[Anomaly Input] [2026-08-16 20:45:45.230 (UTC)] info/application	[Motor] Received distance: 21.6112527235463 cm | Severity=75 | SourceName=Motor3 | EventType=application | SourceNode=ns=1;s=MotorSource3
[Anomaly Input] [2026-08-16 20:45:45.232 (UTC)] info/application	[Motor] Received distance: 20.9693060330904 cm | Severity=75 | SourceName=Motor | EventType=application | SourceNode=ns=1;s=MotorSource
[Anomaly Input] [2026-08-16 20:45:45.232 (UTC)] info/application	[Motor] Received distance: 19.5210793397953 cm | Severity=75 | SourceName=Motor2 | EventType=application | SourceNode=ns=1;s=MotorSource2
[Anomaly Input] [2026-08-16 20:45:45.230 (UTC)] info/application	[Motor] Distance safe (21.6112527235463); rotating motor to 90 degrees | Severity=75 | SourceName=Motor3 | EventType=application | SourceNode=ns=1;s=MotorSource3
[Anomaly Input] [2026-08-16 20:45:45.232 (UTC)] info/application	[Motor] Distance safe (20.9693060330904); rotating motor to 90 degrees | Severity=75 | SourceName=Motor | EventType=application | SourceNode=ns=1;s=MotorSource
[Anomaly Input] [2026-08-16 20:45:45.232 (UTC)] warn/application	[Motor] Distance too close (19.5210793397953); rotating motor to 0 degrees | Severity=175 | SourceName=Motor2 | EventType=application | SourceNode=ns=1;s=MotorSource2
[Anomaly Input] [2026-08-16 20:45:45.734 (UTC)] info/application	[Sensor] Updated distance: 20.483048491172 cm | Severity=75 | SourceName=Sensor2 | EventType=application | SourceNode=ns=1;s=SensorSource2
[Anomaly Input] [2026-08-16 20:45:45.735 (UTC)] info/application	[Sensor] Updated distance: 21.9521109417323 cm | Severity=75 | SourceName=Sensor3 | EventType=application | SourceNode=ns=1;s=SensorSource3
[Anomaly Input] [2026-08-16 20:45:45.736 (UTC)] info/application	[Sensor] Updated distance: 21.21142635807 cm | Severity=75 | SourceName=Sensor | EventType=application | SourceNode=ns=1;s=SensorSource
[Anomaly Input] [2026-08-16 20:45:46.229 (UTC)] info/application	[Motor] Received distance: 20.483048491172 cm | Severity=75 | SourceName=Motor2 | EventType=application | SourceNode=ns=1;s=MotorSource2
[Anomaly Input] [2026-08-16 20:45:46.231 (UTC)] info/application	[Motor] Received distance: 21.9521109417323 cm | Severity=75 | SourceName=Motor3 | EventType=application | SourceNode=ns=1;s=MotorSource3
[Anomaly Input] [2026-08-16 20:45:46.240 (UTC)] info/application	[Motor] Received distance: 21.21142635807 cm | Severity=75 | SourceName=Motor | EventType=application | SourceNode=ns=1;s=MotorSource
[Anomaly Input] [2026-08-16 20:45:46.229 (UTC)] info/application	[Motor] Distance safe (20.483048491172); rotating motor to 90 degrees | Severity=75 | SourceName=Motor2 | EventType=application | SourceNode=ns=1;s=MotorSource2
[Anomaly Input] [2026-08-16 20:45:46.231 (UTC)] info/application	[Motor] Distance safe (21.9521109417323); rotating motor to 90 degrees | Severity=75 | SourceName=Motor3 | EventType=application | SourceNode=ns=1;s=MotorSource3
[Anomaly Input] [2026-08-16 20:45:46.240 (UTC)] info/application	[Motor] Distance safe (21.21142635807); rotating motor to 90 degrees | Severity=75 | SourceName=Motor | EventType=application | SourceNode=ns=1;s=MotorSource
[Anomaly Input] [2026-08-16 20:45:46.734 (UTC)] info/application	[Sensor] Updated distance: 21.5032102793936 cm | Severity=75 | SourceName=Sensor3 | EventType=application | SourceNode=ns=1;s=SensorSource3
[Anomaly Input] [2026-08-16 20:45:46.734 (UTC)] info/application	[Sensor] Updated distance: 21.178463487969 cm | Severity=75 | SourceName=Sensor2 | EventType=application | SourceNode=ns=1;s=SensorSource2
[Anomaly Input] [2026-08-16 20:45:46.736 (UTC)] info/application	[Sensor] Updated distance: 20.2281421414707 cm | Severity=75 | SourceName=Sensor | EventType=application | SourceNode=ns=1;s=SensorSource
[Anomaly Input] [2026-08-16 20:45:47.231 (UTC)] info/application	[Motor] Received distance: 21.178463487969 cm | Severity=75 | SourceName=Motor2 | EventType=application | SourceNode=ns=1;s=MotorSource2
[Anomaly Input] [2026-08-16 20:45:47.231 (UTC)] info/application	[Motor] Received distance: 20.2281421414707 cm | Severity=75 | SourceName=Motor | EventType=application | SourceNode=ns=1;s=MotorSource
[Anomaly Input] [2026-08-16 20:45:47.231 (UTC)] info/application	[Motor] Received distance: 21.5032102793936 cm | Severity=75 | SourceName=Motor3 | EventType=application | SourceNode=ns=1;s=MotorSource3
[Anomaly Input] [2026-08-16 20:45:47.231 (UTC)] info/application	[Motor] Distance safe (21.178463487969); rotating motor to 90 degrees | Severity=75 | SourceName=Motor2 | EventType=application | SourceNode=ns=1;s=MotorSource2
[Anomaly Input] [2026-08-16 20:45:47.231 (UTC)] info/application	[Motor] Distance safe (20.2281421414707); rotating motor to 90 degrees | Severity=75 | SourceName=Motor | EventType=application | SourceNode=ns=1;s=MotorSource
[Anomaly Input] [2026-08-16 20:45:47.231 (UTC)] info/application	[Motor] Distance safe (21.5032102793936); rotating motor to 90 degrees | Severity=75 | SourceName=Motor3 | EventType=application | SourceNode=ns=1;s=MotorSource3
[Anomaly Input] [2026-08-16 20:45:47.735 (UTC)] info/application	[Sensor] Updated distance: 22.3956566107905 cm | Severity=75 | SourceName=Sensor3 | EventType=application | SourceNode=ns=1;s=SensorSource3
[Anomaly Input] [2026-08-16 20:45:47.735 (UTC)] info/application	[Sensor] Updated distance: 21.2926776007715 cm | Severity=75 | SourceName=Sensor2 | EventType=application | SourceNode=ns=1;s=SensorSource2
[Anomaly Input] [2026-08-16 20:45:47.736 (UTC)] info/application	[Sensor] Updated distance: 21.1611785835871 cm | Severity=75 | SourceName=Sensor | EventType=application | SourceNode=ns=1;s=SensorSource
[Anomaly Input] [2026-08-16 20:45:48.231 (UTC)] info/application	[Motor] Received distance: 22.3956566107905 cm | Severity=75 | SourceName=Motor3 | EventType=application | SourceNode=ns=1;s=MotorSource3
[Anomaly Input] [2026-08-16 20:45:48.231 (UTC)] info/application	[Motor] Received distance: 21.1611785835871 cm | Severity=75 | SourceName=Motor | EventType=application | SourceNode=ns=1;s=MotorSource
[Anomaly Input] [2026-08-16 20:45:48.231 (UTC)] info/application	[Motor] Received distance: 21.2926776007715 cm | Severity=75 | SourceName=Motor2 | EventType=application | SourceNode=ns=1;s=MotorSource2
[Anomaly Input] [2026-08-16 20:45:48.231 (UTC)] info/application	[Motor] Distance safe (22.3956566107905); rotating motor to 90 degrees | Severity=75 | SourceName=Motor3 | EventType=application | SourceNode=ns=1;s=MotorSource3
[Anomaly Input] [2026-08-16 20:45:48.231 (UTC)] info/application	[Motor] Distance safe (21.1611785835871); rotating motor to 90 degrees | Severity=75 | SourceName=Motor | EventType=application | SourceNode=ns=1;s=MotorSource
[Anomaly Input] [2026-08-16 20:45:48.231 (UTC)] info/application	[Motor] Distance safe (21.2926776007715); rotating motor to 90 degrees | Severity=75 | SourceName=Motor2 | EventType=application | SourceNode=ns=1;s=MotorSource2
[Anomaly Input] [2026-08-16 20:45:48.735 (UTC)] info/application	[Sensor] Updated distance: 22.3312713784777 cm | Severity=75 | SourceName=Sensor2 | EventType=application | SourceNode=ns=1;s=SensorSource2
[Anomaly Input] [2026-08-16 20:45:48.735 (UTC)] info/application	[Sensor] Updated distance: 23.3027784518445 cm | Severity=75 | SourceName=Sensor3 | EventType=application | SourceNode=ns=1;s=SensorSource3
[Anomaly Input] [2026-08-16 20:45:48.736 (UTC)] info/application	[Sensor] Updated distance: 21.0128201441899 cm | Severity=75 | SourceName=Sensor | EventType=application | SourceNode=ns=1;s=SensorSource
[Anomaly Input] [2026-08-16 20:45:49.232 (UTC)] info/application	[Motor] Received distance: 23.3027784518445 cm | Severity=75 | SourceName=Motor3 | EventType=application | SourceNode=ns=1;s=MotorSource3
[Anomaly Input] [2026-08-16 20:45:49.240 (UTC)] info/application	[Motor] Received distance: 22.3312713784777 cm | Severity=75 | SourceName=Motor2 | EventType=application | SourceNode=ns=1;s=MotorSource2
[Anomaly Input] [2026-08-16 20:45:49.240 (UTC)] info/application	[Motor] Received distance: 21.0128201441899 cm | Severity=75 | SourceName=Motor | EventType=application | SourceNode=ns=1;s=MotorSource
[Anomaly Input] [2026-08-16 20:45:49.232 (UTC)] info/application	[Motor] Distance safe (23.3027784518445); rotating motor to 90 degrees | Severity=75 | SourceName=Motor3 | EventType=application | SourceNode=ns=1;s=MotorSource3
[Anomaly Input] [2026-08-16 20:45:49.240 (UTC)] info/application	[Motor] Distance safe (22.3312713784777); rotating motor to 90 degrees | Severity=75 | SourceName=Motor2 | EventType=application | SourceNode=ns=1;s=MotorSource2
[Anomaly Input] [2026-08-16 20:45:49.240 (UTC)] info/application	[Motor] Distance safe (21.0128201441899); rotating motor to 90 degrees | Severity=75 | SourceName=Motor | EventType=application | SourceNode=ns=1;s=MotorSource
[Anomaly Input] [2026-08-16 20:45:49.735 (UTC)] info/application	[Sensor] Updated distance: 21.5446321089028 cm | Severity=75 | SourceName=Sensor2 | EventType=application | SourceNode=ns=1;s=SensorSource2
[Anomaly Input] [2026-08-16 20:45:49.736 (UTC)] info/application	[Sensor] Updated distance: 22.8051173558017 cm | Severity=75 | SourceName=Sensor3 | EventType=application | SourceNode=ns=1;s=SensorSource3
[Anomaly Input] [2026-08-16 20:45:49.736 (UTC)] info/application	[Sensor] Updated distance: 20.1542076359755 cm | Severity=75 | SourceName=Sensor | EventType=application | SourceNode=ns=1;s=SensorSource
[Anomaly Input] [2026-08-16 20:45:50.230 (UTC)] info/application	[Motor] Received distance: 21.5446321089028 cm | Severity=75 | SourceName=Motor2 | EventType=application | SourceNode=ns=1;s=MotorSource2
[Anomaly Input] [2026-08-16 20:45:50.231 (UTC)] info/application	[Motor] Received distance: 20.1542076359755 cm | Severity=75 | SourceName=Motor | EventType=application | SourceNode=ns=1;s=MotorSource
[Anomaly Input] [2026-08-16 20:45:50.232 (UTC)] info/application	[Motor] Received distance: 22.8051173558017 cm | Severity=75 | SourceName=Motor3 | EventType=application | SourceNode=ns=1;s=MotorSource3
[Anomaly Input] [2026-08-16 20:45:50.230 (UTC)] info/application	[Motor] Distance safe (21.5446321089028); rotating motor to 90 degrees | Severity=75 | SourceName=Motor2 | EventType=application | SourceNode=ns=1;s=MotorSource2
[Anomaly Input] [2026-08-16 20:45:50.231 (UTC)] info/application	[Motor] Distance safe (20.1542076359755); rotating motor to 90 degrees | Severity=75 | SourceName=Motor | EventType=application | SourceNode=ns=1;s=MotorSource
[Anomaly Input] [2026-08-16 20:45:50.232 (UTC)] info/application	[Motor] Distance safe (22.8051173558017); rotating motor to 90 degrees | Severity=75 | SourceName=Motor3 | EventType=application | SourceNode=ns=1;s=MotorSource3
[Anomaly Input] [2026-08-16 20:45:50.735 (UTC)] info/application	[Sensor] Updated distance: 22.1654163706887 cm | Severity=75 | SourceName=Sensor2 | EventType=application | SourceNode=ns=1;s=SensorSource2
[Anomaly Input] [2026-08-16 20:45:50.736 (UTC)] info/application	[Sensor] Updated distance: 20.6869111809353 cm | Severity=75 | SourceName=Sensor | EventType=application | SourceNode=ns=1;s=SensorSource
[Anomaly Input] [2026-08-16 20:45:50.736 (UTC)] info/application	[Sensor] Updated distance: 23.6331212239494 cm | Severity=75 | SourceName=Sensor3 | EventType=application | SourceNode=ns=1;s=SensorSource3
[Anomaly Input] [2026-08-16 20:45:51.231 (UTC)] info/application	[Motor] Received distance: 22.1654163706887 cm | Severity=75 | SourceName=Motor2 | EventType=application | SourceNode=ns=1;s=MotorSource2
[Anomaly Input] [2026-08-16 20:45:51.232 (UTC)] info/application	[Motor] Received distance: 23.6331212239494 cm | Severity=75 | SourceName=Motor3 | EventType=application | SourceNode=ns=1;s=MotorSource3
[Anomaly Input] [2026-08-16 20:45:51.232 (UTC)] info/application	[Motor] Received distance: 20.6869111809353 cm | Severity=75 | SourceName=Motor | EventType=application | SourceNode=ns=1;s=MotorSource
[Anomaly Input] [2026-08-16 20:45:51.231 (UTC)] info/application	[Motor] Distance safe (22.1654163706887); rotating motor to 90 degrees | Severity=75 | SourceName=Motor2 | EventType=application | SourceNode=ns=1;s=MotorSource2
[Anomaly Input] [2026-08-16 20:45:51.232 (UTC)] info/application	[Motor] Distance safe (23.6331212239494); rotating motor to 90 degrees | Severity=75 | SourceName=Motor3 | EventType=application | SourceNode=ns=1;s=MotorSource3
[Anomaly Input] [2026-08-16 20:45:51.232 (UTC)] info/application	[Motor] Distance safe (20.6869111809353); rotating motor to 90 degrees | Severity=75 | SourceName=Motor | EventType=application | SourceNode=ns=1;s=MotorSource
[Anomaly Input] [2026-08-16 20:45:51.735 (UTC)] info/application	[Sensor] Updated distance: 23.1368934529074 cm | Severity=75 | SourceName=Sensor2 | EventType=application | SourceNode=ns=1;s=SensorSource2
[Anomaly Input] [2026-08-16 20:45:51.736 (UTC)] info/application	[Sensor] Updated distance: 22.7875775598397 cm | Severity=75 | SourceName=Sensor3 | EventType=application | SourceNode=ns=1;s=SensorSource3
[Anomaly Input] [2026-08-16 20:45:51.736 (UTC)] info/application	[Sensor] Updated distance: 20.6821825323543 cm | Severity=75 | SourceName=Sensor | EventType=application | SourceNode=ns=1;s=SensorSource
[Anomaly Input] [2026-08-16 20:45:52.231 (UTC)] info/application	[Motor] Received distance: 23.1368934529074 cm | Severity=75 | SourceName=Motor2 | EventType=application | SourceNode=ns=1;s=MotorSource2
[Anomaly Input] [2026-08-16 20:45:52.232 (UTC)] info/application	[Motor] Received distance: 22.7875775598397 cm | Severity=75 | SourceName=Motor3 | EventType=application | SourceNode=ns=1;s=MotorSource3
[Anomaly Input] [2026-08-16 20:45:52.240 (UTC)] info/application	[Motor] Received distance: 20.6821825323543 cm | Severity=75 | SourceName=Motor | EventType=application | SourceNode=ns=1;s=MotorSource
[Anomaly Input] [2026-08-16 20:45:52.231 (UTC)] info/application	[Motor] Distance safe (23.1368934529074); rotating motor to 90 degrees | Severity=75 | SourceName=Motor2 | EventType=application | SourceNode=ns=1;s=MotorSource2
[Anomaly Input] [2026-08-16 20:45:52.232 (UTC)] info/application	[Motor] Distance safe (22.7875775598397); rotating motor to 90 degrees | Severity=75 | SourceName=Motor3 | EventType=application | SourceNode=ns=1;s=MotorSource3
[Anomaly Input] [2026-08-16 20:45:52.240 (UTC)] info/application	[Motor] Distance safe (20.6821825323543); rotating motor to 90 degrees | Severity=75 | SourceName=Motor | EventType=application | SourceNode=ns=1;s=MotorSource
[Anomaly Input] [2026-08-16 20:45:52.735 (UTC)] info/application	[Sensor] Updated distance: 22.3826918007725 cm | Severity=75 | SourceName=Sensor2 | EventType=application | SourceNode=ns=1;s=SensorSource2
[Anomaly Input] [2026-08-16 20:45:52.736 (UTC)] info/application	[Sensor] Updated distance: 19.5587255277479 cm | Severity=75 | SourceName=Sensor | EventType=application | SourceNode=ns=1;s=SensorSource
[Anomaly Input] [2026-08-16 20:45:52.736 (UTC)] info/application	[Sensor] Updated distance: 24.1672371426445 cm | Severity=75 | SourceName=Sensor3 | EventType=application | SourceNode=ns=1;s=SensorSource3
[Anomaly Input] [2026-08-16 20:45:53.232 (UTC)] info/application	[Motor] Received distance: 22.3826918007725 cm | Severity=75 | SourceName=Motor2 | EventType=application | SourceNode=ns=1;s=MotorSource2
[Anomaly Input] [2026-08-16 20:45:53.232 (UTC)] info/application	[Motor] Received distance: 19.5587255277479 cm | Severity=75 | SourceName=Motor | EventType=application | SourceNode=ns=1;s=MotorSource
[Anomaly Input] [2026-08-16 20:45:53.233 (UTC)] info/application	[Motor] Received distance: 24.1672371426445 cm | Severity=75 | SourceName=Motor3 | EventType=application | SourceNode=ns=1;s=MotorSource3
[Anomaly Input] [2026-08-16 20:45:53.232 (UTC)] info/application	[Motor] Distance safe (22.3826918007725); rotating motor to 90 degrees | Severity=75 | SourceName=Motor2 | EventType=application | SourceNode=ns=1;s=MotorSource2
[Anomaly Input] [2026-08-16 20:45:53.232 (UTC)] warn/application	[Motor] Distance too close (19.5587255277479); rotating motor to 0 degrees | Severity=175 | SourceName=Motor | EventType=application | SourceNode=ns=1;s=MotorSource
[Anomaly Input] [2026-08-16 20:45:53.233 (UTC)] info/application	[Motor] Distance safe (24.1672371426445); rotating motor to 90 degrees | Severity=75 | SourceName=Motor3 | EventType=application | SourceNode=ns=1;s=MotorSource3
[Anomaly Input] [2026-08-16 20:45:53.735 (UTC)] info/application	[Sensor] Updated distance: 23.0391240704521 cm | Severity=75 | SourceName=Sensor2 | EventType=application | SourceNode=ns=1;s=SensorSource2
[Anomaly Input] [2026-08-16 20:45:53.737 (UTC)] info/application	[Sensor] Updated distance: 20.3230918915118 cm | Severity=75 | SourceName=Sensor | EventType=application | SourceNode=ns=1;s=SensorSource
[Anomaly Input] [2026-08-16 20:45:53.737 (UTC)] info/application	[Sensor] Updated distance: 24.8632235952482 cm | Severity=75 | SourceName=Sensor3 | EventType=application | SourceNode=ns=1;s=SensorSource3
[Anomaly Input] [2026-08-16 20:45:54.230 (UTC)] info/application	[Motor] Received distance: 23.0391240704521 cm | Severity=75 | SourceName=Motor2 | EventType=application | SourceNode=ns=1;s=MotorSource2
[Anomaly Input] [2026-08-16 20:45:54.240 (UTC)] info/application	[Motor] Received distance: 20.3230918915118 cm | Severity=75 | SourceName=Motor | EventType=application | SourceNode=ns=1;s=MotorSource
[Anomaly Input] [2026-08-16 20:45:54.241 (UTC)] info/application	[Motor] Received distance: 24.8632235952482 cm | Severity=75 | SourceName=Motor3 | EventType=application | SourceNode=ns=1;s=MotorSource3
[Anomaly Input] [2026-08-16 20:45:54.230 (UTC)] info/application	[Motor] Distance safe (23.0391240704521); rotating motor to 90 degrees | Severity=75 | SourceName=Motor2 | EventType=application | SourceNode=ns=1;s=MotorSource2
[Anomaly Input] [2026-08-16 20:45:54.240 (UTC)] info/application	[Motor] Distance safe (20.3230918915118); rotating motor to 90 degrees | Severity=75 | SourceName=Motor | EventType=application | SourceNode=ns=1;s=MotorSource
[Anomaly Input] [2026-08-16 20:45:54.241 (UTC)] info/application	[Motor] Distance safe (24.8632235952482); rotating motor to 90 degrees | Severity=75 | SourceName=Motor3 | EventType=application | SourceNode=ns=1;s=MotorSource3
[Anomaly Input] [2026-08-16 20:45:54.734 (UTC)] info/application	[Sensor] Updated distance: 24.089474323713 cm | Severity=75 | SourceName=Sensor2 | EventType=application | SourceNode=ns=1;s=SensorSource2
[Anomaly Input] [2026-08-16 20:45:54.736 (UTC)] info/application	[Sensor] Updated distance: 21.0397685887477 cm | Severity=75 | SourceName=Sensor | EventType=application | SourceNode=ns=1;s=SensorSource
[Anomaly Input] [2026-08-16 20:45:54.737 (UTC)] info/application	[Sensor] Updated distance: 23.4822770899545 cm | Severity=75 | SourceName=Sensor3 | EventType=application | SourceNode=ns=1;s=SensorSource3
[Anomaly Input] [2026-08-16 20:45:55.231 (UTC)] info/application	[Motor] Received distance: 21.0397685887477 cm | Severity=75 | SourceName=Motor | EventType=application | SourceNode=ns=1;s=MotorSource
[Anomaly Input] [2026-08-16 20:45:55.231 (UTC)] info/application	[Motor] Received distance: 24.089474323713 cm | Severity=75 | SourceName=Motor2 | EventType=application | SourceNode=ns=1;s=MotorSource2
[Anomaly Input] [2026-08-16 20:45:55.232 (UTC)] info/application	[Motor] Received distance: 23.4822770899545 cm | Severity=75 | SourceName=Motor3 | EventType=application | SourceNode=ns=1;s=MotorSource3
[Anomaly Input] [2026-08-16 20:45:55.231 (UTC)] info/application	[Motor] Distance safe (21.0397685887477); rotating motor to 90 degrees | Severity=75 | SourceName=Motor | EventType=application | SourceNode=ns=1;s=MotorSource
[Anomaly Input] [2026-08-16 20:45:55.231 (UTC)] info/application	[Motor] Distance safe (24.089474323713); rotating motor to 90 degrees | Severity=75 | SourceName=Motor2 | EventType=application | SourceNode=ns=1;s=MotorSource2
[Anomaly Input] [2026-08-16 20:45:55.232 (UTC)] info/application	[Motor] Distance safe (23.4822770899545); rotating motor to 90 degrees | Severity=75 | SourceName=Motor3 | EventType=application | SourceNode=ns=1;s=MotorSource3
[Anomaly Input] [2026-08-16 20:45:55.735 (UTC)] info/application	[Sensor] Updated distance: 19.7266435391394 cm | Severity=75 | SourceName=Sensor | EventType=application | SourceNode=ns=1;s=SensorSource
[Anomaly Input] [2026-08-16 20:45:55.735 (UTC)] info/application	[Sensor] Updated distance: 23.3360758744348 cm | Severity=75 | SourceName=Sensor2 | EventType=application | SourceNode=ns=1;s=SensorSource2
[Anomaly Input] [2026-08-16 20:45:55.737 (UTC)] info/application	[Sensor] Updated distance: 22.1095139736354 cm | Severity=75 | SourceName=Sensor3 | EventType=application | SourceNode=ns=1;s=SensorSource3
[Anomaly Input] [2026-08-16 20:45:56.231 (UTC)] info/application	[Motor] Received distance: 19.7266435391394 cm | Severity=75 | SourceName=Motor | EventType=application | SourceNode=ns=1;s=MotorSource
[Anomaly Input] [2026-08-16 20:45:56.231 (UTC)] info/application	[Motor] Received distance: 23.3360758744348 cm | Severity=75 | SourceName=Motor2 | EventType=application | SourceNode=ns=1;s=MotorSource2
[Anomaly Input] [2026-08-16 20:45:56.232 (UTC)] info/application	[Motor] Received distance: 22.1095139736354 cm | Severity=75 | SourceName=Motor3 | EventType=application | SourceNode=ns=1;s=MotorSource3
[Anomaly Input] [2026-08-16 20:45:56.231 (UTC)] warn/application	[Motor] Distance too close (19.7266435391394); rotating motor to 0 degrees | Severity=175 | SourceName=Motor | EventType=application | SourceNode=ns=1;s=MotorSource
[Anomaly Input] [2026-08-16 20:45:56.231 (UTC)] info/application	[Motor] Distance safe (23.3360758744348); rotating motor to 90 degrees | Severity=75 | SourceName=Motor2 | EventType=application | SourceNode=ns=1;s=MotorSource2
[Anomaly Input] [2026-08-16 20:45:56.232 (UTC)] info/application	[Motor] Distance safe (22.1095139736354); rotating motor to 90 degrees | Severity=75 | SourceName=Motor3 | EventType=application | SourceNode=ns=1;s=MotorSource3
[Anomaly Input] [2026-08-16 20:45:56.735 (UTC)] info/application	[Sensor] Updated distance: 23.3027625807108 cm | Severity=75 | SourceName=Sensor2 | EventType=application | SourceNode=ns=1;s=SensorSource2
[Anomaly Input] [2026-08-16 20:45:56.735 (UTC)] info/application	[Sensor] Updated distance: 20.9800410801452 cm | Severity=75 | SourceName=Sensor | EventType=application | SourceNode=ns=1;s=SensorSource
[Anomaly Input] [2026-08-16 20:45:56.737 (UTC)] info/application	[Sensor] Updated distance: 20.9732579314025 cm | Severity=75 | SourceName=Sensor3 | EventType=application | SourceNode=ns=1;s=SensorSource3
[Anomaly Input] [2026-08-16 20:45:57.232 (UTC)] info/application	[Motor] Received distance: 23.3027625807108 cm | Severity=75 | SourceName=Motor2 | EventType=application | SourceNode=ns=1;s=MotorSource2
[Anomaly Input] [2026-08-16 20:45:57.239 (UTC)] info/application	[Motor] Received distance: 20.9800410801452 cm | Severity=75 | SourceName=Motor | EventType=application | SourceNode=ns=1;s=MotorSource
[Anomaly Input] [2026-08-16 20:45:57.241 (UTC)] info/application	[Motor] Received distance: 20.9732579314025 cm | Severity=75 | SourceName=Motor3 | EventType=application | SourceNode=ns=1;s=MotorSource3
[Anomaly Input] [2026-08-16 20:45:57.232 (UTC)] info/application	[Motor] Distance safe (23.3027625807108); rotating motor to 90 degrees | Severity=75 | SourceName=Motor2 | EventType=application | SourceNode=ns=1;s=MotorSource2
[Anomaly Input] [2026-08-16 20:45:57.239 (UTC)] info/application	[Motor] Distance safe (20.9800410801452); rotating motor to 90 degrees | Severity=75 | SourceName=Motor | EventType=application | SourceNode=ns=1;s=MotorSource
[Anomaly Input] [2026-08-16 20:45:57.241 (UTC)] info/application	[Motor] Distance safe (20.9732579314025); rotating motor to 90 degrees | Severity=75 | SourceName=Motor3 | EventType=application | SourceNode=ns=1;s=MotorSource3
[Anomaly Input] [2026-08-16 20:45:57.735 (UTC)] info/application	[Sensor] Updated distance: 22.5537351165217 cm | Severity=75 | SourceName=Sensor2 | EventType=application | SourceNode=ns=1;s=SensorSource2
[Anomaly Input] [2026-08-16 20:45:57.736 (UTC)] info/application	[Sensor] Updated distance: 20.7503085416976 cm | Severity=75 | SourceName=Sensor | EventType=application | SourceNode=ns=1;s=SensorSource
[Anomaly Input] [2026-08-16 20:45:57.737 (UTC)] info/application	[Sensor] Updated distance: 21.4718063440974 cm | Severity=75 | SourceName=Sensor3 | EventType=application | SourceNode=ns=1;s=SensorSource3
[Anomaly Input] [2026-08-16 20:45:58.230 (UTC)] info/application	[Motor] Received distance: 22.5537351165217 cm | Severity=75 | SourceName=Motor2 | EventType=application | SourceNode=ns=1;s=MotorSource2
[Anomaly Input] [2026-08-16 20:45:58.230 (UTC)] info/application	[Motor] Received distance: 20.7503085416976 cm | Severity=75 | SourceName=Motor | EventType=application | SourceNode=ns=1;s=MotorSource
[Anomaly Input] [2026-08-16 20:45:58.232 (UTC)] info/application	[Motor] Received distance: 21.4718063440974 cm | Severity=75 | SourceName=Motor3 | EventType=application | SourceNode=ns=1;s=MotorSource3
[Anomaly Input] [2026-08-16 20:45:58.230 (UTC)] info/application	[Motor] Distance safe (22.5537351165217); rotating motor to 90 degrees | Severity=75 | SourceName=Motor2 | EventType=application | SourceNode=ns=1;s=MotorSource2
[Anomaly Input] [2026-08-16 20:45:58.230 (UTC)] info/application	[Motor] Distance safe (20.7503085416976); rotating motor to 90 degrees | Severity=75 | SourceName=Motor | EventType=application | SourceNode=ns=1;s=MotorSource
[Anomaly Input] [2026-08-16 20:45:58.232 (UTC)] info/application	[Motor] Distance safe (21.4718063440974); rotating motor to 90 degrees | Severity=75 | SourceName=Motor3 | EventType=application | SourceNode=ns=1;s=MotorSource3
[Anomaly Input] [2026-08-16 20:45:58.735 (UTC)] info/application	[Sensor] Updated distance: 20.7442192140707 cm | Severity=75 | SourceName=Sensor | EventType=application | SourceNode=ns=1;s=SensorSource
[Anomaly Input] [2026-08-16 20:45:58.735 (UTC)] info/application	[Sensor] Updated distance: 21.2293030373888 cm | Severity=75 | SourceName=Sensor2 | EventType=application | SourceNode=ns=1;s=SensorSource2
[Anomaly Input] [2026-08-16 20:45:58.737 (UTC)] info/application	[Sensor] Updated distance: 20.7161789232475 cm | Severity=75 | SourceName=Sensor3 | EventType=application | SourceNode=ns=1;s=SensorSource3
[Anomaly Input] [2026-08-16 20:45:59.231 (UTC)] info/application	[Motor] Received distance: 21.2293030373888 cm | Severity=75 | SourceName=Motor2 | EventType=application | SourceNode=ns=1;s=MotorSource2
[Anomaly Input] [2026-08-16 20:45:59.231 (UTC)] info/application	[Motor] Received distance: 20.7442192140707 cm | Severity=75 | SourceName=Motor | EventType=application | SourceNode=ns=1;s=MotorSource
[Anomaly Input] [2026-08-16 20:45:59.240 (UTC)] info/application	[Motor] Received distance: 20.7161789232475 cm | Severity=75 | SourceName=Motor3 | EventType=application | SourceNode=ns=1;s=MotorSource3
[Anomaly Input] [2026-08-16 20:45:59.231 (UTC)] info/application	[Motor] Distance safe (21.2293030373888); rotating motor to 90 degrees | Severity=75 | SourceName=Motor2 | EventType=application | SourceNode=ns=1;s=MotorSource2
[Anomaly Input] [2026-08-16 20:45:59.231 (UTC)] info/application	[Motor] Distance safe (20.7442192140707); rotating motor to 90 degrees | Severity=75 | SourceName=Motor | EventType=application | SourceNode=ns=1;s=MotorSource
[Anomaly Input] [2026-08-16 20:45:59.240 (UTC)] info/application	[Motor] Distance safe (20.7161789232475); rotating motor to 90 degrees | Severity=75 | SourceName=Motor3 | EventType=application | SourceNode=ns=1;s=MotorSource3
[Anomaly Input] [2026-08-16 20:45:59.736 (UTC)] info/application	[Sensor] Updated distance: 20.8336110107291 cm | Severity=75 | SourceName=Sensor2 | EventType=application | SourceNode=ns=1;s=SensorSource2
[Anomaly Input] [2026-08-16 20:45:59.736 (UTC)] info/application	[Sensor] Updated distance: 20.5618599141305 cm | Severity=75 | SourceName=Sensor | EventType=application | SourceNode=ns=1;s=SensorSource
[Anomaly Input] [2026-08-16 20:45:59.737 (UTC)] info/application	[Sensor] Updated distance: 20.3371585047977 cm | Severity=75 | SourceName=Sensor3 | EventType=application | SourceNode=ns=1;s=SensorSource3
[Anomaly Input] [2026-08-16 20:46:00.231 (UTC)] info/application	[Motor] Received distance: 20.8336110107291 cm | Severity=75 | SourceName=Motor2 | EventType=application | SourceNode=ns=1;s=MotorSource2
[Anomaly Input] [2026-08-16 20:46:00.232 (UTC)] info/application	[Motor] Received distance: 20.5618599141305 cm | Severity=75 | SourceName=Motor | EventType=application | SourceNode=ns=1;s=MotorSource
[Anomaly Input] [2026-08-16 20:46:00.232 (UTC)] info/application	[Motor] Received distance: 20.3371585047977 cm | Severity=75 | SourceName=Motor3 | EventType=application | SourceNode=ns=1;s=MotorSource3
[Anomaly Input] [2026-08-16 20:46:00.231 (UTC)] info/application	[Motor] Distance safe (20.8336110107291); rotating motor to 90 degrees | Severity=75 | SourceName=Motor2 | EventType=application | SourceNode=ns=1;s=MotorSource2
[Anomaly Input] [2026-08-16 20:46:00.232 (UTC)] info/application	[Motor] Distance safe (20.5618599141305); rotating motor to 90 degrees | Severity=75 | SourceName=Motor | EventType=application | SourceNode=ns=1;s=MotorSource
[Anomaly Input] [2026-08-16 20:46:00.232 (UTC)] info/application	[Motor] Distance safe (20.3371585047977); rotating motor to 90 degrees | Severity=75 | SourceName=Motor3 | EventType=application | SourceNode=ns=1;s=MotorSource3
[Anomaly Input] [2026-08-16 20:46:00.736 (UTC)] info/application	[Sensor] Updated distance: 19.5807291272006 cm | Severity=75 | SourceName=Sensor2 | EventType=application | SourceNode=ns=1;s=SensorSource2
[Anomaly Input] [2026-08-16 20:46:00.736 (UTC)] info/application	[Sensor] Updated distance: 21.3369878271301 cm | Severity=75 | SourceName=Sensor | EventType=application | SourceNode=ns=1;s=SensorSource
[Anomaly Input] [2026-08-16 20:46:00.737 (UTC)] info/application	[Sensor] Updated distance: 20.3592692033198 cm | Severity=75 | SourceName=Sensor3 | EventType=application | SourceNode=ns=1;s=SensorSource3
[Anomaly Input] [2026-08-16 20:46:01.240 (UTC)] info/application	[Motor] Received distance: 20.3592692033198 cm | Severity=75 | SourceName=Motor3 | EventType=application | SourceNode=ns=1;s=MotorSource3
[Anomaly Input] [2026-08-16 20:46:01.240 (UTC)] info/application	[Motor] Received distance: 19.5807291272006 cm | Severity=75 | SourceName=Motor2 | EventType=application | SourceNode=ns=1;s=MotorSource2
[Anomaly Input] [2026-08-16 20:46:01.240 (UTC)] info/application	[Motor] Received distance: 21.3369878271301 cm | Severity=75 | SourceName=Motor | EventType=application | SourceNode=ns=1;s=MotorSource
[Anomaly Input] [2026-08-16 20:46:01.240 (UTC)] info/application	[Motor] Distance safe (20.3592692033198); rotating motor to 90 degrees | Severity=75 | SourceName=Motor3 | EventType=application | SourceNode=ns=1;s=MotorSource3
[Anomaly Input] [2026-08-16 20:46:01.240 (UTC)] warn/application	[Motor] Distance too close (19.5807291272006); rotating motor to 0 degrees | Severity=175 | SourceName=Motor2 | EventType=application | SourceNode=ns=1;s=MotorSource2
[Anomaly Input] [2026-08-16 20:46:01.240 (UTC)] info/application	[Motor] Distance safe (21.3369878271301); rotating motor to 90 degrees | Severity=75 | SourceName=Motor | EventType=application | SourceNode=ns=1;s=MotorSource
[Anomaly Input] [2026-08-16 20:46:01.735 (UTC)] info/application	[Sensor] Updated distance: 18.5821888116571 cm | Severity=75 | SourceName=Sensor2 | EventType=application | SourceNode=ns=1;s=SensorSource2
[Anomaly Input] [2026-08-16 20:46:01.736 (UTC)] info/application	[Sensor] Updated distance: 22.6738877790858 cm | Severity=75 | SourceName=Sensor | EventType=application | SourceNode=ns=1;s=SensorSource
[Anomaly Input] [2026-08-16 20:46:01.737 (UTC)] info/application	[Sensor] Updated distance: 20.4899629885284 cm | Severity=75 | SourceName=Sensor3 | EventType=application | SourceNode=ns=1;s=SensorSource3
[Anomaly Input] [2026-08-16 20:46:02.230 (UTC)] info/application	[Motor] Received distance: 18.5821888116571 cm | Severity=75 | SourceName=Motor2 | EventType=application | SourceNode=ns=1;s=MotorSource2
[Anomaly Input] [2026-08-16 20:46:02.231 (UTC)] info/application	[Motor] Received distance: 22.6738877790858 cm | Severity=75 | SourceName=Motor | EventType=application | SourceNode=ns=1;s=MotorSource
[Anomaly Input] [2026-08-16 20:46:02.232 (UTC)] info/application	[Motor] Received distance: 20.4899629885284 cm | Severity=75 | SourceName=Motor3 | EventType=application | SourceNode=ns=1;s=MotorSource3
[Anomaly Input] [2026-08-16 20:46:02.230 (UTC)] warn/application	[Motor] Distance too close (18.5821888116571); rotating motor to 0 degrees | Severity=175 | SourceName=Motor2 | EventType=application | SourceNode=ns=1;s=MotorSource2
[Anomaly Input] [2026-08-16 20:46:02.231 (UTC)] info/application	[Motor] Distance safe (22.6738877790858); rotating motor to 90 degrees | Severity=75 | SourceName=Motor | EventType=application | SourceNode=ns=1;s=MotorSource
[Anomaly Input] [2026-08-16 20:46:02.232 (UTC)] info/application	[Motor] Distance safe (20.4899629885284); rotating motor to 90 degrees | Severity=75 | SourceName=Motor3 | EventType=application | SourceNode=ns=1;s=MotorSource3
[Anomaly Input] [2026-08-16 20:46:02.735 (UTC)] info/application	[Sensor] Updated distance: 19.3899738501711 cm | Severity=75 | SourceName=Sensor2 | EventType=application | SourceNode=ns=1;s=SensorSource2
[Anomaly Input] [2026-08-16 20:46:02.736 (UTC)] info/application	[Sensor] Updated distance: 21.7233199410715 cm | Severity=75 | SourceName=Sensor | EventType=application | SourceNode=ns=1;s=SensorSource
[Anomaly Input] [2026-08-16 20:46:02.737 (UTC)] info/application	[Sensor] Updated distance: 21.8447437611617 cm | Severity=75 | SourceName=Sensor3 | EventType=application | SourceNode=ns=1;s=SensorSource3
>>> [Anomaly Input] [2026-08-16 20:46:03.150 (UTC)] info/application	[Sensor] Updated distance: 19.549235571548 cm | Severity=75 | SourceName=Sensor2 | EventType=application | SourceNode=null   # ⚠ [S] Spoofing 欺騙：偽造的 sensor 距離（同一秒出現雙報）
>>> [Anomaly Input] [2026-08-16 20:46:03.151 (UTC)] info/application	[Sensor] Updated distance: 21.8825816624484 cm | Severity=75 | SourceName=Sensor | EventType=application | SourceNode=null   # ⚠ [S] Spoofing 欺騙：偽造的 sensor 距離（同一秒出現雙報）
>>> [Anomaly Input] [2026-08-16 20:46:03.152 (UTC)] info/application	[Sensor] Updated distance: 22.0040054825386 cm | Severity=75 | SourceName=Sensor3 | EventType=application | SourceNode=null   # ⚠ [S] Spoofing 欺騙：偽造的 sensor 距離（同一秒出現雙報）
[Anomaly Input] [2026-08-16 20:46:03.231 (UTC)] info/application	[Motor] Received distance: 19.3899738501711 cm | Severity=75 | SourceName=Motor2 | EventType=application | SourceNode=ns=1;s=MotorSource2
[Anomaly Input] [2026-08-16 20:46:03.232 (UTC)] info/application	[Motor] Received distance: 21.7233199410715 cm | Severity=75 | SourceName=Motor | EventType=application | SourceNode=ns=1;s=MotorSource
[Anomaly Input] [2026-08-16 20:46:03.240 (UTC)] info/application	[Motor] Received distance: 21.8447437611617 cm | Severity=75 | SourceName=Motor3 | EventType=application | SourceNode=ns=1;s=MotorSource3
[Anomaly Input] [2026-08-16 20:46:03.231 (UTC)] warn/application	[Motor] Distance too close (19.3899738501711); rotating motor to 0 degrees | Severity=175 | SourceName=Motor2 | EventType=application | SourceNode=ns=1;s=MotorSource2
[Anomaly Input] [2026-08-16 20:46:03.232 (UTC)] info/application	[Motor] Distance safe (21.7233199410715); rotating motor to 90 degrees | Severity=75 | SourceName=Motor | EventType=application | SourceNode=ns=1;s=MotorSource
[Anomaly Input] [2026-08-16 20:46:03.240 (UTC)] info/application	[Motor] Distance safe (21.8447437611617); rotating motor to 90 degrees | Severity=75 | SourceName=Motor3 | EventType=application | SourceNode=ns=1;s=MotorSource3
[Anomaly Input] [2026-08-16 20:46:03.735 (UTC)] info/application	[Sensor] Updated distance: 19.2305089546044 cm | Severity=75 | SourceName=Sensor2 | EventType=application | SourceNode=ns=1;s=SensorSource2
[Anomaly Input] [2026-08-16 20:46:03.736 (UTC)] info/application	[Sensor] Updated distance: 23.0339711879072 cm | Severity=75 | SourceName=Sensor | EventType=application | SourceNode=ns=1;s=SensorSource
[Anomaly Input] [2026-08-16 20:46:03.737 (UTC)] info/application	[Sensor] Updated distance: 22.0595347092298 cm | Severity=75 | SourceName=Sensor3 | EventType=application | SourceNode=ns=1;s=SensorSource3
[Anomaly Input] [2026-08-16 20:46:04.231 (UTC)] info/application	[Motor] Received distance: 19.2305089546044 cm | Severity=75 | SourceName=Motor2 | EventType=application | SourceNode=ns=1;s=MotorSource2
[Anomaly Input] [2026-08-16 20:46:04.232 (UTC)] info/application	[Motor] Received distance: 22.0595347092298 cm | Severity=75 | SourceName=Motor3 | EventType=application | SourceNode=ns=1;s=MotorSource3
[Anomaly Input] [2026-08-16 20:46:04.239 (UTC)] info/application	[Motor] Received distance: 23.0339711879072 cm | Severity=75 | SourceName=Motor | EventType=application | SourceNode=ns=1;s=MotorSource
[Anomaly Input] [2026-08-16 20:46:04.231 (UTC)] warn/application	[Motor] Distance too close (19.2305089546044); rotating motor to 0 degrees | Severity=175 | SourceName=Motor2 | EventType=application | SourceNode=ns=1;s=MotorSource2
[Anomaly Input] [2026-08-16 20:46:04.232 (UTC)] info/application	[Motor] Distance safe (22.0595347092298); rotating motor to 90 degrees | Severity=75 | SourceName=Motor3 | EventType=application | SourceNode=ns=1;s=MotorSource3
[Anomaly Input] [2026-08-16 20:46:04.239 (UTC)] info/application	[Motor] Distance safe (23.0339711879072); rotating motor to 90 degrees | Severity=75 | SourceName=Motor | EventType=application | SourceNode=ns=1;s=MotorSource
[Anomaly Input] [2026-08-16 20:46:04.735 (UTC)] info/application	[Sensor] Updated distance: 20.3538512067654 cm | Severity=75 | SourceName=Sensor2 | EventType=application | SourceNode=ns=1;s=SensorSource2
[Anomaly Input] [2026-08-16 20:46:04.736 (UTC)] info/application	[Sensor] Updated distance: 21.9753737538007 cm | Severity=75 | SourceName=Sensor | EventType=application | SourceNode=ns=1;s=SensorSource
[Anomaly Input] [2026-08-16 20:46:04.737 (UTC)] info/application	[Sensor] Updated distance: 21.4197837372403 cm | Severity=75 | SourceName=Sensor3 | EventType=application | SourceNode=ns=1;s=SensorSource3
[Anomaly Input] [2026-08-16 20:46:05.231 (UTC)] info/application	[Motor] Received distance: 21.9753737538007 cm | Severity=75 | SourceName=Motor | EventType=application | SourceNode=ns=1;s=MotorSource
[Anomaly Input] [2026-08-16 20:46:05.232 (UTC)] info/application	[Motor] Received distance: 20.3538512067654 cm | Severity=75 | SourceName=Motor2 | EventType=application | SourceNode=ns=1;s=MotorSource2
[Anomaly Input] [2026-08-16 20:46:05.232 (UTC)] info/application	[Motor] Received distance: 21.4197837372403 cm | Severity=75 | SourceName=Motor3 | EventType=application | SourceNode=ns=1;s=MotorSource3
[Anomaly Input] [2026-08-16 20:46:05.231 (UTC)] info/application	[Motor] Distance safe (21.9753737538007); rotating motor to 90 degrees | Severity=75 | SourceName=Motor | EventType=application | SourceNode=ns=1;s=MotorSource
[Anomaly Input] [2026-08-16 20:46:05.232 (UTC)] info/application	[Motor] Distance safe (20.3538512067654); rotating motor to 90 degrees | Severity=75 | SourceName=Motor2 | EventType=application | SourceNode=ns=1;s=MotorSource2
[Anomaly Input] [2026-08-16 20:46:05.232 (UTC)] info/application	[Motor] Distance safe (21.4197837372403); rotating motor to 90 degrees | Severity=75 | SourceName=Motor3 | EventType=application | SourceNode=ns=1;s=MotorSource3
[Anomaly Input] [2026-08-16 20:46:05.736 (UTC)] info/application	[Sensor] Updated distance: 22.4021945008553 cm | Severity=75 | SourceName=Sensor | EventType=application | SourceNode=ns=1;s=SensorSource
[Anomaly Input] [2026-08-16 20:46:05.736 (UTC)] info/application	[Sensor] Updated distance: 20.0241381118652 cm | Severity=75 | SourceName=Sensor2 | EventType=application | SourceNode=ns=1;s=SensorSource2
[Anomaly Input] [2026-08-16 20:46:05.737 (UTC)] info/application	[Sensor] Updated distance: 20.6961516459454 cm | Severity=75 | SourceName=Sensor3 | EventType=application | SourceNode=ns=1;s=SensorSource3
[Anomaly Input] [2026-08-16 20:46:06.231 (UTC)] info/application	[Motor] Received distance: 22.4021945008553 cm | Severity=75 | SourceName=Motor | EventType=application | SourceNode=ns=1;s=MotorSource
[Anomaly Input] [2026-08-16 20:46:06.232 (UTC)] info/application	[Motor] Received distance: 20.6961516459454 cm | Severity=75 | SourceName=Motor3 | EventType=application | SourceNode=ns=1;s=MotorSource3
[Anomaly Input] [2026-08-16 20:46:06.232 (UTC)] info/application	[Motor] Received distance: 20.0241381118652 cm | Severity=75 | SourceName=Motor2 | EventType=application | SourceNode=ns=1;s=MotorSource2
[Anomaly Input] [2026-08-16 20:46:06.231 (UTC)] info/application	[Motor] Distance safe (22.4021945008553); rotating motor to 90 degrees | Severity=75 | SourceName=Motor | EventType=application | SourceNode=ns=1;s=MotorSource
[Anomaly Input] [2026-08-16 20:46:06.232 (UTC)] info/application	[Motor] Distance safe (20.6961516459454); rotating motor to 90 degrees | Severity=75 | SourceName=Motor3 | EventType=application | SourceNode=ns=1;s=MotorSource3
[Anomaly Input] [2026-08-16 20:46:06.232 (UTC)] info/application	[Motor] Distance safe (20.0241381118652); rotating motor to 90 degrees | Severity=75 | SourceName=Motor2 | EventType=application | SourceNode=ns=1;s=MotorSource2
[Anomaly Input] [2026-08-16 20:46:06.735 (UTC)] info/application	[Sensor] Updated distance: 20.9971424438977 cm | Severity=75 | SourceName=Sensor | EventType=application | SourceNode=ns=1;s=SensorSource
[Anomaly Input] [2026-08-16 20:46:06.736 (UTC)] info/application	[Sensor] Updated distance: 21.1369821071331 cm | Severity=75 | SourceName=Sensor2 | EventType=application | SourceNode=ns=1;s=SensorSource2
[Anomaly Input] [2026-08-16 20:46:06.737 (UTC)] info/application	[Sensor] Updated distance: 21.7191407967914 cm | Severity=75 | SourceName=Sensor3 | EventType=application | SourceNode=ns=1;s=SensorSource3
[Anomaly Input] [2026-08-16 20:46:07.231 (UTC)] info/application	[Motor] Received distance: 20.9971424438977 cm | Severity=75 | SourceName=Motor | EventType=application | SourceNode=ns=1;s=MotorSource
[Anomaly Input] [2026-08-16 20:46:07.232 (UTC)] info/application	[Motor] Received distance: 21.7191407967914 cm | Severity=75 | SourceName=Motor3 | EventType=application | SourceNode=ns=1;s=MotorSource3
[Anomaly Input] [2026-08-16 20:46:07.240 (UTC)] info/application	[Motor] Received distance: 21.1369821071331 cm | Severity=75 | SourceName=Motor2 | EventType=application | SourceNode=ns=1;s=MotorSource2
[Anomaly Input] [2026-08-16 20:46:07.231 (UTC)] info/application	[Motor] Distance safe (20.9971424438977); rotating motor to 90 degrees | Severity=75 | SourceName=Motor | EventType=application | SourceNode=ns=1;s=MotorSource
[Anomaly Input] [2026-08-16 20:46:07.232 (UTC)] info/application	[Motor] Distance safe (21.7191407967914); rotating motor to 90 degrees | Severity=75 | SourceName=Motor3 | EventType=application | SourceNode=ns=1;s=MotorSource3
[Anomaly Input] [2026-08-16 20:46:07.240 (UTC)] info/application	[Motor] Distance safe (21.1369821071331); rotating motor to 90 degrees | Severity=75 | SourceName=Motor2 | EventType=application | SourceNode=ns=1;s=MotorSource2
[Anomaly Input] [2026-08-16 20:46:07.735 (UTC)] info/application	[Sensor] Updated distance: 20.893280407597 cm | Severity=75 | SourceName=Sensor | EventType=application | SourceNode=ns=1;s=SensorSource
[Anomaly Input] [2026-08-16 20:46:07.736 (UTC)] info/application	[Sensor] Updated distance: 20.725215311267 cm | Severity=75 | SourceName=Sensor2 | EventType=application | SourceNode=ns=1;s=SensorSource2
[Anomaly Input] [2026-08-16 20:46:07.737 (UTC)] info/application	[Sensor] Updated distance: 21.6591060488294 cm | Severity=75 | SourceName=Sensor3 | EventType=application | SourceNode=ns=1;s=SensorSource3
[Anomaly Input] [2026-08-16 20:46:08.231 (UTC)] info/application	[Motor] Received distance: 20.725215311267 cm | Severity=75 | SourceName=Motor2 | EventType=application | SourceNode=ns=1;s=MotorSource2
[Anomaly Input] [2026-08-16 20:46:08.233 (UTC)] info/application	[Motor] Received distance: 21.6591060488294 cm | Severity=75 | SourceName=Motor3 | EventType=application | SourceNode=ns=1;s=MotorSource3
[Anomaly Input] [2026-08-16 20:46:08.239 (UTC)] info/application	[Motor] Received distance: 20.893280407597 cm | Severity=75 | SourceName=Motor | EventType=application | SourceNode=ns=1;s=MotorSource
[Anomaly Input] [2026-08-16 20:46:08.231 (UTC)] info/application	[Motor] Distance safe (20.725215311267); rotating motor to 90 degrees | Severity=75 | SourceName=Motor2 | EventType=application | SourceNode=ns=1;s=MotorSource2
[Anomaly Input] [2026-08-16 20:46:08.233 (UTC)] info/application	[Motor] Distance safe (21.6591060488294); rotating motor to 90 degrees | Severity=75 | SourceName=Motor3 | EventType=application | SourceNode=ns=1;s=MotorSource3
[Anomaly Input] [2026-08-16 20:46:08.239 (UTC)] info/application	[Motor] Distance safe (20.893280407597); rotating motor to 90 degrees | Severity=75 | SourceName=Motor | EventType=application | SourceNode=ns=1;s=MotorSource
[Anomaly Input] [2026-08-16 20:46:08.728 (UTC)] info/application	[Sensor] Updated distance: 21.9334989739272 cm | Severity=75 | SourceName=Sensor3 | EventType=application | SourceNode=ns=1;s=SensorSource3
[Anomaly Input] [2026-08-16 20:46:08.735 (UTC)] info/application	[Sensor] Updated distance: 20.1692655594876 cm | Severity=75 | SourceName=Sensor | EventType=application | SourceNode=ns=1;s=SensorSource
[Anomaly Input] [2026-08-16 20:46:08.736 (UTC)] info/application	[Sensor] Updated distance: 19.5226998801914 cm | Severity=75 | SourceName=Sensor2 | EventType=application | SourceNode=ns=1;s=SensorSource2
[Anomaly Input] [2026-08-16 20:46:09.230 (UTC)] info/application	[Motor] Received distance: 20.1692655594876 cm | Severity=75 | SourceName=Motor | EventType=application | SourceNode=ns=1;s=MotorSource
[Anomaly Input] [2026-08-16 20:46:09.231 (UTC)] info/application	[Motor] Received distance: 19.5226998801914 cm | Severity=75 | SourceName=Motor2 | EventType=application | SourceNode=ns=1;s=MotorSource2
[Anomaly Input] [2026-08-16 20:46:09.240 (UTC)] info/application	[Motor] Received distance: 21.9334989739272 cm | Severity=75 | SourceName=Motor3 | EventType=application | SourceNode=ns=1;s=MotorSource3
[Anomaly Input] [2026-08-16 20:46:09.230 (UTC)] info/application	[Motor] Distance safe (20.1692655594876); rotating motor to 90 degrees | Severity=75 | SourceName=Motor | EventType=application | SourceNode=ns=1;s=MotorSource
[Anomaly Input] [2026-08-16 20:46:09.231 (UTC)] warn/application	[Motor] Distance too close (19.5226998801914); rotating motor to 0 degrees | Severity=175 | SourceName=Motor2 | EventType=application | SourceNode=ns=1;s=MotorSource2
[Anomaly Input] [2026-08-16 20:46:09.240 (UTC)] info/application	[Motor] Distance safe (21.9334989739272); rotating motor to 90 degrees | Severity=75 | SourceName=Motor3 | EventType=application | SourceNode=ns=1;s=MotorSource3
[Anomaly Input] [2026-08-16 20:46:09.728 (UTC)] info/application	[Sensor] Updated distance: 21.8410851924406 cm | Severity=75 | SourceName=Sensor3 | EventType=application | SourceNode=ns=1;s=SensorSource3
[Anomaly Input] [2026-08-16 20:46:09.734 (UTC)] info/application	[Sensor] Updated distance: 21.1946946977147 cm | Severity=75 | SourceName=Sensor | EventType=application | SourceNode=ns=1;s=SensorSource
[Anomaly Input] [2026-08-16 20:46:09.735 (UTC)] info/application	[Sensor] Updated distance: 19.7650451028091 cm | Severity=75 | SourceName=Sensor2 | EventType=application | SourceNode=ns=1;s=SensorSource2
[Anomaly Input] [2026-08-16 20:46:10.231 (UTC)] info/application	[Motor] Received distance: 21.1946946977147 cm | Severity=75 | SourceName=Motor | EventType=application | SourceNode=ns=1;s=MotorSource
[Anomaly Input] [2026-08-16 20:46:10.231 (UTC)] info/application	[Motor] Received distance: 19.7650451028091 cm | Severity=75 | SourceName=Motor2 | EventType=application | SourceNode=ns=1;s=MotorSource2
[Anomaly Input] [2026-08-16 20:46:10.233 (UTC)] info/application	[Motor] Received distance: 21.8410851924406 cm | Severity=75 | SourceName=Motor3 | EventType=application | SourceNode=ns=1;s=MotorSource3
[Anomaly Input] [2026-08-16 20:46:10.231 (UTC)] info/application	[Motor] Distance safe (21.1946946977147); rotating motor to 90 degrees | Severity=75 | SourceName=Motor | EventType=application | SourceNode=ns=1;s=MotorSource
[Anomaly Input] [2026-08-16 20:46:10.231 (UTC)] warn/application	[Motor] Distance too close (19.7650451028091); rotating motor to 0 degrees | Severity=175 | SourceName=Motor2 | EventType=application | SourceNode=ns=1;s=MotorSource2
[Anomaly Input] [2026-08-16 20:46:10.233 (UTC)] info/application	[Motor] Distance safe (21.8410851924406); rotating motor to 90 degrees | Severity=75 | SourceName=Motor3 | EventType=application | SourceNode=ns=1;s=MotorSource3
[Anomaly Input] [2026-08-16 20:46:10.728 (UTC)] info/application	[Sensor] Updated distance: 21.0785660324984 cm | Severity=75 | SourceName=Sensor3 | EventType=application | SourceNode=ns=1;s=SensorSource3
[Anomaly Input] [2026-08-16 20:46:10.735 (UTC)] info/application	[Sensor] Updated distance: 22.5168744896151 cm | Severity=75 | SourceName=Sensor | EventType=application | SourceNode=ns=1;s=SensorSource
[Anomaly Input] [2026-08-16 20:46:10.735 (UTC)] info/application	[Sensor] Updated distance: 20.4046547824539 cm | Severity=75 | SourceName=Sensor2 | EventType=application | SourceNode=ns=1;s=SensorSource2
[Anomaly Input] [2026-08-16 20:46:11.231 (UTC)] info/application	[Motor] Received distance: 22.5168744896151 cm | Severity=75 | SourceName=Motor | EventType=application | SourceNode=ns=1;s=MotorSource
[Anomaly Input] [2026-08-16 20:46:11.232 (UTC)] info/application	[Motor] Received distance: 20.4046547824539 cm | Severity=75 | SourceName=Motor2 | EventType=application | SourceNode=ns=1;s=MotorSource2
[Anomaly Input] [2026-08-16 20:46:11.241 (UTC)] info/application	[Motor] Received distance: 21.0785660324984 cm | Severity=75 | SourceName=Motor3 | EventType=application | SourceNode=ns=1;s=MotorSource3
[Anomaly Input] [2026-08-16 20:46:11.231 (UTC)] info/application	[Motor] Distance safe (22.5168744896151); rotating motor to 90 degrees | Severity=75 | SourceName=Motor | EventType=application | SourceNode=ns=1;s=MotorSource
[Anomaly Input] [2026-08-16 20:46:11.232 (UTC)] info/application	[Motor] Distance safe (20.4046547824539); rotating motor to 90 degrees | Severity=75 | SourceName=Motor2 | EventType=application | SourceNode=ns=1;s=MotorSource2
[Anomaly Input] [2026-08-16 20:46:11.241 (UTC)] info/application	[Motor] Distance safe (21.0785660324984); rotating motor to 90 degrees | Severity=75 | SourceName=Motor3 | EventType=application | SourceNode=ns=1;s=MotorSource3
[Anomaly Input] [2026-08-16 20:46:11.728 (UTC)] info/application	[Sensor] Updated distance: 20.6894605193238 cm | Severity=75 | SourceName=Sensor3 | EventType=application | SourceNode=ns=1;s=SensorSource3
[Anomaly Input] [2026-08-16 20:46:11.736 (UTC)] info/application	[Sensor] Updated distance: 19.8908670737366 cm | Severity=75 | SourceName=Sensor2 | EventType=application | SourceNode=ns=1;s=SensorSource2
[Anomaly Input] [2026-08-16 20:46:11.736 (UTC)] info/application	[Sensor] Updated distance: 22.449554465222 cm | Severity=75 | SourceName=Sensor | EventType=application | SourceNode=ns=1;s=SensorSource
[Anomaly Input] [2026-08-16 20:46:12.231 (UTC)] info/application	[Motor] Received distance: 22.449554465222 cm | Severity=75 | SourceName=Motor | EventType=application | SourceNode=ns=1;s=MotorSource
[Anomaly Input] [2026-08-16 20:46:12.233 (UTC)] info/application	[Motor] Received distance: 20.6894605193238 cm | Severity=75 | SourceName=Motor3 | EventType=application | SourceNode=ns=1;s=MotorSource3
[Anomaly Input] [2026-08-16 20:46:12.240 (UTC)] info/application	[Motor] Received distance: 19.8908670737366 cm | Severity=75 | SourceName=Motor2 | EventType=application | SourceNode=ns=1;s=MotorSource2
[Anomaly Input] [2026-08-16 20:46:12.231 (UTC)] info/application	[Motor] Distance safe (22.449554465222); rotating motor to 90 degrees | Severity=75 | SourceName=Motor | EventType=application | SourceNode=ns=1;s=MotorSource
[Anomaly Input] [2026-08-16 20:46:12.233 (UTC)] info/application	[Motor] Distance safe (20.6894605193238); rotating motor to 90 degrees | Severity=75 | SourceName=Motor3 | EventType=application | SourceNode=ns=1;s=MotorSource3
[Anomaly Input] [2026-08-16 20:46:12.240 (UTC)] warn/application	[Motor] Distance too close (19.8908670737366); rotating motor to 0 degrees | Severity=175 | SourceName=Motor2 | EventType=application | SourceNode=ns=1;s=MotorSource2
[Anomaly Input] [2026-08-16 20:46:12.728 (UTC)] info/application	[Sensor] Updated distance: 20.5143462640766 cm | Severity=75 | SourceName=Sensor3 | EventType=application | SourceNode=ns=1;s=SensorSource3
[Anomaly Input] [2026-08-16 20:46:12.736 (UTC)] info/application	[Sensor] Updated distance: 20.9045889200198 cm | Severity=75 | SourceName=Sensor2 | EventType=application | SourceNode=ns=1;s=SensorSource2
[Anomaly Input] [2026-08-16 20:46:12.736 (UTC)] info/application	[Sensor] Updated distance: 22.1669480210016 cm | Severity=75 | SourceName=Sensor | EventType=application | SourceNode=ns=1;s=SensorSource
[Anomaly Input] [2026-08-16 20:46:13.231 (UTC)] info/application	[Motor] Received distance: 20.9045889200198 cm | Severity=75 | SourceName=Motor2 | EventType=application | SourceNode=ns=1;s=MotorSource2
[Anomaly Input] [2026-08-16 20:46:13.231 (UTC)] info/application	[Motor] Received distance: 22.1669480210016 cm | Severity=75 | SourceName=Motor | EventType=application | SourceNode=ns=1;s=MotorSource
[Anomaly Input] [2026-08-16 20:46:13.241 (UTC)] info/application	[Motor] Received distance: 20.5143462640766 cm | Severity=75 | SourceName=Motor3 | EventType=application | SourceNode=ns=1;s=MotorSource3
[Anomaly Input] [2026-08-16 20:46:13.231 (UTC)] info/application	[Motor] Distance safe (20.9045889200198); rotating motor to 90 degrees | Severity=75 | SourceName=Motor2 | EventType=application | SourceNode=ns=1;s=MotorSource2
[Anomaly Input] [2026-08-16 20:46:13.231 (UTC)] info/application	[Motor] Distance safe (22.1669480210016); rotating motor to 90 degrees | Severity=75 | SourceName=Motor | EventType=application | SourceNode=ns=1;s=MotorSource
[Anomaly Input] [2026-08-16 20:46:13.241 (UTC)] info/application	[Motor] Distance safe (20.5143462640766); rotating motor to 90 degrees | Severity=75 | SourceName=Motor3 | EventType=application | SourceNode=ns=1;s=MotorSource3
[Anomaly Input] [2026-08-16 20:46:13.728 (UTC)] info/application	[Sensor] Updated distance: 20.2949499617307 cm | Severity=75 | SourceName=Sensor3 | EventType=application | SourceNode=ns=1;s=SensorSource3
[Anomaly Input] [2026-08-16 20:46:13.736 (UTC)] info/application	[Sensor] Updated distance: 20.1654181870005 cm | Severity=75 | SourceName=Sensor2 | EventType=application | SourceNode=ns=1;s=SensorSource2
[Anomaly Input] [2026-08-16 20:46:13.736 (UTC)] info/application	[Sensor] Updated distance: 21.8273070088249 cm | Severity=75 | SourceName=Sensor | EventType=application | SourceNode=ns=1;s=SensorSource
[Anomaly Input] [2026-08-16 20:46:14.231 (UTC)] info/application	[Motor] Received distance: 20.1654181870005 cm | Severity=75 | SourceName=Motor2 | EventType=application | SourceNode=ns=1;s=MotorSource2
[Anomaly Input] [2026-08-16 20:46:14.233 (UTC)] info/application	[Motor] Received distance: 20.2949499617307 cm | Severity=75 | SourceName=Motor3 | EventType=application | SourceNode=ns=1;s=MotorSource3
[Anomaly Input] [2026-08-16 20:46:14.239 (UTC)] info/application	[Motor] Received distance: 21.8273070088249 cm | Severity=75 | SourceName=Motor | EventType=application | SourceNode=ns=1;s=MotorSource
[Anomaly Input] [2026-08-16 20:46:14.231 (UTC)] info/application	[Motor] Distance safe (20.1654181870005); rotating motor to 90 degrees | Severity=75 | SourceName=Motor2 | EventType=application | SourceNode=ns=1;s=MotorSource2
[Anomaly Input] [2026-08-16 20:46:14.233 (UTC)] info/application	[Motor] Distance safe (20.2949499617307); rotating motor to 90 degrees | Severity=75 | SourceName=Motor3 | EventType=application | SourceNode=ns=1;s=MotorSource3
[Anomaly Input] [2026-08-16 20:46:14.239 (UTC)] info/application	[Motor] Distance safe (21.8273070088249); rotating motor to 90 degrees | Severity=75 | SourceName=Motor | EventType=application | SourceNode=ns=1;s=MotorSource
[Anomaly Input] [2026-08-16 20:46:14.728 (UTC)] info/application	[Sensor] Updated distance: 20.1769595780302 cm | Severity=75 | SourceName=Sensor3 | EventType=application | SourceNode=ns=1;s=SensorSource3
[Anomaly Input] [2026-08-16 20:46:14.736 (UTC)] info/application	[Sensor] Updated distance: 19.6610282709175 cm | Severity=75 | SourceName=Sensor2 | EventType=application | SourceNode=ns=1;s=SensorSource2
[Anomaly Input] [2026-08-16 20:46:14.736 (UTC)] info/application	[Sensor] Updated distance: 23.1512011974823 cm | Severity=75 | SourceName=Sensor | EventType=application | SourceNode=ns=1;s=SensorSource
[Anomaly Input] [2026-08-16 20:46:15.231 (UTC)] info/application	[Motor] Received distance: 23.1512011974823 cm | Severity=75 | SourceName=Motor | EventType=application | SourceNode=ns=1;s=MotorSource
[Anomaly Input] [2026-08-16 20:46:15.232 (UTC)] info/application	[Motor] Received distance: 19.6610282709175 cm | Severity=75 | SourceName=Motor2 | EventType=application | SourceNode=ns=1;s=MotorSource2
[Anomaly Input] [2026-08-16 20:46:15.241 (UTC)] info/application	[Motor] Received distance: 20.1769595780302 cm | Severity=75 | SourceName=Motor3 | EventType=application | SourceNode=ns=1;s=MotorSource3
[Anomaly Input] [2026-08-16 20:46:15.231 (UTC)] info/application	[Motor] Distance safe (23.1512011974823); rotating motor to 90 degrees | Severity=75 | SourceName=Motor | EventType=application | SourceNode=ns=1;s=MotorSource
[Anomaly Input] [2026-08-16 20:46:15.232 (UTC)] warn/application	[Motor] Distance too close (19.6610282709175); rotating motor to 0 degrees | Severity=175 | SourceName=Motor2 | EventType=application | SourceNode=ns=1;s=MotorSource2
[Anomaly Input] [2026-08-16 20:46:15.241 (UTC)] info/application	[Motor] Distance safe (20.1769595780302); rotating motor to 90 degrees | Severity=75 | SourceName=Motor3 | EventType=application | SourceNode=ns=1;s=MotorSource3
[Anomaly Input] [2026-08-16 20:46:15.728 (UTC)] info/application	[Sensor] Updated distance: 18.781635658481 cm | Severity=75 | SourceName=Sensor3 | EventType=application | SourceNode=ns=1;s=SensorSource3
[Anomaly Input] [2026-08-16 20:46:15.736 (UTC)] info/application	[Sensor] Updated distance: 20.3444448652884 cm | Severity=75 | SourceName=Sensor2 | EventType=application | SourceNode=ns=1;s=SensorSource2
[Anomaly Input] [2026-08-16 20:46:15.736 (UTC)] info/application	[Sensor] Updated distance: 22.0080714540128 cm | Severity=75 | SourceName=Sensor | EventType=application | SourceNode=ns=1;s=SensorSource
[Anomaly Input] [2026-08-16 20:46:16.231 (UTC)] info/application	[Motor] Received distance: 22.0080714540128 cm | Severity=75 | SourceName=Motor | EventType=application | SourceNode=ns=1;s=MotorSource
[Anomaly Input] [2026-08-16 20:46:16.233 (UTC)] info/application	[Motor] Received distance: 18.781635658481 cm | Severity=75 | SourceName=Motor3 | EventType=application | SourceNode=ns=1;s=MotorSource3
[Anomaly Input] [2026-08-16 20:46:16.240 (UTC)] info/application	[Motor] Received distance: 20.3444448652884 cm | Severity=75 | SourceName=Motor2 | EventType=application | SourceNode=ns=1;s=MotorSource2
[Anomaly Input] [2026-08-16 20:46:16.231 (UTC)] info/application	[Motor] Distance safe (22.0080714540128); rotating motor to 90 degrees | Severity=75 | SourceName=Motor | EventType=application | SourceNode=ns=1;s=MotorSource
[Anomaly Input] [2026-08-16 20:46:16.233 (UTC)] warn/application	[Motor] Distance too close (18.781635658481); rotating motor to 0 degrees | Severity=175 | SourceName=Motor3 | EventType=application | SourceNode=ns=1;s=MotorSource3
[Anomaly Input] [2026-08-16 20:46:16.240 (UTC)] info/application	[Motor] Distance safe (20.3444448652884); rotating motor to 90 degrees | Severity=75 | SourceName=Motor2 | EventType=application | SourceNode=ns=1;s=MotorSource2
[Anomaly Input] [2026-08-16 20:46:16.736 (UTC)] info/application	[Sensor] Updated distance: 23.4105507682127 cm | Severity=75 | SourceName=Sensor | EventType=application | SourceNode=ns=1;s=SensorSource
[Anomaly Input] [2026-08-16 20:46:16.736 (UTC)] info/application	[Sensor] Updated distance: 19.0672432836458 cm | Severity=75 | SourceName=Sensor2 | EventType=application | SourceNode=ns=1;s=SensorSource2
[Anomaly Input] [2026-08-16 20:46:16.738 (UTC)] info/application	[Sensor] Updated distance: 17.4030975729241 cm | Severity=75 | SourceName=Sensor3 | EventType=application | SourceNode=ns=1;s=SensorSource3
[Anomaly Input] [2026-08-16 20:46:17.231 (UTC)] info/application	[Motor] Received distance: 23.4105507682127 cm | Severity=75 | SourceName=Motor | EventType=application | SourceNode=ns=1;s=MotorSource
[Anomaly Input] [2026-08-16 20:46:17.231 (UTC)] info/application	[Motor] Received distance: 19.0672432836458 cm | Severity=75 | SourceName=Motor2 | EventType=application | SourceNode=ns=1;s=MotorSource2
[Anomaly Input] [2026-08-16 20:46:17.241 (UTC)] info/application	[Motor] Received distance: 17.4030975729241 cm | Severity=75 | SourceName=Motor3 | EventType=application | SourceNode=ns=1;s=MotorSource3
[Anomaly Input] [2026-08-16 20:46:17.231 (UTC)] info/application	[Motor] Distance safe (23.4105507682127); rotating motor to 90 degrees | Severity=75 | SourceName=Motor | EventType=application | SourceNode=ns=1;s=MotorSource
[Anomaly Input] [2026-08-16 20:46:17.231 (UTC)] warn/application	[Motor] Distance too close (19.0672432836458); rotating motor to 0 degrees | Severity=175 | SourceName=Motor2 | EventType=application | SourceNode=ns=1;s=MotorSource2
[Anomaly Input] [2026-08-16 20:46:17.241 (UTC)] warn/application	[Motor] Distance too close (17.4030975729241); rotating motor to 0 degrees | Severity=175 | SourceName=Motor3 | EventType=application | SourceNode=ns=1;s=MotorSource3
[Anomaly Input] [2026-08-16 20:46:17.736 (UTC)] info/application	[Sensor] Updated distance: 22.2511607402708 cm | Severity=75 | SourceName=Sensor | EventType=application | SourceNode=ns=1;s=SensorSource
[Anomaly Input] [2026-08-16 20:46:17.736 (UTC)] info/application	[Sensor] Updated distance: 17.7582683629628 cm | Severity=75 | SourceName=Sensor2 | EventType=application | SourceNode=ns=1;s=SensorSource2
[Anomaly Input] [2026-08-16 20:46:17.737 (UTC)] info/application	[Sensor] Updated distance: 18.3362065268849 cm | Severity=75 | SourceName=Sensor3 | EventType=application | SourceNode=ns=1;s=SensorSource3
[Anomaly Input] [2026-08-16 20:46:18.232 (UTC)] info/application	[Motor] Received distance: 17.7582683629628 cm | Severity=75 | SourceName=Motor2 | EventType=application | SourceNode=ns=1;s=MotorSource2
[Anomaly Input] [2026-08-16 20:46:18.232 (UTC)] info/application	[Motor] Received distance: 18.3362065268849 cm | Severity=75 | SourceName=Motor3 | EventType=application | SourceNode=ns=1;s=MotorSource3
[Anomaly Input] [2026-08-16 20:46:18.240 (UTC)] info/application	[Motor] Received distance: 22.2511607402708 cm | Severity=75 | SourceName=Motor | EventType=application | SourceNode=ns=1;s=MotorSource
[Anomaly Input] [2026-08-16 20:46:18.232 (UTC)] warn/application	[Motor] Distance too close (17.7582683629628); rotating motor to 0 degrees | Severity=175 | SourceName=Motor2 | EventType=application | SourceNode=ns=1;s=MotorSource2
[Anomaly Input] [2026-08-16 20:46:18.232 (UTC)] warn/application	[Motor] Distance too close (18.3362065268849); rotating motor to 0 degrees | Severity=175 | SourceName=Motor3 | EventType=application | SourceNode=ns=1;s=MotorSource3
[Anomaly Input] [2026-08-16 20:46:18.240 (UTC)] info/application	[Motor] Distance safe (22.2511607402708); rotating motor to 90 degrees | Severity=75 | SourceName=Motor | EventType=application | SourceNode=ns=1;s=MotorSource
[Anomaly Input] [2026-08-16 20:46:18.736 (UTC)] info/application	[Sensor] Updated distance: 23.5410674389177 cm | Severity=75 | SourceName=Sensor | EventType=application | SourceNode=ns=1;s=SensorSource
[Anomaly Input] [2026-08-16 20:46:18.736 (UTC)] info/application	[Sensor] Updated distance: 17.0558990687392 cm | Severity=75 | SourceName=Sensor2 | EventType=application | SourceNode=ns=1;s=SensorSource2
[Anomaly Input] [2026-08-16 20:46:18.737 (UTC)] info/application	[Sensor] Updated distance: 19.3333289387325 cm | Severity=75 | SourceName=Sensor3 | EventType=application | SourceNode=ns=1;s=SensorSource3
[Anomaly Input] [2026-08-16 20:46:19.232 (UTC)] info/application	[Motor] Received distance: 23.5410674389177 cm | Severity=75 | SourceName=Motor | EventType=application | SourceNode=ns=1;s=MotorSource
[Anomaly Input] [2026-08-16 20:46:19.232 (UTC)] info/application	[Motor] Received distance: 19.3333289387325 cm | Severity=75 | SourceName=Motor3 | EventType=application | SourceNode=ns=1;s=MotorSource3
[Anomaly Input] [2026-08-16 20:46:19.240 (UTC)] info/application	[Motor] Received distance: 17.0558990687392 cm | Severity=75 | SourceName=Motor2 | EventType=application | SourceNode=ns=1;s=MotorSource2
[Anomaly Input] [2026-08-16 20:46:19.232 (UTC)] info/application	[Motor] Distance safe (23.5410674389177); rotating motor to 90 degrees | Severity=75 | SourceName=Motor | EventType=application | SourceNode=ns=1;s=MotorSource
[Anomaly Input] [2026-08-16 20:46:19.232 (UTC)] warn/application	[Motor] Distance too close (19.3333289387325); rotating motor to 0 degrees | Severity=175 | SourceName=Motor3 | EventType=application | SourceNode=ns=1;s=MotorSource3
[Anomaly Input] [2026-08-16 20:46:19.240 (UTC)] warn/application	[Motor] Distance too close (17.0558990687392); rotating motor to 0 degrees | Severity=175 | SourceName=Motor2 | EventType=application | SourceNode=ns=1;s=MotorSource2
[Anomaly Input] [2026-08-16 20:46:19.737 (UTC)] info/application	[Sensor] Updated distance: 18.3172912648028 cm | Severity=75 | SourceName=Sensor2 | EventType=application | SourceNode=ns=1;s=SensorSource2
[Anomaly Input] [2026-08-16 20:46:19.737 (UTC)] info/application	[Sensor] Updated distance: 23.2951883123234 cm | Severity=75 | SourceName=Sensor | EventType=application | SourceNode=ns=1;s=SensorSource
[Anomaly Input] [2026-08-16 20:46:19.737 (UTC)] info/application	[Sensor] Updated distance: 20.3619126956267 cm | Severity=75 | SourceName=Sensor3 | EventType=application | SourceNode=ns=1;s=SensorSource3
[Anomaly Input] [2026-08-16 20:46:20.232 (UTC)] info/application	[Motor] Received distance: 18.3172912648028 cm | Severity=75 | SourceName=Motor2 | EventType=application | SourceNode=ns=1;s=MotorSource2
[Anomaly Input] [2026-08-16 20:46:20.232 (UTC)] info/application	[Motor] Received distance: 20.3619126956267 cm | Severity=75 | SourceName=Motor3 | EventType=application | SourceNode=ns=1;s=MotorSource3
[Anomaly Input] [2026-08-16 20:46:20.240 (UTC)] info/application	[Motor] Received distance: 23.2951883123234 cm | Severity=75 | SourceName=Motor | EventType=application | SourceNode=ns=1;s=MotorSource
[Anomaly Input] [2026-08-16 20:46:20.232 (UTC)] warn/application	[Motor] Distance too close (18.3172912648028); rotating motor to 0 degrees | Severity=175 | SourceName=Motor2 | EventType=application | SourceNode=ns=1;s=MotorSource2
[Anomaly Input] [2026-08-16 20:46:20.232 (UTC)] info/application	[Motor] Distance safe (20.3619126956267); rotating motor to 90 degrees | Severity=75 | SourceName=Motor3 | EventType=application | SourceNode=ns=1;s=MotorSource3
[Anomaly Input] [2026-08-16 20:46:20.240 (UTC)] info/application	[Motor] Distance safe (23.2951883123234); rotating motor to 90 degrees | Severity=75 | SourceName=Motor | EventType=application | SourceNode=ns=1;s=MotorSource
[Anomaly Input] [2026-08-16 20:46:20.737 (UTC)] info/application	[Sensor] Updated distance: 17.7216770745449 cm | Severity=75 | SourceName=Sensor2 | EventType=application | SourceNode=ns=1;s=SensorSource2
[Anomaly Input] [2026-08-16 20:46:20.737 (UTC)] info/application	[Sensor] Updated distance: 22.7771857761672 cm | Severity=75 | SourceName=Sensor | EventType=application | SourceNode=ns=1;s=SensorSource
[Anomaly Input] [2026-08-16 20:46:20.737 (UTC)] info/application	[Sensor] Updated distance: 19.2973605521476 cm | Severity=75 | SourceName=Sensor3 | EventType=application | SourceNode=ns=1;s=SensorSource3
[Anomaly Input] [2026-08-16 20:46:21.232 (UTC)] info/application	[Motor] Received distance: 22.7771857761672 cm | Severity=75 | SourceName=Motor | EventType=application | SourceNode=ns=1;s=MotorSource
[Anomaly Input] [2026-08-16 20:46:21.232 (UTC)] info/application	[Motor] Received distance: 19.2973605521476 cm | Severity=75 | SourceName=Motor3 | EventType=application | SourceNode=ns=1;s=MotorSource3
[Anomaly Input] [2026-08-16 20:46:21.241 (UTC)] info/application	[Motor] Received distance: 17.7216770745449 cm | Severity=75 | SourceName=Motor2 | EventType=application | SourceNode=ns=1;s=MotorSource2
[Anomaly Input] [2026-08-16 20:46:21.232 (UTC)] info/application	[Motor] Distance safe (22.7771857761672); rotating motor to 90 degrees | Severity=75 | SourceName=Motor | EventType=application | SourceNode=ns=1;s=MotorSource
[Anomaly Input] [2026-08-16 20:46:21.232 (UTC)] warn/application	[Motor] Distance too close (19.2973605521476); rotating motor to 0 degrees | Severity=175 | SourceName=Motor3 | EventType=application | SourceNode=ns=1;s=MotorSource3
[Anomaly Input] [2026-08-16 20:46:21.241 (UTC)] warn/application	[Motor] Distance too close (17.7216770745449); rotating motor to 0 degrees | Severity=175 | SourceName=Motor2 | EventType=application | SourceNode=ns=1;s=MotorSource2
[Anomaly Input] [2026-08-16 20:46:21.736 (UTC)] info/application	[Sensor] Updated distance: 19.1400920421072 cm | Severity=75 | SourceName=Sensor2 | EventType=application | SourceNode=ns=1;s=SensorSource2
[Anomaly Input] [2026-08-16 20:46:21.737 (UTC)] info/application	[Sensor] Updated distance: 19.622486832143 cm | Severity=75 | SourceName=Sensor3 | EventType=application | SourceNode=ns=1;s=SensorSource3
[Anomaly Input] [2026-08-16 20:46:21.737 (UTC)] info/application	[Sensor] Updated distance: 23.0997960197738 cm | Severity=75 | SourceName=Sensor | EventType=application | SourceNode=ns=1;s=SensorSource
[Anomaly Input] [2026-08-16 20:46:22.231 (UTC)] info/application	[Motor] Received distance: 19.1400920421072 cm | Severity=75 | SourceName=Motor2 | EventType=application | SourceNode=ns=1;s=MotorSource2
[Anomaly Input] [2026-08-16 20:46:22.232 (UTC)] info/application	[Motor] Received distance: 19.622486832143 cm | Severity=75 | SourceName=Motor3 | EventType=application | SourceNode=ns=1;s=MotorSource3
[Anomaly Input] [2026-08-16 20:46:22.239 (UTC)] info/application	[Motor] Received distance: 23.0997960197738 cm | Severity=75 | SourceName=Motor | EventType=application | SourceNode=ns=1;s=MotorSource
[Anomaly Input] [2026-08-16 20:46:22.231 (UTC)] warn/application	[Motor] Distance too close (19.1400920421072); rotating motor to 0 degrees | Severity=175 | SourceName=Motor2 | EventType=application | SourceNode=ns=1;s=MotorSource2
[Anomaly Input] [2026-08-16 20:46:22.232 (UTC)] warn/application	[Motor] Distance too close (19.622486832143); rotating motor to 0 degrees | Severity=175 | SourceName=Motor3 | EventType=application | SourceNode=ns=1;s=MotorSource3
[Anomaly Input] [2026-08-16 20:46:22.239 (UTC)] info/application	[Motor] Distance safe (23.0997960197738); rotating motor to 90 degrees | Severity=75 | SourceName=Motor | EventType=application | SourceNode=ns=1;s=MotorSource
[Anomaly Input] [2026-08-16 20:46:22.735 (UTC)] info/application	[Sensor] Updated distance: 19.8729613189925 cm | Severity=75 | SourceName=Sensor2 | EventType=application | SourceNode=ns=1;s=SensorSource2
[Anomaly Input] [2026-08-16 20:46:22.737 (UTC)] info/application	[Sensor] Updated distance: 24.3491882445985 cm | Severity=75 | SourceName=Sensor | EventType=application | SourceNode=ns=1;s=SensorSource
[Anomaly Input] [2026-08-16 20:46:22.737 (UTC)] info/application	[Sensor] Updated distance: 18.3055269235305 cm | Severity=75 | SourceName=Sensor3 | EventType=application | SourceNode=ns=1;s=SensorSource3
[Anomaly Input] [2026-08-16 20:46:23.231 (UTC)] info/application	[Motor] Received distance: 19.8729613189925 cm | Severity=75 | SourceName=Motor2 | EventType=application | SourceNode=ns=1;s=MotorSource2
[Anomaly Input] [2026-08-16 20:46:23.232 (UTC)] info/application	[Motor] Received distance: 24.3491882445985 cm | Severity=75 | SourceName=Motor | EventType=application | SourceNode=ns=1;s=MotorSource
[Anomaly Input] [2026-08-16 20:46:23.232 (UTC)] info/application	[Motor] Received distance: 18.3055269235305 cm | Severity=75 | SourceName=Motor3 | EventType=application | SourceNode=ns=1;s=MotorSource3
[Anomaly Input] [2026-08-16 20:46:23.231 (UTC)] warn/application	[Motor] Distance too close (19.8729613189925); rotating motor to 0 degrees | Severity=175 | SourceName=Motor2 | EventType=application | SourceNode=ns=1;s=MotorSource2
[Anomaly Input] [2026-08-16 20:46:23.232 (UTC)] info/application	[Motor] Distance safe (24.3491882445985); rotating motor to 90 degrees | Severity=75 | SourceName=Motor | EventType=application | SourceNode=ns=1;s=MotorSource
[Anomaly Input] [2026-08-16 20:46:23.232 (UTC)] warn/application	[Motor] Distance too close (18.3055269235305); rotating motor to 0 degrees | Severity=175 | SourceName=Motor3 | EventType=application | SourceNode=ns=1;s=MotorSource3
[Anomaly Input] [2026-08-16 20:46:23.735 (UTC)] info/application	[Sensor] Updated distance: 20.0231454765998 cm | Severity=75 | SourceName=Sensor2 | EventType=application | SourceNode=ns=1;s=SensorSource2
[Anomaly Input] [2026-08-16 20:46:23.737 (UTC)] info/application	[Sensor] Updated distance: 24.2077287038358 cm | Severity=75 | SourceName=Sensor | EventType=application | SourceNode=ns=1;s=SensorSource
[Anomaly Input] [2026-08-16 20:46:23.737 (UTC)] info/application	[Sensor] Updated distance: 17.1206343614592 cm | Severity=75 | SourceName=Sensor3 | EventType=application | SourceNode=ns=1;s=SensorSource3
[Anomaly Input] [2026-08-16 20:46:24.230 (UTC)] info/application	[Motor] Received distance: 20.0231454765998 cm | Severity=75 | SourceName=Motor2 | EventType=application | SourceNode=ns=1;s=MotorSource2
[Anomaly Input] [2026-08-16 20:46:24.232 (UTC)] info/application	[Motor] Received distance: 17.1206343614592 cm | Severity=75 | SourceName=Motor3 | EventType=application | SourceNode=ns=1;s=MotorSource3
[Anomaly Input] [2026-08-16 20:46:24.240 (UTC)] info/application	[Motor] Received distance: 24.2077287038358 cm | Severity=75 | SourceName=Motor | EventType=application | SourceNode=ns=1;s=MotorSource
[Anomaly Input] [2026-08-16 20:46:24.230 (UTC)] info/application	[Motor] Distance safe (20.0231454765998); rotating motor to 90 degrees | Severity=75 | SourceName=Motor2 | EventType=application | SourceNode=ns=1;s=MotorSource2
[Anomaly Input] [2026-08-16 20:46:24.232 (UTC)] warn/application	[Motor] Distance too close (17.1206343614592); rotating motor to 0 degrees | Severity=175 | SourceName=Motor3 | EventType=application | SourceNode=ns=1;s=MotorSource3
[Anomaly Input] [2026-08-16 20:46:24.240 (UTC)] info/application	[Motor] Distance safe (24.2077287038358); rotating motor to 90 degrees | Severity=75 | SourceName=Motor | EventType=application | SourceNode=ns=1;s=MotorSource
[Anomaly Input] [2026-08-16 20:46:24.735 (UTC)] info/application	[Sensor] Updated distance: 20.5979927124446 cm | Severity=75 | SourceName=Sensor2 | EventType=application | SourceNode=ns=1;s=SensorSource2
[Anomaly Input] [2026-08-16 20:46:24.737 (UTC)] info/application	[Sensor] Updated distance: 23.7947053098095 cm | Severity=75 | SourceName=Sensor | EventType=application | SourceNode=ns=1;s=SensorSource
[Anomaly Input] [2026-08-16 20:46:24.737 (UTC)] info/application	[Sensor] Updated distance: 16.6417470926613 cm | Severity=75 | SourceName=Sensor3 | EventType=application | SourceNode=ns=1;s=SensorSource3
[Anomaly Input] [2026-08-16 20:46:25.231 (UTC)] info/application	[Motor] Received distance: 20.5979927124446 cm | Severity=75 | SourceName=Motor2 | EventType=application | SourceNode=ns=1;s=MotorSource2
[Anomaly Input] [2026-08-16 20:46:25.232 (UTC)] info/application	[Motor] Received distance: 23.7947053098095 cm | Severity=75 | SourceName=Motor | EventType=application | SourceNode=ns=1;s=MotorSource
[Anomaly Input] [2026-08-16 20:46:25.232 (UTC)] info/application	[Motor] Received distance: 16.6417470926613 cm | Severity=75 | SourceName=Motor3 | EventType=application | SourceNode=ns=1;s=MotorSource3
[Anomaly Input] [2026-08-16 20:46:25.231 (UTC)] info/application	[Motor] Distance safe (20.5979927124446); rotating motor to 90 degrees | Severity=75 | SourceName=Motor2 | EventType=application | SourceNode=ns=1;s=MotorSource2
[Anomaly Input] [2026-08-16 20:46:25.232 (UTC)] info/application	[Motor] Distance safe (23.7947053098095); rotating motor to 90 degrees | Severity=75 | SourceName=Motor | EventType=application | SourceNode=ns=1;s=MotorSource
[Anomaly Input] [2026-08-16 20:46:25.232 (UTC)] warn/application	[Motor] Distance too close (16.6417470926613); rotating motor to 0 degrees | Severity=175 | SourceName=Motor3 | EventType=application | SourceNode=ns=1;s=MotorSource3
[Anomaly Input] [2026-08-16 20:46:25.727 (UTC)] info/application	[Sensor] Updated distance: 24.2607742318701 cm | Severity=75 | SourceName=Sensor | EventType=application | SourceNode=ns=1;s=SensorSource
[Anomaly Input] [2026-08-16 20:46:25.735 (UTC)] info/application	[Sensor] Updated distance: 20.8812122411938 cm | Severity=75 | SourceName=Sensor2 | EventType=application | SourceNode=ns=1;s=SensorSource2
[Anomaly Input] [2026-08-16 20:46:25.738 (UTC)] info/application	[Sensor] Updated distance: 15.4438406801521 cm | Severity=75 | SourceName=Sensor3 | EventType=application | SourceNode=ns=1;s=SensorSource3
[Anomaly Input] [2026-08-16 20:46:26.232 (UTC)] info/application	[Motor] Received distance: 20.8812122411938 cm | Severity=75 | SourceName=Motor2 | EventType=application | SourceNode=ns=1;s=MotorSource2
[Anomaly Input] [2026-08-16 20:46:26.233 (UTC)] info/application	[Motor] Received distance: 15.4438406801521 cm | Severity=75 | SourceName=Motor3 | EventType=application | SourceNode=ns=1;s=MotorSource3
[Anomaly Input] [2026-08-16 20:46:26.241 (UTC)] info/application	[Motor] Received distance: 24.2607742318701 cm | Severity=75 | SourceName=Motor | EventType=application | SourceNode=ns=1;s=MotorSource
[Anomaly Input] [2026-08-16 20:46:26.232 (UTC)] info/application	[Motor] Distance safe (20.8812122411938); rotating motor to 90 degrees | Severity=75 | SourceName=Motor2 | EventType=application | SourceNode=ns=1;s=MotorSource2
[Anomaly Input] [2026-08-16 20:46:26.233 (UTC)] warn/application	[Motor] Distance too close (15.4438406801521); rotating motor to 0 degrees | Severity=175 | SourceName=Motor3 | EventType=application | SourceNode=ns=1;s=MotorSource3
[Anomaly Input] [2026-08-16 20:46:26.241 (UTC)] info/application	[Motor] Distance safe (24.2607742318701); rotating motor to 90 degrees | Severity=75 | SourceName=Motor | EventType=application | SourceNode=ns=1;s=MotorSource
[Anomaly Input] [2026-08-16 20:46:26.728 (UTC)] info/application	[Sensor] Updated distance: 24.306189642896 cm | Severity=75 | SourceName=Sensor | EventType=application | SourceNode=ns=1;s=SensorSource
[Anomaly Input] [2026-08-16 20:46:26.734 (UTC)] info/application	[Sensor] Updated distance: 21.7779979495229 cm | Severity=75 | SourceName=Sensor2 | EventType=application | SourceNode=ns=1;s=SensorSource2
[Anomaly Input] [2026-08-16 20:46:26.738 (UTC)] info/application	[Sensor] Updated distance: 14.3861850017617 cm | Severity=75 | SourceName=Sensor3 | EventType=application | SourceNode=ns=1;s=SensorSource3
[Anomaly Input] [2026-08-16 20:46:27.230 (UTC)] info/application	[Motor] Received distance: 21.7779979495229 cm | Severity=75 | SourceName=Motor2 | EventType=application | SourceNode=ns=1;s=MotorSource2
[Anomaly Input] [2026-08-16 20:46:27.233 (UTC)] info/application	[Motor] Received distance: 24.306189642896 cm | Severity=75 | SourceName=Motor | EventType=application | SourceNode=ns=1;s=MotorSource
[Anomaly Input] [2026-08-16 20:46:27.240 (UTC)] info/application	[Motor] Received distance: 14.3861850017617 cm | Severity=75 | SourceName=Motor3 | EventType=application | SourceNode=ns=1;s=MotorSource3
[Anomaly Input] [2026-08-16 20:46:27.230 (UTC)] info/application	[Motor] Distance safe (21.7779979495229); rotating motor to 90 degrees | Severity=75 | SourceName=Motor2 | EventType=application | SourceNode=ns=1;s=MotorSource2
[Anomaly Input] [2026-08-16 20:46:27.233 (UTC)] info/application	[Motor] Distance safe (24.306189642896); rotating motor to 90 degrees | Severity=75 | SourceName=Motor | EventType=application | SourceNode=ns=1;s=MotorSource
[Anomaly Input] [2026-08-16 20:46:27.240 (UTC)] warn/application	[Motor] Distance too close (14.3861850017617); rotating motor to 0 degrees | Severity=175 | SourceName=Motor3 | EventType=application | SourceNode=ns=1;s=MotorSource3
[Anomaly Input] [2026-08-16 20:46:27.728 (UTC)] info/application	[Sensor] Updated distance: 23.6465637884785 cm | Severity=75 | SourceName=Sensor | EventType=application | SourceNode=ns=1;s=SensorSource
[Anomaly Input] [2026-08-16 20:46:27.734 (UTC)] info/application	[Sensor] Updated distance: 20.8195318916438 cm | Severity=75 | SourceName=Sensor2 | EventType=application | SourceNode=ns=1;s=SensorSource2
[Anomaly Input] [2026-08-16 20:46:27.737 (UTC)] info/application	[Sensor] Updated distance: 14.271041690731 cm | Severity=75 | SourceName=Sensor3 | EventType=application | SourceNode=ns=1;s=SensorSource3
[Anomaly Input] [2026-08-16 20:46:28.230 (UTC)] info/application	[Motor] Received distance: 20.8195318916438 cm | Severity=75 | SourceName=Motor2 | EventType=application | SourceNode=ns=1;s=MotorSource2
[Anomaly Input] [2026-08-16 20:46:28.232 (UTC)] info/application	[Motor] Received distance: 14.271041690731 cm | Severity=75 | SourceName=Motor3 | EventType=application | SourceNode=ns=1;s=MotorSource3
[Anomaly Input] [2026-08-16 20:46:28.240 (UTC)] info/application	[Motor] Received distance: 23.6465637884785 cm | Severity=75 | SourceName=Motor | EventType=application | SourceNode=ns=1;s=MotorSource
[Anomaly Input] [2026-08-16 20:46:28.230 (UTC)] info/application	[Motor] Distance safe (20.8195318916438); rotating motor to 90 degrees | Severity=75 | SourceName=Motor2 | EventType=application | SourceNode=ns=1;s=MotorSource2
[Anomaly Input] [2026-08-16 20:46:28.232 (UTC)] warn/application	[Motor] Distance too close (14.271041690731); rotating motor to 0 degrees | Severity=175 | SourceName=Motor3 | EventType=application | SourceNode=ns=1;s=MotorSource3
[Anomaly Input] [2026-08-16 20:46:28.240 (UTC)] info/application	[Motor] Distance safe (23.6465637884785); rotating motor to 90 degrees | Severity=75 | SourceName=Motor | EventType=application | SourceNode=ns=1;s=MotorSource
[Anomaly Input] [2026-08-16 20:46:28.727 (UTC)] info/application	[Sensor] Updated distance: 22.3829001706945 cm | Severity=75 | SourceName=Sensor | EventType=application | SourceNode=ns=1;s=SensorSource
[Anomaly Input] [2026-08-16 20:46:28.734 (UTC)] info/application	[Sensor] Updated distance: 21.8537239562039 cm | Severity=75 | SourceName=Sensor2 | EventType=application | SourceNode=ns=1;s=SensorSource2
[Anomaly Input] [2026-08-16 20:46:28.736 (UTC)] info/application	[Sensor] Updated distance: 15.0716836909166 cm | Severity=75 | SourceName=Sensor3 | EventType=application | SourceNode=ns=1;s=SensorSource3
[Anomaly Input] [2026-08-16 20:46:29.231 (UTC)] info/application	[Motor] Received distance: 21.8537239562039 cm | Severity=75 | SourceName=Motor2 | EventType=application | SourceNode=ns=1;s=MotorSource2
[Anomaly Input] [2026-08-16 20:46:29.231 (UTC)] info/application	[Motor] Received distance: 15.0716836909166 cm | Severity=75 | SourceName=Motor3 | EventType=application | SourceNode=ns=1;s=MotorSource3
[Anomaly Input] [2026-08-16 20:46:29.233 (UTC)] info/application	[Motor] Received distance: 22.3829001706945 cm | Severity=75 | SourceName=Motor | EventType=application | SourceNode=ns=1;s=MotorSource
[Anomaly Input] [2026-08-16 20:46:29.231 (UTC)] info/application	[Motor] Distance safe (21.8537239562039); rotating motor to 90 degrees | Severity=75 | SourceName=Motor2 | EventType=application | SourceNode=ns=1;s=MotorSource2
[Anomaly Input] [2026-08-16 20:46:29.231 (UTC)] warn/application	[Motor] Distance too close (15.0716836909166); rotating motor to 0 degrees | Severity=175 | SourceName=Motor3 | EventType=application | SourceNode=ns=1;s=MotorSource3
[Anomaly Input] [2026-08-16 20:46:29.233 (UTC)] info/application	[Motor] Distance safe (22.3829001706945); rotating motor to 90 degrees | Severity=75 | SourceName=Motor | EventType=application | SourceNode=ns=1;s=MotorSource
[Anomaly Input] [2026-08-16 20:46:29.727 (UTC)] info/application	[Sensor] Updated distance: 20.9222262526966 cm | Severity=75 | SourceName=Sensor | EventType=application | SourceNode=ns=1;s=SensorSource
[Anomaly Input] [2026-08-16 20:46:29.734 (UTC)] info/application	[Sensor] Updated distance: 22.9260775867971 cm | Severity=75 | SourceName=Sensor2 | EventType=application | SourceNode=ns=1;s=SensorSource2
[Anomaly Input] [2026-08-16 20:46:29.736 (UTC)] info/application	[Sensor] Updated distance: 14.7584005930733 cm | Severity=75 | SourceName=Sensor3 | EventType=application | SourceNode=ns=1;s=SensorSource3
[Anomaly Input] [2026-08-16 20:46:30.231 (UTC)] info/application	[Motor] Received distance: 14.7584005930733 cm | Severity=75 | SourceName=Motor3 | EventType=application | SourceNode=ns=1;s=MotorSource3
[Anomaly Input] [2026-08-16 20:46:30.232 (UTC)] info/application	[Motor] Received distance: 22.9260775867971 cm | Severity=75 | SourceName=Motor2 | EventType=application | SourceNode=ns=1;s=MotorSource2
[Anomaly Input] [2026-08-16 20:46:30.241 (UTC)] info/application	[Motor] Received distance: 20.9222262526966 cm | Severity=75 | SourceName=Motor | EventType=application | SourceNode=ns=1;s=MotorSource
[Anomaly Input] [2026-08-16 20:46:30.231 (UTC)] warn/application	[Motor] Distance too close (14.7584005930733); rotating motor to 0 degrees | Severity=175 | SourceName=Motor3 | EventType=application | SourceNode=ns=1;s=MotorSource3
[Anomaly Input] [2026-08-16 20:46:30.232 (UTC)] info/application	[Motor] Distance safe (22.9260775867971); rotating motor to 90 degrees | Severity=75 | SourceName=Motor2 | EventType=application | SourceNode=ns=1;s=MotorSource2
[Anomaly Input] [2026-08-16 20:46:30.241 (UTC)] info/application	[Motor] Distance safe (20.9222262526966); rotating motor to 90 degrees | Severity=75 | SourceName=Motor | EventType=application | SourceNode=ns=1;s=MotorSource
[Anomaly Input] [2026-08-16 20:46:30.734 (UTC)] info/application	[Sensor] Updated distance: 23.0719195022583 cm | Severity=75 | SourceName=Sensor2 | EventType=application | SourceNode=ns=1;s=SensorSource2
[Anomaly Input] [2026-08-16 20:46:30.735 (UTC)] info/application	[Sensor] Updated distance: 15.7642368649897 cm | Severity=75 | SourceName=Sensor3 | EventType=application | SourceNode=ns=1;s=SensorSource3
[Anomaly Input] [2026-08-16 20:46:30.737 (UTC)] info/application	[Sensor] Updated distance: 21.5802410997358 cm | Severity=75 | SourceName=Sensor | EventType=application | SourceNode=ns=1;s=SensorSource
[Anomaly Input] [2026-08-16 20:46:31.232 (UTC)] info/application	[Motor] Received distance: 15.7642368649897 cm | Severity=75 | SourceName=Motor3 | EventType=application | SourceNode=ns=1;s=MotorSource3
[Anomaly Input] [2026-08-16 20:46:31.232 (UTC)] info/application	[Motor] Received distance: 23.0719195022583 cm | Severity=75 | SourceName=Motor2 | EventType=application | SourceNode=ns=1;s=MotorSource2
[Anomaly Input] [2026-08-16 20:46:31.232 (UTC)] info/application	[Motor] Received distance: 21.5802410997358 cm | Severity=75 | SourceName=Motor | EventType=application | SourceNode=ns=1;s=MotorSource
[Anomaly Input] [2026-08-16 20:46:31.232 (UTC)] warn/application	[Motor] Distance too close (15.7642368649897); rotating motor to 0 degrees | Severity=175 | SourceName=Motor3 | EventType=application | SourceNode=ns=1;s=MotorSource3
[Anomaly Input] [2026-08-16 20:46:31.232 (UTC)] info/application	[Motor] Distance safe (23.0719195022583); rotating motor to 90 degrees | Severity=75 | SourceName=Motor2 | EventType=application | SourceNode=ns=1;s=MotorSource2
[Anomaly Input] [2026-08-16 20:46:31.232 (UTC)] info/application	[Motor] Distance safe (21.5802410997358); rotating motor to 90 degrees | Severity=75 | SourceName=Motor | EventType=application | SourceNode=ns=1;s=MotorSource
[Anomaly Input] [2026-08-16 20:46:31.733 (UTC)] info/application	[Sensor] Updated distance: 24.3532296832899 cm | Severity=75 | SourceName=Sensor2 | EventType=application | SourceNode=ns=1;s=SensorSource2
[Anomaly Input] [2026-08-16 20:46:31.735 (UTC)] info/application	[Sensor] Updated distance: 15.0869895623005 cm | Severity=75 | SourceName=Sensor3 | EventType=application | SourceNode=ns=1;s=SensorSource3
[Anomaly Input] [2026-08-16 20:46:31.737 (UTC)] info/application	[Sensor] Updated distance: 22.5917053949515 cm | Severity=75 | SourceName=Sensor | EventType=application | SourceNode=ns=1;s=SensorSource
[Anomaly Input] [2026-08-16 20:46:32.229 (UTC)] info/application	[Motor] Received distance: 24.3532296832899 cm | Severity=75 | SourceName=Motor2 | EventType=application | SourceNode=ns=1;s=MotorSource2
[Anomaly Input] [2026-08-16 20:46:32.232 (UTC)] info/application	[Motor] Received distance: 15.0869895623005 cm | Severity=75 | SourceName=Motor3 | EventType=application | SourceNode=ns=1;s=MotorSource3
[Anomaly Input] [2026-08-16 20:46:32.240 (UTC)] info/application	[Motor] Received distance: 22.5917053949515 cm | Severity=75 | SourceName=Motor | EventType=application | SourceNode=ns=1;s=MotorSource
[Anomaly Input] [2026-08-16 20:46:32.229 (UTC)] info/application	[Motor] Distance safe (24.3532296832899); rotating motor to 90 degrees | Severity=75 | SourceName=Motor2 | EventType=application | SourceNode=ns=1;s=MotorSource2
[Anomaly Input] [2026-08-16 20:46:32.232 (UTC)] warn/application	[Motor] Distance too close (15.0869895623005); rotating motor to 0 degrees | Severity=175 | SourceName=Motor3 | EventType=application | SourceNode=ns=1;s=MotorSource3
[Anomaly Input] [2026-08-16 20:46:32.240 (UTC)] info/application	[Motor] Distance safe (22.5917053949515); rotating motor to 90 degrees | Severity=75 | SourceName=Motor | EventType=application | SourceNode=ns=1;s=MotorSource
[Anomaly Input] [2026-08-16 20:46:32.733 (UTC)] info/application	[Sensor] Updated distance: 22.9270429969425 cm | Severity=75 | SourceName=Sensor2 | EventType=application | SourceNode=ns=1;s=SensorSource2
[Anomaly Input] [2026-08-16 20:46:32.735 (UTC)] info/application	[Sensor] Updated distance: 16.4044002496658 cm | Severity=75 | SourceName=Sensor3 | EventType=application | SourceNode=ns=1;s=SensorSource3
[Anomaly Input] [2026-08-16 20:46:32.737 (UTC)] info/application	[Sensor] Updated distance: 23.9679314289093 cm | Severity=75 | SourceName=Sensor | EventType=application | SourceNode=ns=1;s=SensorSource
[Anomaly Input] [2026-08-16 20:46:33.230 (UTC)] info/application	[Motor] Received distance: 22.9270429969425 cm | Severity=75 | SourceName=Motor2 | EventType=application | SourceNode=ns=1;s=MotorSource2
[Anomaly Input] [2026-08-16 20:46:33.231 (UTC)] info/application	[Motor] Received distance: 16.4044002496658 cm | Severity=75 | SourceName=Motor3 | EventType=application | SourceNode=ns=1;s=MotorSource3
[Anomaly Input] [2026-08-16 20:46:33.232 (UTC)] info/application	[Motor] Received distance: 23.9679314289093 cm | Severity=75 | SourceName=Motor | EventType=application | SourceNode=ns=1;s=MotorSource
[Anomaly Input] [2026-08-16 20:46:33.230 (UTC)] info/application	[Motor] Distance safe (22.9270429969425); rotating motor to 90 degrees | Severity=75 | SourceName=Motor2 | EventType=application | SourceNode=ns=1;s=MotorSource2
[Anomaly Input] [2026-08-16 20:46:33.231 (UTC)] warn/application	[Motor] Distance too close (16.4044002496658); rotating motor to 0 degrees | Severity=175 | SourceName=Motor3 | EventType=application | SourceNode=ns=1;s=MotorSource3
[Anomaly Input] [2026-08-16 20:46:33.232 (UTC)] info/application	[Motor] Distance safe (23.9679314289093); rotating motor to 90 degrees | Severity=75 | SourceName=Motor | EventType=application | SourceNode=ns=1;s=MotorSource
[Anomaly Input] [2026-08-16 20:46:33.732 (UTC)] info/application	[Sensor] Updated distance: 22.3806699495207 cm | Severity=75 | SourceName=Sensor2 | EventType=application | SourceNode=ns=1;s=SensorSource2
[Anomaly Input] [2026-08-16 20:46:33.735 (UTC)] info/application	[Sensor] Updated distance: 17.2650172928185 cm | Severity=75 | SourceName=Sensor3 | EventType=application | SourceNode=ns=1;s=SensorSource3
[Anomaly Input] [2026-08-16 20:46:33.737 (UTC)] info/application	[Sensor] Updated distance: 25.1753784379341 cm | Severity=75 | SourceName=Sensor | EventType=application | SourceNode=ns=1;s=SensorSource
[Anomaly Input] [2026-08-16 20:46:34.231 (UTC)] info/application	[Motor] Received distance: 17.2650172928185 cm | Severity=75 | SourceName=Motor3 | EventType=application | SourceNode=ns=1;s=MotorSource3
[Anomaly Input] [2026-08-16 20:46:34.238 (UTC)] info/application	[Motor] Received distance: 22.3806699495207 cm | Severity=75 | SourceName=Motor2 | EventType=application | SourceNode=ns=1;s=MotorSource2
[Anomaly Input] [2026-08-16 20:46:34.241 (UTC)] info/application	[Motor] Received distance: 25.1753784379341 cm | Severity=75 | SourceName=Motor | EventType=application | SourceNode=ns=1;s=MotorSource
[Anomaly Input] [2026-08-16 20:46:34.231 (UTC)] warn/application	[Motor] Distance too close (17.2650172928185); rotating motor to 0 degrees | Severity=175 | SourceName=Motor3 | EventType=application | SourceNode=ns=1;s=MotorSource3
[Anomaly Input] [2026-08-16 20:46:34.238 (UTC)] info/application	[Motor] Distance safe (22.3806699495207); rotating motor to 90 degrees | Severity=75 | SourceName=Motor2 | EventType=application | SourceNode=ns=1;s=MotorSource2
[Anomaly Input] [2026-08-16 20:46:34.241 (UTC)] info/application	[Motor] Distance safe (25.1753784379341); rotating motor to 90 degrees | Severity=75 | SourceName=Motor | EventType=application | SourceNode=ns=1;s=MotorSource
[Anomaly Input] [2026-08-16 20:46:34.732 (UTC)] info/application	[Sensor] Updated distance: 22.0025152335886 cm | Severity=75 | SourceName=Sensor2 | EventType=application | SourceNode=ns=1;s=SensorSource2
[Anomaly Input] [2026-08-16 20:46:34.734 (UTC)] info/application	[Sensor] Updated distance: 18.3025609395944 cm | Severity=75 | SourceName=Sensor3 | EventType=application | SourceNode=ns=1;s=SensorSource3
[Anomaly Input] [2026-08-16 20:46:34.737 (UTC)] info/application	[Sensor] Updated distance: 25.9974939785886 cm | Severity=75 | SourceName=Sensor | EventType=application | SourceNode=ns=1;s=SensorSource
[Anomaly Input] [2026-08-16 20:46:35.232 (UTC)] info/application	[Motor] Received distance: 18.3025609395944 cm | Severity=75 | SourceName=Motor3 | EventType=application | SourceNode=ns=1;s=MotorSource3
[Anomaly Input] [2026-08-16 20:46:35.232 (UTC)] info/application	[Motor] Received distance: 25.9974939785886 cm | Severity=75 | SourceName=Motor | EventType=application | SourceNode=ns=1;s=MotorSource
[Anomaly Input] [2026-08-16 20:46:35.246 (UTC)] info/application	[Motor] Received distance: 22.0025152335886 cm | Severity=75 | SourceName=Motor2 | EventType=application | SourceNode=ns=1;s=MotorSource2
[Anomaly Input] [2026-08-16 20:46:35.232 (UTC)] warn/application	[Motor] Distance too close (18.3025609395944); rotating motor to 0 degrees | Severity=175 | SourceName=Motor3 | EventType=application | SourceNode=ns=1;s=MotorSource3
[Anomaly Input] [2026-08-16 20:46:35.232 (UTC)] info/application	[Motor] Distance safe (25.9974939785886); rotating motor to 90 degrees | Severity=75 | SourceName=Motor | EventType=application | SourceNode=ns=1;s=MotorSource
[Anomaly Input] [2026-08-16 20:46:35.246 (UTC)] info/application	[Motor] Distance safe (22.0025152335886); rotating motor to 90 degrees | Severity=75 | SourceName=Motor2 | EventType=application | SourceNode=ns=1;s=MotorSource2
[Anomaly Input] [2026-08-16 20:46:35.732 (UTC)] info/application	[Sensor] Updated distance: 23.1996707994024 cm | Severity=75 | SourceName=Sensor2 | EventType=application | SourceNode=ns=1;s=SensorSource2
[Anomaly Input] [2026-08-16 20:46:35.734 (UTC)] info/application	[Sensor] Updated distance: 17.4802206535731 cm | Severity=75 | SourceName=Sensor3 | EventType=application | SourceNode=ns=1;s=SensorSource3
[Anomaly Input] [2026-08-16 20:46:35.737 (UTC)] info/application	[Sensor] Updated distance: 24.8151225784398 cm | Severity=75 | SourceName=Sensor | EventType=application | SourceNode=ns=1;s=SensorSource
[Anomaly Input] [2026-08-16 20:46:36.232 (UTC)] info/application	[Motor] Received distance: 17.4802206535731 cm | Severity=75 | SourceName=Motor3 | EventType=application | SourceNode=ns=1;s=MotorSource3
[Anomaly Input] [2026-08-16 20:46:36.237 (UTC)] info/application	[Motor] Received distance: 23.1996707994024 cm | Severity=75 | SourceName=Motor2 | EventType=application | SourceNode=ns=1;s=MotorSource2
[Anomaly Input] [2026-08-16 20:46:36.240 (UTC)] info/application	[Motor] Received distance: 24.8151225784398 cm | Severity=75 | SourceName=Motor | EventType=application | SourceNode=ns=1;s=MotorSource
[Anomaly Input] [2026-08-16 20:46:36.232 (UTC)] warn/application	[Motor] Distance too close (17.4802206535731); rotating motor to 0 degrees | Severity=175 | SourceName=Motor3 | EventType=application | SourceNode=ns=1;s=MotorSource3
[Anomaly Input] [2026-08-16 20:46:36.237 (UTC)] info/application	[Motor] Distance safe (23.1996707994024); rotating motor to 90 degrees | Severity=75 | SourceName=Motor2 | EventType=application | SourceNode=ns=1;s=MotorSource2
[Anomaly Input] [2026-08-16 20:46:36.240 (UTC)] info/application	[Motor] Distance safe (24.8151225784398); rotating motor to 90 degrees | Severity=75 | SourceName=Motor | EventType=application | SourceNode=ns=1;s=MotorSource
[Anomaly Input] [2026-08-16 20:46:36.732 (UTC)] info/application	[Sensor] Updated distance: 23.8235846570803 cm | Severity=75 | SourceName=Sensor2 | EventType=application | SourceNode=ns=1;s=SensorSource2
[Anomaly Input] [2026-08-16 20:46:36.732 (UTC)] info/application	[Sensor] Updated distance: 16.1172056054311 cm | Severity=75 | SourceName=Sensor3 | EventType=application | SourceNode=ns=1;s=SensorSource3
[Anomaly Input] [2026-08-16 20:46:36.737 (UTC)] info/application	[Sensor] Updated distance: 24.9493903331223 cm | Severity=75 | SourceName=Sensor | EventType=application | SourceNode=ns=1;s=SensorSource
[Anomaly Input] [2026-08-16 20:46:37.232 (UTC)] info/application	[Motor] Received distance: 24.9493903331223 cm | Severity=75 | SourceName=Motor | EventType=application | SourceNode=ns=1;s=MotorSource
[Anomaly Input] [2026-08-16 20:46:37.237 (UTC)] info/application	[Motor] Received distance: 16.1172056054311 cm | Severity=75 | SourceName=Motor3 | EventType=application | SourceNode=ns=1;s=MotorSource3
[Anomaly Input] [2026-08-16 20:46:37.245 (UTC)] info/application	[Motor] Received distance: 23.8235846570803 cm | Severity=75 | SourceName=Motor2 | EventType=application | SourceNode=ns=1;s=MotorSource2
[Anomaly Input] [2026-08-16 20:46:37.232 (UTC)] info/application	[Motor] Distance safe (24.9493903331223); rotating motor to 90 degrees | Severity=75 | SourceName=Motor | EventType=application | SourceNode=ns=1;s=MotorSource
[Anomaly Input] [2026-08-16 20:46:37.237 (UTC)] warn/application	[Motor] Distance too close (16.1172056054311); rotating motor to 0 degrees | Severity=175 | SourceName=Motor3 | EventType=application | SourceNode=ns=1;s=MotorSource3
[Anomaly Input] [2026-08-16 20:46:37.245 (UTC)] info/application	[Motor] Distance safe (23.8235846570803); rotating motor to 90 degrees | Severity=75 | SourceName=Motor2 | EventType=application | SourceNode=ns=1;s=MotorSource2
[Anomaly Input] [2026-08-16 20:46:37.731 (UTC)] info/application	[Sensor] Updated distance: 23.0582739364162 cm | Severity=75 | SourceName=Sensor2 | EventType=application | SourceNode=ns=1;s=SensorSource2
[Anomaly Input] [2026-08-16 20:46:37.733 (UTC)] info/application	[Sensor] Updated distance: 16.6777384016559 cm | Severity=75 | SourceName=Sensor3 | EventType=application | SourceNode=ns=1;s=SensorSource3
[Anomaly Input] [2026-08-16 20:46:37.737 (UTC)] info/application	[Sensor] Updated distance: 25.8664538168192 cm | Severity=75 | SourceName=Sensor | EventType=application | SourceNode=ns=1;s=SensorSource
[Anomaly Input] [2026-08-16 20:46:38.228 (UTC)] info/application	[Motor] Received distance: 16.6777384016559 cm | Severity=75 | SourceName=Motor3 | EventType=application | SourceNode=ns=1;s=MotorSource3
[Anomaly Input] [2026-08-16 20:46:38.236 (UTC)] info/application	[Motor] Received distance: 23.0582739364162 cm | Severity=75 | SourceName=Motor2 | EventType=application | SourceNode=ns=1;s=MotorSource2
[Anomaly Input] [2026-08-16 20:46:38.240 (UTC)] info/application	[Motor] Received distance: 25.8664538168192 cm | Severity=75 | SourceName=Motor | EventType=application | SourceNode=ns=1;s=MotorSource
[Anomaly Input] [2026-08-16 20:46:38.228 (UTC)] warn/application	[Motor] Distance too close (16.6777384016559); rotating motor to 0 degrees | Severity=175 | SourceName=Motor3 | EventType=application | SourceNode=ns=1;s=MotorSource3
[Anomaly Input] [2026-08-16 20:46:38.236 (UTC)] info/application	[Motor] Distance safe (23.0582739364162); rotating motor to 90 degrees | Severity=75 | SourceName=Motor2 | EventType=application | SourceNode=ns=1;s=MotorSource2
[Anomaly Input] [2026-08-16 20:46:38.240 (UTC)] info/application	[Motor] Distance safe (25.8664538168192); rotating motor to 90 degrees | Severity=75 | SourceName=Motor | EventType=application | SourceNode=ns=1;s=MotorSource
[Anomaly Input] [2026-08-16 20:46:38.731 (UTC)] info/application	[Sensor] Updated distance: 22.3436627049668 cm | Severity=75 | SourceName=Sensor2 | EventType=application | SourceNode=ns=1;s=SensorSource2
[Anomaly Input] [2026-08-16 20:46:38.733 (UTC)] info/application	[Sensor] Updated distance: 17.2953633676727 cm | Severity=75 | SourceName=Sensor3 | EventType=application | SourceNode=ns=1;s=SensorSource3
[Anomaly Input] [2026-08-16 20:46:38.737 (UTC)] info/application	[Sensor] Updated distance: 26.0802203803697 cm | Severity=75 | SourceName=Sensor | EventType=application | SourceNode=ns=1;s=SensorSource
[Anomaly Input] [2026-08-16 20:46:39.231 (UTC)] info/application	[Motor] Received distance: 17.2953633676727 cm | Severity=75 | SourceName=Motor3 | EventType=application | SourceNode=ns=1;s=MotorSource3
[Anomaly Input] [2026-08-16 20:46:39.232 (UTC)] info/application	[Motor] Received distance: 26.0802203803697 cm | Severity=75 | SourceName=Motor | EventType=application | SourceNode=ns=1;s=MotorSource
[Anomaly Input] [2026-08-16 20:46:39.245 (UTC)] info/application	[Motor] Received distance: 22.3436627049668 cm | Severity=75 | SourceName=Motor2 | EventType=application | SourceNode=ns=1;s=MotorSource2
[Anomaly Input] [2026-08-16 20:46:39.231 (UTC)] warn/application	[Motor] Distance too close (17.2953633676727); rotating motor to 0 degrees | Severity=175 | SourceName=Motor3 | EventType=application | SourceNode=ns=1;s=MotorSource3
[Anomaly Input] [2026-08-16 20:46:39.232 (UTC)] info/application	[Motor] Distance safe (26.0802203803697); rotating motor to 90 degrees | Severity=75 | SourceName=Motor | EventType=application | SourceNode=ns=1;s=MotorSource
[Anomaly Input] [2026-08-16 20:46:39.245 (UTC)] info/application	[Motor] Distance safe (22.3436627049668); rotating motor to 90 degrees | Severity=75 | SourceName=Motor2 | EventType=application | SourceNode=ns=1;s=MotorSource2
[Anomaly Input] [2026-08-16 20:46:39.731 (UTC)] info/application	[Sensor] Updated distance: 23.2650611315691 cm | Severity=75 | SourceName=Sensor2 | EventType=application | SourceNode=ns=1;s=SensorSource2
[Anomaly Input] [2026-08-16 20:46:39.733 (UTC)] info/application	[Sensor] Updated distance: 17.7067412446284 cm | Severity=75 | SourceName=Sensor3 | EventType=application | SourceNode=ns=1;s=SensorSource3
[Anomaly Input] [2026-08-16 20:46:39.737 (UTC)] info/application	[Sensor] Updated distance: 26.9904732883398 cm | Severity=75 | SourceName=Sensor | EventType=application | SourceNode=ns=1;s=SensorSource
[Anomaly Input] [2026-08-16 20:46:40.232 (UTC)] info/application	[Motor] Received distance: 17.7067412446284 cm | Severity=75 | SourceName=Motor3 | EventType=application | SourceNode=ns=1;s=MotorSource3
[Anomaly Input] [2026-08-16 20:46:40.236 (UTC)] info/application	[Motor] Received distance: 23.2650611315691 cm | Severity=75 | SourceName=Motor2 | EventType=application | SourceNode=ns=1;s=MotorSource2
[Anomaly Input] [2026-08-16 20:46:40.241 (UTC)] info/application	[Motor] Received distance: 26.9904732883398 cm | Severity=75 | SourceName=Motor | EventType=application | SourceNode=ns=1;s=MotorSource
[Anomaly Input] [2026-08-16 20:46:40.232 (UTC)] warn/application	[Motor] Distance too close (17.7067412446284); rotating motor to 0 degrees | Severity=175 | SourceName=Motor3 | EventType=application | SourceNode=ns=1;s=MotorSource3
[Anomaly Input] [2026-08-16 20:46:40.236 (UTC)] info/application	[Motor] Distance safe (23.2650611315691); rotating motor to 90 degrees | Severity=75 | SourceName=Motor2 | EventType=application | SourceNode=ns=1;s=MotorSource2
[Anomaly Input] [2026-08-16 20:46:40.241 (UTC)] info/application	[Motor] Distance safe (26.9904732883398); rotating motor to 90 degrees | Severity=75 | SourceName=Motor | EventType=application | SourceNode=ns=1;s=MotorSource
[Anomaly Input] [2026-08-16 20:46:40.731 (UTC)] info/application	[Sensor] Updated distance: 24.2420956335227 cm | Severity=75 | SourceName=Sensor2 | EventType=application | SourceNode=ns=1;s=SensorSource2
[Anomaly Input] [2026-08-16 20:46:40.732 (UTC)] info/application	[Sensor] Updated distance: 16.6748602579696 cm | Severity=75 | SourceName=Sensor3 | EventType=application | SourceNode=ns=1;s=SensorSource3
[Anomaly Input] [2026-08-16 20:46:40.737 (UTC)] info/application	[Sensor] Updated distance: 27.4329659088668 cm | Severity=75 | SourceName=Sensor | EventType=application | SourceNode=ns=1;s=SensorSource
[Anomaly Input] [2026-08-16 20:46:41.232 (UTC)] info/application	[Motor] Received distance: 27.4329659088668 cm | Severity=75 | SourceName=Motor | EventType=application | SourceNode=ns=1;s=MotorSource
[Anomaly Input] [2026-08-16 20:46:41.237 (UTC)] info/application	[Motor] Received distance: 16.6748602579696 cm | Severity=75 | SourceName=Motor3 | EventType=application | SourceNode=ns=1;s=MotorSource3
[Anomaly Input] [2026-08-16 20:46:41.245 (UTC)] info/application	[Motor] Received distance: 24.2420956335227 cm | Severity=75 | SourceName=Motor2 | EventType=application | SourceNode=ns=1;s=MotorSource2
[Anomaly Input] [2026-08-16 20:46:41.232 (UTC)] info/application	[Motor] Distance safe (27.4329659088668); rotating motor to 90 degrees | Severity=75 | SourceName=Motor | EventType=application | SourceNode=ns=1;s=MotorSource
[Anomaly Input] [2026-08-16 20:46:41.237 (UTC)] warn/application	[Motor] Distance too close (16.6748602579696); rotating motor to 0 degrees | Severity=175 | SourceName=Motor3 | EventType=application | SourceNode=ns=1;s=MotorSource3
[Anomaly Input] [2026-08-16 20:46:41.245 (UTC)] info/application	[Motor] Distance safe (24.2420956335227); rotating motor to 90 degrees | Severity=75 | SourceName=Motor2 | EventType=application | SourceNode=ns=1;s=MotorSource2
[Anomaly Input] [2026-08-16 20:46:41.730 (UTC)] info/application	[Sensor] Updated distance: 25.6670940817181 cm | Severity=75 | SourceName=Sensor2 | EventType=application | SourceNode=ns=1;s=SensorSource2
[Anomaly Input] [2026-08-16 20:46:41.732 (UTC)] info/application	[Sensor] Updated distance: 18.0299660640442 cm | Severity=75 | SourceName=Sensor3 | EventType=application | SourceNode=ns=1;s=SensorSource3
[Anomaly Input] [2026-08-16 20:46:41.737 (UTC)] info/application	[Sensor] Updated distance: 27.4689122629207 cm | Severity=75 | SourceName=Sensor | EventType=application | SourceNode=ns=1;s=SensorSource
[Anomaly Input] [2026-08-16 20:46:42.235 (UTC)] info/application	[Motor] Received distance: 25.6670940817181 cm | Severity=75 | SourceName=Motor2 | EventType=application | SourceNode=ns=1;s=MotorSource2
[Anomaly Input] [2026-08-16 20:46:42.240 (UTC)] info/application	[Motor] Received distance: 27.4689122629207 cm | Severity=75 | SourceName=Motor | EventType=application | SourceNode=ns=1;s=MotorSource
[Anomaly Input] [2026-08-16 20:46:42.245 (UTC)] info/application	[Motor] Received distance: 18.0299660640442 cm | Severity=75 | SourceName=Motor3 | EventType=application | SourceNode=ns=1;s=MotorSource3
[Anomaly Input] [2026-08-16 20:46:42.235 (UTC)] info/application	[Motor] Distance safe (25.6670940817181); rotating motor to 90 degrees | Severity=75 | SourceName=Motor2 | EventType=application | SourceNode=ns=1;s=MotorSource2
[Anomaly Input] [2026-08-16 20:46:42.240 (UTC)] info/application	[Motor] Distance safe (27.4689122629207); rotating motor to 90 degrees | Severity=75 | SourceName=Motor | EventType=application | SourceNode=ns=1;s=MotorSource
[Anomaly Input] [2026-08-16 20:46:42.245 (UTC)] warn/application	[Motor] Distance too close (18.0299660640442); rotating motor to 0 degrees | Severity=175 | SourceName=Motor3 | EventType=application | SourceNode=ns=1;s=MotorSource3
[Anomaly Input] [2026-08-16 20:46:42.730 (UTC)] info/application	[Sensor] Updated distance: 24.5747047982061 cm | Severity=75 | SourceName=Sensor2 | EventType=application | SourceNode=ns=1;s=SensorSource2
[Anomaly Input] [2026-08-16 20:46:42.731 (UTC)] info/application	[Sensor] Updated distance: 16.5522384264284 cm | Severity=75 | SourceName=Sensor3 | EventType=application | SourceNode=ns=1;s=SensorSource3
[Anomaly Input] [2026-08-16 20:46:42.737 (UTC)] info/application	[Sensor] Updated distance: 26.8118451451007 cm | Severity=75 | SourceName=Sensor | EventType=application | SourceNode=ns=1;s=SensorSource
[Anomaly Input] [2026-08-16 20:46:43.233 (UTC)] info/application	[Motor] Received distance: 26.8118451451007 cm | Severity=75 | SourceName=Motor | EventType=application | SourceNode=ns=1;s=MotorSource
[Anomaly Input] [2026-08-16 20:46:43.237 (UTC)] info/application	[Motor] Received distance: 16.5522384264284 cm | Severity=75 | SourceName=Motor3 | EventType=application | SourceNode=ns=1;s=MotorSource3
[Anomaly Input] [2026-08-16 20:46:43.244 (UTC)] info/application	[Motor] Received distance: 24.5747047982061 cm | Severity=75 | SourceName=Motor2 | EventType=application | SourceNode=ns=1;s=MotorSource2
[Anomaly Input] [2026-08-16 20:46:43.233 (UTC)] info/application	[Motor] Distance safe (26.8118451451007); rotating motor to 90 degrees | Severity=75 | SourceName=Motor | EventType=application | SourceNode=ns=1;s=MotorSource
[Anomaly Input] [2026-08-16 20:46:43.237 (UTC)] warn/application	[Motor] Distance too close (16.5522384264284); rotating motor to 0 degrees | Severity=175 | SourceName=Motor3 | EventType=application | SourceNode=ns=1;s=MotorSource3
[Anomaly Input] [2026-08-16 20:46:43.244 (UTC)] info/application	[Motor] Distance safe (24.5747047982061); rotating motor to 90 degrees | Severity=75 | SourceName=Motor2 | EventType=application | SourceNode=ns=1;s=MotorSource2
[Anomaly Input] [2026-08-16 20:46:43.727 (UTC)] info/application	[Sensor] Updated distance: 25.4717313200104 cm | Severity=75 | SourceName=Sensor | EventType=application | SourceNode=ns=1;s=SensorSource
[Anomaly Input] [2026-08-16 20:46:43.729 (UTC)] info/application	[Sensor] Updated distance: 25.0654611450459 cm | Severity=75 | SourceName=Sensor2 | EventType=application | SourceNode=ns=1;s=SensorSource2
[Anomaly Input] [2026-08-16 20:46:43.731 (UTC)] info/application	[Sensor] Updated distance: 16.8452431845224 cm | Severity=75 | SourceName=Sensor3 | EventType=application | SourceNode=ns=1;s=SensorSource3
[Anomaly Input] [2026-08-16 20:46:44.234 (UTC)] info/application	[Motor] Received distance: 25.0654611450459 cm | Severity=75 | SourceName=Motor2 | EventType=application | SourceNode=ns=1;s=MotorSource2
[Anomaly Input] [2026-08-16 20:46:44.241 (UTC)] info/application	[Motor] Received distance: 25.4717313200104 cm | Severity=75 | SourceName=Motor | EventType=application | SourceNode=ns=1;s=MotorSource
[Anomaly Input] [2026-08-16 20:46:44.245 (UTC)] info/application	[Motor] Received distance: 16.8452431845224 cm | Severity=75 | SourceName=Motor3 | EventType=application | SourceNode=ns=1;s=MotorSource3
[Anomaly Input] [2026-08-16 20:46:44.234 (UTC)] info/application	[Motor] Distance safe (25.0654611450459); rotating motor to 90 degrees | Severity=75 | SourceName=Motor2 | EventType=application | SourceNode=ns=1;s=MotorSource2
[Anomaly Input] [2026-08-16 20:46:44.241 (UTC)] info/application	[Motor] Distance safe (25.4717313200104); rotating motor to 90 degrees | Severity=75 | SourceName=Motor | EventType=application | SourceNode=ns=1;s=MotorSource
[Anomaly Input] [2026-08-16 20:46:44.245 (UTC)] warn/application	[Motor] Distance too close (16.8452431845224); rotating motor to 0 degrees | Severity=175 | SourceName=Motor3 | EventType=application | SourceNode=ns=1;s=MotorSource3
[Anomaly Input] [2026-08-16 20:46:44.728 (UTC)] info/application	[Sensor] Updated distance: 26.6680366632845 cm | Severity=75 | SourceName=Sensor | EventType=application | SourceNode=ns=1;s=SensorSource
[Anomaly Input] [2026-08-16 20:46:44.729 (UTC)] info/application	[Sensor] Updated distance: 24.251288858825 cm | Severity=75 | SourceName=Sensor2 | EventType=application | SourceNode=ns=1;s=SensorSource2
[Anomaly Input] [2026-08-16 20:46:44.732 (UTC)] info/application	[Sensor] Updated distance: 16.4809526882511 cm | Severity=75 | SourceName=Sensor3 | EventType=application | SourceNode=ns=1;s=SensorSource3
[Anomaly Input] [2026-08-16 20:46:45.233 (UTC)] info/application	[Motor] Received distance: 26.6680366632845 cm | Severity=75 | SourceName=Motor | EventType=application | SourceNode=ns=1;s=MotorSource
[Anomaly Input] [2026-08-16 20:46:45.237 (UTC)] info/application	[Motor] Received distance: 16.4809526882511 cm | Severity=75 | SourceName=Motor3 | EventType=application | SourceNode=ns=1;s=MotorSource3
[Anomaly Input] [2026-08-16 20:46:45.243 (UTC)] info/application	[Motor] Received distance: 24.251288858825 cm | Severity=75 | SourceName=Motor2 | EventType=application | SourceNode=ns=1;s=MotorSource2
[Anomaly Input] [2026-08-16 20:46:45.233 (UTC)] info/application	[Motor] Distance safe (26.6680366632845); rotating motor to 90 degrees | Severity=75 | SourceName=Motor | EventType=application | SourceNode=ns=1;s=MotorSource
[Anomaly Input] [2026-08-16 20:46:45.237 (UTC)] warn/application	[Motor] Distance too close (16.4809526882511); rotating motor to 0 degrees | Severity=175 | SourceName=Motor3 | EventType=application | SourceNode=ns=1;s=MotorSource3
[Anomaly Input] [2026-08-16 20:46:45.243 (UTC)] info/application	[Motor] Distance safe (24.251288858825); rotating motor to 90 degrees | Severity=75 | SourceName=Motor2 | EventType=application | SourceNode=ns=1;s=MotorSource2
[Anomaly Input] [2026-08-16 20:46:45.728 (UTC)] info/application	[Sensor] Updated distance: 25.8348637327248 cm | Severity=75 | SourceName=Sensor | EventType=application | SourceNode=ns=1;s=SensorSource
[Anomaly Input] [2026-08-16 20:46:45.729 (UTC)] info/application	[Sensor] Updated distance: 24.15450965923 cm | Severity=75 | SourceName=Sensor2 | EventType=application | SourceNode=ns=1;s=SensorSource2
[Anomaly Input] [2026-08-16 20:46:45.732 (UTC)] info/application	[Sensor] Updated distance: 16.3852346669348 cm | Severity=75 | SourceName=Sensor3 | EventType=application | SourceNode=ns=1;s=SensorSource3
[Anomaly Input] [2026-08-16 20:46:46.234 (UTC)] info/application	[Motor] Received distance: 24.15450965923 cm | Severity=75 | SourceName=Motor2 | EventType=application | SourceNode=ns=1;s=MotorSource2
[Anomaly Input] [2026-08-16 20:46:46.242 (UTC)] info/application	[Motor] Received distance: 25.8348637327248 cm | Severity=75 | SourceName=Motor | EventType=application | SourceNode=ns=1;s=MotorSource
[Anomaly Input] [2026-08-16 20:46:46.246 (UTC)] info/application	[Motor] Received distance: 16.3852346669348 cm | Severity=75 | SourceName=Motor3 | EventType=application | SourceNode=ns=1;s=MotorSource3
[Anomaly Input] [2026-08-16 20:46:46.234 (UTC)] info/application	[Motor] Distance safe (24.15450965923); rotating motor to 90 degrees | Severity=75 | SourceName=Motor2 | EventType=application | SourceNode=ns=1;s=MotorSource2
[Anomaly Input] [2026-08-16 20:46:46.242 (UTC)] info/application	[Motor] Distance safe (25.8348637327248); rotating motor to 90 degrees | Severity=75 | SourceName=Motor | EventType=application | SourceNode=ns=1;s=MotorSource
[Anomaly Input] [2026-08-16 20:46:46.246 (UTC)] warn/application	[Motor] Distance too close (16.3852346669348); rotating motor to 0 degrees | Severity=175 | SourceName=Motor3 | EventType=application | SourceNode=ns=1;s=MotorSource3
[Anomaly Input] [2026-08-16 20:46:46.728 (UTC)] info/application	[Sensor] Updated distance: 24.8516201655621 cm | Severity=75 | SourceName=Sensor | EventType=application | SourceNode=ns=1;s=SensorSource
[Anomaly Input] [2026-08-16 20:46:46.728 (UTC)] info/application	[Sensor] Updated distance: 23.8286825990438 cm | Severity=75 | SourceName=Sensor2 | EventType=application | SourceNode=ns=1;s=SensorSource2
[Anomaly Input] [2026-08-16 20:46:46.732 (UTC)] info/application	[Sensor] Updated distance: 16.7829155054795 cm | Severity=75 | SourceName=Sensor3 | EventType=application | SourceNode=ns=1;s=SensorSource3
[Anomaly Input] [2026-08-16 20:46:47.234 (UTC)] info/application	[Motor] Received distance: 24.8516201655621 cm | Severity=75 | SourceName=Motor | EventType=application | SourceNode=ns=1;s=MotorSource
[Anomaly Input] [2026-08-16 20:46:47.236 (UTC)] info/application	[Motor] Received distance: 16.7829155054795 cm | Severity=75 | SourceName=Motor3 | EventType=application | SourceNode=ns=1;s=MotorSource3
[Anomaly Input] [2026-08-16 20:46:47.242 (UTC)] info/application	[Motor] Received distance: 23.8286825990438 cm | Severity=75 | SourceName=Motor2 | EventType=application | SourceNode=ns=1;s=MotorSource2
[Anomaly Input] [2026-08-16 20:46:47.234 (UTC)] info/application	[Motor] Distance safe (24.8516201655621); rotating motor to 90 degrees | Severity=75 | SourceName=Motor | EventType=application | SourceNode=ns=1;s=MotorSource
[Anomaly Input] [2026-08-16 20:46:47.236 (UTC)] warn/application	[Motor] Distance too close (16.7829155054795); rotating motor to 0 degrees | Severity=175 | SourceName=Motor3 | EventType=application | SourceNode=ns=1;s=MotorSource3
[Anomaly Input] [2026-08-16 20:46:47.242 (UTC)] info/application	[Motor] Distance safe (23.8286825990438); rotating motor to 90 degrees | Severity=75 | SourceName=Motor2 | EventType=application | SourceNode=ns=1;s=MotorSource2
[Anomaly Input] [2026-08-16 20:46:47.729 (UTC)] info/application	[Sensor] Updated distance: 23.2373087311803 cm | Severity=75 | SourceName=Sensor2 | EventType=application | SourceNode=ns=1;s=SensorSource2
[Anomaly Input] [2026-08-16 20:46:47.729 (UTC)] info/application	[Sensor] Updated distance: 25.9504048216391 cm | Severity=75 | SourceName=Sensor | EventType=application | SourceNode=ns=1;s=SensorSource
[Anomaly Input] [2026-08-16 20:46:47.731 (UTC)] info/application	[Sensor] Updated distance: 16.5400869236514 cm | Severity=75 | SourceName=Sensor3 | EventType=application | SourceNode=ns=1;s=SensorSource3
[Anomaly Input] [2026-08-16 20:46:48.234 (UTC)] info/application	[Motor] Received distance: 23.2373087311803 cm | Severity=75 | SourceName=Motor2 | EventType=application | SourceNode=ns=1;s=MotorSource2
[Anomaly Input] [2026-08-16 20:46:48.242 (UTC)] info/application	[Motor] Received distance: 25.9504048216391 cm | Severity=75 | SourceName=Motor | EventType=application | SourceNode=ns=1;s=MotorSource
[Anomaly Input] [2026-08-16 20:46:48.245 (UTC)] info/application	[Motor] Received distance: 16.5400869236514 cm | Severity=75 | SourceName=Motor3 | EventType=application | SourceNode=ns=1;s=MotorSource3
[Anomaly Input] [2026-08-16 20:46:48.234 (UTC)] info/application	[Motor] Distance safe (23.2373087311803); rotating motor to 90 degrees | Severity=75 | SourceName=Motor2 | EventType=application | SourceNode=ns=1;s=MotorSource2
[Anomaly Input] [2026-08-16 20:46:48.242 (UTC)] info/application	[Motor] Distance safe (25.9504048216391); rotating motor to 90 degrees | Severity=75 | SourceName=Motor | EventType=application | SourceNode=ns=1;s=MotorSource
[Anomaly Input] [2026-08-16 20:46:48.245 (UTC)] warn/application	[Motor] Distance too close (16.5400869236514); rotating motor to 0 degrees | Severity=175 | SourceName=Motor3 | EventType=application | SourceNode=ns=1;s=MotorSource3
[Anomaly Input] [2026-08-16 20:46:48.729 (UTC)] info/application	[Sensor] Updated distance: 23.3315546109022 cm | Severity=75 | SourceName=Sensor2 | EventType=application | SourceNode=ns=1;s=SensorSource2
[Anomaly Input] [2026-08-16 20:46:48.729 (UTC)] info/application	[Sensor] Updated distance: 25.4578418631376 cm | Severity=75 | SourceName=Sensor | EventType=application | SourceNode=ns=1;s=SensorSource
[Anomaly Input] [2026-08-16 20:46:48.731 (UTC)] info/application	[Sensor] Updated distance: 15.8774778548989 cm | Severity=75 | SourceName=Sensor3 | EventType=application | SourceNode=ns=1;s=SensorSource3
[Anomaly Input] [2026-08-16 20:46:49.235 (UTC)] info/application	[Motor] Received distance: 25.4578418631376 cm | Severity=75 | SourceName=Motor | EventType=application | SourceNode=ns=1;s=MotorSource
[Anomaly Input] [2026-08-16 20:46:49.236 (UTC)] info/application	[Motor] Received distance: 15.8774778548989 cm | Severity=75 | SourceName=Motor3 | EventType=application | SourceNode=ns=1;s=MotorSource3
[Anomaly Input] [2026-08-16 20:46:49.243 (UTC)] info/application	[Motor] Received distance: 23.3315546109022 cm | Severity=75 | SourceName=Motor2 | EventType=application | SourceNode=ns=1;s=MotorSource2
[Anomaly Input] [2026-08-16 20:46:49.235 (UTC)] info/application	[Motor] Distance safe (25.4578418631376); rotating motor to 90 degrees | Severity=75 | SourceName=Motor | EventType=application | SourceNode=ns=1;s=MotorSource
[Anomaly Input] [2026-08-16 20:46:49.236 (UTC)] warn/application	[Motor] Distance too close (15.8774778548989); rotating motor to 0 degrees | Severity=175 | SourceName=Motor3 | EventType=application | SourceNode=ns=1;s=MotorSource3
[Anomaly Input] [2026-08-16 20:46:49.243 (UTC)] info/application	[Motor] Distance safe (23.3315546109022); rotating motor to 90 degrees | Severity=75 | SourceName=Motor2 | EventType=application | SourceNode=ns=1;s=MotorSource2
[Anomaly Input] [2026-08-16 20:46:49.729 (UTC)] info/application	[Sensor] Updated distance: 23.8033582578894 cm | Severity=75 | SourceName=Sensor2 | EventType=application | SourceNode=ns=1;s=SensorSource2
[Anomaly Input] [2026-08-16 20:46:49.730 (UTC)] info/application	[Sensor] Updated distance: 24.2645049932247 cm | Severity=75 | SourceName=Sensor | EventType=application | SourceNode=ns=1;s=SensorSource
[Anomaly Input] [2026-08-16 20:46:49.730 (UTC)] info/application	[Sensor] Updated distance: 15.7722811052912 cm | Severity=75 | SourceName=Sensor3 | EventType=application | SourceNode=ns=1;s=SensorSource3
[Anomaly Input] [2026-08-16 20:46:50.234 (UTC)] info/application	[Motor] Received distance: 23.8033582578894 cm | Severity=75 | SourceName=Motor2 | EventType=application | SourceNode=ns=1;s=MotorSource2
[Anomaly Input] [2026-08-16 20:46:50.243 (UTC)] info/application	[Motor] Received distance: 24.2645049932247 cm | Severity=75 | SourceName=Motor | EventType=application | SourceNode=ns=1;s=MotorSource
[Anomaly Input] [2026-08-16 20:46:50.244 (UTC)] info/application	[Motor] Received distance: 15.7722811052912 cm | Severity=75 | SourceName=Motor3 | EventType=application | SourceNode=ns=1;s=MotorSource3
[Anomaly Input] [2026-08-16 20:46:50.234 (UTC)] info/application	[Motor] Distance safe (23.8033582578894); rotating motor to 90 degrees | Severity=75 | SourceName=Motor2 | EventType=application | SourceNode=ns=1;s=MotorSource2
[Anomaly Input] [2026-08-16 20:46:50.243 (UTC)] info/application	[Motor] Distance safe (24.2645049932247); rotating motor to 90 degrees | Severity=75 | SourceName=Motor | EventType=application | SourceNode=ns=1;s=MotorSource
[Anomaly Input] [2026-08-16 20:46:50.244 (UTC)] warn/application	[Motor] Distance too close (15.7722811052912); rotating motor to 0 degrees | Severity=175 | SourceName=Motor3 | EventType=application | SourceNode=ns=1;s=MotorSource3
[Anomaly Input] [2026-08-16 20:46:50.729 (UTC)] info/application	[Sensor] Updated distance: 22.9733765846926 cm | Severity=75 | SourceName=Sensor2 | EventType=application | SourceNode=ns=1;s=SensorSource2
[Anomaly Input] [2026-08-16 20:46:50.730 (UTC)] info/application	[Sensor] Updated distance: 15.0580362789603 cm | Severity=75 | SourceName=Sensor3 | EventType=application | SourceNode=ns=1;s=SensorSource3
[Anomaly Input] [2026-08-16 20:46:50.730 (UTC)] info/application	[Sensor] Updated distance: 23.6174105213105 cm | Severity=75 | SourceName=Sensor | EventType=application | SourceNode=ns=1;s=SensorSource
[Anomaly Input] [2026-08-16 20:46:51.234 (UTC)] info/application	[Motor] Received distance: 15.0580362789603 cm | Severity=75 | SourceName=Motor3 | EventType=application | SourceNode=ns=1;s=MotorSource3
[Anomaly Input] [2026-08-16 20:46:51.235 (UTC)] info/application	[Motor] Received distance: 23.6174105213105 cm | Severity=75 | SourceName=Motor | EventType=application | SourceNode=ns=1;s=MotorSource
[Anomaly Input] [2026-08-16 20:46:51.242 (UTC)] info/application	[Motor] Received distance: 22.9733765846926 cm | Severity=75 | SourceName=Motor2 | EventType=application | SourceNode=ns=1;s=MotorSource2
[Anomaly Input] [2026-08-16 20:46:51.234 (UTC)] warn/application	[Motor] Distance too close (15.0580362789603); rotating motor to 0 degrees | Severity=175 | SourceName=Motor3 | EventType=application | SourceNode=ns=1;s=MotorSource3
[Anomaly Input] [2026-08-16 20:46:51.235 (UTC)] info/application	[Motor] Distance safe (23.6174105213105); rotating motor to 90 degrees | Severity=75 | SourceName=Motor | EventType=application | SourceNode=ns=1;s=MotorSource
[Anomaly Input] [2026-08-16 20:46:51.242 (UTC)] info/application	[Motor] Distance safe (22.9733765846926); rotating motor to 90 degrees | Severity=75 | SourceName=Motor2 | EventType=application | SourceNode=ns=1;s=MotorSource2
[Anomaly Input] [2026-08-16 20:46:51.729 (UTC)] info/application	[Sensor] Updated distance: 23.9720082741566 cm | Severity=75 | SourceName=Sensor2 | EventType=application | SourceNode=ns=1;s=SensorSource2
[Anomaly Input] [2026-08-16 20:46:51.729 (UTC)] info/application	[Sensor] Updated distance: 14.8308750681257 cm | Severity=75 | SourceName=Sensor3 | EventType=application | SourceNode=ns=1;s=SensorSource3
[Anomaly Input] [2026-08-16 20:46:51.729 (UTC)] info/application	[Sensor] Updated distance: 24.1068450266527 cm | Severity=75 | SourceName=Sensor | EventType=application | SourceNode=ns=1;s=SensorSource
[Anomaly Input] [2026-08-16 20:46:52.234 (UTC)] info/application	[Motor] Received distance: 23.9720082741566 cm | Severity=75 | SourceName=Motor2 | EventType=application | SourceNode=ns=1;s=MotorSource2
[Anomaly Input] [2026-08-16 20:46:52.242 (UTC)] info/application	[Motor] Received distance: 14.8308750681257 cm | Severity=75 | SourceName=Motor3 | EventType=application | SourceNode=ns=1;s=MotorSource3
[Anomaly Input] [2026-08-16 20:46:52.242 (UTC)] info/application	[Motor] Received distance: 24.1068450266527 cm | Severity=75 | SourceName=Motor | EventType=application | SourceNode=ns=1;s=MotorSource
[Anomaly Input] [2026-08-16 20:46:52.234 (UTC)] info/application	[Motor] Distance safe (23.9720082741566); rotating motor to 90 degrees | Severity=75 | SourceName=Motor2 | EventType=application | SourceNode=ns=1;s=MotorSource2
[Anomaly Input] [2026-08-16 20:46:52.242 (UTC)] warn/application	[Motor] Distance too close (14.8308750681257); rotating motor to 0 degrees | Severity=175 | SourceName=Motor3 | EventType=application | SourceNode=ns=1;s=MotorSource3
[Anomaly Input] [2026-08-16 20:46:52.242 (UTC)] info/application	[Motor] Distance safe (24.1068450266527); rotating motor to 90 degrees | Severity=75 | SourceName=Motor | EventType=application | SourceNode=ns=1;s=MotorSource
[Anomaly Input] [2026-08-16 20:46:52.729 (UTC)] info/application	[Sensor] Updated distance: 13.5508045971164 cm | Severity=75 | SourceName=Sensor3 | EventType=application | SourceNode=ns=1;s=SensorSource3
[Anomaly Input] [2026-08-16 20:46:52.729 (UTC)] info/application	[Sensor] Updated distance: 24.3622268873091 cm | Severity=75 | SourceName=Sensor2 | EventType=application | SourceNode=ns=1;s=SensorSource2
[Anomaly Input] [2026-08-16 20:46:52.729 (UTC)] info/application	[Sensor] Updated distance: 24.7361184003465 cm | Severity=75 | SourceName=Sensor | EventType=application | SourceNode=ns=1;s=SensorSource
[Anomaly Input] [2026-08-16 20:46:53.235 (UTC)] info/application	[Motor] Received distance: 13.5508045971164 cm | Severity=75 | SourceName=Motor3 | EventType=application | SourceNode=ns=1;s=MotorSource3
[Anomaly Input] [2026-08-16 20:46:53.235 (UTC)] info/application	[Motor] Received distance: 24.7361184003465 cm | Severity=75 | SourceName=Motor | EventType=application | SourceNode=ns=1;s=MotorSource
[Anomaly Input] [2026-08-16 20:46:53.243 (UTC)] info/application	[Motor] Received distance: 24.3622268873091 cm | Severity=75 | SourceName=Motor2 | EventType=application | SourceNode=ns=1;s=MotorSource2
[Anomaly Input] [2026-08-16 20:46:53.235 (UTC)] warn/application	[Motor] Distance too close (13.5508045971164); rotating motor to 0 degrees | Severity=175 | SourceName=Motor3 | EventType=application | SourceNode=ns=1;s=MotorSource3
[Anomaly Input] [2026-08-16 20:46:53.235 (UTC)] info/application	[Motor] Distance safe (24.7361184003465); rotating motor to 90 degrees | Severity=75 | SourceName=Motor | EventType=application | SourceNode=ns=1;s=MotorSource
[Anomaly Input] [2026-08-16 20:46:53.243 (UTC)] info/application	[Motor] Distance safe (24.3622268873091); rotating motor to 90 degrees | Severity=75 | SourceName=Motor2 | EventType=application | SourceNode=ns=1;s=MotorSource2
[Anomaly Input] [2026-08-16 20:46:53.730 (UTC)] info/application	[Sensor] Updated distance: 23.83841615186 cm | Severity=75 | SourceName=Sensor | EventType=application | SourceNode=ns=1;s=SensorSource
[Anomaly Input] [2026-08-16 20:46:53.730 (UTC)] info/application	[Sensor] Updated distance: 25.7651144923945 cm | Severity=75 | SourceName=Sensor2 | EventType=application | SourceNode=ns=1;s=SensorSource2
[Anomaly Input] [2026-08-16 20:46:53.730 (UTC)] info/application	[Sensor] Updated distance: 13.01959986357 cm | Severity=75 | SourceName=Sensor3 | EventType=application | SourceNode=ns=1;s=SensorSource3
[Anomaly Input] [2026-08-16 20:46:54.235 (UTC)] info/application	[Motor] Received distance: 25.7651144923945 cm | Severity=75 | SourceName=Motor2 | EventType=application | SourceNode=ns=1;s=MotorSource2
[Anomaly Input] [2026-08-16 20:46:54.244 (UTC)] info/application	[Motor] Received distance: 13.01959986357 cm | Severity=75 | SourceName=Motor3 | EventType=application | SourceNode=ns=1;s=MotorSource3
[Anomaly Input] [2026-08-16 20:46:54.244 (UTC)] info/application	[Motor] Received distance: 23.83841615186 cm | Severity=75 | SourceName=Motor | EventType=application | SourceNode=ns=1;s=MotorSource
[Anomaly Input] [2026-08-16 20:46:54.235 (UTC)] info/application	[Motor] Distance safe (25.7651144923945); rotating motor to 90 degrees | Severity=75 | SourceName=Motor2 | EventType=application | SourceNode=ns=1;s=MotorSource2
[Anomaly Input] [2026-08-16 20:46:54.244 (UTC)] warn/application	[Motor] Distance too close (13.01959986357); rotating motor to 0 degrees | Severity=175 | SourceName=Motor3 | EventType=application | SourceNode=ns=1;s=MotorSource3
[Anomaly Input] [2026-08-16 20:46:54.244 (UTC)] info/application	[Motor] Distance safe (23.83841615186); rotating motor to 90 degrees | Severity=75 | SourceName=Motor | EventType=application | SourceNode=ns=1;s=MotorSource
[Anomaly Input] [2026-08-16 20:46:54.730 (UTC)] info/application	[Sensor] Updated distance: 25.4139303394658 cm | Severity=75 | SourceName=Sensor2 | EventType=application | SourceNode=ns=1;s=SensorSource2
[Anomaly Input] [2026-08-16 20:46:54.730 (UTC)] info/application	[Sensor] Updated distance: 22.6863911164395 cm | Severity=75 | SourceName=Sensor | EventType=application | SourceNode=ns=1;s=SensorSource
[Anomaly Input] [2026-08-16 20:46:54.731 (UTC)] info/application	[Sensor] Updated distance: 13.1075460906641 cm | Severity=75 | SourceName=Sensor3 | EventType=application | SourceNode=ns=1;s=SensorSource3
[Anomaly Input] [2026-08-16 20:46:55.236 (UTC)] info/application	[Motor] Received distance: 13.1075460906641 cm | Severity=75 | SourceName=Motor3 | EventType=application | SourceNode=ns=1;s=MotorSource3
[Anomaly Input] [2026-08-16 20:46:55.236 (UTC)] info/application	[Motor] Received distance: 22.6863911164395 cm | Severity=75 | SourceName=Motor | EventType=application | SourceNode=ns=1;s=MotorSource
[Anomaly Input] [2026-08-16 20:46:55.244 (UTC)] info/application	[Motor] Received distance: 25.4139303394658 cm | Severity=75 | SourceName=Motor2 | EventType=application | SourceNode=ns=1;s=MotorSource2
[Anomaly Input] [2026-08-16 20:46:55.236 (UTC)] warn/application	[Motor] Distance too close (13.1075460906641); rotating motor to 0 degrees | Severity=175 | SourceName=Motor3 | EventType=application | SourceNode=ns=1;s=MotorSource3
[Anomaly Input] [2026-08-16 20:46:55.236 (UTC)] info/application	[Motor] Distance safe (22.6863911164395); rotating motor to 90 degrees | Severity=75 | SourceName=Motor | EventType=application | SourceNode=ns=1;s=MotorSource
[Anomaly Input] [2026-08-16 20:46:55.244 (UTC)] info/application	[Motor] Distance safe (25.4139303394658); rotating motor to 90 degrees | Severity=75 | SourceName=Motor2 | EventType=application | SourceNode=ns=1;s=MotorSource2
[Anomaly Input] [2026-08-16 20:46:55.731 (UTC)] info/application	[Sensor] Updated distance: 24.8789961884632 cm | Severity=75 | SourceName=Sensor2 | EventType=application | SourceNode=ns=1;s=SensorSource2
[Anomaly Input] [2026-08-16 20:46:55.731 (UTC)] info/application	[Sensor] Updated distance: 12.8485883508569 cm | Severity=75 | SourceName=Sensor3 | EventType=application | SourceNode=ns=1;s=SensorSource3
[Anomaly Input] [2026-08-16 20:46:55.731 (UTC)] info/application	[Sensor] Updated distance: 21.402641096107 cm | Severity=75 | SourceName=Sensor | EventType=application | SourceNode=ns=1;s=SensorSource
[Anomaly Input] [2026-08-16 20:46:56.236 (UTC)] info/application	[Motor] Received distance: 24.8789961884632 cm | Severity=75 | SourceName=Motor2 | EventType=application | SourceNode=ns=1;s=MotorSource2
[Anomaly Input] [2026-08-16 20:46:56.244 (UTC)] info/application	[Motor] Received distance: 21.402641096107 cm | Severity=75 | SourceName=Motor | EventType=application | SourceNode=ns=1;s=MotorSource
[Anomaly Input] [2026-08-16 20:46:56.245 (UTC)] info/application	[Motor] Received distance: 12.8485883508569 cm | Severity=75 | SourceName=Motor3 | EventType=application | SourceNode=ns=1;s=MotorSource3
[Anomaly Input] [2026-08-16 20:46:56.236 (UTC)] info/application	[Motor] Distance safe (24.8789961884632); rotating motor to 90 degrees | Severity=75 | SourceName=Motor2 | EventType=application | SourceNode=ns=1;s=MotorSource2
[Anomaly Input] [2026-08-16 20:46:56.245 (UTC)] info/application	[Motor] Distance safe (21.402641096107); rotating motor to 90 degrees | Severity=75 | SourceName=Motor | EventType=application | SourceNode=ns=1;s=MotorSource
[Anomaly Input] [2026-08-16 20:46:56.245 (UTC)] warn/application	[Motor] Distance too close (12.8485883508569); rotating motor to 0 degrees | Severity=175 | SourceName=Motor3 | EventType=application | SourceNode=ns=1;s=MotorSource3
[Anomaly Input] [2026-08-16 20:46:56.731 (UTC)] info/application	[Sensor] Updated distance: 12.6194772048013 cm | Severity=75 | SourceName=Sensor3 | EventType=application | SourceNode=ns=1;s=SensorSource3
[Anomaly Input] [2026-08-16 20:46:56.731 (UTC)] info/application	[Sensor] Updated distance: 25.0651033209009 cm | Severity=75 | SourceName=Sensor2 | EventType=application | SourceNode=ns=1;s=SensorSource2
[Anomaly Input] [2026-08-16 20:46:56.731 (UTC)] info/application	[Sensor] Updated distance: 22.471007769681 cm | Severity=75 | SourceName=Sensor | EventType=application | SourceNode=ns=1;s=SensorSource
[Anomaly Input] [2026-08-16 20:46:57.237 (UTC)] info/application	[Motor] Received distance: 12.6194772048013 cm | Severity=75 | SourceName=Motor3 | EventType=application | SourceNode=ns=1;s=MotorSource3
[Anomaly Input] [2026-08-16 20:46:57.237 (UTC)] info/application	[Motor] Received distance: 22.471007769681 cm | Severity=75 | SourceName=Motor | EventType=application | SourceNode=ns=1;s=MotorSource
[Anomaly Input] [2026-08-16 20:46:57.245 (UTC)] info/application	[Motor] Received distance: 25.0651033209009 cm | Severity=75 | SourceName=Motor2 | EventType=application | SourceNode=ns=1;s=MotorSource2
[Anomaly Input] [2026-08-16 20:46:57.237 (UTC)] warn/application	[Motor] Distance too close (12.6194772048013); rotating motor to 0 degrees | Severity=175 | SourceName=Motor3 | EventType=application | SourceNode=ns=1;s=MotorSource3
[Anomaly Input] [2026-08-16 20:46:57.237 (UTC)] info/application	[Motor] Distance safe (22.471007769681); rotating motor to 90 degrees | Severity=75 | SourceName=Motor | EventType=application | SourceNode=ns=1;s=MotorSource
[Anomaly Input] [2026-08-16 20:46:57.245 (UTC)] info/application	[Motor] Distance safe (25.0651033209009); rotating motor to 90 degrees | Severity=75 | SourceName=Motor2 | EventType=application | SourceNode=ns=1;s=MotorSource2
[Anomaly Input] [2026-08-16 20:46:57.732 (UTC)] info/application	[Sensor] Updated distance: 24.1107048749042 cm | Severity=75 | SourceName=Sensor2 | EventType=application | SourceNode=ns=1;s=SensorSource2
[Anomaly Input] [2026-08-16 20:46:57.732 (UTC)] info/application	[Sensor] Updated distance: 22.8643981452865 cm | Severity=75 | SourceName=Sensor | EventType=application | SourceNode=ns=1;s=SensorSource
[Anomaly Input] [2026-08-16 20:46:57.732 (UTC)] info/application	[Sensor] Updated distance: 13.149767754902 cm | Severity=75 | SourceName=Sensor3 | EventType=application | SourceNode=ns=1;s=SensorSource3
[Anomaly Input] [2026-08-16 20:46:58.237 (UTC)] info/application	[Motor] Received distance: 24.1107048749042 cm | Severity=75 | SourceName=Motor2 | EventType=application | SourceNode=ns=1;s=MotorSource2
[Anomaly Input] [2026-08-16 20:46:58.246 (UTC)] info/application	[Motor] Received distance: 13.149767754902 cm | Severity=75 | SourceName=Motor3 | EventType=application | SourceNode=ns=1;s=MotorSource3
[Anomaly Input] [2026-08-16 20:46:58.246 (UTC)] info/application	[Motor] Received distance: 22.8643981452865 cm | Severity=75 | SourceName=Motor | EventType=application | SourceNode=ns=1;s=MotorSource
[Anomaly Input] [2026-08-16 20:46:58.237 (UTC)] info/application	[Motor] Distance safe (24.1107048749042); rotating motor to 90 degrees | Severity=75 | SourceName=Motor2 | EventType=application | SourceNode=ns=1;s=MotorSource2
[Anomaly Input] [2026-08-16 20:46:58.246 (UTC)] warn/application	[Motor] Distance too close (13.149767754902); rotating motor to 0 degrees | Severity=175 | SourceName=Motor3 | EventType=application | SourceNode=ns=1;s=MotorSource3
[Anomaly Input] [2026-08-16 20:46:58.246 (UTC)] info/application	[Motor] Distance safe (22.8643981452865); rotating motor to 90 degrees | Severity=75 | SourceName=Motor | EventType=application | SourceNode=ns=1;s=MotorSource
[Anomaly Input] [2026-08-16 20:46:58.732 (UTC)] info/application	[Sensor] Updated distance: 24.1173046660224 cm | Severity=75 | SourceName=Sensor2 | EventType=application | SourceNode=ns=1;s=SensorSource2
[Anomaly Input] [2026-08-16 20:46:58.732 (UTC)] info/application	[Sensor] Updated distance: 22.4210222705365 cm | Severity=75 | SourceName=Sensor | EventType=application | SourceNode=ns=1;s=SensorSource
[Anomaly Input] [2026-08-16 20:46:58.732 (UTC)] info/application	[Sensor] Updated distance: 14.275666705461 cm | Severity=75 | SourceName=Sensor3 | EventType=application | SourceNode=ns=1;s=SensorSource3
[Anomaly Input] [2026-08-16 20:46:59.231 (UTC)] info/application	[Motor] Received distance: 22.4210222705365 cm | Severity=75 | SourceName=Motor | EventType=application | SourceNode=ns=1;s=MotorSource
[Anomaly Input] [2026-08-16 20:46:59.238 (UTC)] info/application	[Motor] Received distance: 14.275666705461 cm | Severity=75 | SourceName=Motor3 | EventType=application | SourceNode=ns=1;s=MotorSource3
[Anomaly Input] [2026-08-16 20:46:59.246 (UTC)] info/application	[Motor] Received distance: 24.1173046660224 cm | Severity=75 | SourceName=Motor2 | EventType=application | SourceNode=ns=1;s=MotorSource2
[Anomaly Input] [2026-08-16 20:46:59.231 (UTC)] info/application	[Motor] Distance safe (22.4210222705365); rotating motor to 90 degrees | Severity=75 | SourceName=Motor | EventType=application | SourceNode=ns=1;s=MotorSource
[Anomaly Input] [2026-08-16 20:46:59.238 (UTC)] warn/application	[Motor] Distance too close (14.275666705461); rotating motor to 0 degrees | Severity=175 | SourceName=Motor3 | EventType=application | SourceNode=ns=1;s=MotorSource3
[Anomaly Input] [2026-08-16 20:46:59.246 (UTC)] info/application	[Motor] Distance safe (24.1173046660224); rotating motor to 90 degrees | Severity=75 | SourceName=Motor2 | EventType=application | SourceNode=ns=1;s=MotorSource2
[Anomaly Input] [2026-08-16 20:46:59.733 (UTC)] info/application	[Sensor] Updated distance: 13.347197558194 cm | Severity=75 | SourceName=Sensor3 | EventType=application | SourceNode=ns=1;s=SensorSource3
[Anomaly Input] [2026-08-16 20:46:59.733 (UTC)] info/application	[Sensor] Updated distance: 23.8376038630202 cm | Severity=75 | SourceName=Sensor2 | EventType=application | SourceNode=ns=1;s=SensorSource2
[Anomaly Input] [2026-08-16 20:46:59.733 (UTC)] info/application	[Sensor] Updated distance: 23.7257253263265 cm | Severity=75 | SourceName=Sensor | EventType=application | SourceNode=ns=1;s=SensorSource
[Anomaly Input] [2026-08-16 20:47:00.228 (UTC)] info/application	[Motor] Received distance: 13.347197558194 cm | Severity=75 | SourceName=Motor3 | EventType=application | SourceNode=ns=1;s=MotorSource3
[Anomaly Input] [2026-08-16 20:47:00.231 (UTC)] info/application	[Motor] Received distance: 23.8376038630202 cm | Severity=75 | SourceName=Motor2 | EventType=application | SourceNode=ns=1;s=MotorSource2
[Anomaly Input] [2026-08-16 20:47:00.231 (UTC)] info/application	[Motor] Received distance: 23.7257253263265 cm | Severity=75 | SourceName=Motor | EventType=application | SourceNode=ns=1;s=MotorSource
[Anomaly Input] [2026-08-16 20:47:00.228 (UTC)] warn/application	[Motor] Distance too close (13.347197558194); rotating motor to 0 degrees | Severity=175 | SourceName=Motor3 | EventType=application | SourceNode=ns=1;s=MotorSource3
[Anomaly Input] [2026-08-16 20:47:00.231 (UTC)] info/application	[Motor] Distance safe (23.8376038630202); rotating motor to 90 degrees | Severity=75 | SourceName=Motor2 | EventType=application | SourceNode=ns=1;s=MotorSource2
[Anomaly Input] [2026-08-16 20:47:00.231 (UTC)] info/application	[Motor] Distance safe (23.7257253263265); rotating motor to 90 degrees | Severity=75 | SourceName=Motor | EventType=application | SourceNode=ns=1;s=MotorSource
[Anomaly Input] [2026-08-16 20:47:00.733 (UTC)] info/application	[Sensor] Updated distance: 12.0642050090545 cm | Severity=75 | SourceName=Sensor3 | EventType=application | SourceNode=ns=1;s=SensorSource3
[Anomaly Input] [2026-08-16 20:47:00.733 (UTC)] info/application	[Sensor] Updated distance: 24.1584417839341 cm | Severity=75 | SourceName=Sensor | EventType=application | SourceNode=ns=1;s=SensorSource
[Anomaly Input] [2026-08-16 20:47:00.733 (UTC)] info/application	[Sensor] Updated distance: 22.4555590462198 cm | Severity=75 | SourceName=Sensor2 | EventType=application | SourceNode=ns=1;s=SensorSource2
[Anomaly Input] [2026-08-16 20:47:01.231 (UTC)] info/application	[Motor] Received distance: 24.1584417839341 cm | Severity=75 | SourceName=Motor | EventType=application | SourceNode=ns=1;s=MotorSource
[Anomaly Input] [2026-08-16 20:47:01.231 (UTC)] info/application	[Motor] Received distance: 12.0642050090545 cm | Severity=75 | SourceName=Motor3 | EventType=application | SourceNode=ns=1;s=MotorSource3
[Anomaly Input] [2026-08-16 20:47:01.231 (UTC)] info/application	[Motor] Received distance: 22.4555590462198 cm | Severity=75 | SourceName=Motor2 | EventType=application | SourceNode=ns=1;s=MotorSource2
[Anomaly Input] [2026-08-16 20:47:01.231 (UTC)] info/application	[Motor] Distance safe (24.1584417839341); rotating motor to 90 degrees | Severity=75 | SourceName=Motor | EventType=application | SourceNode=ns=1;s=MotorSource
[Anomaly Input] [2026-08-16 20:47:01.231 (UTC)] warn/application	[Motor] Distance too close (12.0642050090545); rotating motor to 0 degrees | Severity=175 | SourceName=Motor3 | EventType=application | SourceNode=ns=1;s=MotorSource3
[Anomaly Input] [2026-08-16 20:47:01.231 (UTC)] info/application	[Motor] Distance safe (22.4555590462198); rotating motor to 90 degrees | Severity=75 | SourceName=Motor2 | EventType=application | SourceNode=ns=1;s=MotorSource2
[Anomaly Input] [2026-08-16 20:47:01.733 (UTC)] info/application	[Sensor] Updated distance: 22.8730807548263 cm | Severity=75 | SourceName=Sensor | EventType=application | SourceNode=ns=1;s=SensorSource
[Anomaly Input] [2026-08-16 20:47:01.733 (UTC)] info/application	[Sensor] Updated distance: 21.1080007514022 cm | Severity=75 | SourceName=Sensor2 | EventType=application | SourceNode=ns=1;s=SensorSource2
[Anomaly Input] [2026-08-16 20:47:01.733 (UTC)] info/application	[Sensor] Updated distance: 12.695940230133 cm | Severity=75 | SourceName=Sensor3 | EventType=application | SourceNode=ns=1;s=SensorSource3
[Anomaly Input] [2026-08-16 20:47:02.229 (UTC)] info/application	[Motor] Received distance: 22.8730807548263 cm | Severity=75 | SourceName=Motor | EventType=application | SourceNode=ns=1;s=MotorSource
[Anomaly Input] [2026-08-16 20:47:02.229 (UTC)] info/application	[Motor] Received distance: 21.1080007514022 cm | Severity=75 | SourceName=Motor2 | EventType=application | SourceNode=ns=1;s=MotorSource2
[Anomaly Input] [2026-08-16 20:47:02.232 (UTC)] info/application	[Motor] Received distance: 12.695940230133 cm | Severity=75 | SourceName=Motor3 | EventType=application | SourceNode=ns=1;s=MotorSource3
[Anomaly Input] [2026-08-16 20:47:02.229 (UTC)] info/application	[Motor] Distance safe (22.8730807548263); rotating motor to 90 degrees | Severity=75 | SourceName=Motor | EventType=application | SourceNode=ns=1;s=MotorSource
[Anomaly Input] [2026-08-16 20:47:02.229 (UTC)] info/application	[Motor] Distance safe (21.1080007514022); rotating motor to 90 degrees | Severity=75 | SourceName=Motor2 | EventType=application | SourceNode=ns=1;s=MotorSource2
[Anomaly Input] [2026-08-16 20:47:02.232 (UTC)] warn/application	[Motor] Distance too close (12.695940230133); rotating motor to 0 degrees | Severity=175 | SourceName=Motor3 | EventType=application | SourceNode=ns=1;s=MotorSource3
[Anomaly Input] [2026-08-16 20:47:02.734 (UTC)] info/application	[Sensor] Updated distance: 12.5902237815737 cm | Severity=75 | SourceName=Sensor3 | EventType=application | SourceNode=ns=1;s=SensorSource3
[Anomaly Input] [2026-08-16 20:47:02.734 (UTC)] info/application	[Sensor] Updated distance: 23.689248104435 cm | Severity=75 | SourceName=Sensor | EventType=application | SourceNode=ns=1;s=SensorSource
[Anomaly Input] [2026-08-16 20:47:02.734 (UTC)] info/application	[Sensor] Updated distance: 20.6096101280347 cm | Severity=75 | SourceName=Sensor2 | EventType=application | SourceNode=ns=1;s=SensorSource2
[Anomaly Input] [2026-08-16 20:47:03.231 (UTC)] info/application	[Motor] Received distance: 20.6096101280347 cm | Severity=75 | SourceName=Motor2 | EventType=application | SourceNode=ns=1;s=MotorSource2
[Anomaly Input] [2026-08-16 20:47:03.231 (UTC)] info/application	[Motor] Received distance: 23.689248104435 cm | Severity=75 | SourceName=Motor | EventType=application | SourceNode=ns=1;s=MotorSource
[Anomaly Input] [2026-08-16 20:47:03.232 (UTC)] info/application	[Motor] Received distance: 12.5902237815737 cm | Severity=75 | SourceName=Motor3 | EventType=application | SourceNode=ns=1;s=MotorSource3
[Anomaly Input] [2026-08-16 20:47:03.231 (UTC)] info/application	[Motor] Distance safe (20.6096101280347); rotating motor to 90 degrees | Severity=75 | SourceName=Motor2 | EventType=application | SourceNode=ns=1;s=MotorSource2
[Anomaly Input] [2026-08-16 20:47:03.231 (UTC)] info/application	[Motor] Distance safe (23.689248104435); rotating motor to 90 degrees | Severity=75 | SourceName=Motor | EventType=application | SourceNode=ns=1;s=MotorSource
[Anomaly Input] [2026-08-16 20:47:03.232 (UTC)] warn/application	[Motor] Distance too close (12.5902237815737); rotating motor to 0 degrees | Severity=175 | SourceName=Motor3 | EventType=application | SourceNode=ns=1;s=MotorSource3
[Anomaly Input] [2026-08-16 20:47:03.734 (UTC)] info/application	[Sensor] Updated distance: 11.1246419184024 cm | Severity=75 | SourceName=Sensor3 | EventType=application | SourceNode=ns=1;s=SensorSource3
[Anomaly Input] [2026-08-16 20:47:03.734 (UTC)] info/application	[Sensor] Updated distance: 23.9981905946034 cm | Severity=75 | SourceName=Sensor | EventType=application | SourceNode=ns=1;s=SensorSource
[Anomaly Input] [2026-08-16 20:47:03.735 (UTC)] info/application	[Sensor] Updated distance: 19.3013786248869 cm | Severity=75 | SourceName=Sensor2 | EventType=application | SourceNode=ns=1;s=SensorSource2
[Anomaly Input] [2026-08-16 20:47:04.231 (UTC)] info/application	[Motor] Received distance: 23.9981905946034 cm | Severity=75 | SourceName=Motor | EventType=application | SourceNode=ns=1;s=MotorSource
[Anomaly Input] [2026-08-16 20:47:04.231 (UTC)] info/application	[Motor] Received distance: 19.3013786248869 cm | Severity=75 | SourceName=Motor2 | EventType=application | SourceNode=ns=1;s=MotorSource2
[Anomaly Input] [2026-08-16 20:47:04.232 (UTC)] info/application	[Motor] Received distance: 11.1246419184024 cm | Severity=75 | SourceName=Motor3 | EventType=application | SourceNode=ns=1;s=MotorSource3
[Anomaly Input] [2026-08-16 20:47:04.231 (UTC)] info/application	[Motor] Distance safe (23.9981905946034); rotating motor to 90 degrees | Severity=75 | SourceName=Motor | EventType=application | SourceNode=ns=1;s=MotorSource
[Anomaly Input] [2026-08-16 20:47:04.231 (UTC)] warn/application	[Motor] Distance too close (19.3013786248869); rotating motor to 0 degrees | Severity=175 | SourceName=Motor2 | EventType=application | SourceNode=ns=1;s=MotorSource2
[Anomaly Input] [2026-08-16 20:47:04.232 (UTC)] warn/application	[Motor] Distance too close (11.1246419184024); rotating motor to 0 degrees | Severity=175 | SourceName=Motor3 | EventType=application | SourceNode=ns=1;s=MotorSource3
[Anomaly Input] [2026-08-16 20:47:04.733 (UTC)] info/application	[Sensor] Updated distance: 11.1169941812367 cm | Severity=75 | SourceName=Sensor3 | EventType=application | SourceNode=ns=1;s=SensorSource3
[Anomaly Input] [2026-08-16 20:47:04.735 (UTC)] info/application	[Sensor] Updated distance: 18.9074472840444 cm | Severity=75 | SourceName=Sensor2 | EventType=application | SourceNode=ns=1;s=SensorSource2
[Anomaly Input] [2026-08-16 20:47:04.735 (UTC)] info/application	[Sensor] Updated distance: 25.4202765745205 cm | Severity=75 | SourceName=Sensor | EventType=application | SourceNode=ns=1;s=SensorSource
[Anomaly Input] [2026-08-16 20:47:05.229 (UTC)] info/application	[Motor] Received distance: 11.1169941812367 cm | Severity=75 | SourceName=Motor3 | EventType=application | SourceNode=ns=1;s=MotorSource3
[Anomaly Input] [2026-08-16 20:47:05.230 (UTC)] info/application	[Motor] Received distance: 25.4202765745205 cm | Severity=75 | SourceName=Motor | EventType=application | SourceNode=ns=1;s=MotorSource
[Anomaly Input] [2026-08-16 20:47:05.230 (UTC)] info/application	[Motor] Received distance: 18.9074472840444 cm | Severity=75 | SourceName=Motor2 | EventType=application | SourceNode=ns=1;s=MotorSource2
[Anomaly Input] [2026-08-16 20:47:05.229 (UTC)] warn/application	[Motor] Distance too close (11.1169941812367); rotating motor to 0 degrees | Severity=175 | SourceName=Motor3 | EventType=application | SourceNode=ns=1;s=MotorSource3
[Anomaly Input] [2026-08-16 20:47:05.230 (UTC)] info/application	[Motor] Distance safe (25.4202765745205); rotating motor to 90 degrees | Severity=75 | SourceName=Motor | EventType=application | SourceNode=ns=1;s=MotorSource
[Anomaly Input] [2026-08-16 20:47:05.230 (UTC)] warn/application	[Motor] Distance too close (18.9074472840444); rotating motor to 0 degrees | Severity=175 | SourceName=Motor2 | EventType=application | SourceNode=ns=1;s=MotorSource2
[Anomaly Input] [2026-08-16 20:47:05.734 (UTC)] info/application	[Sensor] Updated distance: 10.5488213780563 cm | Severity=75 | SourceName=Sensor3 | EventType=application | SourceNode=ns=1;s=SensorSource3
[Anomaly Input] [2026-08-16 20:47:05.735 (UTC)] info/application	[Sensor] Updated distance: 25.5585594633867 cm | Severity=75 | SourceName=Sensor | EventType=application | SourceNode=ns=1;s=SensorSource
[Anomaly Input] [2026-08-16 20:47:05.735 (UTC)] info/application	[Sensor] Updated distance: 19.5309019461418 cm | Severity=75 | SourceName=Sensor2 | EventType=application | SourceNode=ns=1;s=SensorSource2
[Anomaly Input] [2026-08-16 20:47:06.230 (UTC)] info/application	[Motor] Received distance: 19.5309019461418 cm | Severity=75 | SourceName=Motor2 | EventType=application | SourceNode=ns=1;s=MotorSource2
[Anomaly Input] [2026-08-16 20:47:06.231 (UTC)] info/application	[Motor] Received distance: 25.5585594633867 cm | Severity=75 | SourceName=Motor | EventType=application | SourceNode=ns=1;s=MotorSource
[Anomaly Input] [2026-08-16 20:47:06.231 (UTC)] info/application	[Motor] Received distance: 10.5488213780563 cm | Severity=75 | SourceName=Motor3 | EventType=application | SourceNode=ns=1;s=MotorSource3
[Anomaly Input] [2026-08-16 20:47:06.230 (UTC)] warn/application	[Motor] Distance too close (19.5309019461418); rotating motor to 0 degrees | Severity=175 | SourceName=Motor2 | EventType=application | SourceNode=ns=1;s=MotorSource2
[Anomaly Input] [2026-08-16 20:47:06.231 (UTC)] info/application	[Motor] Distance safe (25.5585594633867); rotating motor to 90 degrees | Severity=75 | SourceName=Motor | EventType=application | SourceNode=ns=1;s=MotorSource
[Anomaly Input] [2026-08-16 20:47:06.231 (UTC)] warn/application	[Motor] Distance too close (10.5488213780563); rotating motor to 0 degrees | Severity=175 | SourceName=Motor3 | EventType=application | SourceNode=ns=1;s=MotorSource3
[Anomaly Input] [2026-08-16 20:47:06.734 (UTC)] info/application	[Sensor] Updated distance: 9.7608992302608 cm | Severity=75 | SourceName=Sensor3 | EventType=application | SourceNode=ns=1;s=SensorSource3
[Anomaly Input] [2026-08-16 20:47:06.734 (UTC)] info/application	[Sensor] Updated distance: 26.1851305534063 cm | Severity=75 | SourceName=Sensor | EventType=application | SourceNode=ns=1;s=SensorSource
[Anomaly Input] [2026-08-16 20:47:06.735 (UTC)] info/application	[Sensor] Updated distance: 20.9198260088078 cm | Severity=75 | SourceName=Sensor2 | EventType=application | SourceNode=ns=1;s=SensorSource2
[Anomaly Input] [2026-08-16 20:47:07.231 (UTC)] info/application	[Motor] Received distance: 9.7608992302608 cm | Severity=75 | SourceName=Motor3 | EventType=application | SourceNode=ns=1;s=MotorSource3
[Anomaly Input] [2026-08-16 20:47:07.231 (UTC)] info/application	[Motor] Received distance: 20.9198260088078 cm | Severity=75 | SourceName=Motor2 | EventType=application | SourceNode=ns=1;s=MotorSource2
[Anomaly Input] [2026-08-16 20:47:07.231 (UTC)] info/application	[Motor] Received distance: 26.1851305534063 cm | Severity=75 | SourceName=Motor | EventType=application | SourceNode=ns=1;s=MotorSource
[Anomaly Input] [2026-08-16 20:47:07.231 (UTC)] warn/application	[Motor] Distance too close (9.7608992302608); rotating motor to 0 degrees | Severity=175 | SourceName=Motor3 | EventType=application | SourceNode=ns=1;s=MotorSource3
[Anomaly Input] [2026-08-16 20:47:07.231 (UTC)] info/application	[Motor] Distance safe (20.9198260088078); rotating motor to 90 degrees | Severity=75 | SourceName=Motor2 | EventType=application | SourceNode=ns=1;s=MotorSource2
[Anomaly Input] [2026-08-16 20:47:07.231 (UTC)] info/application	[Motor] Distance safe (26.1851305534063); rotating motor to 90 degrees | Severity=75 | SourceName=Motor | EventType=application | SourceNode=ns=1;s=MotorSource
[Anomaly Input] [2026-08-16 20:47:07.734 (UTC)] info/application	[Sensor] Updated distance: 9.89023644495299 cm | Severity=75 | SourceName=Sensor3 | EventType=application | SourceNode=ns=1;s=SensorSource3
[Anomaly Input] [2026-08-16 20:47:07.734 (UTC)] info/application	[Sensor] Updated distance: 26.2414842880058 cm | Severity=75 | SourceName=Sensor | EventType=application | SourceNode=ns=1;s=SensorSource
[Anomaly Input] [2026-08-16 20:47:07.734 (UTC)] info/application	[Sensor] Updated distance: 19.6498085242462 cm | Severity=75 | SourceName=Sensor2 | EventType=application | SourceNode=ns=1;s=SensorSource2
[Anomaly Input] [2026-08-16 20:47:08.231 (UTC)] info/application	[Motor] Received distance: 9.89023644495299 cm | Severity=75 | SourceName=Motor3 | EventType=application | SourceNode=ns=1;s=MotorSource3
[Anomaly Input] [2026-08-16 20:47:08.232 (UTC)] info/application	[Motor] Received distance: 19.6498085242462 cm | Severity=75 | SourceName=Motor2 | EventType=application | SourceNode=ns=1;s=MotorSource2
[Anomaly Input] [2026-08-16 20:47:08.232 (UTC)] info/application	[Motor] Received distance: 26.2414842880058 cm | Severity=75 | SourceName=Motor | EventType=application | SourceNode=ns=1;s=MotorSource
[Anomaly Input] [2026-08-16 20:47:08.231 (UTC)] warn/application	[Motor] Distance too close (9.89023644495299); rotating motor to 0 degrees | Severity=175 | SourceName=Motor3 | EventType=application | SourceNode=ns=1;s=MotorSource3
[Anomaly Input] [2026-08-16 20:47:08.232 (UTC)] warn/application	[Motor] Distance too close (19.6498085242462); rotating motor to 0 degrees | Severity=175 | SourceName=Motor2 | EventType=application | SourceNode=ns=1;s=MotorSource2
[Anomaly Input] [2026-08-16 20:47:08.232 (UTC)] info/application	[Motor] Distance safe (26.2414842880058); rotating motor to 90 degrees | Severity=75 | SourceName=Motor | EventType=application | SourceNode=ns=1;s=MotorSource
[Anomaly Input] [2026-08-16 20:47:08.735 (UTC)] info/application	[Sensor] Updated distance: 11.3825964379974 cm | Severity=75 | SourceName=Sensor3 | EventType=application | SourceNode=ns=1;s=SensorSource3
[Anomaly Input] [2026-08-16 20:47:08.735 (UTC)] info/application	[Sensor] Updated distance: 25.7968306591719 cm | Severity=75 | SourceName=Sensor | EventType=application | SourceNode=ns=1;s=SensorSource
[Anomaly Input] [2026-08-16 20:47:08.735 (UTC)] info/application	[Sensor] Updated distance: 21.0079524656795 cm | Severity=75 | SourceName=Sensor2 | EventType=application | SourceNode=ns=1;s=SensorSource2
[Anomaly Input] [2026-08-16 20:47:09.230 (UTC)] info/application	[Motor] Received distance: 21.0079524656795 cm | Severity=75 | SourceName=Motor2 | EventType=application | SourceNode=ns=1;s=MotorSource2
[Anomaly Input] [2026-08-16 20:47:09.230 (UTC)] info/application	[Motor] Received distance: 25.7968306591719 cm | Severity=75 | SourceName=Motor | EventType=application | SourceNode=ns=1;s=MotorSource
[Anomaly Input] [2026-08-16 20:47:09.232 (UTC)] info/application	[Motor] Received distance: 11.3825964379974 cm | Severity=75 | SourceName=Motor3 | EventType=application | SourceNode=ns=1;s=MotorSource3
[Anomaly Input] [2026-08-16 20:47:09.230 (UTC)] info/application	[Motor] Distance safe (21.0079524656795); rotating motor to 90 degrees | Severity=75 | SourceName=Motor2 | EventType=application | SourceNode=ns=1;s=MotorSource2
[Anomaly Input] [2026-08-16 20:47:09.230 (UTC)] info/application	[Motor] Distance safe (25.7968306591719); rotating motor to 90 degrees | Severity=75 | SourceName=Motor | EventType=application | SourceNode=ns=1;s=MotorSource
[Anomaly Input] [2026-08-16 20:47:09.232 (UTC)] warn/application	[Motor] Distance too close (11.3825964379974); rotating motor to 0 degrees | Severity=175 | SourceName=Motor3 | EventType=application | SourceNode=ns=1;s=MotorSource3
[Anomaly Input] [2026-08-16 20:47:09.735 (UTC)] info/application	[Sensor] Updated distance: 25.137168311345 cm | Severity=75 | SourceName=Sensor | EventType=application | SourceNode=ns=1;s=SensorSource
[Anomaly Input] [2026-08-16 20:47:09.735 (UTC)] info/application	[Sensor] Updated distance: 12.7122992562187 cm | Severity=75 | SourceName=Sensor3 | EventType=application | SourceNode=ns=1;s=SensorSource3
[Anomaly Input] [2026-08-16 20:47:09.735 (UTC)] info/application	[Sensor] Updated distance: 20.1822652954991 cm | Severity=75 | SourceName=Sensor2 | EventType=application | SourceNode=ns=1;s=SensorSource2
[Anomaly Input] [2026-08-16 20:47:10.231 (UTC)] info/application	[Motor] Received distance: 20.1822652954991 cm | Severity=75 | SourceName=Motor2 | EventType=application | SourceNode=ns=1;s=MotorSource2
[Anomaly Input] [2026-08-16 20:47:10.231 (UTC)] info/application	[Motor] Received distance: 25.137168311345 cm | Severity=75 | SourceName=Motor | EventType=application | SourceNode=ns=1;s=MotorSource
[Anomaly Input] [2026-08-16 20:47:10.232 (UTC)] info/application	[Motor] Received distance: 12.7122992562187 cm | Severity=75 | SourceName=Motor3 | EventType=application | SourceNode=ns=1;s=MotorSource3
[Anomaly Input] [2026-08-16 20:47:10.231 (UTC)] info/application	[Motor] Distance safe (20.1822652954991); rotating motor to 90 degrees | Severity=75 | SourceName=Motor2 | EventType=application | SourceNode=ns=1;s=MotorSource2
[Anomaly Input] [2026-08-16 20:47:10.231 (UTC)] info/application	[Motor] Distance safe (25.137168311345); rotating motor to 90 degrees | Severity=75 | SourceName=Motor | EventType=application | SourceNode=ns=1;s=MotorSource
[Anomaly Input] [2026-08-16 20:47:10.232 (UTC)] warn/application	[Motor] Distance too close (12.7122992562187); rotating motor to 0 degrees | Severity=175 | SourceName=Motor3 | EventType=application | SourceNode=ns=1;s=MotorSource3
[Anomaly Input] [2026-08-16 20:47:10.735 (UTC)] info/application	[Sensor] Updated distance: 24.6037749525177 cm | Severity=75 | SourceName=Sensor | EventType=application | SourceNode=ns=1;s=SensorSource
[Anomaly Input] [2026-08-16 20:47:10.735 (UTC)] info/application	[Sensor] Updated distance: 21.3336462389369 cm | Severity=75 | SourceName=Sensor2 | EventType=application | SourceNode=ns=1;s=SensorSource2
[Anomaly Input] [2026-08-16 20:47:10.735 (UTC)] info/application	[Sensor] Updated distance: 11.7530143464696 cm | Severity=75 | SourceName=Sensor3 | EventType=application | SourceNode=ns=1;s=SensorSource3
[Anomaly Input] [2026-08-16 20:47:11.231 (UTC)] info/application	[Motor] Received distance: 11.7530143464696 cm | Severity=75 | SourceName=Motor3 | EventType=application | SourceNode=ns=1;s=MotorSource3
[Anomaly Input] [2026-08-16 20:47:11.231 (UTC)] info/application	[Motor] Received distance: 24.6037749525177 cm | Severity=75 | SourceName=Motor | EventType=application | SourceNode=ns=1;s=MotorSource
[Anomaly Input] [2026-08-16 20:47:11.231 (UTC)] info/application	[Motor] Received distance: 21.3336462389369 cm | Severity=75 | SourceName=Motor2 | EventType=application | SourceNode=ns=1;s=MotorSource2
[Anomaly Input] [2026-08-16 20:47:11.231 (UTC)] warn/application	[Motor] Distance too close (11.7530143464696); rotating motor to 0 degrees | Severity=175 | SourceName=Motor3 | EventType=application | SourceNode=ns=1;s=MotorSource3
[Anomaly Input] [2026-08-16 20:47:11.231 (UTC)] info/application	[Motor] Distance safe (24.6037749525177); rotating motor to 90 degrees | Severity=75 | SourceName=Motor | EventType=application | SourceNode=ns=1;s=MotorSource
[Anomaly Input] [2026-08-16 20:47:11.231 (UTC)] info/application	[Motor] Distance safe (21.3336462389369); rotating motor to 90 degrees | Severity=75 | SourceName=Motor2 | EventType=application | SourceNode=ns=1;s=MotorSource2
[Anomaly Input] [2026-08-16 20:47:11.735 (UTC)] info/application	[Sensor] Updated distance: 26.1016139442109 cm | Severity=75 | SourceName=Sensor | EventType=application | SourceNode=ns=1;s=SensorSource
[Anomaly Input] [2026-08-16 20:47:11.736 (UTC)] info/application	[Sensor] Updated distance: 10.7134933514583 cm | Severity=75 | SourceName=Sensor3 | EventType=application | SourceNode=ns=1;s=SensorSource3
[Anomaly Input] [2026-08-16 20:47:11.736 (UTC)] info/application	[Sensor] Updated distance: 22.1688246809267 cm | Severity=75 | SourceName=Sensor2 | EventType=application | SourceNode=ns=1;s=SensorSource2
[Anomaly Input] [2026-08-16 20:47:12.232 (UTC)] info/application	[Motor] Received distance: 22.1688246809267 cm | Severity=75 | SourceName=Motor2 | EventType=application | SourceNode=ns=1;s=MotorSource2
[Anomaly Input] [2026-08-16 20:47:12.232 (UTC)] info/application	[Motor] Received distance: 10.7134933514583 cm | Severity=75 | SourceName=Motor3 | EventType=application | SourceNode=ns=1;s=MotorSource3
[Anomaly Input] [2026-08-16 20:47:12.240 (UTC)] info/application	[Motor] Received distance: 26.1016139442109 cm | Severity=75 | SourceName=Motor | EventType=application | SourceNode=ns=1;s=MotorSource
[Anomaly Input] [2026-08-16 20:47:12.232 (UTC)] info/application	[Motor] Distance safe (22.1688246809267); rotating motor to 90 degrees | Severity=75 | SourceName=Motor2 | EventType=application | SourceNode=ns=1;s=MotorSource2
[Anomaly Input] [2026-08-16 20:47:12.232 (UTC)] warn/application	[Motor] Distance too close (10.7134933514583); rotating motor to 0 degrees | Severity=175 | SourceName=Motor3 | EventType=application | SourceNode=ns=1;s=MotorSource3
[Anomaly Input] [2026-08-16 20:47:12.240 (UTC)] info/application	[Motor] Distance safe (26.1016139442109); rotating motor to 90 degrees | Severity=75 | SourceName=Motor | EventType=application | SourceNode=ns=1;s=MotorSource
[Anomaly Input] [2026-08-16 20:47:12.735 (UTC)] info/application	[Sensor] Updated distance: 11.8983019757542 cm | Severity=75 | SourceName=Sensor3 | EventType=application | SourceNode=ns=1;s=SensorSource3
[Anomaly Input] [2026-08-16 20:47:12.735 (UTC)] info/application	[Sensor] Updated distance: 26.9778979518348 cm | Severity=75 | SourceName=Sensor | EventType=application | SourceNode=ns=1;s=SensorSource
[Anomaly Input] [2026-08-16 20:47:12.736 (UTC)] info/application	[Sensor] Updated distance: 21.2681359575447 cm | Severity=75 | SourceName=Sensor2 | EventType=application | SourceNode=ns=1;s=SensorSource2
[Anomaly Input] [2026-08-16 20:47:13.230 (UTC)] info/application	[Motor] Received distance: 26.9778979518348 cm | Severity=75 | SourceName=Motor | EventType=application | SourceNode=ns=1;s=MotorSource
[Anomaly Input] [2026-08-16 20:47:13.232 (UTC)] info/application	[Motor] Received distance: 11.8983019757542 cm | Severity=75 | SourceName=Motor3 | EventType=application | SourceNode=ns=1;s=MotorSource3
[Anomaly Input] [2026-08-16 20:47:13.240 (UTC)] info/application	[Motor] Received distance: 21.2681359575447 cm | Severity=75 | SourceName=Motor2 | EventType=application | SourceNode=ns=1;s=MotorSource2
[Anomaly Input] [2026-08-16 20:47:13.230 (UTC)] info/application	[Motor] Distance safe (26.9778979518348); rotating motor to 90 degrees | Severity=75 | SourceName=Motor | EventType=application | SourceNode=ns=1;s=MotorSource
[Anomaly Input] [2026-08-16 20:47:13.232 (UTC)] warn/application	[Motor] Distance too close (11.8983019757542); rotating motor to 0 degrees | Severity=175 | SourceName=Motor3 | EventType=application | SourceNode=ns=1;s=MotorSource3
[Anomaly Input] [2026-08-16 20:47:13.240 (UTC)] info/application	[Motor] Distance safe (21.2681359575447); rotating motor to 90 degrees | Severity=75 | SourceName=Motor2 | EventType=application | SourceNode=ns=1;s=MotorSource2
[Anomaly Input] [2026-08-16 20:47:13.735 (UTC)] info/application	[Sensor] Updated distance: 10.9612894283893 cm | Severity=75 | SourceName=Sensor3 | EventType=application | SourceNode=ns=1;s=SensorSource3
[Anomaly Input] [2026-08-16 20:47:13.735 (UTC)] info/application	[Sensor] Updated distance: 19.8271276160735 cm | Severity=75 | SourceName=Sensor2 | EventType=application | SourceNode=ns=1;s=SensorSource2
[Anomaly Input] [2026-08-16 20:47:13.735 (UTC)] info/application	[Sensor] Updated distance: 27.2874374751874 cm | Severity=75 | SourceName=Sensor | EventType=application | SourceNode=ns=1;s=SensorSource
[Anomaly Input] [2026-08-16 20:47:14.230 (UTC)] info/application	[Motor] Received distance: 10.9612894283893 cm | Severity=75 | SourceName=Motor3 | EventType=application | SourceNode=ns=1;s=MotorSource3
[Anomaly Input] [2026-08-16 20:47:14.230 (UTC)] info/application	[Motor] Received distance: 19.8271276160735 cm | Severity=75 | SourceName=Motor2 | EventType=application | SourceNode=ns=1;s=MotorSource2
[Anomaly Input] [2026-08-16 20:47:14.231 (UTC)] info/application	[Motor] Received distance: 27.2874374751874 cm | Severity=75 | SourceName=Motor | EventType=application | SourceNode=ns=1;s=MotorSource
[Anomaly Input] [2026-08-16 20:47:14.230 (UTC)] warn/application	[Motor] Distance too close (10.9612894283893); rotating motor to 0 degrees | Severity=175 | SourceName=Motor3 | EventType=application | SourceNode=ns=1;s=MotorSource3
[Anomaly Input] [2026-08-16 20:47:14.230 (UTC)] warn/application	[Motor] Distance too close (19.8271276160735); rotating motor to 0 degrees | Severity=175 | SourceName=Motor2 | EventType=application | SourceNode=ns=1;s=MotorSource2
[Anomaly Input] [2026-08-16 20:47:14.231 (UTC)] info/application	[Motor] Distance safe (27.2874374751874); rotating motor to 90 degrees | Severity=75 | SourceName=Motor | EventType=application | SourceNode=ns=1;s=MotorSource
[Anomaly Input] [2026-08-16 20:47:14.735 (UTC)] info/application	[Sensor] Updated distance: 11.7147731914719 cm | Severity=75 | SourceName=Sensor3 | EventType=application | SourceNode=ns=1;s=SensorSource3
[Anomaly Input] [2026-08-16 20:47:14.735 (UTC)] info/application	[Sensor] Updated distance: 19.6530624035062 cm | Severity=75 | SourceName=Sensor2 | EventType=application | SourceNode=ns=1;s=SensorSource2
[Anomaly Input] [2026-08-16 20:47:14.735 (UTC)] info/application	[Sensor] Updated distance: 25.9451626417903 cm | Severity=75 | SourceName=Sensor | EventType=application | SourceNode=ns=1;s=SensorSource
[Anomaly Input] [2026-08-16 20:47:15.231 (UTC)] info/application	[Motor] Received distance: 11.7147731914719 cm | Severity=75 | SourceName=Motor3 | EventType=application | SourceNode=ns=1;s=MotorSource3
[Anomaly Input] [2026-08-16 20:47:15.231 (UTC)] info/application	[Motor] Received distance: 25.9451626417903 cm | Severity=75 | SourceName=Motor | EventType=application | SourceNode=ns=1;s=MotorSource
[Anomaly Input] [2026-08-16 20:47:15.231 (UTC)] info/application	[Motor] Received distance: 19.6530624035062 cm | Severity=75 | SourceName=Motor2 | EventType=application | SourceNode=ns=1;s=MotorSource2
[Anomaly Input] [2026-08-16 20:47:15.231 (UTC)] warn/application	[Motor] Distance too close (11.7147731914719); rotating motor to 0 degrees | Severity=175 | SourceName=Motor3 | EventType=application | SourceNode=ns=1;s=MotorSource3
[Anomaly Input] [2026-08-16 20:47:15.231 (UTC)] info/application	[Motor] Distance safe (25.9451626417903); rotating motor to 90 degrees | Severity=75 | SourceName=Motor | EventType=application | SourceNode=ns=1;s=MotorSource
[Anomaly Input] [2026-08-16 20:47:15.231 (UTC)] warn/application	[Motor] Distance too close (19.6530624035062); rotating motor to 0 degrees | Severity=175 | SourceName=Motor2 | EventType=application | SourceNode=ns=1;s=MotorSource2
[Anomaly Input] [2026-08-16 20:47:15.735 (UTC)] info/application	[Sensor] Updated distance: 11.0352913180996 cm | Severity=75 | SourceName=Sensor3 | EventType=application | SourceNode=ns=1;s=SensorSource3
[Anomaly Input] [2026-08-16 20:47:15.735 (UTC)] info/application	[Sensor] Updated distance: 26.5177519912914 cm | Severity=75 | SourceName=Sensor | EventType=application | SourceNode=ns=1;s=SensorSource
[Anomaly Input] [2026-08-16 20:47:15.735 (UTC)] info/application	[Sensor] Updated distance: 19.4382013953003 cm | Severity=75 | SourceName=Sensor2 | EventType=application | SourceNode=ns=1;s=SensorSource2
[Anomaly Input] [2026-08-16 20:47:16.232 (UTC)] info/application	[Motor] Received distance: 19.4382013953003 cm | Severity=75 | SourceName=Motor2 | EventType=application | SourceNode=ns=1;s=MotorSource2
[Anomaly Input] [2026-08-16 20:47:16.232 (UTC)] info/application	[Motor] Received distance: 11.0352913180996 cm | Severity=75 | SourceName=Motor3 | EventType=application | SourceNode=ns=1;s=MotorSource3
[Anomaly Input] [2026-08-16 20:47:16.240 (UTC)] info/application	[Motor] Received distance: 26.5177519912914 cm | Severity=75 | SourceName=Motor | EventType=application | SourceNode=ns=1;s=MotorSource
[Anomaly Input] [2026-08-16 20:47:16.232 (UTC)] warn/application	[Motor] Distance too close (19.4382013953003); rotating motor to 0 degrees | Severity=175 | SourceName=Motor2 | EventType=application | SourceNode=ns=1;s=MotorSource2
[Anomaly Input] [2026-08-16 20:47:16.232 (UTC)] warn/application	[Motor] Distance too close (11.0352913180996); rotating motor to 0 degrees | Severity=175 | SourceName=Motor3 | EventType=application | SourceNode=ns=1;s=MotorSource3
[Anomaly Input] [2026-08-16 20:47:16.240 (UTC)] info/application	[Motor] Distance safe (26.5177519912914); rotating motor to 90 degrees | Severity=75 | SourceName=Motor | EventType=application | SourceNode=ns=1;s=MotorSource
[Anomaly Input] [2026-08-16 20:47:16.735 (UTC)] info/application	[Sensor] Updated distance: 27.4941185840844 cm | Severity=75 | SourceName=Sensor | EventType=application | SourceNode=ns=1;s=SensorSource
[Anomaly Input] [2026-08-16 20:47:16.736 (UTC)] info/application	[Sensor] Updated distance: 11.5025607494183 cm | Severity=75 | SourceName=Sensor3 | EventType=application | SourceNode=ns=1;s=SensorSource3
[Anomaly Input] [2026-08-16 20:47:16.736 (UTC)] info/application	[Sensor] Updated distance: 19.4004138556311 cm | Severity=75 | SourceName=Sensor2 | EventType=application | SourceNode=ns=1;s=SensorSource2
[Anomaly Input] [2026-08-16 20:47:17.230 (UTC)] info/application	[Motor] Received distance: 27.4941185840844 cm | Severity=75 | SourceName=Motor | EventType=application | SourceNode=ns=1;s=MotorSource
[Anomaly Input] [2026-08-16 20:47:17.232 (UTC)] info/application	[Motor] Received distance: 11.5025607494183 cm | Severity=75 | SourceName=Motor3 | EventType=application | SourceNode=ns=1;s=MotorSource3
[Anomaly Input] [2026-08-16 20:47:17.240 (UTC)] info/application	[Motor] Received distance: 19.4004138556311 cm | Severity=75 | SourceName=Motor2 | EventType=application | SourceNode=ns=1;s=MotorSource2
[Anomaly Input] [2026-08-16 20:47:17.231 (UTC)] info/application	[Motor] Distance safe (27.4941185840844); rotating motor to 90 degrees | Severity=75 | SourceName=Motor | EventType=application | SourceNode=ns=1;s=MotorSource
[Anomaly Input] [2026-08-16 20:47:17.232 (UTC)] warn/application	[Motor] Distance too close (11.5025607494183); rotating motor to 0 degrees | Severity=175 | SourceName=Motor3 | EventType=application | SourceNode=ns=1;s=MotorSource3
[Anomaly Input] [2026-08-16 20:47:17.240 (UTC)] warn/application	[Motor] Distance too close (19.4004138556311); rotating motor to 0 degrees | Severity=175 | SourceName=Motor2 | EventType=application | SourceNode=ns=1;s=MotorSource2
[Anomaly Input] [2026-08-16 20:47:17.736 (UTC)] info/application	[Sensor] Updated distance: 20.4005215828775 cm | Severity=75 | SourceName=Sensor2 | EventType=application | SourceNode=ns=1;s=SensorSource2
[Anomaly Input] [2026-08-16 20:47:17.736 (UTC)] info/application	[Sensor] Updated distance: 26.6686001835245 cm | Severity=75 | SourceName=Sensor | EventType=application | SourceNode=ns=1;s=SensorSource
[Anomaly Input] [2026-08-16 20:47:17.736 (UTC)] info/application	[Sensor] Updated distance: 11.1537253510457 cm | Severity=75 | SourceName=Sensor3 | EventType=application | SourceNode=ns=1;s=SensorSource3
[Anomaly Input] [2026-08-16 20:47:18.232 (UTC)] info/application	[Motor] Received distance: 26.6686001835245 cm | Severity=75 | SourceName=Motor | EventType=application | SourceNode=ns=1;s=MotorSource
[Anomaly Input] [2026-08-16 20:47:18.232 (UTC)] info/application	[Motor] Received distance: 20.4005215828775 cm | Severity=75 | SourceName=Motor2 | EventType=application | SourceNode=ns=1;s=MotorSource2
[Anomaly Input] [2026-08-16 20:47:18.232 (UTC)] info/application	[Motor] Received distance: 11.1537253510457 cm | Severity=75 | SourceName=Motor3 | EventType=application | SourceNode=ns=1;s=MotorSource3
[Anomaly Input] [2026-08-16 20:47:18.232 (UTC)] info/application	[Motor] Distance safe (26.6686001835245); rotating motor to 90 degrees | Severity=75 | SourceName=Motor | EventType=application | SourceNode=ns=1;s=MotorSource
[Anomaly Input] [2026-08-16 20:47:18.232 (UTC)] info/application	[Motor] Distance safe (20.4005215828775); rotating motor to 90 degrees | Severity=75 | SourceName=Motor2 | EventType=application | SourceNode=ns=1;s=MotorSource2
[Anomaly Input] [2026-08-16 20:47:18.232 (UTC)] warn/application	[Motor] Distance too close (11.1537253510457); rotating motor to 0 degrees | Severity=175 | SourceName=Motor3 | EventType=application | SourceNode=ns=1;s=MotorSource3
[Anomaly Input] [2026-08-16 20:47:18.737 (UTC)] info/application	[Sensor] Updated distance: 21.0942867068082 cm | Severity=75 | SourceName=Sensor2 | EventType=application | SourceNode=ns=1;s=SensorSource2
[Anomaly Input] [2026-08-16 20:47:18.737 (UTC)] info/application	[Sensor] Updated distance: 11.7314148958453 cm | Severity=75 | SourceName=Sensor3 | EventType=application | SourceNode=ns=1;s=SensorSource3
[Anomaly Input] [2026-08-16 20:47:18.737 (UTC)] info/application	[Sensor] Updated distance: 26.8399741877056 cm | Severity=75 | SourceName=Sensor | EventType=application | SourceNode=ns=1;s=SensorSource
[Anomaly Input] [2026-08-16 20:47:19.232 (UTC)] info/application	[Motor] Received distance: 11.7314148958453 cm | Severity=75 | SourceName=Motor3 | EventType=application | SourceNode=ns=1;s=MotorSource3
[Anomaly Input] [2026-08-16 20:47:19.240 (UTC)] info/application	[Motor] Received distance: 26.8399741877056 cm | Severity=75 | SourceName=Motor | EventType=application | SourceNode=ns=1;s=MotorSource
[Anomaly Input] [2026-08-16 20:47:19.240 (UTC)] info/application	[Motor] Received distance: 21.0942867068082 cm | Severity=75 | SourceName=Motor2 | EventType=application | SourceNode=ns=1;s=MotorSource2
[Anomaly Input] [2026-08-16 20:47:19.232 (UTC)] warn/application	[Motor] Distance too close (11.7314148958453); rotating motor to 0 degrees | Severity=175 | SourceName=Motor3 | EventType=application | SourceNode=ns=1;s=MotorSource3
[Anomaly Input] [2026-08-16 20:47:19.240 (UTC)] info/application	[Motor] Distance safe (26.8399741877056); rotating motor to 90 degrees | Severity=75 | SourceName=Motor | EventType=application | SourceNode=ns=1;s=MotorSource
[Anomaly Input] [2026-08-16 20:47:19.240 (UTC)] info/application	[Motor] Distance safe (21.0942867068082); rotating motor to 90 degrees | Severity=75 | SourceName=Motor2 | EventType=application | SourceNode=ns=1;s=MotorSource2
[Anomaly Input] [2026-08-16 20:47:19.737 (UTC)] info/application	[Sensor] Updated distance: 25.8237778219971 cm | Severity=75 | SourceName=Sensor | EventType=application | SourceNode=ns=1;s=SensorSource
[Anomaly Input] [2026-08-16 20:47:19.737 (UTC)] info/application	[Sensor] Updated distance: 19.6507450454639 cm | Severity=75 | SourceName=Sensor2 | EventType=application | SourceNode=ns=1;s=SensorSource2
[Anomaly Input] [2026-08-16 20:47:19.737 (UTC)] info/application	[Sensor] Updated distance: 13.0360752598085 cm | Severity=75 | SourceName=Sensor3 | EventType=application | SourceNode=ns=1;s=SensorSource3
[Anomaly Input] [2026-08-16 20:47:20.232 (UTC)] info/application	[Motor] Received distance: 25.8237778219971 cm | Severity=75 | SourceName=Motor | EventType=application | SourceNode=ns=1;s=MotorSource
[Anomaly Input] [2026-08-16 20:47:20.232 (UTC)] info/application	[Motor] Received distance: 13.0360752598085 cm | Severity=75 | SourceName=Motor3 | EventType=application | SourceNode=ns=1;s=MotorSource3
[Anomaly Input] [2026-08-16 20:47:20.232 (UTC)] info/application	[Motor] Received distance: 19.6507450454639 cm | Severity=75 | SourceName=Motor2 | EventType=application | SourceNode=ns=1;s=MotorSource2
[Anomaly Input] [2026-08-16 20:47:20.232 (UTC)] info/application	[Motor] Distance safe (25.8237778219971); rotating motor to 90 degrees | Severity=75 | SourceName=Motor | EventType=application | SourceNode=ns=1;s=MotorSource
[Anomaly Input] [2026-08-16 20:47:20.232 (UTC)] warn/application	[Motor] Distance too close (13.0360752598085); rotating motor to 0 degrees | Severity=175 | SourceName=Motor3 | EventType=application | SourceNode=ns=1;s=MotorSource3
[Anomaly Input] [2026-08-16 20:47:20.232 (UTC)] warn/application	[Motor] Distance too close (19.6507450454639); rotating motor to 0 degrees | Severity=175 | SourceName=Motor2 | EventType=application | SourceNode=ns=1;s=MotorSource2
[Anomaly Input] [2026-08-16 20:47:20.727 (UTC)] info/application	[Sensor] Updated distance: 25.3049225515243 cm | Severity=75 | SourceName=Sensor | EventType=application | SourceNode=ns=1;s=SensorSource
[Anomaly Input] [2026-08-16 20:47:20.738 (UTC)] info/application	[Sensor] Updated distance: 14.0820431118282 cm | Severity=75 | SourceName=Sensor3 | EventType=application | SourceNode=ns=1;s=SensorSource3
[Anomaly Input] [2026-08-16 20:47:20.738 (UTC)] info/application	[Sensor] Updated distance: 19.6226564183005 cm | Severity=75 | SourceName=Sensor2 | EventType=application | SourceNode=ns=1;s=SensorSource2
[Anomaly Input] [2026-08-16 20:47:21.241 (UTC)] info/application	[Motor] Received distance: 25.3049225515243 cm | Severity=75 | SourceName=Motor | EventType=application | SourceNode=ns=1;s=MotorSource
[Anomaly Input] [2026-08-16 20:47:21.241 (UTC)] info/application	[Motor] Received distance: 19.6226564183005 cm | Severity=75 | SourceName=Motor2 | EventType=application | SourceNode=ns=1;s=MotorSource2
[Anomaly Input] [2026-08-16 20:47:21.241 (UTC)] info/application	[Motor] Received distance: 14.0820431118282 cm | Severity=75 | SourceName=Motor3 | EventType=application | SourceNode=ns=1;s=MotorSource3
[Anomaly Input] [2026-08-16 20:47:21.241 (UTC)] info/application	[Motor] Distance safe (25.3049225515243); rotating motor to 90 degrees | Severity=75 | SourceName=Motor | EventType=application | SourceNode=ns=1;s=MotorSource
[Anomaly Input] [2026-08-16 20:47:21.241 (UTC)] warn/application	[Motor] Distance too close (19.6226564183005); rotating motor to 0 degrees | Severity=175 | SourceName=Motor2 | EventType=application | SourceNode=ns=1;s=MotorSource2
[Anomaly Input] [2026-08-16 20:47:21.241 (UTC)] warn/application	[Motor] Distance too close (14.0820431118282); rotating motor to 0 degrees | Severity=175 | SourceName=Motor3 | EventType=application | SourceNode=ns=1;s=MotorSource3
[Anomaly Input] [2026-08-16 20:47:21.728 (UTC)] info/application	[Sensor] Updated distance: 15.4454878316938 cm | Severity=75 | SourceName=Sensor3 | EventType=application | SourceNode=ns=1;s=SensorSource3
[Anomaly Input] [2026-08-16 20:47:21.728 (UTC)] info/application	[Sensor] Updated distance: 20.9864398704313 cm | Severity=75 | SourceName=Sensor2 | EventType=application | SourceNode=ns=1;s=SensorSource2
[Anomaly Input] [2026-08-16 20:47:21.728 (UTC)] info/application	[Sensor] Updated distance: 26.3292020837912 cm | Severity=75 | SourceName=Sensor | EventType=application | SourceNode=ns=1;s=SensorSource
[Anomaly Input] [2026-08-16 20:47:22.233 (UTC)] info/application	[Motor] Received distance: 26.3292020837912 cm | Severity=75 | SourceName=Motor | EventType=application | SourceNode=ns=1;s=MotorSource
[Anomaly Input] [2026-08-16 20:47:22.233 (UTC)] info/application	[Motor] Received distance: 15.4454878316938 cm | Severity=75 | SourceName=Motor3 | EventType=application | SourceNode=ns=1;s=MotorSource3
[Anomaly Input] [2026-08-16 20:47:22.234 (UTC)] info/application	[Motor] Received distance: 20.9864398704313 cm | Severity=75 | SourceName=Motor2 | EventType=application | SourceNode=ns=1;s=MotorSource2
[Anomaly Input] [2026-08-16 20:47:22.233 (UTC)] info/application	[Motor] Distance safe (26.3292020837912); rotating motor to 90 degrees | Severity=75 | SourceName=Motor | EventType=application | SourceNode=ns=1;s=MotorSource
[Anomaly Input] [2026-08-16 20:47:22.233 (UTC)] warn/application	[Motor] Distance too close (15.4454878316938); rotating motor to 0 degrees | Severity=175 | SourceName=Motor3 | EventType=application | SourceNode=ns=1;s=MotorSource3
[Anomaly Input] [2026-08-16 20:47:22.234 (UTC)] info/application	[Motor] Distance safe (20.9864398704313); rotating motor to 90 degrees | Severity=75 | SourceName=Motor2 | EventType=application | SourceNode=ns=1;s=MotorSource2
[Anomaly Input] [2026-08-16 20:47:22.728 (UTC)] info/application	[Sensor] Updated distance: 15.0229869834254 cm | Severity=75 | SourceName=Sensor3 | EventType=application | SourceNode=ns=1;s=SensorSource3
[Anomaly Input] [2026-08-16 20:47:22.728 (UTC)] info/application	[Sensor] Updated distance: 27.3024402234249 cm | Severity=75 | SourceName=Sensor | EventType=application | SourceNode=ns=1;s=SensorSource
[Anomaly Input] [2026-08-16 20:47:22.729 (UTC)] info/application	[Sensor] Updated distance: 22.0415298999481 cm | Severity=75 | SourceName=Sensor2 | EventType=application | SourceNode=ns=1;s=SensorSource2
[Anomaly Input] [2026-08-16 20:47:23.242 (UTC)] info/application	[Motor] Received distance: 22.0415298999481 cm | Severity=75 | SourceName=Motor2 | EventType=application | SourceNode=ns=1;s=MotorSource2
[Anomaly Input] [2026-08-16 20:47:23.242 (UTC)] info/application	[Motor] Received distance: 15.0229869834254 cm | Severity=75 | SourceName=Motor3 | EventType=application | SourceNode=ns=1;s=MotorSource3
[Anomaly Input] [2026-08-16 20:47:23.242 (UTC)] info/application	[Motor] Received distance: 27.3024402234249 cm | Severity=75 | SourceName=Motor | EventType=application | SourceNode=ns=1;s=MotorSource
[Anomaly Input] [2026-08-16 20:47:23.242 (UTC)] info/application	[Motor] Distance safe (22.0415298999481); rotating motor to 90 degrees | Severity=75 | SourceName=Motor2 | EventType=application | SourceNode=ns=1;s=MotorSource2
[Anomaly Input] [2026-08-16 20:47:23.242 (UTC)] warn/application	[Motor] Distance too close (15.0229869834254); rotating motor to 0 degrees | Severity=175 | SourceName=Motor3 | EventType=application | SourceNode=ns=1;s=MotorSource3
[Anomaly Input] [2026-08-16 20:47:23.242 (UTC)] info/application	[Motor] Distance safe (27.3024402234249); rotating motor to 90 degrees | Severity=75 | SourceName=Motor | EventType=application | SourceNode=ns=1;s=MotorSource
[Anomaly Input] [2026-08-16 20:47:23.728 (UTC)] info/application	[Sensor] Updated distance: 25.912858326646 cm | Severity=75 | SourceName=Sensor | EventType=application | SourceNode=ns=1;s=SensorSource
[Anomaly Input] [2026-08-16 20:47:23.728 (UTC)] info/application	[Sensor] Updated distance: 16.2888843644358 cm | Severity=75 | SourceName=Sensor3 | EventType=application | SourceNode=ns=1;s=SensorSource3
[Anomaly Input] [2026-08-16 20:47:23.729 (UTC)] info/application	[Sensor] Updated distance: 20.9036598859372 cm | Severity=75 | SourceName=Sensor2 | EventType=application | SourceNode=ns=1;s=SensorSource2
[Anomaly Input] [2026-08-16 20:47:24.233 (UTC)] info/application	[Motor] Received distance: 25.912858326646 cm | Severity=75 | SourceName=Motor | EventType=application | SourceNode=ns=1;s=MotorSource
[Anomaly Input] [2026-08-16 20:47:24.233 (UTC)] info/application	[Motor] Received distance: 16.2888843644358 cm | Severity=75 | SourceName=Motor3 | EventType=application | SourceNode=ns=1;s=MotorSource3
[Anomaly Input] [2026-08-16 20:47:24.234 (UTC)] info/application	[Motor] Received distance: 20.9036598859372 cm | Severity=75 | SourceName=Motor2 | EventType=application | SourceNode=ns=1;s=MotorSource2
[Anomaly Input] [2026-08-16 20:47:24.233 (UTC)] info/application	[Motor] Distance safe (25.912858326646); rotating motor to 90 degrees | Severity=75 | SourceName=Motor | EventType=application | SourceNode=ns=1;s=MotorSource
[Anomaly Input] [2026-08-16 20:47:24.233 (UTC)] warn/application	[Motor] Distance too close (16.2888843644358); rotating motor to 0 degrees | Severity=175 | SourceName=Motor3 | EventType=application | SourceNode=ns=1;s=MotorSource3
[Anomaly Input] [2026-08-16 20:47:24.234 (UTC)] info/application	[Motor] Distance safe (20.9036598859372); rotating motor to 90 degrees | Severity=75 | SourceName=Motor2 | EventType=application | SourceNode=ns=1;s=MotorSource2
[Anomaly Input] [2026-08-16 20:47:24.728 (UTC)] info/application	[Sensor] Updated distance: 15.6211243493581 cm | Severity=75 | SourceName=Sensor3 | EventType=application | SourceNode=ns=1;s=SensorSource3
[Anomaly Input] [2026-08-16 20:47:24.728 (UTC)] info/application	[Sensor] Updated distance: 24.5394356090293 cm | Severity=75 | SourceName=Sensor | EventType=application | SourceNode=ns=1;s=SensorSource
[Anomaly Input] [2026-08-16 20:47:24.729 (UTC)] info/application	[Sensor] Updated distance: 22.1703309417564 cm | Severity=75 | SourceName=Sensor2 | EventType=application | SourceNode=ns=1;s=SensorSource2
>>> [Anomaly Input] [2026-08-16 20:47:25.203 (UTC)] info/application	[Sensor] Updated distance: 16.0053472855386 cm | Severity=75 | SourceName=Sensor3 | EventType=application | SourceNode=null   # ⚠ [S] Spoofing 欺騙：偽造的 sensor 距離（同一秒出現雙報）
>>> [Anomaly Input] [2026-08-16 20:47:25.203 (UTC)] info/application	[Sensor] Updated distance: 24.9236585452099 cm | Severity=75 | SourceName=Sensor | EventType=application | SourceNode=null   # ⚠ [S] Spoofing 欺騙：偽造的 sensor 距離（同一秒出現雙報）
>>> [Anomaly Input] [2026-08-16 20:47:25.204 (UTC)] info/application	[Sensor] Updated distance: 22.5545538779369 cm | Severity=75 | SourceName=Sensor2 | EventType=application | SourceNode=null   # ⚠ [S] Spoofing 欺騙：偽造的 sensor 距離（同一秒出現雙報）
[Anomaly Input] [2026-08-16 20:47:25.241 (UTC)] info/application	[Motor] Received distance: 15.6211243493581 cm | Severity=75 | SourceName=Motor3 | EventType=application | SourceNode=ns=1;s=MotorSource3
[Anomaly Input] [2026-08-16 20:47:25.242 (UTC)] info/application	[Motor] Received distance: 24.5394356090293 cm | Severity=75 | SourceName=Motor | EventType=application | SourceNode=ns=1;s=MotorSource
[Anomaly Input] [2026-08-16 20:47:25.242 (UTC)] info/application	[Motor] Received distance: 22.1703309417564 cm | Severity=75 | SourceName=Motor2 | EventType=application | SourceNode=ns=1;s=MotorSource2
[Anomaly Input] [2026-08-16 20:47:25.241 (UTC)] warn/application	[Motor] Distance too close (15.6211243493581); rotating motor to 0 degrees | Severity=175 | SourceName=Motor3 | EventType=application | SourceNode=ns=1;s=MotorSource3
[Anomaly Input] [2026-08-16 20:47:25.242 (UTC)] info/application	[Motor] Distance safe (24.5394356090293); rotating motor to 90 degrees | Severity=75 | SourceName=Motor | EventType=application | SourceNode=ns=1;s=MotorSource
[Anomaly Input] [2026-08-16 20:47:25.242 (UTC)] info/application	[Motor] Distance safe (22.1703309417564); rotating motor to 90 degrees | Severity=75 | SourceName=Motor2 | EventType=application | SourceNode=ns=1;s=MotorSource2
[Anomaly Input] [2026-08-16 20:47:25.728 (UTC)] info/application	[Sensor] Updated distance: 16.7865697281838 cm | Severity=75 | SourceName=Sensor3 | EventType=application | SourceNode=ns=1;s=SensorSource3
[Anomaly Input] [2026-08-16 20:47:25.728 (UTC)] info/application	[Sensor] Updated distance: 25.8606487132426 cm | Severity=75 | SourceName=Sensor | EventType=application | SourceNode=ns=1;s=SensorSource
[Anomaly Input] [2026-08-16 20:47:25.729 (UTC)] info/application	[Sensor] Updated distance: 21.3742368169475 cm | Severity=75 | SourceName=Sensor2 | EventType=application | SourceNode=ns=1;s=SensorSource2
>>> [Anomaly Input] [2026-08-16 20:47:26.012 (UTC)] info/application	[Sensor] Updated distance: 16.4947743393689 cm | Severity=75 | SourceName=Sensor3 | EventType=application | SourceNode=null   # ⚠ [S] Spoofing 欺騙：偽造的 sensor 距離（同一秒出現雙報）
>>> [Anomaly Input] [2026-08-16 20:47:26.012 (UTC)] info/application	[Sensor] Updated distance: 25.5688533244277 cm | Severity=75 | SourceName=Sensor | EventType=application | SourceNode=null   # ⚠ [S] Spoofing 欺騙：偽造的 sensor 距離（同一秒出現雙報）
>>> [Anomaly Input] [2026-08-16 20:47:26.012 (UTC)] info/application	[Sensor] Updated distance: 21.0824414281326 cm | Severity=75 | SourceName=Sensor2 | EventType=application | SourceNode=null   # ⚠ [S] Spoofing 欺騙：偽造的 sensor 距離（同一秒出現雙報）
[Anomaly Input] [2026-08-16 20:47:26.234 (UTC)] info/application	[Motor] Received distance: 25.8606487132426 cm | Severity=75 | SourceName=Motor | EventType=application | SourceNode=ns=1;s=MotorSource
[Anomaly Input] [2026-08-16 20:47:26.234 (UTC)] info/application	[Motor] Received distance: 16.7865697281838 cm | Severity=75 | SourceName=Motor3 | EventType=application | SourceNode=ns=1;s=MotorSource3
[Anomaly Input] [2026-08-16 20:47:26.234 (UTC)] info/application	[Motor] Received distance: 21.3742368169475 cm | Severity=75 | SourceName=Motor2 | EventType=application | SourceNode=ns=1;s=MotorSource2
[Anomaly Input] [2026-08-16 20:47:26.234 (UTC)] info/application	[Motor] Distance safe (25.8606487132426); rotating motor to 90 degrees | Severity=75 | SourceName=Motor | EventType=application | SourceNode=ns=1;s=MotorSource
[Anomaly Input] [2026-08-16 20:47:26.234 (UTC)] warn/application	[Motor] Distance too close (16.7865697281838); rotating motor to 0 degrees | Severity=175 | SourceName=Motor3 | EventType=application | SourceNode=ns=1;s=MotorSource3
[Anomaly Input] [2026-08-16 20:47:26.234 (UTC)] info/application	[Motor] Distance safe (21.3742368169475); rotating motor to 90 degrees | Severity=75 | SourceName=Motor2 | EventType=application | SourceNode=ns=1;s=MotorSource2
[Anomaly Input] [2026-08-16 20:47:26.729 (UTC)] info/application	[Sensor] Updated distance: 24.6873167961311 cm | Severity=75 | SourceName=Sensor | EventType=application | SourceNode=ns=1;s=SensorSource
[Anomaly Input] [2026-08-16 20:47:26.729 (UTC)] info/application	[Sensor] Updated distance: 21.2014326519339 cm | Severity=75 | SourceName=Sensor2 | EventType=application | SourceNode=ns=1;s=SensorSource2
[Anomaly Input] [2026-08-16 20:47:26.729 (UTC)] info/application	[Sensor] Updated distance: 16.2935093679901 cm | Severity=75 | SourceName=Sensor3 | EventType=application | SourceNode=ns=1;s=SensorSource3
[Anomaly Input] [2026-08-16 20:47:27.243 (UTC)] info/application	[Motor] Received distance: 21.2014326519339 cm | Severity=75 | SourceName=Motor2 | EventType=application | SourceNode=ns=1;s=MotorSource2
[Anomaly Input] [2026-08-16 20:47:27.243 (UTC)] info/application	[Motor] Received distance: 24.6873167961311 cm | Severity=75 | SourceName=Motor | EventType=application | SourceNode=ns=1;s=MotorSource
[Anomaly Input] [2026-08-16 20:47:27.243 (UTC)] info/application	[Motor] Received distance: 16.2935093679901 cm | Severity=75 | SourceName=Motor3 | EventType=application | SourceNode=ns=1;s=MotorSource3
[Anomaly Input] [2026-08-16 20:47:27.243 (UTC)] info/application	[Motor] Distance safe (21.2014326519339); rotating motor to 90 degrees | Severity=75 | SourceName=Motor2 | EventType=application | SourceNode=ns=1;s=MotorSource2
[Anomaly Input] [2026-08-16 20:47:27.243 (UTC)] info/application	[Motor] Distance safe (24.6873167961311); rotating motor to 90 degrees | Severity=75 | SourceName=Motor | EventType=application | SourceNode=ns=1;s=MotorSource
[Anomaly Input] [2026-08-16 20:47:27.243 (UTC)] warn/application	[Motor] Distance too close (16.2935093679901); rotating motor to 0 degrees | Severity=175 | SourceName=Motor3 | EventType=application | SourceNode=ns=1;s=MotorSource3
[Anomaly Input] [2026-08-16 20:47:27.729 (UTC)] info/application	[Sensor] Updated distance: 25.8822607534855 cm | Severity=75 | SourceName=Sensor | EventType=application | SourceNode=ns=1;s=SensorSource
[Anomaly Input] [2026-08-16 20:47:27.729 (UTC)] info/application	[Sensor] Updated distance: 21.1542108387939 cm | Severity=75 | SourceName=Sensor2 | EventType=application | SourceNode=ns=1;s=SensorSource2
[Anomaly Input] [2026-08-16 20:47:27.729 (UTC)] info/application	[Sensor] Updated distance: 16.8966382068566 cm | Severity=75 | SourceName=Sensor3 | EventType=application | SourceNode=ns=1;s=SensorSource3
[Anomaly Input] [2026-08-16 20:47:28.234 (UTC)] info/application	[Motor] Received distance: 25.8822607534855 cm | Severity=75 | SourceName=Motor | EventType=application | SourceNode=ns=1;s=MotorSource
[Anomaly Input] [2026-08-16 20:47:28.234 (UTC)] info/application	[Motor] Received distance: 16.8966382068566 cm | Severity=75 | SourceName=Motor3 | EventType=application | SourceNode=ns=1;s=MotorSource3
[Anomaly Input] [2026-08-16 20:47:28.235 (UTC)] info/application	[Motor] Received distance: 21.1542108387939 cm | Severity=75 | SourceName=Motor2 | EventType=application | SourceNode=ns=1;s=MotorSource2
[Anomaly Input] [2026-08-16 20:47:28.234 (UTC)] info/application	[Motor] Distance safe (25.8822607534855); rotating motor to 90 degrees | Severity=75 | SourceName=Motor | EventType=application | SourceNode=ns=1;s=MotorSource
[Anomaly Input] [2026-08-16 20:47:28.234 (UTC)] warn/application	[Motor] Distance too close (16.8966382068566); rotating motor to 0 degrees | Severity=175 | SourceName=Motor3 | EventType=application | SourceNode=ns=1;s=MotorSource3
[Anomaly Input] [2026-08-16 20:47:28.235 (UTC)] info/application	[Motor] Distance safe (21.1542108387939); rotating motor to 90 degrees | Severity=75 | SourceName=Motor2 | EventType=application | SourceNode=ns=1;s=MotorSource2
[Anomaly Input] [2026-08-16 20:47:28.730 (UTC)] info/application	[Sensor] Updated distance: 26.0968642319072 cm | Severity=75 | SourceName=Sensor | EventType=application | SourceNode=ns=1;s=SensorSource
[Anomaly Input] [2026-08-16 20:47:28.730 (UTC)] info/application	[Sensor] Updated distance: 17.0923741343861 cm | Severity=75 | SourceName=Sensor3 | EventType=application | SourceNode=ns=1;s=SensorSource3
[Anomaly Input] [2026-08-16 20:47:28.730 (UTC)] info/application	[Sensor] Updated distance: 20.9037182679883 cm | Severity=75 | SourceName=Sensor2 | EventType=application | SourceNode=ns=1;s=SensorSource2
[Anomaly Input] [2026-08-16 20:47:29.243 (UTC)] info/application	[Motor] Received distance: 26.0968642319072 cm | Severity=75 | SourceName=Motor | EventType=application | SourceNode=ns=1;s=MotorSource
[Anomaly Input] [2026-08-16 20:47:29.243 (UTC)] info/application	[Motor] Received distance: 17.0923741343861 cm | Severity=75 | SourceName=Motor3 | EventType=application | SourceNode=ns=1;s=MotorSource3
[Anomaly Input] [2026-08-16 20:47:29.243 (UTC)] info/application	[Motor] Received distance: 20.9037182679883 cm | Severity=75 | SourceName=Motor2 | EventType=application | SourceNode=ns=1;s=MotorSource2
[Anomaly Input] [2026-08-16 20:47:29.243 (UTC)] info/application	[Motor] Distance safe (26.0968642319072); rotating motor to 90 degrees | Severity=75 | SourceName=Motor | EventType=application | SourceNode=ns=1;s=MotorSource
[Anomaly Input] [2026-08-16 20:47:29.243 (UTC)] warn/application	[Motor] Distance too close (17.0923741343861); rotating motor to 0 degrees | Severity=175 | SourceName=Motor3 | EventType=application | SourceNode=ns=1;s=MotorSource3
[Anomaly Input] [2026-08-16 20:47:29.243 (UTC)] info/application	[Motor] Distance safe (20.9037182679883); rotating motor to 90 degrees | Severity=75 | SourceName=Motor2 | EventType=application | SourceNode=ns=1;s=MotorSource2
[Anomaly Input] [2026-08-16 20:47:29.730 (UTC)] info/application	[Sensor] Updated distance: 25.9801564400457 cm | Severity=75 | SourceName=Sensor | EventType=application | SourceNode=ns=1;s=SensorSource
[Anomaly Input] [2026-08-16 20:47:29.730 (UTC)] info/application	[Sensor] Updated distance: 16.2252127233544 cm | Severity=75 | SourceName=Sensor3 | EventType=application | SourceNode=ns=1;s=SensorSource3
[Anomaly Input] [2026-08-16 20:47:29.730 (UTC)] info/application	[Sensor] Updated distance: 22.237513894093 cm | Severity=75 | SourceName=Sensor2 | EventType=application | SourceNode=ns=1;s=SensorSource2
[Anomaly Input] [2026-08-16 20:47:30.235 (UTC)] info/application	[Motor] Received distance: 25.9801564400457 cm | Severity=75 | SourceName=Motor | EventType=application | SourceNode=ns=1;s=MotorSource
[Anomaly Input] [2026-08-16 20:47:30.235 (UTC)] info/application	[Motor] Received distance: 22.237513894093 cm | Severity=75 | SourceName=Motor2 | EventType=application | SourceNode=ns=1;s=MotorSource2
[Anomaly Input] [2026-08-16 20:47:30.235 (UTC)] info/application	[Motor] Received distance: 16.2252127233544 cm | Severity=75 | SourceName=Motor3 | EventType=application | SourceNode=ns=1;s=MotorSource3
[Anomaly Input] [2026-08-16 20:47:30.235 (UTC)] info/application	[Motor] Distance safe (25.9801564400457); rotating motor to 90 degrees | Severity=75 | SourceName=Motor | EventType=application | SourceNode=ns=1;s=MotorSource
[Anomaly Input] [2026-08-16 20:47:30.235 (UTC)] info/application	[Motor] Distance safe (22.237513894093); rotating motor to 90 degrees | Severity=75 | SourceName=Motor2 | EventType=application | SourceNode=ns=1;s=MotorSource2
[Anomaly Input] [2026-08-16 20:47:30.235 (UTC)] warn/application	[Motor] Distance too close (16.2252127233544); rotating motor to 0 degrees | Severity=175 | SourceName=Motor3 | EventType=application | SourceNode=ns=1;s=MotorSource3
[Anomaly Input] [2026-08-16 20:47:30.730 (UTC)] info/application	[Sensor] Updated distance: 23.4105912779507 cm | Severity=75 | SourceName=Sensor2 | EventType=application | SourceNode=ns=1;s=SensorSource2
[Anomaly Input] [2026-08-16 20:47:30.730 (UTC)] info/application	[Sensor] Updated distance: 17.3998724149539 cm | Severity=75 | SourceName=Sensor3 | EventType=application | SourceNode=ns=1;s=SensorSource3
[Anomaly Input] [2026-08-16 20:47:30.730 (UTC)] info/application	[Sensor] Updated distance: 26.9798034517932 cm | Severity=75 | SourceName=Sensor | EventType=application | SourceNode=ns=1;s=SensorSource
[Anomaly Input] [2026-08-16 20:47:31.243 (UTC)] info/application	[Motor] Received distance: 17.3998724149539 cm | Severity=75 | SourceName=Motor3 | EventType=application | SourceNode=ns=1;s=MotorSource3
[Anomaly Input] [2026-08-16 20:47:31.244 (UTC)] info/application	[Motor] Received distance: 26.9798034517932 cm | Severity=75 | SourceName=Motor | EventType=application | SourceNode=ns=1;s=MotorSource
[Anomaly Input] [2026-08-16 20:47:31.244 (UTC)] info/application	[Motor] Received distance: 23.4105912779507 cm | Severity=75 | SourceName=Motor2 | EventType=application | SourceNode=ns=1;s=MotorSource2
[Anomaly Input] [2026-08-16 20:47:31.243 (UTC)] warn/application	[Motor] Distance too close (17.3998724149539); rotating motor to 0 degrees | Severity=175 | SourceName=Motor3 | EventType=application | SourceNode=ns=1;s=MotorSource3
[Anomaly Input] [2026-08-16 20:47:31.244 (UTC)] info/application	[Motor] Distance safe (26.9798034517932); rotating motor to 90 degrees | Severity=75 | SourceName=Motor | EventType=application | SourceNode=ns=1;s=MotorSource
[Anomaly Input] [2026-08-16 20:47:31.244 (UTC)] info/application	[Motor] Distance safe (23.4105912779507); rotating motor to 90 degrees | Severity=75 | SourceName=Motor2 | EventType=application | SourceNode=ns=1;s=MotorSource2
[Anomaly Input] [2026-08-16 20:47:31.730 (UTC)] info/application	[Sensor] Updated distance: 23.2780538917417 cm | Severity=75 | SourceName=Sensor2 | EventType=application | SourceNode=ns=1;s=SensorSource2
[Anomaly Input] [2026-08-16 20:47:31.730 (UTC)] info/application	[Sensor] Updated distance: 17.8126157933439 cm | Severity=75 | SourceName=Sensor3 | EventType=application | SourceNode=ns=1;s=SensorSource3
[Anomaly Input] [2026-08-16 20:47:31.730 (UTC)] info/application	[Sensor] Updated distance: 26.1271233864255 cm | Severity=75 | SourceName=Sensor | EventType=application | SourceNode=ns=1;s=SensorSource
[Anomaly Input] [2026-08-16 20:47:32.235 (UTC)] info/application	[Motor] Received distance: 23.2780538917417 cm | Severity=75 | SourceName=Motor2 | EventType=application | SourceNode=ns=1;s=MotorSource2
[Anomaly Input] [2026-08-16 20:47:32.235 (UTC)] info/application	[Motor] Received distance: 17.8126157933439 cm | Severity=75 | SourceName=Motor3 | EventType=application | SourceNode=ns=1;s=MotorSource3
[Anomaly Input] [2026-08-16 20:47:32.235 (UTC)] info/application	[Motor] Received distance: 26.1271233864255 cm | Severity=75 | SourceName=Motor | EventType=application | SourceNode=ns=1;s=MotorSource
[Anomaly Input] [2026-08-16 20:47:32.235 (UTC)] warn/application	[Motor] Distance too close (17.8126157933439); rotating motor to 0 degrees | Severity=175 | SourceName=Motor3 | EventType=application | SourceNode=ns=1;s=MotorSource3
[Anomaly Input] [2026-08-16 20:47:32.235 (UTC)] info/application	[Motor] Distance safe (23.2780538917417); rotating motor to 90 degrees | Severity=75 | SourceName=Motor2 | EventType=application | SourceNode=ns=1;s=MotorSource2
[Anomaly Input] [2026-08-16 20:47:32.235 (UTC)] info/application	[Motor] Distance safe (26.1271233864255); rotating motor to 90 degrees | Severity=75 | SourceName=Motor | EventType=application | SourceNode=ns=1;s=MotorSource
[Anomaly Input] [2026-08-16 20:47:32.730 (UTC)] info/application	[Sensor] Updated distance: 19.0771896033907 cm | Severity=75 | SourceName=Sensor3 | EventType=application | SourceNode=ns=1;s=SensorSource3
[Anomaly Input] [2026-08-16 20:47:32.730 (UTC)] info/application	[Sensor] Updated distance: 24.7642912230288 cm | Severity=75 | SourceName=Sensor2 | EventType=application | SourceNode=ns=1;s=SensorSource2
[Anomaly Input] [2026-08-16 20:47:32.730 (UTC)] info/application	[Sensor] Updated distance: 26.2250545668532 cm | Severity=75 | SourceName=Sensor | EventType=application | SourceNode=ns=1;s=SensorSource
[Anomaly Input] [2026-08-16 20:47:33.244 (UTC)] info/application	[Motor] Received distance: 19.0771896033907 cm | Severity=75 | SourceName=Motor3 | EventType=application | SourceNode=ns=1;s=MotorSource3
[Anomaly Input] [2026-08-16 20:47:33.245 (UTC)] info/application	[Motor] Received distance: 24.7642912230288 cm | Severity=75 | SourceName=Motor2 | EventType=application | SourceNode=ns=1;s=MotorSource2
[Anomaly Input] [2026-08-16 20:47:33.245 (UTC)] info/application	[Motor] Received distance: 26.2250545668532 cm | Severity=75 | SourceName=Motor | EventType=application | SourceNode=ns=1;s=MotorSource
[Anomaly Input] [2026-08-16 20:47:33.244 (UTC)] warn/application	[Motor] Distance too close (19.0771896033907); rotating motor to 0 degrees | Severity=175 | SourceName=Motor3 | EventType=application | SourceNode=ns=1;s=MotorSource3
[Anomaly Input] [2026-08-16 20:47:33.245 (UTC)] info/application	[Motor] Distance safe (24.7642912230288); rotating motor to 90 degrees | Severity=75 | SourceName=Motor2 | EventType=application | SourceNode=ns=1;s=MotorSource2
[Anomaly Input] [2026-08-16 20:47:33.245 (UTC)] info/application	[Motor] Distance safe (26.2250545668532); rotating motor to 90 degrees | Severity=75 | SourceName=Motor | EventType=application | SourceNode=ns=1;s=MotorSource
[Anomaly Input] [2026-08-16 20:47:33.730 (UTC)] info/application	[Sensor] Updated distance: 18.6461328450339 cm | Severity=75 | SourceName=Sensor3 | EventType=application | SourceNode=ns=1;s=SensorSource3
[Anomaly Input] [2026-08-16 20:47:33.731 (UTC)] info/application	[Sensor] Updated distance: 26.5408689282093 cm | Severity=75 | SourceName=Sensor | EventType=application | SourceNode=ns=1;s=SensorSource
[Anomaly Input] [2026-08-16 20:47:33.731 (UTC)] info/application	[Sensor] Updated distance: 23.938977983519 cm | Severity=75 | SourceName=Sensor2 | EventType=application | SourceNode=ns=1;s=SensorSource2
[Anomaly Input] [2026-08-16 20:47:34.235 (UTC)] info/application	[Motor] Received distance: 18.6461328450339 cm | Severity=75 | SourceName=Motor3 | EventType=application | SourceNode=ns=1;s=MotorSource3
[Anomaly Input] [2026-08-16 20:47:34.236 (UTC)] info/application	[Motor] Received distance: 26.5408689282093 cm | Severity=75 | SourceName=Motor | EventType=application | SourceNode=ns=1;s=MotorSource
[Anomaly Input] [2026-08-16 20:47:34.236 (UTC)] info/application	[Motor] Received distance: 23.938977983519 cm | Severity=75 | SourceName=Motor2 | EventType=application | SourceNode=ns=1;s=MotorSource2
[Anomaly Input] [2026-08-16 20:47:34.235 (UTC)] warn/application	[Motor] Distance too close (18.6461328450339); rotating motor to 0 degrees | Severity=175 | SourceName=Motor3 | EventType=application | SourceNode=ns=1;s=MotorSource3
[Anomaly Input] [2026-08-16 20:47:34.236 (UTC)] info/application	[Motor] Distance safe (26.5408689282093); rotating motor to 90 degrees | Severity=75 | SourceName=Motor | EventType=application | SourceNode=ns=1;s=MotorSource
[Anomaly Input] [2026-08-16 20:47:34.236 (UTC)] info/application	[Motor] Distance safe (23.938977983519); rotating motor to 90 degrees | Severity=75 | SourceName=Motor2 | EventType=application | SourceNode=ns=1;s=MotorSource2
[Anomaly Input] [2026-08-16 20:47:34.730 (UTC)] info/application	[Sensor] Updated distance: 19.0932943616497 cm | Severity=75 | SourceName=Sensor3 | EventType=application | SourceNode=ns=1;s=SensorSource3
[Anomaly Input] [2026-08-16 20:47:34.731 (UTC)] info/application	[Sensor] Updated distance: 27.497131354407 cm | Severity=75 | SourceName=Sensor | EventType=application | SourceNode=ns=1;s=SensorSource
[Anomaly Input] [2026-08-16 20:47:34.731 (UTC)] info/application	[Sensor] Updated distance: 23.9982090941622 cm | Severity=75 | SourceName=Sensor2 | EventType=application | SourceNode=ns=1;s=SensorSource2
[Anomaly Input] [2026-08-16 20:47:35.244 (UTC)] info/application	[Motor] Received distance: 19.0932943616497 cm | Severity=75 | SourceName=Motor3 | EventType=application | SourceNode=ns=1;s=MotorSource3
[Anomaly Input] [2026-08-16 20:47:35.245 (UTC)] info/application	[Motor] Received distance: 27.497131354407 cm | Severity=75 | SourceName=Motor | EventType=application | SourceNode=ns=1;s=MotorSource
[Anomaly Input] [2026-08-16 20:47:35.245 (UTC)] info/application	[Motor] Received distance: 23.9982090941622 cm | Severity=75 | SourceName=Motor2 | EventType=application | SourceNode=ns=1;s=MotorSource2
[Anomaly Input] [2026-08-16 20:47:35.244 (UTC)] warn/application	[Motor] Distance too close (19.0932943616497); rotating motor to 0 degrees | Severity=175 | SourceName=Motor3 | EventType=application | SourceNode=ns=1;s=MotorSource3
[Anomaly Input] [2026-08-16 20:47:35.245 (UTC)] info/application	[Motor] Distance safe (27.497131354407); rotating motor to 90 degrees | Severity=75 | SourceName=Motor | EventType=application | SourceNode=ns=1;s=MotorSource
[Anomaly Input] [2026-08-16 20:47:35.245 (UTC)] info/application	[Motor] Distance safe (23.9982090941622); rotating motor to 90 degrees | Severity=75 | SourceName=Motor2 | EventType=application | SourceNode=ns=1;s=MotorSource2
[Anomaly Input] [2026-08-16 20:47:35.730 (UTC)] info/application	[Sensor] Updated distance: 18.8502204345307 cm | Severity=75 | SourceName=Sensor3 | EventType=application | SourceNode=ns=1;s=SensorSource3
[Anomaly Input] [2026-08-16 20:47:35.731 (UTC)] info/application	[Sensor] Updated distance: 27.5171485133549 cm | Severity=75 | SourceName=Sensor | EventType=application | SourceNode=ns=1;s=SensorSource
[Anomaly Input] [2026-08-16 20:47:35.731 (UTC)] info/application	[Sensor] Updated distance: 23.5905150832099 cm | Severity=75 | SourceName=Sensor2 | EventType=application | SourceNode=ns=1;s=SensorSource2
[Anomaly Input] [2026-08-16 20:47:36.235 (UTC)] info/application	[Motor] Received distance: 18.8502204345307 cm | Severity=75 | SourceName=Motor3 | EventType=application | SourceNode=ns=1;s=MotorSource3
[Anomaly Input] [2026-08-16 20:47:36.236 (UTC)] info/application	[Motor] Received distance: 27.5171485133549 cm | Severity=75 | SourceName=Motor | EventType=application | SourceNode=ns=1;s=MotorSource
[Anomaly Input] [2026-08-16 20:47:36.236 (UTC)] info/application	[Motor] Received distance: 23.5905150832099 cm | Severity=75 | SourceName=Motor2 | EventType=application | SourceNode=ns=1;s=MotorSource2
[Anomaly Input] [2026-08-16 20:47:36.235 (UTC)] warn/application	[Motor] Distance too close (18.8502204345307); rotating motor to 0 degrees | Severity=175 | SourceName=Motor3 | EventType=application | SourceNode=ns=1;s=MotorSource3
[Anomaly Input] [2026-08-16 20:47:36.236 (UTC)] info/application	[Motor] Distance safe (27.5171485133549); rotating motor to 90 degrees | Severity=75 | SourceName=Motor | EventType=application | SourceNode=ns=1;s=MotorSource
[Anomaly Input] [2026-08-16 20:47:36.236 (UTC)] info/application	[Motor] Distance safe (23.5905150832099); rotating motor to 90 degrees | Severity=75 | SourceName=Motor2 | EventType=application | SourceNode=ns=1;s=MotorSource2
[Anomaly Input] [2026-08-16 20:47:36.730 (UTC)] info/application	[Sensor] Updated distance: 19.3509908729936 cm | Severity=75 | SourceName=Sensor3 | EventType=application | SourceNode=ns=1;s=SensorSource3
[Anomaly Input] [2026-08-16 20:47:36.730 (UTC)] info/application	[Sensor] Updated distance: 26.4712457621802 cm | Severity=75 | SourceName=Sensor | EventType=application | SourceNode=ns=1;s=SensorSource
[Anomaly Input] [2026-08-16 20:47:36.731 (UTC)] info/application	[Sensor] Updated distance: 24.8886565057974 cm | Severity=75 | SourceName=Sensor2 | EventType=application | SourceNode=ns=1;s=SensorSource2
[Anomaly Input] [2026-08-16 20:47:37.244 (UTC)] info/application	[Motor] Received distance: 19.3509908729936 cm | Severity=75 | SourceName=Motor3 | EventType=application | SourceNode=ns=1;s=MotorSource3
[Anomaly Input] [2026-08-16 20:47:37.244 (UTC)] info/application	[Motor] Received distance: 26.4712457621802 cm | Severity=75 | SourceName=Motor | EventType=application | SourceNode=ns=1;s=MotorSource
[Anomaly Input] [2026-08-16 20:47:37.245 (UTC)] info/application	[Motor] Received distance: 24.8886565057974 cm | Severity=75 | SourceName=Motor2 | EventType=application | SourceNode=ns=1;s=MotorSource2
[Anomaly Input] [2026-08-16 20:47:37.244 (UTC)] warn/application	[Motor] Distance too close (19.3509908729936); rotating motor to 0 degrees | Severity=175 | SourceName=Motor3 | EventType=application | SourceNode=ns=1;s=MotorSource3
[Anomaly Input] [2026-08-16 20:47:37.244 (UTC)] info/application	[Motor] Distance safe (26.4712457621802); rotating motor to 90 degrees | Severity=75 | SourceName=Motor | EventType=application | SourceNode=ns=1;s=MotorSource
[Anomaly Input] [2026-08-16 20:47:37.245 (UTC)] info/application	[Motor] Distance safe (24.8886565057974); rotating motor to 90 degrees | Severity=75 | SourceName=Motor2 | EventType=application | SourceNode=ns=1;s=MotorSource2
[Anomaly Input] [2026-08-16 20:47:37.731 (UTC)] info/application	[Sensor] Updated distance: 20.5102302418138 cm | Severity=75 | SourceName=Sensor3 | EventType=application | SourceNode=ns=1;s=SensorSource3
[Anomaly Input] [2026-08-16 20:47:37.731 (UTC)] info/application	[Sensor] Updated distance: 26.5540792770004 cm | Severity=75 | SourceName=Sensor | EventType=application | SourceNode=ns=1;s=SensorSource
[Anomaly Input] [2026-08-16 20:47:37.731 (UTC)] info/application	[Sensor] Updated distance: 24.8368116791066 cm | Severity=75 | SourceName=Sensor2 | EventType=application | SourceNode=ns=1;s=SensorSource2
[Anomaly Input] [2026-08-16 20:47:38.236 (UTC)] info/application	[Motor] Received distance: 26.5540792770004 cm | Severity=75 | SourceName=Motor | EventType=application | SourceNode=ns=1;s=MotorSource
[Anomaly Input] [2026-08-16 20:47:38.236 (UTC)] info/application	[Motor] Received distance: 20.5102302418138 cm | Severity=75 | SourceName=Motor3 | EventType=application | SourceNode=ns=1;s=MotorSource3
[Anomaly Input] [2026-08-16 20:47:38.237 (UTC)] info/application	[Motor] Received distance: 24.8368116791066 cm | Severity=75 | SourceName=Motor2 | EventType=application | SourceNode=ns=1;s=MotorSource2
[Anomaly Input] [2026-08-16 20:47:38.236 (UTC)] info/application	[Motor] Distance safe (26.5540792770004); rotating motor to 90 degrees | Severity=75 | SourceName=Motor | EventType=application | SourceNode=ns=1;s=MotorSource
[Anomaly Input] [2026-08-16 20:47:38.236 (UTC)] info/application	[Motor] Distance safe (20.5102302418138); rotating motor to 90 degrees | Severity=75 | SourceName=Motor3 | EventType=application | SourceNode=ns=1;s=MotorSource3
[Anomaly Input] [2026-08-16 20:47:38.237 (UTC)] info/application	[Motor] Distance safe (24.8368116791066); rotating motor to 90 degrees | Severity=75 | SourceName=Motor2 | EventType=application | SourceNode=ns=1;s=MotorSource2
[Anomaly Input] [2026-08-16 20:47:38.731 (UTC)] info/application	[Sensor] Updated distance: 21.896493529387 cm | Severity=75 | SourceName=Sensor3 | EventType=application | SourceNode=ns=1;s=SensorSource3
[Anomaly Input] [2026-08-16 20:47:38.731 (UTC)] info/application	[Sensor] Updated distance: 25.1304501691509 cm | Severity=75 | SourceName=Sensor | EventType=application | SourceNode=ns=1;s=SensorSource
[Anomaly Input] [2026-08-16 20:47:38.731 (UTC)] info/application	[Sensor] Updated distance: 24.6591001849897 cm | Severity=75 | SourceName=Sensor2 | EventType=application | SourceNode=ns=1;s=SensorSource2
[Anomaly Input] [2026-08-16 20:47:39.245 (UTC)] info/application	[Motor] Received distance: 25.1304501691509 cm | Severity=75 | SourceName=Motor | EventType=application | SourceNode=ns=1;s=MotorSource
[Anomaly Input] [2026-08-16 20:47:39.245 (UTC)] info/application	[Motor] Received distance: 21.896493529387 cm | Severity=75 | SourceName=Motor3 | EventType=application | SourceNode=ns=1;s=MotorSource3
[Anomaly Input] [2026-08-16 20:47:39.245 (UTC)] info/application	[Motor] Received distance: 24.6591001849897 cm | Severity=75 | SourceName=Motor2 | EventType=application | SourceNode=ns=1;s=MotorSource2
[Anomaly Input] [2026-08-16 20:47:39.245 (UTC)] info/application	[Motor] Distance safe (25.1304501691509); rotating motor to 90 degrees | Severity=75 | SourceName=Motor | EventType=application | SourceNode=ns=1;s=MotorSource
[Anomaly Input] [2026-08-16 20:47:39.245 (UTC)] info/application	[Motor] Distance safe (21.896493529387); rotating motor to 90 degrees | Severity=75 | SourceName=Motor3 | EventType=application | SourceNode=ns=1;s=MotorSource3
[Anomaly Input] [2026-08-16 20:47:39.245 (UTC)] info/application	[Motor] Distance safe (24.6591001849897); rotating motor to 90 degrees | Severity=75 | SourceName=Motor2 | EventType=application | SourceNode=ns=1;s=MotorSource2
[Anomaly Input] [2026-08-16 20:47:39.731 (UTC)] info/application	[Sensor] Updated distance: 22.3896239594974 cm | Severity=75 | SourceName=Sensor3 | EventType=application | SourceNode=ns=1;s=SensorSource3
[Anomaly Input] [2026-08-16 20:47:39.732 (UTC)] info/application	[Sensor] Updated distance: 25.8153855476134 cm | Severity=75 | SourceName=Sensor2 | EventType=application | SourceNode=ns=1;s=SensorSource2
[Anomaly Input] [2026-08-16 20:47:39.732 (UTC)] info/application	[Sensor] Updated distance: 25.1398937905393 cm | Severity=75 | SourceName=Sensor | EventType=application | SourceNode=ns=1;s=SensorSource
[Anomaly Input] [2026-08-16 20:47:40.236 (UTC)] info/application	[Motor] Received distance: 22.3896239594974 cm | Severity=75 | SourceName=Motor3 | EventType=application | SourceNode=ns=1;s=MotorSource3
[Anomaly Input] [2026-08-16 20:47:40.237 (UTC)] info/application	[Motor] Received distance: 25.8153855476134 cm | Severity=75 | SourceName=Motor2 | EventType=application | SourceNode=ns=1;s=MotorSource2
[Anomaly Input] [2026-08-16 20:47:40.237 (UTC)] info/application	[Motor] Received distance: 25.1398937905393 cm | Severity=75 | SourceName=Motor | EventType=application | SourceNode=ns=1;s=MotorSource
[Anomaly Input] [2026-08-16 20:47:40.236 (UTC)] info/application	[Motor] Distance safe (22.3896239594974); rotating motor to 90 degrees | Severity=75 | SourceName=Motor3 | EventType=application | SourceNode=ns=1;s=MotorSource3
[Anomaly Input] [2026-08-16 20:47:40.237 (UTC)] info/application	[Motor] Distance safe (25.8153855476134); rotating motor to 90 degrees | Severity=75 | SourceName=Motor2 | EventType=application | SourceNode=ns=1;s=MotorSource2
[Anomaly Input] [2026-08-16 20:47:40.237 (UTC)] info/application	[Motor] Distance safe (25.1398937905393); rotating motor to 90 degrees | Severity=75 | SourceName=Motor | EventType=application | SourceNode=ns=1;s=MotorSource
[Anomaly Input] [2026-08-16 20:47:40.731 (UTC)] info/application	[Sensor] Updated distance: 26.4378535507423 cm | Severity=75 | SourceName=Sensor2 | EventType=application | SourceNode=ns=1;s=SensorSource2
[Anomaly Input] [2026-08-16 20:47:40.732 (UTC)] info/application	[Sensor] Updated distance: 26.0630649589296 cm | Severity=75 | SourceName=Sensor | EventType=application | SourceNode=ns=1;s=SensorSource
[Anomaly Input] [2026-08-16 20:47:40.732 (UTC)] info/application	[Sensor] Updated distance: 23.3785661451419 cm | Severity=75 | SourceName=Sensor3 | EventType=application | SourceNode=ns=1;s=SensorSource3
[Anomaly Input] [2026-08-16 20:47:41.246 (UTC)] info/application	[Motor] Received distance: 26.0630649589296 cm | Severity=75 | SourceName=Motor | EventType=application | SourceNode=ns=1;s=MotorSource
[Anomaly Input] [2026-08-16 20:47:41.246 (UTC)] info/application	[Motor] Received distance: 23.3785661451419 cm | Severity=75 | SourceName=Motor3 | EventType=application | SourceNode=ns=1;s=MotorSource3
[Anomaly Input] [2026-08-16 20:47:41.246 (UTC)] info/application	[Motor] Received distance: 26.4378535507423 cm | Severity=75 | SourceName=Motor2 | EventType=application | SourceNode=ns=1;s=MotorSource2
[Anomaly Input] [2026-08-16 20:47:41.246 (UTC)] info/application	[Motor] Distance safe (26.4378535507423); rotating motor to 90 degrees | Severity=75 | SourceName=Motor2 | EventType=application | SourceNode=ns=1;s=MotorSource2
[Anomaly Input] [2026-08-16 20:47:41.246 (UTC)] info/application	[Motor] Distance safe (23.3785661451419); rotating motor to 90 degrees | Severity=75 | SourceName=Motor3 | EventType=application | SourceNode=ns=1;s=MotorSource3
[Anomaly Input] [2026-08-16 20:47:41.246 (UTC)] info/application	[Motor] Distance safe (26.0630649589296); rotating motor to 90 degrees | Severity=75 | SourceName=Motor | EventType=application | SourceNode=ns=1;s=MotorSource
[Anomaly Input] [2026-08-16 20:47:41.732 (UTC)] info/application	[Sensor] Updated distance: 22.305544522966 cm | Severity=75 | SourceName=Sensor3 | EventType=application | SourceNode=ns=1;s=SensorSource3
[Anomaly Input] [2026-08-16 20:47:41.732 (UTC)] info/application	[Sensor] Updated distance: 25.6060424922528 cm | Severity=75 | SourceName=Sensor | EventType=application | SourceNode=ns=1;s=SensorSource
[Anomaly Input] [2026-08-16 20:47:41.732 (UTC)] info/application	[Sensor] Updated distance: 25.9115229986662 cm | Severity=75 | SourceName=Sensor2 | EventType=application | SourceNode=ns=1;s=SensorSource2
[Anomaly Input] [2026-08-16 20:47:42.231 (UTC)] info/application	[Motor] Received distance: 25.6060424922528 cm | Severity=75 | SourceName=Motor | EventType=application | SourceNode=ns=1;s=MotorSource
[Anomaly Input] [2026-08-16 20:47:42.237 (UTC)] info/application	[Motor] Received distance: 22.305544522966 cm | Severity=75 | SourceName=Motor3 | EventType=application | SourceNode=ns=1;s=MotorSource3
[Anomaly Input] [2026-08-16 20:47:42.238 (UTC)] info/application	[Motor] Received distance: 25.9115229986662 cm | Severity=75 | SourceName=Motor2 | EventType=application | SourceNode=ns=1;s=MotorSource2
[Anomaly Input] [2026-08-16 20:47:42.231 (UTC)] info/application	[Motor] Distance safe (25.6060424922528); rotating motor to 90 degrees | Severity=75 | SourceName=Motor | EventType=application | SourceNode=ns=1;s=MotorSource
[Anomaly Input] [2026-08-16 20:47:42.237 (UTC)] info/application	[Motor] Distance safe (22.305544522966); rotating motor to 90 degrees | Severity=75 | SourceName=Motor3 | EventType=application | SourceNode=ns=1;s=MotorSource3
[Anomaly Input] [2026-08-16 20:47:42.238 (UTC)] info/application	[Motor] Distance safe (25.9115229986662); rotating motor to 90 degrees | Severity=75 | SourceName=Motor2 | EventType=application | SourceNode=ns=1;s=MotorSource2
[Anomaly Input] [2026-08-16 20:47:42.732 (UTC)] info/application	[Sensor] Updated distance: 23.259153958065 cm | Severity=75 | SourceName=Sensor3 | EventType=application | SourceNode=ns=1;s=SensorSource3
[Anomaly Input] [2026-08-16 20:47:42.732 (UTC)] info/application	[Sensor] Updated distance: 26.4029868018827 cm | Severity=75 | SourceName=Sensor2 | EventType=application | SourceNode=ns=1;s=SensorSource2
[Anomaly Input] [2026-08-16 20:47:42.732 (UTC)] info/application	[Sensor] Updated distance: 25.6133251039373 cm | Severity=75 | SourceName=Sensor | EventType=application | SourceNode=ns=1;s=SensorSource
[Anomaly Input] [2026-08-16 20:47:43.231 (UTC)] info/application	[Motor] Received distance: 25.6133251039373 cm | Severity=75 | SourceName=Motor | EventType=application | SourceNode=ns=1;s=MotorSource
[Anomaly Input] [2026-08-16 20:47:43.245 (UTC)] info/application	[Motor] Received distance: 23.259153958065 cm | Severity=75 | SourceName=Motor3 | EventType=application | SourceNode=ns=1;s=MotorSource3
[Anomaly Input] [2026-08-16 20:47:43.245 (UTC)] info/application	[Motor] Received distance: 26.4029868018827 cm | Severity=75 | SourceName=Motor2 | EventType=application | SourceNode=ns=1;s=MotorSource2
[Anomaly Input] [2026-08-16 20:47:43.231 (UTC)] info/application	[Motor] Distance safe (25.6133251039373); rotating motor to 90 degrees | Severity=75 | SourceName=Motor | EventType=application | SourceNode=ns=1;s=MotorSource
[Anomaly Input] [2026-08-16 20:47:43.245 (UTC)] info/application	[Motor] Distance safe (23.259153958065); rotating motor to 90 degrees | Severity=75 | SourceName=Motor3 | EventType=application | SourceNode=ns=1;s=MotorSource3
[Anomaly Input] [2026-08-16 20:47:43.245 (UTC)] info/application	[Motor] Distance safe (26.4029868018827); rotating motor to 90 degrees | Severity=75 | SourceName=Motor2 | EventType=application | SourceNode=ns=1;s=MotorSource2
[Anomaly Input] [2026-08-16 20:47:43.732 (UTC)] info/application	[Sensor] Updated distance: 23.9329047666084 cm | Severity=75 | SourceName=Sensor3 | EventType=application | SourceNode=ns=1;s=SensorSource3
[Anomaly Input] [2026-08-16 20:47:43.732 (UTC)] info/application	[Sensor] Updated distance: 27.6247660830267 cm | Severity=75 | SourceName=Sensor2 | EventType=application | SourceNode=ns=1;s=SensorSource2
[Anomaly Input] [2026-08-16 20:47:43.733 (UTC)] info/application	[Sensor] Updated distance: 25.9127802785545 cm | Severity=75 | SourceName=Sensor | EventType=application | SourceNode=ns=1;s=SensorSource
[Anomaly Input] [2026-08-16 20:47:44.231 (UTC)] info/application	[Motor] Received distance: 25.9127802785545 cm | Severity=75 | SourceName=Motor | EventType=application | SourceNode=ns=1;s=MotorSource
[Anomaly Input] [2026-08-16 20:47:44.237 (UTC)] info/application	[Motor] Received distance: 23.9329047666084 cm | Severity=75 | SourceName=Motor3 | EventType=application | SourceNode=ns=1;s=MotorSource3
[Anomaly Input] [2026-08-16 20:47:44.237 (UTC)] info/application	[Motor] Received distance: 27.6247660830267 cm | Severity=75 | SourceName=Motor2 | EventType=application | SourceNode=ns=1;s=MotorSource2
[Anomaly Input] [2026-08-16 20:47:44.231 (UTC)] info/application	[Motor] Distance safe (25.9127802785545); rotating motor to 90 degrees | Severity=75 | SourceName=Motor | EventType=application | SourceNode=ns=1;s=MotorSource
[Anomaly Input] [2026-08-16 20:47:44.237 (UTC)] info/application	[Motor] Distance safe (23.9329047666084); rotating motor to 90 degrees | Severity=75 | SourceName=Motor3 | EventType=application | SourceNode=ns=1;s=MotorSource3
[Anomaly Input] [2026-08-16 20:47:44.237 (UTC)] info/application	[Motor] Distance safe (27.6247660830267); rotating motor to 90 degrees | Severity=75 | SourceName=Motor2 | EventType=application | SourceNode=ns=1;s=MotorSource2
[Anomaly Input] [2026-08-16 20:47:44.732 (UTC)] info/application	[Sensor] Updated distance: 23.4228705970677 cm | Severity=75 | SourceName=Sensor3 | EventType=application | SourceNode=ns=1;s=SensorSource3
[Anomaly Input] [2026-08-16 20:47:44.732 (UTC)] info/application	[Sensor] Updated distance: 27.1574271894793 cm | Severity=75 | SourceName=Sensor2 | EventType=application | SourceNode=ns=1;s=SensorSource2
[Anomaly Input] [2026-08-16 20:47:44.732 (UTC)] info/application	[Sensor] Updated distance: 27.2652973352304 cm | Severity=75 | SourceName=Sensor | EventType=application | SourceNode=ns=1;s=SensorSource
[Anomaly Input] [2026-08-16 20:47:45.237 (UTC)] info/application	[Motor] Received distance: 27.2652973352304 cm | Severity=75 | SourceName=Motor | EventType=application | SourceNode=ns=1;s=MotorSource
[Anomaly Input] [2026-08-16 20:47:45.245 (UTC)] info/application	[Motor] Received distance: 23.4228705970677 cm | Severity=75 | SourceName=Motor3 | EventType=application | SourceNode=ns=1;s=MotorSource3
[Anomaly Input] [2026-08-16 20:47:45.245 (UTC)] info/application	[Motor] Received distance: 27.1574271894793 cm | Severity=75 | SourceName=Motor2 | EventType=application | SourceNode=ns=1;s=MotorSource2
[Anomaly Input] [2026-08-16 20:47:45.237 (UTC)] info/application	[Motor] Distance safe (27.2652973352304); rotating motor to 90 degrees | Severity=75 | SourceName=Motor | EventType=application | SourceNode=ns=1;s=MotorSource
[Anomaly Input] [2026-08-16 20:47:45.245 (UTC)] info/application	[Motor] Distance safe (23.4228705970677); rotating motor to 90 degrees | Severity=75 | SourceName=Motor3 | EventType=application | SourceNode=ns=1;s=MotorSource3
[Anomaly Input] [2026-08-16 20:47:45.245 (UTC)] info/application	[Motor] Distance safe (27.1574271894793); rotating motor to 90 degrees | Severity=75 | SourceName=Motor2 | EventType=application | SourceNode=ns=1;s=MotorSource2
[Anomaly Input] [2026-08-16 20:47:45.731 (UTC)] info/application	[Sensor] Updated distance: 23.6299637952493 cm | Severity=75 | SourceName=Sensor3 | EventType=application | SourceNode=ns=1;s=SensorSource3
[Anomaly Input] [2026-08-16 20:47:45.732 (UTC)] info/application	[Sensor] Updated distance: 27.4303051135178 cm | Severity=75 | SourceName=Sensor | EventType=application | SourceNode=ns=1;s=SensorSource
[Anomaly Input] [2026-08-16 20:47:45.732 (UTC)] info/application	[Sensor] Updated distance: 25.9748257787315 cm | Severity=75 | SourceName=Sensor2 | EventType=application | SourceNode=ns=1;s=SensorSource2
[Anomaly Input] [2026-08-16 20:47:46.236 (UTC)] info/application	[Motor] Received distance: 23.6299637952493 cm | Severity=75 | SourceName=Motor3 | EventType=application | SourceNode=ns=1;s=MotorSource3
[Anomaly Input] [2026-08-16 20:47:46.237 (UTC)] info/application	[Motor] Received distance: 25.9748257787315 cm | Severity=75 | SourceName=Motor2 | EventType=application | SourceNode=ns=1;s=MotorSource2
[Anomaly Input] [2026-08-16 20:47:46.246 (UTC)] info/application	[Motor] Received distance: 27.4303051135178 cm | Severity=75 | SourceName=Motor | EventType=application | SourceNode=ns=1;s=MotorSource
[Anomaly Input] [2026-08-16 20:47:46.236 (UTC)] info/application	[Motor] Distance safe (23.6299637952493); rotating motor to 90 degrees | Severity=75 | SourceName=Motor3 | EventType=application | SourceNode=ns=1;s=MotorSource3
[Anomaly Input] [2026-08-16 20:47:46.237 (UTC)] info/application	[Motor] Distance safe (25.9748257787315); rotating motor to 90 degrees | Severity=75 | SourceName=Motor2 | EventType=application | SourceNode=ns=1;s=MotorSource2
[Anomaly Input] [2026-08-16 20:47:46.246 (UTC)] info/application	[Motor] Distance safe (27.4303051135178); rotating motor to 90 degrees | Severity=75 | SourceName=Motor | EventType=application | SourceNode=ns=1;s=MotorSource
[Anomaly Input] [2026-08-16 20:47:46.731 (UTC)] info/application	[Sensor] Updated distance: 25.1242327304204 cm | Severity=75 | SourceName=Sensor3 | EventType=application | SourceNode=ns=1;s=SensorSource3
[Anomaly Input] [2026-08-16 20:47:46.731 (UTC)] info/application	[Sensor] Updated distance: 26.8023496362392 cm | Severity=75 | SourceName=Sensor | EventType=application | SourceNode=ns=1;s=SensorSource
[Anomaly Input] [2026-08-16 20:47:46.732 (UTC)] info/application	[Sensor] Updated distance: 25.4817440502726 cm | Severity=75 | SourceName=Sensor2 | EventType=application | SourceNode=ns=1;s=SensorSource2
[Anomaly Input] [2026-08-16 20:47:47.237 (UTC)] info/application	[Motor] Received distance: 26.8023496362392 cm | Severity=75 | SourceName=Motor | EventType=application | SourceNode=ns=1;s=MotorSource
[Anomaly Input] [2026-08-16 20:47:47.245 (UTC)] info/application	[Motor] Received distance: 25.1242327304204 cm | Severity=75 | SourceName=Motor3 | EventType=application | SourceNode=ns=1;s=MotorSource3
[Anomaly Input] [2026-08-16 20:47:47.245 (UTC)] info/application	[Motor] Received distance: 25.4817440502726 cm | Severity=75 | SourceName=Motor2 | EventType=application | SourceNode=ns=1;s=MotorSource2
[Anomaly Input] [2026-08-16 20:47:47.237 (UTC)] info/application	[Motor] Distance safe (26.8023496362392); rotating motor to 90 degrees | Severity=75 | SourceName=Motor | EventType=application | SourceNode=ns=1;s=MotorSource
[Anomaly Input] [2026-08-16 20:47:47.245 (UTC)] info/application	[Motor] Distance safe (25.1242327304204); rotating motor to 90 degrees | Severity=75 | SourceName=Motor3 | EventType=application | SourceNode=ns=1;s=MotorSource3
[Anomaly Input] [2026-08-16 20:47:47.245 (UTC)] info/application	[Motor] Distance safe (25.4817440502726); rotating motor to 90 degrees | Severity=75 | SourceName=Motor2 | EventType=application | SourceNode=ns=1;s=MotorSource2
[Anomaly Input] [2026-08-16 20:47:47.731 (UTC)] info/application	[Sensor] Updated distance: 26.5814679935954 cm | Severity=75 | SourceName=Sensor3 | EventType=application | SourceNode=ns=1;s=SensorSource3
[Anomaly Input] [2026-08-16 20:47:47.731 (UTC)] info/application	[Sensor] Updated distance: 27.631233285708 cm | Severity=75 | SourceName=Sensor | EventType=application | SourceNode=ns=1;s=SensorSource
[Anomaly Input] [2026-08-16 20:47:47.732 (UTC)] info/application	[Sensor] Updated distance: 26.4766176170561 cm | Severity=75 | SourceName=Sensor2 | EventType=application | SourceNode=ns=1;s=SensorSource2
[Anomaly Input] [2026-08-16 20:47:48.236 (UTC)] info/application	[Motor] Received distance: 26.5814679935954 cm | Severity=75 | SourceName=Motor3 | EventType=application | SourceNode=ns=1;s=MotorSource3
[Anomaly Input] [2026-08-16 20:47:48.237 (UTC)] info/application	[Motor] Received distance: 26.4766176170561 cm | Severity=75 | SourceName=Motor2 | EventType=application | SourceNode=ns=1;s=MotorSource2
[Anomaly Input] [2026-08-16 20:47:48.245 (UTC)] info/application	[Motor] Received distance: 27.631233285708 cm | Severity=75 | SourceName=Motor | EventType=application | SourceNode=ns=1;s=MotorSource
[Anomaly Input] [2026-08-16 20:47:48.236 (UTC)] info/application	[Motor] Distance safe (26.5814679935954); rotating motor to 90 degrees | Severity=75 | SourceName=Motor3 | EventType=application | SourceNode=ns=1;s=MotorSource3
[Anomaly Input] [2026-08-16 20:47:48.237 (UTC)] info/application	[Motor] Distance safe (26.4766176170561); rotating motor to 90 degrees | Severity=75 | SourceName=Motor2 | EventType=application | SourceNode=ns=1;s=MotorSource2
[Anomaly Input] [2026-08-16 20:47:48.245 (UTC)] info/application	[Motor] Distance safe (27.631233285708); rotating motor to 90 degrees | Severity=75 | SourceName=Motor | EventType=application | SourceNode=ns=1;s=MotorSource
[Anomaly Input] [2026-08-16 20:47:48.731 (UTC)] info/application	[Sensor] Updated distance: 27.9397257934044 cm | Severity=75 | SourceName=Sensor3 | EventType=application | SourceNode=ns=1;s=SensorSource3
[Anomaly Input] [2026-08-16 20:47:48.731 (UTC)] info/application	[Sensor] Updated distance: 28.4707226634355 cm | Severity=75 | SourceName=Sensor | EventType=application | SourceNode=ns=1;s=SensorSource
[Anomaly Input] [2026-08-16 20:47:48.732 (UTC)] info/application	[Sensor] Updated distance: 27.7941239335547 cm | Severity=75 | SourceName=Sensor2 | EventType=application | SourceNode=ns=1;s=SensorSource2
[Anomaly Input] [2026-08-16 20:47:49.237 (UTC)] info/application	[Motor] Received distance: 28.4707226634355 cm | Severity=75 | SourceName=Motor | EventType=application | SourceNode=ns=1;s=MotorSource
[Anomaly Input] [2026-08-16 20:47:49.244 (UTC)] info/application	[Motor] Received distance: 27.9397257934044 cm | Severity=75 | SourceName=Motor3 | EventType=application | SourceNode=ns=1;s=MotorSource3
[Anomaly Input] [2026-08-16 20:47:49.245 (UTC)] info/application	[Motor] Received distance: 27.7941239335547 cm | Severity=75 | SourceName=Motor2 | EventType=application | SourceNode=ns=1;s=MotorSource2
[Anomaly Input] [2026-08-16 20:47:49.237 (UTC)] info/application	[Motor] Distance safe (28.4707226634355); rotating motor to 90 degrees | Severity=75 | SourceName=Motor | EventType=application | SourceNode=ns=1;s=MotorSource
[Anomaly Input] [2026-08-16 20:47:49.244 (UTC)] info/application	[Motor] Distance safe (27.9397257934044); rotating motor to 90 degrees | Severity=75 | SourceName=Motor3 | EventType=application | SourceNode=ns=1;s=MotorSource3
[Anomaly Input] [2026-08-16 20:47:49.245 (UTC)] info/application	[Motor] Distance safe (27.7941239335547); rotating motor to 90 degrees | Severity=75 | SourceName=Motor2 | EventType=application | SourceNode=ns=1;s=MotorSource2
[Anomaly Input] [2026-08-16 20:47:49.730 (UTC)] info/application	[Sensor] Updated distance: 28.511684273375 cm | Severity=75 | SourceName=Sensor3 | EventType=application | SourceNode=ns=1;s=SensorSource3
[Anomaly Input] [2026-08-16 20:47:49.731 (UTC)] info/application	[Sensor] Updated distance: 29.514141190338 cm | Severity=75 | SourceName=Sensor | EventType=application | SourceNode=ns=1;s=SensorSource
[Anomaly Input] [2026-08-16 20:47:49.732 (UTC)] info/application	[Sensor] Updated distance: 26.4948073276294 cm | Severity=75 | SourceName=Sensor2 | EventType=application | SourceNode=ns=1;s=SensorSource2
[Anomaly Input] [2026-08-16 20:47:50.236 (UTC)] info/application	[Motor] Received distance: 28.511684273375 cm | Severity=75 | SourceName=Motor3 | EventType=application | SourceNode=ns=1;s=MotorSource3
[Anomaly Input] [2026-08-16 20:47:50.237 (UTC)] info/application	[Motor] Received distance: 26.4948073276294 cm | Severity=75 | SourceName=Motor2 | EventType=application | SourceNode=ns=1;s=MotorSource2
[Anomaly Input] [2026-08-16 20:47:50.245 (UTC)] info/application	[Motor] Received distance: 29.514141190338 cm | Severity=75 | SourceName=Motor | EventType=application | SourceNode=ns=1;s=MotorSource
[Anomaly Input] [2026-08-16 20:47:50.236 (UTC)] info/application	[Motor] Distance safe (28.511684273375); rotating motor to 90 degrees | Severity=75 | SourceName=Motor3 | EventType=application | SourceNode=ns=1;s=MotorSource3
[Anomaly Input] [2026-08-16 20:47:50.237 (UTC)] info/application	[Motor] Distance safe (26.4948073276294); rotating motor to 90 degrees | Severity=75 | SourceName=Motor2 | EventType=application | SourceNode=ns=1;s=MotorSource2
[Anomaly Input] [2026-08-16 20:47:50.245 (UTC)] info/application	[Motor] Distance safe (29.514141190338); rotating motor to 90 degrees | Severity=75 | SourceName=Motor | EventType=application | SourceNode=ns=1;s=MotorSource
[Anomaly Input] [2026-08-16 20:47:50.731 (UTC)] info/application	[Sensor] Updated distance: 29.7735798991162 cm | Severity=75 | SourceName=Sensor3 | EventType=application | SourceNode=ns=1;s=SensorSource3
[Anomaly Input] [2026-08-16 20:47:50.732 (UTC)] info/application	[Sensor] Updated distance: 27.5461392344656 cm | Severity=75 | SourceName=Sensor2 | EventType=application | SourceNode=ns=1;s=SensorSource2
[Anomaly Input] [2026-08-16 20:47:50.732 (UTC)] info/application	[Sensor] Updated distance: 30.8268284740983 cm | Severity=75 | SourceName=Sensor | EventType=application | SourceNode=ns=1;s=SensorSource
[Anomaly Input] [2026-08-16 20:47:51.237 (UTC)] info/application	[Motor] Received distance: 30.8268284740983 cm | Severity=75 | SourceName=Motor | EventType=application | SourceNode=ns=1;s=MotorSource
[Anomaly Input] [2026-08-16 20:47:51.244 (UTC)] info/application	[Motor] Received distance: 29.7735798991162 cm | Severity=75 | SourceName=Motor3 | EventType=application | SourceNode=ns=1;s=MotorSource3
[Anomaly Input] [2026-08-16 20:47:51.245 (UTC)] info/application	[Motor] Received distance: 27.5461392344656 cm | Severity=75 | SourceName=Motor2 | EventType=application | SourceNode=ns=1;s=MotorSource2
[Anomaly Input] [2026-08-16 20:47:51.237 (UTC)] info/application	[Motor] Distance safe (30.8268284740983); rotating motor to 90 degrees | Severity=75 | SourceName=Motor | EventType=application | SourceNode=ns=1;s=MotorSource
[Anomaly Input] [2026-08-16 20:47:51.244 (UTC)] info/application	[Motor] Distance safe (29.7735798991162); rotating motor to 90 degrees | Severity=75 | SourceName=Motor3 | EventType=application | SourceNode=ns=1;s=MotorSource3
[Anomaly Input] [2026-08-16 20:47:51.245 (UTC)] info/application	[Motor] Distance safe (27.5461392344656); rotating motor to 90 degrees | Severity=75 | SourceName=Motor2 | EventType=application | SourceNode=ns=1;s=MotorSource2
[Anomaly Input] [2026-08-16 20:47:51.731 (UTC)] info/application	[Sensor] Updated distance: 30.6778055495479 cm | Severity=75 | SourceName=Sensor3 | EventType=application | SourceNode=ns=1;s=SensorSource3
[Anomaly Input] [2026-08-16 20:47:51.731 (UTC)] info/application	[Sensor] Updated distance: 27.3355569238009 cm | Severity=75 | SourceName=Sensor2 | EventType=application | SourceNode=ns=1;s=SensorSource2
[Anomaly Input] [2026-08-16 20:47:51.732 (UTC)] info/application	[Sensor] Updated distance: 29.647462581353 cm | Severity=75 | SourceName=Sensor | EventType=application | SourceNode=ns=1;s=SensorSource
[Anomaly Input] [2026-08-16 20:47:52.236 (UTC)] info/application	[Motor] Received distance: 30.6778055495479 cm | Severity=75 | SourceName=Motor3 | EventType=application | SourceNode=ns=1;s=MotorSource3
[Anomaly Input] [2026-08-16 20:47:52.236 (UTC)] info/application	[Motor] Received distance: 27.3355569238009 cm | Severity=75 | SourceName=Motor2 | EventType=application | SourceNode=ns=1;s=MotorSource2
[Anomaly Input] [2026-08-16 20:47:52.245 (UTC)] info/application	[Motor] Received distance: 29.647462581353 cm | Severity=75 | SourceName=Motor | EventType=application | SourceNode=ns=1;s=MotorSource
[Anomaly Input] [2026-08-16 20:47:52.236 (UTC)] info/application	[Motor] Distance safe (30.6778055495479); rotating motor to 90 degrees | Severity=75 | SourceName=Motor3 | EventType=application | SourceNode=ns=1;s=MotorSource3
[Anomaly Input] [2026-08-16 20:47:52.236 (UTC)] info/application	[Motor] Distance safe (27.3355569238009); rotating motor to 90 degrees | Severity=75 | SourceName=Motor2 | EventType=application | SourceNode=ns=1;s=MotorSource2
[Anomaly Input] [2026-08-16 20:47:52.245 (UTC)] info/application	[Motor] Distance safe (29.647462581353); rotating motor to 90 degrees | Severity=75 | SourceName=Motor | EventType=application | SourceNode=ns=1;s=MotorSource
[Anomaly Input] [2026-08-16 20:47:52.731 (UTC)] info/application	[Sensor] Updated distance: 31.1132087479873 cm | Severity=75 | SourceName=Sensor3 | EventType=application | SourceNode=ns=1;s=SensorSource3
[Anomaly Input] [2026-08-16 20:47:52.731 (UTC)] info/application	[Sensor] Updated distance: 25.9000237686094 cm | Severity=75 | SourceName=Sensor2 | EventType=application | SourceNode=ns=1;s=SensorSource2
[Anomaly Input] [2026-08-16 20:47:52.731 (UTC)] info/application	[Sensor] Updated distance: 30.2151606391255 cm | Severity=75 | SourceName=Sensor | EventType=application | SourceNode=ns=1;s=SensorSource
[Anomaly Input] [2026-08-16 20:47:53.237 (UTC)] info/application	[Motor] Received distance: 30.2151606391255 cm | Severity=75 | SourceName=Motor | EventType=application | SourceNode=ns=1;s=MotorSource
[Anomaly Input] [2026-08-16 20:47:53.244 (UTC)] info/application	[Motor] Received distance: 31.1132087479873 cm | Severity=75 | SourceName=Motor3 | EventType=application | SourceNode=ns=1;s=MotorSource3
[Anomaly Input] [2026-08-16 20:47:53.244 (UTC)] info/application	[Motor] Received distance: 25.9000237686094 cm | Severity=75 | SourceName=Motor2 | EventType=application | SourceNode=ns=1;s=MotorSource2
[Anomaly Input] [2026-08-16 20:47:53.237 (UTC)] info/application	[Motor] Distance safe (30.2151606391255); rotating motor to 90 degrees | Severity=75 | SourceName=Motor | EventType=application | SourceNode=ns=1;s=MotorSource
[Anomaly Input] [2026-08-16 20:47:53.244 (UTC)] info/application	[Motor] Distance safe (31.1132087479873); rotating motor to 90 degrees | Severity=75 | SourceName=Motor3 | EventType=application | SourceNode=ns=1;s=MotorSource3
[Anomaly Input] [2026-08-16 20:47:53.244 (UTC)] info/application	[Motor] Distance safe (25.9000237686094); rotating motor to 90 degrees | Severity=75 | SourceName=Motor2 | EventType=application | SourceNode=ns=1;s=MotorSource2
[Anomaly Input] [2026-08-16 20:47:53.730 (UTC)] info/application	[Sensor] Updated distance: 30.4526035240631 cm | Severity=75 | SourceName=Sensor3 | EventType=application | SourceNode=ns=1;s=SensorSource3
[Anomaly Input] [2026-08-16 20:47:53.731 (UTC)] info/application	[Sensor] Updated distance: 26.5064457035654 cm | Severity=75 | SourceName=Sensor2 | EventType=application | SourceNode=ns=1;s=SensorSource2
[Anomaly Input] [2026-08-16 20:47:53.732 (UTC)] info/application	[Sensor] Updated distance: 31.0010860611224 cm | Severity=75 | SourceName=Sensor | EventType=application | SourceNode=ns=1;s=SensorSource
[Anomaly Input] [2026-08-16 20:47:54.235 (UTC)] info/application	[Motor] Received distance: 30.4526035240631 cm | Severity=75 | SourceName=Motor3 | EventType=application | SourceNode=ns=1;s=MotorSource3
[Anomaly Input] [2026-08-16 20:47:54.236 (UTC)] info/application	[Motor] Received distance: 26.5064457035654 cm | Severity=75 | SourceName=Motor2 | EventType=application | SourceNode=ns=1;s=MotorSource2
[Anomaly Input] [2026-08-16 20:47:54.245 (UTC)] info/application	[Motor] Received distance: 31.0010860611224 cm | Severity=75 | SourceName=Motor | EventType=application | SourceNode=ns=1;s=MotorSource
[Anomaly Input] [2026-08-16 20:47:54.235 (UTC)] info/application	[Motor] Distance safe (30.4526035240631); rotating motor to 90 degrees | Severity=75 | SourceName=Motor3 | EventType=application | SourceNode=ns=1;s=MotorSource3
[Anomaly Input] [2026-08-16 20:47:54.236 (UTC)] info/application	[Motor] Distance safe (26.5064457035654); rotating motor to 90 degrees | Severity=75 | SourceName=Motor2 | EventType=application | SourceNode=ns=1;s=MotorSource2
[Anomaly Input] [2026-08-16 20:47:54.245 (UTC)] info/application	[Motor] Distance safe (31.0010860611224); rotating motor to 90 degrees | Severity=75 | SourceName=Motor | EventType=application | SourceNode=ns=1;s=MotorSource
[Anomaly Input] [2026-08-16 20:47:54.730 (UTC)] info/application	[Sensor] Updated distance: 31.1227265541082 cm | Severity=75 | SourceName=Sensor3 | EventType=application | SourceNode=ns=1;s=SensorSource3
[Anomaly Input] [2026-08-16 20:47:54.730 (UTC)] info/application	[Sensor] Updated distance: 26.6579933788897 cm | Severity=75 | SourceName=Sensor2 | EventType=application | SourceNode=ns=1;s=SensorSource2
[Anomaly Input] [2026-08-16 20:47:54.732 (UTC)] info/application	[Sensor] Updated distance: 29.9321382715982 cm | Severity=75 | SourceName=Sensor | EventType=application | SourceNode=ns=1;s=SensorSource
[Anomaly Input] [2026-08-16 20:47:55.237 (UTC)] info/application	[Motor] Received distance: 29.9321382715982 cm | Severity=75 | SourceName=Motor | EventType=application | SourceNode=ns=1;s=MotorSource
[Anomaly Input] [2026-08-16 20:47:55.244 (UTC)] info/application	[Motor] Received distance: 31.1227265541082 cm | Severity=75 | SourceName=Motor3 | EventType=application | SourceNode=ns=1;s=MotorSource3
[Anomaly Input] [2026-08-16 20:47:55.244 (UTC)] info/application	[Motor] Received distance: 26.6579933788897 cm | Severity=75 | SourceName=Motor2 | EventType=application | SourceNode=ns=1;s=MotorSource2
[Anomaly Input] [2026-08-16 20:47:55.237 (UTC)] info/application	[Motor] Distance safe (29.9321382715982); rotating motor to 90 degrees | Severity=75 | SourceName=Motor | EventType=application | SourceNode=ns=1;s=MotorSource
[Anomaly Input] [2026-08-16 20:47:55.244 (UTC)] info/application	[Motor] Distance safe (31.1227265541082); rotating motor to 90 degrees | Severity=75 | SourceName=Motor3 | EventType=application | SourceNode=ns=1;s=MotorSource3
[Anomaly Input] [2026-08-16 20:47:55.244 (UTC)] info/application	[Motor] Distance safe (26.6579933788897); rotating motor to 90 degrees | Severity=75 | SourceName=Motor2 | EventType=application | SourceNode=ns=1;s=MotorSource2
[Anomaly Input] [2026-08-16 20:47:55.730 (UTC)] info/application	[Sensor] Updated distance: 32.3903697374698 cm | Severity=75 | SourceName=Sensor3 | EventType=application | SourceNode=ns=1;s=SensorSource3
[Anomaly Input] [2026-08-16 20:47:55.730 (UTC)] info/application	[Sensor] Updated distance: 27.9891312795175 cm | Severity=75 | SourceName=Sensor2 | EventType=application | SourceNode=ns=1;s=SensorSource2
[Anomaly Input] [2026-08-16 20:47:55.732 (UTC)] info/application	[Sensor] Updated distance: 30.626413611754 cm | Severity=75 | SourceName=Sensor | EventType=application | SourceNode=ns=1;s=SensorSource
[Anomaly Input] [2026-08-16 20:47:56.236 (UTC)] info/application	[Motor] Received distance: 32.3903697374698 cm | Severity=75 | SourceName=Motor3 | EventType=application | SourceNode=ns=1;s=MotorSource3
[Anomaly Input] [2026-08-16 20:47:56.236 (UTC)] info/application	[Motor] Received distance: 27.9891312795175 cm | Severity=75 | SourceName=Motor2 | EventType=application | SourceNode=ns=1;s=MotorSource2
[Anomaly Input] [2026-08-16 20:47:56.246 (UTC)] info/application	[Motor] Received distance: 30.626413611754 cm | Severity=75 | SourceName=Motor | EventType=application | SourceNode=ns=1;s=MotorSource
[Anomaly Input] [2026-08-16 20:47:56.236 (UTC)] info/application	[Motor] Distance safe (32.3903697374698); rotating motor to 90 degrees | Severity=75 | SourceName=Motor3 | EventType=application | SourceNode=ns=1;s=MotorSource3
[Anomaly Input] [2026-08-16 20:47:56.236 (UTC)] info/application	[Motor] Distance safe (27.9891312795175); rotating motor to 90 degrees | Severity=75 | SourceName=Motor2 | EventType=application | SourceNode=ns=1;s=MotorSource2
[Anomaly Input] [2026-08-16 20:47:56.246 (UTC)] info/application	[Motor] Distance safe (30.626413611754); rotating motor to 90 degrees | Severity=75 | SourceName=Motor | EventType=application | SourceNode=ns=1;s=MotorSource
[Anomaly Input] [2026-08-16 20:47:56.731 (UTC)] info/application	[Sensor] Updated distance: 29.2994590896645 cm | Severity=75 | SourceName=Sensor2 | EventType=application | SourceNode=ns=1;s=SensorSource2
[Anomaly Input] [2026-08-16 20:47:56.731 (UTC)] info/application	[Sensor] Updated distance: 31.3952098909743 cm | Severity=75 | SourceName=Sensor3 | EventType=application | SourceNode=ns=1;s=SensorSource3
[Anomaly Input] [2026-08-16 20:47:56.731 (UTC)] info/application	[Sensor] Updated distance: 31.2335521379642 cm | Severity=75 | SourceName=Sensor | EventType=application | SourceNode=ns=1;s=SensorSource
[Anomaly Input] [2026-08-16 20:47:57.237 (UTC)] info/application	[Motor] Received distance: 31.2335521379642 cm | Severity=75 | SourceName=Motor | EventType=application | SourceNode=ns=1;s=MotorSource
[Anomaly Input] [2026-08-16 20:47:57.245 (UTC)] info/application	[Motor] Received distance: 31.3952098909743 cm | Severity=75 | SourceName=Motor3 | EventType=application | SourceNode=ns=1;s=MotorSource3
[Anomaly Input] [2026-08-16 20:47:57.245 (UTC)] info/application	[Motor] Received distance: 29.2994590896645 cm | Severity=75 | SourceName=Motor2 | EventType=application | SourceNode=ns=1;s=MotorSource2
[Anomaly Input] [2026-08-16 20:47:57.237 (UTC)] info/application	[Motor] Distance safe (31.2335521379642); rotating motor to 90 degrees | Severity=75 | SourceName=Motor | EventType=application | SourceNode=ns=1;s=MotorSource
[Anomaly Input] [2026-08-16 20:47:57.245 (UTC)] info/application	[Motor] Distance safe (31.3952098909743); rotating motor to 90 degrees | Severity=75 | SourceName=Motor3 | EventType=application | SourceNode=ns=1;s=MotorSource3
[Anomaly Input] [2026-08-16 20:47:57.245 (UTC)] info/application	[Motor] Distance safe (29.2994590896645); rotating motor to 90 degrees | Severity=75 | SourceName=Motor2 | EventType=application | SourceNode=ns=1;s=MotorSource2
[Anomaly Input] [2026-08-16 20:47:57.731 (UTC)] info/application	[Sensor] Updated distance: 30.0722725594287 cm | Severity=75 | SourceName=Sensor3 | EventType=application | SourceNode=ns=1;s=SensorSource3
[Anomaly Input] [2026-08-16 20:47:57.732 (UTC)] info/application	[Sensor] Updated distance: 30.7782025999754 cm | Severity=75 | SourceName=Sensor2 | EventType=application | SourceNode=ns=1;s=SensorSource2
[Anomaly Input] [2026-08-16 20:47:57.732 (UTC)] info/application	[Sensor] Updated distance: 30.4912724313285 cm | Severity=75 | SourceName=Sensor | EventType=application | SourceNode=ns=1;s=SensorSource
[Anomaly Input] [2026-08-16 20:47:58.236 (UTC)] info/application	[Motor] Received distance: 30.0722725594287 cm | Severity=75 | SourceName=Motor3 | EventType=application | SourceNode=ns=1;s=MotorSource3
[Anomaly Input] [2026-08-16 20:47:58.237 (UTC)] info/application	[Motor] Received distance: 30.7782025999754 cm | Severity=75 | SourceName=Motor2 | EventType=application | SourceNode=ns=1;s=MotorSource2
[Anomaly Input] [2026-08-16 20:47:58.245 (UTC)] info/application	[Motor] Received distance: 30.4912724313285 cm | Severity=75 | SourceName=Motor | EventType=application | SourceNode=ns=1;s=MotorSource
[Anomaly Input] [2026-08-16 20:47:58.236 (UTC)] info/application	[Motor] Distance safe (30.0722725594287); rotating motor to 90 degrees | Severity=75 | SourceName=Motor3 | EventType=application | SourceNode=ns=1;s=MotorSource3
[Anomaly Input] [2026-08-16 20:47:58.237 (UTC)] info/application	[Motor] Distance safe (30.7782025999754); rotating motor to 90 degrees | Severity=75 | SourceName=Motor2 | EventType=application | SourceNode=ns=1;s=MotorSource2
[Anomaly Input] [2026-08-16 20:47:58.245 (UTC)] info/application	[Motor] Distance safe (30.4912724313285); rotating motor to 90 degrees | Severity=75 | SourceName=Motor | EventType=application | SourceNode=ns=1;s=MotorSource
[Anomaly Input] [2026-08-16 20:47:58.731 (UTC)] info/application	[Sensor] Updated distance: 30.4430445802598 cm | Severity=75 | SourceName=Sensor3 | EventType=application | SourceNode=ns=1;s=SensorSource3
[Anomaly Input] [2026-08-16 20:47:58.732 (UTC)] info/application	[Sensor] Updated distance: 30.5621186874631 cm | Severity=75 | SourceName=Sensor2 | EventType=application | SourceNode=ns=1;s=SensorSource2
[Anomaly Input] [2026-08-16 20:47:58.732 (UTC)] info/application	[Sensor] Updated distance: 30.8804917274418 cm | Severity=75 | SourceName=Sensor | EventType=application | SourceNode=ns=1;s=SensorSource
[Anomaly Input] [2026-08-16 20:47:59.237 (UTC)] info/application	[Motor] Received distance: 30.8804917274418 cm | Severity=75 | SourceName=Motor | EventType=application | SourceNode=ns=1;s=MotorSource
[Anomaly Input] [2026-08-16 20:47:59.244 (UTC)] info/application	[Motor] Received distance: 30.4430445802598 cm | Severity=75 | SourceName=Motor3 | EventType=application | SourceNode=ns=1;s=MotorSource3
[Anomaly Input] [2026-08-16 20:47:59.246 (UTC)] info/application	[Motor] Received distance: 30.5621186874631 cm | Severity=75 | SourceName=Motor2 | EventType=application | SourceNode=ns=1;s=MotorSource2
[Anomaly Input] [2026-08-16 20:47:59.237 (UTC)] info/application	[Motor] Distance safe (30.8804917274418); rotating motor to 90 degrees | Severity=75 | SourceName=Motor | EventType=application | SourceNode=ns=1;s=MotorSource
[Anomaly Input] [2026-08-16 20:47:59.244 (UTC)] info/application	[Motor] Distance safe (30.4430445802598); rotating motor to 90 degrees | Severity=75 | SourceName=Motor3 | EventType=application | SourceNode=ns=1;s=MotorSource3
[Anomaly Input] [2026-08-16 20:47:59.246 (UTC)] info/application	[Motor] Distance safe (30.5621186874631); rotating motor to 90 degrees | Severity=75 | SourceName=Motor2 | EventType=application | SourceNode=ns=1;s=MotorSource2
[Anomaly Input] [2026-08-16 20:47:59.731 (UTC)] info/application	[Sensor] Updated distance: 31.1436206626909 cm | Severity=75 | SourceName=Sensor3 | EventType=application | SourceNode=ns=1;s=SensorSource3
[Anomaly Input] [2026-08-16 20:47:59.732 (UTC)] info/application	[Sensor] Updated distance: 30.1219539254075 cm | Severity=75 | SourceName=Sensor2 | EventType=application | SourceNode=ns=1;s=SensorSource2
[Anomaly Input] [2026-08-16 20:47:59.732 (UTC)] info/application	[Sensor] Updated distance: 30.2022337306767 cm | Severity=75 | SourceName=Sensor | EventType=application | SourceNode=ns=1;s=SensorSource
[Anomaly Input] [2026-08-16 20:48:00.236 (UTC)] info/application	[Motor] Received distance: 31.1436206626909 cm | Severity=75 | SourceName=Motor3 | EventType=application | SourceNode=ns=1;s=MotorSource3
[Anomaly Input] [2026-08-16 20:48:00.237 (UTC)] info/application	[Motor] Received distance: 30.1219539254075 cm | Severity=75 | SourceName=Motor2 | EventType=application | SourceNode=ns=1;s=MotorSource2
[Anomaly Input] [2026-08-16 20:48:00.246 (UTC)] info/application	[Motor] Received distance: 30.2022337306767 cm | Severity=75 | SourceName=Motor | EventType=application | SourceNode=ns=1;s=MotorSource
[Anomaly Input] [2026-08-16 20:48:00.236 (UTC)] info/application	[Motor] Distance safe (31.1436206626909); rotating motor to 90 degrees | Severity=75 | SourceName=Motor3 | EventType=application | SourceNode=ns=1;s=MotorSource3
[Anomaly Input] [2026-08-16 20:48:00.237 (UTC)] info/application	[Motor] Distance safe (30.1219539254075); rotating motor to 90 degrees | Severity=75 | SourceName=Motor2 | EventType=application | SourceNode=ns=1;s=MotorSource2
[Anomaly Input] [2026-08-16 20:48:00.246 (UTC)] info/application	[Motor] Distance safe (30.2022337306767); rotating motor to 90 degrees | Severity=75 | SourceName=Motor | EventType=application | SourceNode=ns=1;s=MotorSource
[Anomaly Input] [2026-08-16 20:48:00.731 (UTC)] info/application	[Sensor] Updated distance: 30.4535219215106 cm | Severity=75 | SourceName=Sensor3 | EventType=application | SourceNode=ns=1;s=SensorSource3
[Anomaly Input] [2026-08-16 20:48:00.732 (UTC)] info/application	[Sensor] Updated distance: 31.4344930604261 cm | Severity=75 | SourceName=Sensor2 | EventType=application | SourceNode=ns=1;s=SensorSource2
[Anomaly Input] [2026-08-16 20:48:00.732 (UTC)] info/application	[Sensor] Updated distance: 30.8432462321796 cm | Severity=75 | SourceName=Sensor | EventType=application | SourceNode=ns=1;s=SensorSource
[Anomaly Input] [2026-08-16 20:48:01.230 (UTC)] info/application	[Motor] Received distance: 30.8432462321796 cm | Severity=75 | SourceName=Motor | EventType=application | SourceNode=ns=1;s=MotorSource
[Anomaly Input] [2026-08-16 20:48:01.245 (UTC)] info/application	[Motor] Received distance: 30.4535219215106 cm | Severity=75 | SourceName=Motor3 | EventType=application | SourceNode=ns=1;s=MotorSource3
[Anomaly Input] [2026-08-16 20:48:01.245 (UTC)] info/application	[Motor] Received distance: 31.4344930604261 cm | Severity=75 | SourceName=Motor2 | EventType=application | SourceNode=ns=1;s=MotorSource2
[Anomaly Input] [2026-08-16 20:48:01.230 (UTC)] info/application	[Motor] Distance safe (30.8432462321796); rotating motor to 90 degrees | Severity=75 | SourceName=Motor | EventType=application | SourceNode=ns=1;s=MotorSource
[Anomaly Input] [2026-08-16 20:48:01.245 (UTC)] info/application	[Motor] Distance safe (30.4535219215106); rotating motor to 90 degrees | Severity=75 | SourceName=Motor3 | EventType=application | SourceNode=ns=1;s=MotorSource3
[Anomaly Input] [2026-08-16 20:48:01.245 (UTC)] info/application	[Motor] Distance safe (31.4344930604261); rotating motor to 90 degrees | Severity=75 | SourceName=Motor2 | EventType=application | SourceNode=ns=1;s=MotorSource2
[Anomaly Input] [2026-08-16 20:48:01.731 (UTC)] info/application	[Sensor] Updated distance: 30.4989536325442 cm | Severity=75 | SourceName=Sensor3 | EventType=application | SourceNode=ns=1;s=SensorSource3
[Anomaly Input] [2026-08-16 20:48:01.732 (UTC)] info/application	[Sensor] Updated distance: 30.8914865303745 cm | Severity=75 | SourceName=Sensor2 | EventType=application | SourceNode=ns=1;s=SensorSource2
[Anomaly Input] [2026-08-16 20:48:01.732 (UTC)] info/application	[Sensor] Updated distance: 30.7321125400402 cm | Severity=75 | SourceName=Sensor | EventType=application | SourceNode=ns=1;s=SensorSource
[Anomaly Input] [2026-08-16 20:48:02.236 (UTC)] info/application	[Motor] Received distance: 30.4989536325442 cm | Severity=75 | SourceName=Motor3 | EventType=application | SourceNode=ns=1;s=MotorSource3
[Anomaly Input] [2026-08-16 20:48:02.237 (UTC)] info/application	[Motor] Received distance: 30.8914865303745 cm | Severity=75 | SourceName=Motor2 | EventType=application | SourceNode=ns=1;s=MotorSource2
[Anomaly Input] [2026-08-16 20:48:02.237 (UTC)] info/application	[Motor] Received distance: 30.7321125400402 cm | Severity=75 | SourceName=Motor | EventType=application | SourceNode=ns=1;s=MotorSource
[Anomaly Input] [2026-08-16 20:48:02.236 (UTC)] info/application	[Motor] Distance safe (30.4989536325442); rotating motor to 90 degrees | Severity=75 | SourceName=Motor3 | EventType=application | SourceNode=ns=1;s=MotorSource3
[Anomaly Input] [2026-08-16 20:48:02.237 (UTC)] info/application	[Motor] Distance safe (30.8914865303745); rotating motor to 90 degrees | Severity=75 | SourceName=Motor2 | EventType=application | SourceNode=ns=1;s=MotorSource2
[Anomaly Input] [2026-08-16 20:48:02.237 (UTC)] info/application	[Motor] Distance safe (30.7321125400402); rotating motor to 90 degrees | Severity=75 | SourceName=Motor | EventType=application | SourceNode=ns=1;s=MotorSource
[Anomaly Input] [2026-08-16 20:48:02.731 (UTC)] info/application	[Sensor] Updated distance: 30.1122730919683 cm | Severity=75 | SourceName=Sensor3 | EventType=application | SourceNode=ns=1;s=SensorSource3
[Anomaly Input] [2026-08-16 20:48:02.732 (UTC)] info/application	[Sensor] Updated distance: 30.7011744793044 cm | Severity=75 | SourceName=Sensor | EventType=application | SourceNode=ns=1;s=SensorSource
[Anomaly Input] [2026-08-16 20:48:02.732 (UTC)] info/application	[Sensor] Updated distance: 31.8187843821099 cm | Severity=75 | SourceName=Sensor2 | EventType=application | SourceNode=ns=1;s=SensorSource2
[Anomaly Input] [2026-08-16 20:48:03.244 (UTC)] info/application	[Motor] Received distance: 30.1122730919683 cm | Severity=75 | SourceName=Motor3 | EventType=application | SourceNode=ns=1;s=MotorSource3
[Anomaly Input] [2026-08-16 20:48:03.245 (UTC)] info/application	[Motor] Received distance: 30.7011744793044 cm | Severity=75 | SourceName=Motor | EventType=application | SourceNode=ns=1;s=MotorSource
[Anomaly Input] [2026-08-16 20:48:03.246 (UTC)] info/application	[Motor] Received distance: 31.8187843821099 cm | Severity=75 | SourceName=Motor2 | EventType=application | SourceNode=ns=1;s=MotorSource2
[Anomaly Input] [2026-08-16 20:48:03.244 (UTC)] info/application	[Motor] Distance safe (30.1122730919683); rotating motor to 90 degrees | Severity=75 | SourceName=Motor3 | EventType=application | SourceNode=ns=1;s=MotorSource3
[Anomaly Input] [2026-08-16 20:48:03.245 (UTC)] info/application	[Motor] Distance safe (30.7011744793044); rotating motor to 90 degrees | Severity=75 | SourceName=Motor | EventType=application | SourceNode=ns=1;s=MotorSource
[Anomaly Input] [2026-08-16 20:48:03.246 (UTC)] info/application	[Motor] Distance safe (31.8187843821099); rotating motor to 90 degrees | Severity=75 | SourceName=Motor2 | EventType=application | SourceNode=ns=1;s=MotorSource2
[Anomaly Input] [2026-08-16 20:48:03.731 (UTC)] info/application	[Sensor] Updated distance: 29.1867481594378 cm | Severity=75 | SourceName=Sensor3 | EventType=application | SourceNode=ns=1;s=SensorSource3
[Anomaly Input] [2026-08-16 20:48:03.732 (UTC)] info/application	[Sensor] Updated distance: 33.1175608470186 cm | Severity=75 | SourceName=Sensor2 | EventType=application | SourceNode=ns=1;s=SensorSource2
[Anomaly Input] [2026-08-16 20:48:03.732 (UTC)] info/application	[Sensor] Updated distance: 29.9401181598381 cm | Severity=75 | SourceName=Sensor | EventType=application | SourceNode=ns=1;s=SensorSource
[Anomaly Input] [2026-08-16 20:48:04.237 (UTC)] info/application	[Motor] Received distance: 29.1867481594378 cm | Severity=75 | SourceName=Motor3 | EventType=application | SourceNode=ns=1;s=MotorSource3
[Anomaly Input] [2026-08-16 20:48:04.237 (UTC)] info/application	[Motor] Received distance: 33.1175608470186 cm | Severity=75 | SourceName=Motor2 | EventType=application | SourceNode=ns=1;s=MotorSource2
[Anomaly Input] [2026-08-16 20:48:04.237 (UTC)] info/application	[Motor] Received distance: 29.9401181598381 cm | Severity=75 | SourceName=Motor | EventType=application | SourceNode=ns=1;s=MotorSource
[Anomaly Input] [2026-08-16 20:48:04.237 (UTC)] info/application	[Motor] Distance safe (29.1867481594378); rotating motor to 90 degrees | Severity=75 | SourceName=Motor3 | EventType=application | SourceNode=ns=1;s=MotorSource3
[Anomaly Input] [2026-08-16 20:48:04.237 (UTC)] info/application	[Motor] Distance safe (33.1175608470186); rotating motor to 90 degrees | Severity=75 | SourceName=Motor2 | EventType=application | SourceNode=ns=1;s=MotorSource2
[Anomaly Input] [2026-08-16 20:48:04.237 (UTC)] info/application	[Motor] Distance safe (29.9401181598381); rotating motor to 90 degrees | Severity=75 | SourceName=Motor | EventType=application | SourceNode=ns=1;s=MotorSource
[Anomaly Input] [2026-08-16 20:48:04.732 (UTC)] info/application	[Sensor] Updated distance: 30.3011231135116 cm | Severity=75 | SourceName=Sensor3 | EventType=application | SourceNode=ns=1;s=SensorSource3
[Anomaly Input] [2026-08-16 20:48:04.732 (UTC)] info/application	[Sensor] Updated distance: 33.2492410774572 cm | Severity=75 | SourceName=Sensor2 | EventType=application | SourceNode=ns=1;s=SensorSource2
[Anomaly Input] [2026-08-16 20:48:04.732 (UTC)] info/application	[Sensor] Updated distance: 28.6447988276578 cm | Severity=75 | SourceName=Sensor | EventType=application | SourceNode=ns=1;s=SensorSource
[Anomaly Input] [2026-08-16 20:48:05.245 (UTC)] info/application	[Motor] Received distance: 30.3011231135116 cm | Severity=75 | SourceName=Motor3 | EventType=application | SourceNode=ns=1;s=MotorSource3
[Anomaly Input] [2026-08-16 20:48:05.246 (UTC)] info/application	[Motor] Received distance: 28.6447988276578 cm | Severity=75 | SourceName=Motor | EventType=application | SourceNode=ns=1;s=MotorSource
[Anomaly Input] [2026-08-16 20:48:05.246 (UTC)] info/application	[Motor] Received distance: 33.2492410774572 cm | Severity=75 | SourceName=Motor2 | EventType=application | SourceNode=ns=1;s=MotorSource2
[Anomaly Input] [2026-08-16 20:48:05.245 (UTC)] info/application	[Motor] Distance safe (30.3011231135116); rotating motor to 90 degrees | Severity=75 | SourceName=Motor3 | EventType=application | SourceNode=ns=1;s=MotorSource3
[Anomaly Input] [2026-08-16 20:48:05.246 (UTC)] info/application	[Motor] Distance safe (28.6447988276578); rotating motor to 90 degrees | Severity=75 | SourceName=Motor | EventType=application | SourceNode=ns=1;s=MotorSource
[Anomaly Input] [2026-08-16 20:48:05.246 (UTC)] info/application	[Motor] Distance safe (33.2492410774572); rotating motor to 90 degrees | Severity=75 | SourceName=Motor2 | EventType=application | SourceNode=ns=1;s=MotorSource2
[Anomaly Input] [2026-08-16 20:48:05.732 (UTC)] info/application	[Sensor] Updated distance: 32.7357700398358 cm | Severity=75 | SourceName=Sensor2 | EventType=application | SourceNode=ns=1;s=SensorSource2
[Anomaly Input] [2026-08-16 20:48:05.733 (UTC)] info/application	[Sensor] Updated distance: 28.8616040881544 cm | Severity=75 | SourceName=Sensor3 | EventType=application | SourceNode=ns=1;s=SensorSource3
[Anomaly Input] [2026-08-16 20:48:05.733 (UTC)] info/application	[Sensor] Updated distance: 28.0701231917227 cm | Severity=75 | SourceName=Sensor | EventType=application | SourceNode=ns=1;s=SensorSource
[Anomaly Input] [2026-08-16 20:48:06.230 (UTC)] info/application	[Motor] Received distance: 28.0701231917227 cm | Severity=75 | SourceName=Motor | EventType=application | SourceNode=ns=1;s=MotorSource
[Anomaly Input] [2026-08-16 20:48:06.230 (UTC)] info/application	[Motor] Received distance: 32.7357700398358 cm | Severity=75 | SourceName=Motor2 | EventType=application | SourceNode=ns=1;s=MotorSource2
[Anomaly Input] [2026-08-16 20:48:06.231 (UTC)] info/application	[Motor] Received distance: 28.8616040881544 cm | Severity=75 | SourceName=Motor3 | EventType=application | SourceNode=ns=1;s=MotorSource3
[Anomaly Input] [2026-08-16 20:48:06.230 (UTC)] info/application	[Motor] Distance safe (28.0701231917227); rotating motor to 90 degrees | Severity=75 | SourceName=Motor | EventType=application | SourceNode=ns=1;s=MotorSource
[Anomaly Input] [2026-08-16 20:48:06.230 (UTC)] info/application	[Motor] Distance safe (32.7357700398358); rotating motor to 90 degrees | Severity=75 | SourceName=Motor2 | EventType=application | SourceNode=ns=1;s=MotorSource2
[Anomaly Input] [2026-08-16 20:48:06.231 (UTC)] info/application	[Motor] Distance safe (28.8616040881544); rotating motor to 90 degrees | Severity=75 | SourceName=Motor3 | EventType=application | SourceNode=ns=1;s=MotorSource3
[Anomaly Input] [2026-08-16 20:48:06.733 (UTC)] info/application	[Sensor] Updated distance: 32.1268524937922 cm | Severity=75 | SourceName=Sensor2 | EventType=application | SourceNode=ns=1;s=SensorSource2
[Anomaly Input] [2026-08-16 20:48:06.733 (UTC)] info/application	[Sensor] Updated distance: 28.8290840326012 cm | Severity=75 | SourceName=Sensor | EventType=application | SourceNode=ns=1;s=SensorSource
[Anomaly Input] [2026-08-16 20:48:06.733 (UTC)] info/application	[Sensor] Updated distance: 29.193005228505 cm | Severity=75 | SourceName=Sensor3 | EventType=application | SourceNode=ns=1;s=SensorSource3
[Anomaly Input] [2026-08-16 20:48:07.231 (UTC)] info/application	[Motor] Received distance: 29.193005228505 cm | Severity=75 | SourceName=Motor3 | EventType=application | SourceNode=ns=1;s=MotorSource3
[Anomaly Input] [2026-08-16 20:48:07.231 (UTC)] info/application	[Motor] Received distance: 28.8290840326012 cm | Severity=75 | SourceName=Motor | EventType=application | SourceNode=ns=1;s=MotorSource
[Anomaly Input] [2026-08-16 20:48:07.231 (UTC)] info/application	[Motor] Received distance: 32.1268524937922 cm | Severity=75 | SourceName=Motor2 | EventType=application | SourceNode=ns=1;s=MotorSource2
[Anomaly Input] [2026-08-16 20:48:07.231 (UTC)] info/application	[Motor] Distance safe (29.193005228505); rotating motor to 90 degrees | Severity=75 | SourceName=Motor3 | EventType=application | SourceNode=ns=1;s=MotorSource3
[Anomaly Input] [2026-08-16 20:48:07.231 (UTC)] info/application	[Motor] Distance safe (28.8290840326012); rotating motor to 90 degrees | Severity=75 | SourceName=Motor | EventType=application | SourceNode=ns=1;s=MotorSource
[Anomaly Input] [2026-08-16 20:48:07.231 (UTC)] info/application	[Motor] Distance safe (32.1268524937922); rotating motor to 90 degrees | Severity=75 | SourceName=Motor2 | EventType=application | SourceNode=ns=1;s=MotorSource2
[Anomaly Input] [2026-08-16 20:48:07.734 (UTC)] info/application	[Sensor] Updated distance: 29.3081506196447 cm | Severity=75 | SourceName=Sensor3 | EventType=application | SourceNode=ns=1;s=SensorSource3
[Anomaly Input] [2026-08-16 20:48:07.734 (UTC)] info/application	[Sensor] Updated distance: 32.0566741454213 cm | Severity=75 | SourceName=Sensor2 | EventType=application | SourceNode=ns=1;s=SensorSource2
[Anomaly Input] [2026-08-16 20:48:07.734 (UTC)] info/application	[Sensor] Updated distance: 27.9878619492463 cm | Severity=75 | SourceName=Sensor | EventType=application | SourceNode=ns=1;s=SensorSource
[Anomaly Input] [2026-08-16 20:48:08.232 (UTC)] info/application	[Motor] Received distance: 29.3081506196447 cm | Severity=75 | SourceName=Motor3 | EventType=application | SourceNode=ns=1;s=MotorSource3
[Anomaly Input] [2026-08-16 20:48:08.232 (UTC)] info/application	[Motor] Received distance: 27.9878619492463 cm | Severity=75 | SourceName=Motor | EventType=application | SourceNode=ns=1;s=MotorSource
[Anomaly Input] [2026-08-16 20:48:08.232 (UTC)] info/application	[Motor] Received distance: 32.0566741454213 cm | Severity=75 | SourceName=Motor2 | EventType=application | SourceNode=ns=1;s=MotorSource2
[Anomaly Input] [2026-08-16 20:48:08.232 (UTC)] info/application	[Motor] Distance safe (29.3081506196447); rotating motor to 90 degrees | Severity=75 | SourceName=Motor3 | EventType=application | SourceNode=ns=1;s=MotorSource3
[Anomaly Input] [2026-08-16 20:48:08.232 (UTC)] info/application	[Motor] Distance safe (32.0566741454213); rotating motor to 90 degrees | Severity=75 | SourceName=Motor2 | EventType=application | SourceNode=ns=1;s=MotorSource2
[Anomaly Input] [2026-08-16 20:48:08.232 (UTC)] info/application	[Motor] Distance safe (27.9878619492463); rotating motor to 90 degrees | Severity=75 | SourceName=Motor | EventType=application | SourceNode=ns=1;s=MotorSource
[Anomaly Input] [2026-08-16 20:48:08.734 (UTC)] info/application	[Sensor] Updated distance: 30.5278709631077 cm | Severity=75 | SourceName=Sensor3 | EventType=application | SourceNode=ns=1;s=SensorSource3
[Anomaly Input] [2026-08-16 20:48:08.734 (UTC)] info/application	[Sensor] Updated distance: 28.9960198281314 cm | Severity=75 | SourceName=Sensor | EventType=application | SourceNode=ns=1;s=SensorSource
[Anomaly Input] [2026-08-16 20:48:08.734 (UTC)] info/application	[Sensor] Updated distance: 32.9913582811092 cm | Severity=75 | SourceName=Sensor2 | EventType=application | SourceNode=ns=1;s=SensorSource2
[Anomaly Input] [2026-08-16 20:48:09.229 (UTC)] info/application	[Motor] Received distance: 28.9960198281314 cm | Severity=75 | SourceName=Motor | EventType=application | SourceNode=ns=1;s=MotorSource
[Anomaly Input] [2026-08-16 20:48:09.230 (UTC)] info/application	[Motor] Received distance: 32.9913582811092 cm | Severity=75 | SourceName=Motor2 | EventType=application | SourceNode=ns=1;s=MotorSource2
[Anomaly Input] [2026-08-16 20:48:09.232 (UTC)] info/application	[Motor] Received distance: 30.5278709631077 cm | Severity=75 | SourceName=Motor3 | EventType=application | SourceNode=ns=1;s=MotorSource3
[Anomaly Input] [2026-08-16 20:48:09.229 (UTC)] info/application	[Motor] Distance safe (28.9960198281314); rotating motor to 90 degrees | Severity=75 | SourceName=Motor | EventType=application | SourceNode=ns=1;s=MotorSource
[Anomaly Input] [2026-08-16 20:48:09.230 (UTC)] info/application	[Motor] Distance safe (32.9913582811092); rotating motor to 90 degrees | Severity=75 | SourceName=Motor2 | EventType=application | SourceNode=ns=1;s=MotorSource2
[Anomaly Input] [2026-08-16 20:48:09.232 (UTC)] info/application	[Motor] Distance safe (30.5278709631077); rotating motor to 90 degrees | Severity=75 | SourceName=Motor3 | EventType=application | SourceNode=ns=1;s=MotorSource3
[Anomaly Input] [2026-08-16 20:48:09.734 (UTC)] info/application	[Sensor] Updated distance: 30.7455353910315 cm | Severity=75 | SourceName=Sensor3 | EventType=application | SourceNode=ns=1;s=SensorSource3
[Anomaly Input] [2026-08-16 20:48:09.734 (UTC)] info/application	[Sensor] Updated distance: 29.8313515611604 cm | Severity=75 | SourceName=Sensor | EventType=application | SourceNode=ns=1;s=SensorSource
[Anomaly Input] [2026-08-16 20:48:09.734 (UTC)] info/application	[Sensor] Updated distance: 33.7047292409487 cm | Severity=75 | SourceName=Sensor2 | EventType=application | SourceNode=ns=1;s=SensorSource2
[Anomaly Input] [2026-08-16 20:48:10.230 (UTC)] info/application	[Motor] Received distance: 33.7047292409487 cm | Severity=75 | SourceName=Motor2 | EventType=application | SourceNode=ns=1;s=MotorSource2
[Anomaly Input] [2026-08-16 20:48:10.230 (UTC)] info/application	[Motor] Received distance: 29.8313515611604 cm | Severity=75 | SourceName=Motor | EventType=application | SourceNode=ns=1;s=MotorSource
[Anomaly Input] [2026-08-16 20:48:10.232 (UTC)] info/application	[Motor] Received distance: 30.7455353910315 cm | Severity=75 | SourceName=Motor3 | EventType=application | SourceNode=ns=1;s=MotorSource3
[Anomaly Input] [2026-08-16 20:48:10.230 (UTC)] info/application	[Motor] Distance safe (33.7047292409487); rotating motor to 90 degrees | Severity=75 | SourceName=Motor2 | EventType=application | SourceNode=ns=1;s=MotorSource2
[Anomaly Input] [2026-08-16 20:48:10.230 (UTC)] info/application	[Motor] Distance safe (29.8313515611604); rotating motor to 90 degrees | Severity=75 | SourceName=Motor | EventType=application | SourceNode=ns=1;s=MotorSource
[Anomaly Input] [2026-08-16 20:48:10.232 (UTC)] info/application	[Motor] Distance safe (30.7455353910315); rotating motor to 90 degrees | Severity=75 | SourceName=Motor3 | EventType=application | SourceNode=ns=1;s=MotorSource3
[Anomaly Input] [2026-08-16 20:48:10.734 (UTC)] info/application	[Sensor] Updated distance: 29.8538112122816 cm | Severity=75 | SourceName=Sensor3 | EventType=application | SourceNode=ns=1;s=SensorSource3
[Anomaly Input] [2026-08-16 20:48:10.735 (UTC)] info/application	[Sensor] Updated distance: 30.4995730991939 cm | Severity=75 | SourceName=Sensor | EventType=application | SourceNode=ns=1;s=SensorSource
[Anomaly Input] [2026-08-16 20:48:10.735 (UTC)] info/application	[Sensor] Updated distance: 33.2908362538045 cm | Severity=75 | SourceName=Sensor2 | EventType=application | SourceNode=ns=1;s=SensorSource2
[Anomaly Input] [2026-08-16 20:48:11.229 (UTC)] info/application	[Motor] Received distance: 29.8538112122816 cm | Severity=75 | SourceName=Motor3 | EventType=application | SourceNode=ns=1;s=MotorSource3
[Anomaly Input] [2026-08-16 20:48:11.231 (UTC)] info/application	[Motor] Received distance: 30.4995730991939 cm | Severity=75 | SourceName=Motor | EventType=application | SourceNode=ns=1;s=MotorSource
[Anomaly Input] [2026-08-16 20:48:11.231 (UTC)] info/application	[Motor] Received distance: 33.2908362538045 cm | Severity=75 | SourceName=Motor2 | EventType=application | SourceNode=ns=1;s=MotorSource2
[Anomaly Input] [2026-08-16 20:48:11.229 (UTC)] info/application	[Motor] Distance safe (29.8538112122816); rotating motor to 90 degrees | Severity=75 | SourceName=Motor3 | EventType=application | SourceNode=ns=1;s=MotorSource3
[Anomaly Input] [2026-08-16 20:48:11.231 (UTC)] info/application	[Motor] Distance safe (30.4995730991939); rotating motor to 90 degrees | Severity=75 | SourceName=Motor | EventType=application | SourceNode=ns=1;s=MotorSource
[Anomaly Input] [2026-08-16 20:48:11.231 (UTC)] info/application	[Motor] Distance safe (33.2908362538045); rotating motor to 90 degrees | Severity=75 | SourceName=Motor2 | EventType=application | SourceNode=ns=1;s=MotorSource2
[Anomaly Input] [2026-08-16 20:48:11.735 (UTC)] info/application	[Sensor] Updated distance: 30.5624737413891 cm | Severity=75 | SourceName=Sensor3 | EventType=application | SourceNode=ns=1;s=SensorSource3
[Anomaly Input] [2026-08-16 20:48:11.735 (UTC)] info/application	[Sensor] Updated distance: 33.3479883912243 cm | Severity=75 | SourceName=Sensor2 | EventType=application | SourceNode=ns=1;s=SensorSource2
[Anomaly Input] [2026-08-16 20:48:11.735 (UTC)] info/application	[Sensor] Updated distance: 30.9309021450723 cm | Severity=75 | SourceName=Sensor | EventType=application | SourceNode=ns=1;s=SensorSource
[Anomaly Input] [2026-08-16 20:48:12.231 (UTC)] info/application	[Motor] Received distance: 30.5624737413891 cm | Severity=75 | SourceName=Motor3 | EventType=application | SourceNode=ns=1;s=MotorSource3
[Anomaly Input] [2026-08-16 20:48:12.232 (UTC)] info/application	[Motor] Received distance: 33.3479883912243 cm | Severity=75 | SourceName=Motor2 | EventType=application | SourceNode=ns=1;s=MotorSource2
[Anomaly Input] [2026-08-16 20:48:12.232 (UTC)] info/application	[Motor] Received distance: 30.9309021450723 cm | Severity=75 | SourceName=Motor | EventType=application | SourceNode=ns=1;s=MotorSource
[Anomaly Input] [2026-08-16 20:48:12.231 (UTC)] info/application	[Motor] Distance safe (30.5624737413891); rotating motor to 90 degrees | Severity=75 | SourceName=Motor3 | EventType=application | SourceNode=ns=1;s=MotorSource3
[Anomaly Input] [2026-08-16 20:48:12.232 (UTC)] info/application	[Motor] Distance safe (33.3479883912243); rotating motor to 90 degrees | Severity=75 | SourceName=Motor2 | EventType=application | SourceNode=ns=1;s=MotorSource2
[Anomaly Input] [2026-08-16 20:48:12.232 (UTC)] info/application	[Motor] Distance safe (30.9309021450723); rotating motor to 90 degrees | Severity=75 | SourceName=Motor | EventType=application | SourceNode=ns=1;s=MotorSource
[Anomaly Input] [2026-08-16 20:48:12.735 (UTC)] info/application	[Sensor] Updated distance: 32.0350287975907 cm | Severity=75 | SourceName=Sensor2 | EventType=application | SourceNode=ns=1;s=SensorSource2
[Anomaly Input] [2026-08-16 20:48:12.735 (UTC)] info/application	[Sensor] Updated distance: 31.2071165471371 cm | Severity=75 | SourceName=Sensor3 | EventType=application | SourceNode=ns=1;s=SensorSource3
[Anomaly Input] [2026-08-16 20:48:12.735 (UTC)] info/application	[Sensor] Updated distance: 29.8092114114245 cm | Severity=75 | SourceName=Sensor | EventType=application | SourceNode=ns=1;s=SensorSource
[Anomaly Input] [2026-08-16 20:48:13.230 (UTC)] info/application	[Motor] Received distance: 32.0350287975907 cm | Severity=75 | SourceName=Motor2 | EventType=application | SourceNode=ns=1;s=MotorSource2
[Anomaly Input] [2026-08-16 20:48:13.231 (UTC)] info/application	[Motor] Received distance: 29.8092114114245 cm | Severity=75 | SourceName=Motor | EventType=application | SourceNode=ns=1;s=MotorSource
[Anomaly Input] [2026-08-16 20:48:13.232 (UTC)] info/application	[Motor] Received distance: 31.2071165471371 cm | Severity=75 | SourceName=Motor3 | EventType=application | SourceNode=ns=1;s=MotorSource3
[Anomaly Input] [2026-08-16 20:48:13.231 (UTC)] info/application	[Motor] Distance safe (32.0350287975907); rotating motor to 90 degrees | Severity=75 | SourceName=Motor2 | EventType=application | SourceNode=ns=1;s=MotorSource2
[Anomaly Input] [2026-08-16 20:48:13.231 (UTC)] info/application	[Motor] Distance safe (29.8092114114245); rotating motor to 90 degrees | Severity=75 | SourceName=Motor | EventType=application | SourceNode=ns=1;s=MotorSource
[Anomaly Input] [2026-08-16 20:48:13.232 (UTC)] info/application	[Motor] Distance safe (31.2071165471371); rotating motor to 90 degrees | Severity=75 | SourceName=Motor3 | EventType=application | SourceNode=ns=1;s=MotorSource3
[Anomaly Input] [2026-08-16 20:48:13.736 (UTC)] info/application	[Sensor] Updated distance: 28.9847155611425 cm | Severity=75 | SourceName=Sensor | EventType=application | SourceNode=ns=1;s=SensorSource
[Anomaly Input] [2026-08-16 20:48:13.736 (UTC)] info/application	[Sensor] Updated distance: 29.7690018020891 cm | Severity=75 | SourceName=Sensor3 | EventType=application | SourceNode=ns=1;s=SensorSource3
[Anomaly Input] [2026-08-16 20:48:13.736 (UTC)] info/application	[Sensor] Updated distance: 30.6125996122661 cm | Severity=75 | SourceName=Sensor2 | EventType=application | SourceNode=ns=1;s=SensorSource2
[Anomaly Input] [2026-08-16 20:48:14.232 (UTC)] info/application	[Motor] Received distance: 30.6125996122661 cm | Severity=75 | SourceName=Motor2 | EventType=application | SourceNode=ns=1;s=MotorSource2
[Anomaly Input] [2026-08-16 20:48:14.232 (UTC)] info/application	[Motor] Received distance: 29.7690018020891 cm | Severity=75 | SourceName=Motor3 | EventType=application | SourceNode=ns=1;s=MotorSource3
[Anomaly Input] [2026-08-16 20:48:14.232 (UTC)] info/application	[Motor] Received distance: 28.9847155611425 cm | Severity=75 | SourceName=Motor | EventType=application | SourceNode=ns=1;s=MotorSource
[Anomaly Input] [2026-08-16 20:48:14.232 (UTC)] info/application	[Motor] Distance safe (29.7690018020891); rotating motor to 90 degrees | Severity=75 | SourceName=Motor3 | EventType=application | SourceNode=ns=1;s=MotorSource3
[Anomaly Input] [2026-08-16 20:48:14.232 (UTC)] info/application	[Motor] Distance safe (30.6125996122661); rotating motor to 90 degrees | Severity=75 | SourceName=Motor2 | EventType=application | SourceNode=ns=1;s=MotorSource2
[Anomaly Input] [2026-08-16 20:48:14.232 (UTC)] info/application	[Motor] Distance safe (28.9847155611425); rotating motor to 90 degrees | Severity=75 | SourceName=Motor | EventType=application | SourceNode=ns=1;s=MotorSource
[Anomaly Input] [2026-08-16 20:48:14.737 (UTC)] info/application	[Sensor] Updated distance: 28.2154997802412 cm | Severity=75 | SourceName=Sensor | EventType=application | SourceNode=ns=1;s=SensorSource
[Anomaly Input] [2026-08-16 20:48:14.737 (UTC)] info/application	[Sensor] Updated distance: 29.6514151383431 cm | Severity=75 | SourceName=Sensor3 | EventType=application | SourceNode=ns=1;s=SensorSource3
[Anomaly Input] [2026-08-16 20:48:14.737 (UTC)] info/application	[Sensor] Updated distance: 30.3915310294328 cm | Severity=75 | SourceName=Sensor2 | EventType=application | SourceNode=ns=1;s=SensorSource2
[Anomaly Input] [2026-08-16 20:48:15.241 (UTC)] info/application	[Motor] Received distance: 29.6514151383431 cm | Severity=75 | SourceName=Motor3 | EventType=application | SourceNode=ns=1;s=MotorSource3
[Anomaly Input] [2026-08-16 20:48:15.241 (UTC)] info/application	[Motor] Received distance: 28.2154997802412 cm | Severity=75 | SourceName=Motor | EventType=application | SourceNode=ns=1;s=MotorSource
[Anomaly Input] [2026-08-16 20:48:15.241 (UTC)] info/application	[Motor] Received distance: 30.3915310294328 cm | Severity=75 | SourceName=Motor2 | EventType=application | SourceNode=ns=1;s=MotorSource2
[Anomaly Input] [2026-08-16 20:48:15.241 (UTC)] info/application	[Motor] Distance safe (29.6514151383431); rotating motor to 90 degrees | Severity=75 | SourceName=Motor3 | EventType=application | SourceNode=ns=1;s=MotorSource3
[Anomaly Input] [2026-08-16 20:48:15.241 (UTC)] info/application	[Motor] Distance safe (28.2154997802412); rotating motor to 90 degrees | Severity=75 | SourceName=Motor | EventType=application | SourceNode=ns=1;s=MotorSource
[Anomaly Input] [2026-08-16 20:48:15.241 (UTC)] info/application	[Motor] Distance safe (30.3915310294328); rotating motor to 90 degrees | Severity=75 | SourceName=Motor2 | EventType=application | SourceNode=ns=1;s=MotorSource2
[Anomaly Input] [2026-08-16 20:48:15.727 (UTC)] info/application	[Sensor] Updated distance: 26.9463261018723 cm | Severity=75 | SourceName=Sensor | EventType=application | SourceNode=ns=1;s=SensorSource
[Anomaly Input] [2026-08-16 20:48:15.738 (UTC)] info/application	[Sensor] Updated distance: 28.2860237731533 cm | Severity=75 | SourceName=Sensor3 | EventType=application | SourceNode=ns=1;s=SensorSource3
[Anomaly Input] [2026-08-16 20:48:15.738 (UTC)] info/application	[Sensor] Updated distance: 30.1112325422518 cm | Severity=75 | SourceName=Sensor2 | EventType=application | SourceNode=ns=1;s=SensorSource2
[Anomaly Input] [2026-08-16 20:48:16.232 (UTC)] info/application	[Motor] Received distance: 28.2860237731533 cm | Severity=75 | SourceName=Motor3 | EventType=application | SourceNode=ns=1;s=MotorSource3
[Anomaly Input] [2026-08-16 20:48:16.233 (UTC)] info/application	[Motor] Received distance: 26.9463261018723 cm | Severity=75 | SourceName=Motor | EventType=application | SourceNode=ns=1;s=MotorSource
[Anomaly Input] [2026-08-16 20:48:16.233 (UTC)] info/application	[Motor] Received distance: 30.1112325422518 cm | Severity=75 | SourceName=Motor2 | EventType=application | SourceNode=ns=1;s=MotorSource2
[Anomaly Input] [2026-08-16 20:48:16.232 (UTC)] info/application	[Motor] Distance safe (28.2860237731533); rotating motor to 90 degrees | Severity=75 | SourceName=Motor3 | EventType=application | SourceNode=ns=1;s=MotorSource3
[Anomaly Input] [2026-08-16 20:48:16.233 (UTC)] info/application	[Motor] Distance safe (26.9463261018723); rotating motor to 90 degrees | Severity=75 | SourceName=Motor | EventType=application | SourceNode=ns=1;s=MotorSource
[Anomaly Input] [2026-08-16 20:48:16.233 (UTC)] info/application	[Motor] Distance safe (30.1112325422518); rotating motor to 90 degrees | Severity=75 | SourceName=Motor2 | EventType=application | SourceNode=ns=1;s=MotorSource2
[Anomaly Input] [2026-08-16 20:48:16.727 (UTC)] info/application	[Sensor] Updated distance: 27.7868380298777 cm | Severity=75 | SourceName=Sensor | EventType=application | SourceNode=ns=1;s=SensorSource
[Anomaly Input] [2026-08-16 20:48:16.737 (UTC)] info/application	[Sensor] Updated distance: 28.555002226287 cm | Severity=75 | SourceName=Sensor3 | EventType=application | SourceNode=ns=1;s=SensorSource3
[Anomaly Input] [2026-08-16 20:48:16.738 (UTC)] info/application	[Sensor] Updated distance: 29.0062019461795 cm | Severity=75 | SourceName=Sensor2 | EventType=application | SourceNode=ns=1;s=SensorSource2
[Anomaly Input] [2026-08-16 20:48:17.241 (UTC)] info/application	[Motor] Received distance: 28.555002226287 cm | Severity=75 | SourceName=Motor3 | EventType=application | SourceNode=ns=1;s=MotorSource3
[Anomaly Input] [2026-08-16 20:48:17.241 (UTC)] info/application	[Motor] Received distance: 29.0062019461795 cm | Severity=75 | SourceName=Motor2 | EventType=application | SourceNode=ns=1;s=MotorSource2
[Anomaly Input] [2026-08-16 20:48:17.241 (UTC)] info/application	[Motor] Received distance: 27.7868380298777 cm | Severity=75 | SourceName=Motor | EventType=application | SourceNode=ns=1;s=MotorSource
[Anomaly Input] [2026-08-16 20:48:17.241 (UTC)] info/application	[Motor] Distance safe (28.555002226287); rotating motor to 90 degrees | Severity=75 | SourceName=Motor3 | EventType=application | SourceNode=ns=1;s=MotorSource3
[Anomaly Input] [2026-08-16 20:48:17.241 (UTC)] info/application	[Motor] Distance safe (29.0062019461795); rotating motor to 90 degrees | Severity=75 | SourceName=Motor2 | EventType=application | SourceNode=ns=1;s=MotorSource2
[Anomaly Input] [2026-08-16 20:48:17.241 (UTC)] info/application	[Motor] Distance safe (27.7868380298777); rotating motor to 90 degrees | Severity=75 | SourceName=Motor | EventType=application | SourceNode=ns=1;s=MotorSource
[Anomaly Input] [2026-08-16 20:48:17.728 (UTC)] info/application	[Sensor] Updated distance: 27.8896667716977 cm | Severity=75 | SourceName=Sensor | EventType=application | SourceNode=ns=1;s=SensorSource
[Anomaly Input] [2026-08-16 20:48:17.728 (UTC)] info/application	[Sensor] Updated distance: 29.7920516348873 cm | Severity=75 | SourceName=Sensor2 | EventType=application | SourceNode=ns=1;s=SensorSource2
[Anomaly Input] [2026-08-16 20:48:17.728 (UTC)] info/application	[Sensor] Updated distance: 28.431684497712 cm | Severity=75 | SourceName=Sensor3 | EventType=application | SourceNode=ns=1;s=SensorSource3
[Anomaly Input] [2026-08-16 20:48:18.233 (UTC)] info/application	[Motor] Received distance: 28.431684497712 cm | Severity=75 | SourceName=Motor3 | EventType=application | SourceNode=ns=1;s=MotorSource3
[Anomaly Input] [2026-08-16 20:48:18.233 (UTC)] info/application	[Motor] Received distance: 29.7920516348873 cm | Severity=75 | SourceName=Motor2 | EventType=application | SourceNode=ns=1;s=MotorSource2
[Anomaly Input] [2026-08-16 20:48:18.233 (UTC)] info/application	[Motor] Received distance: 27.8896667716977 cm | Severity=75 | SourceName=Motor | EventType=application | SourceNode=ns=1;s=MotorSource
[Anomaly Input] [2026-08-16 20:48:18.233 (UTC)] info/application	[Motor] Distance safe (28.431684497712); rotating motor to 90 degrees | Severity=75 | SourceName=Motor3 | EventType=application | SourceNode=ns=1;s=MotorSource3
[Anomaly Input] [2026-08-16 20:48:18.233 (UTC)] info/application	[Motor] Distance safe (29.7920516348873); rotating motor to 90 degrees | Severity=75 | SourceName=Motor2 | EventType=application | SourceNode=ns=1;s=MotorSource2
[Anomaly Input] [2026-08-16 20:48:18.233 (UTC)] info/application	[Motor] Distance safe (27.8896667716977); rotating motor to 90 degrees | Severity=75 | SourceName=Motor | EventType=application | SourceNode=ns=1;s=MotorSource
[Anomaly Input] [2026-08-16 20:48:18.728 (UTC)] info/application	[Sensor] Updated distance: 29.0066267144897 cm | Severity=75 | SourceName=Sensor2 | EventType=application | SourceNode=ns=1;s=SensorSource2
[Anomaly Input] [2026-08-16 20:48:18.728 (UTC)] info/application	[Sensor] Updated distance: 28.9493767427976 cm | Severity=75 | SourceName=Sensor | EventType=application | SourceNode=ns=1;s=SensorSource
[Anomaly Input] [2026-08-16 20:48:18.728 (UTC)] info/application	[Sensor] Updated distance: 27.0235283943003 cm | Severity=75 | SourceName=Sensor3 | EventType=application | SourceNode=ns=1;s=SensorSource3
[Anomaly Input] [2026-08-16 20:48:19.243 (UTC)] info/application	[Motor] Received distance: 27.0235283943003 cm | Severity=75 | SourceName=Motor3 | EventType=application | SourceNode=ns=1;s=MotorSource3
[Anomaly Input] [2026-08-16 20:48:19.243 (UTC)] info/application	[Motor] Received distance: 29.0066267144897 cm | Severity=75 | SourceName=Motor2 | EventType=application | SourceNode=ns=1;s=MotorSource2
[Anomaly Input] [2026-08-16 20:48:19.243 (UTC)] info/application	[Motor] Received distance: 28.9493767427976 cm | Severity=75 | SourceName=Motor | EventType=application | SourceNode=ns=1;s=MotorSource
[Anomaly Input] [2026-08-16 20:48:19.243 (UTC)] info/application	[Motor] Distance safe (27.0235283943003); rotating motor to 90 degrees | Severity=75 | SourceName=Motor3 | EventType=application | SourceNode=ns=1;s=MotorSource3
[Anomaly Input] [2026-08-16 20:48:19.243 (UTC)] info/application	[Motor] Distance safe (29.0066267144897); rotating motor to 90 degrees | Severity=75 | SourceName=Motor2 | EventType=application | SourceNode=ns=1;s=MotorSource2
[Anomaly Input] [2026-08-16 20:48:19.243 (UTC)] info/application	[Motor] Distance safe (28.9493767427976); rotating motor to 90 degrees | Severity=75 | SourceName=Motor | EventType=application | SourceNode=ns=1;s=MotorSource
[Anomaly Input] [2026-08-16 20:48:19.729 (UTC)] info/application	[Sensor] Updated distance: 27.150764645846 cm | Severity=75 | SourceName=Sensor3 | EventType=application | SourceNode=ns=1;s=SensorSource3
[Anomaly Input] [2026-08-16 20:48:19.729 (UTC)] info/application	[Sensor] Updated distance: 29.1293780485305 cm | Severity=75 | SourceName=Sensor | EventType=application | SourceNode=ns=1;s=SensorSource
[Anomaly Input] [2026-08-16 20:48:19.729 (UTC)] info/application	[Sensor] Updated distance: 27.719102434916 cm | Severity=75 | SourceName=Sensor2 | EventType=application | SourceNode=ns=1;s=SensorSource2
[Anomaly Input] [2026-08-16 20:48:20.234 (UTC)] info/application	[Motor] Received distance: 27.150764645846 cm | Severity=75 | SourceName=Motor3 | EventType=application | SourceNode=ns=1;s=MotorSource3
[Anomaly Input] [2026-08-16 20:48:20.234 (UTC)] info/application	[Motor] Received distance: 27.719102434916 cm | Severity=75 | SourceName=Motor2 | EventType=application | SourceNode=ns=1;s=MotorSource2
[Anomaly Input] [2026-08-16 20:48:20.234 (UTC)] info/application	[Motor] Received distance: 29.1293780485305 cm | Severity=75 | SourceName=Motor | EventType=application | SourceNode=ns=1;s=MotorSource
[Anomaly Input] [2026-08-16 20:48:20.234 (UTC)] info/application	[Motor] Distance safe (27.150764645846); rotating motor to 90 degrees | Severity=75 | SourceName=Motor3 | EventType=application | SourceNode=ns=1;s=MotorSource3
[Anomaly Input] [2026-08-16 20:48:20.234 (UTC)] info/application	[Motor] Distance safe (27.719102434916); rotating motor to 90 degrees | Severity=75 | SourceName=Motor2 | EventType=application | SourceNode=ns=1;s=MotorSource2
[Anomaly Input] [2026-08-16 20:48:20.234 (UTC)] info/application	[Motor] Distance safe (29.1293780485305); rotating motor to 90 degrees | Severity=75 | SourceName=Motor | EventType=application | SourceNode=ns=1;s=MotorSource
[Anomaly Input] [2026-08-16 20:48:20.729 (UTC)] info/application	[Sensor] Updated distance: 26.0994053958447 cm | Severity=75 | SourceName=Sensor3 | EventType=application | SourceNode=ns=1;s=SensorSource3
[Anomaly Input] [2026-08-16 20:48:20.729 (UTC)] info/application	[Sensor] Updated distance: 28.775625315856 cm | Severity=75 | SourceName=Sensor | EventType=application | SourceNode=ns=1;s=SensorSource
[Anomaly Input] [2026-08-16 20:48:20.729 (UTC)] info/application	[Sensor] Updated distance: 28.7056355190955 cm | Severity=75 | SourceName=Sensor2 | EventType=application | SourceNode=ns=1;s=SensorSource2
[Anomaly Input] [2026-08-16 20:48:21.242 (UTC)] info/application	[Motor] Received distance: 26.0994053958447 cm | Severity=75 | SourceName=Motor3 | EventType=application | SourceNode=ns=1;s=MotorSource3
[Anomaly Input] [2026-08-16 20:48:21.243 (UTC)] info/application	[Motor] Received distance: 28.775625315856 cm | Severity=75 | SourceName=Motor | EventType=application | SourceNode=ns=1;s=MotorSource
[Anomaly Input] [2026-08-16 20:48:21.243 (UTC)] info/application	[Motor] Received distance: 28.7056355190955 cm | Severity=75 | SourceName=Motor2 | EventType=application | SourceNode=ns=1;s=MotorSource2
[Anomaly Input] [2026-08-16 20:48:21.242 (UTC)] info/application	[Motor] Distance safe (26.0994053958447); rotating motor to 90 degrees | Severity=75 | SourceName=Motor3 | EventType=application | SourceNode=ns=1;s=MotorSource3
[Anomaly Input] [2026-08-16 20:48:21.243 (UTC)] info/application	[Motor] Distance safe (28.775625315856); rotating motor to 90 degrees | Severity=75 | SourceName=Motor | EventType=application | SourceNode=ns=1;s=MotorSource
[Anomaly Input] [2026-08-16 20:48:21.243 (UTC)] info/application	[Motor] Distance safe (28.7056355190955); rotating motor to 90 degrees | Severity=75 | SourceName=Motor2 | EventType=application | SourceNode=ns=1;s=MotorSource2
[Anomaly Input] [2026-08-16 20:48:21.728 (UTC)] info/application	[Sensor] Updated distance: 27.4531449181741 cm | Severity=75 | SourceName=Sensor3 | EventType=application | SourceNode=ns=1;s=SensorSource3
[Anomaly Input] [2026-08-16 20:48:21.729 (UTC)] info/application	[Sensor] Updated distance: 29.6480225693192 cm | Severity=75 | SourceName=Sensor | EventType=application | SourceNode=ns=1;s=SensorSource
[Anomaly Input] [2026-08-16 20:48:21.729 (UTC)] info/application	[Sensor] Updated distance: 27.4715425041372 cm | Severity=75 | SourceName=Sensor2 | EventType=application | SourceNode=ns=1;s=SensorSource2
[Anomaly Input] [2026-08-16 20:48:22.233 (UTC)] info/application	[Motor] Received distance: 27.4531449181741 cm | Severity=75 | SourceName=Motor3 | EventType=application | SourceNode=ns=1;s=MotorSource3
[Anomaly Input] [2026-08-16 20:48:22.234 (UTC)] info/application	[Motor] Received distance: 29.6480225693192 cm | Severity=75 | SourceName=Motor | EventType=application | SourceNode=ns=1;s=MotorSource
[Anomaly Input] [2026-08-16 20:48:22.234 (UTC)] info/application	[Motor] Received distance: 27.4715425041372 cm | Severity=75 | SourceName=Motor2 | EventType=application | SourceNode=ns=1;s=MotorSource2
[Anomaly Input] [2026-08-16 20:48:22.233 (UTC)] info/application	[Motor] Distance safe (27.4531449181741); rotating motor to 90 degrees | Severity=75 | SourceName=Motor3 | EventType=application | SourceNode=ns=1;s=MotorSource3
[Anomaly Input] [2026-08-16 20:48:22.234 (UTC)] info/application	[Motor] Distance safe (29.6480225693192); rotating motor to 90 degrees | Severity=75 | SourceName=Motor | EventType=application | SourceNode=ns=1;s=MotorSource
[Anomaly Input] [2026-08-16 20:48:22.234 (UTC)] info/application	[Motor] Distance safe (27.4715425041372); rotating motor to 90 degrees | Severity=75 | SourceName=Motor2 | EventType=application | SourceNode=ns=1;s=MotorSource2
[Anomaly Input] [2026-08-16 20:48:22.728 (UTC)] info/application	[Sensor] Updated distance: 26.9846068187545 cm | Severity=75 | SourceName=Sensor3 | EventType=application | SourceNode=ns=1;s=SensorSource3
[Anomaly Input] [2026-08-16 20:48:22.729 (UTC)] info/application	[Sensor] Updated distance: 27.4734359138987 cm | Severity=75 | SourceName=Sensor2 | EventType=application | SourceNode=ns=1;s=SensorSource2
[Anomaly Input] [2026-08-16 20:48:22.729 (UTC)] info/application	[Sensor] Updated distance: 30.1486579823069 cm | Severity=75 | SourceName=Sensor | EventType=application | SourceNode=ns=1;s=SensorSource
[Anomaly Input] [2026-08-16 20:48:23.241 (UTC)] info/application	[Motor] Received distance: 26.9846068187545 cm | Severity=75 | SourceName=Motor3 | EventType=application | SourceNode=ns=1;s=MotorSource3
[Anomaly Input] [2026-08-16 20:48:23.242 (UTC)] info/application	[Motor] Received distance: 27.4734359138987 cm | Severity=75 | SourceName=Motor2 | EventType=application | SourceNode=ns=1;s=MotorSource2
[Anomaly Input] [2026-08-16 20:48:23.242 (UTC)] info/application	[Motor] Received distance: 30.1486579823069 cm | Severity=75 | SourceName=Motor | EventType=application | SourceNode=ns=1;s=MotorSource
[Anomaly Input] [2026-08-16 20:48:23.241 (UTC)] info/application	[Motor] Distance safe (26.9846068187545); rotating motor to 90 degrees | Severity=75 | SourceName=Motor3 | EventType=application | SourceNode=ns=1;s=MotorSource3
[Anomaly Input] [2026-08-16 20:48:23.242 (UTC)] info/application	[Motor] Distance safe (27.4734359138987); rotating motor to 90 degrees | Severity=75 | SourceName=Motor2 | EventType=application | SourceNode=ns=1;s=MotorSource2
[Anomaly Input] [2026-08-16 20:48:23.242 (UTC)] info/application	[Motor] Distance safe (30.1486579823069); rotating motor to 90 degrees | Severity=75 | SourceName=Motor | EventType=application | SourceNode=ns=1;s=MotorSource
[Anomaly Input] [2026-08-16 20:48:23.728 (UTC)] info/application	[Sensor] Updated distance: 27.8686507671925 cm | Severity=75 | SourceName=Sensor3 | EventType=application | SourceNode=ns=1;s=SensorSource3
[Anomaly Input] [2026-08-16 20:48:23.729 (UTC)] info/application	[Sensor] Updated distance: 28.5244358428868 cm | Severity=75 | SourceName=Sensor2 | EventType=application | SourceNode=ns=1;s=SensorSource2
[Anomaly Input] [2026-08-16 20:48:23.729 (UTC)] info/application	[Sensor] Updated distance: 28.8626033060078 cm | Severity=75 | SourceName=Sensor | EventType=application | SourceNode=ns=1;s=SensorSource
[Anomaly Input] [2026-08-16 20:48:24.233 (UTC)] info/application	[Motor] Received distance: 27.8686507671925 cm | Severity=75 | SourceName=Motor3 | EventType=application | SourceNode=ns=1;s=MotorSource3
[Anomaly Input] [2026-08-16 20:48:24.234 (UTC)] info/application	[Motor] Received distance: 28.5244358428868 cm | Severity=75 | SourceName=Motor2 | EventType=application | SourceNode=ns=1;s=MotorSource2
[Anomaly Input] [2026-08-16 20:48:24.234 (UTC)] info/application	[Motor] Received distance: 28.8626033060078 cm | Severity=75 | SourceName=Motor | EventType=application | SourceNode=ns=1;s=MotorSource
[Anomaly Input] [2026-08-16 20:48:24.233 (UTC)] info/application	[Motor] Distance safe (27.8686507671925); rotating motor to 90 degrees | Severity=75 | SourceName=Motor3 | EventType=application | SourceNode=ns=1;s=MotorSource3
[Anomaly Input] [2026-08-16 20:48:24.234 (UTC)] info/application	[Motor] Distance safe (28.5244358428868); rotating motor to 90 degrees | Severity=75 | SourceName=Motor2 | EventType=application | SourceNode=ns=1;s=MotorSource2
[Anomaly Input] [2026-08-16 20:48:24.234 (UTC)] info/application	[Motor] Distance safe (28.8626033060078); rotating motor to 90 degrees | Severity=75 | SourceName=Motor | EventType=application | SourceNode=ns=1;s=MotorSource
[Anomaly Input] [2026-08-16 20:48:24.728 (UTC)] info/application	[Sensor] Updated distance: 27.0617850642008 cm | Severity=75 | SourceName=Sensor3 | EventType=application | SourceNode=ns=1;s=SensorSource3
[Anomaly Input] [2026-08-16 20:48:24.729 (UTC)] info/application	[Sensor] Updated distance: 29.3967647628844 cm | Severity=75 | SourceName=Sensor2 | EventType=application | SourceNode=ns=1;s=SensorSource2
[Anomaly Input] [2026-08-16 20:48:24.729 (UTC)] info/application	[Sensor] Updated distance: 29.020925981468 cm | Severity=75 | SourceName=Sensor | EventType=application | SourceNode=ns=1;s=SensorSource
[Anomaly Input] [2026-08-16 20:48:25.242 (UTC)] info/application	[Motor] Received distance: 27.0617850642008 cm | Severity=75 | SourceName=Motor3 | EventType=application | SourceNode=ns=1;s=MotorSource3
[Anomaly Input] [2026-08-16 20:48:25.243 (UTC)] info/application	[Motor] Received distance: 29.3967647628844 cm | Severity=75 | SourceName=Motor2 | EventType=application | SourceNode=ns=1;s=MotorSource2
[Anomaly Input] [2026-08-16 20:48:25.243 (UTC)] info/application	[Motor] Received distance: 29.020925981468 cm | Severity=75 | SourceName=Motor | EventType=application | SourceNode=ns=1;s=MotorSource
[Anomaly Input] [2026-08-16 20:48:25.242 (UTC)] info/application	[Motor] Distance safe (27.0617850642008); rotating motor to 90 degrees | Severity=75 | SourceName=Motor3 | EventType=application | SourceNode=ns=1;s=MotorSource3
[Anomaly Input] [2026-08-16 20:48:25.243 (UTC)] info/application	[Motor] Distance safe (29.3967647628844); rotating motor to 90 degrees | Severity=75 | SourceName=Motor2 | EventType=application | SourceNode=ns=1;s=MotorSource2
[Anomaly Input] [2026-08-16 20:48:25.243 (UTC)] info/application	[Motor] Distance safe (29.020925981468); rotating motor to 90 degrees | Severity=75 | SourceName=Motor | EventType=application | SourceNode=ns=1;s=MotorSource
[Anomaly Input] [2026-08-16 20:48:25.728 (UTC)] info/application	[Sensor] Updated distance: 25.7633699934293 cm | Severity=75 | SourceName=Sensor3 | EventType=application | SourceNode=ns=1;s=SensorSource3
[Anomaly Input] [2026-08-16 20:48:25.728 (UTC)] info/application	[Sensor] Updated distance: 28.0502058465733 cm | Severity=75 | SourceName=Sensor2 | EventType=application | SourceNode=ns=1;s=SensorSource2
[Anomaly Input] [2026-08-16 20:48:25.729 (UTC)] info/application	[Sensor] Updated distance: 29.9526136049314 cm | Severity=75 | SourceName=Sensor | EventType=application | SourceNode=ns=1;s=SensorSource
[Anomaly Input] [2026-08-16 20:48:26.233 (UTC)] info/application	[Motor] Received distance: 25.7633699934293 cm | Severity=75 | SourceName=Motor3 | EventType=application | SourceNode=ns=1;s=MotorSource3
[Anomaly Input] [2026-08-16 20:48:26.234 (UTC)] info/application	[Motor] Received distance: 28.0502058465733 cm | Severity=75 | SourceName=Motor2 | EventType=application | SourceNode=ns=1;s=MotorSource2
[Anomaly Input] [2026-08-16 20:48:26.234 (UTC)] info/application	[Motor] Received distance: 29.9526136049314 cm | Severity=75 | SourceName=Motor | EventType=application | SourceNode=ns=1;s=MotorSource
[Anomaly Input] [2026-08-16 20:48:26.233 (UTC)] info/application	[Motor] Distance safe (25.7633699934293); rotating motor to 90 degrees | Severity=75 | SourceName=Motor3 | EventType=application | SourceNode=ns=1;s=MotorSource3
[Anomaly Input] [2026-08-16 20:48:26.234 (UTC)] info/application	[Motor] Distance safe (28.0502058465733); rotating motor to 90 degrees | Severity=75 | SourceName=Motor2 | EventType=application | SourceNode=ns=1;s=MotorSource2
[Anomaly Input] [2026-08-16 20:48:26.234 (UTC)] info/application	[Motor] Distance safe (29.9526136049314); rotating motor to 90 degrees | Severity=75 | SourceName=Motor | EventType=application | SourceNode=ns=1;s=MotorSource
[Anomaly Input] [2026-08-16 20:48:26.728 (UTC)] info/application	[Sensor] Updated distance: 26.415057123832 cm | Severity=75 | SourceName=Sensor3 | EventType=application | SourceNode=ns=1;s=SensorSource3
[Anomaly Input] [2026-08-16 20:48:26.728 (UTC)] info/application	[Sensor] Updated distance: 28.9323436761891 cm | Severity=75 | SourceName=Sensor2 | EventType=application | SourceNode=ns=1;s=SensorSource2
[Anomaly Input] [2026-08-16 20:48:26.729 (UTC)] info/application	[Sensor] Updated distance: 30.8608342701852 cm | Severity=75 | SourceName=Sensor | EventType=application | SourceNode=ns=1;s=SensorSource
[Anomaly Input] [2026-08-16 20:48:27.242 (UTC)] info/application	[Motor] Received distance: 30.8608342701852 cm | Severity=75 | SourceName=Motor | EventType=application | SourceNode=ns=1;s=MotorSource
[Anomaly Input] [2026-08-16 20:48:27.242 (UTC)] info/application	[Motor] Received distance: 26.415057123832 cm | Severity=75 | SourceName=Motor3 | EventType=application | SourceNode=ns=1;s=MotorSource3
[Anomaly Input] [2026-08-16 20:48:27.242 (UTC)] info/application	[Motor] Received distance: 28.9323436761891 cm | Severity=75 | SourceName=Motor2 | EventType=application | SourceNode=ns=1;s=MotorSource2
[Anomaly Input] [2026-08-16 20:48:27.242 (UTC)] info/application	[Motor] Distance safe (30.8608342701852); rotating motor to 90 degrees | Severity=75 | SourceName=Motor | EventType=application | SourceNode=ns=1;s=MotorSource
[Anomaly Input] [2026-08-16 20:48:27.242 (UTC)] info/application	[Motor] Distance safe (26.415057123832); rotating motor to 90 degrees | Severity=75 | SourceName=Motor3 | EventType=application | SourceNode=ns=1;s=MotorSource3
[Anomaly Input] [2026-08-16 20:48:27.242 (UTC)] info/application	[Motor] Distance safe (28.9323436761891); rotating motor to 90 degrees | Severity=75 | SourceName=Motor2 | EventType=application | SourceNode=ns=1;s=MotorSource2
[Anomaly Input] [2026-08-16 20:48:27.728 (UTC)] info/application	[Sensor] Updated distance: 26.1130315757417 cm | Severity=75 | SourceName=Sensor3 | EventType=application | SourceNode=ns=1;s=SensorSource3
[Anomaly Input] [2026-08-16 20:48:27.729 (UTC)] info/application	[Sensor] Updated distance: 29.6150004049367 cm | Severity=75 | SourceName=Sensor2 | EventType=application | SourceNode=ns=1;s=SensorSource2
[Anomaly Input] [2026-08-16 20:48:27.729 (UTC)] info/application	[Sensor] Updated distance: 30.1262954704586 cm | Severity=75 | SourceName=Sensor | EventType=application | SourceNode=ns=1;s=SensorSource
[Anomaly Input] [2026-08-16 20:48:28.233 (UTC)] info/application	[Motor] Received distance: 26.1130315757417 cm | Severity=75 | SourceName=Motor3 | EventType=application | SourceNode=ns=1;s=MotorSource3
[Anomaly Input] [2026-08-16 20:48:28.234 (UTC)] info/application	[Motor] Received distance: 29.6150004049367 cm | Severity=75 | SourceName=Motor2 | EventType=application | SourceNode=ns=1;s=MotorSource2
[Anomaly Input] [2026-08-16 20:48:28.234 (UTC)] info/application	[Motor] Received distance: 30.1262954704586 cm | Severity=75 | SourceName=Motor | EventType=application | SourceNode=ns=1;s=MotorSource
[Anomaly Input] [2026-08-16 20:48:28.233 (UTC)] info/application	[Motor] Distance safe (26.1130315757417); rotating motor to 90 degrees | Severity=75 | SourceName=Motor3 | EventType=application | SourceNode=ns=1;s=MotorSource3
[Anomaly Input] [2026-08-16 20:48:28.234 (UTC)] info/application	[Motor] Distance safe (29.6150004049367); rotating motor to 90 degrees | Severity=75 | SourceName=Motor2 | EventType=application | SourceNode=ns=1;s=MotorSource2
[Anomaly Input] [2026-08-16 20:48:28.234 (UTC)] info/application	[Motor] Distance safe (30.1262954704586); rotating motor to 90 degrees | Severity=75 | SourceName=Motor | EventType=application | SourceNode=ns=1;s=MotorSource
[Anomaly Input] [2026-08-16 20:48:28.728 (UTC)] info/application	[Sensor] Updated distance: 24.9916791748217 cm | Severity=75 | SourceName=Sensor3 | EventType=application | SourceNode=ns=1;s=SensorSource3
[Anomaly Input] [2026-08-16 20:48:28.729 (UTC)] info/application	[Sensor] Updated distance: 28.2471849975396 cm | Severity=75 | SourceName=Sensor2 | EventType=application | SourceNode=ns=1;s=SensorSource2
[Anomaly Input] [2026-08-16 20:48:28.729 (UTC)] info/application	[Sensor] Updated distance: 28.8157033858894 cm | Severity=75 | SourceName=Sensor | EventType=application | SourceNode=ns=1;s=SensorSource
[Anomaly Input] [2026-08-16 20:48:29.242 (UTC)] info/application	[Motor] Received distance: 24.9916791748217 cm | Severity=75 | SourceName=Motor3 | EventType=application | SourceNode=ns=1;s=MotorSource3
[Anomaly Input] [2026-08-16 20:48:29.242 (UTC)] info/application	[Motor] Received distance: 28.2471849975396 cm | Severity=75 | SourceName=Motor2 | EventType=application | SourceNode=ns=1;s=MotorSource2
[Anomaly Input] [2026-08-16 20:48:29.243 (UTC)] info/application	[Motor] Received distance: 28.8157033858894 cm | Severity=75 | SourceName=Motor | EventType=application | SourceNode=ns=1;s=MotorSource
[Anomaly Input] [2026-08-16 20:48:29.242 (UTC)] info/application	[Motor] Distance safe (24.9916791748217); rotating motor to 90 degrees | Severity=75 | SourceName=Motor3 | EventType=application | SourceNode=ns=1;s=MotorSource3
[Anomaly Input] [2026-08-16 20:48:29.242 (UTC)] info/application	[Motor] Distance safe (28.2471849975396); rotating motor to 90 degrees | Severity=75 | SourceName=Motor2 | EventType=application | SourceNode=ns=1;s=MotorSource2
[Anomaly Input] [2026-08-16 20:48:29.243 (UTC)] info/application	[Motor] Distance safe (28.8157033858894); rotating motor to 90 degrees | Severity=75 | SourceName=Motor | EventType=application | SourceNode=ns=1;s=MotorSource
[Anomaly Input] [2026-08-16 20:48:29.728 (UTC)] info/application	[Sensor] Updated distance: 24.5141383246584 cm | Severity=75 | SourceName=Sensor3 | EventType=application | SourceNode=ns=1;s=SensorSource3
[Anomaly Input] [2026-08-16 20:48:29.729 (UTC)] info/application	[Sensor] Updated distance: 27.4132389132461 cm | Severity=75 | SourceName=Sensor2 | EventType=application | SourceNode=ns=1;s=SensorSource2
[Anomaly Input] [2026-08-16 20:48:29.729 (UTC)] info/application	[Sensor] Updated distance: 28.6131433458594 cm | Severity=75 | SourceName=Sensor | EventType=application | SourceNode=ns=1;s=SensorSource
[Anomaly Input] [2026-08-16 20:48:30.234 (UTC)] info/application	[Motor] Received distance: 24.5141383246584 cm | Severity=75 | SourceName=Motor3 | EventType=application | SourceNode=ns=1;s=MotorSource3
[Anomaly Input] [2026-08-16 20:48:30.235 (UTC)] info/application	[Motor] Received distance: 27.4132389132461 cm | Severity=75 | SourceName=Motor2 | EventType=application | SourceNode=ns=1;s=MotorSource2
[Anomaly Input] [2026-08-16 20:48:30.235 (UTC)] info/application	[Motor] Received distance: 28.6131433458594 cm | Severity=75 | SourceName=Motor | EventType=application | SourceNode=ns=1;s=MotorSource
[Anomaly Input] [2026-08-16 20:48:30.234 (UTC)] info/application	[Motor] Distance safe (24.5141383246584); rotating motor to 90 degrees | Severity=75 | SourceName=Motor3 | EventType=application | SourceNode=ns=1;s=MotorSource3
[Anomaly Input] [2026-08-16 20:48:30.235 (UTC)] info/application	[Motor] Distance safe (27.4132389132461); rotating motor to 90 degrees | Severity=75 | SourceName=Motor2 | EventType=application | SourceNode=ns=1;s=MotorSource2
[Anomaly Input] [2026-08-16 20:48:30.235 (UTC)] info/application	[Motor] Distance safe (28.6131433458594); rotating motor to 90 degrees | Severity=75 | SourceName=Motor | EventType=application | SourceNode=ns=1;s=MotorSource
[Anomaly Input] [2026-08-16 20:48:30.728 (UTC)] info/application	[Sensor] Updated distance: 23.4126888576023 cm | Severity=75 | SourceName=Sensor3 | EventType=application | SourceNode=ns=1;s=SensorSource3
[Anomaly Input] [2026-08-16 20:48:30.730 (UTC)] info/application	[Sensor] Updated distance: 26.1557308785411 cm | Severity=75 | SourceName=Sensor2 | EventType=application | SourceNode=ns=1;s=SensorSource2
[Anomaly Input] [2026-08-16 20:48:30.730 (UTC)] info/application	[Sensor] Updated distance: 28.7003465493677 cm | Severity=75 | SourceName=Sensor | EventType=application | SourceNode=ns=1;s=SensorSource
[Anomaly Input] [2026-08-16 20:48:31.242 (UTC)] info/application	[Motor] Received distance: 23.4126888576023 cm | Severity=75 | SourceName=Motor3 | EventType=application | SourceNode=ns=1;s=MotorSource3
[Anomaly Input] [2026-08-16 20:48:31.244 (UTC)] info/application	[Motor] Received distance: 26.1557308785411 cm | Severity=75 | SourceName=Motor2 | EventType=application | SourceNode=ns=1;s=MotorSource2
[Anomaly Input] [2026-08-16 20:48:31.244 (UTC)] info/application	[Motor] Received distance: 28.7003465493677 cm | Severity=75 | SourceName=Motor | EventType=application | SourceNode=ns=1;s=MotorSource
[Anomaly Input] [2026-08-16 20:48:31.242 (UTC)] info/application	[Motor] Distance safe (23.4126888576023); rotating motor to 90 degrees | Severity=75 | SourceName=Motor3 | EventType=application | SourceNode=ns=1;s=MotorSource3
[Anomaly Input] [2026-08-16 20:48:31.244 (UTC)] info/application	[Motor] Distance safe (26.1557308785411); rotating motor to 90 degrees | Severity=75 | SourceName=Motor2 | EventType=application | SourceNode=ns=1;s=MotorSource2
[Anomaly Input] [2026-08-16 20:48:31.244 (UTC)] info/application	[Motor] Distance safe (28.7003465493677); rotating motor to 90 degrees | Severity=75 | SourceName=Motor | EventType=application | SourceNode=ns=1;s=MotorSource
[Anomaly Input] [2026-08-16 20:48:31.728 (UTC)] info/application	[Sensor] Updated distance: 23.1012377155019 cm | Severity=75 | SourceName=Sensor3 | EventType=application | SourceNode=ns=1;s=SensorSource3
[Anomaly Input] [2026-08-16 20:48:31.730 (UTC)] info/application	[Sensor] Updated distance: 27.6004546061626 cm | Severity=75 | SourceName=Sensor2 | EventType=application | SourceNode=ns=1;s=SensorSource2
[Anomaly Input] [2026-08-16 20:48:31.730 (UTC)] info/application	[Sensor] Updated distance: 29.5307669663014 cm | Severity=75 | SourceName=Sensor | EventType=application | SourceNode=ns=1;s=SensorSource
[Anomaly Input] [2026-08-16 20:48:32.233 (UTC)] info/application	[Motor] Received distance: 23.1012377155019 cm | Severity=75 | SourceName=Motor3 | EventType=application | SourceNode=ns=1;s=MotorSource3
[Anomaly Input] [2026-08-16 20:48:32.235 (UTC)] info/application	[Motor] Received distance: 27.6004546061626 cm | Severity=75 | SourceName=Motor2 | EventType=application | SourceNode=ns=1;s=MotorSource2
[Anomaly Input] [2026-08-16 20:48:32.236 (UTC)] info/application	[Motor] Received distance: 29.5307669663014 cm | Severity=75 | SourceName=Motor | EventType=application | SourceNode=ns=1;s=MotorSource
[Anomaly Input] [2026-08-16 20:48:32.233 (UTC)] info/application	[Motor] Distance safe (23.1012377155019); rotating motor to 90 degrees | Severity=75 | SourceName=Motor3 | EventType=application | SourceNode=ns=1;s=MotorSource3
[Anomaly Input] [2026-08-16 20:48:32.235 (UTC)] info/application	[Motor] Distance safe (27.6004546061626); rotating motor to 90 degrees | Severity=75 | SourceName=Motor2 | EventType=application | SourceNode=ns=1;s=MotorSource2
[Anomaly Input] [2026-08-16 20:48:32.236 (UTC)] info/application	[Motor] Distance safe (29.5307669663014); rotating motor to 90 degrees | Severity=75 | SourceName=Motor | EventType=application | SourceNode=ns=1;s=MotorSource
[Anomaly Input] [2026-08-16 20:48:32.728 (UTC)] info/application	[Sensor] Updated distance: 24.1691285763723 cm | Severity=75 | SourceName=Sensor3 | EventType=application | SourceNode=ns=1;s=SensorSource3
[Anomaly Input] [2026-08-16 20:48:32.729 (UTC)] info/application	[Sensor] Updated distance: 27.7235019918175 cm | Severity=75 | SourceName=Sensor2 | EventType=application | SourceNode=ns=1;s=SensorSource2
[Anomaly Input] [2026-08-16 20:48:32.730 (UTC)] info/application	[Sensor] Updated distance: 30.7170732341321 cm | Severity=75 | SourceName=Sensor | EventType=application | SourceNode=ns=1;s=SensorSource
[Anomaly Input] [2026-08-16 20:48:33.241 (UTC)] info/application	[Motor] Received distance: 24.1691285763723 cm | Severity=75 | SourceName=Motor3 | EventType=application | SourceNode=ns=1;s=MotorSource3
[Anomaly Input] [2026-08-16 20:48:33.243 (UTC)] info/application	[Motor] Received distance: 27.7235019918175 cm | Severity=75 | SourceName=Motor2 | EventType=application | SourceNode=ns=1;s=MotorSource2
[Anomaly Input] [2026-08-16 20:48:33.244 (UTC)] info/application	[Motor] Received distance: 30.7170732341321 cm | Severity=75 | SourceName=Motor | EventType=application | SourceNode=ns=1;s=MotorSource
[Anomaly Input] [2026-08-16 20:48:33.242 (UTC)] info/application	[Motor] Distance safe (24.1691285763723); rotating motor to 90 degrees | Severity=75 | SourceName=Motor3 | EventType=application | SourceNode=ns=1;s=MotorSource3
[Anomaly Input] [2026-08-16 20:48:33.243 (UTC)] info/application	[Motor] Distance safe (27.7235019918175); rotating motor to 90 degrees | Severity=75 | SourceName=Motor2 | EventType=application | SourceNode=ns=1;s=MotorSource2
[Anomaly Input] [2026-08-16 20:48:33.244 (UTC)] info/application	[Motor] Distance safe (30.7170732341321); rotating motor to 90 degrees | Severity=75 | SourceName=Motor | EventType=application | SourceNode=ns=1;s=MotorSource
[Anomaly Input] [2026-08-16 20:48:33.728 (UTC)] info/application	[Sensor] Updated distance: 24.1809985687402 cm | Severity=75 | SourceName=Sensor3 | EventType=application | SourceNode=ns=1;s=SensorSource3
[Anomaly Input] [2026-08-16 20:48:33.729 (UTC)] info/application	[Sensor] Updated distance: 28.8932918102449 cm | Severity=75 | SourceName=Sensor2 | EventType=application | SourceNode=ns=1;s=SensorSource2
[Anomaly Input] [2026-08-16 20:48:33.730 (UTC)] info/application	[Sensor] Updated distance: 29.2733383755075 cm | Severity=75 | SourceName=Sensor | EventType=application | SourceNode=ns=1;s=SensorSource
[Anomaly Input] [2026-08-16 20:48:34.233 (UTC)] info/application	[Motor] Received distance: 24.1809985687402 cm | Severity=75 | SourceName=Motor3 | EventType=application | SourceNode=ns=1;s=MotorSource3
[Anomaly Input] [2026-08-16 20:48:34.234 (UTC)] info/application	[Motor] Received distance: 28.8932918102449 cm | Severity=75 | SourceName=Motor2 | EventType=application | SourceNode=ns=1;s=MotorSource2
[Anomaly Input] [2026-08-16 20:48:34.235 (UTC)] info/application	[Motor] Received distance: 29.2733383755075 cm | Severity=75 | SourceName=Motor | EventType=application | SourceNode=ns=1;s=MotorSource
[Anomaly Input] [2026-08-16 20:48:34.233 (UTC)] info/application	[Motor] Distance safe (24.1809985687402); rotating motor to 90 degrees | Severity=75 | SourceName=Motor3 | EventType=application | SourceNode=ns=1;s=MotorSource3
[Anomaly Input] [2026-08-16 20:48:34.234 (UTC)] info/application	[Motor] Distance safe (28.8932918102449); rotating motor to 90 degrees | Severity=75 | SourceName=Motor2 | EventType=application | SourceNode=ns=1;s=MotorSource2
[Anomaly Input] [2026-08-16 20:48:34.235 (UTC)] info/application	[Motor] Distance safe (29.2733383755075); rotating motor to 90 degrees | Severity=75 | SourceName=Motor | EventType=application | SourceNode=ns=1;s=MotorSource
[Anomaly Input] [2026-08-16 20:48:34.728 (UTC)] info/application	[Sensor] Updated distance: 24.4440224941093 cm | Severity=75 | SourceName=Sensor3 | EventType=application | SourceNode=ns=1;s=SensorSource3
[Anomaly Input] [2026-08-16 20:48:34.729 (UTC)] info/application	[Sensor] Updated distance: 30.1367920013782 cm | Severity=75 | SourceName=Sensor2 | EventType=application | SourceNode=ns=1;s=SensorSource2
[Anomaly Input] [2026-08-16 20:48:34.730 (UTC)] info/application	[Sensor] Updated distance: 27.8427024729749 cm | Severity=75 | SourceName=Sensor | EventType=application | SourceNode=ns=1;s=SensorSource
[Anomaly Input] [2026-08-16 20:48:35.242 (UTC)] info/application	[Motor] Received distance: 24.4440224941093 cm | Severity=75 | SourceName=Motor3 | EventType=application | SourceNode=ns=1;s=MotorSource3
[Anomaly Input] [2026-08-16 20:48:35.243 (UTC)] info/application	[Motor] Received distance: 30.1367920013782 cm | Severity=75 | SourceName=Motor2 | EventType=application | SourceNode=ns=1;s=MotorSource2
[Anomaly Input] [2026-08-16 20:48:35.244 (UTC)] info/application	[Motor] Received distance: 27.8427024729749 cm | Severity=75 | SourceName=Motor | EventType=application | SourceNode=ns=1;s=MotorSource
[Anomaly Input] [2026-08-16 20:48:35.242 (UTC)] info/application	[Motor] Distance safe (24.4440224941093); rotating motor to 90 degrees | Severity=75 | SourceName=Motor3 | EventType=application | SourceNode=ns=1;s=MotorSource3
[Anomaly Input] [2026-08-16 20:48:35.243 (UTC)] info/application	[Motor] Distance safe (30.1367920013782); rotating motor to 90 degrees | Severity=75 | SourceName=Motor2 | EventType=application | SourceNode=ns=1;s=MotorSource2
[Anomaly Input] [2026-08-16 20:48:35.244 (UTC)] info/application	[Motor] Distance safe (27.8427024729749); rotating motor to 90 degrees | Severity=75 | SourceName=Motor | EventType=application | SourceNode=ns=1;s=MotorSource
[Anomaly Input] [2026-08-16 20:48:35.729 (UTC)] info/application	[Sensor] Updated distance: 25.1262883076567 cm | Severity=75 | SourceName=Sensor3 | EventType=application | SourceNode=ns=1;s=SensorSource3
[Anomaly Input] [2026-08-16 20:48:35.729 (UTC)] info/application	[Sensor] Updated distance: 28.8915196174716 cm | Severity=75 | SourceName=Sensor2 | EventType=application | SourceNode=ns=1;s=SensorSource2
[Anomaly Input] [2026-08-16 20:48:35.730 (UTC)] info/application	[Sensor] Updated distance: 29.2336894086253 cm | Severity=75 | SourceName=Sensor | EventType=application | SourceNode=ns=1;s=SensorSource
[Anomaly Input] [2026-08-16 20:48:36.234 (UTC)] info/application	[Motor] Received distance: 28.8915196174716 cm | Severity=75 | SourceName=Motor2 | EventType=application | SourceNode=ns=1;s=MotorSource2
[Anomaly Input] [2026-08-16 20:48:36.234 (UTC)] info/application	[Motor] Received distance: 25.1262883076567 cm | Severity=75 | SourceName=Motor3 | EventType=application | SourceNode=ns=1;s=MotorSource3
[Anomaly Input] [2026-08-16 20:48:36.235 (UTC)] info/application	[Motor] Received distance: 29.2336894086253 cm | Severity=75 | SourceName=Motor | EventType=application | SourceNode=ns=1;s=MotorSource
[Anomaly Input] [2026-08-16 20:48:36.234 (UTC)] info/application	[Motor] Distance safe (28.8915196174716); rotating motor to 90 degrees | Severity=75 | SourceName=Motor2 | EventType=application | SourceNode=ns=1;s=MotorSource2
[Anomaly Input] [2026-08-16 20:48:36.234 (UTC)] info/application	[Motor] Distance safe (25.1262883076567); rotating motor to 90 degrees | Severity=75 | SourceName=Motor3 | EventType=application | SourceNode=ns=1;s=MotorSource3
[Anomaly Input] [2026-08-16 20:48:36.235 (UTC)] info/application	[Motor] Distance safe (29.2336894086253); rotating motor to 90 degrees | Severity=75 | SourceName=Motor | EventType=application | SourceNode=ns=1;s=MotorSource
[Anomaly Input] [2026-08-16 20:48:36.728 (UTC)] info/application	[Sensor] Updated distance: 28.0478383968807 cm | Severity=75 | SourceName=Sensor2 | EventType=application | SourceNode=ns=1;s=SensorSource2
[Anomaly Input] [2026-08-16 20:48:36.728 (UTC)] info/application	[Sensor] Updated distance: 25.1986392760643 cm | Severity=75 | SourceName=Sensor3 | EventType=application | SourceNode=ns=1;s=SensorSource3
[Anomaly Input] [2026-08-16 20:48:36.730 (UTC)] info/application	[Sensor] Updated distance: 28.7152789140657 cm | Severity=75 | SourceName=Sensor | EventType=application | SourceNode=ns=1;s=SensorSource
[Anomaly Input] [2026-08-16 20:48:37.242 (UTC)] info/application	[Motor] Received distance: 28.0478383968807 cm | Severity=75 | SourceName=Motor2 | EventType=application | SourceNode=ns=1;s=MotorSource2
[Anomaly Input] [2026-08-16 20:48:37.242 (UTC)] info/application	[Motor] Received distance: 25.1986392760643 cm | Severity=75 | SourceName=Motor3 | EventType=application | SourceNode=ns=1;s=MotorSource3
[Anomaly Input] [2026-08-16 20:48:37.244 (UTC)] info/application	[Motor] Received distance: 28.7152789140657 cm | Severity=75 | SourceName=Motor | EventType=application | SourceNode=ns=1;s=MotorSource
[Anomaly Input] [2026-08-16 20:48:37.242 (UTC)] info/application	[Motor] Distance safe (28.0478383968807); rotating motor to 90 degrees | Severity=75 | SourceName=Motor2 | EventType=application | SourceNode=ns=1;s=MotorSource2
[Anomaly Input] [2026-08-16 20:48:37.242 (UTC)] info/application	[Motor] Distance safe (25.1986392760643); rotating motor to 90 degrees | Severity=75 | SourceName=Motor3 | EventType=application | SourceNode=ns=1;s=MotorSource3
[Anomaly Input] [2026-08-16 20:48:37.244 (UTC)] info/application	[Motor] Distance safe (28.7152789140657); rotating motor to 90 degrees | Severity=75 | SourceName=Motor | EventType=application | SourceNode=ns=1;s=MotorSource
[Anomaly Input] [2026-08-16 20:48:37.729 (UTC)] info/application	[Sensor] Updated distance: 27.1824210405734 cm | Severity=75 | SourceName=Sensor2 | EventType=application | SourceNode=ns=1;s=SensorSource2
[Anomaly Input] [2026-08-16 20:48:37.729 (UTC)] info/application	[Sensor] Updated distance: 24.293064341784 cm | Severity=75 | SourceName=Sensor3 | EventType=application | SourceNode=ns=1;s=SensorSource3
[Anomaly Input] [2026-08-16 20:48:37.730 (UTC)] info/application	[Sensor] Updated distance: 29.5436038524115 cm | Severity=75 | SourceName=Sensor | EventType=application | SourceNode=ns=1;s=SensorSource
[Anomaly Input] [2026-08-16 20:48:38.234 (UTC)] info/application	[Motor] Received distance: 27.1824210405734 cm | Severity=75 | SourceName=Motor2 | EventType=application | SourceNode=ns=1;s=MotorSource2
[Anomaly Input] [2026-08-16 20:48:38.234 (UTC)] info/application	[Motor] Received distance: 24.293064341784 cm | Severity=75 | SourceName=Motor3 | EventType=application | SourceNode=ns=1;s=MotorSource3
[Anomaly Input] [2026-08-16 20:48:38.235 (UTC)] info/application	[Motor] Received distance: 29.5436038524115 cm | Severity=75 | SourceName=Motor | EventType=application | SourceNode=ns=1;s=MotorSource
[Anomaly Input] [2026-08-16 20:48:38.234 (UTC)] info/application	[Motor] Distance safe (27.1824210405734); rotating motor to 90 degrees | Severity=75 | SourceName=Motor2 | EventType=application | SourceNode=ns=1;s=MotorSource2
[Anomaly Input] [2026-08-16 20:48:38.234 (UTC)] info/application	[Motor] Distance safe (24.293064341784); rotating motor to 90 degrees | Severity=75 | SourceName=Motor3 | EventType=application | SourceNode=ns=1;s=MotorSource3
[Anomaly Input] [2026-08-16 20:48:38.235 (UTC)] info/application	[Motor] Distance safe (29.5436038524115); rotating motor to 90 degrees | Severity=75 | SourceName=Motor | EventType=application | SourceNode=ns=1;s=MotorSource
[Anomaly Input] [2026-08-16 20:48:38.728 (UTC)] info/application	[Sensor] Updated distance: 27.3669703082959 cm | Severity=75 | SourceName=Sensor2 | EventType=application | SourceNode=ns=1;s=SensorSource2
[Anomaly Input] [2026-08-16 20:48:38.729 (UTC)] info/application	[Sensor] Updated distance: 23.590475546471 cm | Severity=75 | SourceName=Sensor3 | EventType=application | SourceNode=ns=1;s=SensorSource3
[Anomaly Input] [2026-08-16 20:48:38.730 (UTC)] info/application	[Sensor] Updated distance: 28.5933687047071 cm | Severity=75 | SourceName=Sensor | EventType=application | SourceNode=ns=1;s=SensorSource
[Anomaly Input] [2026-08-16 20:48:39.243 (UTC)] info/application	[Motor] Received distance: 23.590475546471 cm | Severity=75 | SourceName=Motor3 | EventType=application | SourceNode=ns=1;s=MotorSource3
[Anomaly Input] [2026-08-16 20:48:39.243 (UTC)] info/application	[Motor] Received distance: 27.3669703082959 cm | Severity=75 | SourceName=Motor2 | EventType=application | SourceNode=ns=1;s=MotorSource2
[Anomaly Input] [2026-08-16 20:48:39.243 (UTC)] info/application	[Motor] Received distance: 28.5933687047071 cm | Severity=75 | SourceName=Motor | EventType=application | SourceNode=ns=1;s=MotorSource
[Anomaly Input] [2026-08-16 20:48:39.243 (UTC)] info/application	[Motor] Distance safe (23.590475546471); rotating motor to 90 degrees | Severity=75 | SourceName=Motor3 | EventType=application | SourceNode=ns=1;s=MotorSource3
[Anomaly Input] [2026-08-16 20:48:39.243 (UTC)] info/application	[Motor] Distance safe (27.3669703082959); rotating motor to 90 degrees | Severity=75 | SourceName=Motor2 | EventType=application | SourceNode=ns=1;s=MotorSource2
[Anomaly Input] [2026-08-16 20:48:39.243 (UTC)] info/application	[Motor] Distance safe (28.5933687047071); rotating motor to 90 degrees | Severity=75 | SourceName=Motor | EventType=application | SourceNode=ns=1;s=MotorSource
[Anomaly Input] [2026-08-16 20:48:39.728 (UTC)] info/application	[Sensor] Updated distance: 25.9579732219959 cm | Severity=75 | SourceName=Sensor2 | EventType=application | SourceNode=ns=1;s=SensorSource2
[Anomaly Input] [2026-08-16 20:48:39.729 (UTC)] info/application	[Sensor] Updated distance: 23.3825468569447 cm | Severity=75 | SourceName=Sensor3 | EventType=application | SourceNode=ns=1;s=SensorSource3
[Anomaly Input] [2026-08-16 20:48:39.730 (UTC)] info/application	[Sensor] Updated distance: 27.5831160890325 cm | Severity=75 | SourceName=Sensor | EventType=application | SourceNode=ns=1;s=SensorSource
[Anomaly Input] [2026-08-16 20:48:40.233 (UTC)] info/application	[Motor] Received distance: 25.9579732219959 cm | Severity=75 | SourceName=Motor2 | EventType=application | SourceNode=ns=1;s=MotorSource2
[Anomaly Input] [2026-08-16 20:48:40.234 (UTC)] info/application	[Motor] Received distance: 23.3825468569447 cm | Severity=75 | SourceName=Motor3 | EventType=application | SourceNode=ns=1;s=MotorSource3
[Anomaly Input] [2026-08-16 20:48:40.235 (UTC)] info/application	[Motor] Received distance: 27.5831160890325 cm | Severity=75 | SourceName=Motor | EventType=application | SourceNode=ns=1;s=MotorSource
[Anomaly Input] [2026-08-16 20:48:40.233 (UTC)] info/application	[Motor] Distance safe (25.9579732219959); rotating motor to 90 degrees | Severity=75 | SourceName=Motor2 | EventType=application | SourceNode=ns=1;s=MotorSource2
[Anomaly Input] [2026-08-16 20:48:40.234 (UTC)] info/application	[Motor] Distance safe (23.3825468569447); rotating motor to 90 degrees | Severity=75 | SourceName=Motor3 | EventType=application | SourceNode=ns=1;s=MotorSource3
[Anomaly Input] [2026-08-16 20:48:40.235 (UTC)] info/application	[Motor] Distance safe (27.5831160890325); rotating motor to 90 degrees | Severity=75 | SourceName=Motor | EventType=application | SourceNode=ns=1;s=MotorSource
[Anomaly Input] [2026-08-16 20:48:40.728 (UTC)] info/application	[Sensor] Updated distance: 27.305926825528 cm | Severity=75 | SourceName=Sensor2 | EventType=application | SourceNode=ns=1;s=SensorSource2
[Anomaly Input] [2026-08-16 20:48:40.729 (UTC)] info/application	[Sensor] Updated distance: 24.1946363505882 cm | Severity=75 | SourceName=Sensor3 | EventType=application | SourceNode=ns=1;s=SensorSource3
[Anomaly Input] [2026-08-16 20:48:40.730 (UTC)] info/application	[Sensor] Updated distance: 27.7467727590104 cm | Severity=75 | SourceName=Sensor | EventType=application | SourceNode=ns=1;s=SensorSource
[Anomaly Input] [2026-08-16 20:48:41.242 (UTC)] info/application	[Motor] Received distance: 24.1946363505882 cm | Severity=75 | SourceName=Motor3 | EventType=application | SourceNode=ns=1;s=MotorSource3
[Anomaly Input] [2026-08-16 20:48:41.242 (UTC)] info/application	[Motor] Received distance: 27.305926825528 cm | Severity=75 | SourceName=Motor2 | EventType=application | SourceNode=ns=1;s=MotorSource2
[Anomaly Input] [2026-08-16 20:48:41.243 (UTC)] info/application	[Motor] Received distance: 27.7467727590104 cm | Severity=75 | SourceName=Motor | EventType=application | SourceNode=ns=1;s=MotorSource
[Anomaly Input] [2026-08-16 20:48:41.242 (UTC)] info/application	[Motor] Distance safe (24.1946363505882); rotating motor to 90 degrees | Severity=75 | SourceName=Motor3 | EventType=application | SourceNode=ns=1;s=MotorSource3
[Anomaly Input] [2026-08-16 20:48:41.242 (UTC)] info/application	[Motor] Distance safe (27.305926825528); rotating motor to 90 degrees | Severity=75 | SourceName=Motor2 | EventType=application | SourceNode=ns=1;s=MotorSource2
[Anomaly Input] [2026-08-16 20:48:41.243 (UTC)] info/application	[Motor] Distance safe (27.7467727590104); rotating motor to 90 degrees | Severity=75 | SourceName=Motor | EventType=application | SourceNode=ns=1;s=MotorSource
[Anomaly Input] [2026-08-16 20:48:41.728 (UTC)] info/application	[Sensor] Updated distance: 28.5765831075034 cm | Severity=75 | SourceName=Sensor2 | EventType=application | SourceNode=ns=1;s=SensorSource2
[Anomaly Input] [2026-08-16 20:48:41.728 (UTC)] info/application	[Sensor] Updated distance: 24.1003233765253 cm | Severity=75 | SourceName=Sensor3 | EventType=application | SourceNode=ns=1;s=SensorSource3
[Anomaly Input] [2026-08-16 20:48:41.730 (UTC)] info/application	[Sensor] Updated distance: 28.9647591493394 cm | Severity=75 | SourceName=Sensor | EventType=application | SourceNode=ns=1;s=SensorSource
[Anomaly Input] [2026-08-16 20:48:42.234 (UTC)] info/application	[Motor] Received distance: 28.5765831075034 cm | Severity=75 | SourceName=Motor2 | EventType=application | SourceNode=ns=1;s=MotorSource2
[Anomaly Input] [2026-08-16 20:48:42.234 (UTC)] info/application	[Motor] Received distance: 24.1003233765253 cm | Severity=75 | SourceName=Motor3 | EventType=application | SourceNode=ns=1;s=MotorSource3
[Anomaly Input] [2026-08-16 20:48:42.236 (UTC)] info/application	[Motor] Received distance: 28.9647591493394 cm | Severity=75 | SourceName=Motor | EventType=application | SourceNode=ns=1;s=MotorSource
[Anomaly Input] [2026-08-16 20:48:42.234 (UTC)] info/application	[Motor] Distance safe (28.5765831075034); rotating motor to 90 degrees | Severity=75 | SourceName=Motor2 | EventType=application | SourceNode=ns=1;s=MotorSource2
[Anomaly Input] [2026-08-16 20:48:42.234 (UTC)] info/application	[Motor] Distance safe (24.1003233765253); rotating motor to 90 degrees | Severity=75 | SourceName=Motor3 | EventType=application | SourceNode=ns=1;s=MotorSource3
[Anomaly Input] [2026-08-16 20:48:42.236 (UTC)] info/application	[Motor] Distance safe (28.9647591493394); rotating motor to 90 degrees | Severity=75 | SourceName=Motor | EventType=application | SourceNode=ns=1;s=MotorSource
[Anomaly Input] [2026-08-16 20:48:42.729 (UTC)] info/application	[Sensor] Updated distance: 23.1010572147095 cm | Severity=75 | SourceName=Sensor3 | EventType=application | SourceNode=ns=1;s=SensorSource3
[Anomaly Input] [2026-08-16 20:48:42.729 (UTC)] info/application	[Sensor] Updated distance: 28.7247381586231 cm | Severity=75 | SourceName=Sensor2 | EventType=application | SourceNode=ns=1;s=SensorSource2
[Anomaly Input] [2026-08-16 20:48:42.730 (UTC)] info/application	[Sensor] Updated distance: 29.8858355795433 cm | Severity=75 | SourceName=Sensor | EventType=application | SourceNode=ns=1;s=SensorSource
[Anomaly Input] [2026-08-16 20:48:43.242 (UTC)] info/application	[Motor] Received distance: 23.1010572147095 cm | Severity=75 | SourceName=Motor3 | EventType=application | SourceNode=ns=1;s=MotorSource3
[Anomaly Input] [2026-08-16 20:48:43.242 (UTC)] info/application	[Motor] Received distance: 28.7247381586231 cm | Severity=75 | SourceName=Motor2 | EventType=application | SourceNode=ns=1;s=MotorSource2
[Anomaly Input] [2026-08-16 20:48:43.244 (UTC)] info/application	[Motor] Received distance: 29.8858355795433 cm | Severity=75 | SourceName=Motor | EventType=application | SourceNode=ns=1;s=MotorSource
[Anomaly Input] [2026-08-16 20:48:43.242 (UTC)] info/application	[Motor] Distance safe (23.1010572147095); rotating motor to 90 degrees | Severity=75 | SourceName=Motor3 | EventType=application | SourceNode=ns=1;s=MotorSource3
[Anomaly Input] [2026-08-16 20:48:43.242 (UTC)] info/application	[Motor] Distance safe (28.7247381586231); rotating motor to 90 degrees | Severity=75 | SourceName=Motor2 | EventType=application | SourceNode=ns=1;s=MotorSource2
[Anomaly Input] [2026-08-16 20:48:43.244 (UTC)] info/application	[Motor] Distance safe (29.8858355795433); rotating motor to 90 degrees | Severity=75 | SourceName=Motor | EventType=application | SourceNode=ns=1;s=MotorSource
[Anomaly Input] [2026-08-16 20:48:43.729 (UTC)] info/application	[Sensor] Updated distance: 27.2597321671246 cm | Severity=75 | SourceName=Sensor2 | EventType=application | SourceNode=ns=1;s=SensorSource2
[Anomaly Input] [2026-08-16 20:48:43.729 (UTC)] info/application	[Sensor] Updated distance: 23.057789512704 cm | Severity=75 | SourceName=Sensor3 | EventType=application | SourceNode=ns=1;s=SensorSource3
[Anomaly Input] [2026-08-16 20:48:43.730 (UTC)] info/application	[Sensor] Updated distance: 30.4278015158734 cm | Severity=75 | SourceName=Sensor | EventType=application | SourceNode=ns=1;s=SensorSource
[Anomaly Input] [2026-08-16 20:48:44.234 (UTC)] info/application	[Motor] Received distance: 27.2597321671246 cm | Severity=75 | SourceName=Motor2 | EventType=application | SourceNode=ns=1;s=MotorSource2
[Anomaly Input] [2026-08-16 20:48:44.235 (UTC)] info/application	[Motor] Received distance: 23.057789512704 cm | Severity=75 | SourceName=Motor3 | EventType=application | SourceNode=ns=1;s=MotorSource3
[Anomaly Input] [2026-08-16 20:48:44.236 (UTC)] info/application	[Motor] Received distance: 30.4278015158734 cm | Severity=75 | SourceName=Motor | EventType=application | SourceNode=ns=1;s=MotorSource
[Anomaly Input] [2026-08-16 20:48:44.234 (UTC)] info/application	[Motor] Distance safe (27.2597321671246); rotating motor to 90 degrees | Severity=75 | SourceName=Motor2 | EventType=application | SourceNode=ns=1;s=MotorSource2
[Anomaly Input] [2026-08-16 20:48:44.235 (UTC)] info/application	[Motor] Distance safe (23.057789512704); rotating motor to 90 degrees | Severity=75 | SourceName=Motor3 | EventType=application | SourceNode=ns=1;s=MotorSource3
[Anomaly Input] [2026-08-16 20:48:44.236 (UTC)] info/application	[Motor] Distance safe (30.4278015158734); rotating motor to 90 degrees | Severity=75 | SourceName=Motor | EventType=application | SourceNode=ns=1;s=MotorSource
[Anomaly Input] [2026-08-16 20:48:44.729 (UTC)] info/application	[Sensor] Updated distance: 23.0253617935932 cm | Severity=75 | SourceName=Sensor3 | EventType=application | SourceNode=ns=1;s=SensorSource3
[Anomaly Input] [2026-08-16 20:48:44.729 (UTC)] info/application	[Sensor] Updated distance: 28.6079592637755 cm | Severity=75 | SourceName=Sensor2 | EventType=application | SourceNode=ns=1;s=SensorSource2
[Anomaly Input] [2026-08-16 20:48:44.730 (UTC)] info/application	[Sensor] Updated distance: 29.3212920545234 cm | Severity=75 | SourceName=Sensor | EventType=application | SourceNode=ns=1;s=SensorSource
[Anomaly Input] [2026-08-16 20:48:45.243 (UTC)] info/application	[Motor] Received distance: 23.0253617935932 cm | Severity=75 | SourceName=Motor3 | EventType=application | SourceNode=ns=1;s=MotorSource3
[Anomaly Input] [2026-08-16 20:48:45.243 (UTC)] info/application	[Motor] Received distance: 28.6079592637755 cm | Severity=75 | SourceName=Motor2 | EventType=application | SourceNode=ns=1;s=MotorSource2
[Anomaly Input] [2026-08-16 20:48:45.244 (UTC)] info/application	[Motor] Received distance: 29.3212920545234 cm | Severity=75 | SourceName=Motor | EventType=application | SourceNode=ns=1;s=MotorSource
[Anomaly Input] [2026-08-16 20:48:45.243 (UTC)] info/application	[Motor] Distance safe (23.0253617935932); rotating motor to 90 degrees | Severity=75 | SourceName=Motor3 | EventType=application | SourceNode=ns=1;s=MotorSource3
[Anomaly Input] [2026-08-16 20:48:45.243 (UTC)] info/application	[Motor] Distance safe (28.6079592637755); rotating motor to 90 degrees | Severity=75 | SourceName=Motor2 | EventType=application | SourceNode=ns=1;s=MotorSource2
[Anomaly Input] [2026-08-16 20:48:45.244 (UTC)] info/application	[Motor] Distance safe (29.3212920545234); rotating motor to 90 degrees | Severity=75 | SourceName=Motor | EventType=application | SourceNode=ns=1;s=MotorSource
[Anomaly Input] [2026-08-16 20:48:45.729 (UTC)] info/application	[Sensor] Updated distance: 23.4085089694282 cm | Severity=75 | SourceName=Sensor3 | EventType=application | SourceNode=ns=1;s=SensorSource3
[Anomaly Input] [2026-08-16 20:48:45.730 (UTC)] info/application	[Sensor] Updated distance: 30.0350457334589 cm | Severity=75 | SourceName=Sensor2 | EventType=application | SourceNode=ns=1;s=SensorSource2
[Anomaly Input] [2026-08-16 20:48:45.731 (UTC)] info/application	[Sensor] Updated distance: 27.9731527038259 cm | Severity=75 | SourceName=Sensor | EventType=application | SourceNode=ns=1;s=SensorSource
[Anomaly Input] [2026-08-16 20:48:46.234 (UTC)] info/application	[Motor] Received distance: 23.4085089694282 cm | Severity=75 | SourceName=Motor3 | EventType=application | SourceNode=ns=1;s=MotorSource3
[Anomaly Input] [2026-08-16 20:48:46.235 (UTC)] info/application	[Motor] Received distance: 30.0350457334589 cm | Severity=75 | SourceName=Motor2 | EventType=application | SourceNode=ns=1;s=MotorSource2
[Anomaly Input] [2026-08-16 20:48:46.236 (UTC)] info/application	[Motor] Received distance: 27.9731527038259 cm | Severity=75 | SourceName=Motor | EventType=application | SourceNode=ns=1;s=MotorSource
[Anomaly Input] [2026-08-16 20:48:46.234 (UTC)] info/application	[Motor] Distance safe (23.4085089694282); rotating motor to 90 degrees | Severity=75 | SourceName=Motor3 | EventType=application | SourceNode=ns=1;s=MotorSource3
[Anomaly Input] [2026-08-16 20:48:46.235 (UTC)] info/application	[Motor] Distance safe (30.0350457334589); rotating motor to 90 degrees | Severity=75 | SourceName=Motor2 | EventType=application | SourceNode=ns=1;s=MotorSource2
[Anomaly Input] [2026-08-16 20:48:46.236 (UTC)] info/application	[Motor] Distance safe (27.9731527038259); rotating motor to 90 degrees | Severity=75 | SourceName=Motor | EventType=application | SourceNode=ns=1;s=MotorSource
[Anomaly Input] [2026-08-16 20:48:46.729 (UTC)] info/application	[Sensor] Updated distance: 23.499849902233 cm | Severity=75 | SourceName=Sensor3 | EventType=application | SourceNode=ns=1;s=SensorSource3
[Anomaly Input] [2026-08-16 20:48:46.729 (UTC)] info/application	[Sensor] Updated distance: 29.7897412561764 cm | Severity=75 | SourceName=Sensor2 | EventType=application | SourceNode=ns=1;s=SensorSource2
[Anomaly Input] [2026-08-16 20:48:46.731 (UTC)] info/application	[Sensor] Updated distance: 28.7459449631842 cm | Severity=75 | SourceName=Sensor | EventType=application | SourceNode=ns=1;s=SensorSource
[Anomaly Input] [2026-08-16 20:48:47.243 (UTC)] info/application	[Motor] Received distance: 23.499849902233 cm | Severity=75 | SourceName=Motor3 | EventType=application | SourceNode=ns=1;s=MotorSource3
[Anomaly Input] [2026-08-16 20:48:47.243 (UTC)] info/application	[Motor] Received distance: 29.7897412561764 cm | Severity=75 | SourceName=Motor2 | EventType=application | SourceNode=ns=1;s=MotorSource2
[Anomaly Input] [2026-08-16 20:48:47.244 (UTC)] info/application	[Motor] Received distance: 28.7459449631842 cm | Severity=75 | SourceName=Motor | EventType=application | SourceNode=ns=1;s=MotorSource
[Anomaly Input] [2026-08-16 20:48:47.243 (UTC)] info/application	[Motor] Distance safe (23.499849902233); rotating motor to 90 degrees | Severity=75 | SourceName=Motor3 | EventType=application | SourceNode=ns=1;s=MotorSource3
[Anomaly Input] [2026-08-16 20:48:47.243 (UTC)] info/application	[Motor] Distance safe (29.7897412561764); rotating motor to 90 degrees | Severity=75 | SourceName=Motor2 | EventType=application | SourceNode=ns=1;s=MotorSource2
[Anomaly Input] [2026-08-16 20:48:47.244 (UTC)] info/application	[Motor] Distance safe (28.7459449631842); rotating motor to 90 degrees | Severity=75 | SourceName=Motor | EventType=application | SourceNode=ns=1;s=MotorSource
[Anomaly Input] [2026-08-16 20:48:47.729 (UTC)] info/application	[Sensor] Updated distance: 28.5329377567549 cm | Severity=75 | SourceName=Sensor2 | EventType=application | SourceNode=ns=1;s=SensorSource2
[Anomaly Input] [2026-08-16 20:48:47.729 (UTC)] info/application	[Sensor] Updated distance: 22.2364006362559 cm | Severity=75 | SourceName=Sensor3 | EventType=application | SourceNode=ns=1;s=SensorSource3
[Anomaly Input] [2026-08-16 20:48:47.731 (UTC)] info/application	[Sensor] Updated distance: 29.9799474312365 cm | Severity=75 | SourceName=Sensor | EventType=application | SourceNode=ns=1;s=SensorSource
[Anomaly Input] [2026-08-16 20:48:48.235 (UTC)] info/application	[Motor] Received distance: 22.2364006362559 cm | Severity=75 | SourceName=Motor3 | EventType=application | SourceNode=ns=1;s=MotorSource3
[Anomaly Input] [2026-08-16 20:48:48.235 (UTC)] info/application	[Motor] Received distance: 28.5329377567549 cm | Severity=75 | SourceName=Motor2 | EventType=application | SourceNode=ns=1;s=MotorSource2
[Anomaly Input] [2026-08-16 20:48:48.236 (UTC)] info/application	[Motor] Received distance: 29.9799474312365 cm | Severity=75 | SourceName=Motor | EventType=application | SourceNode=ns=1;s=MotorSource
[Anomaly Input] [2026-08-16 20:48:48.235 (UTC)] info/application	[Motor] Distance safe (28.5329377567549); rotating motor to 90 degrees | Severity=75 | SourceName=Motor2 | EventType=application | SourceNode=ns=1;s=MotorSource2
[Anomaly Input] [2026-08-16 20:48:48.235 (UTC)] info/application	[Motor] Distance safe (22.2364006362559); rotating motor to 90 degrees | Severity=75 | SourceName=Motor3 | EventType=application | SourceNode=ns=1;s=MotorSource3
[Anomaly Input] [2026-08-16 20:48:48.236 (UTC)] info/application	[Motor] Distance safe (29.9799474312365); rotating motor to 90 degrees | Severity=75 | SourceName=Motor | EventType=application | SourceNode=ns=1;s=MotorSource
[Anomaly Input] [2026-08-16 20:48:48.729 (UTC)] info/application	[Sensor] Updated distance: 20.996230082119 cm | Severity=75 | SourceName=Sensor3 | EventType=application | SourceNode=ns=1;s=SensorSource3
[Anomaly Input] [2026-08-16 20:48:48.730 (UTC)] info/application	[Sensor] Updated distance: 29.2458739137491 cm | Severity=75 | SourceName=Sensor2 | EventType=application | SourceNode=ns=1;s=SensorSource2
[Anomaly Input] [2026-08-16 20:48:48.730 (UTC)] info/application	[Sensor] Updated distance: 30.234636822359 cm | Severity=75 | SourceName=Sensor | EventType=application | SourceNode=ns=1;s=SensorSource
[Anomaly Input] [2026-08-16 20:48:49.243 (UTC)] info/application	[Motor] Received distance: 20.996230082119 cm | Severity=75 | SourceName=Motor3 | EventType=application | SourceNode=ns=1;s=MotorSource3
[Anomaly Input] [2026-08-16 20:48:49.243 (UTC)] info/application	[Motor] Received distance: 29.2458739137491 cm | Severity=75 | SourceName=Motor2 | EventType=application | SourceNode=ns=1;s=MotorSource2
[Anomaly Input] [2026-08-16 20:48:49.244 (UTC)] info/application	[Motor] Received distance: 30.234636822359 cm | Severity=75 | SourceName=Motor | EventType=application | SourceNode=ns=1;s=MotorSource
[Anomaly Input] [2026-08-16 20:48:49.243 (UTC)] info/application	[Motor] Distance safe (20.996230082119); rotating motor to 90 degrees | Severity=75 | SourceName=Motor3 | EventType=application | SourceNode=ns=1;s=MotorSource3
[Anomaly Input] [2026-08-16 20:48:49.243 (UTC)] info/application	[Motor] Distance safe (29.2458739137491); rotating motor to 90 degrees | Severity=75 | SourceName=Motor2 | EventType=application | SourceNode=ns=1;s=MotorSource2
[Anomaly Input] [2026-08-16 20:48:49.244 (UTC)] info/application	[Motor] Distance safe (30.234636822359); rotating motor to 90 degrees | Severity=75 | SourceName=Motor | EventType=application | SourceNode=ns=1;s=MotorSource
[Anomaly Input] [2026-08-16 20:48:49.730 (UTC)] info/application	[Sensor] Updated distance: 21.179414912909 cm | Severity=75 | SourceName=Sensor3 | EventType=application | SourceNode=ns=1;s=SensorSource3
[Anomaly Input] [2026-08-16 20:48:49.730 (UTC)] info/application	[Sensor] Updated distance: 29.715144516069 cm | Severity=75 | SourceName=Sensor2 | EventType=application | SourceNode=ns=1;s=SensorSource2
[Anomaly Input] [2026-08-16 20:48:49.730 (UTC)] info/application	[Sensor] Updated distance: 30.5671390514202 cm | Severity=75 | SourceName=Sensor | EventType=application | SourceNode=ns=1;s=SensorSource
[Anomaly Input] [2026-08-16 20:48:50.235 (UTC)] info/application	[Motor] Received distance: 21.179414912909 cm | Severity=75 | SourceName=Motor3 | EventType=application | SourceNode=ns=1;s=MotorSource3
[Anomaly Input] [2026-08-16 20:48:50.235 (UTC)] info/application	[Motor] Received distance: 29.715144516069 cm | Severity=75 | SourceName=Motor2 | EventType=application | SourceNode=ns=1;s=MotorSource2
[Anomaly Input] [2026-08-16 20:48:50.236 (UTC)] info/application	[Motor] Received distance: 30.5671390514202 cm | Severity=75 | SourceName=Motor | EventType=application | SourceNode=ns=1;s=MotorSource
[Anomaly Input] [2026-08-16 20:48:50.235 (UTC)] info/application	[Motor] Distance safe (21.179414912909); rotating motor to 90 degrees | Severity=75 | SourceName=Motor3 | EventType=application | SourceNode=ns=1;s=MotorSource3
[Anomaly Input] [2026-08-16 20:48:50.235 (UTC)] info/application	[Motor] Distance safe (29.715144516069); rotating motor to 90 degrees | Severity=75 | SourceName=Motor2 | EventType=application | SourceNode=ns=1;s=MotorSource2
[Anomaly Input] [2026-08-16 20:48:50.236 (UTC)] info/application	[Motor] Distance safe (30.5671390514202); rotating motor to 90 degrees | Severity=75 | SourceName=Motor | EventType=application | SourceNode=ns=1;s=MotorSource
[Anomaly Input] [2026-08-16 20:48:50.730 (UTC)] info/application	[Sensor] Updated distance: 21.5432018984776 cm | Severity=75 | SourceName=Sensor3 | EventType=application | SourceNode=ns=1;s=SensorSource3
[Anomaly Input] [2026-08-16 20:48:50.730 (UTC)] info/application	[Sensor] Updated distance: 28.6708167370739 cm | Severity=75 | SourceName=Sensor2 | EventType=application | SourceNode=ns=1;s=SensorSource2
[Anomaly Input] [2026-08-16 20:48:50.731 (UTC)] info/application	[Sensor] Updated distance: 30.4811428238084 cm | Severity=75 | SourceName=Sensor | EventType=application | SourceNode=ns=1;s=SensorSource
[Anomaly Input] [2026-08-16 20:48:51.243 (UTC)] info/application	[Motor] Received distance: 21.5432018984776 cm | Severity=75 | SourceName=Motor3 | EventType=application | SourceNode=ns=1;s=MotorSource3
[Anomaly Input] [2026-08-16 20:48:51.244 (UTC)] info/application	[Motor] Received distance: 28.6708167370739 cm | Severity=75 | SourceName=Motor2 | EventType=application | SourceNode=ns=1;s=MotorSource2
[Anomaly Input] [2026-08-16 20:48:51.244 (UTC)] info/application	[Motor] Received distance: 30.4811428238084 cm | Severity=75 | SourceName=Motor | EventType=application | SourceNode=ns=1;s=MotorSource
[Anomaly Input] [2026-08-16 20:48:51.243 (UTC)] info/application	[Motor] Distance safe (21.5432018984776); rotating motor to 90 degrees | Severity=75 | SourceName=Motor3 | EventType=application | SourceNode=ns=1;s=MotorSource3
[Anomaly Input] [2026-08-16 20:48:51.244 (UTC)] info/application	[Motor] Distance safe (28.6708167370739); rotating motor to 90 degrees | Severity=75 | SourceName=Motor2 | EventType=application | SourceNode=ns=1;s=MotorSource2
[Anomaly Input] [2026-08-16 20:48:51.244 (UTC)] info/application	[Motor] Distance safe (30.4811428238084); rotating motor to 90 degrees | Severity=75 | SourceName=Motor | EventType=application | SourceNode=ns=1;s=MotorSource
[Anomaly Input] [2026-08-16 20:48:51.730 (UTC)] info/application	[Sensor] Updated distance: 20.7516720943393 cm | Severity=75 | SourceName=Sensor3 | EventType=application | SourceNode=ns=1;s=SensorSource3
[Anomaly Input] [2026-08-16 20:48:51.730 (UTC)] info/application	[Sensor] Updated distance: 28.8702859768506 cm | Severity=75 | SourceName=Sensor2 | EventType=application | SourceNode=ns=1;s=SensorSource2
[Anomaly Input] [2026-08-16 20:48:51.731 (UTC)] info/application	[Sensor] Updated distance: 31.8820794836534 cm | Severity=75 | SourceName=Sensor | EventType=application | SourceNode=ns=1;s=SensorSource
[Anomaly Input] [2026-08-16 20:48:52.235 (UTC)] info/application	[Motor] Received distance: 20.7516720943393 cm | Severity=75 | SourceName=Motor3 | EventType=application | SourceNode=ns=1;s=MotorSource3
[Anomaly Input] [2026-08-16 20:48:52.236 (UTC)] info/application	[Motor] Received distance: 31.8820794836534 cm | Severity=75 | SourceName=Motor | EventType=application | SourceNode=ns=1;s=MotorSource
[Anomaly Input] [2026-08-16 20:48:52.236 (UTC)] info/application	[Motor] Received distance: 28.8702859768506 cm | Severity=75 | SourceName=Motor2 | EventType=application | SourceNode=ns=1;s=MotorSource2
[Anomaly Input] [2026-08-16 20:48:52.235 (UTC)] info/application	[Motor] Distance safe (20.7516720943393); rotating motor to 90 degrees | Severity=75 | SourceName=Motor3 | EventType=application | SourceNode=ns=1;s=MotorSource3
[Anomaly Input] [2026-08-16 20:48:52.236 (UTC)] info/application	[Motor] Distance safe (31.8820794836534); rotating motor to 90 degrees | Severity=75 | SourceName=Motor | EventType=application | SourceNode=ns=1;s=MotorSource
[Anomaly Input] [2026-08-16 20:48:52.236 (UTC)] info/application	[Motor] Distance safe (28.8702859768506); rotating motor to 90 degrees | Severity=75 | SourceName=Motor2 | EventType=application | SourceNode=ns=1;s=MotorSource2
[Anomaly Input] [2026-08-16 20:48:52.730 (UTC)] info/application	[Sensor] Updated distance: 20.7885964460618 cm | Severity=75 | SourceName=Sensor3 | EventType=application | SourceNode=ns=1;s=SensorSource3
[Anomaly Input] [2026-08-16 20:48:52.730 (UTC)] info/application	[Sensor] Updated distance: 29.6054635642122 cm | Severity=75 | SourceName=Sensor2 | EventType=application | SourceNode=ns=1;s=SensorSource2
[Anomaly Input] [2026-08-16 20:48:52.731 (UTC)] info/application	[Sensor] Updated distance: 31.5869789661779 cm | Severity=75 | SourceName=Sensor | EventType=application | SourceNode=ns=1;s=SensorSource
[Anomaly Input] [2026-08-16 20:48:53.244 (UTC)] info/application	[Motor] Received distance: 20.7885964460618 cm | Severity=75 | SourceName=Motor3 | EventType=application | SourceNode=ns=1;s=MotorSource3
[Anomaly Input] [2026-08-16 20:48:53.244 (UTC)] info/application	[Motor] Received distance: 31.5869789661779 cm | Severity=75 | SourceName=Motor | EventType=application | SourceNode=ns=1;s=MotorSource
[Anomaly Input] [2026-08-16 20:48:53.244 (UTC)] info/application	[Motor] Received distance: 29.6054635642122 cm | Severity=75 | SourceName=Motor2 | EventType=application | SourceNode=ns=1;s=MotorSource2
[Anomaly Input] [2026-08-16 20:48:53.244 (UTC)] info/application	[Motor] Distance safe (20.7885964460618); rotating motor to 90 degrees | Severity=75 | SourceName=Motor3 | EventType=application | SourceNode=ns=1;s=MotorSource3
[Anomaly Input] [2026-08-16 20:48:53.244 (UTC)] info/application	[Motor] Distance safe (31.5869789661779); rotating motor to 90 degrees | Severity=75 | SourceName=Motor | EventType=application | SourceNode=ns=1;s=MotorSource
[Anomaly Input] [2026-08-16 20:48:53.244 (UTC)] info/application	[Motor] Distance safe (29.6054635642122); rotating motor to 90 degrees | Severity=75 | SourceName=Motor2 | EventType=application | SourceNode=ns=1;s=MotorSource2
[Anomaly Input] [2026-08-16 20:48:53.731 (UTC)] info/application	[Sensor] Updated distance: 30.0630291949786 cm | Severity=75 | SourceName=Sensor2 | EventType=application | SourceNode=ns=1;s=SensorSource2
[Anomaly Input] [2026-08-16 20:48:53.731 (UTC)] info/application	[Sensor] Updated distance: 30.5016181501567 cm | Severity=75 | SourceName=Sensor | EventType=application | SourceNode=ns=1;s=SensorSource
[Anomaly Input] [2026-08-16 20:48:53.731 (UTC)] info/application	[Sensor] Updated distance: 22.1838453336078 cm | Severity=75 | SourceName=Sensor3 | EventType=application | SourceNode=ns=1;s=SensorSource3
[Anomaly Input] [2026-08-16 20:48:54.236 (UTC)] info/application	[Motor] Received distance: 30.0630291949786 cm | Severity=75 | SourceName=Motor2 | EventType=application | SourceNode=ns=1;s=MotorSource2
[Anomaly Input] [2026-08-16 20:48:54.236 (UTC)] info/application	[Motor] Received distance: 22.1838453336078 cm | Severity=75 | SourceName=Motor3 | EventType=application | SourceNode=ns=1;s=MotorSource3
[Anomaly Input] [2026-08-16 20:48:54.236 (UTC)] info/application	[Motor] Received distance: 30.5016181501567 cm | Severity=75 | SourceName=Motor | EventType=application | SourceNode=ns=1;s=MotorSource
[Anomaly Input] [2026-08-16 20:48:54.236 (UTC)] info/application	[Motor] Distance safe (30.0630291949786); rotating motor to 90 degrees | Severity=75 | SourceName=Motor2 | EventType=application | SourceNode=ns=1;s=MotorSource2
[Anomaly Input] [2026-08-16 20:48:54.236 (UTC)] info/application	[Motor] Distance safe (22.1838453336078); rotating motor to 90 degrees | Severity=75 | SourceName=Motor3 | EventType=application | SourceNode=ns=1;s=MotorSource3
[Anomaly Input] [2026-08-16 20:48:54.237 (UTC)] info/application	[Motor] Distance safe (30.5016181501567); rotating motor to 90 degrees | Severity=75 | SourceName=Motor | EventType=application | SourceNode=ns=1;s=MotorSource
[Anomaly Input] [2026-08-16 20:48:54.731 (UTC)] info/application	[Sensor] Updated distance: 29.8134983637433 cm | Severity=75 | SourceName=Sensor2 | EventType=application | SourceNode=ns=1;s=SensorSource2
[Anomaly Input] [2026-08-16 20:48:54.731 (UTC)] info/application	[Sensor] Updated distance: 20.7763594765106 cm | Severity=75 | SourceName=Sensor3 | EventType=application | SourceNode=ns=1;s=SensorSource3
[Anomaly Input] [2026-08-16 20:48:54.731 (UTC)] info/application	[Sensor] Updated distance: 29.1165001323058 cm | Severity=75 | SourceName=Sensor | EventType=application | SourceNode=ns=1;s=SensorSource
[Anomaly Input] [2026-08-16 20:48:55.245 (UTC)] info/application	[Motor] Received distance: 29.8134983637433 cm | Severity=75 | SourceName=Motor2 | EventType=application | SourceNode=ns=1;s=MotorSource2
[Anomaly Input] [2026-08-16 20:48:55.245 (UTC)] info/application	[Motor] Received distance: 20.7763594765106 cm | Severity=75 | SourceName=Motor3 | EventType=application | SourceNode=ns=1;s=MotorSource3
[Anomaly Input] [2026-08-16 20:48:55.245 (UTC)] info/application	[Motor] Received distance: 29.1165001323058 cm | Severity=75 | SourceName=Motor | EventType=application | SourceNode=ns=1;s=MotorSource
[Anomaly Input] [2026-08-16 20:48:55.245 (UTC)] info/application	[Motor] Distance safe (29.8134983637433); rotating motor to 90 degrees | Severity=75 | SourceName=Motor2 | EventType=application | SourceNode=ns=1;s=MotorSource2
[Anomaly Input] [2026-08-16 20:48:55.245 (UTC)] info/application	[Motor] Distance safe (20.7763594765106); rotating motor to 90 degrees | Severity=75 | SourceName=Motor3 | EventType=application | SourceNode=ns=1;s=MotorSource3
[Anomaly Input] [2026-08-16 20:48:55.245 (UTC)] info/application	[Motor] Distance safe (29.1165001323058); rotating motor to 90 degrees | Severity=75 | SourceName=Motor | EventType=application | SourceNode=ns=1;s=MotorSource
[Anomaly Input] [2026-08-16 20:48:55.731 (UTC)] info/application	[Sensor] Updated distance: 29.9210048697055 cm | Severity=75 | SourceName=Sensor2 | EventType=application | SourceNode=ns=1;s=SensorSource2
[Anomaly Input] [2026-08-16 20:48:55.731 (UTC)] info/application	[Sensor] Updated distance: 21.5064181266382 cm | Severity=75 | SourceName=Sensor3 | EventType=application | SourceNode=ns=1;s=SensorSource3
[Anomaly Input] [2026-08-16 20:48:55.731 (UTC)] info/application	[Sensor] Updated distance: 30.4797222902904 cm | Severity=75 | SourceName=Sensor | EventType=application | SourceNode=ns=1;s=SensorSource
[Anomaly Input] [2026-08-16 20:48:56.236 (UTC)] info/application	[Motor] Received distance: 29.9210048697055 cm | Severity=75 | SourceName=Motor2 | EventType=application | SourceNode=ns=1;s=MotorSource2
[Anomaly Input] [2026-08-16 20:48:56.236 (UTC)] info/application	[Motor] Received distance: 21.5064181266382 cm | Severity=75 | SourceName=Motor3 | EventType=application | SourceNode=ns=1;s=MotorSource3
[Anomaly Input] [2026-08-16 20:48:56.237 (UTC)] info/application	[Motor] Received distance: 30.4797222902904 cm | Severity=75 | SourceName=Motor | EventType=application | SourceNode=ns=1;s=MotorSource
[Anomaly Input] [2026-08-16 20:48:56.236 (UTC)] info/application	[Motor] Distance safe (29.9210048697055); rotating motor to 90 degrees | Severity=75 | SourceName=Motor2 | EventType=application | SourceNode=ns=1;s=MotorSource2
[Anomaly Input] [2026-08-16 20:48:56.236 (UTC)] info/application	[Motor] Distance safe (21.5064181266382); rotating motor to 90 degrees | Severity=75 | SourceName=Motor3 | EventType=application | SourceNode=ns=1;s=MotorSource3
[Anomaly Input] [2026-08-16 20:48:56.237 (UTC)] info/application	[Motor] Distance safe (30.4797222902904); rotating motor to 90 degrees | Severity=75 | SourceName=Motor | EventType=application | SourceNode=ns=1;s=MotorSource
[Anomaly Input] [2026-08-16 20:48:56.731 (UTC)] info/application	[Sensor] Updated distance: 20.1032519420158 cm | Severity=75 | SourceName=Sensor3 | EventType=application | SourceNode=ns=1;s=SensorSource3
[Anomaly Input] [2026-08-16 20:48:56.731 (UTC)] info/application	[Sensor] Updated distance: 30.5320115841609 cm | Severity=75 | SourceName=Sensor2 | EventType=application | SourceNode=ns=1;s=SensorSource2
[Anomaly Input] [2026-08-16 20:48:56.731 (UTC)] info/application	[Sensor] Updated distance: 31.8260490977327 cm | Severity=75 | SourceName=Sensor | EventType=application | SourceNode=ns=1;s=SensorSource
[Anomaly Input] [2026-08-16 20:48:57.245 (UTC)] info/application	[Motor] Received distance: 20.1032519420158 cm | Severity=75 | SourceName=Motor3 | EventType=application | SourceNode=ns=1;s=MotorSource3
[Anomaly Input] [2026-08-16 20:48:57.245 (UTC)] info/application	[Motor] Received distance: 30.5320115841609 cm | Severity=75 | SourceName=Motor2 | EventType=application | SourceNode=ns=1;s=MotorSource2
[Anomaly Input] [2026-08-16 20:48:57.245 (UTC)] info/application	[Motor] Received distance: 31.8260490977327 cm | Severity=75 | SourceName=Motor | EventType=application | SourceNode=ns=1;s=MotorSource
[Anomaly Input] [2026-08-16 20:48:57.245 (UTC)] info/application	[Motor] Distance safe (20.1032519420158); rotating motor to 90 degrees | Severity=75 | SourceName=Motor3 | EventType=application | SourceNode=ns=1;s=MotorSource3
[Anomaly Input] [2026-08-16 20:48:57.245 (UTC)] info/application	[Motor] Distance safe (30.5320115841609); rotating motor to 90 degrees | Severity=75 | SourceName=Motor2 | EventType=application | SourceNode=ns=1;s=MotorSource2
[Anomaly Input] [2026-08-16 20:48:57.245 (UTC)] info/application	[Motor] Distance safe (31.8260490977327); rotating motor to 90 degrees | Severity=75 | SourceName=Motor | EventType=application | SourceNode=ns=1;s=MotorSource
[Anomaly Input] [2026-08-16 20:48:57.731 (UTC)] info/application	[Sensor] Updated distance: 20.8474532153212 cm | Severity=75 | SourceName=Sensor3 | EventType=application | SourceNode=ns=1;s=SensorSource3
[Anomaly Input] [2026-08-16 20:48:57.731 (UTC)] info/application	[Sensor] Updated distance: 29.6646185811444 cm | Severity=75 | SourceName=Sensor2 | EventType=application | SourceNode=ns=1;s=SensorSource2
[Anomaly Input] [2026-08-16 20:48:57.731 (UTC)] info/application	[Sensor] Updated distance: 32.8491517451355 cm | Severity=75 | SourceName=Sensor | EventType=application | SourceNode=ns=1;s=SensorSource
[Anomaly Input] [2026-08-16 20:48:58.237 (UTC)] info/application	[Motor] Received distance: 20.8474532153212 cm | Severity=75 | SourceName=Motor3 | EventType=application | SourceNode=ns=1;s=MotorSource3
[Anomaly Input] [2026-08-16 20:48:58.237 (UTC)] info/application	[Motor] Received distance: 32.8491517451355 cm | Severity=75 | SourceName=Motor | EventType=application | SourceNode=ns=1;s=MotorSource
[Anomaly Input] [2026-08-16 20:48:58.237 (UTC)] info/application	[Motor] Received distance: 29.6646185811444 cm | Severity=75 | SourceName=Motor2 | EventType=application | SourceNode=ns=1;s=MotorSource2
[Anomaly Input] [2026-08-16 20:48:58.237 (UTC)] info/application	[Motor] Distance safe (20.8474532153212); rotating motor to 90 degrees | Severity=75 | SourceName=Motor3 | EventType=application | SourceNode=ns=1;s=MotorSource3
[Anomaly Input] [2026-08-16 20:48:58.237 (UTC)] info/application	[Motor] Distance safe (32.8491517451355); rotating motor to 90 degrees | Severity=75 | SourceName=Motor | EventType=application | SourceNode=ns=1;s=MotorSource
[Anomaly Input] [2026-08-16 20:48:58.237 (UTC)] info/application	[Motor] Distance safe (29.6646185811444); rotating motor to 90 degrees | Severity=75 | SourceName=Motor2 | EventType=application | SourceNode=ns=1;s=MotorSource2
[Anomaly Input] [2026-08-16 20:48:58.731 (UTC)] info/application	[Sensor] Updated distance: 28.9547818144573 cm | Severity=75 | SourceName=Sensor2 | EventType=application | SourceNode=ns=1;s=SensorSource2
[Anomaly Input] [2026-08-16 20:48:58.731 (UTC)] info/application	[Sensor] Updated distance: 19.7754863159617 cm | Severity=75 | SourceName=Sensor3 | EventType=application | SourceNode=ns=1;s=SensorSource3
[Anomaly Input] [2026-08-16 20:48:58.732 (UTC)] info/application	[Sensor] Updated distance: 31.9778351019965 cm | Severity=75 | SourceName=Sensor | EventType=application | SourceNode=ns=1;s=SensorSource
[Anomaly Input] [2026-08-16 20:48:59.246 (UTC)] info/application	[Motor] Received distance: 28.9547818144573 cm | Severity=75 | SourceName=Motor2 | EventType=application | SourceNode=ns=1;s=MotorSource2
[Anomaly Input] [2026-08-16 20:48:59.246 (UTC)] info/application	[Motor] Received distance: 31.9778351019965 cm | Severity=75 | SourceName=Motor | EventType=application | SourceNode=ns=1;s=MotorSource
[Anomaly Input] [2026-08-16 20:48:59.246 (UTC)] info/application	[Motor] Received distance: 19.7754863159617 cm | Severity=75 | SourceName=Motor3 | EventType=application | SourceNode=ns=1;s=MotorSource3
[Anomaly Input] [2026-08-16 20:48:59.246 (UTC)] info/application	[Motor] Distance safe (28.9547818144573); rotating motor to 90 degrees | Severity=75 | SourceName=Motor2 | EventType=application | SourceNode=ns=1;s=MotorSource2
[Anomaly Input] [2026-08-16 20:48:59.246 (UTC)] info/application	[Motor] Distance safe (31.9778351019965); rotating motor to 90 degrees | Severity=75 | SourceName=Motor | EventType=application | SourceNode=ns=1;s=MotorSource
[Anomaly Input] [2026-08-16 20:48:59.246 (UTC)] warn/application	[Motor] Distance too close (19.7754863159617); rotating motor to 0 degrees | Severity=175 | SourceName=Motor3 | EventType=application | SourceNode=ns=1;s=MotorSource3
[Anomaly Input] [2026-08-16 20:48:59.732 (UTC)] info/application	[Sensor] Updated distance: 30.5135698234726 cm | Severity=75 | SourceName=Sensor | EventType=application | SourceNode=ns=1;s=SensorSource
[Anomaly Input] [2026-08-16 20:48:59.732 (UTC)] info/application	[Sensor] Updated distance: 29.6979731215155 cm | Severity=75 | SourceName=Sensor2 | EventType=application | SourceNode=ns=1;s=SensorSource2
[Anomaly Input] [2026-08-16 20:48:59.732 (UTC)] info/application	[Sensor] Updated distance: 18.7509677304192 cm | Severity=75 | SourceName=Sensor3 | EventType=application | SourceNode=ns=1;s=SensorSource3
[Anomaly Input] [2026-08-16 20:49:00.237 (UTC)] info/application	[Motor] Received distance: 18.7509677304192 cm | Severity=75 | SourceName=Motor3 | EventType=application | SourceNode=ns=1;s=MotorSource3
[Anomaly Input] [2026-08-16 20:49:00.237 (UTC)] info/application	[Motor] Received distance: 29.6979731215155 cm | Severity=75 | SourceName=Motor2 | EventType=application | SourceNode=ns=1;s=MotorSource2
[Anomaly Input] [2026-08-16 20:49:00.237 (UTC)] info/application	[Motor] Received distance: 30.5135698234726 cm | Severity=75 | SourceName=Motor | EventType=application | SourceNode=ns=1;s=MotorSource
[Anomaly Input] [2026-08-16 20:49:00.237 (UTC)] warn/application	[Motor] Distance too close (18.7509677304192); rotating motor to 0 degrees | Severity=175 | SourceName=Motor3 | EventType=application | SourceNode=ns=1;s=MotorSource3
[Anomaly Input] [2026-08-16 20:49:00.237 (UTC)] info/application	[Motor] Distance safe (29.6979731215155); rotating motor to 90 degrees | Severity=75 | SourceName=Motor2 | EventType=application | SourceNode=ns=1;s=MotorSource2
[Anomaly Input] [2026-08-16 20:49:00.237 (UTC)] info/application	[Motor] Distance safe (30.5135698234726); rotating motor to 90 degrees | Severity=75 | SourceName=Motor | EventType=application | SourceNode=ns=1;s=MotorSource
[Anomaly Input] [2026-08-16 20:49:00.731 (UTC)] info/application	[Sensor] Updated distance: 17.5176281521644 cm | Severity=75 | SourceName=Sensor3 | EventType=application | SourceNode=ns=1;s=SensorSource3
[Anomaly Input] [2026-08-16 20:49:00.732 (UTC)] info/application	[Sensor] Updated distance: 29.8341124308454 cm | Severity=75 | SourceName=Sensor | EventType=application | SourceNode=ns=1;s=SensorSource
[Anomaly Input] [2026-08-16 20:49:00.732 (UTC)] info/application	[Sensor] Updated distance: 29.4966340342055 cm | Severity=75 | SourceName=Sensor2 | EventType=application | SourceNode=ns=1;s=SensorSource2
[Anomaly Input] [2026-08-16 20:49:01.228 (UTC)] info/application	[Motor] Received distance: 29.8341124308454 cm | Severity=75 | SourceName=Motor | EventType=application | SourceNode=ns=1;s=MotorSource
[Anomaly Input] [2026-08-16 20:49:01.246 (UTC)] info/application	[Motor] Received distance: 17.5176281521644 cm | Severity=75 | SourceName=Motor3 | EventType=application | SourceNode=ns=1;s=MotorSource3
[Anomaly Input] [2026-08-16 20:49:01.246 (UTC)] info/application	[Motor] Received distance: 29.4966340342055 cm | Severity=75 | SourceName=Motor2 | EventType=application | SourceNode=ns=1;s=MotorSource2
[Anomaly Input] [2026-08-16 20:49:01.228 (UTC)] info/application	[Motor] Distance safe (29.8341124308454); rotating motor to 90 degrees | Severity=75 | SourceName=Motor | EventType=application | SourceNode=ns=1;s=MotorSource
[Anomaly Input] [2026-08-16 20:49:01.246 (UTC)] warn/application	[Motor] Distance too close (17.5176281521644); rotating motor to 0 degrees | Severity=175 | SourceName=Motor3 | EventType=application | SourceNode=ns=1;s=MotorSource3
[Anomaly Input] [2026-08-16 20:49:01.246 (UTC)] info/application	[Motor] Distance safe (29.4966340342055); rotating motor to 90 degrees | Severity=75 | SourceName=Motor2 | EventType=application | SourceNode=ns=1;s=MotorSource2
[Anomaly Input] [2026-08-16 20:49:01.732 (UTC)] info/application	[Sensor] Updated distance: 16.8442117857487 cm | Severity=75 | SourceName=Sensor3 | EventType=application | SourceNode=ns=1;s=SensorSource3
[Anomaly Input] [2026-08-16 20:49:01.733 (UTC)] info/application	[Sensor] Updated distance: 29.0292892328134 cm | Severity=75 | SourceName=Sensor2 | EventType=application | SourceNode=ns=1;s=SensorSource2
[Anomaly Input] [2026-08-16 20:49:01.733 (UTC)] info/application	[Sensor] Updated distance: 30.5499989912147 cm | Severity=75 | SourceName=Sensor | EventType=application | SourceNode=ns=1;s=SensorSource
[Anomaly Input] [2026-08-16 20:49:02.230 (UTC)] info/application	[Motor] Received distance: 30.5499989912147 cm | Severity=75 | SourceName=Motor | EventType=application | SourceNode=ns=1;s=MotorSource
[Anomaly Input] [2026-08-16 20:49:02.230 (UTC)] info/application	[Motor] Received distance: 29.0292892328134 cm | Severity=75 | SourceName=Motor2 | EventType=application | SourceNode=ns=1;s=MotorSource2
[Anomaly Input] [2026-08-16 20:49:02.237 (UTC)] info/application	[Motor] Received distance: 16.8442117857487 cm | Severity=75 | SourceName=Motor3 | EventType=application | SourceNode=ns=1;s=MotorSource3
[Anomaly Input] [2026-08-16 20:49:02.230 (UTC)] info/application	[Motor] Distance safe (30.5499989912147); rotating motor to 90 degrees | Severity=75 | SourceName=Motor | EventType=application | SourceNode=ns=1;s=MotorSource
[Anomaly Input] [2026-08-16 20:49:02.230 (UTC)] info/application	[Motor] Distance safe (29.0292892328134); rotating motor to 90 degrees | Severity=75 | SourceName=Motor2 | EventType=application | SourceNode=ns=1;s=MotorSource2
[Anomaly Input] [2026-08-16 20:49:02.237 (UTC)] warn/application	[Motor] Distance too close (16.8442117857487); rotating motor to 0 degrees | Severity=175 | SourceName=Motor3 | EventType=application | SourceNode=ns=1;s=MotorSource3
[Anomaly Input] [2026-08-16 20:49:02.732 (UTC)] info/application	[Sensor] Updated distance: 17.0082420581059 cm | Severity=75 | SourceName=Sensor3 | EventType=application | SourceNode=ns=1;s=SensorSource3
[Anomaly Input] [2026-08-16 20:49:02.733 (UTC)] info/application	[Sensor] Updated distance: 29.7172042660961 cm | Severity=75 | SourceName=Sensor2 | EventType=application | SourceNode=ns=1;s=SensorSource2
[Anomaly Input] [2026-08-16 20:49:02.733 (UTC)] info/application	[Sensor] Updated distance: 31.4161541296244 cm | Severity=75 | SourceName=Sensor | EventType=application | SourceNode=ns=1;s=SensorSource
[Anomaly Input] [2026-08-16 20:49:03.231 (UTC)] info/application	[Motor] Received distance: 31.4161541296244 cm | Severity=75 | SourceName=Motor | EventType=application | SourceNode=ns=1;s=MotorSource
[Anomaly Input] [2026-08-16 20:49:03.231 (UTC)] info/application	[Motor] Received distance: 29.7172042660961 cm | Severity=75 | SourceName=Motor2 | EventType=application | SourceNode=ns=1;s=MotorSource2
[Anomaly Input] [2026-08-16 20:49:03.246 (UTC)] info/application	[Motor] Received distance: 17.0082420581059 cm | Severity=75 | SourceName=Motor3 | EventType=application | SourceNode=ns=1;s=MotorSource3
[Anomaly Input] [2026-08-16 20:49:03.231 (UTC)] info/application	[Motor] Distance safe (29.7172042660961); rotating motor to 90 degrees | Severity=75 | SourceName=Motor2 | EventType=application | SourceNode=ns=1;s=MotorSource2
[Anomaly Input] [2026-08-16 20:49:03.231 (UTC)] info/application	[Motor] Distance safe (31.4161541296244); rotating motor to 90 degrees | Severity=75 | SourceName=Motor | EventType=application | SourceNode=ns=1;s=MotorSource
[Anomaly Input] [2026-08-16 20:49:03.246 (UTC)] warn/application	[Motor] Distance too close (17.0082420581059); rotating motor to 0 degrees | Severity=175 | SourceName=Motor3 | EventType=application | SourceNode=ns=1;s=MotorSource3
[Anomaly Input] [2026-08-16 20:49:03.732 (UTC)] info/application	[Sensor] Updated distance: 18.3427933407215 cm | Severity=75 | SourceName=Sensor3 | EventType=application | SourceNode=ns=1;s=SensorSource3
[Anomaly Input] [2026-08-16 20:49:03.733 (UTC)] info/application	[Sensor] Updated distance: 31.1389125644411 cm | Severity=75 | SourceName=Sensor2 | EventType=application | SourceNode=ns=1;s=SensorSource2
[Anomaly Input] [2026-08-16 20:49:03.733 (UTC)] info/application	[Sensor] Updated distance: 30.423003003431 cm | Severity=75 | SourceName=Sensor | EventType=application | SourceNode=ns=1;s=SensorSource
[Anomaly Input] [2026-08-16 20:49:04.228 (UTC)] info/application	[Motor] Received distance: 30.423003003431 cm | Severity=75 | SourceName=Motor | EventType=application | SourceNode=ns=1;s=MotorSource
[Anomaly Input] [2026-08-16 20:49:04.232 (UTC)] info/application	[Motor] Received distance: 31.1389125644411 cm | Severity=75 | SourceName=Motor2 | EventType=application | SourceNode=ns=1;s=MotorSource2
[Anomaly Input] [2026-08-16 20:49:04.238 (UTC)] info/application	[Motor] Received distance: 18.3427933407215 cm | Severity=75 | SourceName=Motor3 | EventType=application | SourceNode=ns=1;s=MotorSource3
[Anomaly Input] [2026-08-16 20:49:04.228 (UTC)] info/application	[Motor] Distance safe (30.423003003431); rotating motor to 90 degrees | Severity=75 | SourceName=Motor | EventType=application | SourceNode=ns=1;s=MotorSource
[Anomaly Input] [2026-08-16 20:49:04.232 (UTC)] info/application	[Motor] Distance safe (31.1389125644411); rotating motor to 90 degrees | Severity=75 | SourceName=Motor2 | EventType=application | SourceNode=ns=1;s=MotorSource2
[Anomaly Input] [2026-08-16 20:49:04.238 (UTC)] warn/application	[Motor] Distance too close (18.3427933407215); rotating motor to 0 degrees | Severity=175 | SourceName=Motor3 | EventType=application | SourceNode=ns=1;s=MotorSource3
[Anomaly Input] [2026-08-16 20:49:04.732 (UTC)] info/application	[Sensor] Updated distance: 19.1812469666736 cm | Severity=75 | SourceName=Sensor3 | EventType=application | SourceNode=ns=1;s=SensorSource3
[Anomaly Input] [2026-08-16 20:49:04.733 (UTC)] info/application	[Sensor] Updated distance: 31.1951547065727 cm | Severity=75 | SourceName=Sensor | EventType=application | SourceNode=ns=1;s=SensorSource
[Anomaly Input] [2026-08-16 20:49:04.733 (UTC)] info/application	[Sensor] Updated distance: 30.3413575800794 cm | Severity=75 | SourceName=Sensor2 | EventType=application | SourceNode=ns=1;s=SensorSource2
[Anomaly Input] [2026-08-16 20:49:05.229 (UTC)] info/application	[Motor] Received distance: 31.1951547065727 cm | Severity=75 | SourceName=Motor | EventType=application | SourceNode=ns=1;s=MotorSource
[Anomaly Input] [2026-08-16 20:49:05.232 (UTC)] info/application	[Motor] Received distance: 30.3413575800794 cm | Severity=75 | SourceName=Motor2 | EventType=application | SourceNode=ns=1;s=MotorSource2
[Anomaly Input] [2026-08-16 20:49:05.246 (UTC)] info/application	[Motor] Received distance: 19.1812469666736 cm | Severity=75 | SourceName=Motor3 | EventType=application | SourceNode=ns=1;s=MotorSource3
[Anomaly Input] [2026-08-16 20:49:05.229 (UTC)] info/application	[Motor] Distance safe (31.1951547065727); rotating motor to 90 degrees | Severity=75 | SourceName=Motor | EventType=application | SourceNode=ns=1;s=MotorSource
[Anomaly Input] [2026-08-16 20:49:05.232 (UTC)] info/application	[Motor] Distance safe (30.3413575800794); rotating motor to 90 degrees | Severity=75 | SourceName=Motor2 | EventType=application | SourceNode=ns=1;s=MotorSource2
[Anomaly Input] [2026-08-16 20:49:05.246 (UTC)] warn/application	[Motor] Distance too close (19.1812469666736); rotating motor to 0 degrees | Severity=175 | SourceName=Motor3 | EventType=application | SourceNode=ns=1;s=MotorSource3
[Anomaly Input] [2026-08-16 20:49:05.733 (UTC)] info/application	[Sensor] Updated distance: 32.1306739424498 cm | Severity=75 | SourceName=Sensor | EventType=application | SourceNode=ns=1;s=SensorSource
[Anomaly Input] [2026-08-16 20:49:05.733 (UTC)] info/application	[Sensor] Updated distance: 18.1083011644 cm | Severity=75 | SourceName=Sensor3 | EventType=application | SourceNode=ns=1;s=SensorSource3
[Anomaly Input] [2026-08-16 20:49:05.733 (UTC)] info/application	[Sensor] Updated distance: 30.7727728030983 cm | Severity=75 | SourceName=Sensor2 | EventType=application | SourceNode=ns=1;s=SensorSource2
[Anomaly Input] [2026-08-16 20:49:06.228 (UTC)] info/application	[Motor] Received distance: 30.7727728030983 cm | Severity=75 | SourceName=Motor2 | EventType=application | SourceNode=ns=1;s=MotorSource2
[Anomaly Input] [2026-08-16 20:49:06.230 (UTC)] info/application	[Motor] Received distance: 32.1306739424498 cm | Severity=75 | SourceName=Motor | EventType=application | SourceNode=ns=1;s=MotorSource
[Anomaly Input] [2026-08-16 20:49:06.230 (UTC)] info/application	[Motor] Received distance: 18.1083011644 cm | Severity=75 | SourceName=Motor3 | EventType=application | SourceNode=ns=1;s=MotorSource3
[Anomaly Input] [2026-08-16 20:49:06.228 (UTC)] info/application	[Motor] Distance safe (30.7727728030983); rotating motor to 90 degrees | Severity=75 | SourceName=Motor2 | EventType=application | SourceNode=ns=1;s=MotorSource2
[Anomaly Input] [2026-08-16 20:49:06.230 (UTC)] info/application	[Motor] Distance safe (32.1306739424498); rotating motor to 90 degrees | Severity=75 | SourceName=Motor | EventType=application | SourceNode=ns=1;s=MotorSource
[Anomaly Input] [2026-08-16 20:49:06.230 (UTC)] warn/application	[Motor] Distance too close (18.1083011644); rotating motor to 0 degrees | Severity=175 | SourceName=Motor3 | EventType=application | SourceNode=ns=1;s=MotorSource3
[Anomaly Input] [2026-08-16 20:49:06.733 (UTC)] info/application	[Sensor] Updated distance: 18.6251182605629 cm | Severity=75 | SourceName=Sensor3 | EventType=application | SourceNode=ns=1;s=SensorSource3
[Anomaly Input] [2026-08-16 20:49:06.733 (UTC)] info/application	[Sensor] Updated distance: 31.0285097519069 cm | Severity=75 | SourceName=Sensor | EventType=application | SourceNode=ns=1;s=SensorSource
[Anomaly Input] [2026-08-16 20:49:06.733 (UTC)] info/application	[Sensor] Updated distance: 29.4492087161398 cm | Severity=75 | SourceName=Sensor2 | EventType=application | SourceNode=ns=1;s=SensorSource2
[Anomaly Input] [2026-08-16 20:49:07.231 (UTC)] info/application	[Motor] Received distance: 31.0285097519069 cm | Severity=75 | SourceName=Motor | EventType=application | SourceNode=ns=1;s=MotorSource
[Anomaly Input] [2026-08-16 20:49:07.231 (UTC)] info/application	[Motor] Received distance: 18.6251182605629 cm | Severity=75 | SourceName=Motor3 | EventType=application | SourceNode=ns=1;s=MotorSource3
[Anomaly Input] [2026-08-16 20:49:07.231 (UTC)] info/application	[Motor] Received distance: 29.4492087161398 cm | Severity=75 | SourceName=Motor2 | EventType=application | SourceNode=ns=1;s=MotorSource2
[Anomaly Input] [2026-08-16 20:49:07.231 (UTC)] info/application	[Motor] Distance safe (31.0285097519069); rotating motor to 90 degrees | Severity=75 | SourceName=Motor | EventType=application | SourceNode=ns=1;s=MotorSource
[Anomaly Input] [2026-08-16 20:49:07.231 (UTC)] warn/application	[Motor] Distance too close (18.6251182605629); rotating motor to 0 degrees | Severity=175 | SourceName=Motor3 | EventType=application | SourceNode=ns=1;s=MotorSource3
[Anomaly Input] [2026-08-16 20:49:07.231 (UTC)] info/application	[Motor] Distance safe (29.4492087161398); rotating motor to 90 degrees | Severity=75 | SourceName=Motor2 | EventType=application | SourceNode=ns=1;s=MotorSource2
[Anomaly Input] [2026-08-16 20:49:07.733 (UTC)] info/application	[Sensor] Updated distance: 18.0359228535257 cm | Severity=75 | SourceName=Sensor3 | EventType=application | SourceNode=ns=1;s=SensorSource3
[Anomaly Input] [2026-08-16 20:49:07.733 (UTC)] info/application	[Sensor] Updated distance: 29.3079725111872 cm | Severity=75 | SourceName=Sensor2 | EventType=application | SourceNode=ns=1;s=SensorSource2
[Anomaly Input] [2026-08-16 20:49:07.733 (UTC)] info/application	[Sensor] Updated distance: 29.7822509590919 cm | Severity=75 | SourceName=Sensor | EventType=application | SourceNode=ns=1;s=SensorSource
[Anomaly Input] [2026-08-16 20:49:08.231 (UTC)] info/application	[Motor] Received distance: 29.7822509590919 cm | Severity=75 | SourceName=Motor | EventType=application | SourceNode=ns=1;s=MotorSource
[Anomaly Input] [2026-08-16 20:49:08.232 (UTC)] info/application	[Motor] Received distance: 29.3079725111872 cm | Severity=75 | SourceName=Motor2 | EventType=application | SourceNode=ns=1;s=MotorSource2
[Anomaly Input] [2026-08-16 20:49:08.238 (UTC)] info/application	[Motor] Received distance: 18.0359228535257 cm | Severity=75 | SourceName=Motor3 | EventType=application | SourceNode=ns=1;s=MotorSource3
[Anomaly Input] [2026-08-16 20:49:08.231 (UTC)] info/application	[Motor] Distance safe (29.7822509590919); rotating motor to 90 degrees | Severity=75 | SourceName=Motor | EventType=application | SourceNode=ns=1;s=MotorSource
[Anomaly Input] [2026-08-16 20:49:08.232 (UTC)] info/application	[Motor] Distance safe (29.3079725111872); rotating motor to 90 degrees | Severity=75 | SourceName=Motor2 | EventType=application | SourceNode=ns=1;s=MotorSource2
[Anomaly Input] [2026-08-16 20:49:08.238 (UTC)] warn/application	[Motor] Distance too close (18.0359228535257); rotating motor to 0 degrees | Severity=175 | SourceName=Motor3 | EventType=application | SourceNode=ns=1;s=MotorSource3
[Anomaly Input] [2026-08-16 20:49:08.733 (UTC)] info/application	[Sensor] Updated distance: 17.5574021169717 cm | Severity=75 | SourceName=Sensor3 | EventType=application | SourceNode=ns=1;s=SensorSource3
[Anomaly Input] [2026-08-16 20:49:08.733 (UTC)] info/application	[Sensor] Updated distance: 30.0460951319179 cm | Severity=75 | SourceName=Sensor | EventType=application | SourceNode=ns=1;s=SensorSource
[Anomaly Input] [2026-08-16 20:49:08.733 (UTC)] info/application	[Sensor] Updated distance: 30.3739703792957 cm | Severity=75 | SourceName=Sensor2 | EventType=application | SourceNode=ns=1;s=SensorSource2
[Anomaly Input] [2026-08-16 20:49:09.228 (UTC)] info/application	[Motor] Received distance: 17.5574021169717 cm | Severity=75 | SourceName=Motor3 | EventType=application | SourceNode=ns=1;s=MotorSource3
[Anomaly Input] [2026-08-16 20:49:09.228 (UTC)] info/application	[Motor] Received distance: 30.0460951319179 cm | Severity=75 | SourceName=Motor | EventType=application | SourceNode=ns=1;s=MotorSource
[Anomaly Input] [2026-08-16 20:49:09.232 (UTC)] info/application	[Motor] Received distance: 30.3739703792957 cm | Severity=75 | SourceName=Motor2 | EventType=application | SourceNode=ns=1;s=MotorSource2
[Anomaly Input] [2026-08-16 20:49:09.228 (UTC)] warn/application	[Motor] Distance too close (17.5574021169717); rotating motor to 0 degrees | Severity=175 | SourceName=Motor3 | EventType=application | SourceNode=ns=1;s=MotorSource3
[Anomaly Input] [2026-08-16 20:49:09.228 (UTC)] info/application	[Motor] Distance safe (30.0460951319179); rotating motor to 90 degrees | Severity=75 | SourceName=Motor | EventType=application | SourceNode=ns=1;s=MotorSource
[Anomaly Input] [2026-08-16 20:49:09.232 (UTC)] info/application	[Motor] Distance safe (30.3739703792957); rotating motor to 90 degrees | Severity=75 | SourceName=Motor2 | EventType=application | SourceNode=ns=1;s=MotorSource2
[Anomaly Input] [2026-08-16 20:49:09.733 (UTC)] info/application	[Sensor] Updated distance: 18.8716304178217 cm | Severity=75 | SourceName=Sensor3 | EventType=application | SourceNode=ns=1;s=SensorSource3
[Anomaly Input] [2026-08-16 20:49:09.733 (UTC)] info/application	[Sensor] Updated distance: 29.4936957936705 cm | Severity=75 | SourceName=Sensor | EventType=application | SourceNode=ns=1;s=SensorSource
[Anomaly Input] [2026-08-16 20:49:09.733 (UTC)] info/application	[Sensor] Updated distance: 30.7349555614567 cm | Severity=75 | SourceName=Sensor2 | EventType=application | SourceNode=ns=1;s=SensorSource2
[Anomaly Input] [2026-08-16 20:49:10.228 (UTC)] info/application	[Motor] Received distance: 30.7349555614567 cm | Severity=75 | SourceName=Motor2 | EventType=application | SourceNode=ns=1;s=MotorSource2
[Anomaly Input] [2026-08-16 20:49:10.230 (UTC)] info/application	[Motor] Received distance: 29.4936957936705 cm | Severity=75 | SourceName=Motor | EventType=application | SourceNode=ns=1;s=MotorSource
[Anomaly Input] [2026-08-16 20:49:10.231 (UTC)] info/application	[Motor] Received distance: 18.8716304178217 cm | Severity=75 | SourceName=Motor3 | EventType=application | SourceNode=ns=1;s=MotorSource3
[Anomaly Input] [2026-08-16 20:49:10.228 (UTC)] info/application	[Motor] Distance safe (30.7349555614567); rotating motor to 90 degrees | Severity=75 | SourceName=Motor2 | EventType=application | SourceNode=ns=1;s=MotorSource2
[Anomaly Input] [2026-08-16 20:49:10.230 (UTC)] info/application	[Motor] Distance safe (29.4936957936705); rotating motor to 90 degrees | Severity=75 | SourceName=Motor | EventType=application | SourceNode=ns=1;s=MotorSource
[Anomaly Input] [2026-08-16 20:49:10.231 (UTC)] warn/application	[Motor] Distance too close (18.8716304178217); rotating motor to 0 degrees | Severity=175 | SourceName=Motor3 | EventType=application | SourceNode=ns=1;s=MotorSource3
[Anomaly Input] [2026-08-16 20:49:10.733 (UTC)] info/application	[Sensor] Updated distance: 28.737184385181 cm | Severity=75 | SourceName=Sensor | EventType=application | SourceNode=ns=1;s=SensorSource
[Anomaly Input] [2026-08-16 20:49:10.733 (UTC)] info/application	[Sensor] Updated distance: 19.5745063226551 cm | Severity=75 | SourceName=Sensor3 | EventType=application | SourceNode=ns=1;s=SensorSource3
[Anomaly Input] [2026-08-16 20:49:10.733 (UTC)] info/application	[Sensor] Updated distance: 30.6847222702041 cm | Severity=75 | SourceName=Sensor2 | EventType=application | SourceNode=ns=1;s=SensorSource2
[Anomaly Input] [2026-08-16 20:49:11.230 (UTC)] info/application	[Motor] Received distance: 28.737184385181 cm | Severity=75 | SourceName=Motor | EventType=application | SourceNode=ns=1;s=MotorSource
[Anomaly Input] [2026-08-16 20:49:11.231 (UTC)] info/application	[Motor] Received distance: 30.6847222702041 cm | Severity=75 | SourceName=Motor2 | EventType=application | SourceNode=ns=1;s=MotorSource2
[Anomaly Input] [2026-08-16 20:49:11.231 (UTC)] info/application	[Motor] Received distance: 19.5745063226551 cm | Severity=75 | SourceName=Motor3 | EventType=application | SourceNode=ns=1;s=MotorSource3
[Anomaly Input] [2026-08-16 20:49:11.230 (UTC)] info/application	[Motor] Distance safe (28.737184385181); rotating motor to 90 degrees | Severity=75 | SourceName=Motor | EventType=application | SourceNode=ns=1;s=MotorSource
[Anomaly Input] [2026-08-16 20:49:11.231 (UTC)] info/application	[Motor] Distance safe (30.6847222702041); rotating motor to 90 degrees | Severity=75 | SourceName=Motor2 | EventType=application | SourceNode=ns=1;s=MotorSource2
[Anomaly Input] [2026-08-16 20:49:11.231 (UTC)] warn/application	[Motor] Distance too close (19.5745063226551); rotating motor to 0 degrees | Severity=175 | SourceName=Motor3 | EventType=application | SourceNode=ns=1;s=MotorSource3
[Anomaly Input] [2026-08-16 20:49:11.733 (UTC)] info/application	[Sensor] Updated distance: 18.4080750783477 cm | Severity=75 | SourceName=Sensor3 | EventType=application | SourceNode=ns=1;s=SensorSource3
[Anomaly Input] [2026-08-16 20:49:11.733 (UTC)] info/application	[Sensor] Updated distance: 27.6646852279849 cm | Severity=75 | SourceName=Sensor | EventType=application | SourceNode=ns=1;s=SensorSource
[Anomaly Input] [2026-08-16 20:49:11.733 (UTC)] info/application	[Sensor] Updated distance: 31.5986737404478 cm | Severity=75 | SourceName=Sensor2 | EventType=application | SourceNode=ns=1;s=SensorSource2
[Anomaly Input] [2026-08-16 20:49:12.231 (UTC)] info/application	[Motor] Received distance: 27.6646852279849 cm | Severity=75 | SourceName=Motor | EventType=application | SourceNode=ns=1;s=MotorSource
[Anomaly Input] [2026-08-16 20:49:12.231 (UTC)] info/application	[Motor] Received distance: 31.5986737404478 cm | Severity=75 | SourceName=Motor2 | EventType=application | SourceNode=ns=1;s=MotorSource2
[Anomaly Input] [2026-08-16 20:49:12.232 (UTC)] info/application	[Motor] Received distance: 18.4080750783477 cm | Severity=75 | SourceName=Motor3 | EventType=application | SourceNode=ns=1;s=MotorSource3
[Anomaly Input] [2026-08-16 20:49:12.231 (UTC)] info/application	[Motor] Distance safe (27.6646852279849); rotating motor to 90 degrees | Severity=75 | SourceName=Motor | EventType=application | SourceNode=ns=1;s=MotorSource
[Anomaly Input] [2026-08-16 20:49:12.231 (UTC)] info/application	[Motor] Distance safe (31.5986737404478); rotating motor to 90 degrees | Severity=75 | SourceName=Motor2 | EventType=application | SourceNode=ns=1;s=MotorSource2
[Anomaly Input] [2026-08-16 20:49:12.232 (UTC)] warn/application	[Motor] Distance too close (18.4080750783477); rotating motor to 0 degrees | Severity=175 | SourceName=Motor3 | EventType=application | SourceNode=ns=1;s=MotorSource3
[Anomaly Input] [2026-08-16 20:49:12.734 (UTC)] info/application	[Sensor] Updated distance: 31.7303152031872 cm | Severity=75 | SourceName=Sensor2 | EventType=application | SourceNode=ns=1;s=SensorSource2
[Anomaly Input] [2026-08-16 20:49:12.734 (UTC)] info/application	[Sensor] Updated distance: 18.1279904037378 cm | Severity=75 | SourceName=Sensor3 | EventType=application | SourceNode=ns=1;s=SensorSource3
[Anomaly Input] [2026-08-16 20:49:12.734 (UTC)] info/application	[Sensor] Updated distance: 26.8302722786694 cm | Severity=75 | SourceName=Sensor | EventType=application | SourceNode=ns=1;s=SensorSource
[Anomaly Input] [2026-08-16 20:49:13.229 (UTC)] info/application	[Motor] Received distance: 18.1279904037378 cm | Severity=75 | SourceName=Motor3 | EventType=application | SourceNode=ns=1;s=MotorSource3
[Anomaly Input] [2026-08-16 20:49:13.231 (UTC)] info/application	[Motor] Received distance: 31.7303152031872 cm | Severity=75 | SourceName=Motor2 | EventType=application | SourceNode=ns=1;s=MotorSource2
[Anomaly Input] [2026-08-16 20:49:13.231 (UTC)] info/application	[Motor] Received distance: 26.8302722786694 cm | Severity=75 | SourceName=Motor | EventType=application | SourceNode=ns=1;s=MotorSource
[Anomaly Input] [2026-08-16 20:49:13.229 (UTC)] warn/application	[Motor] Distance too close (18.1279904037378); rotating motor to 0 degrees | Severity=175 | SourceName=Motor3 | EventType=application | SourceNode=ns=1;s=MotorSource3
[Anomaly Input] [2026-08-16 20:49:13.231 (UTC)] info/application	[Motor] Distance safe (31.7303152031872); rotating motor to 90 degrees | Severity=75 | SourceName=Motor2 | EventType=application | SourceNode=ns=1;s=MotorSource2
[Anomaly Input] [2026-08-16 20:49:13.231 (UTC)] info/application	[Motor] Distance safe (26.8302722786694); rotating motor to 90 degrees | Severity=75 | SourceName=Motor | EventType=application | SourceNode=ns=1;s=MotorSource
[Anomaly Input] [2026-08-16 20:49:13.734 (UTC)] info/application	[Sensor] Updated distance: 19.3316001467554 cm | Severity=75 | SourceName=Sensor3 | EventType=application | SourceNode=ns=1;s=SensorSource3
[Anomaly Input] [2026-08-16 20:49:13.734 (UTC)] info/application	[Sensor] Updated distance: 25.4948373003839 cm | Severity=75 | SourceName=Sensor | EventType=application | SourceNode=ns=1;s=SensorSource
[Anomaly Input] [2026-08-16 20:49:13.734 (UTC)] info/application	[Sensor] Updated distance: 30.3282369630543 cm | Severity=75 | SourceName=Sensor2 | EventType=application | SourceNode=ns=1;s=SensorSource2
[Anomaly Input] [2026-08-16 20:49:14.229 (UTC)] info/application	[Motor] Received distance: 25.4948373003839 cm | Severity=75 | SourceName=Motor | EventType=application | SourceNode=ns=1;s=MotorSource
[Anomaly Input] [2026-08-16 20:49:14.231 (UTC)] info/application	[Motor] Received distance: 19.3316001467554 cm | Severity=75 | SourceName=Motor3 | EventType=application | SourceNode=ns=1;s=MotorSource3
[Anomaly Input] [2026-08-16 20:49:14.232 (UTC)] info/application	[Motor] Received distance: 30.3282369630543 cm | Severity=75 | SourceName=Motor2 | EventType=application | SourceNode=ns=1;s=MotorSource2
[Anomaly Input] [2026-08-16 20:49:14.229 (UTC)] info/application	[Motor] Distance safe (25.4948373003839); rotating motor to 90 degrees | Severity=75 | SourceName=Motor | EventType=application | SourceNode=ns=1;s=MotorSource
[Anomaly Input] [2026-08-16 20:49:14.231 (UTC)] warn/application	[Motor] Distance too close (19.3316001467554); rotating motor to 0 degrees | Severity=175 | SourceName=Motor3 | EventType=application | SourceNode=ns=1;s=MotorSource3
[Anomaly Input] [2026-08-16 20:49:14.232 (UTC)] info/application	[Motor] Distance safe (30.3282369630543); rotating motor to 90 degrees | Severity=75 | SourceName=Motor2 | EventType=application | SourceNode=ns=1;s=MotorSource2
[Anomaly Input] [2026-08-16 20:49:14.734 (UTC)] info/application	[Sensor] Updated distance: 19.6219012004425 cm | Severity=75 | SourceName=Sensor3 | EventType=application | SourceNode=ns=1;s=SensorSource3
[Anomaly Input] [2026-08-16 20:49:14.734 (UTC)] info/application	[Sensor] Updated distance: 26.4643040795179 cm | Severity=75 | SourceName=Sensor | EventType=application | SourceNode=ns=1;s=SensorSource
[Anomaly Input] [2026-08-16 20:49:14.734 (UTC)] info/application	[Sensor] Updated distance: 31.2771824431965 cm | Severity=75 | SourceName=Sensor2 | EventType=application | SourceNode=ns=1;s=SensorSource2
[Anomaly Input] [2026-08-16 20:49:15.230 (UTC)] info/application	[Motor] Received distance: 31.2771824431965 cm | Severity=75 | SourceName=Motor2 | EventType=application | SourceNode=ns=1;s=MotorSource2
[Anomaly Input] [2026-08-16 20:49:15.230 (UTC)] info/application	[Motor] Received distance: 26.4643040795179 cm | Severity=75 | SourceName=Motor | EventType=application | SourceNode=ns=1;s=MotorSource
[Anomaly Input] [2026-08-16 20:49:15.231 (UTC)] info/application	[Motor] Received distance: 19.6219012004425 cm | Severity=75 | SourceName=Motor3 | EventType=application | SourceNode=ns=1;s=MotorSource3
[Anomaly Input] [2026-08-16 20:49:15.230 (UTC)] info/application	[Motor] Distance safe (31.2771824431965); rotating motor to 90 degrees | Severity=75 | SourceName=Motor2 | EventType=application | SourceNode=ns=1;s=MotorSource2
[Anomaly Input] [2026-08-16 20:49:15.230 (UTC)] info/application	[Motor] Distance safe (26.4643040795179); rotating motor to 90 degrees | Severity=75 | SourceName=Motor | EventType=application | SourceNode=ns=1;s=MotorSource
[Anomaly Input] [2026-08-16 20:49:15.231 (UTC)] warn/application	[Motor] Distance too close (19.6219012004425); rotating motor to 0 degrees | Severity=175 | SourceName=Motor3 | EventType=application | SourceNode=ns=1;s=MotorSource3
[Anomaly Input] [2026-08-16 20:49:15.733 (UTC)] info/application	[Sensor] Updated distance: 20.8093888067218 cm | Severity=75 | SourceName=Sensor3 | EventType=application | SourceNode=ns=1;s=SensorSource3
[Anomaly Input] [2026-08-16 20:49:15.735 (UTC)] info/application	[Sensor] Updated distance: 26.0233816702493 cm | Severity=75 | SourceName=Sensor | EventType=application | SourceNode=ns=1;s=SensorSource
[Anomaly Input] [2026-08-16 20:49:15.735 (UTC)] info/application	[Sensor] Updated distance: 31.2570510011898 cm | Severity=75 | SourceName=Sensor2 | EventType=application | SourceNode=ns=1;s=SensorSource2
[Anomaly Input] [2026-08-16 20:49:16.230 (UTC)] info/application	[Motor] Received distance: 26.0233816702493 cm | Severity=75 | SourceName=Motor | EventType=application | SourceNode=ns=1;s=MotorSource
[Anomaly Input] [2026-08-16 20:49:16.231 (UTC)] info/application	[Motor] Received distance: 31.2570510011898 cm | Severity=75 | SourceName=Motor2 | EventType=application | SourceNode=ns=1;s=MotorSource2
[Anomaly Input] [2026-08-16 20:49:16.231 (UTC)] info/application	[Motor] Received distance: 20.8093888067218 cm | Severity=75 | SourceName=Motor3 | EventType=application | SourceNode=ns=1;s=MotorSource3
[Anomaly Input] [2026-08-16 20:49:16.230 (UTC)] info/application	[Motor] Distance safe (26.0233816702493); rotating motor to 90 degrees | Severity=75 | SourceName=Motor | EventType=application | SourceNode=ns=1;s=MotorSource
[Anomaly Input] [2026-08-16 20:49:16.231 (UTC)] info/application	[Motor] Distance safe (31.2570510011898); rotating motor to 90 degrees | Severity=75 | SourceName=Motor2 | EventType=application | SourceNode=ns=1;s=MotorSource2
[Anomaly Input] [2026-08-16 20:49:16.231 (UTC)] info/application	[Motor] Distance safe (20.8093888067218); rotating motor to 90 degrees | Severity=75 | SourceName=Motor3 | EventType=application | SourceNode=ns=1;s=MotorSource3
[Anomaly Input] [2026-08-16 20:49:16.733 (UTC)] info/application	[Sensor] Updated distance: 20.8961457241774 cm | Severity=75 | SourceName=Sensor3 | EventType=application | SourceNode=ns=1;s=SensorSource3
[Anomaly Input] [2026-08-16 20:49:16.735 (UTC)] info/application	[Sensor] Updated distance: 29.7820592293432 cm | Severity=75 | SourceName=Sensor2 | EventType=application | SourceNode=ns=1;s=SensorSource2
[Anomaly Input] [2026-08-16 20:49:16.735 (UTC)] info/application	[Sensor] Updated distance: 24.8398073412663 cm | Severity=75 | SourceName=Sensor | EventType=application | SourceNode=ns=1;s=SensorSource
[Anomaly Input] [2026-08-16 20:49:17.231 (UTC)] info/application	[Motor] Received distance: 29.7820592293432 cm | Severity=75 | SourceName=Motor2 | EventType=application | SourceNode=ns=1;s=MotorSource2
[Anomaly Input] [2026-08-16 20:49:17.231 (UTC)] info/application	[Motor] Received distance: 20.8961457241774 cm | Severity=75 | SourceName=Motor3 | EventType=application | SourceNode=ns=1;s=MotorSource3
[Anomaly Input] [2026-08-16 20:49:17.231 (UTC)] info/application	[Motor] Received distance: 24.8398073412663 cm | Severity=75 | SourceName=Motor | EventType=application | SourceNode=ns=1;s=MotorSource
[Anomaly Input] [2026-08-16 20:49:17.231 (UTC)] info/application	[Motor] Distance safe (29.7820592293432); rotating motor to 90 degrees | Severity=75 | SourceName=Motor2 | EventType=application | SourceNode=ns=1;s=MotorSource2
[Anomaly Input] [2026-08-16 20:49:17.231 (UTC)] info/application	[Motor] Distance safe (20.8961457241774); rotating motor to 90 degrees | Severity=75 | SourceName=Motor3 | EventType=application | SourceNode=ns=1;s=MotorSource3
[Anomaly Input] [2026-08-16 20:49:17.231 (UTC)] info/application	[Motor] Distance safe (24.8398073412663); rotating motor to 90 degrees | Severity=75 | SourceName=Motor | EventType=application | SourceNode=ns=1;s=MotorSource
[Anomaly Input] [2026-08-16 20:49:17.733 (UTC)] info/application	[Sensor] Updated distance: 19.7777877092723 cm | Severity=75 | SourceName=Sensor3 | EventType=application | SourceNode=ns=1;s=SensorSource3
[Anomaly Input] [2026-08-16 20:49:17.734 (UTC)] info/application	[Sensor] Updated distance: 28.985700230806 cm | Severity=75 | SourceName=Sensor2 | EventType=application | SourceNode=ns=1;s=SensorSource2
[Anomaly Input] [2026-08-16 20:49:17.734 (UTC)] info/application	[Sensor] Updated distance: 25.0820663783616 cm | Severity=75 | SourceName=Sensor | EventType=application | SourceNode=ns=1;s=SensorSource
[Anomaly Input] [2026-08-16 20:49:18.230 (UTC)] info/application	[Motor] Received distance: 25.0820663783616 cm | Severity=75 | SourceName=Motor | EventType=application | SourceNode=ns=1;s=MotorSource
[Anomaly Input] [2026-08-16 20:49:18.231 (UTC)] info/application	[Motor] Received distance: 19.7777877092723 cm | Severity=75 | SourceName=Motor3 | EventType=application | SourceNode=ns=1;s=MotorSource3
[Anomaly Input] [2026-08-16 20:49:18.232 (UTC)] info/application	[Motor] Received distance: 28.985700230806 cm | Severity=75 | SourceName=Motor2 | EventType=application | SourceNode=ns=1;s=MotorSource2
[Anomaly Input] [2026-08-16 20:49:18.230 (UTC)] info/application	[Motor] Distance safe (25.0820663783616); rotating motor to 90 degrees | Severity=75 | SourceName=Motor | EventType=application | SourceNode=ns=1;s=MotorSource
[Anomaly Input] [2026-08-16 20:49:18.231 (UTC)] warn/application	[Motor] Distance too close (19.7777877092723); rotating motor to 0 degrees | Severity=175 | SourceName=Motor3 | EventType=application | SourceNode=ns=1;s=MotorSource3
[Anomaly Input] [2026-08-16 20:49:18.232 (UTC)] info/application	[Motor] Distance safe (28.985700230806); rotating motor to 90 degrees | Severity=75 | SourceName=Motor2 | EventType=application | SourceNode=ns=1;s=MotorSource2
[Anomaly Input] [2026-08-16 20:49:18.733 (UTC)] info/application	[Sensor] Updated distance: 21.2018260495745 cm | Severity=75 | SourceName=Sensor3 | EventType=application | SourceNode=ns=1;s=SensorSource3
[Anomaly Input] [2026-08-16 20:49:18.734 (UTC)] info/application	[Sensor] Updated distance: 29.2087652893778 cm | Severity=75 | SourceName=Sensor2 | EventType=application | SourceNode=ns=1;s=SensorSource2
[Anomaly Input] [2026-08-16 20:49:18.734 (UTC)] info/application	[Sensor] Updated distance: 24.3751464357484 cm | Severity=75 | SourceName=Sensor | EventType=application | SourceNode=ns=1;s=SensorSource
[Anomaly Input] [2026-08-16 20:49:19.230 (UTC)] info/application	[Motor] Received distance: 29.2087652893778 cm | Severity=75 | SourceName=Motor2 | EventType=application | SourceNode=ns=1;s=MotorSource2
[Anomaly Input] [2026-08-16 20:49:19.230 (UTC)] info/application	[Motor] Received distance: 24.3751464357484 cm | Severity=75 | SourceName=Motor | EventType=application | SourceNode=ns=1;s=MotorSource
[Anomaly Input] [2026-08-16 20:49:19.232 (UTC)] info/application	[Motor] Received distance: 21.2018260495745 cm | Severity=75 | SourceName=Motor3 | EventType=application | SourceNode=ns=1;s=MotorSource3
[Anomaly Input] [2026-08-16 20:49:19.230 (UTC)] info/application	[Motor] Distance safe (29.2087652893778); rotating motor to 90 degrees | Severity=75 | SourceName=Motor2 | EventType=application | SourceNode=ns=1;s=MotorSource2
[Anomaly Input] [2026-08-16 20:49:19.230 (UTC)] info/application	[Motor] Distance safe (24.3751464357484); rotating motor to 90 degrees | Severity=75 | SourceName=Motor | EventType=application | SourceNode=ns=1;s=MotorSource
[Anomaly Input] [2026-08-16 20:49:19.232 (UTC)] info/application	[Motor] Distance safe (21.2018260495745); rotating motor to 90 degrees | Severity=75 | SourceName=Motor3 | EventType=application | SourceNode=ns=1;s=MotorSource3
[Anomaly Input] [2026-08-16 20:49:19.733 (UTC)] info/application	[Sensor] Updated distance: 21.5484124128932 cm | Severity=75 | SourceName=Sensor3 | EventType=application | SourceNode=ns=1;s=SensorSource3
[Anomaly Input] [2026-08-16 20:49:19.735 (UTC)] info/application	[Sensor] Updated distance: 24.9462614978879 cm | Severity=75 | SourceName=Sensor | EventType=application | SourceNode=ns=1;s=SensorSource
[Anomaly Input] [2026-08-16 20:49:19.735 (UTC)] info/application	[Sensor] Updated distance: 29.9467096745254 cm | Severity=75 | SourceName=Sensor2 | EventType=application | SourceNode=ns=1;s=SensorSource2
[Anomaly Input] [2026-08-16 20:49:20.230 (UTC)] info/application	[Motor] Received distance: 29.9467096745254 cm | Severity=75 | SourceName=Motor2 | EventType=application | SourceNode=ns=1;s=MotorSource2
[Anomaly Input] [2026-08-16 20:49:20.231 (UTC)] info/application	[Motor] Received distance: 24.9462614978879 cm | Severity=75 | SourceName=Motor | EventType=application | SourceNode=ns=1;s=MotorSource
[Anomaly Input] [2026-08-16 20:49:20.232 (UTC)] info/application	[Motor] Received distance: 21.5484124128932 cm | Severity=75 | SourceName=Motor3 | EventType=application | SourceNode=ns=1;s=MotorSource3
[Anomaly Input] [2026-08-16 20:49:20.230 (UTC)] info/application	[Motor] Distance safe (29.9467096745254); rotating motor to 90 degrees | Severity=75 | SourceName=Motor2 | EventType=application | SourceNode=ns=1;s=MotorSource2
[Anomaly Input] [2026-08-16 20:49:20.231 (UTC)] info/application	[Motor] Distance safe (24.9462614978879); rotating motor to 90 degrees | Severity=75 | SourceName=Motor | EventType=application | SourceNode=ns=1;s=MotorSource
[Anomaly Input] [2026-08-16 20:49:20.232 (UTC)] info/application	[Motor] Distance safe (21.5484124128932); rotating motor to 90 degrees | Severity=75 | SourceName=Motor3 | EventType=application | SourceNode=ns=1;s=MotorSource3
[Anomaly Input] [2026-08-16 20:49:20.734 (UTC)] info/application	[Sensor] Updated distance: 22.1132392287781 cm | Severity=75 | SourceName=Sensor3 | EventType=application | SourceNode=ns=1;s=SensorSource3
[Anomaly Input] [2026-08-16 20:49:20.735 (UTC)] info/application	[Sensor] Updated distance: 31.1196212783082 cm | Severity=75 | SourceName=Sensor2 | EventType=application | SourceNode=ns=1;s=SensorSource2
[Anomaly Input] [2026-08-16 20:49:20.735 (UTC)] info/application	[Sensor] Updated distance: 24.0210227640444 cm | Severity=75 | SourceName=Sensor | EventType=application | SourceNode=ns=1;s=SensorSource
[Anomaly Input] [2026-08-16 20:49:21.231 (UTC)] info/application	[Motor] Received distance: 31.1196212783082 cm | Severity=75 | SourceName=Motor2 | EventType=application | SourceNode=ns=1;s=MotorSource2
[Anomaly Input] [2026-08-16 20:49:21.232 (UTC)] info/application	[Motor] Received distance: 24.0210227640444 cm | Severity=75 | SourceName=Motor | EventType=application | SourceNode=ns=1;s=MotorSource
[Anomaly Input] [2026-08-16 20:49:21.232 (UTC)] info/application	[Motor] Received distance: 22.1132392287781 cm | Severity=75 | SourceName=Motor3 | EventType=application | SourceNode=ns=1;s=MotorSource3
[Anomaly Input] [2026-08-16 20:49:21.231 (UTC)] info/application	[Motor] Distance safe (31.1196212783082); rotating motor to 90 degrees | Severity=75 | SourceName=Motor2 | EventType=application | SourceNode=ns=1;s=MotorSource2
[Anomaly Input] [2026-08-16 20:49:21.232 (UTC)] info/application	[Motor] Distance safe (24.0210227640444); rotating motor to 90 degrees | Severity=75 | SourceName=Motor | EventType=application | SourceNode=ns=1;s=MotorSource
[Anomaly Input] [2026-08-16 20:49:21.232 (UTC)] info/application	[Motor] Distance safe (22.1132392287781); rotating motor to 90 degrees | Severity=75 | SourceName=Motor3 | EventType=application | SourceNode=ns=1;s=MotorSource3
[Anomaly Input] [2026-08-16 20:49:21.734 (UTC)] info/application	[Sensor] Updated distance: 22.4010645546489 cm | Severity=75 | SourceName=Sensor3 | EventType=application | SourceNode=ns=1;s=SensorSource3
[Anomaly Input] [2026-08-16 20:49:21.735 (UTC)] info/application	[Sensor] Updated distance: 24.7281065938194 cm | Severity=75 | SourceName=Sensor | EventType=application | SourceNode=ns=1;s=SensorSource
[Anomaly Input] [2026-08-16 20:49:21.735 (UTC)] info/application	[Sensor] Updated distance: 31.7983585578848 cm | Severity=75 | SourceName=Sensor2 | EventType=application | SourceNode=ns=1;s=SensorSource2
[Anomaly Input] [2026-08-16 20:49:22.230 (UTC)] info/application	[Motor] Received distance: 24.7281065938194 cm | Severity=75 | SourceName=Motor | EventType=application | SourceNode=ns=1;s=MotorSource
[Anomaly Input] [2026-08-16 20:49:22.231 (UTC)] info/application	[Motor] Received distance: 31.7983585578848 cm | Severity=75 | SourceName=Motor2 | EventType=application | SourceNode=ns=1;s=MotorSource2
[Anomaly Input] [2026-08-16 20:49:22.232 (UTC)] info/application	[Motor] Received distance: 22.4010645546489 cm | Severity=75 | SourceName=Motor3 | EventType=application | SourceNode=ns=1;s=MotorSource3
[Anomaly Input] [2026-08-16 20:49:22.230 (UTC)] info/application	[Motor] Distance safe (24.7281065938194); rotating motor to 90 degrees | Severity=75 | SourceName=Motor | EventType=application | SourceNode=ns=1;s=MotorSource
[Anomaly Input] [2026-08-16 20:49:22.231 (UTC)] info/application	[Motor] Distance safe (31.7983585578848); rotating motor to 90 degrees | Severity=75 | SourceName=Motor2 | EventType=application | SourceNode=ns=1;s=MotorSource2
[Anomaly Input] [2026-08-16 20:49:22.232 (UTC)] info/application	[Motor] Distance safe (22.4010645546489); rotating motor to 90 degrees | Severity=75 | SourceName=Motor3 | EventType=application | SourceNode=ns=1;s=MotorSource3
[Anomaly Input] [2026-08-16 20:49:22.734 (UTC)] info/application	[Sensor] Updated distance: 23.4561211138293 cm | Severity=75 | SourceName=Sensor3 | EventType=application | SourceNode=ns=1;s=SensorSource3
[Anomaly Input] [2026-08-16 20:49:22.735 (UTC)] info/application	[Sensor] Updated distance: 25.2001583144069 cm | Severity=75 | SourceName=Sensor | EventType=application | SourceNode=ns=1;s=SensorSource
[Anomaly Input] [2026-08-16 20:49:22.735 (UTC)] info/application	[Sensor] Updated distance: 31.2357721828091 cm | Severity=75 | SourceName=Sensor2 | EventType=application | SourceNode=ns=1;s=SensorSource2
[Anomaly Input] [2026-08-16 20:49:23.231 (UTC)] info/application	[Motor] Received distance: 31.2357721828091 cm | Severity=75 | SourceName=Motor2 | EventType=application | SourceNode=ns=1;s=MotorSource2
[Anomaly Input] [2026-08-16 20:49:23.231 (UTC)] info/application	[Motor] Received distance: 25.2001583144069 cm | Severity=75 | SourceName=Motor | EventType=application | SourceNode=ns=1;s=MotorSource
[Anomaly Input] [2026-08-16 20:49:23.232 (UTC)] info/application	[Motor] Received distance: 23.4561211138293 cm | Severity=75 | SourceName=Motor3 | EventType=application | SourceNode=ns=1;s=MotorSource3
[Anomaly Input] [2026-08-16 20:49:23.231 (UTC)] info/application	[Motor] Distance safe (31.2357721828091); rotating motor to 90 degrees | Severity=75 | SourceName=Motor2 | EventType=application | SourceNode=ns=1;s=MotorSource2
[Anomaly Input] [2026-08-16 20:49:23.231 (UTC)] info/application	[Motor] Distance safe (25.2001583144069); rotating motor to 90 degrees | Severity=75 | SourceName=Motor | EventType=application | SourceNode=ns=1;s=MotorSource
[Anomaly Input] [2026-08-16 20:49:23.232 (UTC)] info/application	[Motor] Distance safe (23.4561211138293); rotating motor to 90 degrees | Severity=75 | SourceName=Motor3 | EventType=application | SourceNode=ns=1;s=MotorSource3
[Anomaly Input] [2026-08-16 20:49:23.735 (UTC)] info/application	[Sensor] Updated distance: 22.5578722814367 cm | Severity=75 | SourceName=Sensor3 | EventType=application | SourceNode=ns=1;s=SensorSource3
[Anomaly Input] [2026-08-16 20:49:23.735 (UTC)] info/application	[Sensor] Updated distance: 25.4798190630878 cm | Severity=75 | SourceName=Sensor | EventType=application | SourceNode=ns=1;s=SensorSource
[Anomaly Input] [2026-08-16 20:49:23.735 (UTC)] info/application	[Sensor] Updated distance: 31.6438613725565 cm | Severity=75 | SourceName=Sensor2 | EventType=application | SourceNode=ns=1;s=SensorSource2
[Anomaly Input] [2026-08-16 20:49:24.232 (UTC)] info/application	[Motor] Received distance: 31.6438613725565 cm | Severity=75 | SourceName=Motor2 | EventType=application | SourceNode=ns=1;s=MotorSource2
[Anomaly Input] [2026-08-16 20:49:24.233 (UTC)] info/application	[Motor] Received distance: 22.5578722814367 cm | Severity=75 | SourceName=Motor3 | EventType=application | SourceNode=ns=1;s=MotorSource3
[Anomaly Input] [2026-08-16 20:49:24.240 (UTC)] info/application	[Motor] Received distance: 25.4798190630878 cm | Severity=75 | SourceName=Motor | EventType=application | SourceNode=ns=1;s=MotorSource
[Anomaly Input] [2026-08-16 20:49:24.232 (UTC)] info/application	[Motor] Distance safe (31.6438613725565); rotating motor to 90 degrees | Severity=75 | SourceName=Motor2 | EventType=application | SourceNode=ns=1;s=MotorSource2
[Anomaly Input] [2026-08-16 20:49:24.233 (UTC)] info/application	[Motor] Distance safe (22.5578722814367); rotating motor to 90 degrees | Severity=75 | SourceName=Motor3 | EventType=application | SourceNode=ns=1;s=MotorSource3
[Anomaly Input] [2026-08-16 20:49:24.240 (UTC)] info/application	[Motor] Distance safe (25.4798190630878); rotating motor to 90 degrees | Severity=75 | SourceName=Motor | EventType=application | SourceNode=ns=1;s=MotorSource
[Anomaly Input] [2026-08-16 20:49:24.734 (UTC)] info/application	[Sensor] Updated distance: 22.7409464934566 cm | Severity=75 | SourceName=Sensor3 | EventType=application | SourceNode=ns=1;s=SensorSource3
[Anomaly Input] [2026-08-16 20:49:24.734 (UTC)] info/application	[Sensor] Updated distance: 26.6015420768417 cm | Severity=75 | SourceName=Sensor | EventType=application | SourceNode=ns=1;s=SensorSource
[Anomaly Input] [2026-08-16 20:49:24.735 (UTC)] info/application	[Sensor] Updated distance: 31.2801642815024 cm | Severity=75 | SourceName=Sensor2 | EventType=application | SourceNode=ns=1;s=SensorSource2
[Anomaly Input] [2026-08-16 20:49:25.230 (UTC)] info/application	[Motor] Received distance: 26.6015420768417 cm | Severity=75 | SourceName=Motor | EventType=application | SourceNode=ns=1;s=MotorSource
[Anomaly Input] [2026-08-16 20:49:25.230 (UTC)] info/application	[Motor] Received distance: 22.7409464934566 cm | Severity=75 | SourceName=Motor3 | EventType=application | SourceNode=ns=1;s=MotorSource3
[Anomaly Input] [2026-08-16 20:49:25.232 (UTC)] info/application	[Motor] Received distance: 31.2801642815024 cm | Severity=75 | SourceName=Motor2 | EventType=application | SourceNode=ns=1;s=MotorSource2
[Anomaly Input] [2026-08-16 20:49:25.230 (UTC)] info/application	[Motor] Distance safe (26.6015420768417); rotating motor to 90 degrees | Severity=75 | SourceName=Motor | EventType=application | SourceNode=ns=1;s=MotorSource
[Anomaly Input] [2026-08-16 20:49:25.230 (UTC)] info/application	[Motor] Distance safe (22.7409464934566); rotating motor to 90 degrees | Severity=75 | SourceName=Motor3 | EventType=application | SourceNode=ns=1;s=MotorSource3
[Anomaly Input] [2026-08-16 20:49:25.232 (UTC)] info/application	[Motor] Distance safe (31.2801642815024); rotating motor to 90 degrees | Severity=75 | SourceName=Motor2 | EventType=application | SourceNode=ns=1;s=MotorSource2
[Anomaly Input] [2026-08-16 20:49:25.735 (UTC)] info/application	[Sensor] Updated distance: 31.9680470751915 cm | Severity=75 | SourceName=Sensor2 | EventType=application | SourceNode=ns=1;s=SensorSource2
[Anomaly Input] [2026-08-16 20:49:25.735 (UTC)] info/application	[Sensor] Updated distance: 27.1884757809753 cm | Severity=75 | SourceName=Sensor | EventType=application | SourceNode=ns=1;s=SensorSource
[Anomaly Input] [2026-08-16 20:49:25.735 (UTC)] info/application	[Sensor] Updated distance: 23.8885171955398 cm | Severity=75 | SourceName=Sensor3 | EventType=application | SourceNode=ns=1;s=SensorSource3
[Anomaly Input] [2026-08-16 20:49:26.230 (UTC)] info/application	[Motor] Received distance: 27.1884757809753 cm | Severity=75 | SourceName=Motor | EventType=application | SourceNode=ns=1;s=MotorSource
[Anomaly Input] [2026-08-16 20:49:26.231 (UTC)] info/application	[Motor] Received distance: 23.8885171955398 cm | Severity=75 | SourceName=Motor3 | EventType=application | SourceNode=ns=1;s=MotorSource3
[Anomaly Input] [2026-08-16 20:49:26.240 (UTC)] info/application	[Motor] Received distance: 31.9680470751915 cm | Severity=75 | SourceName=Motor2 | EventType=application | SourceNode=ns=1;s=MotorSource2
[Anomaly Input] [2026-08-16 20:49:26.230 (UTC)] info/application	[Motor] Distance safe (27.1884757809753); rotating motor to 90 degrees | Severity=75 | SourceName=Motor | EventType=application | SourceNode=ns=1;s=MotorSource
[Anomaly Input] [2026-08-16 20:49:26.231 (UTC)] info/application	[Motor] Distance safe (23.8885171955398); rotating motor to 90 degrees | Severity=75 | SourceName=Motor3 | EventType=application | SourceNode=ns=1;s=MotorSource3
[Anomaly Input] [2026-08-16 20:49:26.240 (UTC)] info/application	[Motor] Distance safe (31.9680470751915); rotating motor to 90 degrees | Severity=75 | SourceName=Motor2 | EventType=application | SourceNode=ns=1;s=MotorSource2
[Anomaly Input] [2026-08-16 20:49:26.735 (UTC)] info/application	[Sensor] Updated distance: 25.2203270132748 cm | Severity=75 | SourceName=Sensor3 | EventType=application | SourceNode=ns=1;s=SensorSource3
[Anomaly Input] [2026-08-16 20:49:26.735 (UTC)] info/application	[Sensor] Updated distance: 30.9836427695042 cm | Severity=75 | SourceName=Sensor2 | EventType=application | SourceNode=ns=1;s=SensorSource2
[Anomaly Input] [2026-08-16 20:49:26.735 (UTC)] info/application	[Sensor] Updated distance: 27.3313586862438 cm | Severity=75 | SourceName=Sensor | EventType=application | SourceNode=ns=1;s=SensorSource
[Anomaly Input] [2026-08-16 20:49:27.231 (UTC)] info/application	[Motor] Received distance: 30.9836427695042 cm | Severity=75 | SourceName=Motor2 | EventType=application | SourceNode=ns=1;s=MotorSource2
[Anomaly Input] [2026-08-16 20:49:27.231 (UTC)] info/application	[Motor] Received distance: 27.3313586862438 cm | Severity=75 | SourceName=Motor | EventType=application | SourceNode=ns=1;s=MotorSource
[Anomaly Input] [2026-08-16 20:49:27.231 (UTC)] info/application	[Motor] Received distance: 25.2203270132748 cm | Severity=75 | SourceName=Motor3 | EventType=application | SourceNode=ns=1;s=MotorSource3
[Anomaly Input] [2026-08-16 20:49:27.231 (UTC)] info/application	[Motor] Distance safe (30.9836427695042); rotating motor to 90 degrees | Severity=75 | SourceName=Motor2 | EventType=application | SourceNode=ns=1;s=MotorSource2
[Anomaly Input] [2026-08-16 20:49:27.231 (UTC)] info/application	[Motor] Distance safe (27.3313586862438); rotating motor to 90 degrees | Severity=75 | SourceName=Motor | EventType=application | SourceNode=ns=1;s=MotorSource
[Anomaly Input] [2026-08-16 20:49:27.231 (UTC)] info/application	[Motor] Distance safe (25.2203270132748); rotating motor to 90 degrees | Severity=75 | SourceName=Motor3 | EventType=application | SourceNode=ns=1;s=MotorSource3
[Anomaly Input] [2026-08-16 20:49:27.736 (UTC)] info/application	[Sensor] Updated distance: 25.5002350406722 cm | Severity=75 | SourceName=Sensor3 | EventType=application | SourceNode=ns=1;s=SensorSource3
[Anomaly Input] [2026-08-16 20:49:27.736 (UTC)] info/application	[Sensor] Updated distance: 28.299408506043 cm | Severity=75 | SourceName=Sensor | EventType=application | SourceNode=ns=1;s=SensorSource
[Anomaly Input] [2026-08-16 20:49:27.736 (UTC)] info/application	[Sensor] Updated distance: 29.7309523915085 cm | Severity=75 | SourceName=Sensor2 | EventType=application | SourceNode=ns=1;s=SensorSource2
[Anomaly Input] [2026-08-16 20:49:28.231 (UTC)] info/application	[Motor] Received distance: 25.5002350406722 cm | Severity=75 | SourceName=Motor3 | EventType=application | SourceNode=ns=1;s=MotorSource3
[Anomaly Input] [2026-08-16 20:49:28.231 (UTC)] info/application	[Motor] Received distance: 28.299408506043 cm | Severity=75 | SourceName=Motor | EventType=application | SourceNode=ns=1;s=MotorSource
[Anomaly Input] [2026-08-16 20:49:28.231 (UTC)] info/application	[Motor] Received distance: 29.7309523915085 cm | Severity=75 | SourceName=Motor2 | EventType=application | SourceNode=ns=1;s=MotorSource2
[Anomaly Input] [2026-08-16 20:49:28.231 (UTC)] info/application	[Motor] Distance safe (25.5002350406722); rotating motor to 90 degrees | Severity=75 | SourceName=Motor3 | EventType=application | SourceNode=ns=1;s=MotorSource3
[Anomaly Input] [2026-08-16 20:49:28.231 (UTC)] info/application	[Motor] Distance safe (28.299408506043); rotating motor to 90 degrees | Severity=75 | SourceName=Motor | EventType=application | SourceNode=ns=1;s=MotorSource
[Anomaly Input] [2026-08-16 20:49:28.231 (UTC)] info/application	[Motor] Distance safe (29.7309523915085); rotating motor to 90 degrees | Severity=75 | SourceName=Motor2 | EventType=application | SourceNode=ns=1;s=MotorSource2
[Anomaly Input] [2026-08-16 20:49:28.735 (UTC)] info/application	[Sensor] Updated distance: 25.8920070146639 cm | Severity=75 | SourceName=Sensor3 | EventType=application | SourceNode=ns=1;s=SensorSource3
[Anomaly Input] [2026-08-16 20:49:28.736 (UTC)] info/application	[Sensor] Updated distance: 28.4094448561824 cm | Severity=75 | SourceName=Sensor | EventType=application | SourceNode=ns=1;s=SensorSource
[Anomaly Input] [2026-08-16 20:49:28.736 (UTC)] info/application	[Sensor] Updated distance: 31.0514421821811 cm | Severity=75 | SourceName=Sensor2 | EventType=application | SourceNode=ns=1;s=SensorSource2
[Anomaly Input] [2026-08-16 20:49:29.231 (UTC)] info/application	[Motor] Received distance: 25.8920070146639 cm | Severity=75 | SourceName=Motor3 | EventType=application | SourceNode=ns=1;s=MotorSource3
[Anomaly Input] [2026-08-16 20:49:29.232 (UTC)] info/application	[Motor] Received distance: 28.4094448561824 cm | Severity=75 | SourceName=Motor | EventType=application | SourceNode=ns=1;s=MotorSource
[Anomaly Input] [2026-08-16 20:49:29.232 (UTC)] info/application	[Motor] Received distance: 31.0514421821811 cm | Severity=75 | SourceName=Motor2 | EventType=application | SourceNode=ns=1;s=MotorSource2
[Anomaly Input] [2026-08-16 20:49:29.231 (UTC)] info/application	[Motor] Distance safe (25.8920070146639); rotating motor to 90 degrees | Severity=75 | SourceName=Motor3 | EventType=application | SourceNode=ns=1;s=MotorSource3
[Anomaly Input] [2026-08-16 20:49:29.232 (UTC)] info/application	[Motor] Distance safe (28.4094448561824); rotating motor to 90 degrees | Severity=75 | SourceName=Motor | EventType=application | SourceNode=ns=1;s=MotorSource
[Anomaly Input] [2026-08-16 20:49:29.232 (UTC)] info/application	[Motor] Distance safe (31.0514421821811); rotating motor to 90 degrees | Severity=75 | SourceName=Motor2 | EventType=application | SourceNode=ns=1;s=MotorSource2
[Anomaly Input] [2026-08-16 20:49:29.736 (UTC)] info/application	[Sensor] Updated distance: 29.1810111183119 cm | Severity=75 | SourceName=Sensor | EventType=application | SourceNode=ns=1;s=SensorSource
[Anomaly Input] [2026-08-16 20:49:29.736 (UTC)] info/application	[Sensor] Updated distance: 24.6518499316423 cm | Severity=75 | SourceName=Sensor3 | EventType=application | SourceNode=ns=1;s=SensorSource3
[Anomaly Input] [2026-08-16 20:49:29.736 (UTC)] info/application	[Sensor] Updated distance: 30.8572011098066 cm | Severity=75 | SourceName=Sensor2 | EventType=application | SourceNode=ns=1;s=SensorSource2
[Anomaly Input] [2026-08-16 20:49:30.231 (UTC)] info/application	[Motor] Received distance: 24.6518499316423 cm | Severity=75 | SourceName=Motor3 | EventType=application | SourceNode=ns=1;s=MotorSource3
[Anomaly Input] [2026-08-16 20:49:30.232 (UTC)] info/application	[Motor] Received distance: 30.8572011098066 cm | Severity=75 | SourceName=Motor2 | EventType=application | SourceNode=ns=1;s=MotorSource2
[Anomaly Input] [2026-08-16 20:49:30.240 (UTC)] info/application	[Motor] Received distance: 29.1810111183119 cm | Severity=75 | SourceName=Motor | EventType=application | SourceNode=ns=1;s=MotorSource
[Anomaly Input] [2026-08-16 20:49:30.231 (UTC)] info/application	[Motor] Distance safe (24.6518499316423); rotating motor to 90 degrees | Severity=75 | SourceName=Motor3 | EventType=application | SourceNode=ns=1;s=MotorSource3
[Anomaly Input] [2026-08-16 20:49:30.232 (UTC)] info/application	[Motor] Distance safe (30.8572011098066); rotating motor to 90 degrees | Severity=75 | SourceName=Motor2 | EventType=application | SourceNode=ns=1;s=MotorSource2
[Anomaly Input] [2026-08-16 20:49:30.240 (UTC)] info/application	[Motor] Distance safe (29.1810111183119); rotating motor to 90 degrees | Severity=75 | SourceName=Motor | EventType=application | SourceNode=ns=1;s=MotorSource
[Anomaly Input] [2026-08-16 20:49:30.737 (UTC)] info/application	[Sensor] Updated distance: 30.1847956595872 cm | Severity=75 | SourceName=Sensor | EventType=application | SourceNode=ns=1;s=SensorSource
[Anomaly Input] [2026-08-16 20:49:30.737 (UTC)] info/application	[Sensor] Updated distance: 25.4072393748943 cm | Severity=75 | SourceName=Sensor3 | EventType=application | SourceNode=ns=1;s=SensorSource3
[Anomaly Input] [2026-08-16 20:49:30.737 (UTC)] info/application	[Sensor] Updated distance: 31.8477020388691 cm | Severity=75 | SourceName=Sensor2 | EventType=application | SourceNode=ns=1;s=SensorSource2
[Anomaly Input] [2026-08-16 20:49:31.232 (UTC)] info/application	[Motor] Received distance: 30.1847956595872 cm | Severity=75 | SourceName=Motor | EventType=application | SourceNode=ns=1;s=MotorSource
[Anomaly Input] [2026-08-16 20:49:31.232 (UTC)] info/application	[Motor] Received distance: 25.4072393748943 cm | Severity=75 | SourceName=Motor3 | EventType=application | SourceNode=ns=1;s=MotorSource3
[Anomaly Input] [2026-08-16 20:49:31.240 (UTC)] info/application	[Motor] Received distance: 31.8477020388691 cm | Severity=75 | SourceName=Motor2 | EventType=application | SourceNode=ns=1;s=MotorSource2
[Anomaly Input] [2026-08-16 20:49:31.232 (UTC)] info/application	[Motor] Distance safe (30.1847956595872); rotating motor to 90 degrees | Severity=75 | SourceName=Motor | EventType=application | SourceNode=ns=1;s=MotorSource
[Anomaly Input] [2026-08-16 20:49:31.232 (UTC)] info/application	[Motor] Distance safe (25.4072393748943); rotating motor to 90 degrees | Severity=75 | SourceName=Motor3 | EventType=application | SourceNode=ns=1;s=MotorSource3
[Anomaly Input] [2026-08-16 20:49:31.240 (UTC)] info/application	[Motor] Distance safe (31.8477020388691); rotating motor to 90 degrees | Severity=75 | SourceName=Motor2 | EventType=application | SourceNode=ns=1;s=MotorSource2
[Anomaly Input] [2026-08-16 20:49:31.737 (UTC)] info/application	[Sensor] Updated distance: 31.4668527408349 cm | Severity=75 | SourceName=Sensor2 | EventType=application | SourceNode=ns=1;s=SensorSource2
[Anomaly Input] [2026-08-16 20:49:31.737 (UTC)] info/application	[Sensor] Updated distance: 31.1153746170995 cm | Severity=75 | SourceName=Sensor | EventType=application | SourceNode=ns=1;s=SensorSource
[Anomaly Input] [2026-08-16 20:49:31.737 (UTC)] info/application	[Sensor] Updated distance: 26.0656717706312 cm | Severity=75 | SourceName=Sensor3 | EventType=application | SourceNode=ns=1;s=SensorSource3
[Anomaly Input] [2026-08-16 20:49:32.232 (UTC)] info/application	[Motor] Received distance: 31.4668527408349 cm | Severity=75 | SourceName=Motor2 | EventType=application | SourceNode=ns=1;s=MotorSource2
[Anomaly Input] [2026-08-16 20:49:32.240 (UTC)] info/application	[Motor] Received distance: 31.1153746170995 cm | Severity=75 | SourceName=Motor | EventType=application | SourceNode=ns=1;s=MotorSource
[Anomaly Input] [2026-08-16 20:49:32.241 (UTC)] info/application	[Motor] Received distance: 26.0656717706312 cm | Severity=75 | SourceName=Motor3 | EventType=application | SourceNode=ns=1;s=MotorSource3
[Anomaly Input] [2026-08-16 20:49:32.232 (UTC)] info/application	[Motor] Distance safe (31.4668527408349); rotating motor to 90 degrees | Severity=75 | SourceName=Motor2 | EventType=application | SourceNode=ns=1;s=MotorSource2
[Anomaly Input] [2026-08-16 20:49:32.240 (UTC)] info/application	[Motor] Distance safe (31.1153746170995); rotating motor to 90 degrees | Severity=75 | SourceName=Motor | EventType=application | SourceNode=ns=1;s=MotorSource
[Anomaly Input] [2026-08-16 20:49:32.241 (UTC)] info/application	[Motor] Distance safe (26.0656717706312); rotating motor to 90 degrees | Severity=75 | SourceName=Motor3 | EventType=application | SourceNode=ns=1;s=MotorSource3
[Anomaly Input] [2026-08-16 20:49:32.728 (UTC)] info/application	[Sensor] Updated distance: 32.3052668670682 cm | Severity=75 | SourceName=Sensor2 | EventType=application | SourceNode=ns=1;s=SensorSource2
[Anomaly Input] [2026-08-16 20:49:32.728 (UTC)] info/application	[Sensor] Updated distance: 25.6520983211938 cm | Severity=75 | SourceName=Sensor3 | EventType=application | SourceNode=ns=1;s=SensorSource3
[Anomaly Input] [2026-08-16 20:49:32.728 (UTC)] info/application	[Sensor] Updated distance: 31.1028274382012 cm | Severity=75 | SourceName=Sensor | EventType=application | SourceNode=ns=1;s=SensorSource
[Anomaly Input] [2026-08-16 20:49:33.234 (UTC)] info/application	[Motor] Received distance: 25.6520983211938 cm | Severity=75 | SourceName=Motor3 | EventType=application | SourceNode=ns=1;s=MotorSource3
[Anomaly Input] [2026-08-16 20:49:33.234 (UTC)] info/application	[Motor] Received distance: 31.1028274382012 cm | Severity=75 | SourceName=Motor | EventType=application | SourceNode=ns=1;s=MotorSource
[Anomaly Input] [2026-08-16 20:49:33.242 (UTC)] info/application	[Motor] Received distance: 32.3052668670682 cm | Severity=75 | SourceName=Motor2 | EventType=application | SourceNode=ns=1;s=MotorSource2
[Anomaly Input] [2026-08-16 20:49:33.234 (UTC)] info/application	[Motor] Distance safe (25.6520983211938); rotating motor to 90 degrees | Severity=75 | SourceName=Motor3 | EventType=application | SourceNode=ns=1;s=MotorSource3
[Anomaly Input] [2026-08-16 20:49:33.234 (UTC)] info/application	[Motor] Distance safe (31.1028274382012); rotating motor to 90 degrees | Severity=75 | SourceName=Motor | EventType=application | SourceNode=ns=1;s=MotorSource
[Anomaly Input] [2026-08-16 20:49:33.242 (UTC)] info/application	[Motor] Distance safe (32.3052668670682); rotating motor to 90 degrees | Severity=75 | SourceName=Motor2 | EventType=application | SourceNode=ns=1;s=MotorSource2
[Anomaly Input] [2026-08-16 20:49:33.728 (UTC)] info/application	[Sensor] Updated distance: 32.4836828280164 cm | Severity=75 | SourceName=Sensor2 | EventType=application | SourceNode=ns=1;s=SensorSource2
[Anomaly Input] [2026-08-16 20:49:33.729 (UTC)] info/application	[Sensor] Updated distance: 31.4727671164893 cm | Severity=75 | SourceName=Sensor | EventType=application | SourceNode=ns=1;s=SensorSource
[Anomaly Input] [2026-08-16 20:49:33.729 (UTC)] info/application	[Sensor] Updated distance: 25.071518035406 cm | Severity=75 | SourceName=Sensor3 | EventType=application | SourceNode=ns=1;s=SensorSource3
[Anomaly Input] [2026-08-16 20:49:34.234 (UTC)] info/application	[Motor] Received distance: 32.4836828280164 cm | Severity=75 | SourceName=Motor2 | EventType=application | SourceNode=ns=1;s=MotorSource2
[Anomaly Input] [2026-08-16 20:49:34.242 (UTC)] info/application	[Motor] Received distance: 31.4727671164893 cm | Severity=75 | SourceName=Motor | EventType=application | SourceNode=ns=1;s=MotorSource
[Anomaly Input] [2026-08-16 20:49:34.242 (UTC)] info/application	[Motor] Received distance: 25.071518035406 cm | Severity=75 | SourceName=Motor3 | EventType=application | SourceNode=ns=1;s=MotorSource3
[Anomaly Input] [2026-08-16 20:49:34.234 (UTC)] info/application	[Motor] Distance safe (32.4836828280164); rotating motor to 90 degrees | Severity=75 | SourceName=Motor2 | EventType=application | SourceNode=ns=1;s=MotorSource2
[Anomaly Input] [2026-08-16 20:49:34.242 (UTC)] info/application	[Motor] Distance safe (31.4727671164893); rotating motor to 90 degrees | Severity=75 | SourceName=Motor | EventType=application | SourceNode=ns=1;s=MotorSource
[Anomaly Input] [2026-08-16 20:49:34.242 (UTC)] info/application	[Motor] Distance safe (25.071518035406); rotating motor to 90 degrees | Severity=75 | SourceName=Motor3 | EventType=application | SourceNode=ns=1;s=MotorSource3
[Anomaly Input] [2026-08-16 20:49:34.729 (UTC)] info/application	[Sensor] Updated distance: 32.0245418269301 cm | Severity=75 | SourceName=Sensor2 | EventType=application | SourceNode=ns=1;s=SensorSource2
[Anomaly Input] [2026-08-16 20:49:34.729 (UTC)] info/application	[Sensor] Updated distance: 32.9101949492051 cm | Severity=75 | SourceName=Sensor | EventType=application | SourceNode=ns=1;s=SensorSource
[Anomaly Input] [2026-08-16 20:49:34.729 (UTC)] info/application	[Sensor] Updated distance: 25.5645017137585 cm | Severity=75 | SourceName=Sensor3 | EventType=application | SourceNode=ns=1;s=SensorSource3
[Anomaly Input] [2026-08-16 20:49:35.234 (UTC)] info/application	[Motor] Received distance: 32.9101949492051 cm | Severity=75 | SourceName=Motor | EventType=application | SourceNode=ns=1;s=MotorSource
[Anomaly Input] [2026-08-16 20:49:35.235 (UTC)] info/application	[Motor] Received distance: 25.5645017137585 cm | Severity=75 | SourceName=Motor3 | EventType=application | SourceNode=ns=1;s=MotorSource3
[Anomaly Input] [2026-08-16 20:49:35.242 (UTC)] info/application	[Motor] Received distance: 32.0245418269301 cm | Severity=75 | SourceName=Motor2 | EventType=application | SourceNode=ns=1;s=MotorSource2
[Anomaly Input] [2026-08-16 20:49:35.234 (UTC)] info/application	[Motor] Distance safe (32.9101949492051); rotating motor to 90 degrees | Severity=75 | SourceName=Motor | EventType=application | SourceNode=ns=1;s=MotorSource
[Anomaly Input] [2026-08-16 20:49:35.235 (UTC)] info/application	[Motor] Distance safe (25.5645017137585); rotating motor to 90 degrees | Severity=75 | SourceName=Motor3 | EventType=application | SourceNode=ns=1;s=MotorSource3
[Anomaly Input] [2026-08-16 20:49:35.242 (UTC)] info/application	[Motor] Distance safe (32.0245418269301); rotating motor to 90 degrees | Severity=75 | SourceName=Motor2 | EventType=application | SourceNode=ns=1;s=MotorSource2
[Anomaly Input] [2026-08-16 20:49:35.729 (UTC)] info/application	[Sensor] Updated distance: 30.5654009688019 cm | Severity=75 | SourceName=Sensor2 | EventType=application | SourceNode=ns=1;s=SensorSource2
[Anomaly Input] [2026-08-16 20:49:35.729 (UTC)] info/application	[Sensor] Updated distance: 32.1697994720516 cm | Severity=75 | SourceName=Sensor | EventType=application | SourceNode=ns=1;s=SensorSource
[Anomaly Input] [2026-08-16 20:49:35.729 (UTC)] info/application	[Sensor] Updated distance: 24.4893818888763 cm | Severity=75 | SourceName=Sensor3 | EventType=application | SourceNode=ns=1;s=SensorSource3
[Anomaly Input] [2026-08-16 20:49:36.234 (UTC)] info/application	[Motor] Received distance: 30.5654009688019 cm | Severity=75 | SourceName=Motor2 | EventType=application | SourceNode=ns=1;s=MotorSource2
[Anomaly Input] [2026-08-16 20:49:36.242 (UTC)] info/application	[Motor] Received distance: 32.1697994720516 cm | Severity=75 | SourceName=Motor | EventType=application | SourceNode=ns=1;s=MotorSource
[Anomaly Input] [2026-08-16 20:49:36.243 (UTC)] info/application	[Motor] Received distance: 24.4893818888763 cm | Severity=75 | SourceName=Motor3 | EventType=application | SourceNode=ns=1;s=MotorSource3
[Anomaly Input] [2026-08-16 20:49:36.234 (UTC)] info/application	[Motor] Distance safe (30.5654009688019); rotating motor to 90 degrees | Severity=75 | SourceName=Motor2 | EventType=application | SourceNode=ns=1;s=MotorSource2
[Anomaly Input] [2026-08-16 20:49:36.242 (UTC)] info/application	[Motor] Distance safe (32.1697994720516); rotating motor to 90 degrees | Severity=75 | SourceName=Motor | EventType=application | SourceNode=ns=1;s=MotorSource
[Anomaly Input] [2026-08-16 20:49:36.243 (UTC)] info/application	[Motor] Distance safe (24.4893818888763); rotating motor to 90 degrees | Severity=75 | SourceName=Motor3 | EventType=application | SourceNode=ns=1;s=MotorSource3
[Anomaly Input] [2026-08-16 20:49:36.729 (UTC)] info/application	[Sensor] Updated distance: 29.675232152769 cm | Severity=75 | SourceName=Sensor2 | EventType=application | SourceNode=ns=1;s=SensorSource2
[Anomaly Input] [2026-08-16 20:49:36.729 (UTC)] info/application	[Sensor] Updated distance: 31.9752583862167 cm | Severity=75 | SourceName=Sensor | EventType=application | SourceNode=ns=1;s=SensorSource
[Anomaly Input] [2026-08-16 20:49:36.730 (UTC)] info/application	[Sensor] Updated distance: 24.3358558008148 cm | Severity=75 | SourceName=Sensor3 | EventType=application | SourceNode=ns=1;s=SensorSource3
[Anomaly Input] [2026-08-16 20:49:37.235 (UTC)] info/application	[Motor] Received distance: 24.3358558008148 cm | Severity=75 | SourceName=Motor3 | EventType=application | SourceNode=ns=1;s=MotorSource3
[Anomaly Input] [2026-08-16 20:49:37.235 (UTC)] info/application	[Motor] Received distance: 31.9752583862167 cm | Severity=75 | SourceName=Motor | EventType=application | SourceNode=ns=1;s=MotorSource
[Anomaly Input] [2026-08-16 20:49:37.242 (UTC)] info/application	[Motor] Received distance: 29.675232152769 cm | Severity=75 | SourceName=Motor2 | EventType=application | SourceNode=ns=1;s=MotorSource2
[Anomaly Input] [2026-08-16 20:49:37.235 (UTC)] info/application	[Motor] Distance safe (24.3358558008148); rotating motor to 90 degrees | Severity=75 | SourceName=Motor3 | EventType=application | SourceNode=ns=1;s=MotorSource3
[Anomaly Input] [2026-08-16 20:49:37.235 (UTC)] info/application	[Motor] Distance safe (31.9752583862167); rotating motor to 90 degrees | Severity=75 | SourceName=Motor | EventType=application | SourceNode=ns=1;s=MotorSource
[Anomaly Input] [2026-08-16 20:49:37.242 (UTC)] info/application	[Motor] Distance safe (29.675232152769); rotating motor to 90 degrees | Severity=75 | SourceName=Motor2 | EventType=application | SourceNode=ns=1;s=MotorSource2
[Anomaly Input] [2026-08-16 20:49:37.729 (UTC)] info/application	[Sensor] Updated distance: 29.3925270661211 cm | Severity=75 | SourceName=Sensor2 | EventType=application | SourceNode=ns=1;s=SensorSource2
[Anomaly Input] [2026-08-16 20:49:37.729 (UTC)] info/application	[Sensor] Updated distance: 23.8456565739334 cm | Severity=75 | SourceName=Sensor3 | EventType=application | SourceNode=ns=1;s=SensorSource3
[Anomaly Input] [2026-08-16 20:49:37.729 (UTC)] info/application	[Sensor] Updated distance: 30.8105220269926 cm | Severity=75 | SourceName=Sensor | EventType=application | SourceNode=ns=1;s=SensorSource
[Anomaly Input] [2026-08-16 20:49:38.235 (UTC)] info/application	[Motor] Received distance: 29.3925270661211 cm | Severity=75 | SourceName=Motor2 | EventType=application | SourceNode=ns=1;s=MotorSource2
[Anomaly Input] [2026-08-16 20:49:38.243 (UTC)] info/application	[Motor] Received distance: 23.8456565739334 cm | Severity=75 | SourceName=Motor3 | EventType=application | SourceNode=ns=1;s=MotorSource3
[Anomaly Input] [2026-08-16 20:49:38.243 (UTC)] info/application	[Motor] Received distance: 30.8105220269926 cm | Severity=75 | SourceName=Motor | EventType=application | SourceNode=ns=1;s=MotorSource
[Anomaly Input] [2026-08-16 20:49:38.235 (UTC)] info/application	[Motor] Distance safe (29.3925270661211); rotating motor to 90 degrees | Severity=75 | SourceName=Motor2 | EventType=application | SourceNode=ns=1;s=MotorSource2
[Anomaly Input] [2026-08-16 20:49:38.243 (UTC)] info/application	[Motor] Distance safe (23.8456565739334); rotating motor to 90 degrees | Severity=75 | SourceName=Motor3 | EventType=application | SourceNode=ns=1;s=MotorSource3
[Anomaly Input] [2026-08-16 20:49:38.243 (UTC)] info/application	[Motor] Distance safe (30.8105220269926); rotating motor to 90 degrees | Severity=75 | SourceName=Motor | EventType=application | SourceNode=ns=1;s=MotorSource
[Anomaly Input] [2026-08-16 20:49:38.729 (UTC)] info/application	[Sensor] Updated distance: 30.3238677584212 cm | Severity=75 | SourceName=Sensor | EventType=application | SourceNode=ns=1;s=SensorSource
[Anomaly Input] [2026-08-16 20:49:38.729 (UTC)] info/application	[Sensor] Updated distance: 29.2921500030403 cm | Severity=75 | SourceName=Sensor2 | EventType=application | SourceNode=ns=1;s=SensorSource2
[Anomaly Input] [2026-08-16 20:49:38.729 (UTC)] info/application	[Sensor] Updated distance: 23.6813413434109 cm | Severity=75 | SourceName=Sensor3 | EventType=application | SourceNode=ns=1;s=SensorSource3
[Anomaly Input] [2026-08-16 20:49:39.234 (UTC)] info/application	[Motor] Received distance: 30.3238677584212 cm | Severity=75 | SourceName=Motor | EventType=application | SourceNode=ns=1;s=MotorSource
[Anomaly Input] [2026-08-16 20:49:39.235 (UTC)] info/application	[Motor] Received distance: 23.6813413434109 cm | Severity=75 | SourceName=Motor3 | EventType=application | SourceNode=ns=1;s=MotorSource3
[Anomaly Input] [2026-08-16 20:49:39.243 (UTC)] info/application	[Motor] Received distance: 29.2921500030403 cm | Severity=75 | SourceName=Motor2 | EventType=application | SourceNode=ns=1;s=MotorSource2
[Anomaly Input] [2026-08-16 20:49:39.234 (UTC)] info/application	[Motor] Distance safe (30.3238677584212); rotating motor to 90 degrees | Severity=75 | SourceName=Motor | EventType=application | SourceNode=ns=1;s=MotorSource
[Anomaly Input] [2026-08-16 20:49:39.235 (UTC)] info/application	[Motor] Distance safe (23.6813413434109); rotating motor to 90 degrees | Severity=75 | SourceName=Motor3 | EventType=application | SourceNode=ns=1;s=MotorSource3
[Anomaly Input] [2026-08-16 20:49:39.243 (UTC)] info/application	[Motor] Distance safe (29.2921500030403); rotating motor to 90 degrees | Severity=75 | SourceName=Motor2 | EventType=application | SourceNode=ns=1;s=MotorSource2
[Anomaly Input] [2026-08-16 20:49:39.729 (UTC)] info/application	[Sensor] Updated distance: 28.8931708440153 cm | Severity=75 | SourceName=Sensor | EventType=application | SourceNode=ns=1;s=SensorSource
[Anomaly Input] [2026-08-16 20:49:39.729 (UTC)] info/application	[Sensor] Updated distance: 27.967979053719 cm | Severity=75 | SourceName=Sensor2 | EventType=application | SourceNode=ns=1;s=SensorSource2
[Anomaly Input] [2026-08-16 20:49:39.729 (UTC)] info/application	[Sensor] Updated distance: 24.5492945187954 cm | Severity=75 | SourceName=Sensor3 | EventType=application | SourceNode=ns=1;s=SensorSource3
[Anomaly Input] [2026-08-16 20:49:40.235 (UTC)] info/application	[Motor] Received distance: 27.967979053719 cm | Severity=75 | SourceName=Motor2 | EventType=application | SourceNode=ns=1;s=MotorSource2
[Anomaly Input] [2026-08-16 20:49:40.242 (UTC)] info/application	[Motor] Received distance: 28.8931708440153 cm | Severity=75 | SourceName=Motor | EventType=application | SourceNode=ns=1;s=MotorSource
[Anomaly Input] [2026-08-16 20:49:40.243 (UTC)] info/application	[Motor] Received distance: 24.5492945187954 cm | Severity=75 | SourceName=Motor3 | EventType=application | SourceNode=ns=1;s=MotorSource3
[Anomaly Input] [2026-08-16 20:49:40.235 (UTC)] info/application	[Motor] Distance safe (27.967979053719); rotating motor to 90 degrees | Severity=75 | SourceName=Motor2 | EventType=application | SourceNode=ns=1;s=MotorSource2
[Anomaly Input] [2026-08-16 20:49:40.242 (UTC)] info/application	[Motor] Distance safe (28.8931708440153); rotating motor to 90 degrees | Severity=75 | SourceName=Motor | EventType=application | SourceNode=ns=1;s=MotorSource
[Anomaly Input] [2026-08-16 20:49:40.243 (UTC)] info/application	[Motor] Distance safe (24.5492945187954); rotating motor to 90 degrees | Severity=75 | SourceName=Motor3 | EventType=application | SourceNode=ns=1;s=MotorSource3
[Anomaly Input] [2026-08-16 20:49:40.730 (UTC)] info/application	[Sensor] Updated distance: 26.5462591478351 cm | Severity=75 | SourceName=Sensor2 | EventType=application | SourceNode=ns=1;s=SensorSource2
[Anomaly Input] [2026-08-16 20:49:40.730 (UTC)] info/application	[Sensor] Updated distance: 23.873323591367 cm | Severity=75 | SourceName=Sensor3 | EventType=application | SourceNode=ns=1;s=SensorSource3
[Anomaly Input] [2026-08-16 20:49:40.730 (UTC)] info/application	[Sensor] Updated distance: 28.6760351465438 cm | Severity=75 | SourceName=Sensor | EventType=application | SourceNode=ns=1;s=SensorSource
[Anomaly Input] [2026-08-16 20:49:41.235 (UTC)] info/application	[Motor] Received distance: 23.873323591367 cm | Severity=75 | SourceName=Motor3 | EventType=application | SourceNode=ns=1;s=MotorSource3
[Anomaly Input] [2026-08-16 20:49:41.235 (UTC)] info/application	[Motor] Received distance: 28.6760351465438 cm | Severity=75 | SourceName=Motor | EventType=application | SourceNode=ns=1;s=MotorSource
[Anomaly Input] [2026-08-16 20:49:41.243 (UTC)] info/application	[Motor] Received distance: 26.5462591478351 cm | Severity=75 | SourceName=Motor2 | EventType=application | SourceNode=ns=1;s=MotorSource2
[Anomaly Input] [2026-08-16 20:49:41.235 (UTC)] info/application	[Motor] Distance safe (23.873323591367); rotating motor to 90 degrees | Severity=75 | SourceName=Motor3 | EventType=application | SourceNode=ns=1;s=MotorSource3
[Anomaly Input] [2026-08-16 20:49:41.235 (UTC)] info/application	[Motor] Distance safe (28.6760351465438); rotating motor to 90 degrees | Severity=75 | SourceName=Motor | EventType=application | SourceNode=ns=1;s=MotorSource
[Anomaly Input] [2026-08-16 20:49:41.243 (UTC)] info/application	[Motor] Distance safe (26.5462591478351); rotating motor to 90 degrees | Severity=75 | SourceName=Motor2 | EventType=application | SourceNode=ns=1;s=MotorSource2
[Anomaly Input] [2026-08-16 20:49:41.730 (UTC)] info/application	[Sensor] Updated distance: 22.9118842642809 cm | Severity=75 | SourceName=Sensor3 | EventType=application | SourceNode=ns=1;s=SensorSource3
[Anomaly Input] [2026-08-16 20:49:41.730 (UTC)] info/application	[Sensor] Updated distance: 28.9328694694829 cm | Severity=75 | SourceName=Sensor | EventType=application | SourceNode=ns=1;s=SensorSource
[Anomaly Input] [2026-08-16 20:49:41.730 (UTC)] info/application	[Sensor] Updated distance: 27.8956487948986 cm | Severity=75 | SourceName=Sensor2 | EventType=application | SourceNode=ns=1;s=SensorSource2
[Anomaly Input] [2026-08-16 20:49:42.236 (UTC)] info/application	[Motor] Received distance: 27.8956487948986 cm | Severity=75 | SourceName=Motor2 | EventType=application | SourceNode=ns=1;s=MotorSource2
[Anomaly Input] [2026-08-16 20:49:42.244 (UTC)] info/application	[Motor] Received distance: 28.9328694694829 cm | Severity=75 | SourceName=Motor | EventType=application | SourceNode=ns=1;s=MotorSource
[Anomaly Input] [2026-08-16 20:49:42.244 (UTC)] info/application	[Motor] Received distance: 22.9118842642809 cm | Severity=75 | SourceName=Motor3 | EventType=application | SourceNode=ns=1;s=MotorSource3
[Anomaly Input] [2026-08-16 20:49:42.236 (UTC)] info/application	[Motor] Distance safe (27.8956487948986); rotating motor to 90 degrees | Severity=75 | SourceName=Motor2 | EventType=application | SourceNode=ns=1;s=MotorSource2
[Anomaly Input] [2026-08-16 20:49:42.244 (UTC)] info/application	[Motor] Distance safe (28.9328694694829); rotating motor to 90 degrees | Severity=75 | SourceName=Motor | EventType=application | SourceNode=ns=1;s=MotorSource
[Anomaly Input] [2026-08-16 20:49:42.244 (UTC)] info/application	[Motor] Distance safe (22.9118842642809); rotating motor to 90 degrees | Severity=75 | SourceName=Motor3 | EventType=application | SourceNode=ns=1;s=MotorSource3
[Anomaly Input] [2026-08-16 20:49:42.730 (UTC)] info/application	[Sensor] Updated distance: 24.1134061953581 cm | Severity=75 | SourceName=Sensor3 | EventType=application | SourceNode=ns=1;s=SensorSource3
[Anomaly Input] [2026-08-16 20:49:42.730 (UTC)] info/application	[Sensor] Updated distance: 28.985429315821 cm | Severity=75 | SourceName=Sensor2 | EventType=application | SourceNode=ns=1;s=SensorSource2
[Anomaly Input] [2026-08-16 20:49:42.730 (UTC)] info/application	[Sensor] Updated distance: 27.9296733978808 cm | Severity=75 | SourceName=Sensor | EventType=application | SourceNode=ns=1;s=SensorSource
[Anomaly Input] [2026-08-16 20:49:43.236 (UTC)] info/application	[Motor] Received distance: 24.1134061953581 cm | Severity=75 | SourceName=Motor3 | EventType=application | SourceNode=ns=1;s=MotorSource3
[Anomaly Input] [2026-08-16 20:49:43.236 (UTC)] info/application	[Motor] Received distance: 27.9296733978808 cm | Severity=75 | SourceName=Motor | EventType=application | SourceNode=ns=1;s=MotorSource
[Anomaly Input] [2026-08-16 20:49:43.244 (UTC)] info/application	[Motor] Received distance: 28.985429315821 cm | Severity=75 | SourceName=Motor2 | EventType=application | SourceNode=ns=1;s=MotorSource2
[Anomaly Input] [2026-08-16 20:49:43.236 (UTC)] info/application	[Motor] Distance safe (24.1134061953581); rotating motor to 90 degrees | Severity=75 | SourceName=Motor3 | EventType=application | SourceNode=ns=1;s=MotorSource3
[Anomaly Input] [2026-08-16 20:49:43.236 (UTC)] info/application	[Motor] Distance safe (27.9296733978808); rotating motor to 90 degrees | Severity=75 | SourceName=Motor | EventType=application | SourceNode=ns=1;s=MotorSource
[Anomaly Input] [2026-08-16 20:49:43.244 (UTC)] info/application	[Motor] Distance safe (28.985429315821); rotating motor to 90 degrees | Severity=75 | SourceName=Motor2 | EventType=application | SourceNode=ns=1;s=MotorSource2
[Anomaly Input] [2026-08-16 20:49:43.730 (UTC)] info/application	[Sensor] Updated distance: 29.1953508726765 cm | Severity=75 | SourceName=Sensor2 | EventType=application | SourceNode=ns=1;s=SensorSource2
[Anomaly Input] [2026-08-16 20:49:43.730 (UTC)] info/application	[Sensor] Updated distance: 24.6573505933198 cm | Severity=75 | SourceName=Sensor3 | EventType=application | SourceNode=ns=1;s=SensorSource3
[Anomaly Input] [2026-08-16 20:49:43.730 (UTC)] info/application	[Sensor] Updated distance: 28.3781247510939 cm | Severity=75 | SourceName=Sensor | EventType=application | SourceNode=ns=1;s=SensorSource
[Anomaly Input] [2026-08-16 20:49:44.236 (UTC)] info/application	[Motor] Received distance: 29.1953508726765 cm | Severity=75 | SourceName=Motor2 | EventType=application | SourceNode=ns=1;s=MotorSource2
[Anomaly Input] [2026-08-16 20:49:44.244 (UTC)] info/application	[Motor] Received distance: 28.3781247510939 cm | Severity=75 | SourceName=Motor | EventType=application | SourceNode=ns=1;s=MotorSource
[Anomaly Input] [2026-08-16 20:49:44.244 (UTC)] info/application	[Motor] Received distance: 24.6573505933198 cm | Severity=75 | SourceName=Motor3 | EventType=application | SourceNode=ns=1;s=MotorSource3
[Anomaly Input] [2026-08-16 20:49:44.236 (UTC)] info/application	[Motor] Distance safe (29.1953508726765); rotating motor to 90 degrees | Severity=75 | SourceName=Motor2 | EventType=application | SourceNode=ns=1;s=MotorSource2
[Anomaly Input] [2026-08-16 20:49:44.244 (UTC)] info/application	[Motor] Distance safe (28.3781247510939); rotating motor to 90 degrees | Severity=75 | SourceName=Motor | EventType=application | SourceNode=ns=1;s=MotorSource
[Anomaly Input] [2026-08-16 20:49:44.244 (UTC)] info/application	[Motor] Distance safe (24.6573505933198); rotating motor to 90 degrees | Severity=75 | SourceName=Motor3 | EventType=application | SourceNode=ns=1;s=MotorSource3
[Anomaly Input] [2026-08-16 20:49:44.730 (UTC)] info/application	[Sensor] Updated distance: 23.3995210078542 cm | Severity=75 | SourceName=Sensor3 | EventType=application | SourceNode=ns=1;s=SensorSource3
[Anomaly Input] [2026-08-16 20:49:44.730 (UTC)] info/application	[Sensor] Updated distance: 28.7995240957474 cm | Severity=75 | SourceName=Sensor | EventType=application | SourceNode=ns=1;s=SensorSource
[Anomaly Input] [2026-08-16 20:49:44.730 (UTC)] info/application	[Sensor] Updated distance: 30.6426622796071 cm | Severity=75 | SourceName=Sensor2 | EventType=application | SourceNode=ns=1;s=SensorSource2
[Anomaly Input] [2026-08-16 20:49:45.235 (UTC)] info/application	[Motor] Received distance: 23.3995210078542 cm | Severity=75 | SourceName=Motor3 | EventType=application | SourceNode=ns=1;s=MotorSource3
[Anomaly Input] [2026-08-16 20:49:45.236 (UTC)] info/application	[Motor] Received distance: 28.7995240957474 cm | Severity=75 | SourceName=Motor | EventType=application | SourceNode=ns=1;s=MotorSource
[Anomaly Input] [2026-08-16 20:49:45.244 (UTC)] info/application	[Motor] Received distance: 30.6426622796071 cm | Severity=75 | SourceName=Motor2 | EventType=application | SourceNode=ns=1;s=MotorSource2
[Anomaly Input] [2026-08-16 20:49:45.235 (UTC)] info/application	[Motor] Distance safe (23.3995210078542); rotating motor to 90 degrees | Severity=75 | SourceName=Motor3 | EventType=application | SourceNode=ns=1;s=MotorSource3
[Anomaly Input] [2026-08-16 20:49:45.236 (UTC)] info/application	[Motor] Distance safe (28.7995240957474); rotating motor to 90 degrees | Severity=75 | SourceName=Motor | EventType=application | SourceNode=ns=1;s=MotorSource
[Anomaly Input] [2026-08-16 20:49:45.244 (UTC)] info/application	[Motor] Distance safe (30.6426622796071); rotating motor to 90 degrees | Severity=75 | SourceName=Motor2 | EventType=application | SourceNode=ns=1;s=MotorSource2
[Anomaly Input] [2026-08-16 20:49:45.730 (UTC)] info/application	[Sensor] Updated distance: 23.3913439912215 cm | Severity=75 | SourceName=Sensor3 | EventType=application | SourceNode=ns=1;s=SensorSource3
[Anomaly Input] [2026-08-16 20:49:45.731 (UTC)] info/application	[Sensor] Updated distance: 31.1813882792747 cm | Severity=75 | SourceName=Sensor2 | EventType=application | SourceNode=ns=1;s=SensorSource2
[Anomaly Input] [2026-08-16 20:49:45.731 (UTC)] info/application	[Sensor] Updated distance: 30.2657948046763 cm | Severity=75 | SourceName=Sensor | EventType=application | SourceNode=ns=1;s=SensorSource
[Anomaly Input] [2026-08-16 20:49:46.236 (UTC)] info/application	[Motor] Received distance: 31.1813882792747 cm | Severity=75 | SourceName=Motor2 | EventType=application | SourceNode=ns=1;s=MotorSource2
[Anomaly Input] [2026-08-16 20:49:46.245 (UTC)] info/application	[Motor] Received distance: 30.2657948046763 cm | Severity=75 | SourceName=Motor | EventType=application | SourceNode=ns=1;s=MotorSource
[Anomaly Input] [2026-08-16 20:49:46.245 (UTC)] info/application	[Motor] Received distance: 23.3913439912215 cm | Severity=75 | SourceName=Motor3 | EventType=application | SourceNode=ns=1;s=MotorSource3
[Anomaly Input] [2026-08-16 20:49:46.236 (UTC)] info/application	[Motor] Distance safe (31.1813882792747); rotating motor to 90 degrees | Severity=75 | SourceName=Motor2 | EventType=application | SourceNode=ns=1;s=MotorSource2
[Anomaly Input] [2026-08-16 20:49:46.245 (UTC)] info/application	[Motor] Distance safe (30.2657948046763); rotating motor to 90 degrees | Severity=75 | SourceName=Motor | EventType=application | SourceNode=ns=1;s=MotorSource
[Anomaly Input] [2026-08-16 20:49:46.245 (UTC)] info/application	[Motor] Distance safe (23.3913439912215); rotating motor to 90 degrees | Severity=75 | SourceName=Motor3 | EventType=application | SourceNode=ns=1;s=MotorSource3
[Anomaly Input] [2026-08-16 20:49:46.731 (UTC)] info/application	[Sensor] Updated distance: 28.7733237472239 cm | Severity=75 | SourceName=Sensor | EventType=application | SourceNode=ns=1;s=SensorSource
[Anomaly Input] [2026-08-16 20:49:46.731 (UTC)] info/application	[Sensor] Updated distance: 29.8711783927265 cm | Severity=75 | SourceName=Sensor2 | EventType=application | SourceNode=ns=1;s=SensorSource2
[Anomaly Input] [2026-08-16 20:49:46.731 (UTC)] info/application	[Sensor] Updated distance: 23.6227759940655 cm | Severity=75 | SourceName=Sensor3 | EventType=application | SourceNode=ns=1;s=SensorSource3
[Anomaly Input] [2026-08-16 20:49:47.236 (UTC)] info/application	[Motor] Received distance: 23.6227759940655 cm | Severity=75 | SourceName=Motor3 | EventType=application | SourceNode=ns=1;s=MotorSource3
[Anomaly Input] [2026-08-16 20:49:47.236 (UTC)] info/application	[Motor] Received distance: 28.7733237472239 cm | Severity=75 | SourceName=Motor | EventType=application | SourceNode=ns=1;s=MotorSource
[Anomaly Input] [2026-08-16 20:49:47.244 (UTC)] info/application	[Motor] Received distance: 29.8711783927265 cm | Severity=75 | SourceName=Motor2 | EventType=application | SourceNode=ns=1;s=MotorSource2
[Anomaly Input] [2026-08-16 20:49:47.236 (UTC)] info/application	[Motor] Distance safe (23.6227759940655); rotating motor to 90 degrees | Severity=75 | SourceName=Motor3 | EventType=application | SourceNode=ns=1;s=MotorSource3
[Anomaly Input] [2026-08-16 20:49:47.236 (UTC)] info/application	[Motor] Distance safe (28.7733237472239); rotating motor to 90 degrees | Severity=75 | SourceName=Motor | EventType=application | SourceNode=ns=1;s=MotorSource
[Anomaly Input] [2026-08-16 20:49:47.244 (UTC)] info/application	[Motor] Distance safe (29.8711783927265); rotating motor to 90 degrees | Severity=75 | SourceName=Motor2 | EventType=application | SourceNode=ns=1;s=MotorSource2
[Anomaly Input] [2026-08-16 20:49:47.731 (UTC)] info/application	[Sensor] Updated distance: 23.9517033274526 cm | Severity=75 | SourceName=Sensor3 | EventType=application | SourceNode=ns=1;s=SensorSource3
[Anomaly Input] [2026-08-16 20:49:47.731 (UTC)] info/application	[Sensor] Updated distance: 29.5111487628944 cm | Severity=75 | SourceName=Sensor | EventType=application | SourceNode=ns=1;s=SensorSource
[Anomaly Input] [2026-08-16 20:49:47.731 (UTC)] info/application	[Sensor] Updated distance: 31.3434980278106 cm | Severity=75 | SourceName=Sensor2 | EventType=application | SourceNode=ns=1;s=SensorSource2
[Anomaly Input] [2026-08-16 20:49:48.237 (UTC)] info/application	[Motor] Received distance: 31.3434980278106 cm | Severity=75 | SourceName=Motor2 | EventType=application | SourceNode=ns=1;s=MotorSource2
[Anomaly Input] [2026-08-16 20:49:48.245 (UTC)] info/application	[Motor] Received distance: 29.5111487628944 cm | Severity=75 | SourceName=Motor | EventType=application | SourceNode=ns=1;s=MotorSource
[Anomaly Input] [2026-08-16 20:49:48.245 (UTC)] info/application	[Motor] Received distance: 23.9517033274526 cm | Severity=75 | SourceName=Motor3 | EventType=application | SourceNode=ns=1;s=MotorSource3
[Anomaly Input] [2026-08-16 20:49:48.237 (UTC)] info/application	[Motor] Distance safe (31.3434980278106); rotating motor to 90 degrees | Severity=75 | SourceName=Motor2 | EventType=application | SourceNode=ns=1;s=MotorSource2
[Anomaly Input] [2026-08-16 20:49:48.245 (UTC)] info/application	[Motor] Distance safe (29.5111487628944); rotating motor to 90 degrees | Severity=75 | SourceName=Motor | EventType=application | SourceNode=ns=1;s=MotorSource
[Anomaly Input] [2026-08-16 20:49:48.245 (UTC)] info/application	[Motor] Distance safe (23.9517033274526); rotating motor to 90 degrees | Severity=75 | SourceName=Motor3 | EventType=application | SourceNode=ns=1;s=MotorSource3
[Anomaly Input] [2026-08-16 20:49:48.732 (UTC)] info/application	[Sensor] Updated distance: 29.7196785075216 cm | Severity=75 | SourceName=Sensor | EventType=application | SourceNode=ns=1;s=SensorSource
[Anomaly Input] [2026-08-16 20:49:48.732 (UTC)] info/application	[Sensor] Updated distance: 24.3251682973118 cm | Severity=75 | SourceName=Sensor3 | EventType=application | SourceNode=ns=1;s=SensorSource3
[Anomaly Input] [2026-08-16 20:49:48.732 (UTC)] info/application	[Sensor] Updated distance: 32.585865028941 cm | Severity=75 | SourceName=Sensor2 | EventType=application | SourceNode=ns=1;s=SensorSource2
[Anomaly Input] [2026-08-16 20:49:49.237 (UTC)] info/application	[Motor] Received distance: 29.7196785075216 cm | Severity=75 | SourceName=Motor | EventType=application | SourceNode=ns=1;s=MotorSource
[Anomaly Input] [2026-08-16 20:49:49.238 (UTC)] info/application	[Motor] Received distance: 24.3251682973118 cm | Severity=75 | SourceName=Motor3 | EventType=application | SourceNode=ns=1;s=MotorSource3
[Anomaly Input] [2026-08-16 20:49:49.246 (UTC)] info/application	[Motor] Received distance: 32.585865028941 cm | Severity=75 | SourceName=Motor2 | EventType=application | SourceNode=ns=1;s=MotorSource2
[Anomaly Input] [2026-08-16 20:49:49.237 (UTC)] info/application	[Motor] Distance safe (29.7196785075216); rotating motor to 90 degrees | Severity=75 | SourceName=Motor | EventType=application | SourceNode=ns=1;s=MotorSource
[Anomaly Input] [2026-08-16 20:49:49.238 (UTC)] info/application	[Motor] Distance safe (24.3251682973118); rotating motor to 90 degrees | Severity=75 | SourceName=Motor3 | EventType=application | SourceNode=ns=1;s=MotorSource3
[Anomaly Input] [2026-08-16 20:49:49.246 (UTC)] info/application	[Motor] Distance safe (32.585865028941); rotating motor to 90 degrees | Severity=75 | SourceName=Motor2 | EventType=application | SourceNode=ns=1;s=MotorSource2
[Anomaly Input] [2026-08-16 20:49:49.732 (UTC)] info/application	[Sensor] Updated distance: 29.0202875074559 cm | Severity=75 | SourceName=Sensor | EventType=application | SourceNode=ns=1;s=SensorSource
[Anomaly Input] [2026-08-16 20:49:49.732 (UTC)] info/application	[Sensor] Updated distance: 24.480638640458 cm | Severity=75 | SourceName=Sensor3 | EventType=application | SourceNode=ns=1;s=SensorSource3
[Anomaly Input] [2026-08-16 20:49:49.733 (UTC)] info/application	[Sensor] Updated distance: 32.9987202023616 cm | Severity=75 | SourceName=Sensor2 | EventType=application | SourceNode=ns=1;s=SensorSource2
[Anomaly Input] [2026-08-16 20:49:50.238 (UTC)] info/application	[Motor] Received distance: 32.9987202023616 cm | Severity=75 | SourceName=Motor2 | EventType=application | SourceNode=ns=1;s=MotorSource2
[Anomaly Input] [2026-08-16 20:49:50.245 (UTC)] info/application	[Motor] Received distance: 24.480638640458 cm | Severity=75 | SourceName=Motor3 | EventType=application | SourceNode=ns=1;s=MotorSource3
[Anomaly Input] [2026-08-16 20:49:50.246 (UTC)] info/application	[Motor] Received distance: 29.0202875074559 cm | Severity=75 | SourceName=Motor | EventType=application | SourceNode=ns=1;s=MotorSource
[Anomaly Input] [2026-08-16 20:49:50.238 (UTC)] info/application	[Motor] Distance safe (32.9987202023616); rotating motor to 90 degrees | Severity=75 | SourceName=Motor2 | EventType=application | SourceNode=ns=1;s=MotorSource2
[Anomaly Input] [2026-08-16 20:49:50.245 (UTC)] info/application	[Motor] Distance safe (24.480638640458); rotating motor to 90 degrees | Severity=75 | SourceName=Motor3 | EventType=application | SourceNode=ns=1;s=MotorSource3
[Anomaly Input] [2026-08-16 20:49:50.246 (UTC)] info/application	[Motor] Distance safe (29.0202875074559); rotating motor to 90 degrees | Severity=75 | SourceName=Motor | EventType=application | SourceNode=ns=1;s=MotorSource
[Anomaly Input] [2026-08-16 20:49:50.732 (UTC)] info/application	[Sensor] Updated distance: 28.829227585266 cm | Severity=75 | SourceName=Sensor | EventType=application | SourceNode=ns=1;s=SensorSource
[Anomaly Input] [2026-08-16 20:49:50.733 (UTC)] info/application	[Sensor] Updated distance: 23.6561523357667 cm | Severity=75 | SourceName=Sensor3 | EventType=application | SourceNode=ns=1;s=SensorSource3
[Anomaly Input] [2026-08-16 20:49:50.733 (UTC)] info/application	[Sensor] Updated distance: 33.7089842211963 cm | Severity=75 | SourceName=Sensor2 | EventType=application | SourceNode=ns=1;s=SensorSource2
[Anomaly Input] [2026-08-16 20:49:51.228 (UTC)] info/application	[Motor] Received distance: 33.7089842211963 cm | Severity=75 | SourceName=Motor2 | EventType=application | SourceNode=ns=1;s=MotorSource2
[Anomaly Input] [2026-08-16 20:49:51.231 (UTC)] info/application	[Motor] Received distance: 23.6561523357667 cm | Severity=75 | SourceName=Motor3 | EventType=application | SourceNode=ns=1;s=MotorSource3
[Anomaly Input] [2026-08-16 20:49:51.237 (UTC)] info/application	[Motor] Received distance: 28.829227585266 cm | Severity=75 | SourceName=Motor | EventType=application | SourceNode=ns=1;s=MotorSource
[Anomaly Input] [2026-08-16 20:49:51.228 (UTC)] info/application	[Motor] Distance safe (33.7089842211963); rotating motor to 90 degrees | Severity=75 | SourceName=Motor2 | EventType=application | SourceNode=ns=1;s=MotorSource2
[Anomaly Input] [2026-08-16 20:49:51.231 (UTC)] info/application	[Motor] Distance safe (23.6561523357667); rotating motor to 90 degrees | Severity=75 | SourceName=Motor3 | EventType=application | SourceNode=ns=1;s=MotorSource3
[Anomaly Input] [2026-08-16 20:49:51.237 (UTC)] info/application	[Motor] Distance safe (28.829227585266); rotating motor to 90 degrees | Severity=75 | SourceName=Motor | EventType=application | SourceNode=ns=1;s=MotorSource
[Anomaly Input] [2026-08-16 20:49:51.732 (UTC)] info/application	[Sensor] Updated distance: 29.6125185960496 cm | Severity=75 | SourceName=Sensor | EventType=application | SourceNode=ns=1;s=SensorSource
[Anomaly Input] [2026-08-16 20:49:51.734 (UTC)] info/application	[Sensor] Updated distance: 23.0944441201139 cm | Severity=75 | SourceName=Sensor3 | EventType=application | SourceNode=ns=1;s=SensorSource3
[Anomaly Input] [2026-08-16 20:49:51.734 (UTC)] info/application	[Sensor] Updated distance: 34.6242628247124 cm | Severity=75 | SourceName=Sensor2 | EventType=application | SourceNode=ns=1;s=SensorSource2
[Anomaly Input] [2026-08-16 20:49:52.230 (UTC)] info/application	[Motor] Received distance: 34.6242628247124 cm | Severity=75 | SourceName=Motor2 | EventType=application | SourceNode=ns=1;s=MotorSource2
[Anomaly Input] [2026-08-16 20:49:52.231 (UTC)] info/application	[Motor] Received distance: 23.0944441201139 cm | Severity=75 | SourceName=Motor3 | EventType=application | SourceNode=ns=1;s=MotorSource3
[Anomaly Input] [2026-08-16 20:49:52.245 (UTC)] info/application	[Motor] Received distance: 29.6125185960496 cm | Severity=75 | SourceName=Motor | EventType=application | SourceNode=ns=1;s=MotorSource
[Anomaly Input] [2026-08-16 20:49:52.230 (UTC)] info/application	[Motor] Distance safe (34.6242628247124); rotating motor to 90 degrees | Severity=75 | SourceName=Motor2 | EventType=application | SourceNode=ns=1;s=MotorSource2
[Anomaly Input] [2026-08-16 20:49:52.231 (UTC)] info/application	[Motor] Distance safe (23.0944441201139); rotating motor to 90 degrees | Severity=75 | SourceName=Motor3 | EventType=application | SourceNode=ns=1;s=MotorSource3
[Anomaly Input] [2026-08-16 20:49:52.245 (UTC)] info/application	[Motor] Distance safe (29.6125185960496); rotating motor to 90 degrees | Severity=75 | SourceName=Motor | EventType=application | SourceNode=ns=1;s=MotorSource
[Anomaly Input] [2026-08-16 20:49:52.732 (UTC)] info/application	[Sensor] Updated distance: 28.120211424362 cm | Severity=75 | SourceName=Sensor | EventType=application | SourceNode=ns=1;s=SensorSource
[Anomaly Input] [2026-08-16 20:49:52.733 (UTC)] info/application	[Sensor] Updated distance: 22.037739787734 cm | Severity=75 | SourceName=Sensor3 | EventType=application | SourceNode=ns=1;s=SensorSource3
[Anomaly Input] [2026-08-16 20:49:52.734 (UTC)] info/application	[Sensor] Updated distance: 34.2158552763126 cm | Severity=75 | SourceName=Sensor2 | EventType=application | SourceNode=ns=1;s=SensorSource2
[Anomaly Input] [2026-08-16 20:49:53.231 (UTC)] info/application	[Motor] Received distance: 34.2158552763126 cm | Severity=75 | SourceName=Motor2 | EventType=application | SourceNode=ns=1;s=MotorSource2
[Anomaly Input] [2026-08-16 20:49:53.231 (UTC)] info/application	[Motor] Received distance: 22.037739787734 cm | Severity=75 | SourceName=Motor3 | EventType=application | SourceNode=ns=1;s=MotorSource3
[Anomaly Input] [2026-08-16 20:49:53.237 (UTC)] info/application	[Motor] Received distance: 28.120211424362 cm | Severity=75 | SourceName=Motor | EventType=application | SourceNode=ns=1;s=MotorSource
[Anomaly Input] [2026-08-16 20:49:53.231 (UTC)] info/application	[Motor] Distance safe (34.2158552763126); rotating motor to 90 degrees | Severity=75 | SourceName=Motor2 | EventType=application | SourceNode=ns=1;s=MotorSource2
[Anomaly Input] [2026-08-16 20:49:53.231 (UTC)] info/application	[Motor] Distance safe (22.037739787734); rotating motor to 90 degrees | Severity=75 | SourceName=Motor3 | EventType=application | SourceNode=ns=1;s=MotorSource3
[Anomaly Input] [2026-08-16 20:49:53.237 (UTC)] info/application	[Motor] Distance safe (28.120211424362); rotating motor to 90 degrees | Severity=75 | SourceName=Motor | EventType=application | SourceNode=ns=1;s=MotorSource
[Anomaly Input] [2026-08-16 20:49:53.733 (UTC)] info/application	[Sensor] Updated distance: 26.9012032213626 cm | Severity=75 | SourceName=Sensor | EventType=application | SourceNode=ns=1;s=SensorSource
[Anomaly Input] [2026-08-16 20:49:53.733 (UTC)] info/application	[Sensor] Updated distance: 20.7683100422231 cm | Severity=75 | SourceName=Sensor3 | EventType=application | SourceNode=ns=1;s=SensorSource3
[Anomaly Input] [2026-08-16 20:49:53.733 (UTC)] info/application	[Sensor] Updated distance: 32.8635329186747 cm | Severity=75 | SourceName=Sensor2 | EventType=application | SourceNode=ns=1;s=SensorSource2
[Anomaly Input] [2026-08-16 20:49:54.228 (UTC)] info/application	[Motor] Received distance: 26.9012032213626 cm | Severity=75 | SourceName=Motor | EventType=application | SourceNode=ns=1;s=MotorSource
[Anomaly Input] [2026-08-16 20:49:54.231 (UTC)] info/application	[Motor] Received distance: 32.8635329186747 cm | Severity=75 | SourceName=Motor2 | EventType=application | SourceNode=ns=1;s=MotorSource2
[Anomaly Input] [2026-08-16 20:49:54.231 (UTC)] info/application	[Motor] Received distance: 20.7683100422231 cm | Severity=75 | SourceName=Motor3 | EventType=application | SourceNode=ns=1;s=MotorSource3
[Anomaly Input] [2026-08-16 20:49:54.228 (UTC)] info/application	[Motor] Distance safe (26.9012032213626); rotating motor to 90 degrees | Severity=75 | SourceName=Motor | EventType=application | SourceNode=ns=1;s=MotorSource
[Anomaly Input] [2026-08-16 20:49:54.231 (UTC)] info/application	[Motor] Distance safe (32.8635329186747); rotating motor to 90 degrees | Severity=75 | SourceName=Motor2 | EventType=application | SourceNode=ns=1;s=MotorSource2
[Anomaly Input] [2026-08-16 20:49:54.231 (UTC)] info/application	[Motor] Distance safe (20.7683100422231); rotating motor to 90 degrees | Severity=75 | SourceName=Motor3 | EventType=application | SourceNode=ns=1;s=MotorSource3
[Anomaly Input] [2026-08-16 20:49:54.733 (UTC)] info/application	[Sensor] Updated distance: 26.4641549794302 cm | Severity=75 | SourceName=Sensor | EventType=application | SourceNode=ns=1;s=SensorSource
[Anomaly Input] [2026-08-16 20:49:54.733 (UTC)] info/application	[Sensor] Updated distance: 20.8083529941776 cm | Severity=75 | SourceName=Sensor3 | EventType=application | SourceNode=ns=1;s=SensorSource3
[Anomaly Input] [2026-08-16 20:49:54.733 (UTC)] info/application	[Sensor] Updated distance: 32.6869007105412 cm | Severity=75 | SourceName=Sensor2 | EventType=application | SourceNode=ns=1;s=SensorSource2
[Anomaly Input] [2026-08-16 20:49:55.230 (UTC)] info/application	[Motor] Received distance: 26.4641549794302 cm | Severity=75 | SourceName=Motor | EventType=application | SourceNode=ns=1;s=MotorSource
[Anomaly Input] [2026-08-16 20:49:55.231 (UTC)] info/application	[Motor] Received distance: 32.6869007105412 cm | Severity=75 | SourceName=Motor2 | EventType=application | SourceNode=ns=1;s=MotorSource2
[Anomaly Input] [2026-08-16 20:49:55.231 (UTC)] info/application	[Motor] Received distance: 20.8083529941776 cm | Severity=75 | SourceName=Motor3 | EventType=application | SourceNode=ns=1;s=MotorSource3
[Anomaly Input] [2026-08-16 20:49:55.230 (UTC)] info/application	[Motor] Distance safe (26.4641549794302); rotating motor to 90 degrees | Severity=75 | SourceName=Motor | EventType=application | SourceNode=ns=1;s=MotorSource
[Anomaly Input] [2026-08-16 20:49:55.231 (UTC)] info/application	[Motor] Distance safe (32.6869007105412); rotating motor to 90 degrees | Severity=75 | SourceName=Motor2 | EventType=application | SourceNode=ns=1;s=MotorSource2
[Anomaly Input] [2026-08-16 20:49:55.231 (UTC)] info/application	[Motor] Distance safe (20.8083529941776); rotating motor to 90 degrees | Severity=75 | SourceName=Motor3 | EventType=application | SourceNode=ns=1;s=MotorSource3
[Anomaly Input] [2026-08-16 20:49:55.733 (UTC)] info/application	[Sensor] Updated distance: 27.5935708214965 cm | Severity=75 | SourceName=Sensor | EventType=application | SourceNode=ns=1;s=SensorSource
[Anomaly Input] [2026-08-16 20:49:55.733 (UTC)] info/application	[Sensor] Updated distance: 21.4347228738175 cm | Severity=75 | SourceName=Sensor3 | EventType=application | SourceNode=ns=1;s=SensorSource3
[Anomaly Input] [2026-08-16 20:49:55.733 (UTC)] info/application	[Sensor] Updated distance: 33.4147960724844 cm | Severity=75 | SourceName=Sensor2 | EventType=application | SourceNode=ns=1;s=SensorSource2
[Anomaly Input] [2026-08-16 20:49:56.230 (UTC)] info/application	[Motor] Received distance: 27.5935708214965 cm | Severity=75 | SourceName=Motor | EventType=application | SourceNode=ns=1;s=MotorSource
[Anomaly Input] [2026-08-16 20:49:56.231 (UTC)] info/application	[Motor] Received distance: 33.4147960724844 cm | Severity=75 | SourceName=Motor2 | EventType=application | SourceNode=ns=1;s=MotorSource2
[Anomaly Input] [2026-08-16 20:49:56.231 (UTC)] info/application	[Motor] Received distance: 21.4347228738175 cm | Severity=75 | SourceName=Motor3 | EventType=application | SourceNode=ns=1;s=MotorSource3
[Anomaly Input] [2026-08-16 20:49:56.230 (UTC)] info/application	[Motor] Distance safe (27.5935708214965); rotating motor to 90 degrees | Severity=75 | SourceName=Motor | EventType=application | SourceNode=ns=1;s=MotorSource
[Anomaly Input] [2026-08-16 20:49:56.231 (UTC)] info/application	[Motor] Distance safe (33.4147960724844); rotating motor to 90 degrees | Severity=75 | SourceName=Motor2 | EventType=application | SourceNode=ns=1;s=MotorSource2
[Anomaly Input] [2026-08-16 20:49:56.231 (UTC)] info/application	[Motor] Distance safe (21.4347228738175); rotating motor to 90 degrees | Severity=75 | SourceName=Motor3 | EventType=application | SourceNode=ns=1;s=MotorSource3
[Anomaly Input] [2026-08-16 20:49:56.733 (UTC)] info/application	[Sensor] Updated distance: 28.4614963226307 cm | Severity=75 | SourceName=Sensor | EventType=application | SourceNode=ns=1;s=SensorSource
[Anomaly Input] [2026-08-16 20:49:56.734 (UTC)] info/application	[Sensor] Updated distance: 22.8128638303898 cm | Severity=75 | SourceName=Sensor3 | EventType=application | SourceNode=ns=1;s=SensorSource3
[Anomaly Input] [2026-08-16 20:49:56.734 (UTC)] info/application	[Sensor] Updated distance: 34.2503565085355 cm | Severity=75 | SourceName=Sensor2 | EventType=application | SourceNode=ns=1;s=SensorSource2
[Anomaly Input] [2026-08-16 20:49:57.230 (UTC)] info/application	[Motor] Received distance: 34.2503565085355 cm | Severity=75 | SourceName=Motor2 | EventType=application | SourceNode=ns=1;s=MotorSource2
[Anomaly Input] [2026-08-16 20:49:57.231 (UTC)] info/application	[Motor] Received distance: 28.4614963226307 cm | Severity=75 | SourceName=Motor | EventType=application | SourceNode=ns=1;s=MotorSource
[Anomaly Input] [2026-08-16 20:49:57.232 (UTC)] info/application	[Motor] Received distance: 22.8128638303898 cm | Severity=75 | SourceName=Motor3 | EventType=application | SourceNode=ns=1;s=MotorSource3
[Anomaly Input] [2026-08-16 20:49:57.231 (UTC)] info/application	[Motor] Distance safe (34.2503565085355); rotating motor to 90 degrees | Severity=75 | SourceName=Motor2 | EventType=application | SourceNode=ns=1;s=MotorSource2
[Anomaly Input] [2026-08-16 20:49:57.231 (UTC)] info/application	[Motor] Distance safe (28.4614963226307); rotating motor to 90 degrees | Severity=75 | SourceName=Motor | EventType=application | SourceNode=ns=1;s=MotorSource
[Anomaly Input] [2026-08-16 20:49:57.232 (UTC)] info/application	[Motor] Distance safe (22.8128638303898); rotating motor to 90 degrees | Severity=75 | SourceName=Motor3 | EventType=application | SourceNode=ns=1;s=MotorSource3
[Anomaly Input] [2026-08-16 20:49:57.734 (UTC)] info/application	[Sensor] Updated distance: 34.5893199947147 cm | Severity=75 | SourceName=Sensor2 | EventType=application | SourceNode=ns=1;s=SensorSource2
[Anomaly Input] [2026-08-16 20:49:57.734 (UTC)] info/application	[Sensor] Updated distance: 29.6673309859668 cm | Severity=75 | SourceName=Sensor | EventType=application | SourceNode=ns=1;s=SensorSource
[Anomaly Input] [2026-08-16 20:49:57.734 (UTC)] info/application	[Sensor] Updated distance: 22.6847165986824 cm | Severity=75 | SourceName=Sensor3 | EventType=application | SourceNode=ns=1;s=SensorSource3
[Anomaly Input] [2026-08-16 20:49:58.231 (UTC)] info/application	[Motor] Received distance: 29.6673309859668 cm | Severity=75 | SourceName=Motor | EventType=application | SourceNode=ns=1;s=MotorSource
[Anomaly Input] [2026-08-16 20:49:58.231 (UTC)] info/application	[Motor] Received distance: 34.5893199947147 cm | Severity=75 | SourceName=Motor2 | EventType=application | SourceNode=ns=1;s=MotorSource2
[Anomaly Input] [2026-08-16 20:49:58.232 (UTC)] info/application	[Motor] Received distance: 22.6847165986824 cm | Severity=75 | SourceName=Motor3 | EventType=application | SourceNode=ns=1;s=MotorSource3
[Anomaly Input] [2026-08-16 20:49:58.231 (UTC)] info/application	[Motor] Distance safe (29.6673309859668); rotating motor to 90 degrees | Severity=75 | SourceName=Motor | EventType=application | SourceNode=ns=1;s=MotorSource
[Anomaly Input] [2026-08-16 20:49:58.231 (UTC)] info/application	[Motor] Distance safe (34.5893199947147); rotating motor to 90 degrees | Severity=75 | SourceName=Motor2 | EventType=application | SourceNode=ns=1;s=MotorSource2
[Anomaly Input] [2026-08-16 20:49:58.232 (UTC)] info/application	[Motor] Distance safe (22.6847165986824); rotating motor to 90 degrees | Severity=75 | SourceName=Motor3 | EventType=application | SourceNode=ns=1;s=MotorSource3
[Anomaly Input] [2026-08-16 20:49:58.734 (UTC)] info/application	[Sensor] Updated distance: 22.0909945043227 cm | Severity=75 | SourceName=Sensor3 | EventType=application | SourceNode=ns=1;s=SensorSource3
[Anomaly Input] [2026-08-16 20:49:58.735 (UTC)] info/application	[Sensor] Updated distance: 30.2647966464352 cm | Severity=75 | SourceName=Sensor | EventType=application | SourceNode=ns=1;s=SensorSource
[Anomaly Input] [2026-08-16 20:49:58.735 (UTC)] info/application	[Sensor] Updated distance: 35.5645249786621 cm | Severity=75 | SourceName=Sensor2 | EventType=application | SourceNode=ns=1;s=SensorSource2
[Anomaly Input] [2026-08-16 20:49:59.230 (UTC)] info/application	[Motor] Received distance: 35.5645249786621 cm | Severity=75 | SourceName=Motor2 | EventType=application | SourceNode=ns=1;s=MotorSource2
[Anomaly Input] [2026-08-16 20:49:59.230 (UTC)] info/application	[Motor] Received distance: 30.2647966464352 cm | Severity=75 | SourceName=Motor | EventType=application | SourceNode=ns=1;s=MotorSource
[Anomaly Input] [2026-08-16 20:49:59.232 (UTC)] info/application	[Motor] Received distance: 22.0909945043227 cm | Severity=75 | SourceName=Motor3 | EventType=application | SourceNode=ns=1;s=MotorSource3
[Anomaly Input] [2026-08-16 20:49:59.230 (UTC)] info/application	[Motor] Distance safe (35.5645249786621); rotating motor to 90 degrees | Severity=75 | SourceName=Motor2 | EventType=application | SourceNode=ns=1;s=MotorSource2
[Anomaly Input] [2026-08-16 20:49:59.230 (UTC)] info/application	[Motor] Distance safe (30.2647966464352); rotating motor to 90 degrees | Severity=75 | SourceName=Motor | EventType=application | SourceNode=ns=1;s=MotorSource
[Anomaly Input] [2026-08-16 20:49:59.232 (UTC)] info/application	[Motor] Distance safe (22.0909945043227); rotating motor to 90 degrees | Severity=75 | SourceName=Motor3 | EventType=application | SourceNode=ns=1;s=MotorSource3
[Anomaly Input] [2026-08-16 20:49:59.734 (UTC)] info/application	[Sensor] Updated distance: 22.3609074348867 cm | Severity=75 | SourceName=Sensor3 | EventType=application | SourceNode=ns=1;s=SensorSource3
[Anomaly Input] [2026-08-16 20:49:59.735 (UTC)] info/application	[Sensor] Updated distance: 29.7427584977088 cm | Severity=75 | SourceName=Sensor | EventType=application | SourceNode=ns=1;s=SensorSource
[Anomaly Input] [2026-08-16 20:49:59.735 (UTC)] info/application	[Sensor] Updated distance: 36.220575203989 cm | Severity=75 | SourceName=Sensor2 | EventType=application | SourceNode=ns=1;s=SensorSource2
[Anomaly Input] [2026-08-16 20:50:00.230 (UTC)] info/application	[Motor] Received distance: 22.3609074348867 cm | Severity=75 | SourceName=Motor3 | EventType=application | SourceNode=ns=1;s=MotorSource3
[Anomaly Input] [2026-08-16 20:50:00.231 (UTC)] info/application	[Motor] Received distance: 29.7427584977088 cm | Severity=75 | SourceName=Motor | EventType=application | SourceNode=ns=1;s=MotorSource
[Anomaly Input] [2026-08-16 20:50:00.231 (UTC)] info/application	[Motor] Received distance: 36.220575203989 cm | Severity=75 | SourceName=Motor2 | EventType=application | SourceNode=ns=1;s=MotorSource2
[Anomaly Input] [2026-08-16 20:50:00.230 (UTC)] info/application	[Motor] Distance safe (22.3609074348867); rotating motor to 90 degrees | Severity=75 | SourceName=Motor3 | EventType=application | SourceNode=ns=1;s=MotorSource3
[Anomaly Input] [2026-08-16 20:50:00.231 (UTC)] info/application	[Motor] Distance safe (29.7427584977088); rotating motor to 90 degrees | Severity=75 | SourceName=Motor | EventType=application | SourceNode=ns=1;s=MotorSource
[Anomaly Input] [2026-08-16 20:50:00.231 (UTC)] info/application	[Motor] Distance safe (36.220575203989); rotating motor to 90 degrees | Severity=75 | SourceName=Motor2 | EventType=application | SourceNode=ns=1;s=MotorSource2
[Anomaly Input] [2026-08-16 20:50:00.735 (UTC)] info/application	[Sensor] Updated distance: 22.4926031201577 cm | Severity=75 | SourceName=Sensor3 | EventType=application | SourceNode=ns=1;s=SensorSource3
[Anomaly Input] [2026-08-16 20:50:00.735 (UTC)] info/application	[Sensor] Updated distance: 34.8652976163967 cm | Severity=75 | SourceName=Sensor2 | EventType=application | SourceNode=ns=1;s=SensorSource2
[Anomaly Input] [2026-08-16 20:50:00.735 (UTC)] info/application	[Sensor] Updated distance: 30.2201594217774 cm | Severity=75 | SourceName=Sensor | EventType=application | SourceNode=ns=1;s=SensorSource
[Anomaly Input] [2026-08-16 20:50:01.231 (UTC)] info/application	[Motor] Received distance: 30.2201594217774 cm | Severity=75 | SourceName=Motor | EventType=application | SourceNode=ns=1;s=MotorSource
[Anomaly Input] [2026-08-16 20:50:01.231 (UTC)] info/application	[Motor] Received distance: 22.4926031201577 cm | Severity=75 | SourceName=Motor3 | EventType=application | SourceNode=ns=1;s=MotorSource3
[Anomaly Input] [2026-08-16 20:50:01.231 (UTC)] info/application	[Motor] Received distance: 34.8652976163967 cm | Severity=75 | SourceName=Motor2 | EventType=application | SourceNode=ns=1;s=MotorSource2
[Anomaly Input] [2026-08-16 20:50:01.231 (UTC)] info/application	[Motor] Distance safe (30.2201594217774); rotating motor to 90 degrees | Severity=75 | SourceName=Motor | EventType=application | SourceNode=ns=1;s=MotorSource
[Anomaly Input] [2026-08-16 20:50:01.231 (UTC)] info/application	[Motor] Distance safe (22.4926031201577); rotating motor to 90 degrees | Severity=75 | SourceName=Motor3 | EventType=application | SourceNode=ns=1;s=MotorSource3
[Anomaly Input] [2026-08-16 20:50:01.231 (UTC)] info/application	[Motor] Distance safe (34.8652976163967); rotating motor to 90 degrees | Severity=75 | SourceName=Motor2 | EventType=application | SourceNode=ns=1;s=MotorSource2
[Anomaly Input] [2026-08-16 20:50:01.735 (UTC)] info/application	[Sensor] Updated distance: 21.154270467653 cm | Severity=75 | SourceName=Sensor3 | EventType=application | SourceNode=ns=1;s=SensorSource3
[Anomaly Input] [2026-08-16 20:50:01.736 (UTC)] info/application	[Sensor] Updated distance: 35.3310035294066 cm | Severity=75 | SourceName=Sensor2 | EventType=application | SourceNode=ns=1;s=SensorSource2
[Anomaly Input] [2026-08-16 20:50:01.736 (UTC)] info/application	[Sensor] Updated distance: 30.3214096221241 cm | Severity=75 | SourceName=Sensor | EventType=application | SourceNode=ns=1;s=SensorSource
[Anomaly Input] [2026-08-16 20:50:02.232 (UTC)] info/application	[Motor] Received distance: 21.154270467653 cm | Severity=75 | SourceName=Motor3 | EventType=application | SourceNode=ns=1;s=MotorSource3
[Anomaly Input] [2026-08-16 20:50:02.240 (UTC)] info/application	[Motor] Received distance: 35.3310035294066 cm | Severity=75 | SourceName=Motor2 | EventType=application | SourceNode=ns=1;s=MotorSource2
[Anomaly Input] [2026-08-16 20:50:02.240 (UTC)] info/application	[Motor] Received distance: 30.3214096221241 cm | Severity=75 | SourceName=Motor | EventType=application | SourceNode=ns=1;s=MotorSource
[Anomaly Input] [2026-08-16 20:50:02.232 (UTC)] info/application	[Motor] Distance safe (21.154270467653); rotating motor to 90 degrees | Severity=75 | SourceName=Motor3 | EventType=application | SourceNode=ns=1;s=MotorSource3
[Anomaly Input] [2026-08-16 20:50:02.240 (UTC)] info/application	[Motor] Distance safe (35.3310035294066); rotating motor to 90 degrees | Severity=75 | SourceName=Motor2 | EventType=application | SourceNode=ns=1;s=MotorSource2
[Anomaly Input] [2026-08-16 20:50:02.240 (UTC)] info/application	[Motor] Distance safe (30.3214096221241); rotating motor to 90 degrees | Severity=75 | SourceName=Motor | EventType=application | SourceNode=ns=1;s=MotorSource
[Anomaly Input] [2026-08-16 20:50:02.735 (UTC)] info/application	[Sensor] Updated distance: 20.5826157925569 cm | Severity=75 | SourceName=Sensor3 | EventType=application | SourceNode=ns=1;s=SensorSource3
[Anomaly Input] [2026-08-16 20:50:02.736 (UTC)] info/application	[Sensor] Updated distance: 34.1062044553022 cm | Severity=75 | SourceName=Sensor2 | EventType=application | SourceNode=ns=1;s=SensorSource2
[Anomaly Input] [2026-08-16 20:50:02.736 (UTC)] info/application	[Sensor] Updated distance: 29.2299504295131 cm | Severity=75 | SourceName=Sensor | EventType=application | SourceNode=ns=1;s=SensorSource
[Anomaly Input] [2026-08-16 20:50:03.231 (UTC)] info/application	[Motor] Received distance: 34.1062044553022 cm | Severity=75 | SourceName=Motor2 | EventType=application | SourceNode=ns=1;s=MotorSource2
[Anomaly Input] [2026-08-16 20:50:03.231 (UTC)] info/application	[Motor] Received distance: 29.2299504295131 cm | Severity=75 | SourceName=Motor | EventType=application | SourceNode=ns=1;s=MotorSource
[Anomaly Input] [2026-08-16 20:50:03.240 (UTC)] info/application	[Motor] Received distance: 20.5826157925569 cm | Severity=75 | SourceName=Motor3 | EventType=application | SourceNode=ns=1;s=MotorSource3
[Anomaly Input] [2026-08-16 20:50:03.231 (UTC)] info/application	[Motor] Distance safe (34.1062044553022); rotating motor to 90 degrees | Severity=75 | SourceName=Motor2 | EventType=application | SourceNode=ns=1;s=MotorSource2
[Anomaly Input] [2026-08-16 20:50:03.231 (UTC)] info/application	[Motor] Distance safe (29.2299504295131); rotating motor to 90 degrees | Severity=75 | SourceName=Motor | EventType=application | SourceNode=ns=1;s=MotorSource
[Anomaly Input] [2026-08-16 20:50:03.240 (UTC)] info/application	[Motor] Distance safe (20.5826157925569); rotating motor to 90 degrees | Severity=75 | SourceName=Motor3 | EventType=application | SourceNode=ns=1;s=MotorSource3
[Anomaly Input] [2026-08-16 20:50:03.735 (UTC)] info/application	[Sensor] Updated distance: 21.8007380283907 cm | Severity=75 | SourceName=Sensor3 | EventType=application | SourceNode=ns=1;s=SensorSource3
[Anomaly Input] [2026-08-16 20:50:03.736 (UTC)] info/application	[Sensor] Updated distance: 28.1948041746834 cm | Severity=75 | SourceName=Sensor | EventType=application | SourceNode=ns=1;s=SensorSource
[Anomaly Input] [2026-08-16 20:50:03.736 (UTC)] info/application	[Sensor] Updated distance: 35.0893409953403 cm | Severity=75 | SourceName=Sensor2 | EventType=application | SourceNode=ns=1;s=SensorSource2
[Anomaly Input] [2026-08-16 20:50:04.230 (UTC)] info/application	[Motor] Received distance: 21.8007380283907 cm | Severity=75 | SourceName=Motor3 | EventType=application | SourceNode=ns=1;s=MotorSource3
[Anomaly Input] [2026-08-16 20:50:04.232 (UTC)] info/application	[Motor] Received distance: 35.0893409953403 cm | Severity=75 | SourceName=Motor2 | EventType=application | SourceNode=ns=1;s=MotorSource2
[Anomaly Input] [2026-08-16 20:50:04.232 (UTC)] info/application	[Motor] Received distance: 28.1948041746834 cm | Severity=75 | SourceName=Motor | EventType=application | SourceNode=ns=1;s=MotorSource
[Anomaly Input] [2026-08-16 20:50:04.230 (UTC)] info/application	[Motor] Distance safe (21.8007380283907); rotating motor to 90 degrees | Severity=75 | SourceName=Motor3 | EventType=application | SourceNode=ns=1;s=MotorSource3
[Anomaly Input] [2026-08-16 20:50:04.232 (UTC)] info/application	[Motor] Distance safe (35.0893409953403); rotating motor to 90 degrees | Severity=75 | SourceName=Motor2 | EventType=application | SourceNode=ns=1;s=MotorSource2
[Anomaly Input] [2026-08-16 20:50:04.232 (UTC)] info/application	[Motor] Distance safe (28.1948041746834); rotating motor to 90 degrees | Severity=75 | SourceName=Motor | EventType=application | SourceNode=ns=1;s=MotorSource
[Anomaly Input] [2026-08-16 20:50:04.735 (UTC)] info/application	[Sensor] Updated distance: 21.3818250914951 cm | Severity=75 | SourceName=Sensor3 | EventType=application | SourceNode=ns=1;s=SensorSource3
[Anomaly Input] [2026-08-16 20:50:04.736 (UTC)] info/application	[Sensor] Updated distance: 34.2334628679014 cm | Severity=75 | SourceName=Sensor2 | EventType=application | SourceNode=ns=1;s=SensorSource2
[Anomaly Input] [2026-08-16 20:50:04.736 (UTC)] info/application	[Sensor] Updated distance: 27.1659940533182 cm | Severity=75 | SourceName=Sensor | EventType=application | SourceNode=ns=1;s=SensorSource
[Anomaly Input] [2026-08-16 20:50:05.231 (UTC)] info/application	[Motor] Received distance: 21.3818250914951 cm | Severity=75 | SourceName=Motor3 | EventType=application | SourceNode=ns=1;s=MotorSource3
[Anomaly Input] [2026-08-16 20:50:05.232 (UTC)] info/application	[Motor] Received distance: 34.2334628679014 cm | Severity=75 | SourceName=Motor2 | EventType=application | SourceNode=ns=1;s=MotorSource2
[Anomaly Input] [2026-08-16 20:50:05.240 (UTC)] info/application	[Motor] Received distance: 27.1659940533182 cm | Severity=75 | SourceName=Motor | EventType=application | SourceNode=ns=1;s=MotorSource
[Anomaly Input] [2026-08-16 20:50:05.231 (UTC)] info/application	[Motor] Distance safe (21.3818250914951); rotating motor to 90 degrees | Severity=75 | SourceName=Motor3 | EventType=application | SourceNode=ns=1;s=MotorSource3
[Anomaly Input] [2026-08-16 20:50:05.232 (UTC)] info/application	[Motor] Distance safe (34.2334628679014); rotating motor to 90 degrees | Severity=75 | SourceName=Motor2 | EventType=application | SourceNode=ns=1;s=MotorSource2
[Anomaly Input] [2026-08-16 20:50:05.240 (UTC)] info/application	[Motor] Distance safe (27.1659940533182); rotating motor to 90 degrees | Severity=75 | SourceName=Motor | EventType=application | SourceNode=ns=1;s=MotorSource
[Anomaly Input] [2026-08-16 20:50:05.735 (UTC)] info/application	[Sensor] Updated distance: 22.8031540947515 cm | Severity=75 | SourceName=Sensor3 | EventType=application | SourceNode=ns=1;s=SensorSource3
[Anomaly Input] [2026-08-16 20:50:05.736 (UTC)] info/application	[Sensor] Updated distance: 34.0495227941077 cm | Severity=75 | SourceName=Sensor2 | EventType=application | SourceNode=ns=1;s=SensorSource2
[Anomaly Input] [2026-08-16 20:50:05.736 (UTC)] info/application	[Sensor] Updated distance: 26.011962692026 cm | Severity=75 | SourceName=Sensor | EventType=application | SourceNode=ns=1;s=SensorSource
[Anomaly Input] [2026-08-16 20:50:06.200 (UTC)] info/session	[System] TCP 17	| SC 2	| Session "ns=1;g=9d441763-0cef-4179-d15d-e52ed52dd23d"	| Closing the Session | Severity=75 | SourceName=System | EventType=session | SourceNode=ns=1;s=SensorSource3
[Anomaly Input] [2026-08-16 20:50:06.201 (UTC)] info/session	[System] TCP 17	| SC 2	| Session "ns=1;g=2fb14ac6-285a-b530-edee-fe7f7c870810"	| Closing the Session | Severity=75 | SourceName=System | EventType=session | SourceNode=ns=1;s=SensorSource2
[Anomaly Input] [2026-08-16 20:50:06.201 (UTC)] info/session	[System] TCP 18	| SC 3	| Session "ns=1;g=3b07523b-8c1a-55a0-7017-01f0492462f6"	| Closing the Session | Severity=75 | SourceName=System | EventType=session | SourceNode=ns=1;s=SensorSource
[Anomaly Input] [2026-08-16 20:50:06.221 (UTC)] info/channel	[System] TCP 17	| SC 2	| SecureChannel closed | Severity=75 | SourceName=System | EventType=channel | SourceNode=ns=1;s=SensorSource3
[Anomaly Input] [2026-08-16 20:50:06.222 (UTC)] info/channel	[System] TCP 17	| SC 2	| SecureChannel closed | Severity=75 | SourceName=System | EventType=channel | SourceNode=ns=1;s=SensorSource2
[Anomaly Input] [2026-08-16 20:50:06.222 (UTC)] info/channel	[System] TCP 18	| SC 3	| SecureChannel closed | Severity=75 | SourceName=System | EventType=channel | SourceNode=ns=1;s=SensorSource
[Anomaly Input] [2026-08-16 20:50:06.221 (UTC)] info/network	[System] TCP 17	| Socket closed | Severity=75 | SourceName=System | EventType=network | SourceNode=ns=1;s=SensorSource3
[Anomaly Input] [2026-08-16 20:50:06.232 (UTC)] info/application	[Motor] Received distance: 22.8031540947515 cm | Severity=75 | SourceName=Motor3 | EventType=application | SourceNode=ns=1;s=MotorSource3
[Anomaly Input] [2026-08-16 20:50:06.222 (UTC)] info/network	[System] TCP 17	| Socket closed | Severity=75 | SourceName=System | EventType=network | SourceNode=ns=1;s=SensorSource2
[Anomaly Input] [2026-08-16 20:50:06.222 (UTC)] info/network	[System] TCP 18	| Socket closed | Severity=75 | SourceName=System | EventType=network | SourceNode=ns=1;s=SensorSource
[Anomaly Input] [2026-08-16 20:50:06.232 (UTC)] info/application	[Motor] Received distance: 26.011962692026 cm | Severity=75 | SourceName=Motor | EventType=application | SourceNode=ns=1;s=MotorSource
[Anomaly Input] [2026-08-16 20:50:06.240 (UTC)] info/application	[Motor] Received distance: 34.0495227941077 cm | Severity=75 | SourceName=Motor2 | EventType=application | SourceNode=ns=1;s=MotorSource2
[Anomaly Input] [2026-08-16 20:50:06.232 (UTC)] info/application	[Motor] Distance safe (22.8031540947515); rotating motor to 90 degrees | Severity=75 | SourceName=Motor3 | EventType=application | SourceNode=ns=1;s=MotorSource3
[Anomaly Input] [2026-08-16 20:50:06.232 (UTC)] info/application	[Motor] Distance safe (26.011962692026); rotating motor to 90 degrees | Severity=75 | SourceName=Motor | EventType=application | SourceNode=ns=1;s=MotorSource
[Anomaly Input] [2026-08-16 20:50:06.240 (UTC)] info/application	[Motor] Distance safe (34.0495227941077); rotating motor to 90 degrees | Severity=75 | SourceName=Motor2 | EventType=application | SourceNode=ns=1;s=MotorSource2
[Anomaly Input] [2026-08-16 20:50:06.728 (UTC)] info/application	[Sensor] Updated distance: 25.7364209600428 cm | Severity=75 | SourceName=Sensor | EventType=application | SourceNode=ns=1;s=SensorSource
[Anomaly Input] [2026-08-16 20:50:06.737 (UTC)] info/application	[Sensor] Updated distance: 21.446156505703 cm | Severity=75 | SourceName=Sensor3 | EventType=application | SourceNode=ns=1;s=SensorSource3
[Anomaly Input] [2026-08-16 20:50:06.738 (UTC)] info/application	[Sensor] Updated distance: 35.0735184760175 cm | Severity=75 | SourceName=Sensor2 | EventType=application | SourceNode=ns=1;s=SensorSource2
[Anomaly Input] [2026-08-16 20:50:07.232 (UTC)] info/application	[Motor] Received distance: 21.446156505703 cm | Severity=75 | SourceName=Motor3 | EventType=application | SourceNode=ns=1;s=MotorSource3
[Anomaly Input] [2026-08-16 20:50:07.233 (UTC)] info/application	[Motor] Received distance: 35.0735184760175 cm | Severity=75 | SourceName=Motor2 | EventType=application | SourceNode=ns=1;s=MotorSource2
[Anomaly Input] [2026-08-16 20:50:07.240 (UTC)] info/application	[Motor] Received distance: 25.7364209600428 cm | Severity=75 | SourceName=Motor | EventType=application | SourceNode=ns=1;s=MotorSource
[Anomaly Input] [2026-08-16 20:50:07.232 (UTC)] info/application	[Motor] Distance safe (21.446156505703); rotating motor to 90 degrees | Severity=75 | SourceName=Motor3 | EventType=application | SourceNode=ns=1;s=MotorSource3
[Anomaly Input] [2026-08-16 20:50:07.233 (UTC)] info/application	[Motor] Distance safe (35.0735184760175); rotating motor to 90 degrees | Severity=75 | SourceName=Motor2 | EventType=application | SourceNode=ns=1;s=MotorSource2
[Anomaly Input] [2026-08-16 20:50:07.240 (UTC)] info/application	[Motor] Distance safe (25.7364209600428); rotating motor to 90 degrees | Severity=75 | SourceName=Motor | EventType=application | SourceNode=ns=1;s=MotorSource
[Anomaly Input] [2026-08-16 20:50:07.728 (UTC)] info/application	[Sensor] Updated distance: 26.0130697528427 cm | Severity=75 | SourceName=Sensor | EventType=application | SourceNode=ns=1;s=SensorSource
[Anomaly Input] [2026-08-16 20:50:07.728 (UTC)] info/application	[Sensor] Updated distance: 34.8274715325457 cm | Severity=75 | SourceName=Sensor2 | EventType=application | SourceNode=ns=1;s=SensorSource2
[Anomaly Input] [2026-08-16 20:50:07.736 (UTC)] info/application	[Sensor] Updated distance: 22.3737174807459 cm | Severity=75 | SourceName=Sensor3 | EventType=application | SourceNode=ns=1;s=SensorSource3
[Anomaly Input] [2026-08-16 20:50:08.232 (UTC)] info/application	[Motor] Received distance: 22.3737174807459 cm | Severity=75 | SourceName=Motor3 | EventType=application | SourceNode=ns=1;s=MotorSource3
[Anomaly Input] [2026-08-16 20:50:08.233 (UTC)] info/application	[Motor] Received distance: 26.0130697528427 cm | Severity=75 | SourceName=Motor | EventType=application | SourceNode=ns=1;s=MotorSource
[Anomaly Input] [2026-08-16 20:50:08.241 (UTC)] info/application	[Motor] Received distance: 34.8274715325457 cm | Severity=75 | SourceName=Motor2 | EventType=application | SourceNode=ns=1;s=MotorSource2
[Anomaly Input] [2026-08-16 20:50:08.232 (UTC)] info/application	[Motor] Distance safe (22.3737174807459); rotating motor to 90 degrees | Severity=75 | SourceName=Motor3 | EventType=application | SourceNode=ns=1;s=MotorSource3
[Anomaly Input] [2026-08-16 20:50:08.233 (UTC)] info/application	[Motor] Distance safe (26.0130697528427); rotating motor to 90 degrees | Severity=75 | SourceName=Motor | EventType=application | SourceNode=ns=1;s=MotorSource
[Anomaly Input] [2026-08-16 20:50:08.241 (UTC)] info/application	[Motor] Distance safe (34.8274715325457); rotating motor to 90 degrees | Severity=75 | SourceName=Motor2 | EventType=application | SourceNode=ns=1;s=MotorSource2
[Anomaly Input] [2026-08-16 20:50:08.728 (UTC)] info/application	[Sensor] Updated distance: 25.1943020323265 cm | Severity=75 | SourceName=Sensor | EventType=application | SourceNode=ns=1;s=SensorSource
[Anomaly Input] [2026-08-16 20:50:08.728 (UTC)] info/application	[Sensor] Updated distance: 35.8608263721041 cm | Severity=75 | SourceName=Sensor2 | EventType=application | SourceNode=ns=1;s=SensorSource2
[Anomaly Input] [2026-08-16 20:50:08.736 (UTC)] info/application	[Sensor] Updated distance: 21.8048472557239 cm | Severity=75 | SourceName=Sensor3 | EventType=application | SourceNode=ns=1;s=SensorSource3
[Anomaly Input] [2026-08-16 20:50:09.233 (UTC)] info/application	[Motor] Received distance: 35.8608263721041 cm | Severity=75 | SourceName=Motor2 | EventType=application | SourceNode=ns=1;s=MotorSource2
[Anomaly Input] [2026-08-16 20:50:09.241 (UTC)] info/application	[Motor] Received distance: 21.8048472557239 cm | Severity=75 | SourceName=Motor3 | EventType=application | SourceNode=ns=1;s=MotorSource3
[Anomaly Input] [2026-08-16 20:50:09.241 (UTC)] info/application	[Motor] Received distance: 25.1943020323265 cm | Severity=75 | SourceName=Motor | EventType=application | SourceNode=ns=1;s=MotorSource
[Anomaly Input] [2026-08-16 20:50:09.233 (UTC)] info/application	[Motor] Distance safe (35.8608263721041); rotating motor to 90 degrees | Severity=75 | SourceName=Motor2 | EventType=application | SourceNode=ns=1;s=MotorSource2
[Anomaly Input] [2026-08-16 20:50:09.241 (UTC)] info/application	[Motor] Distance safe (21.8048472557239); rotating motor to 90 degrees | Severity=75 | SourceName=Motor3 | EventType=application | SourceNode=ns=1;s=MotorSource3
[Anomaly Input] [2026-08-16 20:50:09.241 (UTC)] info/application	[Motor] Distance safe (25.1943020323265); rotating motor to 90 degrees | Severity=75 | SourceName=Motor | EventType=application | SourceNode=ns=1;s=MotorSource
[Anomaly Input] [2026-08-16 20:50:09.728 (UTC)] info/application	[Sensor] Updated distance: 25.9321060317718 cm | Severity=75 | SourceName=Sensor | EventType=application | SourceNode=ns=1;s=SensorSource
[Anomaly Input] [2026-08-16 20:50:09.728 (UTC)] info/application	[Sensor] Updated distance: 35.2844449895362 cm | Severity=75 | SourceName=Sensor2 | EventType=application | SourceNode=ns=1;s=SensorSource2
[Anomaly Input] [2026-08-16 20:50:09.736 (UTC)] info/application	[Sensor] Updated distance: 21.783534436153 cm | Severity=75 | SourceName=Sensor3 | EventType=application | SourceNode=ns=1;s=SensorSource3
[Anomaly Input] [2026-08-16 20:50:10.231 (UTC)] info/application	[Motor] Received distance: 21.783534436153 cm | Severity=75 | SourceName=Motor3 | EventType=application | SourceNode=ns=1;s=MotorSource3
[Anomaly Input] [2026-08-16 20:50:10.234 (UTC)] info/application	[Motor] Received distance: 25.9321060317718 cm | Severity=75 | SourceName=Motor | EventType=application | SourceNode=ns=1;s=MotorSource
[Anomaly Input] [2026-08-16 20:50:10.242 (UTC)] info/application	[Motor] Received distance: 35.2844449895362 cm | Severity=75 | SourceName=Motor2 | EventType=application | SourceNode=ns=1;s=MotorSource2
[Anomaly Input] [2026-08-16 20:50:10.231 (UTC)] info/application	[Motor] Distance safe (21.783534436153); rotating motor to 90 degrees | Severity=75 | SourceName=Motor3 | EventType=application | SourceNode=ns=1;s=MotorSource3
[Anomaly Input] [2026-08-16 20:50:10.234 (UTC)] info/application	[Motor] Distance safe (25.9321060317718); rotating motor to 90 degrees | Severity=75 | SourceName=Motor | EventType=application | SourceNode=ns=1;s=MotorSource
[Anomaly Input] [2026-08-16 20:50:10.242 (UTC)] info/application	[Motor] Distance safe (35.2844449895362); rotating motor to 90 degrees | Severity=75 | SourceName=Motor2 | EventType=application | SourceNode=ns=1;s=MotorSource2
[Anomaly Input] [2026-08-16 20:50:10.729 (UTC)] info/application	[Sensor] Updated distance: 35.2142270967431 cm | Severity=75 | SourceName=Sensor2 | EventType=application | SourceNode=ns=1;s=SensorSource2
[Anomaly Input] [2026-08-16 20:50:10.729 (UTC)] info/application	[Sensor] Updated distance: 26.2780579101658 cm | Severity=75 | SourceName=Sensor | EventType=application | SourceNode=ns=1;s=SensorSource
[Anomaly Input] [2026-08-16 20:50:10.736 (UTC)] info/application	[Sensor] Updated distance: 22.0790485865804 cm | Severity=75 | SourceName=Sensor3 | EventType=application | SourceNode=ns=1;s=SensorSource3
[Anomaly Input] [2026-08-16 20:50:11.231 (UTC)] info/application	[Motor] Received distance: 22.0790485865804 cm | Severity=75 | SourceName=Motor3 | EventType=application | SourceNode=ns=1;s=MotorSource3
[Anomaly Input] [2026-08-16 20:50:11.234 (UTC)] info/application	[Motor] Received distance: 35.2142270967431 cm | Severity=75 | SourceName=Motor2 | EventType=application | SourceNode=ns=1;s=MotorSource2
[Anomaly Input] [2026-08-16 20:50:11.242 (UTC)] info/application	[Motor] Received distance: 26.2780579101658 cm | Severity=75 | SourceName=Motor | EventType=application | SourceNode=ns=1;s=MotorSource
[Anomaly Input] [2026-08-16 20:50:11.231 (UTC)] info/application	[Motor] Distance safe (22.0790485865804); rotating motor to 90 degrees | Severity=75 | SourceName=Motor3 | EventType=application | SourceNode=ns=1;s=MotorSource3
[Anomaly Input] [2026-08-16 20:50:11.234 (UTC)] info/application	[Motor] Distance safe (35.2142270967431); rotating motor to 90 degrees | Severity=75 | SourceName=Motor2 | EventType=application | SourceNode=ns=1;s=MotorSource2
[Anomaly Input] [2026-08-16 20:50:11.242 (UTC)] info/application	[Motor] Distance safe (26.2780579101658); rotating motor to 90 degrees | Severity=75 | SourceName=Motor | EventType=application | SourceNode=ns=1;s=MotorSource
[Anomaly Input] [2026-08-16 20:50:11.729 (UTC)] info/application	[Sensor] Updated distance: 26.7421544921781 cm | Severity=75 | SourceName=Sensor | EventType=application | SourceNode=ns=1;s=SensorSource
[Anomaly Input] [2026-08-16 20:50:11.729 (UTC)] info/application	[Sensor] Updated distance: 36.3258620304176 cm | Severity=75 | SourceName=Sensor2 | EventType=application | SourceNode=ns=1;s=SensorSource2
[Anomaly Input] [2026-08-16 20:50:11.736 (UTC)] info/application	[Sensor] Updated distance: 22.33420743413 cm | Severity=75 | SourceName=Sensor3 | EventType=application | SourceNode=ns=1;s=SensorSource3
[Anomaly Input] [2026-08-16 20:50:12.232 (UTC)] info/application	[Motor] Received distance: 22.33420743413 cm | Severity=75 | SourceName=Motor3 | EventType=application | SourceNode=ns=1;s=MotorSource3
[Anomaly Input] [2026-08-16 20:50:12.234 (UTC)] info/application	[Motor] Received distance: 26.7421544921781 cm | Severity=75 | SourceName=Motor | EventType=application | SourceNode=ns=1;s=MotorSource
[Anomaly Input] [2026-08-16 20:50:12.242 (UTC)] info/application	[Motor] Received distance: 36.3258620304176 cm | Severity=75 | SourceName=Motor2 | EventType=application | SourceNode=ns=1;s=MotorSource2
[Anomaly Input] [2026-08-16 20:50:12.232 (UTC)] info/application	[Motor] Distance safe (22.33420743413); rotating motor to 90 degrees | Severity=75 | SourceName=Motor3 | EventType=application | SourceNode=ns=1;s=MotorSource3
[Anomaly Input] [2026-08-16 20:50:12.234 (UTC)] info/application	[Motor] Distance safe (26.7421544921781); rotating motor to 90 degrees | Severity=75 | SourceName=Motor | EventType=application | SourceNode=ns=1;s=MotorSource
[Anomaly Input] [2026-08-16 20:50:12.242 (UTC)] info/application	[Motor] Distance safe (36.3258620304176); rotating motor to 90 degrees | Severity=75 | SourceName=Motor2 | EventType=application | SourceNode=ns=1;s=MotorSource2
[Anomaly Input] [2026-08-16 20:50:12.729 (UTC)] info/application	[Sensor] Updated distance: 26.2367928145625 cm | Severity=75 | SourceName=Sensor | EventType=application | SourceNode=ns=1;s=SensorSource
[Anomaly Input] [2026-08-16 20:50:12.729 (UTC)] info/application	[Sensor] Updated distance: 35.5988702935161 cm | Severity=75 | SourceName=Sensor2 | EventType=application | SourceNode=ns=1;s=SensorSource2
[Anomaly Input] [2026-08-16 20:50:12.736 (UTC)] info/application	[Sensor] Updated distance: 22.851455287473 cm | Severity=75 | SourceName=Sensor3 | EventType=application | SourceNode=ns=1;s=SensorSource3
[Anomaly Input] [2026-08-16 20:50:13.232 (UTC)] info/application	[Motor] Received distance: 22.851455287473 cm | Severity=75 | SourceName=Motor3 | EventType=application | SourceNode=ns=1;s=MotorSource3
[Anomaly Input] [2026-08-16 20:50:13.234 (UTC)] info/application	[Motor] Received distance: 35.5988702935161 cm | Severity=75 | SourceName=Motor2 | EventType=application | SourceNode=ns=1;s=MotorSource2
[Anomaly Input] [2026-08-16 20:50:13.242 (UTC)] info/application	[Motor] Received distance: 26.2367928145625 cm | Severity=75 | SourceName=Motor | EventType=application | SourceNode=ns=1;s=MotorSource
[Anomaly Input] [2026-08-16 20:50:13.232 (UTC)] info/application	[Motor] Distance safe (22.851455287473); rotating motor to 90 degrees | Severity=75 | SourceName=Motor3 | EventType=application | SourceNode=ns=1;s=MotorSource3
[Anomaly Input] [2026-08-16 20:50:13.234 (UTC)] info/application	[Motor] Distance safe (35.5988702935161); rotating motor to 90 degrees | Severity=75 | SourceName=Motor2 | EventType=application | SourceNode=ns=1;s=MotorSource2
[Anomaly Input] [2026-08-16 20:50:13.242 (UTC)] info/application	[Motor] Distance safe (26.2367928145625); rotating motor to 90 degrees | Severity=75 | SourceName=Motor | EventType=application | SourceNode=ns=1;s=MotorSource
[Anomaly Input] [2026-08-16 20:50:13.729 (UTC)] info/application	[Sensor] Updated distance: 35.1184329216454 cm | Severity=75 | SourceName=Sensor2 | EventType=application | SourceNode=ns=1;s=SensorSource2
[Anomaly Input] [2026-08-16 20:50:13.729 (UTC)] info/application	[Sensor] Updated distance: 27.0795486227514 cm | Severity=75 | SourceName=Sensor | EventType=application | SourceNode=ns=1;s=SensorSource
[Anomaly Input] [2026-08-16 20:50:13.736 (UTC)] info/application	[Sensor] Updated distance: 22.8484913675806 cm | Severity=75 | SourceName=Sensor3 | EventType=application | SourceNode=ns=1;s=SensorSource3
[Anomaly Input] [2026-08-16 20:50:14.232 (UTC)] info/application	[Motor] Received distance: 22.8484913675806 cm | Severity=75 | SourceName=Motor3 | EventType=application | SourceNode=ns=1;s=MotorSource3
[Anomaly Input] [2026-08-16 20:50:14.234 (UTC)] info/application	[Motor] Received distance: 27.0795486227514 cm | Severity=75 | SourceName=Motor | EventType=application | SourceNode=ns=1;s=MotorSource
[Anomaly Input] [2026-08-16 20:50:14.242 (UTC)] info/application	[Motor] Received distance: 35.1184329216454 cm | Severity=75 | SourceName=Motor2 | EventType=application | SourceNode=ns=1;s=MotorSource2
[Anomaly Input] [2026-08-16 20:50:14.232 (UTC)] info/application	[Motor] Distance safe (22.8484913675806); rotating motor to 90 degrees | Severity=75 | SourceName=Motor3 | EventType=application | SourceNode=ns=1;s=MotorSource3
[Anomaly Input] [2026-08-16 20:50:14.234 (UTC)] info/application	[Motor] Distance safe (27.0795486227514); rotating motor to 90 degrees | Severity=75 | SourceName=Motor | EventType=application | SourceNode=ns=1;s=MotorSource
[Anomaly Input] [2026-08-16 20:50:14.242 (UTC)] info/application	[Motor] Distance safe (35.1184329216454); rotating motor to 90 degrees | Severity=75 | SourceName=Motor2 | EventType=application | SourceNode=ns=1;s=MotorSource2
[Anomaly Input] [2026-08-16 20:50:14.729 (UTC)] info/application	[Sensor] Updated distance: 26.4920965579767 cm | Severity=75 | SourceName=Sensor | EventType=application | SourceNode=ns=1;s=SensorSource
[Anomaly Input] [2026-08-16 20:50:14.729 (UTC)] info/application	[Sensor] Updated distance: 34.9399894107785 cm | Severity=75 | SourceName=Sensor2 | EventType=application | SourceNode=ns=1;s=SensorSource2
[Anomaly Input] [2026-08-16 20:50:14.736 (UTC)] info/application	[Sensor] Updated distance: 22.1475946116948 cm | Severity=75 | SourceName=Sensor3 | EventType=application | SourceNode=ns=1;s=SensorSource3
[Anomaly Input] [2026-08-16 20:50:15.234 (UTC)] info/application	[Motor] Received distance: 34.9399894107785 cm | Severity=75 | SourceName=Motor2 | EventType=application | SourceNode=ns=1;s=MotorSource2
[Anomaly Input] [2026-08-16 20:50:15.240 (UTC)] info/application	[Motor] Received distance: 22.1475946116948 cm | Severity=75 | SourceName=Motor3 | EventType=application | SourceNode=ns=1;s=MotorSource3
[Anomaly Input] [2026-08-16 20:50:15.242 (UTC)] info/application	[Motor] Received distance: 26.4920965579767 cm | Severity=75 | SourceName=Motor | EventType=application | SourceNode=ns=1;s=MotorSource
[Anomaly Input] [2026-08-16 20:50:15.234 (UTC)] info/application	[Motor] Distance safe (34.9399894107785); rotating motor 
