Waiting for Aggregation Server to come online...
[2026-08-16 00:52:52.335 (UTC+0800)] [32minfo/network[0m	TCP 8	| Opening a connection to "127.0.0.1" on port 4840
[2026-08-16 00:52:52.957 (UTC+0800)] [32minfo/channel[0m	TCP 8	| SC 7	| SecureChannel opened with SecurityMode None for SecurityPolicy http://opcfoundation.org/UA/SecurityPolicy#None and a revised lifetime of 600.0s
[2026-08-16 00:52:52.957 (UTC+0800)] [32minfo/client[0m	Client Status: ChannelState: Open, SessionState: Closed, ConnectStatus: Good
[2026-08-16 00:52:52.958 (UTC+0800)] [32minfo/client[0m	The initially defined EndpointURL opc.tcp://127.0.0.1:4840 is valid for the server
[2026-08-16 00:52:52.959 (UTC+0800)] [33mwarn/client[0m	The server returned Endpoints with a different EndpointUrl opc.tcp://MSI:4840 than was used to initialize the connection: opc.tcp://127.0.0.1:4840. Some servers require a complete match of the EndpointUrl/DiscoveryUrl (including the path) to return all endpoints.
[2026-08-16 00:52:52.959 (UTC+0800)] [32minfo/client[0m	Endpoint 0: Best endpoint so far with UserTokenPolicy open62541-anonymous-policy-none#None
[2026-08-16 00:52:52.959 (UTC+0800)] [32minfo/client[0m	Endpoint 0 selected with SecurityMode None, SecurityPolicy http://opcfoundation.org/UA/SecurityPolicy#None and UserTokenPolicy open62541-anonymous-policy-none#None
[2026-08-16 00:52:52.959 (UTC+0800)] [32minfo/client[0m	CreateSession: Using UserTokenPolicy open62541-anonymous-policy-none#None
[2026-08-16 00:52:52.960 (UTC+0800)] [32minfo/client[0m	Client Status: ChannelState: Open, SessionState: Created, ConnectStatus: Good
[2026-08-16 00:52:52.960 (UTC+0800)] [32minfo/client[0m	ActivateSession: Using UserTokenPolicy open62541-anonymous-policy-none#None
[2026-08-16 00:52:52.960 (UTC+0800)] [32minfo/client[0m	Client Status: ChannelState: Open, SessionState: Activated, ConnectStatus: Good
Connected to Aggregation Server; forwarding logs to the AIOps model...
[Anomaly Input] [2026-08-15 16:52:50.396 (UTC)] info/network	[System] TCP 16	| Connection opened from "127.0.0.1" via the server socket 8 | Severity=75 | SourceName=System | EventType=network | SourceNode=ns=1;s=SensorSource
[Anomaly Input] [2026-08-15 16:52:50.396 (UTC)] info/channel	[System] TCP 16	| SC 1	| SecureChannel created | Severity=75 | SourceName=System | EventType=channel | SourceNode=ns=1;s=SensorSource
[Anomaly Input] [2026-08-15 16:52:50.417 (UTC)] info/channel	[System] TCP 16	| SC 1	| OpenSecureChannel: Channel opened with SecurityMode None for SecurityPolicy http://opcfoundation.org/UA/SecurityPolicy#None and a revised lifetime of 600.0s | Severity=75 | SourceName=System | EventType=channel | SourceNode=ns=1;s=SensorSource
[Anomaly Input] [2026-08-15 16:52:50.924 (UTC)] warn/client	[System] Removing a UserTokenPolicy that would allow the password to be transmitted without encryption (Can be enabled via config->allowNonePolicyPassword) | Severity=175 | SourceName=System | EventType=client | SourceNode=ns=1;s=SensorSource
[Anomaly Input] [2026-08-15 16:52:50.924 (UTC)] warn/client	[System] Removing a UserTokenPolicy that would allow the password to be transmitted without encryption (Can be enabled via config->allowNonePolicyPassword) | Severity=175 | SourceName=System | EventType=client | SourceNode=ns=1;s=SensorSource
[Anomaly Input] [2026-08-15 16:52:50.934 (UTC)] warn/client	[System] Removing a UserTokenPolicy that would allow the password to be transmitted without encryption (Can be enabled via config->allowNonePolicyPassword) | Severity=175 | SourceName=System | EventType=client | SourceNode=ns=1;s=SensorSource
[Anomaly Input] [2026-08-15 16:52:50.934 (UTC)] warn/client	[System] Removing a UserTokenPolicy that would allow the password to be transmitted without encryption (Can be enabled via config->allowNonePolicyPassword) | Severity=175 | SourceName=System | EventType=client | SourceNode=ns=1;s=SensorSource
[Anomaly Input] [2026-08-15 16:52:51.369 (UTC)] info/application	[Sensor] Updated distance: 32.38707082643503 cm | Severity=75 | SourceName=Sensor3 | EventType=application | SourceNode=ns=1;s=SensorSource3
[Anomaly Input] [2026-08-15 16:52:51.380 (UTC)] info/application	[Sensor] Updated distance: 32.2707787818605 cm | Severity=75 | SourceName=Sensor2 | EventType=application | SourceNode=ns=1;s=SensorSource2
[Anomaly Input] [2026-08-15 16:52:52.966 (UTC)] info/application	[Sensor] Updated distance: 14.635975880844507 cm | Severity=75 | SourceName=Sensor2 | EventType=application | SourceNode=ns=1;s=SensorSource2
[Anomaly Input] [2026-08-15 16:52:52.966 (UTC)] info/application	[Sensor] Updated distance: 45.35570917807319 cm | Severity=75 | SourceName=Sensor3 | EventType=application | SourceNode=ns=1;s=SensorSource3
[Anomaly Input] [2026-08-15 16:52:50.935 (UTC)] info/session	[System] TCP 16	| SC 1	| Session "ns=1;g=81a85212-343f-0335-fa0f-1061e50e5065"	| Session created | Severity=75 | SourceName=System | EventType=session | SourceNode=ns=1;s=SensorSource
[Anomaly Input] [2026-08-15 16:52:52.966 (UTC)] info/network	[System] TCP 16	| Connection opened from "127.0.0.1" via the server socket 8 | Severity=75 | SourceName=System | EventType=network | SourceNode=ns=1;s=SensorSource2
[Anomaly Input] [2026-08-15 16:52:52.966 (UTC)] info/network	[System] TCP 16	| Connection opened from "127.0.0.1" via the server socket 8 | Severity=75 | SourceName=System | EventType=network | SourceNode=ns=1;s=SensorSource3
[Anomaly Input] [2026-08-15 16:52:50.945 (UTC)] info/session	[System] TCP 16	| SC 1	| Session "ns=1;g=81a85212-343f-0335-fa0f-1061e50e5065"	| ActivateSession: Session activated with ClientUserId "" | Severity=75 | SourceName=System | EventType=session | SourceNode=ns=1;s=SensorSource
[Anomaly Input] [2026-08-15 16:52:52.966 (UTC)] info/channel	[System] TCP 16	| SC 1	| SecureChannel created | Severity=75 | SourceName=System | EventType=channel | SourceNode=ns=1;s=SensorSource2
[Anomaly Input] [2026-08-15 16:52:52.966 (UTC)] info/channel	[System] TCP 16	| SC 1	| SecureChannel created | Severity=75 | SourceName=System | EventType=channel | SourceNode=ns=1;s=SensorSource3
[Anomaly Input] [2026-08-15 16:52:52.966 (UTC)] info/application	[Sensor] Updated distance: 7.701550538512668 cm | Severity=75 | SourceName=Sensor | EventType=application | SourceNode=ns=1;s=SensorSource
[Anomaly Input] [2026-08-15 16:52:52.989 (UTC)] info/channel	[System] TCP 8	| SC 1	| SecureChannel opened with SecurityMode None for SecurityPolicy http://opcfoundation.org/UA/SecurityPolicy#None and a revised lifetime of 600.0s | Severity=75 | SourceName=System | EventType=channel | SourceNode=ns=1;s=MotorSource3
[Anomaly Input] [2026-08-15 16:52:52.992 (UTC)] info/channel	[System] TCP 8	| SC 1	| SecureChannel opened with SecurityMode None for SecurityPolicy http://opcfoundation.org/UA/SecurityPolicy#None and a revised lifetime of 600.0s | Severity=75 | SourceName=System | EventType=channel | SourceNode=ns=1;s=MotorSource2
[Anomaly Input] [2026-08-15 16:52:52.992 (UTC)] info/channel	[System] TCP 8	| SC 2	| SecureChannel opened with SecurityMode None for SecurityPolicy http://opcfoundation.org/UA/SecurityPolicy#None and a revised lifetime of 600.0s | Severity=75 | SourceName=System | EventType=channel | SourceNode=ns=1;s=MotorSource
[Anomaly Input] [2026-08-15 16:52:52.986 (UTC)] info/channel	[System] TCP 16	| SC 1	| OpenSecureChannel: Channel opened with SecurityMode None for SecurityPolicy http://opcfoundation.org/UA/SecurityPolicy#None and a revised lifetime of 600.0s | Severity=75 | SourceName=System | EventType=channel | SourceNode=ns=1;s=SensorSource2
[Anomaly Input] [2026-08-15 16:52:52.986 (UTC)] info/channel	[System] TCP 16	| SC 1	| OpenSecureChannel: Channel opened with SecurityMode None for SecurityPolicy http://opcfoundation.org/UA/SecurityPolicy#None and a revised lifetime of 600.0s | Severity=75 | SourceName=System | EventType=channel | SourceNode=ns=1;s=SensorSource3
[Anomaly Input] [2026-08-15 16:52:52.966 (UTC)] info/session	[System] TCP 16	| SC 1	| Session "ns=1;g=81a85212-343f-0335-fa0f-1061e50e5065"	| Subscription 1 | Subscription created (Publishing interval 500.0ms, max 1000 notifications per publish) | Severity=75 | SourceName=System | EventType=session | SourceNode=ns=1;s=SensorSource
[Anomaly Input] [2026-08-15 16:52:53.007 (UTC)] warn/client	[System] Removing a UserTokenPolicy that would allow the password to be transmitted without encryption (Can be enabled via config->allowNonePolicyPassword) | Severity=175 | SourceName=System | EventType=client | SourceNode=ns=1;s=SensorSource2
[Anomaly Input] [2026-08-15 16:52:53.007 (UTC)] warn/client	[System] Removing a UserTokenPolicy that would allow the password to be transmitted without encryption (Can be enabled via config->allowNonePolicyPassword) | Severity=175 | SourceName=System | EventType=client | SourceNode=ns=1;s=SensorSource3
[Anomaly Input] [2026-08-15 16:52:52.966 (UTC)] info/network	[System] TCP 17	| Connection opened from "127.0.0.1" via the server socket 8 | Severity=75 | SourceName=System | EventType=network | SourceNode=ns=1;s=SensorSource
[Anomaly Input] [2026-08-15 16:52:53.010 (UTC)] warn/client	[System] The server returned Endpoints with a different EndpointUrl opc.tcp://MSI:4844 than was used to initialize the connection: opc.tcp://127.0.0.1:4844. Some servers require a complete match of the EndpointUrl/DiscoveryUrl (including the path) to return all endpoints. | Severity=175 | SourceName=System | EventType=client | SourceNode=ns=1;s=MotorSource3
[Anomaly Input] [2026-08-15 16:52:53.012 (UTC)] warn/client	[System] The server returned Endpoints with a different EndpointUrl opc.tcp://MSI:4843 than was used to initialize the connection: opc.tcp://127.0.0.1:4843. Some servers require a complete match of the EndpointUrl/DiscoveryUrl (including the path) to return all endpoints. | Severity=175 | SourceName=System | EventType=client | SourceNode=ns=1;s=MotorSource2
[Anomaly Input] [2026-08-15 16:52:53.012 (UTC)] warn/client	[System] The server returned Endpoints with a different EndpointUrl opc.tcp://MSI:4842 than was used to initialize the connection: opc.tcp://127.0.0.1:4842. Some servers require a complete match of the EndpointUrl/DiscoveryUrl (including the path) to return all endpoints. | Severity=175 | SourceName=System | EventType=client | SourceNode=ns=1;s=MotorSource
[Anomaly Input] [2026-08-15 16:52:53.007 (UTC)] warn/client	[System] Removing a UserTokenPolicy that would allow the password to be transmitted without encryption (Can be enabled via config->allowNonePolicyPassword) | Severity=175 | SourceName=System | EventType=client | SourceNode=ns=1;s=SensorSource3
[Anomaly Input] [2026-08-15 16:52:53.007 (UTC)] warn/client	[System] Removing a UserTokenPolicy that would allow the password to be transmitted without encryption (Can be enabled via config->allowNonePolicyPassword) | Severity=175 | SourceName=System | EventType=client | SourceNode=ns=1;s=SensorSource2
[Anomaly Input] [2026-08-15 16:52:52.966 (UTC)] info/channel	[System] TCP 17	| SC 2	| SecureChannel created | Severity=75 | SourceName=System | EventType=channel | SourceNode=ns=1;s=SensorSource
[Anomaly Input] [2026-08-15 16:52:53.017 (UTC)] warn/client	[System] Removing a UserTokenPolicy that would allow the password to be transmitted without encryption (Can be enabled via config->allowNonePolicyPassword) | Severity=175 | SourceName=System | EventType=client | SourceNode=ns=1;s=SensorSource3
[Anomaly Input] [2026-08-15 16:52:53.017 (UTC)] warn/client	[System] Removing a UserTokenPolicy that would allow the password to be transmitted without encryption (Can be enabled via config->allowNonePolicyPassword) | Severity=175 | SourceName=System | EventType=client | SourceNode=ns=1;s=SensorSource2
[Anomaly Input] [2026-08-15 16:52:52.987 (UTC)] info/channel	[System] TCP 17	| SC 2	| OpenSecureChannel: Channel opened with SecurityMode None for SecurityPolicy http://opcfoundation.org/UA/SecurityPolicy#None and a revised lifetime of 600.0s | Severity=75 | SourceName=System | EventType=channel | SourceNode=ns=1;s=SensorSource
[Anomaly Input] [2026-08-15 16:52:53.017 (UTC)] warn/client	[System] Removing a UserTokenPolicy that would allow the password to be transmitted without encryption (Can be enabled via config->allowNonePolicyPassword) | Severity=175 | SourceName=System | EventType=client | SourceNode=ns=1;s=SensorSource3
[Anomaly Input] [2026-08-15 16:52:53.017 (UTC)] warn/client	[System] Removing a UserTokenPolicy that would allow the password to be transmitted without encryption (Can be enabled via config->allowNonePolicyPassword) | Severity=175 | SourceName=System | EventType=client | SourceNode=ns=1;s=SensorSource2
[Anomaly Input] [2026-08-15 16:52:53.007 (UTC)] warn/client	[System] Removing a UserTokenPolicy that would allow the password to be transmitted without encryption (Can be enabled via config->allowNonePolicyPassword) | Severity=175 | SourceName=System | EventType=client | SourceNode=ns=1;s=SensorSource
[Anomaly Input] [2026-08-15 16:52:53.018 (UTC)] info/session	[System] TCP 16	| SC 1	| Session "ns=1;g=4072c244-19e0-61b9-4934-a37ad5bddbad"	| Session created | Severity=75 | SourceName=System | EventType=session | SourceNode=ns=1;s=SensorSource2
[Anomaly Input] [2026-08-15 16:52:53.018 (UTC)] info/session	[System] TCP 16	| SC 1	| Session "ns=1;g=b789b73f-897e-4c4c-5c85-38f3b8fb9f19"	| Session created | Severity=75 | SourceName=System | EventType=session | SourceNode=ns=1;s=SensorSource3
[Anomaly Input] [2026-08-15 16:52:53.007 (UTC)] warn/client	[System] Removing a UserTokenPolicy that would allow the password to be transmitted without encryption (Can be enabled via config->allowNonePolicyPassword) | Severity=175 | SourceName=System | EventType=client | SourceNode=ns=1;s=SensorSource
[Anomaly Input] [2026-08-15 16:52:53.029 (UTC)] info/session	[System] TCP 16	| SC 1	| Session "ns=1;g=4072c244-19e0-61b9-4934-a37ad5bddbad"	| ActivateSession: Session activated with ClientUserId "" | Severity=75 | SourceName=System | EventType=session | SourceNode=ns=1;s=SensorSource2
[Anomaly Input] [2026-08-15 16:52:53.028 (UTC)] info/session	[System] TCP 16	| SC 1	| Session "ns=1;g=b789b73f-897e-4c4c-5c85-38f3b8fb9f19"	| ActivateSession: Session activated with ClientUserId "" | Severity=75 | SourceName=System | EventType=session | SourceNode=ns=1;s=SensorSource3
[Anomaly Input] [2026-08-15 16:52:53.017 (UTC)] warn/client	[System] Removing a UserTokenPolicy that would allow the password to be transmitted without encryption (Can be enabled via config->allowNonePolicyPassword) | Severity=175 | SourceName=System | EventType=client | SourceNode=ns=1;s=SensorSource
[Anomaly Input] [2026-08-15 16:52:53.018 (UTC)] warn/client	[System] Removing a UserTokenPolicy that would allow the password to be transmitted without encryption (Can be enabled via config->allowNonePolicyPassword) | Severity=175 | SourceName=System | EventType=client | SourceNode=ns=1;s=SensorSource
[Anomaly Input] [2026-08-15 16:52:53.019 (UTC)] info/session	[System] TCP 17	| SC 2	| Session "ns=1;g=6bf48057-6465-3bb9-3cd3-fd3fe99ef91f"	| Session created | Severity=75 | SourceName=System | EventType=session | SourceNode=ns=1;s=SensorSource
[Anomaly Input] [2026-08-15 16:52:53.029 (UTC)] info/session	[System] TCP 17	| SC 2	| Session "ns=1;g=6bf48057-6465-3bb9-3cd3-fd3fe99ef91f"	| ActivateSession: Session activated with ClientUserId "" | Severity=75 | SourceName=System | EventType=session | SourceNode=ns=1;s=SensorSource
[Anomaly Input] [2026-08-15 16:52:53.373 (UTC)] info/application	[Sensor] Updated distance: 49.04329444423471 cm | Severity=75 | SourceName=Sensor3 | EventType=application | SourceNode=ns=1;s=SensorSource3
[Anomaly Input] [2026-08-15 16:52:53.373 (UTC)] info/application	[Sensor] Updated distance: 41.20694247968818 cm | Severity=75 | SourceName=Sensor2 | EventType=application | SourceNode=ns=1;s=SensorSource2
[Anomaly Input] [2026-08-15 16:52:53.415 (UTC)] info/session	[System] TCP 16	| SC 1	| Session "ns=1;g=b789b73f-897e-4c4c-5c85-38f3b8fb9f19"	| Subscription 1 | Subscription created (Publishing interval 500.0ms, max 1000 notifications per publish) | Severity=75 | SourceName=System | EventType=session | SourceNode=ns=1;s=SensorSource3
[Anomaly Input] [2026-08-15 16:52:53.415 (UTC)] info/session	[System] TCP 16	| SC 1	| Session "ns=1;g=4072c244-19e0-61b9-4934-a37ad5bddbad"	| Subscription 1 | Subscription created (Publishing interval 500.0ms, max 1000 notifications per publish) | Severity=75 | SourceName=System | EventType=session | SourceNode=ns=1;s=SensorSource2
[Anomaly Input] [2026-08-15 16:52:53.415 (UTC)] info/session	[System] TCP 17	| SC 2	| Session "ns=1;g=6bf48057-6465-3bb9-3cd3-fd3fe99ef91f"	| Subscription 2 | Subscription created (Publishing interval 500.0ms, max 1000 notifications per publish) | Severity=75 | SourceName=System | EventType=session | SourceNode=ns=1;s=SensorSource
[Anomaly Input] [2026-08-15 16:52:53.435 (UTC)] info/session	[System] TCP 16	| SC 1	| Session "ns=1;g=b789b73f-897e-4c4c-5c85-38f3b8fb9f19"	| Subscription 1 | MonitoredItem 1 | Created the MonitoredItem (Sampling Interval: 250.0ms, Queue Size: 1) | Severity=75 | SourceName=System | EventType=session | SourceNode=ns=1;s=SensorSource3
[Anomaly Input] [2026-08-15 16:52:53.406 (UTC)] info/application	Connected to sensor backend; subscribing to distance updates | Severity=75 | SourceName=Motor3 | EventType=application | SourceNode=ns=1;s=MotorSource3
[Anomaly Input] [2026-08-15 16:52:53.435 (UTC)] info/session	[System] TCP 16	| SC 1	| Session "ns=1;g=4072c244-19e0-61b9-4934-a37ad5bddbad"	| Subscription 1 | MonitoredItem 1 | Created the MonitoredItem (Sampling Interval: 250.0ms, Queue Size: 1) | Severity=75 | SourceName=System | EventType=session | SourceNode=ns=1;s=SensorSource2
[Anomaly Input] [2026-08-15 16:52:53.408 (UTC)] info/application	Connected to sensor backend; subscribing to distance updates | Severity=75 | SourceName=Motor2 | EventType=application | SourceNode=ns=1;s=MotorSource2
[Anomaly Input] [2026-08-15 16:52:53.435 (UTC)] info/session	[System] TCP 17	| SC 2	| Session "ns=1;g=6bf48057-6465-3bb9-3cd3-fd3fe99ef91f"	| Subscription 2 | MonitoredItem 1 | Created the MonitoredItem (Sampling Interval: 250.0ms, Queue Size: 1) | Severity=75 | SourceName=System | EventType=session | SourceNode=ns=1;s=SensorSource
[Anomaly Input] [2026-08-15 16:52:53.408 (UTC)] info/application	Connected to sensor backend; subscribing to distance updates | Severity=75 | SourceName=Motor | EventType=application | SourceNode=ns=1;s=MotorSource
[Anomaly Input] [2026-08-15 16:52:53.927 (UTC)] info/application	[Motor] Received distance: 49.04329444423471 cm | Severity=75 | SourceName=Motor3 | EventType=application | SourceNode=ns=1;s=MotorSource3
[Anomaly Input] [2026-08-15 16:52:53.927 (UTC)] info/application	[Motor] Received distance: 41.20694247968818 cm | Severity=75 | SourceName=Motor2 | EventType=application | SourceNode=ns=1;s=MotorSource2
[Anomaly Input] [2026-08-15 16:52:53.927 (UTC)] info/application	[Motor] Distance safe (49.04329444423471); rotating motor to 90 degrees | Severity=75 | SourceName=Motor3 | EventType=application | SourceNode=ns=1;s=MotorSource3
[Anomaly Input] [2026-08-15 16:52:53.927 (UTC)] info/application	[Motor] Distance safe (41.20694247968818); rotating motor to 90 degrees | Severity=75 | SourceName=Motor2 | EventType=application | SourceNode=ns=1;s=MotorSource2
[Anomaly Input] [2026-08-15 16:52:53.973 (UTC)] info/application	[Sensor] Updated distance: 7.506083416522519 cm | Severity=75 | SourceName=Sensor | EventType=application | SourceNode=ns=1;s=SensorSource
[Anomaly Input] [2026-08-15 16:52:53.973 (UTC)] info/application	[Motor] Received distance: 7.701550538512668 cm | Severity=75 | SourceName=Motor | EventType=application | SourceNode=ns=1;s=MotorSource
[Anomaly Input] [2026-08-15 16:52:53.973 (UTC)] warn/application	[Motor] Distance too close (7.701550538512668); rotating motor to 0 degrees | Severity=175 | SourceName=Motor | EventType=application | SourceNode=ns=1;s=MotorSource
[Anomaly Input] [2026-08-15 16:52:54.368 (UTC)] info/application	[Sensor] Updated distance: 38.18687895135343 cm | Severity=75 | SourceName=Sensor3 | EventType=application | SourceNode=ns=1;s=SensorSource3
[Anomaly Input] [2026-08-15 16:52:54.378 (UTC)] info/application	[Sensor] Updated distance: 17.607219405289374 cm | Severity=75 | SourceName=Sensor2 | EventType=application | SourceNode=ns=1;s=SensorSource2
[Anomaly Input] [2026-08-15 16:52:54.477 (UTC)] info/application	[Motor] Received distance: 7.506083416522519 cm | Severity=75 | SourceName=Motor | EventType=application | SourceNode=ns=1;s=MotorSource
[Anomaly Input] [2026-08-15 16:52:54.477 (UTC)] warn/application	[Motor] Distance too close (7.506083416522519); rotating motor to 0 degrees | Severity=175 | SourceName=Motor | EventType=application | SourceNode=ns=1;s=MotorSource
[Anomaly Input] [2026-08-15 16:52:54.925 (UTC)] info/application	[Motor] Received distance: 17.607219405289374 cm | Severity=75 | SourceName=Motor2 | EventType=application | SourceNode=ns=1;s=MotorSource2
[Anomaly Input] [2026-08-15 16:52:54.925 (UTC)] info/application	[Motor] Received distance: 38.18687895135343 cm | Severity=75 | SourceName=Motor3 | EventType=application | SourceNode=ns=1;s=MotorSource3
[Anomaly Input] [2026-08-15 16:52:54.925 (UTC)] warn/application	[Motor] Distance too close (17.607219405289374); rotating motor to 0 degrees | Severity=175 | SourceName=Motor2 | EventType=application | SourceNode=ns=1;s=MotorSource2
[Anomaly Input] [2026-08-15 16:52:54.925 (UTC)] info/application	[Motor] Distance safe (38.18687895135343); rotating motor to 90 degrees | Severity=75 | SourceName=Motor3 | EventType=application | SourceNode=ns=1;s=MotorSource3
[Anomaly Input] [2026-08-15 16:52:54.975 (UTC)] info/application	[Sensor] Updated distance: 8.999831098597419 cm | Severity=75 | SourceName=Sensor | EventType=application | SourceNode=ns=1;s=SensorSource
[Anomaly Input] [2026-08-15 16:52:55.370 (UTC)] info/application	[Sensor] Updated distance: 40.89685073071013 cm | Severity=75 | SourceName=Sensor3 | EventType=application | SourceNode=ns=1;s=SensorSource3
[Anomaly Input] [2026-08-15 16:52:55.370 (UTC)] info/application	[Sensor] Updated distance: 37.717802123966536 cm | Severity=75 | SourceName=Sensor2 | EventType=application | SourceNode=ns=1;s=SensorSource2
[Anomaly Input] [2026-08-15 16:52:55.471 (UTC)] info/application	[Motor] Received distance: 8.999831098597419 cm | Severity=75 | SourceName=Motor | EventType=application | SourceNode=ns=1;s=MotorSource
[Anomaly Input] [2026-08-15 16:52:55.471 (UTC)] warn/application	[Motor] Distance too close (8.999831098597419); rotating motor to 0 degrees | Severity=175 | SourceName=Motor | EventType=application | SourceNode=ns=1;s=MotorSource
[Anomaly Input] [2026-08-15 16:52:55.917 (UTC)] info/application	[Motor] Received distance: 37.717802123966536 cm | Severity=75 | SourceName=Motor2 | EventType=application | SourceNode=ns=1;s=MotorSource2
[Anomaly Input] [2026-08-15 16:52:55.917 (UTC)] info/application	[Motor] Received distance: 40.89685073071013 cm | Severity=75 | SourceName=Motor3 | EventType=application | SourceNode=ns=1;s=MotorSource3
[Anomaly Input] [2026-08-15 16:52:55.917 (UTC)] info/application	[Motor] Distance safe (37.717802123966536); rotating motor to 90 degrees | Severity=75 | SourceName=Motor2 | EventType=application | SourceNode=ns=1;s=MotorSource2
[Anomaly Input] [2026-08-15 16:52:55.917 (UTC)] info/application	[Motor] Distance safe (40.89685073071013); rotating motor to 90 degrees | Severity=75 | SourceName=Motor3 | EventType=application | SourceNode=ns=1;s=MotorSource3
[Anomaly Input] [2026-08-15 16:52:55.967 (UTC)] info/application	[Sensor] Updated distance: 20.494535268514664 cm | Severity=75 | SourceName=Sensor | EventType=application | SourceNode=ns=1;s=SensorSource
[Anomaly Input] [2026-08-15 16:52:56.373 (UTC)] info/application	[Sensor] Updated distance: 40.82793800850768 cm | Severity=75 | SourceName=Sensor2 | EventType=application | SourceNode=ns=1;s=SensorSource2
[Anomaly Input] [2026-08-15 16:52:56.373 (UTC)] info/application	[Sensor] Updated distance: 2.605346210582809 cm | Severity=75 | SourceName=Sensor3 | EventType=application | SourceNode=ns=1;s=SensorSource3
[Anomaly Input] [2026-08-15 16:52:56.478 (UTC)] info/application	[Motor] Received distance: 20.494535268514664 cm | Severity=75 | SourceName=Motor | EventType=application | SourceNode=ns=1;s=MotorSource
[Anomaly Input] [2026-08-15 16:52:56.478 (UTC)] info/application	[Motor] Distance safe (20.494535268514664); rotating motor to 90 degrees | Severity=75 | SourceName=Motor | EventType=application | SourceNode=ns=1;s=MotorSource
[Anomaly Input] [2026-08-15 16:52:56.921 (UTC)] info/application	[Motor] Received distance: 2.605346210582809 cm | Severity=75 | SourceName=Motor3 | EventType=application | SourceNode=ns=1;s=MotorSource3
[Anomaly Input] [2026-08-15 16:52:56.921 (UTC)] info/application	[Motor] Received distance: 40.82793800850768 cm | Severity=75 | SourceName=Motor2 | EventType=application | SourceNode=ns=1;s=MotorSource2
[Anomaly Input] [2026-08-15 16:52:56.921 (UTC)] warn/application	[Motor] Distance too close (2.605346210582809); rotating motor to 0 degrees | Severity=175 | SourceName=Motor3 | EventType=application | SourceNode=ns=1;s=MotorSource3
[Anomaly Input] [2026-08-15 16:52:56.921 (UTC)] info/application	[Motor] Distance safe (40.82793800850768); rotating motor to 90 degrees | Severity=75 | SourceName=Motor2 | EventType=application | SourceNode=ns=1;s=MotorSource2
[Anomaly Input] [2026-08-15 16:52:56.971 (UTC)] info/application	[Sensor] Updated distance: 34.03718496860805 cm | Severity=75 | SourceName=Sensor | EventType=application | SourceNode=ns=1;s=SensorSource
[Anomaly Input] [2026-08-15 16:52:57.376 (UTC)] info/application	[Sensor] Updated distance: 23.147864023758036 cm | Severity=75 | SourceName=Sensor2 | EventType=application | SourceNode=ns=1;s=SensorSource2
[Anomaly Input] [2026-08-15 16:52:57.376 (UTC)] info/application	[Sensor] Updated distance: 43.0960094598569 cm | Severity=75 | SourceName=Sensor3 | EventType=application | SourceNode=ns=1;s=SensorSource3
[Anomaly Input] [2026-08-15 16:52:57.470 (UTC)] info/application	[Motor] Received distance: 34.03718496860805 cm | Severity=75 | SourceName=Motor | EventType=application | SourceNode=ns=1;s=MotorSource
[Anomaly Input] [2026-08-15 16:52:57.470 (UTC)] info/application	[Motor] Distance safe (34.03718496860805); rotating motor to 90 degrees | Severity=75 | SourceName=Motor | EventType=application | SourceNode=ns=1;s=MotorSource
[Anomaly Input] [2026-08-15 16:52:57.932 (UTC)] info/application	[Motor] Received distance: 43.0960094598569 cm | Severity=75 | SourceName=Motor3 | EventType=application | SourceNode=ns=1;s=MotorSource3
[Anomaly Input] [2026-08-15 16:52:57.932 (UTC)] info/application	[Motor] Received distance: 23.147864023758036 cm | Severity=75 | SourceName=Motor2 | EventType=application | SourceNode=ns=1;s=MotorSource2
[Anomaly Input] [2026-08-15 16:52:57.932 (UTC)] info/application	[Motor] Distance safe (23.147864023758036); rotating motor to 90 degrees | Severity=75 | SourceName=Motor2 | EventType=application | SourceNode=ns=1;s=MotorSource2
[Anomaly Input] [2026-08-15 16:52:57.932 (UTC)] info/application	[Motor] Distance safe (43.0960094598569); rotating motor to 90 degrees | Severity=75 | SourceName=Motor3 | EventType=application | SourceNode=ns=1;s=MotorSource3
[Anomaly Input] [2026-08-15 16:52:57.973 (UTC)] info/application	[Sensor] Updated distance: 30.612169569643292 cm | Severity=75 | SourceName=Sensor | EventType=application | SourceNode=ns=1;s=SensorSource
[Anomaly Input] [2026-08-15 16:52:58.368 (UTC)] info/application	[Sensor] Updated distance: 37.904267104298 cm | Severity=75 | SourceName=Sensor3 | EventType=application | SourceNode=ns=1;s=SensorSource3
[Anomaly Input] [2026-08-15 16:52:58.378 (UTC)] info/application	[Sensor] Updated distance: 24.05546434505631 cm | Severity=75 | SourceName=Sensor2 | EventType=application | SourceNode=ns=1;s=SensorSource2
[Anomaly Input] [2026-08-15 16:52:58.478 (UTC)] info/application	[Motor] Received distance: 30.612169569643292 cm | Severity=75 | SourceName=Motor | EventType=application | SourceNode=ns=1;s=MotorSource
[Anomaly Input] [2026-08-15 16:52:58.478 (UTC)] info/application	[Motor] Distance safe (30.612169569643292); rotating motor to 90 degrees | Severity=75 | SourceName=Motor | EventType=application | SourceNode=ns=1;s=MotorSource
[Anomaly Input] [2026-08-15 16:52:58.921 (UTC)] info/application	[Motor] Received distance: 24.05546434505631 cm | Severity=75 | SourceName=Motor2 | EventType=application | SourceNode=ns=1;s=MotorSource2
[Anomaly Input] [2026-08-15 16:52:58.921 (UTC)] info/application	[Motor] Received distance: 37.904267104298 cm | Severity=75 | SourceName=Motor3 | EventType=application | SourceNode=ns=1;s=MotorSource3
[Anomaly Input] [2026-08-15 16:52:58.921 (UTC)] info/application	[Motor] Distance safe (24.05546434505631); rotating motor to 90 degrees | Severity=75 | SourceName=Motor2 | EventType=application | SourceNode=ns=1;s=MotorSource2
[Anomaly Input] [2026-08-15 16:52:58.921 (UTC)] info/application	[Motor] Distance safe (37.904267104298); rotating motor to 90 degrees | Severity=75 | SourceName=Motor3 | EventType=application | SourceNode=ns=1;s=MotorSource3
[Anomaly Input] [2026-08-15 16:52:58.966 (UTC)] info/application	[Sensor] Updated distance: 2.5737997221638445 cm | Severity=75 | SourceName=Sensor | EventType=application | SourceNode=ns=1;s=SensorSource
[Anomaly Input] [2026-08-15 16:52:59.371 (UTC)] info/application	[Sensor] Updated distance: 23.272274779748297 cm | Severity=75 | SourceName=Sensor2 | EventType=application | SourceNode=ns=1;s=SensorSource2
[Anomaly Input] [2026-08-15 16:52:59.371 (UTC)] info/application	[Sensor] Updated distance: 9.706617627156255 cm | Severity=75 | SourceName=Sensor3 | EventType=application | SourceNode=ns=1;s=SensorSource3
[Anomaly Input] [2026-08-15 16:52:59.472 (UTC)] info/application	[Motor] Received distance: 2.5737997221638445 cm | Severity=75 | SourceName=Motor | EventType=application | SourceNode=ns=1;s=MotorSource
[Anomaly Input] [2026-08-15 16:52:59.472 (UTC)] warn/application	[Motor] Distance too close (2.5737997221638445); rotating motor to 0 degrees | Severity=175 | SourceName=Motor | EventType=application | SourceNode=ns=1;s=MotorSource
[Anomaly Input] [2026-08-15 16:52:59.918 (UTC)] info/application	[Motor] Received distance: 23.272274779748297 cm | Severity=75 | SourceName=Motor2 | EventType=application | SourceNode=ns=1;s=MotorSource2
[Anomaly Input] [2026-08-15 16:52:59.918 (UTC)] info/application	[Motor] Received distance: 9.706617627156255 cm | Severity=75 | SourceName=Motor3 | EventType=application | SourceNode=ns=1;s=MotorSource3
[Anomaly Input] [2026-08-15 16:52:59.918 (UTC)] info/application	[Motor] Distance safe (23.272274779748297); rotating motor to 90 degrees | Severity=75 | SourceName=Motor2 | EventType=application | SourceNode=ns=1;s=MotorSource2
[Anomaly Input] [2026-08-15 16:52:59.918 (UTC)] warn/application	[Motor] Distance too close (9.706617627156255); rotating motor to 0 degrees | Severity=175 | SourceName=Motor3 | EventType=application | SourceNode=ns=1;s=MotorSource3
[Anomaly Input] [2026-08-15 16:52:59.968 (UTC)] info/application	[Sensor] Updated distance: 33.59437586348242 cm | Severity=75 | SourceName=Sensor | EventType=application | SourceNode=ns=1;s=SensorSource
[Anomaly Input] [2026-08-15 16:53:00.374 (UTC)] info/application	[Sensor] Updated distance: 17.172495394559807 cm | Severity=75 | SourceName=Sensor2 | EventType=application | SourceNode=ns=1;s=SensorSource2
[Anomaly Input] [2026-08-15 16:53:00.374 (UTC)] info/application	[Sensor] Updated distance: 18.425844729144984 cm | Severity=75 | SourceName=Sensor3 | EventType=application | SourceNode=ns=1;s=SensorSource3
[Anomaly Input] [2026-08-15 16:53:00.478 (UTC)] info/application	[Motor] Received distance: 33.59437586348242 cm | Severity=75 | SourceName=Motor | EventType=application | SourceNode=ns=1;s=MotorSource
[Anomaly Input] [2026-08-15 16:53:00.478 (UTC)] info/application	[Motor] Distance safe (33.59437586348242); rotating motor to 90 degrees | Severity=75 | SourceName=Motor | EventType=application | SourceNode=ns=1;s=MotorSource
[Anomaly Input] [2026-08-15 16:53:00.922 (UTC)] info/application	[Motor] Received distance: 17.172495394559807 cm | Severity=75 | SourceName=Motor2 | EventType=application | SourceNode=ns=1;s=MotorSource2
[Anomaly Input] [2026-08-15 16:53:00.922 (UTC)] info/application	[Motor] Received distance: 18.425844729144984 cm | Severity=75 | SourceName=Motor3 | EventType=application | SourceNode=ns=1;s=MotorSource3
[Anomaly Input] [2026-08-15 16:53:00.922 (UTC)] warn/application	[Motor] Distance too close (17.172495394559807); rotating motor to 0 degrees | Severity=175 | SourceName=Motor2 | EventType=application | SourceNode=ns=1;s=MotorSource2
[Anomaly Input] [2026-08-15 16:53:00.922 (UTC)] warn/application	[Motor] Distance too close (18.425844729144984); rotating motor to 0 degrees | Severity=175 | SourceName=Motor3 | EventType=application | SourceNode=ns=1;s=MotorSource3
[Anomaly Input] [2026-08-15 16:53:00.972 (UTC)] info/application	[Sensor] Updated distance: 12.317656104600827 cm | Severity=75 | SourceName=Sensor | EventType=application | SourceNode=ns=1;s=SensorSource
[Anomaly Input] [2026-08-15 16:53:01.377 (UTC)] info/application	[Sensor] Updated distance: 28.36957548296525 cm | Severity=75 | SourceName=Sensor2 | EventType=application | SourceNode=ns=1;s=SensorSource2
[Anomaly Input] [2026-08-15 16:53:01.377 (UTC)] info/application	[Sensor] Updated distance: 27.298645329335073 cm | Severity=75 | SourceName=Sensor3 | EventType=application | SourceNode=ns=1;s=SensorSource3
[Anomaly Input] [2026-08-15 16:53:01.470 (UTC)] info/application	[Motor] Received distance: 12.317656104600827 cm | Severity=75 | SourceName=Motor | EventType=application | SourceNode=ns=1;s=MotorSource
[Anomaly Input] [2026-08-15 16:53:01.470 (UTC)] warn/application	[Motor] Distance too close (12.317656104600827); rotating motor to 0 degrees | Severity=175 | SourceName=Motor | EventType=application | SourceNode=ns=1;s=MotorSource
[Anomaly Input] [2026-08-15 16:53:01.932 (UTC)] info/application	[Motor] Received distance: 28.36957548296525 cm | Severity=75 | SourceName=Motor2 | EventType=application | SourceNode=ns=1;s=MotorSource2
[Anomaly Input] [2026-08-15 16:53:01.932 (UTC)] info/application	[Motor] Received distance: 27.298645329335073 cm | Severity=75 | SourceName=Motor3 | EventType=application | SourceNode=ns=1;s=MotorSource3
[Anomaly Input] [2026-08-15 16:53:01.932 (UTC)] info/application	[Motor] Distance safe (28.36957548296525); rotating motor to 90 degrees | Severity=75 | SourceName=Motor2 | EventType=application | SourceNode=ns=1;s=MotorSource2
[Anomaly Input] [2026-08-15 16:53:01.932 (UTC)] info/application	[Motor] Distance safe (27.298645329335073); rotating motor to 90 degrees | Severity=75 | SourceName=Motor3 | EventType=application | SourceNode=ns=1;s=MotorSource3
[Anomaly Input] [2026-08-15 16:53:01.974 (UTC)] info/application	[Sensor] Updated distance: 39.18550696465443 cm | Severity=75 | SourceName=Sensor | EventType=application | SourceNode=ns=1;s=SensorSource
[Anomaly Input] [2026-08-15 16:53:02.369 (UTC)] info/application	[Sensor] Updated distance: 25.799707282241297 cm | Severity=75 | SourceName=Sensor3 | EventType=application | SourceNode=ns=1;s=SensorSource3
[Anomaly Input] [2026-08-15 16:53:02.379 (UTC)] info/application	[Sensor] Updated distance: 18.930946797565998 cm | Severity=75 | SourceName=Sensor2 | EventType=application | SourceNode=ns=1;s=SensorSource2
[Anomaly Input] [2026-08-15 16:53:02.478 (UTC)] info/application	[Motor] Received distance: 39.18550696465443 cm | Severity=75 | SourceName=Motor | EventType=application | SourceNode=ns=1;s=MotorSource
[Anomaly Input] [2026-08-15 16:53:02.478 (UTC)] info/application	[Motor] Distance safe (39.18550696465443); rotating motor to 90 degrees | Severity=75 | SourceName=Motor | EventType=application | SourceNode=ns=1;s=MotorSource
[Anomaly Input] [2026-08-15 16:53:02.920 (UTC)] info/application	[Motor] Received distance: 18.930946797565998 cm | Severity=75 | SourceName=Motor2 | EventType=application | SourceNode=ns=1;s=MotorSource2
[Anomaly Input] [2026-08-15 16:53:02.921 (UTC)] info/application	[Motor] Received distance: 25.799707282241297 cm | Severity=75 | SourceName=Motor3 | EventType=application | SourceNode=ns=1;s=MotorSource3
[Anomaly Input] [2026-08-15 16:53:02.920 (UTC)] warn/application	[Motor] Distance too close (18.930946797565998); rotating motor to 0 degrees | Severity=175 | SourceName=Motor2 | EventType=application | SourceNode=ns=1;s=MotorSource2
[Anomaly Input] [2026-08-15 16:53:02.921 (UTC)] info/application	[Motor] Distance safe (25.799707282241297); rotating motor to 90 degrees | Severity=75 | SourceName=Motor3 | EventType=application | SourceNode=ns=1;s=MotorSource3
[Anomaly Input] [2026-08-15 16:53:02.967 (UTC)] info/application	[Sensor] Updated distance: 4.694602297011112 cm | Severity=75 | SourceName=Sensor | EventType=application | SourceNode=ns=1;s=SensorSource
[Anomaly Input] [2026-08-15 16:53:03.372 (UTC)] info/application	[Sensor] Updated distance: 36.47112523134384 cm | Severity=75 | SourceName=Sensor3 | EventType=application | SourceNode=ns=1;s=SensorSource3
[Anomaly Input] [2026-08-15 16:53:03.372 (UTC)] info/application	[Sensor] Updated distance: 11.637842920440175 cm | Severity=75 | SourceName=Sensor2 | EventType=application | SourceNode=ns=1;s=SensorSource2
[Anomaly Input] [2026-08-15 16:53:03.473 (UTC)] info/application	[Motor] Received distance: 4.694602297011112 cm | Severity=75 | SourceName=Motor | EventType=application | SourceNode=ns=1;s=MotorSource
[Anomaly Input] [2026-08-15 16:53:03.473 (UTC)] warn/application	[Motor] Distance too close (4.694602297011112); rotating motor to 0 degrees | Severity=175 | SourceName=Motor | EventType=application | SourceNode=ns=1;s=MotorSource
[Anomaly Input] [2026-08-15 16:53:03.919 (UTC)] info/application	[Motor] Received distance: 11.637842920440175 cm | Severity=75 | SourceName=Motor2 | EventType=application | SourceNode=ns=1;s=MotorSource2
[Anomaly Input] [2026-08-15 16:53:03.919 (UTC)] info/application	[Motor] Received distance: 36.47112523134384 cm | Severity=75 | SourceName=Motor3 | EventType=application | SourceNode=ns=1;s=MotorSource3
[Anomaly Input] [2026-08-15 16:53:03.919 (UTC)] warn/application	[Motor] Distance too close (11.637842920440175); rotating motor to 0 degrees | Severity=175 | SourceName=Motor2 | EventType=application | SourceNode=ns=1;s=MotorSource2
[Anomaly Input] [2026-08-15 16:53:03.919 (UTC)] info/application	[Motor] Distance safe (36.47112523134384); rotating motor to 90 degrees | Severity=75 | SourceName=Motor3 | EventType=application | SourceNode=ns=1;s=MotorSource3
[Anomaly Input] [2026-08-15 16:53:03.969 (UTC)] info/application	[Sensor] Updated distance: 35.44229221411156 cm | Severity=75 | SourceName=Sensor | EventType=application | SourceNode=ns=1;s=SensorSource
[Anomaly Input] [2026-08-15 16:53:04.375 (UTC)] info/application	[Sensor] Updated distance: 19.765725009965582 cm | Severity=75 | SourceName=Sensor2 | EventType=application | SourceNode=ns=1;s=SensorSource2
[Anomaly Input] [2026-08-15 16:53:04.375 (UTC)] info/application	[Sensor] Updated distance: 21.844493815602963 cm | Severity=75 | SourceName=Sensor3 | EventType=application | SourceNode=ns=1;s=SensorSource3
[Anomaly Input] [2026-08-15 16:53:04.466 (UTC)] info/application	[Motor] Received distance: 35.44229221411156 cm | Severity=75 | SourceName=Motor | EventType=application | SourceNode=ns=1;s=MotorSource
[Anomaly Input] [2026-08-15 16:53:04.466 (UTC)] info/application	[Motor] Distance safe (35.44229221411156); rotating motor to 90 degrees | Severity=75 | SourceName=Motor | EventType=application | SourceNode=ns=1;s=MotorSource
[Anomaly Input] [2026-08-15 16:53:04.922 (UTC)] info/application	[Motor] Received distance: 19.765725009965582 cm | Severity=75 | SourceName=Motor2 | EventType=application | SourceNode=ns=1;s=MotorSource2
[Anomaly Input] [2026-08-15 16:53:04.922 (UTC)] info/application	[Motor] Received distance: 21.844493815602963 cm | Severity=75 | SourceName=Motor3 | EventType=application | SourceNode=ns=1;s=MotorSource3
[Anomaly Input] [2026-08-15 16:53:04.922 (UTC)] warn/application	[Motor] Distance too close (19.765725009965582); rotating motor to 0 degrees | Severity=175 | SourceName=Motor2 | EventType=application | SourceNode=ns=1;s=MotorSource2
[Anomaly Input] [2026-08-15 16:53:04.922 (UTC)] info/application	[Motor] Distance safe (21.844493815602963); rotating motor to 90 degrees | Severity=75 | SourceName=Motor3 | EventType=application | SourceNode=ns=1;s=MotorSource3
[Anomaly Input] [2026-08-15 16:53:04.972 (UTC)] info/application	[Sensor] Updated distance: 9.945976417486545 cm | Severity=75 | SourceName=Sensor | EventType=application | SourceNode=ns=1;s=SensorSource
[Anomaly Input] [2026-08-15 16:53:05.367 (UTC)] info/application	[Sensor] Updated distance: 32.67029587117503 cm | Severity=75 | SourceName=Sensor3 | EventType=application | SourceNode=ns=1;s=SensorSource3
[Anomaly Input] [2026-08-15 16:53:05.377 (UTC)] info/application	[Sensor] Updated distance: 49.35773443400754 cm | Severity=75 | SourceName=Sensor2 | EventType=application | SourceNode=ns=1;s=SensorSource2
[Anomaly Input] [2026-08-15 16:53:05.478 (UTC)] info/application	[Motor] Received distance: 9.945976417486545 cm | Severity=75 | SourceName=Motor | EventType=application | SourceNode=ns=1;s=MotorSource
[Anomaly Input] [2026-08-15 16:53:05.478 (UTC)] warn/application	[Motor] Distance too close (9.945976417486545); rotating motor to 0 degrees | Severity=175 | SourceName=Motor | EventType=application | SourceNode=ns=1;s=MotorSource
[Anomaly Input] [2026-08-15 16:53:05.932 (UTC)] info/application	[Motor] Received distance: 49.35773443400754 cm | Severity=75 | SourceName=Motor2 | EventType=application | SourceNode=ns=1;s=MotorSource2
[Anomaly Input] [2026-08-15 16:53:05.932 (UTC)] info/application	[Motor] Received distance: 32.67029587117503 cm | Severity=75 | SourceName=Motor3 | EventType=application | SourceNode=ns=1;s=MotorSource3
[Anomaly Input] [2026-08-15 16:53:05.932 (UTC)] info/application	[Motor] Distance safe (49.35773443400754); rotating motor to 90 degrees | Severity=75 | SourceName=Motor2 | EventType=application | SourceNode=ns=1;s=MotorSource2
[Anomaly Input] [2026-08-15 16:53:05.932 (UTC)] info/application	[Motor] Distance safe (32.67029587117503); rotating motor to 90 degrees | Severity=75 | SourceName=Motor3 | EventType=application | SourceNode=ns=1;s=MotorSource3
[Anomaly Input] [2026-08-15 16:53:05.975 (UTC)] info/application	[Sensor] Updated distance: 40.78038060980867 cm | Severity=75 | SourceName=Sensor | EventType=application | SourceNode=ns=1;s=SensorSource
[Anomaly Input] [2026-08-15 16:53:06.370 (UTC)] info/application	[Sensor] Updated distance: 13.697053728484107 cm | Severity=75 | SourceName=Sensor3 | EventType=application | SourceNode=ns=1;s=SensorSource3
[Anomaly Input] [2026-08-15 16:53:06.380 (UTC)] info/application	[Sensor] Updated distance: 39.55068384369401 cm | Severity=75 | SourceName=Sensor2 | EventType=application | SourceNode=ns=1;s=SensorSource2
[Anomaly Input] [2026-08-15 16:53:06.471 (UTC)] info/application	[Motor] Received distance: 40.78038060980867 cm | Severity=75 | SourceName=Motor | EventType=application | SourceNode=ns=1;s=MotorSource
[Anomaly Input] [2026-08-15 16:53:06.471 (UTC)] info/application	[Motor] Distance safe (40.78038060980867); rotating motor to 90 degrees | Severity=75 | SourceName=Motor | EventType=application | SourceNode=ns=1;s=MotorSource
[Anomaly Input] [2026-08-15 16:53:06.921 (UTC)] info/application	[Motor] Received distance: 13.697053728484107 cm | Severity=75 | SourceName=Motor3 | EventType=application | SourceNode=ns=1;s=MotorSource3
[Anomaly Input] [2026-08-15 16:53:06.921 (UTC)] info/application	[Motor] Received distance: 39.55068384369401 cm | Severity=75 | SourceName=Motor2 | EventType=application | SourceNode=ns=1;s=MotorSource2
[Anomaly Input] [2026-08-15 16:53:06.921 (UTC)] warn/application	[Motor] Distance too close (13.697053728484107); rotating motor to 0 degrees | Severity=175 | SourceName=Motor3 | EventType=application | SourceNode=ns=1;s=MotorSource3
[Anomaly Input] [2026-08-15 16:53:06.921 (UTC)] info/application	[Motor] Distance safe (39.55068384369401); rotating motor to 90 degrees | Severity=75 | SourceName=Motor2 | EventType=application | SourceNode=ns=1;s=MotorSource2
[Anomaly Input] [2026-08-15 16:53:06.967 (UTC)] info/application	[Sensor] Updated distance: 17.303772203300042 cm | Severity=75 | SourceName=Sensor | EventType=application | SourceNode=ns=1;s=SensorSource
[Anomaly Input] [2026-08-15 16:53:07.372 (UTC)] info/application	[Sensor] Updated distance: 39.168495590411354 cm | Severity=75 | SourceName=Sensor2 | EventType=application | SourceNode=ns=1;s=SensorSource2
[Anomaly Input] [2026-08-15 16:53:07.372 (UTC)] info/application	[Sensor] Updated distance: 29.282765907832776 cm | Severity=75 | SourceName=Sensor3 | EventType=application | SourceNode=ns=1;s=SensorSource3
[Anomaly Input] [2026-08-15 16:53:07.478 (UTC)] info/application	[Motor] Received distance: 17.303772203300042 cm | Severity=75 | SourceName=Motor | EventType=application | SourceNode=ns=1;s=MotorSource
[Anomaly Input] [2026-08-15 16:53:07.478 (UTC)] warn/application	[Motor] Distance too close (17.303772203300042); rotating motor to 0 degrees | Severity=175 | SourceName=Motor | EventType=application | SourceNode=ns=1;s=MotorSource
[Anomaly Input] [2026-08-15 16:53:07.919 (UTC)] info/application	[Motor] Received distance: 39.168495590411354 cm | Severity=75 | SourceName=Motor2 | EventType=application | SourceNode=ns=1;s=MotorSource2
[Anomaly Input] [2026-08-15 16:53:07.919 (UTC)] info/application	[Motor] Received distance: 29.282765907832776 cm | Severity=75 | SourceName=Motor3 | EventType=application | SourceNode=ns=1;s=MotorSource3
[Anomaly Input] [2026-08-15 16:53:07.919 (UTC)] info/application	[Motor] Distance safe (39.168495590411354); rotating motor to 90 degrees | Severity=75 | SourceName=Motor2 | EventType=application | SourceNode=ns=1;s=MotorSource2
[Anomaly Input] [2026-08-15 16:53:07.919 (UTC)] info/application	[Motor] Distance safe (29.282765907832776); rotating motor to 90 degrees | Severity=75 | SourceName=Motor3 | EventType=application | SourceNode=ns=1;s=MotorSource3
[Anomaly Input] [2026-08-15 16:53:07.969 (UTC)] info/application	[Sensor] Updated distance: 16.400692030042734 cm | Severity=75 | SourceName=Sensor | EventType=application | SourceNode=ns=1;s=SensorSource
[Anomaly Input] [2026-08-15 16:53:08.374 (UTC)] info/application	[Sensor] Updated distance: 30.335048696182223 cm | Severity=75 | SourceName=Sensor3 | EventType=application | SourceNode=ns=1;s=SensorSource3
[Anomaly Input] [2026-08-15 16:53:08.374 (UTC)] info/application	[Sensor] Updated distance: 9.921009343080692 cm | Severity=75 | SourceName=Sensor2 | EventType=application | SourceNode=ns=1;s=SensorSource2
[Anomaly Input] [2026-08-15 16:53:08.476 (UTC)] info/application	[Motor] Received distance: 16.400692030042734 cm | Severity=75 | SourceName=Motor | EventType=application | SourceNode=ns=1;s=MotorSource
[Anomaly Input] [2026-08-15 16:53:08.476 (UTC)] warn/application	[Motor] Distance too close (16.400692030042734); rotating motor to 0 degrees | Severity=175 | SourceName=Motor | EventType=application | SourceNode=ns=1;s=MotorSource
[Anomaly Input] [2026-08-15 16:53:08.922 (UTC)] info/application	[Motor] Received distance: 9.921009343080692 cm | Severity=75 | SourceName=Motor2 | EventType=application | SourceNode=ns=1;s=MotorSource2
[Anomaly Input] [2026-08-15 16:53:08.922 (UTC)] info/application	[Motor] Received distance: 30.335048696182223 cm | Severity=75 | SourceName=Motor3 | EventType=application | SourceNode=ns=1;s=MotorSource3
[Anomaly Input] [2026-08-15 16:53:08.922 (UTC)] warn/application	[Motor] Distance too close (9.921009343080692); rotating motor to 0 degrees | Severity=175 | SourceName=Motor2 | EventType=application | SourceNode=ns=1;s=MotorSource2
[Anomaly Input] [2026-08-15 16:53:08.922 (UTC)] info/application	[Motor] Distance safe (30.335048696182223); rotating motor to 90 degrees | Severity=75 | SourceName=Motor3 | EventType=application | SourceNode=ns=1;s=MotorSource3
[Anomaly Input] [2026-08-15 16:53:08.972 (UTC)] info/application	[Sensor] Updated distance: 47.955131120027566 cm | Severity=75 | SourceName=Sensor | EventType=application | SourceNode=ns=1;s=SensorSource
[Anomaly Input] [2026-08-15 16:53:09.368 (UTC)] info/application	[Sensor] Updated distance: 15.889888255805655 cm | Severity=75 | SourceName=Sensor3 | EventType=application | SourceNode=ns=1;s=SensorSource3
[Anomaly Input] [2026-08-15 16:53:09.378 (UTC)] info/application	[Sensor] Updated distance: 11.292267334317913 cm | Severity=75 | SourceName=Sensor2 | EventType=application | SourceNode=ns=1;s=SensorSource2
[Anomaly Input] [2026-08-15 16:53:09.469 (UTC)] info/application	[Motor] Received distance: 47.955131120027566 cm | Severity=75 | SourceName=Motor | EventType=application | SourceNode=ns=1;s=MotorSource
[Anomaly Input] [2026-08-15 16:53:09.469 (UTC)] info/application	[Motor] Distance safe (47.955131120027566); rotating motor to 90 degrees | Severity=75 | SourceName=Motor | EventType=application | SourceNode=ns=1;s=MotorSource
[Anomaly Input] [2026-08-15 16:53:09.915 (UTC)] info/application	[Motor] Received distance: 15.889888255805655 cm | Severity=75 | SourceName=Motor3 | EventType=application | SourceNode=ns=1;s=MotorSource3
[Anomaly Input] [2026-08-15 16:53:09.915 (UTC)] info/application	[Motor] Received distance: 11.292267334317913 cm | Severity=75 | SourceName=Motor2 | EventType=application | SourceNode=ns=1;s=MotorSource2
[Anomaly Input] [2026-08-15 16:53:09.915 (UTC)] warn/application	[Motor] Distance too close (15.889888255805655); rotating motor to 0 degrees | Severity=175 | SourceName=Motor3 | EventType=application | SourceNode=ns=1;s=MotorSource3
[Anomaly Input] [2026-08-15 16:53:09.915 (UTC)] warn/application	[Motor] Distance too close (11.292267334317913); rotating motor to 0 degrees | Severity=175 | SourceName=Motor2 | EventType=application | SourceNode=ns=1;s=MotorSource2
[Anomaly Input] [2026-08-15 16:53:09.966 (UTC)] info/application	[Sensor] Updated distance: 36.61702372255596 cm | Severity=75 | SourceName=Sensor | EventType=application | SourceNode=ns=1;s=SensorSource
[Anomaly Input] [2026-08-15 16:53:10.371 (UTC)] info/application	[Sensor] Updated distance: 36.50466605392502 cm | Severity=75 | SourceName=Sensor2 | EventType=application | SourceNode=ns=1;s=SensorSource2
[Anomaly Input] [2026-08-15 16:53:10.371 (UTC)] info/application	[Sensor] Updated distance: 32.905444420364425 cm | Severity=75 | SourceName=Sensor3 | EventType=application | SourceNode=ns=1;s=SensorSource3
[Anomaly Input] [2026-08-15 16:53:10.478 (UTC)] info/application	[Motor] Received distance: 36.61702372255596 cm | Severity=75 | SourceName=Motor | EventType=application | SourceNode=ns=1;s=MotorSource
[Anomaly Input] [2026-08-15 16:53:10.478 (UTC)] info/application	[Motor] Distance safe (36.61702372255596); rotating motor to 90 degrees | Severity=75 | SourceName=Motor | EventType=application | SourceNode=ns=1;s=MotorSource
[Anomaly Input] [2026-08-15 16:53:10.921 (UTC)] info/application	[Motor] Received distance: 36.50466605392502 cm | Severity=75 | SourceName=Motor2 | EventType=application | SourceNode=ns=1;s=MotorSource2
[Anomaly Input] [2026-08-15 16:53:10.922 (UTC)] info/application	[Motor] Received distance: 32.905444420364425 cm | Severity=75 | SourceName=Motor3 | EventType=application | SourceNode=ns=1;s=MotorSource3
[Anomaly Input] [2026-08-15 16:53:10.921 (UTC)] info/application	[Motor] Distance safe (36.50466605392502); rotating motor to 90 degrees | Severity=75 | SourceName=Motor2 | EventType=application | SourceNode=ns=1;s=MotorSource2
[Anomaly Input] [2026-08-15 16:53:10.922 (UTC)] info/application	[Motor] Distance safe (32.905444420364425); rotating motor to 90 degrees | Severity=75 | SourceName=Motor3 | EventType=application | SourceNode=ns=1;s=MotorSource3
[Anomaly Input] [2026-08-15 16:53:10.969 (UTC)] info/application	[Sensor] Updated distance: 5.52244389221186 cm | Severity=75 | SourceName=Sensor | EventType=application | SourceNode=ns=1;s=SensorSource
[Anomaly Input] [2026-08-15 16:53:11.375 (UTC)] info/application	[Sensor] Updated distance: 42.30584653108653 cm | Severity=75 | SourceName=Sensor3 | EventType=application | SourceNode=ns=1;s=SensorSource3
[Anomaly Input] [2026-08-15 16:53:11.376 (UTC)] info/application	[Sensor] Updated distance: 4.868007489884276 cm | Severity=75 | SourceName=Sensor2 | EventType=application | SourceNode=ns=1;s=SensorSource2
[Anomaly Input] [2026-08-15 16:53:11.472 (UTC)] info/application	[Motor] Received distance: 5.52244389221186 cm | Severity=75 | SourceName=Motor | EventType=application | SourceNode=ns=1;s=MotorSource
[Anomaly Input] [2026-08-15 16:53:11.472 (UTC)] warn/application	[Motor] Distance too close (5.52244389221186); rotating motor to 0 degrees | Severity=175 | SourceName=Motor | EventType=application | SourceNode=ns=1;s=MotorSource
[Anomaly Input] [2026-08-15 16:53:11.923 (UTC)] info/application	[Motor] Received distance: 4.868007489884276 cm | Severity=75 | SourceName=Motor2 | EventType=application | SourceNode=ns=1;s=MotorSource2
[Anomaly Input] [2026-08-15 16:53:11.923 (UTC)] info/application	[Motor] Received distance: 42.30584653108653 cm | Severity=75 | SourceName=Motor3 | EventType=application | SourceNode=ns=1;s=MotorSource3
[Anomaly Input] [2026-08-15 16:53:11.923 (UTC)] warn/application	[Motor] Distance too close (4.868007489884276); rotating motor to 0 degrees | Severity=175 | SourceName=Motor2 | EventType=application | SourceNode=ns=1;s=MotorSource2
[Anomaly Input] [2026-08-15 16:53:11.923 (UTC)] info/application	[Motor] Distance safe (42.30584653108653); rotating motor to 90 degrees | Severity=75 | SourceName=Motor3 | EventType=application | SourceNode=ns=1;s=MotorSource3
[Anomaly Input] [2026-08-15 16:53:11.974 (UTC)] info/application	[Sensor] Updated distance: 14.774912787962197 cm | Severity=75 | SourceName=Sensor | EventType=application | SourceNode=ns=1;s=SensorSource
[Anomaly Input] [2026-08-15 16:53:12.369 (UTC)] info/application	[Sensor] Updated distance: 11.7325503126404 cm | Severity=75 | SourceName=Sensor3 | EventType=application | SourceNode=ns=1;s=SensorSource3
[Anomaly Input] [2026-08-15 16:53:12.379 (UTC)] info/application	[Sensor] Updated distance: 8.859632837986403 cm | Severity=75 | SourceName=Sensor2 | EventType=application | SourceNode=ns=1;s=SensorSource2
[Anomaly Input] [2026-08-15 16:53:12.478 (UTC)] info/application	[Motor] Received distance: 14.774912787962197 cm | Severity=75 | SourceName=Motor | EventType=application | SourceNode=ns=1;s=MotorSource
[Anomaly Input] [2026-08-15 16:53:12.478 (UTC)] warn/application	[Motor] Distance too close (14.774912787962197); rotating motor to 0 degrees | Severity=175 | SourceName=Motor | EventType=application | SourceNode=ns=1;s=MotorSource
[Anomaly Input] [2026-08-15 16:53:12.916 (UTC)] info/application	[Motor] Received distance: 8.859632837986403 cm | Severity=75 | SourceName=Motor2 | EventType=application | SourceNode=ns=1;s=MotorSource2
[Anomaly Input] [2026-08-15 16:53:12.916 (UTC)] info/application	[Motor] Received distance: 11.7325503126404 cm | Severity=75 | SourceName=Motor3 | EventType=application | SourceNode=ns=1;s=MotorSource3
[Anomaly Input] [2026-08-15 16:53:12.916 (UTC)] warn/application	[Motor] Distance too close (8.859632837986403); rotating motor to 0 degrees | Severity=175 | SourceName=Motor2 | EventType=application | SourceNode=ns=1;s=MotorSource2
[Anomaly Input] [2026-08-15 16:53:12.916 (UTC)] warn/application	[Motor] Distance too close (11.7325503126404); rotating motor to 0 degrees | Severity=175 | SourceName=Motor3 | EventType=application | SourceNode=ns=1;s=MotorSource3
[Anomaly Input] [2026-08-15 16:53:12.966 (UTC)] info/application	[Sensor] Updated distance: 38.35832852328118 cm | Severity=75 | SourceName=Sensor | EventType=application | SourceNode=ns=1;s=SensorSource
[Anomaly Input] [2026-08-15 16:53:13.371 (UTC)] info/application	[Sensor] Updated distance: 28.764613417333276 cm | Severity=75 | SourceName=Sensor3 | EventType=application | SourceNode=ns=1;s=SensorSource3
[Anomaly Input] [2026-08-15 16:53:13.371 (UTC)] info/application	[Sensor] Updated distance: 48.162379576900214 cm | Severity=75 | SourceName=Sensor2 | EventType=application | SourceNode=ns=1;s=SensorSource2
[Anomaly Input] [2026-08-15 16:53:13.472 (UTC)] info/application	[Motor] Received distance: 38.35832852328118 cm | Severity=75 | SourceName=Motor | EventType=application | SourceNode=ns=1;s=MotorSource
[Anomaly Input] [2026-08-15 16:53:13.472 (UTC)] info/application	[Motor] Distance safe (38.35832852328118); rotating motor to 90 degrees | Severity=75 | SourceName=Motor | EventType=application | SourceNode=ns=1;s=MotorSource
[Anomaly Input] [2026-08-15 16:53:13.920 (UTC)] info/application	[Motor] Received distance: 28.764613417333276 cm | Severity=75 | SourceName=Motor3 | EventType=application | SourceNode=ns=1;s=MotorSource3
[Anomaly Input] [2026-08-15 16:53:13.920 (UTC)] info/application	[Motor] Received distance: 48.162379576900214 cm | Severity=75 | SourceName=Motor2 | EventType=application | SourceNode=ns=1;s=MotorSource2
[Anomaly Input] [2026-08-15 16:53:13.920 (UTC)] info/application	[Motor] Distance safe (28.764613417333276); rotating motor to 90 degrees | Severity=75 | SourceName=Motor3 | EventType=application | SourceNode=ns=1;s=MotorSource3
[Anomaly Input] [2026-08-15 16:53:13.920 (UTC)] info/application	[Motor] Distance safe (48.162379576900214); rotating motor to 90 degrees | Severity=75 | SourceName=Motor2 | EventType=application | SourceNode=ns=1;s=MotorSource2
[Anomaly Input] [2026-08-15 16:53:13.968 (UTC)] info/application	[Sensor] Updated distance: 28.618213800069974 cm | Severity=75 | SourceName=Sensor | EventType=application | SourceNode=ns=1;s=SensorSource
[Anomaly Input] [2026-08-15 16:53:14.373 (UTC)] info/application	[Sensor] Updated distance: 6.995374994815967 cm | Severity=75 | SourceName=Sensor3 | EventType=application | SourceNode=ns=1;s=SensorSource3
[Anomaly Input] [2026-08-15 16:53:14.373 (UTC)] info/application	[Sensor] Updated distance: 21.009968334347924 cm | Severity=75 | SourceName=Sensor2 | EventType=application | SourceNode=ns=1;s=SensorSource2
[Anomaly Input] [2026-08-15 16:53:14.477 (UTC)] info/application	[Motor] Received distance: 28.618213800069974 cm | Severity=75 | SourceName=Motor | EventType=application | SourceNode=ns=1;s=MotorSource
[Anomaly Input] [2026-08-15 16:53:14.477 (UTC)] info/application	[Motor] Distance safe (28.618213800069974); rotating motor to 90 degrees | Severity=75 | SourceName=Motor | EventType=application | SourceNode=ns=1;s=MotorSource
[Anomaly Input] [2026-08-15 16:53:14.919 (UTC)] info/application	[Motor] Received distance: 21.009968334347924 cm | Severity=75 | SourceName=Motor2 | EventType=application | SourceNode=ns=1;s=MotorSource2
[Anomaly Input] [2026-08-15 16:53:14.922 (UTC)] info/application	[Motor] Received distance: 6.995374994815967 cm | Severity=75 | SourceName=Motor3 | EventType=application | SourceNode=ns=1;s=MotorSource3
[Anomaly Input] [2026-08-15 16:53:14.919 (UTC)] info/application	[Motor] Distance safe (21.009968334347924); rotating motor to 90 degrees | Severity=75 | SourceName=Motor2 | EventType=application | SourceNode=ns=1;s=MotorSource2
[Anomaly Input] [2026-08-15 16:53:14.922 (UTC)] warn/application	[Motor] Distance too close (6.995374994815967); rotating motor to 0 degrees | Severity=175 | SourceName=Motor3 | EventType=application | SourceNode=ns=1;s=MotorSource3
[Anomaly Input] [2026-08-15 16:53:14.970 (UTC)] info/application	[Sensor] Updated distance: 41.95758600903562 cm | Severity=75 | SourceName=Sensor | EventType=application | SourceNode=ns=1;s=SensorSource
[Anomaly Input] [2026-08-15 16:53:15.375 (UTC)] info/application	[Sensor] Updated distance: 38.019556919121904 cm | Severity=75 | SourceName=Sensor2 | EventType=application | SourceNode=ns=1;s=SensorSource2
[Anomaly Input] [2026-08-15 16:53:15.375 (UTC)] info/application	[Sensor] Updated distance: 7.7757917147948366 cm | Severity=75 | SourceName=Sensor3 | EventType=application | SourceNode=ns=1;s=SensorSource3
[Anomaly Input] [2026-08-15 16:53:15.476 (UTC)] info/application	[Motor] Received distance: 41.95758600903562 cm | Severity=75 | SourceName=Motor | EventType=application | SourceNode=ns=1;s=MotorSource
[Anomaly Input] [2026-08-15 16:53:15.476 (UTC)] info/application	[Motor] Distance safe (41.95758600903562); rotating motor to 90 degrees | Severity=75 | SourceName=Motor | EventType=application | SourceNode=ns=1;s=MotorSource
[Anomaly Input] [2026-08-15 16:53:15.930 (UTC)] info/application	[Motor] Received distance: 38.019556919121904 cm | Severity=75 | SourceName=Motor2 | EventType=application | SourceNode=ns=1;s=MotorSource2
[Anomaly Input] [2026-08-15 16:53:15.931 (UTC)] info/application	[Motor] Received distance: 7.7757917147948366 cm | Severity=75 | SourceName=Motor3 | EventType=application | SourceNode=ns=1;s=MotorSource3
[Anomaly Input] [2026-08-15 16:53:15.930 (UTC)] info/application	[Motor] Distance safe (38.019556919121904); rotating motor to 90 degrees | Severity=75 | SourceName=Motor2 | EventType=application | SourceNode=ns=1;s=MotorSource2
[Anomaly Input] [2026-08-15 16:53:15.931 (UTC)] warn/application	[Motor] Distance too close (7.7757917147948366); rotating motor to 0 degrees | Severity=175 | SourceName=Motor3 | EventType=application | SourceNode=ns=1;s=MotorSource3
[Anomaly Input] [2026-08-15 16:53:15.972 (UTC)] info/application	[Sensor] Updated distance: 33.729787051551874 cm | Severity=75 | SourceName=Sensor | EventType=application | SourceNode=ns=1;s=SensorSource
[Anomaly Input] [2026-08-15 16:53:16.377 (UTC)] info/application	[Sensor] Updated distance: 49.7577251343791 cm | Severity=75 | SourceName=Sensor3 | EventType=application | SourceNode=ns=1;s=SensorSource3
[Anomaly Input] [2026-08-15 16:53:16.377 (UTC)] info/application	[Sensor] Updated distance: 9.203200298921764 cm | Severity=75 | SourceName=Sensor2 | EventType=application | SourceNode=ns=1;s=SensorSource2
[Anomaly Input] [2026-08-15 16:53:16.468 (UTC)] info/application	[Motor] Received distance: 33.729787051551874 cm | Severity=75 | SourceName=Motor | EventType=application | SourceNode=ns=1;s=MotorSource
[Anomaly Input] [2026-08-15 16:53:16.468 (UTC)] info/application	[Motor] Distance safe (33.729787051551874); rotating motor to 90 degrees | Severity=75 | SourceName=Motor | EventType=application | SourceNode=ns=1;s=MotorSource
[Anomaly Input] [2026-08-15 16:53:16.924 (UTC)] info/application	[Motor] Received distance: 9.203200298921764 cm | Severity=75 | SourceName=Motor2 | EventType=application | SourceNode=ns=1;s=MotorSource2
[Anomaly Input] [2026-08-15 16:53:16.924 (UTC)] info/application	[Motor] Received distance: 49.7577251343791 cm | Severity=75 | SourceName=Motor3 | EventType=application | SourceNode=ns=1;s=MotorSource3
[Anomaly Input] [2026-08-15 16:53:16.924 (UTC)] warn/application	[Motor] Distance too close (9.203200298921764); rotating motor to 0 degrees | Severity=175 | SourceName=Motor2 | EventType=application | SourceNode=ns=1;s=MotorSource2
[Anomaly Input] [2026-08-15 16:53:16.924 (UTC)] info/application	[Motor] Distance safe (49.7577251343791); rotating motor to 90 degrees | Severity=75 | SourceName=Motor3 | EventType=application | SourceNode=ns=1;s=MotorSource3
[Anomaly Input] [2026-08-15 16:53:16.974 (UTC)] info/application	[Sensor] Updated distance: 18.665722415161188 cm | Severity=75 | SourceName=Sensor | EventType=application | SourceNode=ns=1;s=SensorSource
[Anomaly Input] [2026-08-15 16:53:17.369 (UTC)] info/application	[Sensor] Updated distance: 28.06012053511111 cm | Severity=75 | SourceName=Sensor3 | EventType=application | SourceNode=ns=1;s=SensorSource3
[Anomaly Input] [2026-08-15 16:53:17.379 (UTC)] info/application	[Sensor] Updated distance: 4.67349098747293 cm | Severity=75 | SourceName=Sensor2 | EventType=application | SourceNode=ns=1;s=SensorSource2
[Anomaly Input] [2026-08-15 16:53:17.478 (UTC)] info/application	[Motor] Received distance: 18.665722415161188 cm | Severity=75 | SourceName=Motor | EventType=application | SourceNode=ns=1;s=MotorSource
[Anomaly Input] [2026-08-15 16:53:17.478 (UTC)] warn/application	[Motor] Distance too close (18.665722415161188); rotating motor to 0 degrees | Severity=175 | SourceName=Motor | EventType=application | SourceNode=ns=1;s=MotorSource
[Anomaly Input] [2026-08-15 16:53:17.916 (UTC)] info/application	[Motor] Received distance: 4.67349098747293 cm | Severity=75 | SourceName=Motor2 | EventType=application | SourceNode=ns=1;s=MotorSource2
[Anomaly Input] [2026-08-15 16:53:17.916 (UTC)] info/application	[Motor] Received distance: 28.06012053511111 cm | Severity=75 | SourceName=Motor3 | EventType=application | SourceNode=ns=1;s=MotorSource3
[Anomaly Input] [2026-08-15 16:53:17.916 (UTC)] info/application	[Motor] Distance safe (28.06012053511111); rotating motor to 90 degrees | Severity=75 | SourceName=Motor3 | EventType=application | SourceNode=ns=1;s=MotorSource3
[Anomaly Input] [2026-08-15 16:53:17.916 (UTC)] warn/application	[Motor] Distance too close (4.67349098747293); rotating motor to 0 degrees | Severity=175 | SourceName=Motor2 | EventType=application | SourceNode=ns=1;s=MotorSource2
[Anomaly Input] [2026-08-15 16:53:17.966 (UTC)] info/application	[Sensor] Updated distance: 38.721539946608964 cm | Severity=75 | SourceName=Sensor | EventType=application | SourceNode=ns=1;s=SensorSource
[Anomaly Input] [2026-08-15 16:53:18.372 (UTC)] info/application	[Sensor] Updated distance: 18.151173830102742 cm | Severity=75 | SourceName=Sensor3 | EventType=application | SourceNode=ns=1;s=SensorSource3
[Anomaly Input] [2026-08-15 16:53:18.372 (UTC)] info/application	[Sensor] Updated distance: 10.645738978239585 cm | Severity=75 | SourceName=Sensor2 | EventType=application | SourceNode=ns=1;s=SensorSource2
[Anomaly Input] [2026-08-15 16:53:18.473 (UTC)] info/application	[Motor] Received distance: 38.721539946608964 cm | Severity=75 | SourceName=Motor | EventType=application | SourceNode=ns=1;s=MotorSource
[Anomaly Input] [2026-08-15 16:53:18.473 (UTC)] info/application	[Motor] Distance safe (38.721539946608964); rotating motor to 90 degrees | Severity=75 | SourceName=Motor | EventType=application | SourceNode=ns=1;s=MotorSource
[Anomaly Input] [2026-08-15 16:53:18.921 (UTC)] info/application	[Motor] Received distance: 10.645738978239585 cm | Severity=75 | SourceName=Motor2 | EventType=application | SourceNode=ns=1;s=MotorSource2
[Anomaly Input] [2026-08-15 16:53:18.921 (UTC)] info/application	[Motor] Received distance: 18.151173830102742 cm | Severity=75 | SourceName=Motor3 | EventType=application | SourceNode=ns=1;s=MotorSource3
[Anomaly Input] [2026-08-15 16:53:18.921 (UTC)] warn/application	[Motor] Distance too close (10.645738978239585); rotating motor to 0 degrees | Severity=175 | SourceName=Motor2 | EventType=application | SourceNode=ns=1;s=MotorSource2
[Anomaly Input] [2026-08-15 16:53:18.921 (UTC)] warn/application	[Motor] Distance too close (18.151173830102742); rotating motor to 0 degrees | Severity=175 | SourceName=Motor3 | EventType=application | SourceNode=ns=1;s=MotorSource3
[Anomaly Input] [2026-08-15 16:53:18.969 (UTC)] info/application	[Sensor] Updated distance: 27.71877613371181 cm | Severity=75 | SourceName=Sensor | EventType=application | SourceNode=ns=1;s=SensorSource
[Anomaly Input] [2026-08-15 16:53:19.375 (UTC)] info/application	[Sensor] Updated distance: 8.39090190380388 cm | Severity=75 | SourceName=Sensor3 | EventType=application | SourceNode=ns=1;s=SensorSource3
[Anomaly Input] [2026-08-15 16:53:19.375 (UTC)] info/application	[Sensor] Updated distance: 25.55371851825794 cm | Severity=75 | SourceName=Sensor2 | EventType=application | SourceNode=ns=1;s=SensorSource2
[Anomaly Input] [2026-08-15 16:53:19.466 (UTC)] info/application	[Motor] Received distance: 27.71877613371181 cm | Severity=75 | SourceName=Motor | EventType=application | SourceNode=ns=1;s=MotorSource
[Anomaly Input] [2026-08-15 16:53:19.466 (UTC)] info/application	[Motor] Distance safe (27.71877613371181); rotating motor to 90 degrees | Severity=75 | SourceName=Motor | EventType=application | SourceNode=ns=1;s=MotorSource
[Anomaly Input] [2026-08-15 16:53:19.922 (UTC)] info/application	[Motor] Received distance: 25.55371851825794 cm | Severity=75 | SourceName=Motor2 | EventType=application | SourceNode=ns=1;s=MotorSource2
[Anomaly Input] [2026-08-15 16:53:19.922 (UTC)] info/application	[Motor] Received distance: 8.39090190380388 cm | Severity=75 | SourceName=Motor3 | EventType=application | SourceNode=ns=1;s=MotorSource3
[Anomaly Input] [2026-08-15 16:53:19.922 (UTC)] info/application	[Motor] Distance safe (25.55371851825794); rotating motor to 90 degrees | Severity=75 | SourceName=Motor2 | EventType=application | SourceNode=ns=1;s=MotorSource2
[Anomaly Input] [2026-08-15 16:53:19.922 (UTC)] warn/application	[Motor] Distance too close (8.39090190380388); rotating motor to 0 degrees | Severity=175 | SourceName=Motor3 | EventType=application | SourceNode=ns=1;s=MotorSource3
[Anomaly Input] [2026-08-15 16:53:19.973 (UTC)] info/application	[Sensor] Updated distance: 25.27459631453948 cm | Severity=75 | SourceName=Sensor | EventType=application | SourceNode=ns=1;s=SensorSource
[Anomaly Input] [2026-08-15 16:53:20.368 (UTC)] info/application	[Sensor] Updated distance: 27.985929762006702 cm | Severity=75 | SourceName=Sensor3 | EventType=application | SourceNode=ns=1;s=SensorSource3
[Anomaly Input] [2026-08-15 16:53:20.378 (UTC)] info/application	[Sensor] Updated distance: 43.66580918136323 cm | Severity=75 | SourceName=Sensor2 | EventType=application | SourceNode=ns=1;s=SensorSource2
[Anomaly Input] [2026-08-15 16:53:20.478 (UTC)] info/application	[Motor] Received distance: 25.27459631453948 cm | Severity=75 | SourceName=Motor | EventType=application | SourceNode=ns=1;s=MotorSource
[Anomaly Input] [2026-08-15 16:53:20.478 (UTC)] info/application	[Motor] Distance safe (25.27459631453948); rotating motor to 90 degrees | Severity=75 | SourceName=Motor | EventType=application | SourceNode=ns=1;s=MotorSource
[Anomaly Input] [2026-08-15 16:53:20.915 (UTC)] info/application	[Motor] Received distance: 43.66580918136323 cm | Severity=75 | SourceName=Motor2 | EventType=application | SourceNode=ns=1;s=MotorSource2
[Anomaly Input] [2026-08-15 16:53:20.915 (UTC)] info/application	[Motor] Received distance: 27.985929762006702 cm | Severity=75 | SourceName=Motor3 | EventType=application | SourceNode=ns=1;s=MotorSource3
[Anomaly Input] [2026-08-15 16:53:20.915 (UTC)] info/application	[Motor] Distance safe (43.66580918136323); rotating motor to 90 degrees | Severity=75 | SourceName=Motor2 | EventType=application | SourceNode=ns=1;s=MotorSource2
[Anomaly Input] [2026-08-15 16:53:20.915 (UTC)] info/application	[Motor] Distance safe (27.985929762006702); rotating motor to 90 degrees | Severity=75 | SourceName=Motor3 | EventType=application | SourceNode=ns=1;s=MotorSource3
[Anomaly Input] [2026-08-15 16:53:20.976 (UTC)] info/application	[Sensor] Updated distance: 40.40545884073035 cm | Severity=75 | SourceName=Sensor | EventType=application | SourceNode=ns=1;s=SensorSource
[Anomaly Input] [2026-08-15 16:53:21.371 (UTC)] info/application	[Sensor] Updated distance: 21.761879922711234 cm | Severity=75 | SourceName=Sensor3 | EventType=application | SourceNode=ns=1;s=SensorSource3
[Anomaly Input] [2026-08-15 16:53:21.371 (UTC)] info/application	[Sensor] Updated distance: 21.740197548521774 cm | Severity=75 | SourceName=Sensor2 | EventType=application | SourceNode=ns=1;s=SensorSource2
[Anomaly Input] [2026-08-15 16:53:21.473 (UTC)] info/application	[Motor] Received distance: 40.40545884073035 cm | Severity=75 | SourceName=Motor | EventType=application | SourceNode=ns=1;s=MotorSource
[Anomaly Input] [2026-08-15 16:53:21.473 (UTC)] info/application	[Motor] Distance safe (40.40545884073035); rotating motor to 90 degrees | Severity=75 | SourceName=Motor | EventType=application | SourceNode=ns=1;s=MotorSource
[Anomaly Input] [2026-08-15 16:53:21.920 (UTC)] info/application	[Motor] Received distance: 21.740197548521774 cm | Severity=75 | SourceName=Motor2 | EventType=application | SourceNode=ns=1;s=MotorSource2
[Anomaly Input] [2026-08-15 16:53:21.921 (UTC)] info/application	[Motor] Received distance: 21.761879922711234 cm | Severity=75 | SourceName=Motor3 | EventType=application | SourceNode=ns=1;s=MotorSource3
[Anomaly Input] [2026-08-15 16:53:21.920 (UTC)] info/application	[Motor] Distance safe (21.740197548521774); rotating motor to 90 degrees | Severity=75 | SourceName=Motor2 | EventType=application | SourceNode=ns=1;s=MotorSource2
[Anomaly Input] [2026-08-15 16:53:21.921 (UTC)] info/application	[Motor] Distance safe (21.761879922711234); rotating motor to 90 degrees | Severity=75 | SourceName=Motor3 | EventType=application | SourceNode=ns=1;s=MotorSource3
[Anomaly Input] [2026-08-15 16:53:21.969 (UTC)] info/application	[Sensor] Updated distance: 9.442643064746001 cm | Severity=75 | SourceName=Sensor | EventType=application | SourceNode=ns=1;s=SensorSource
[Anomaly Input] [2026-08-15 16:53:22.373 (UTC)] info/application	[Sensor] Updated distance: 7.824497277766698 cm | Severity=75 | SourceName=Sensor2 | EventType=application | SourceNode=ns=1;s=SensorSource2
[Anomaly Input] [2026-08-15 16:53:22.373 (UTC)] info/application	[Sensor] Updated distance: 38.77797273023891 cm | Severity=75 | SourceName=Sensor3 | EventType=application | SourceNode=ns=1;s=SensorSource3
[Anomaly Input] [2026-08-15 16:53:22.478 (UTC)] info/application	[Motor] Received distance: 9.442643064746001 cm | Severity=75 | SourceName=Motor | EventType=application | SourceNode=ns=1;s=MotorSource
[Anomaly Input] [2026-08-15 16:53:22.478 (UTC)] warn/application	[Motor] Distance too close (9.442643064746001); rotating motor to 0 degrees | Severity=175 | SourceName=Motor | EventType=application | SourceNode=ns=1;s=MotorSource
[Anomaly Input] [2026-08-15 16:53:22.921 (UTC)] info/application	[Motor] Received distance: 7.824497277766698 cm | Severity=75 | SourceName=Motor2 | EventType=application | SourceNode=ns=1;s=MotorSource2
[Anomaly Input] [2026-08-15 16:53:22.921 (UTC)] info/application	[Motor] Received distance: 38.77797273023891 cm | Severity=75 | SourceName=Motor3 | EventType=application | SourceNode=ns=1;s=MotorSource3
[Anomaly Input] [2026-08-15 16:53:22.921 (UTC)] warn/application	[Motor] Distance too close (7.824497277766698); rotating motor to 0 degrees | Severity=175 | SourceName=Motor2 | EventType=application | SourceNode=ns=1;s=MotorSource2
[Anomaly Input] [2026-08-15 16:53:22.921 (UTC)] info/application	[Motor] Distance safe (38.77797273023891); rotating motor to 90 degrees | Severity=75 | SourceName=Motor3 | EventType=application | SourceNode=ns=1;s=MotorSource3
[Anomaly Input] [2026-08-15 16:53:22.972 (UTC)] info/application	[Sensor] Updated distance: 19.538066305936344 cm | Severity=75 | SourceName=Sensor | EventType=application | SourceNode=ns=1;s=SensorSource
[Anomaly Input] [2026-08-15 16:53:23.377 (UTC)] info/application	[Sensor] Updated distance: 8.301785039855998 cm | Severity=75 | SourceName=Sensor2 | EventType=application | SourceNode=ns=1;s=SensorSource2
[Anomaly Input] [2026-08-15 16:53:23.377 (UTC)] info/application	[Sensor] Updated distance: 23.3416389400799 cm | Severity=75 | SourceName=Sensor3 | EventType=application | SourceNode=ns=1;s=SensorSource3
[Anomaly Input] [2026-08-15 16:53:23.471 (UTC)] info/application	[Motor] Received distance: 19.538066305936344 cm | Severity=75 | SourceName=Motor | EventType=application | SourceNode=ns=1;s=MotorSource
[Anomaly Input] [2026-08-15 16:53:23.471 (UTC)] warn/application	[Motor] Distance too close (19.538066305936344); rotating motor to 0 degrees | Severity=175 | SourceName=Motor | EventType=application | SourceNode=ns=1;s=MotorSource
[Anomaly Input] [2026-08-15 16:53:23.932 (UTC)] info/application	[Motor] Received distance: 23.3416389400799 cm | Severity=75 | SourceName=Motor3 | EventType=application | SourceNode=ns=1;s=MotorSource3
[Anomaly Input] [2026-08-15 16:53:23.932 (UTC)] info/application	[Motor] Received distance: 8.301785039855998 cm | Severity=75 | SourceName=Motor2 | EventType=application | SourceNode=ns=1;s=MotorSource2
[Anomaly Input] [2026-08-15 16:53:23.932 (UTC)] info/application	[Motor] Distance safe (23.3416389400799); rotating motor to 90 degrees | Severity=75 | SourceName=Motor3 | EventType=application | SourceNode=ns=1;s=MotorSource3
[Anomaly Input] [2026-08-15 16:53:23.932 (UTC)] warn/application	[Motor] Distance too close (8.301785039855998); rotating motor to 0 degrees | Severity=175 | SourceName=Motor2 | EventType=application | SourceNode=ns=1;s=MotorSource2
[Anomaly Input] [2026-08-15 16:53:23.975 (UTC)] info/application	[Sensor] Updated distance: 46.10700937924302 cm | Severity=75 | SourceName=Sensor | EventType=application | SourceNode=ns=1;s=SensorSource
[Anomaly Input] [2026-08-15 16:53:24.370 (UTC)] info/application	[Sensor] Updated distance: 12.947140028209956 cm | Severity=75 | SourceName=Sensor2 | EventType=application | SourceNode=ns=1;s=SensorSource2
[Anomaly Input] [2026-08-15 16:53:24.370 (UTC)] info/application	[Sensor] Updated distance: 20.805174344594207 cm | Severity=75 | SourceName=Sensor3 | EventType=application | SourceNode=ns=1;s=SensorSource3
[Anomaly Input] [2026-08-15 16:53:24.477 (UTC)] info/application	[Motor] Received distance: 46.10700937924302 cm | Severity=75 | SourceName=Motor | EventType=application | SourceNode=ns=1;s=MotorSource
[Anomaly Input] [2026-08-15 16:53:24.477 (UTC)] info/application	[Motor] Distance safe (46.10700937924302); rotating motor to 90 degrees | Severity=75 | SourceName=Motor | EventType=application | SourceNode=ns=1;s=MotorSource
[Anomaly Input] [2026-08-15 16:53:24.921 (UTC)] info/application	[Motor] Received distance: 12.947140028209956 cm | Severity=75 | SourceName=Motor2 | EventType=application | SourceNode=ns=1;s=MotorSource2
[Anomaly Input] [2026-08-15 16:53:24.921 (UTC)] info/application	[Motor] Received distance: 20.805174344594207 cm | Severity=75 | SourceName=Motor3 | EventType=application | SourceNode=ns=1;s=MotorSource3
[Anomaly Input] [2026-08-15 16:53:24.921 (UTC)] warn/application	[Motor] Distance too close (12.947140028209956); rotating motor to 0 degrees | Severity=175 | SourceName=Motor2 | EventType=application | SourceNode=ns=1;s=MotorSource2
[Anomaly Input] [2026-08-15 16:53:24.921 (UTC)] info/application	[Motor] Distance safe (20.805174344594207); rotating motor to 90 degrees | Severity=75 | SourceName=Motor3 | EventType=application | SourceNode=ns=1;s=MotorSource3
[Anomaly Input] [2026-08-15 16:53:24.968 (UTC)] info/application	[Sensor] Updated distance: 14.94872648126852 cm | Severity=75 | SourceName=Sensor | EventType=application | SourceNode=ns=1;s=SensorSource
[Anomaly Input] [2026-08-15 16:53:25.374 (UTC)] info/application	[Sensor] Updated distance: 26.96485168159234 cm | Severity=75 | SourceName=Sensor3 | EventType=application | SourceNode=ns=1;s=SensorSource3
[Anomaly Input] [2026-08-15 16:53:25.374 (UTC)] info/application	[Sensor] Updated distance: 23.431716705407815 cm | Severity=75 | SourceName=Sensor2 | EventType=application | SourceNode=ns=1;s=SensorSource2
[Anomaly Input] [2026-08-15 16:53:25.475 (UTC)] info/application	[Motor] Received distance: 14.94872648126852 cm | Severity=75 | SourceName=Motor | EventType=application | SourceNode=ns=1;s=MotorSource
[Anomaly Input] [2026-08-15 16:53:25.475 (UTC)] warn/application	[Motor] Distance too close (14.94872648126852); rotating motor to 0 degrees | Severity=175 | SourceName=Motor | EventType=application | SourceNode=ns=1;s=MotorSource
[Anomaly Input] [2026-08-15 16:53:25.920 (UTC)] info/application	[Motor] Received distance: 23.431716705407815 cm | Severity=75 | SourceName=Motor2 | EventType=application | SourceNode=ns=1;s=MotorSource2
[Anomaly Input] [2026-08-15 16:53:25.920 (UTC)] info/application	[Motor] Received distance: 26.96485168159234 cm | Severity=75 | SourceName=Motor3 | EventType=application | SourceNode=ns=1;s=MotorSource3
[Anomaly Input] [2026-08-15 16:53:25.920 (UTC)] info/application	[Motor] Distance safe (26.96485168159234); rotating motor to 90 degrees | Severity=75 | SourceName=Motor3 | EventType=application | SourceNode=ns=1;s=MotorSource3
[Anomaly Input] [2026-08-15 16:53:25.920 (UTC)] info/application	[Motor] Distance safe (23.431716705407815); rotating motor to 90 degrees | Severity=75 | SourceName=Motor2 | EventType=application | SourceNode=ns=1;s=MotorSource2
[Anomaly Input] [2026-08-15 16:53:25.971 (UTC)] info/application	[Sensor] Updated distance: 26.537897404533762 cm | Severity=75 | SourceName=Sensor | EventType=application | SourceNode=ns=1;s=SensorSource
[Anomaly Input] [2026-08-15 16:53:26.376 (UTC)] info/application	[Sensor] Updated distance: 44.01958718617427 cm | Severity=75 | SourceName=Sensor2 | EventType=application | SourceNode=ns=1;s=SensorSource2
[Anomaly Input] [2026-08-15 16:53:26.376 (UTC)] info/application	[Sensor] Updated distance: 14.238489648438286 cm | Severity=75 | SourceName=Sensor3 | EventType=application | SourceNode=ns=1;s=SensorSource3
[Anomaly Input] [2026-08-15 16:53:26.468 (UTC)] info/application	[Motor] Received distance: 26.537897404533762 cm | Severity=75 | SourceName=Motor | EventType=application | SourceNode=ns=1;s=MotorSource
[Anomaly Input] [2026-08-15 16:53:26.468 (UTC)] info/application	[Motor] Distance safe (26.537897404533762); rotating motor to 90 degrees | Severity=75 | SourceName=Motor | EventType=application | SourceNode=ns=1;s=MotorSource
[Anomaly Input] [2026-08-15 16:53:26.932 (UTC)] info/application	[Motor] Received distance: 44.01958718617427 cm | Severity=75 | SourceName=Motor2 | EventType=application | SourceNode=ns=1;s=MotorSource2
[Anomaly Input] [2026-08-15 16:53:26.932 (UTC)] info/application	[Motor] Received distance: 14.238489648438286 cm | Severity=75 | SourceName=Motor3 | EventType=application | SourceNode=ns=1;s=MotorSource3
[Anomaly Input] [2026-08-15 16:53:26.932 (UTC)] info/application	[Motor] Distance safe (44.01958718617427); rotating motor to 90 degrees | Severity=75 | SourceName=Motor2 | EventType=application | SourceNode=ns=1;s=MotorSource2
[Anomaly Input] [2026-08-15 16:53:26.932 (UTC)] warn/application	[Motor] Distance too close (14.238489648438286); rotating motor to 0 degrees | Severity=175 | SourceName=Motor3 | EventType=application | SourceNode=ns=1;s=MotorSource3
[Anomaly Input] [2026-08-15 16:53:26.974 (UTC)] info/application	[Sensor] Updated distance: 16.601544625405943 cm | Severity=75 | SourceName=Sensor | EventType=application | SourceNode=ns=1;s=SensorSource
[Anomaly Input] [2026-08-15 16:53:27.369 (UTC)] info/application	[Sensor] Updated distance: 21.410520555177012 cm | Severity=75 | SourceName=Sensor3 | EventType=application | SourceNode=ns=1;s=SensorSource3
[Anomaly Input] [2026-08-15 16:53:27.379 (UTC)] info/application	[Sensor] Updated distance: 3.7750780143658993 cm | Severity=75 | SourceName=Sensor2 | EventType=application | SourceNode=ns=1;s=SensorSource2
[Anomaly Input] [2026-08-15 16:53:27.478 (UTC)] info/application	[Motor] Received distance: 16.601544625405943 cm | Severity=75 | SourceName=Motor | EventType=application | SourceNode=ns=1;s=MotorSource
[Anomaly Input] [2026-08-15 16:53:27.478 (UTC)] warn/application	[Motor] Distance too close (16.601544625405943); rotating motor to 0 degrees | Severity=175 | SourceName=Motor | EventType=application | SourceNode=ns=1;s=MotorSource
[Anomaly Input] [2026-08-15 16:53:27.921 (UTC)] info/application	[Motor] Received distance: 3.7750780143658993 cm | Severity=75 | SourceName=Motor2 | EventType=application | SourceNode=ns=1;s=MotorSource2
[Anomaly Input] [2026-08-15 16:53:27.921 (UTC)] info/application	[Motor] Received distance: 21.410520555177012 cm | Severity=75 | SourceName=Motor3 | EventType=application | SourceNode=ns=1;s=MotorSource3
[Anomaly Input] [2026-08-15 16:53:27.921 (UTC)] warn/application	[Motor] Distance too close (3.7750780143658993); rotating motor to 0 degrees | Severity=175 | SourceName=Motor2 | EventType=application | SourceNode=ns=1;s=MotorSource2
[Anomaly Input] [2026-08-15 16:53:27.921 (UTC)] info/application	[Motor] Distance safe (21.410520555177012); rotating motor to 90 degrees | Severity=75 | SourceName=Motor3 | EventType=application | SourceNode=ns=1;s=MotorSource3
[Anomaly Input] [2026-08-15 16:53:27.967 (UTC)] info/application	[Sensor] Updated distance: 46.98591144987657 cm | Severity=75 | SourceName=Sensor | EventType=application | SourceNode=ns=1;s=SensorSource
[Anomaly Input] [2026-08-15 16:53:28.372 (UTC)] info/application	[Sensor] Updated distance: 20.0608611190975 cm | Severity=75 | SourceName=Sensor3 | EventType=application | SourceNode=ns=1;s=SensorSource3
[Anomaly Input] [2026-08-15 16:53:28.372 (UTC)] info/application	[Sensor] Updated distance: 44.57958072916585 cm | Severity=75 | SourceName=Sensor2 | EventType=application | SourceNode=ns=1;s=SensorSource2
[Anomaly Input] [2026-08-15 16:53:28.473 (UTC)] info/application	[Motor] Received distance: 46.98591144987657 cm | Severity=75 | SourceName=Motor | EventType=application | SourceNode=ns=1;s=MotorSource
[Anomaly Input] [2026-08-15 16:53:28.473 (UTC)] info/application	[Motor] Distance safe (46.98591144987657); rotating motor to 90 degrees | Severity=75 | SourceName=Motor | EventType=application | SourceNode=ns=1;s=MotorSource
[Anomaly Input] [2026-08-15 16:53:28.919 (UTC)] info/application	[Motor] Received distance: 44.57958072916585 cm | Severity=75 | SourceName=Motor2 | EventType=application | SourceNode=ns=1;s=MotorSource2
[Anomaly Input] [2026-08-15 16:53:28.919 (UTC)] info/application	[Motor] Received distance: 20.0608611190975 cm | Severity=75 | SourceName=Motor3 | EventType=application | SourceNode=ns=1;s=MotorSource3
[Anomaly Input] [2026-08-15 16:53:28.919 (UTC)] info/application	[Motor] Distance safe (44.57958072916585); rotating motor to 90 degrees | Severity=75 | SourceName=Motor2 | EventType=application | SourceNode=ns=1;s=MotorSource2
[Anomaly Input] [2026-08-15 16:53:28.919 (UTC)] info/application	[Motor] Distance safe (20.0608611190975); rotating motor to 90 degrees | Severity=75 | SourceName=Motor3 | EventType=application | SourceNode=ns=1;s=MotorSource3
[Anomaly Input] [2026-08-15 16:53:28.970 (UTC)] info/application	[Sensor] Updated distance: 7.150066951825314 cm | Severity=75 | SourceName=Sensor | EventType=application | SourceNode=ns=1;s=SensorSource
[Anomaly Input] [2026-08-15 16:53:29.374 (UTC)] info/application	[Sensor] Updated distance: 2.1427567303845456 cm | Severity=75 | SourceName=Sensor3 | EventType=application | SourceNode=ns=1;s=SensorSource3
[Anomaly Input] [2026-08-15 16:53:29.374 (UTC)] info/application	[Sensor] Updated distance: 18.075051508878847 cm | Severity=75 | SourceName=Sensor2 | EventType=application | SourceNode=ns=1;s=SensorSource2
[Anomaly Input] [2026-08-15 16:53:29.477 (UTC)] info/application	[Motor] Received distance: 7.150066951825314 cm | Severity=75 | SourceName=Motor | EventType=application | SourceNode=ns=1;s=MotorSource
[Anomaly Input] [2026-08-15 16:53:29.477 (UTC)] warn/application	[Motor] Distance too close (7.150066951825314); rotating motor to 0 degrees | Severity=175 | SourceName=Motor | EventType=application | SourceNode=ns=1;s=MotorSource
[Anomaly Input] [2026-08-15 16:53:29.921 (UTC)] info/application	[Motor] Received distance: 2.1427567303845456 cm | Severity=75 | SourceName=Motor3 | EventType=application | SourceNode=ns=1;s=MotorSource3
[Anomaly Input] [2026-08-15 16:53:29.921 (UTC)] info/application	[Motor] Received distance: 18.075051508878847 cm | Severity=75 | SourceName=Motor2 | EventType=application | SourceNode=ns=1;s=MotorSource2
[Anomaly Input] [2026-08-15 16:53:29.921 (UTC)] warn/application	[Motor] Distance too close (2.1427567303845456); rotating motor to 0 degrees | Severity=175 | SourceName=Motor3 | EventType=application | SourceNode=ns=1;s=MotorSource3
[Anomaly Input] [2026-08-15 16:53:29.921 (UTC)] warn/application	[Motor] Distance too close (18.075051508878847); rotating motor to 0 degrees | Severity=175 | SourceName=Motor2 | EventType=application | SourceNode=ns=1;s=MotorSource2
[Anomaly Input] [2026-08-15 16:53:29.972 (UTC)] info/application	[Sensor] Updated distance: 17.175344347569784 cm | Severity=75 | SourceName=Sensor | EventType=application | SourceNode=ns=1;s=SensorSource
[Anomaly Input] [2026-08-15 16:53:30.377 (UTC)] info/application	[Sensor] Updated distance: 25.04735281646594 cm | Severity=75 | SourceName=Sensor2 | EventType=application | SourceNode=ns=1;s=SensorSource2
[Anomaly Input] [2026-08-15 16:53:30.377 (UTC)] info/application	[Sensor] Updated distance: 29.117138182333267 cm | Severity=75 | SourceName=Sensor3 | EventType=application | SourceNode=ns=1;s=SensorSource3
[Anomaly Input] [2026-08-15 16:53:30.469 (UTC)] info/application	[Motor] Received distance: 17.175344347569784 cm | Severity=75 | SourceName=Motor | EventType=application | SourceNode=ns=1;s=MotorSource
[Anomaly Input] [2026-08-15 16:53:30.469 (UTC)] warn/application	[Motor] Distance too close (17.175344347569784); rotating motor to 0 degrees | Severity=175 | SourceName=Motor | EventType=application | SourceNode=ns=1;s=MotorSource
[Anomaly Input] [2026-08-15 16:53:30.932 (UTC)] info/application	[Motor] Received distance: 29.117138182333267 cm | Severity=75 | SourceName=Motor3 | EventType=application | SourceNode=ns=1;s=MotorSource3
[Anomaly Input] [2026-08-15 16:53:30.932 (UTC)] info/application	[Motor] Received distance: 25.04735281646594 cm | Severity=75 | SourceName=Motor2 | EventType=application | SourceNode=ns=1;s=MotorSource2
[Anomaly Input] [2026-08-15 16:53:30.932 (UTC)] info/application	[Motor] Distance safe (29.117138182333267); rotating motor to 90 degrees | Severity=75 | SourceName=Motor3 | EventType=application | SourceNode=ns=1;s=MotorSource3
[Anomaly Input] [2026-08-15 16:53:30.932 (UTC)] info/application	[Motor] Distance safe (25.04735281646594); rotating motor to 90 degrees | Severity=75 | SourceName=Motor2 | EventType=application | SourceNode=ns=1;s=MotorSource2
[Anomaly Input] [2026-08-15 16:53:30.975 (UTC)] info/application	[Sensor] Updated distance: 30.58028729100725 cm | Severity=75 | SourceName=Sensor | EventType=application | SourceNode=ns=1;s=SensorSource
[Anomaly Input] [2026-08-15 16:53:31.369 (UTC)] info/application	[Sensor] Updated distance: 36.48670584824248 cm | Severity=75 | SourceName=Sensor3 | EventType=application | SourceNode=ns=1;s=SensorSource3
[Anomaly Input] [2026-08-15 16:53:31.380 (UTC)] info/application	[Sensor] Updated distance: 11.752076101373916 cm | Severity=75 | SourceName=Sensor2 | EventType=application | SourceNode=ns=1;s=SensorSource2
[Anomaly Input] [2026-08-15 16:53:31.478 (UTC)] info/application	[Motor] Received distance: 30.58028729100725 cm | Severity=75 | SourceName=Motor | EventType=application | SourceNode=ns=1;s=MotorSource
[Anomaly Input] [2026-08-15 16:53:31.478 (UTC)] info/application	[Motor] Distance safe (30.58028729100725); rotating motor to 90 degrees | Severity=75 | SourceName=Motor | EventType=application | SourceNode=ns=1;s=MotorSource
[Anomaly Input] [2026-08-15 16:53:31.920 (UTC)] info/application	[Motor] Received distance: 11.752076101373916 cm | Severity=75 | SourceName=Motor2 | EventType=application | SourceNode=ns=1;s=MotorSource2
[Anomaly Input] [2026-08-15 16:53:31.921 (UTC)] info/application	[Motor] Received distance: 36.48670584824248 cm | Severity=75 | SourceName=Motor3 | EventType=application | SourceNode=ns=1;s=MotorSource3
[Anomaly Input] [2026-08-15 16:53:31.920 (UTC)] warn/application	[Motor] Distance too close (11.752076101373916); rotating motor to 0 degrees | Severity=175 | SourceName=Motor2 | EventType=application | SourceNode=ns=1;s=MotorSource2
[Anomaly Input] [2026-08-15 16:53:31.921 (UTC)] info/application	[Motor] Distance safe (36.48670584824248); rotating motor to 90 degrees | Severity=75 | SourceName=Motor3 | EventType=application | SourceNode=ns=1;s=MotorSource3
[Anomaly Input] [2026-08-15 16:53:31.967 (UTC)] info/application	[Sensor] Updated distance: 17.46772305642614 cm | Severity=75 | SourceName=Sensor | EventType=application | SourceNode=ns=1;s=SensorSource
[Anomaly Input] [2026-08-15 16:53:32.371 (UTC)] info/application	[Sensor] Updated distance: 27.44140208207136 cm | Severity=75 | SourceName=Sensor3 | EventType=application | SourceNode=ns=1;s=SensorSource3
[Anomaly Input] [2026-08-15 16:53:32.371 (UTC)] info/application	[Sensor] Updated distance: 44.444626991844096 cm | Severity=75 | SourceName=Sensor2 | EventType=application | SourceNode=ns=1;s=SensorSource2
[Anomaly Input] [2026-08-15 16:53:32.473 (UTC)] info/application	[Motor] Received distance: 17.46772305642614 cm | Severity=75 | SourceName=Motor | EventType=application | SourceNode=ns=1;s=MotorSource
[Anomaly Input] [2026-08-15 16:53:32.473 (UTC)] warn/application	[Motor] Distance too close (17.46772305642614); rotating motor to 0 degrees | Severity=175 | SourceName=Motor | EventType=application | SourceNode=ns=1;s=MotorSource
[Anomaly Input] [2026-08-15 16:53:32.918 (UTC)] info/application	[Motor] Received distance: 44.444626991844096 cm | Severity=75 | SourceName=Motor2 | EventType=application | SourceNode=ns=1;s=MotorSource2
[Anomaly Input] [2026-08-15 16:53:32.918 (UTC)] info/application	[Motor] Received distance: 27.44140208207136 cm | Severity=75 | SourceName=Motor3 | EventType=application | SourceNode=ns=1;s=MotorSource3
[Anomaly Input] [2026-08-15 16:53:32.918 (UTC)] info/application	[Motor] Distance safe (27.44140208207136); rotating motor to 90 degrees | Severity=75 | SourceName=Motor3 | EventType=application | SourceNode=ns=1;s=MotorSource3
[Anomaly Input] [2026-08-15 16:53:32.918 (UTC)] info/application	[Motor] Distance safe (44.444626991844096); rotating motor to 90 degrees | Severity=75 | SourceName=Motor2 | EventType=application | SourceNode=ns=1;s=MotorSource2
[Anomaly Input] [2026-08-15 16:53:32.969 (UTC)] info/application	[Sensor] Updated distance: 6.3608512898724765 cm | Severity=75 | SourceName=Sensor | EventType=application | SourceNode=ns=1;s=SensorSource
[Anomaly Input] [2026-08-15 16:53:33.374 (UTC)] info/application	[Sensor] Updated distance: 4.916845464574567 cm | Severity=75 | SourceName=Sensor3 | EventType=application | SourceNode=ns=1;s=SensorSource3
[Anomaly Input] [2026-08-15 16:53:33.374 (UTC)] info/application	[Sensor] Updated distance: 41.97829961403194 cm | Severity=75 | SourceName=Sensor2 | EventType=application | SourceNode=ns=1;s=SensorSource2
[Anomaly Input] [2026-08-15 16:53:33.478 (UTC)] info/application	[Motor] Received distance: 6.3608512898724765 cm | Severity=75 | SourceName=Motor | EventType=application | SourceNode=ns=1;s=MotorSource
[Anomaly Input] [2026-08-15 16:53:33.478 (UTC)] warn/application	[Motor] Distance too close (6.3608512898724765); rotating motor to 0 degrees | Severity=175 | SourceName=Motor | EventType=application | SourceNode=ns=1;s=MotorSource
[Anomaly Input] [2026-08-15 16:53:33.921 (UTC)] info/application	[Motor] Received distance: 4.916845464574567 cm | Severity=75 | SourceName=Motor3 | EventType=application | SourceNode=ns=1;s=MotorSource3
[Anomaly Input] [2026-08-15 16:53:33.921 (UTC)] info/application	[Motor] Received distance: 41.97829961403194 cm | Severity=75 | SourceName=Motor2 | EventType=application | SourceNode=ns=1;s=MotorSource2
[Anomaly Input] [2026-08-15 16:53:33.921 (UTC)] warn/application	[Motor] Distance too close (4.916845464574567); rotating motor to 0 degrees | Severity=175 | SourceName=Motor3 | EventType=application | SourceNode=ns=1;s=MotorSource3
[Anomaly Input] [2026-08-15 16:53:33.921 (UTC)] info/application	[Motor] Distance safe (41.97829961403194); rotating motor to 90 degrees | Severity=75 | SourceName=Motor2 | EventType=application | SourceNode=ns=1;s=MotorSource2
[Anomaly Input] [2026-08-15 16:53:33.971 (UTC)] info/application	[Sensor] Updated distance: 33.27488958801836 cm | Severity=75 | SourceName=Sensor | EventType=application | SourceNode=ns=1;s=SensorSource
[Anomaly Input] [2026-08-15 16:53:34.377 (UTC)] info/application	[Sensor] Updated distance: 22.95783107958633 cm | Severity=75 | SourceName=Sensor3 | EventType=application | SourceNode=ns=1;s=SensorSource3
[Anomaly Input] [2026-08-15 16:53:34.377 (UTC)] info/application	[Sensor] Updated distance: 21.38991902181409 cm | Severity=75 | SourceName=Sensor2 | EventType=application | SourceNode=ns=1;s=SensorSource2
[Anomaly Input] [2026-08-15 16:53:34.470 (UTC)] info/application	[Motor] Received distance: 33.27488958801836 cm | Severity=75 | SourceName=Motor | EventType=application | SourceNode=ns=1;s=MotorSource
[Anomaly Input] [2026-08-15 16:53:34.470 (UTC)] info/application	[Motor] Distance safe (33.27488958801836); rotating motor to 90 degrees | Severity=75 | SourceName=Motor | EventType=application | SourceNode=ns=1;s=MotorSource
[Anomaly Input] [2026-08-15 16:53:34.931 (UTC)] info/application	[Motor] Received distance: 22.95783107958633 cm | Severity=75 | SourceName=Motor3 | EventType=application | SourceNode=ns=1;s=MotorSource3
[Anomaly Input] [2026-08-15 16:53:34.931 (UTC)] info/application	[Motor] Received distance: 21.38991902181409 cm | Severity=75 | SourceName=Motor2 | EventType=application | SourceNode=ns=1;s=MotorSource2
[Anomaly Input] [2026-08-15 16:53:34.931 (UTC)] info/application	[Motor] Distance safe (22.95783107958633); rotating motor to 90 degrees | Severity=75 | SourceName=Motor3 | EventType=application | SourceNode=ns=1;s=MotorSource3
[Anomaly Input] [2026-08-15 16:53:34.931 (UTC)] info/application	[Motor] Distance safe (21.38991902181409); rotating motor to 90 degrees | Severity=75 | SourceName=Motor2 | EventType=application | SourceNode=ns=1;s=MotorSource2
[Anomaly Input] [2026-08-15 16:53:34.974 (UTC)] info/application	[Sensor] Updated distance: 2.910015248185962 cm | Severity=75 | SourceName=Sensor | EventType=application | SourceNode=ns=1;s=SensorSource
[Anomaly Input] [2026-08-15 16:53:35.369 (UTC)] info/application	[Sensor] Updated distance: 47.28589589767432 cm | Severity=75 | SourceName=Sensor3 | EventType=application | SourceNode=ns=1;s=SensorSource3
[Anomaly Input] [2026-08-15 16:53:35.379 (UTC)] info/application	[Sensor] Updated distance: 14.210351979457936 cm | Severity=75 | SourceName=Sensor2 | EventType=application | SourceNode=ns=1;s=SensorSource2
[Anomaly Input] [2026-08-15 16:53:35.478 (UTC)] info/application	[Motor] Received distance: 2.910015248185962 cm | Severity=75 | SourceName=Motor | EventType=application | SourceNode=ns=1;s=MotorSource
[Anomaly Input] [2026-08-15 16:53:35.478 (UTC)] warn/application	[Motor] Distance too close (2.910015248185962); rotating motor to 0 degrees | Severity=175 | SourceName=Motor | EventType=application | SourceNode=ns=1;s=MotorSource
[Anomaly Input] [2026-08-15 16:53:35.921 (UTC)] info/application	[Motor] Received distance: 47.28589589767432 cm | Severity=75 | SourceName=Motor3 | EventType=application | SourceNode=ns=1;s=MotorSource3
[Anomaly Input] [2026-08-15 16:53:35.921 (UTC)] info/application	[Motor] Received distance: 14.210351979457936 cm | Severity=75 | SourceName=Motor2 | EventType=application | SourceNode=ns=1;s=MotorSource2
[Anomaly Input] [2026-08-15 16:53:35.921 (UTC)] info/application	[Motor] Distance safe (47.28589589767432); rotating motor to 90 degrees | Severity=75 | SourceName=Motor3 | EventType=application | SourceNode=ns=1;s=MotorSource3
[Anomaly Input] [2026-08-15 16:53:35.921 (UTC)] warn/application	[Motor] Distance too close (14.210351979457936); rotating motor to 0 degrees | Severity=175 | SourceName=Motor2 | EventType=application | SourceNode=ns=1;s=MotorSource2
[Anomaly Input] [2026-08-15 16:53:35.967 (UTC)] info/application	[Sensor] Updated distance: 14.306827707359021 cm | Severity=75 | SourceName=Sensor | EventType=application | SourceNode=ns=1;s=SensorSource
[Anomaly Input] [2026-08-15 16:53:36.372 (UTC)] info/application	[Sensor] Updated distance: 41.33603402568774 cm | Severity=75 | SourceName=Sensor2 | EventType=application | SourceNode=ns=1;s=SensorSource2
[Anomaly Input] [2026-08-15 16:53:36.372 (UTC)] info/application	[Sensor] Updated distance: 35.5871413357496 cm | Severity=75 | SourceName=Sensor3 | EventType=application | SourceNode=ns=1;s=SensorSource3
[Anomaly Input] [2026-08-15 16:53:36.474 (UTC)] info/application	[Motor] Received distance: 14.306827707359021 cm | Severity=75 | SourceName=Motor | EventType=application | SourceNode=ns=1;s=MotorSource
[Anomaly Input] [2026-08-15 16:53:36.474 (UTC)] warn/application	[Motor] Distance too close (14.306827707359021); rotating motor to 0 degrees | Severity=175 | SourceName=Motor | EventType=application | SourceNode=ns=1;s=MotorSource
[Anomaly Input] [2026-08-15 16:53:36.920 (UTC)] info/application	[Motor] Received distance: 41.33603402568774 cm | Severity=75 | SourceName=Motor2 | EventType=application | SourceNode=ns=1;s=MotorSource2
[Anomaly Input] [2026-08-15 16:53:36.920 (UTC)] info/application	[Motor] Received distance: 35.5871413357496 cm | Severity=75 | SourceName=Motor3 | EventType=application | SourceNode=ns=1;s=MotorSource3
[Anomaly Input] [2026-08-15 16:53:36.920 (UTC)] info/application	[Motor] Distance safe (41.33603402568774); rotating motor to 90 degrees | Severity=75 | SourceName=Motor2 | EventType=application | SourceNode=ns=1;s=MotorSource2
[Anomaly Input] [2026-08-15 16:53:36.920 (UTC)] info/application	[Motor] Distance safe (35.5871413357496); rotating motor to 90 degrees | Severity=75 | SourceName=Motor3 | EventType=application | SourceNode=ns=1;s=MotorSource3
[Anomaly Input] [2026-08-15 16:53:36.970 (UTC)] info/application	[Sensor] Updated distance: 24.055270175475286 cm | Severity=75 | SourceName=Sensor | EventType=application | SourceNode=ns=1;s=SensorSource
[Anomaly Input] [2026-08-15 16:53:37.376 (UTC)] info/application	[Sensor] Updated distance: 34.654884808070435 cm | Severity=75 | SourceName=Sensor3 | EventType=application | SourceNode=ns=1;s=SensorSource3
[Anomaly Input] [2026-08-15 16:53:37.376 (UTC)] info/application	[Sensor] Updated distance: 10.940602843156364 cm | Severity=75 | SourceName=Sensor2 | EventType=application | SourceNode=ns=1;s=SensorSource2
[Anomaly Input] [2026-08-15 16:53:37.467 (UTC)] info/application	[Motor] Received distance: 24.055270175475286 cm | Severity=75 | SourceName=Motor | EventType=application | SourceNode=ns=1;s=MotorSource
[Anomaly Input] [2026-08-15 16:53:37.467 (UTC)] info/application	[Motor] Distance safe (24.055270175475286); rotating motor to 90 degrees | Severity=75 | SourceName=Motor | EventType=application | SourceNode=ns=1;s=MotorSource
[Anomaly Input] [2026-08-15 16:53:37.923 (UTC)] info/application	[Motor] Received distance: 34.654884808070435 cm | Severity=75 | SourceName=Motor3 | EventType=application | SourceNode=ns=1;s=MotorSource3
[Anomaly Input] [2026-08-15 16:53:37.931 (UTC)] info/application	[Motor] Received distance: 10.940602843156364 cm | Severity=75 | SourceName=Motor2 | EventType=application | SourceNode=ns=1;s=MotorSource2
[Anomaly Input] [2026-08-15 16:53:37.923 (UTC)] info/application	[Motor] Distance safe (34.654884808070435); rotating motor to 90 degrees | Severity=75 | SourceName=Motor3 | EventType=application | SourceNode=ns=1;s=MotorSource3
[Anomaly Input] [2026-08-15 16:53:37.931 (UTC)] warn/application	[Motor] Distance too close (10.940602843156364); rotating motor to 0 degrees | Severity=175 | SourceName=Motor2 | EventType=application | SourceNode=ns=1;s=MotorSource2
[Anomaly Input] [2026-08-15 16:53:37.974 (UTC)] info/application	[Sensor] Updated distance: 18.213787451486002 cm | Severity=75 | SourceName=Sensor | EventType=application | SourceNode=ns=1;s=SensorSource
[Anomaly Input] [2026-08-15 16:53:38.369 (UTC)] info/application	[Sensor] Updated distance: 26.56866178315536 cm | Severity=75 | SourceName=Sensor3 | EventType=application | SourceNode=ns=1;s=SensorSource3
[Anomaly Input] [2026-08-15 16:53:38.379 (UTC)] info/application	[Sensor] Updated distance: 3.3788475475175526 cm | Severity=75 | SourceName=Sensor2 | EventType=application | SourceNode=ns=1;s=SensorSource2
[Anomaly Input] [2026-08-15 16:53:38.477 (UTC)] info/application	[Motor] Received distance: 18.213787451486002 cm | Severity=75 | SourceName=Motor | EventType=application | SourceNode=ns=1;s=MotorSource
[Anomaly Input] [2026-08-15 16:53:38.477 (UTC)] warn/application	[Motor] Distance too close (18.213787451486002); rotating motor to 0 degrees | Severity=175 | SourceName=Motor | EventType=application | SourceNode=ns=1;s=MotorSource
[Anomaly Input] [2026-08-15 16:53:38.915 (UTC)] info/application	[Motor] Received distance: 26.56866178315536 cm | Severity=75 | SourceName=Motor3 | EventType=application | SourceNode=ns=1;s=MotorSource3
[Anomaly Input] [2026-08-15 16:53:38.921 (UTC)] info/application	[Motor] Received distance: 3.3788475475175526 cm | Severity=75 | SourceName=Motor2 | EventType=application | SourceNode=ns=1;s=MotorSource2
[Anomaly Input] [2026-08-15 16:53:38.915 (UTC)] info/application	[Motor] Distance safe (26.56866178315536); rotating motor to 90 degrees | Severity=75 | SourceName=Motor3 | EventType=application | SourceNode=ns=1;s=MotorSource3
[Anomaly Input] [2026-08-15 16:53:38.921 (UTC)] warn/application	[Motor] Distance too close (3.3788475475175526); rotating motor to 0 degrees | Severity=175 | SourceName=Motor2 | EventType=application | SourceNode=ns=1;s=MotorSource2
[Anomaly Input] [2026-08-15 16:53:38.966 (UTC)] info/application	[Sensor] Updated distance: 28.707519737401753 cm | Severity=75 | SourceName=Sensor | EventType=application | SourceNode=ns=1;s=SensorSource
[Anomaly Input] [2026-08-15 16:53:39.371 (UTC)] info/application	[Sensor] Updated distance: 49.25704339112017 cm | Severity=75 | SourceName=Sensor2 | EventType=application | SourceNode=ns=1;s=SensorSource2
[Anomaly Input] [2026-08-15 16:53:39.371 (UTC)] info/application	[Sensor] Updated distance: 15.922190009580081 cm | Severity=75 | SourceName=Sensor3 | EventType=application | SourceNode=ns=1;s=SensorSource3
[Anomaly Input] [2026-08-15 16:53:39.472 (UTC)] info/application	[Motor] Received distance: 28.707519737401753 cm | Severity=75 | SourceName=Motor | EventType=application | SourceNode=ns=1;s=MotorSource
[Anomaly Input] [2026-08-15 16:53:39.472 (UTC)] info/application	[Motor] Distance safe (28.707519737401753); rotating motor to 90 degrees | Severity=75 | SourceName=Motor | EventType=application | SourceNode=ns=1;s=MotorSource
[Anomaly Input] [2026-08-15 16:53:39.917 (UTC)] info/application	[Motor] Received distance: 49.25704339112017 cm | Severity=75 | SourceName=Motor2 | EventType=application | SourceNode=ns=1;s=MotorSource2
[Anomaly Input] [2026-08-15 16:53:39.920 (UTC)] info/application	[Motor] Received distance: 15.922190009580081 cm | Severity=75 | SourceName=Motor3 | EventType=application | SourceNode=ns=1;s=MotorSource3
[Anomaly Input] [2026-08-15 16:53:39.917 (UTC)] info/application	[Motor] Distance safe (49.25704339112017); rotating motor to 90 degrees | Severity=75 | SourceName=Motor2 | EventType=application | SourceNode=ns=1;s=MotorSource2
[Anomaly Input] [2026-08-15 16:53:39.920 (UTC)] warn/application	[Motor] Distance too close (15.922190009580081); rotating motor to 0 degrees | Severity=175 | SourceName=Motor3 | EventType=application | SourceNode=ns=1;s=MotorSource3
[Anomaly Input] [2026-08-15 16:53:39.968 (UTC)] info/application	[Sensor] Updated distance: 22.010401273151114 cm | Severity=75 | SourceName=Sensor | EventType=application | SourceNode=ns=1;s=SensorSource
[Anomaly Input] [2026-08-15 16:53:40.373 (UTC)] info/application	[Sensor] Updated distance: 20.232870199826017 cm | Severity=75 | SourceName=Sensor2 | EventType=application | SourceNode=ns=1;s=SensorSource2
[Anomaly Input] [2026-08-15 16:53:40.373 (UTC)] info/application	[Sensor] Updated distance: 48.54477306387609 cm | Severity=75 | SourceName=Sensor3 | EventType=application | SourceNode=ns=1;s=SensorSource3
[Anomaly Input] [2026-08-15 16:53:40.478 (UTC)] info/application	[Motor] Received distance: 22.010401273151114 cm | Severity=75 | SourceName=Motor | EventType=application | SourceNode=ns=1;s=MotorSource
[Anomaly Input] [2026-08-15 16:53:40.478 (UTC)] info/application	[Motor] Distance safe (22.010401273151114); rotating motor to 90 degrees | Severity=75 | SourceName=Motor | EventType=application | SourceNode=ns=1;s=MotorSource
[Anomaly Input] [2026-08-15 16:53:40.919 (UTC)] info/application	[Motor] Received distance: 48.54477306387609 cm | Severity=75 | SourceName=Motor3 | EventType=application | SourceNode=ns=1;s=MotorSource3
[Anomaly Input] [2026-08-15 16:53:40.921 (UTC)] info/application	[Motor] Received distance: 20.232870199826017 cm | Severity=75 | SourceName=Motor2 | EventType=application | SourceNode=ns=1;s=MotorSource2
[Anomaly Input] [2026-08-15 16:53:40.919 (UTC)] info/application	[Motor] Distance safe (48.54477306387609); rotating motor to 90 degrees | Severity=75 | SourceName=Motor3 | EventType=application | SourceNode=ns=1;s=MotorSource3
[Anomaly Input] [2026-08-15 16:53:40.921 (UTC)] info/application	[Motor] Distance safe (20.232870199826017); rotating motor to 90 degrees | Severity=75 | SourceName=Motor2 | EventType=application | SourceNode=ns=1;s=MotorSource2
[Anomaly Input] [2026-08-15 16:53:40.970 (UTC)] info/application	[Sensor] Updated distance: 4.830811151690227 cm | Severity=75 | SourceName=Sensor | EventType=application | SourceNode=ns=1;s=SensorSource
[Anomaly Input] [2026-08-15 16:53:41.375 (UTC)] info/application	[Sensor] Updated distance: 37.883513623794315 cm | Severity=75 | SourceName=Sensor2 | EventType=application | SourceNode=ns=1;s=SensorSource2
[Anomaly Input] [2026-08-15 16:53:41.376 (UTC)] info/application	[Sensor] Updated distance: 9.474106203519788 cm | Severity=75 | SourceName=Sensor3 | EventType=application | SourceNode=ns=1;s=SensorSource3
[Anomaly Input] [2026-08-15 16:53:41.470 (UTC)] info/application	[Motor] Received distance: 4.830811151690227 cm | Severity=75 | SourceName=Motor | EventType=application | SourceNode=ns=1;s=MotorSource
[Anomaly Input] [2026-08-15 16:53:41.470 (UTC)] warn/application	[Motor] Distance too close (4.830811151690227); rotating motor to 0 degrees | Severity=175 | SourceName=Motor | EventType=application | SourceNode=ns=1;s=MotorSource
[Anomaly Input] [2026-08-15 16:53:41.932 (UTC)] info/application	[Motor] Received distance: 9.474106203519788 cm | Severity=75 | SourceName=Motor3 | EventType=application | SourceNode=ns=1;s=MotorSource3
[Anomaly Input] [2026-08-15 16:53:41.932 (UTC)] info/application	[Motor] Received distance: 37.883513623794315 cm | Severity=75 | SourceName=Motor2 | EventType=application | SourceNode=ns=1;s=MotorSource2
[Anomaly Input] [2026-08-15 16:53:41.932 (UTC)] warn/application	[Motor] Distance too close (9.474106203519788); rotating motor to 0 degrees | Severity=175 | SourceName=Motor3 | EventType=application | SourceNode=ns=1;s=MotorSource3
[Anomaly Input] [2026-08-15 16:53:41.932 (UTC)] info/application	[Motor] Distance safe (37.883513623794315); rotating motor to 90 degrees | Severity=75 | SourceName=Motor2 | EventType=application | SourceNode=ns=1;s=MotorSource2
[Anomaly Input] [2026-08-15 16:53:41.974 (UTC)] info/application	[Sensor] Updated distance: 32.22996362961361 cm | Severity=75 | SourceName=Sensor | EventType=application | SourceNode=ns=1;s=SensorSource
[Anomaly Input] [2026-08-15 16:53:42.369 (UTC)] info/application	[Sensor] Updated distance: 8.22803651831487 cm | Severity=75 | SourceName=Sensor3 | EventType=application | SourceNode=ns=1;s=SensorSource3
[Anomaly Input] [2026-08-15 16:53:42.379 (UTC)] info/application	[Sensor] Updated distance: 4.125050858652708 cm | Severity=75 | SourceName=Sensor2 | EventType=application | SourceNode=ns=1;s=SensorSource2
[Anomaly Input] [2026-08-15 16:53:42.478 (UTC)] info/application	[Motor] Received distance: 32.22996362961361 cm | Severity=75 | SourceName=Motor | EventType=application | SourceNode=ns=1;s=MotorSource
[Anomaly Input] [2026-08-15 16:53:42.478 (UTC)] info/application	[Motor] Distance safe (32.22996362961361); rotating motor to 90 degrees | Severity=75 | SourceName=Motor | EventType=application | SourceNode=ns=1;s=MotorSource
[Anomaly Input] [2026-08-15 16:53:42.921 (UTC)] info/application	[Motor] Received distance: 4.125050858652708 cm | Severity=75 | SourceName=Motor2 | EventType=application | SourceNode=ns=1;s=MotorSource2
[Anomaly Input] [2026-08-15 16:53:42.922 (UTC)] info/application	[Motor] Received distance: 8.22803651831487 cm | Severity=75 | SourceName=Motor3 | EventType=application | SourceNode=ns=1;s=MotorSource3
[Anomaly Input] [2026-08-15 16:53:42.921 (UTC)] warn/application	[Motor] Distance too close (4.125050858652708); rotating motor to 0 degrees | Severity=175 | SourceName=Motor2 | EventType=application | SourceNode=ns=1;s=MotorSource2
[Anomaly Input] [2026-08-15 16:53:42.922 (UTC)] warn/application	[Motor] Distance too close (8.22803651831487); rotating motor to 0 degrees | Severity=175 | SourceName=Motor3 | EventType=application | SourceNode=ns=1;s=MotorSource3
[Anomaly Input] [2026-08-15 16:53:42.968 (UTC)] info/application	[Sensor] Updated distance: 34.78531406111331 cm | Severity=75 | SourceName=Sensor | EventType=application | SourceNode=ns=1;s=SensorSource
[Anomaly Input] [2026-08-15 16:53:43.373 (UTC)] info/application	[Sensor] Updated distance: 10.277323376516495 cm | Severity=75 | SourceName=Sensor3 | EventType=application | SourceNode=ns=1;s=SensorSource3
[Anomaly Input] [2026-08-15 16:53:43.373 (UTC)] info/application	[Sensor] Updated distance: 27.09250303781242 cm | Severity=75 | SourceName=Sensor2 | EventType=application | SourceNode=ns=1;s=SensorSource2
[Anomaly Input] [2026-08-15 16:53:43.475 (UTC)] info/application	[Motor] Received distance: 34.78531406111331 cm | Severity=75 | SourceName=Motor | EventType=application | SourceNode=ns=1;s=MotorSource
[Anomaly Input] [2026-08-15 16:53:43.475 (UTC)] info/application	[Motor] Distance safe (34.78531406111331); rotating motor to 90 degrees | Severity=75 | SourceName=Motor | EventType=application | SourceNode=ns=1;s=MotorSource
[Anomaly Input] [2026-08-15 16:53:43.921 (UTC)] info/application	[Motor] Received distance: 10.277323376516495 cm | Severity=75 | SourceName=Motor3 | EventType=application | SourceNode=ns=1;s=MotorSource3
[Anomaly Input] [2026-08-15 16:53:43.921 (UTC)] info/application	[Motor] Received distance: 27.09250303781242 cm | Severity=75 | SourceName=Motor2 | EventType=application | SourceNode=ns=1;s=MotorSource2
[Anomaly Input] [2026-08-15 16:53:43.921 (UTC)] warn/application	[Motor] Distance too close (10.277323376516495); rotating motor to 0 degrees | Severity=175 | SourceName=Motor3 | EventType=application | SourceNode=ns=1;s=MotorSource3
[Anomaly Input] [2026-08-15 16:53:43.921 (UTC)] info/application	[Motor] Distance safe (27.09250303781242); rotating motor to 90 degrees | Severity=75 | SourceName=Motor2 | EventType=application | SourceNode=ns=1;s=MotorSource2
[Anomaly Input] [2026-08-15 16:53:43.971 (UTC)] info/application	[Sensor] Updated distance: 41.18913967497141 cm | Severity=75 | SourceName=Sensor | EventType=application | SourceNode=ns=1;s=SensorSource
[Anomaly Input] [2026-08-15 16:53:44.377 (UTC)] info/application	[Sensor] Updated distance: 36.23871962085306 cm | Severity=75 | SourceName=Sensor3 | EventType=application | SourceNode=ns=1;s=SensorSource3
[Anomaly Input] [2026-08-15 16:53:44.377 (UTC)] info/application	[Sensor] Updated distance: 36.04589317834279 cm | Severity=75 | SourceName=Sensor2 | EventType=application | SourceNode=ns=1;s=SensorSource2
[Anomaly Input] [2026-08-15 16:53:44.468 (UTC)] info/application	[Motor] Received distance: 41.18913967497141 cm | Severity=75 | SourceName=Motor | EventType=application | SourceNode=ns=1;s=MotorSource
[Anomaly Input] [2026-08-15 16:53:44.468 (UTC)] info/application	[Motor] Distance safe (41.18913967497141); rotating motor to 90 degrees | Severity=75 | SourceName=Motor | EventType=application | SourceNode=ns=1;s=MotorSource
[Anomaly Input] [2026-08-15 16:53:44.932 (UTC)] info/application	[Motor] Received distance: 36.23871962085306 cm | Severity=75 | SourceName=Motor3 | EventType=application | SourceNode=ns=1;s=MotorSource3
[Anomaly Input] [2026-08-15 16:53:44.932 (UTC)] info/application	[Motor] Received distance: 36.04589317834279 cm | Severity=75 | SourceName=Motor2 | EventType=application | SourceNode=ns=1;s=MotorSource2
[Anomaly Input] [2026-08-15 16:53:44.932 (UTC)] info/application	[Motor] Distance safe (36.04589317834279); rotating motor to 90 degrees | Severity=75 | SourceName=Motor2 | EventType=application | SourceNode=ns=1;s=MotorSource2
[Anomaly Input] [2026-08-15 16:53:44.932 (UTC)] info/application	[Motor] Distance safe (36.23871962085306); rotating motor to 90 degrees | Severity=75 | SourceName=Motor3 | EventType=application | SourceNode=ns=1;s=MotorSource3
[Anomaly Input] [2026-08-15 16:53:44.975 (UTC)] info/application	[Sensor] Updated distance: 10.848177407331846 cm | Severity=75 | SourceName=Sensor | EventType=application | SourceNode=ns=1;s=SensorSource
[Anomaly Input] [2026-08-15 16:53:45.370 (UTC)] info/application	[Sensor] Updated distance: 23.135019193000634 cm | Severity=75 | SourceName=Sensor2 | EventType=application | SourceNode=ns=1;s=SensorSource2
[Anomaly Input] [2026-08-15 16:53:45.370 (UTC)] info/application	[Sensor] Updated distance: 13.22341153548258 cm | Severity=75 | SourceName=Sensor3 | EventType=application | SourceNode=ns=1;s=SensorSource3
[Anomaly Input] [2026-08-15 16:53:45.478 (UTC)] info/application	[Motor] Received distance: 10.848177407331846 cm | Severity=75 | SourceName=Motor | EventType=application | SourceNode=ns=1;s=MotorSource
[Anomaly Input] [2026-08-15 16:53:45.478 (UTC)] warn/application	[Motor] Distance too close (10.848177407331846); rotating motor to 0 degrees | Severity=175 | SourceName=Motor | EventType=application | SourceNode=ns=1;s=MotorSource
[Anomaly Input] [2026-08-15 16:53:45.920 (UTC)] info/application	[Motor] Received distance: 23.135019193000634 cm | Severity=75 | SourceName=Motor2 | EventType=application | SourceNode=ns=1;s=MotorSource2
[Anomaly Input] [2026-08-15 16:53:45.920 (UTC)] info/application	[Motor] Received distance: 13.22341153548258 cm | Severity=75 | SourceName=Motor3 | EventType=application | SourceNode=ns=1;s=MotorSource3
[Anomaly Input] [2026-08-15 16:53:45.920 (UTC)] info/application	[Motor] Distance safe (23.135019193000634); rotating motor to 90 degrees | Severity=75 | SourceName=Motor2 | EventType=application | SourceNode=ns=1;s=MotorSource2
[Anomaly Input] [2026-08-15 16:53:45.920 (UTC)] warn/application	[Motor] Distance too close (13.22341153548258); rotating motor to 0 degrees | Severity=175 | SourceName=Motor3 | EventType=application | SourceNode=ns=1;s=MotorSource3
[Anomaly Input] [2026-08-15 16:53:45.968 (UTC)] info/application	[Sensor] Updated distance: 26.742900070148938 cm | Severity=75 | SourceName=Sensor | EventType=application | SourceNode=ns=1;s=SensorSource
[Anomaly Input] [2026-08-15 16:53:46.373 (UTC)] info/application	[Sensor] Updated distance: 15.112059934582588 cm | Severity=75 | SourceName=Sensor2 | EventType=application | SourceNode=ns=1;s=SensorSource2
[Anomaly Input] [2026-08-15 16:53:46.373 (UTC)] info/application	[Sensor] Updated distance: 16.053115091311334 cm | Severity=75 | SourceName=Sensor3 | EventType=application | SourceNode=ns=1;s=SensorSource3
[Anomaly Input] [2026-08-15 16:53:46.474 (UTC)] info/application	[Motor] Received distance: 26.742900070148938 cm | Severity=75 | SourceName=Motor | EventType=application | SourceNode=ns=1;s=MotorSource
[Anomaly Input] [2026-08-15 16:53:46.474 (UTC)] info/application	[Motor] Distance safe (26.742900070148938); rotating motor to 90 degrees | Severity=75 | SourceName=Motor | EventType=application | SourceNode=ns=1;s=MotorSource
[Anomaly Input] [2026-08-15 16:53:46.920 (UTC)] info/application	[Motor] Received distance: 15.112059934582588 cm | Severity=75 | SourceName=Motor2 | EventType=application | SourceNode=ns=1;s=MotorSource2
[Anomaly Input] [2026-08-15 16:53:46.922 (UTC)] info/application	[Motor] Received distance: 16.053115091311334 cm | Severity=75 | SourceName=Motor3 | EventType=application | SourceNode=ns=1;s=MotorSource3
[Anomaly Input] [2026-08-15 16:53:46.920 (UTC)] warn/application	[Motor] Distance too close (15.112059934582588); rotating motor to 0 degrees | Severity=175 | SourceName=Motor2 | EventType=application | SourceNode=ns=1;s=MotorSource2
[Anomaly Input] [2026-08-15 16:53:46.922 (UTC)] warn/application	[Motor] Distance too close (16.053115091311334); rotating motor to 0 degrees | Severity=175 | SourceName=Motor3 | EventType=application | SourceNode=ns=1;s=MotorSource3
[Anomaly Input] [2026-08-15 16:53:46.970 (UTC)] info/application	[Sensor] Updated distance: 24.918926726523285 cm | Severity=75 | SourceName=Sensor | EventType=application | SourceNode=ns=1;s=SensorSource
[Anomaly Input] [2026-08-15 16:53:47.375 (UTC)] info/application	[Sensor] Updated distance: 43.24909347726455 cm | Severity=75 | SourceName=Sensor2 | EventType=application | SourceNode=ns=1;s=SensorSource2
[Anomaly Input] [2026-08-15 16:53:47.375 (UTC)] info/application	[Sensor] Updated distance: 35.99644473288043 cm | Severity=75 | SourceName=Sensor3 | EventType=application | SourceNode=ns=1;s=SensorSource3
[Anomaly Input] [2026-08-15 16:53:47.477 (UTC)] info/application	[Motor] Received distance: 24.918926726523285 cm | Severity=75 | SourceName=Motor | EventType=application | SourceNode=ns=1;s=MotorSource
[Anomaly Input] [2026-08-15 16:53:47.477 (UTC)] info/application	[Motor] Distance safe (24.918926726523285); rotating motor to 90 degrees | Severity=75 | SourceName=Motor | EventType=application | SourceNode=ns=1;s=MotorSource
[Anomaly Input] [2026-08-15 16:53:47.922 (UTC)] info/application	[Motor] Received distance: 43.24909347726455 cm | Severity=75 | SourceName=Motor2 | EventType=application | SourceNode=ns=1;s=MotorSource2
[Anomaly Input] [2026-08-15 16:53:47.932 (UTC)] info/application	[Motor] Received distance: 35.99644473288043 cm | Severity=75 | SourceName=Motor3 | EventType=application | SourceNode=ns=1;s=MotorSource3
[Anomaly Input] [2026-08-15 16:53:47.922 (UTC)] info/application	[Motor] Distance safe (43.24909347726455); rotating motor to 90 degrees | Severity=75 | SourceName=Motor2 | EventType=application | SourceNode=ns=1;s=MotorSource2
[Anomaly Input] [2026-08-15 16:53:47.932 (UTC)] info/application	[Motor] Distance safe (35.99644473288043); rotating motor to 90 degrees | Severity=75 | SourceName=Motor3 | EventType=application | SourceNode=ns=1;s=MotorSource3
[Anomaly Input] [2026-08-15 16:53:47.972 (UTC)] info/application	[Sensor] Updated distance: 27.513899844844776 cm | Severity=75 | SourceName=Sensor | EventType=application | SourceNode=ns=1;s=SensorSource
[Anomaly Input] [2026-08-15 16:53:48.377 (UTC)] info/application	[Sensor] Updated distance: 39.28353207059369 cm | Severity=75 | SourceName=Sensor3 | EventType=application | SourceNode=ns=1;s=SensorSource3
[Anomaly Input] [2026-08-15 16:53:48.377 (UTC)] info/application	[Sensor] Updated distance: 25.808510180473565 cm | Severity=75 | SourceName=Sensor2 | EventType=application | SourceNode=ns=1;s=SensorSource2
[Anomaly Input] [2026-08-15 16:53:48.468 (UTC)] info/application	[Motor] Received distance: 27.513899844844776 cm | Severity=75 | SourceName=Motor | EventType=application | SourceNode=ns=1;s=MotorSource
[Anomaly Input] [2026-08-15 16:53:48.468 (UTC)] info/application	[Motor] Distance safe (27.513899844844776); rotating motor to 90 degrees | Severity=75 | SourceName=Motor | EventType=application | SourceNode=ns=1;s=MotorSource
[Anomaly Input] [2026-08-15 16:53:48.924 (UTC)] info/application	[Motor] Received distance: 39.28353207059369 cm | Severity=75 | SourceName=Motor3 | EventType=application | SourceNode=ns=1;s=MotorSource3
[Anomaly Input] [2026-08-15 16:53:48.932 (UTC)] info/application	[Motor] Received distance: 25.808510180473565 cm | Severity=75 | SourceName=Motor2 | EventType=application | SourceNode=ns=1;s=MotorSource2
[Anomaly Input] [2026-08-15 16:53:48.924 (UTC)] info/application	[Motor] Distance safe (39.28353207059369); rotating motor to 90 degrees | Severity=75 | SourceName=Motor3 | EventType=application | SourceNode=ns=1;s=MotorSource3
[Anomaly Input] [2026-08-15 16:53:48.932 (UTC)] info/application	[Motor] Distance safe (25.808510180473565); rotating motor to 90 degrees | Severity=75 | SourceName=Motor2 | EventType=application | SourceNode=ns=1;s=MotorSource2
[Anomaly Input] [2026-08-15 16:53:48.974 (UTC)] info/application	[Sensor] Updated distance: 15.46443999440616 cm | Severity=75 | SourceName=Sensor | EventType=application | SourceNode=ns=1;s=SensorSource
[Anomaly Input] [2026-08-15 16:53:49.369 (UTC)] info/application	[Sensor] Updated distance: 32.204288921414076 cm | Severity=75 | SourceName=Sensor3 | EventType=application | SourceNode=ns=1;s=SensorSource3
[Anomaly Input] [2026-08-15 16:53:49.379 (UTC)] info/application	[Sensor] Updated distance: 23.757798935173916 cm | Severity=75 | SourceName=Sensor2 | EventType=application | SourceNode=ns=1;s=SensorSource2
[Anomaly Input] [2026-08-15 16:53:49.477 (UTC)] info/application	[Motor] Received distance: 15.46443999440616 cm | Severity=75 | SourceName=Motor | EventType=application | SourceNode=ns=1;s=MotorSource
[Anomaly Input] [2026-08-15 16:53:49.477 (UTC)] warn/application	[Motor] Distance too close (15.46443999440616); rotating motor to 0 degrees | Severity=175 | SourceName=Motor | EventType=application | SourceNode=ns=1;s=MotorSource
[Anomaly Input] [2026-08-15 16:53:49.916 (UTC)] info/application	[Motor] Received distance: 32.204288921414076 cm | Severity=75 | SourceName=Motor3 | EventType=application | SourceNode=ns=1;s=MotorSource3
[Anomaly Input] [2026-08-15 16:53:49.920 (UTC)] info/application	[Motor] Received distance: 23.757798935173916 cm | Severity=75 | SourceName=Motor2 | EventType=application | SourceNode=ns=1;s=MotorSource2
[Anomaly Input] [2026-08-15 16:53:49.916 (UTC)] info/application	[Motor] Distance safe (32.204288921414076); rotating motor to 90 degrees | Severity=75 | SourceName=Motor3 | EventType=application | SourceNode=ns=1;s=MotorSource3
[Anomaly Input] [2026-08-15 16:53:49.920 (UTC)] info/application	[Motor] Distance safe (23.757798935173916); rotating motor to 90 degrees | Severity=75 | SourceName=Motor2 | EventType=application | SourceNode=ns=1;s=MotorSource2
[Anomaly Input] [2026-08-15 16:53:49.967 (UTC)] info/application	[Sensor] Updated distance: 2.6377028378833565 cm | Severity=75 | SourceName=Sensor | EventType=application | SourceNode=ns=1;s=SensorSource
[Anomaly Input] [2026-08-15 16:53:50.371 (UTC)] info/application	[Sensor] Updated distance: 18.802811973170755 cm | Severity=75 | SourceName=Sensor2 | EventType=application | SourceNode=ns=1;s=SensorSource2
[Anomaly Input] [2026-08-15 16:53:50.371 (UTC)] info/application	[Sensor] Updated distance: 42.387346636684306 cm | Severity=75 | SourceName=Sensor3 | EventType=application | SourceNode=ns=1;s=SensorSource3
[Anomaly Input] [2026-08-15 16:53:50.473 (UTC)] info/application	[Motor] Received distance: 2.6377028378833565 cm | Severity=75 | SourceName=Motor | EventType=application | SourceNode=ns=1;s=MotorSource
[Anomaly Input] [2026-08-15 16:53:50.473 (UTC)] warn/application	[Motor] Distance too close (2.6377028378833565); rotating motor to 0 degrees | Severity=175 | SourceName=Motor | EventType=application | SourceNode=ns=1;s=MotorSource
[Anomaly Input] [2026-08-15 16:53:50.921 (UTC)] info/application	[Motor] Received distance: 18.802811973170755 cm | Severity=75 | SourceName=Motor2 | EventType=application | SourceNode=ns=1;s=MotorSource2
[Anomaly Input] [2026-08-15 16:53:50.921 (UTC)] info/application	[Motor] Received distance: 42.387346636684306 cm | Severity=75 | SourceName=Motor3 | EventType=application | SourceNode=ns=1;s=MotorSource3
[Anomaly Input] [2026-08-15 16:53:50.922 (UTC)] warn/application	[Motor] Distance too close (18.802811973170755); rotating motor to 0 degrees | Severity=175 | SourceName=Motor2 | EventType=application | SourceNode=ns=1;s=MotorSource2
[Anomaly Input] [2026-08-15 16:53:50.921 (UTC)] info/application	[Motor] Distance safe (42.387346636684306); rotating motor to 90 degrees | Severity=75 | SourceName=Motor3 | EventType=application | SourceNode=ns=1;s=MotorSource3
[Anomaly Input] [2026-08-15 16:53:50.969 (UTC)] info/application	[Sensor] Updated distance: 2.7884961370325163 cm | Severity=75 | SourceName=Sensor | EventType=application | SourceNode=ns=1;s=SensorSource
[Anomaly Input] [2026-08-15 16:53:51.374 (UTC)] info/application	[Sensor] Updated distance: 17.26946181024865 cm | Severity=75 | SourceName=Sensor3 | EventType=application | SourceNode=ns=1;s=SensorSource3
[Anomaly Input] [2026-08-15 16:53:51.374 (UTC)] info/application	[Sensor] Updated distance: 19.474319339485056 cm | Severity=75 | SourceName=Sensor2 | EventType=application | SourceNode=ns=1;s=SensorSource2
[Anomaly Input] [2026-08-15 16:53:51.478 (UTC)] info/application	[Motor] Received distance: 2.7884961370325163 cm | Severity=75 | SourceName=Motor | EventType=application | SourceNode=ns=1;s=MotorSource
[Anomaly Input] [2026-08-15 16:53:51.478 (UTC)] warn/application	[Motor] Distance too close (2.7884961370325163); rotating motor to 0 degrees | Severity=175 | SourceName=Motor | EventType=application | SourceNode=ns=1;s=MotorSource
[Anomaly Input] [2026-08-15 16:53:51.921 (UTC)] info/application	[Motor] Received distance: 17.26946181024865 cm | Severity=75 | SourceName=Motor3 | EventType=application | SourceNode=ns=1;s=MotorSource3
[Anomaly Input] [2026-08-15 16:53:51.921 (UTC)] info/application	[Motor] Received distance: 19.474319339485056 cm | Severity=75 | SourceName=Motor2 | EventType=application | SourceNode=ns=1;s=MotorSource2
[Anomaly Input] [2026-08-15 16:53:51.921 (UTC)] warn/application	[Motor] Distance too close (17.26946181024865); rotating motor to 0 degrees | Severity=175 | SourceName=Motor3 | EventType=application | SourceNode=ns=1;s=MotorSource3
[Anomaly Input] [2026-08-15 16:53:51.921 (UTC)] warn/application	[Motor] Distance too close (19.474319339485056); rotating motor to 0 degrees | Severity=175 | SourceName=Motor2 | EventType=application | SourceNode=ns=1;s=MotorSource2
[Anomaly Input] [2026-08-15 16:53:51.971 (UTC)] info/application	[Sensor] Updated distance: 5.869898812784767 cm | Severity=75 | SourceName=Sensor | EventType=application | SourceNode=ns=1;s=SensorSource
[Anomaly Input] [2026-08-15 16:53:52.376 (UTC)] info/application	[Sensor] Updated distance: 3.96616882177357 cm | Severity=75 | SourceName=Sensor3 | EventType=application | SourceNode=ns=1;s=SensorSource3
[Anomaly Input] [2026-08-15 16:53:52.376 (UTC)] info/application	[Sensor] Updated distance: 43.49799648369569 cm | Severity=75 | SourceName=Sensor2 | EventType=application | SourceNode=ns=1;s=SensorSource2
[Anomaly Input] [2026-08-15 16:53:52.470 (UTC)] info/application	[Motor] Received distance: 5.869898812784767 cm | Severity=75 | SourceName=Motor | EventType=application | SourceNode=ns=1;s=MotorSource
[Anomaly Input] [2026-08-15 16:53:52.470 (UTC)] warn/application	[Motor] Distance too close (5.869898812784767); rotating motor to 0 degrees | Severity=175 | SourceName=Motor | EventType=application | SourceNode=ns=1;s=MotorSource
[Anomaly Input] [2026-08-15 16:53:52.932 (UTC)] info/application	[Motor] Received distance: 43.49799648369569 cm | Severity=75 | SourceName=Motor2 | EventType=application | SourceNode=ns=1;s=MotorSource2
[Anomaly Input] [2026-08-15 16:53:52.932 (UTC)] info/application	[Motor] Received distance: 3.96616882177357 cm | Severity=75 | SourceName=Motor3 | EventType=application | SourceNode=ns=1;s=MotorSource3
[Anomaly Input] [2026-08-15 16:53:52.932 (UTC)] warn/application	[Motor] Distance too close (3.96616882177357); rotating motor to 0 degrees | Severity=175 | SourceName=Motor3 | EventType=application | SourceNode=ns=1;s=MotorSource3
[Anomaly Input] [2026-08-15 16:53:52.932 (UTC)] info/application	[Motor] Distance safe (43.49799648369569); rotating motor to 90 degrees | Severity=75 | SourceName=Motor2 | EventType=application | SourceNode=ns=1;s=MotorSource2
[Anomaly Input] [2026-08-15 16:53:52.974 (UTC)] info/application	[Sensor] Updated distance: 10.080345902629357 cm | Severity=75 | SourceName=Sensor | EventType=application | SourceNode=ns=1;s=SensorSource
[Anomaly Input] [2026-08-15 16:53:53.369 (UTC)] info/application	[Sensor] Updated distance: 31.165319366923214 cm | Severity=75 | SourceName=Sensor3 | EventType=application | SourceNode=ns=1;s=SensorSource3
[Anomaly Input] [2026-08-15 16:53:53.379 (UTC)] info/application	[Sensor] Updated distance: 24.627309273289193 cm | Severity=75 | SourceName=Sensor2 | EventType=application | SourceNode=ns=1;s=SensorSource2
[Anomaly Input] [2026-08-15 16:53:53.478 (UTC)] info/application	[Motor] Received distance: 10.080345902629357 cm | Severity=75 | SourceName=Motor | EventType=application | SourceNode=ns=1;s=MotorSource
[Anomaly Input] [2026-08-15 16:53:53.478 (UTC)] warn/application	[Motor] Distance too close (10.080345902629357); rotating motor to 0 degrees | Severity=175 | SourceName=Motor | EventType=application | SourceNode=ns=1;s=MotorSource
[Anomaly Input] [2026-08-15 16:53:53.920 (UTC)] info/application	[Motor] Received distance: 24.627309273289193 cm | Severity=75 | SourceName=Motor2 | EventType=application | SourceNode=ns=1;s=MotorSource2
[Anomaly Input] [2026-08-15 16:53:53.921 (UTC)] info/application	[Motor] Received distance: 31.165319366923214 cm | Severity=75 | SourceName=Motor3 | EventType=application | SourceNode=ns=1;s=MotorSource3
[Anomaly Input] [2026-08-15 16:53:53.920 (UTC)] info/application	[Motor] Distance safe (24.627309273289193); rotating motor to 90 degrees | Severity=75 | SourceName=Motor2 | EventType=application | SourceNode=ns=1;s=MotorSource2
[Anomaly Input] [2026-08-15 16:53:53.921 (UTC)] info/application	[Motor] Distance safe (31.165319366923214); rotating motor to 90 degrees | Severity=75 | SourceName=Motor3 | EventType=application | SourceNode=ns=1;s=MotorSource3
[Anomaly Input] [2026-08-15 16:53:53.966 (UTC)] info/application	[Sensor] Updated distance: 20.32656244296886 cm | Severity=75 | SourceName=Sensor | EventType=application | SourceNode=ns=1;s=SensorSource
[Anomaly Input] [2026-08-15 16:53:54.371 (UTC)] info/application	[Sensor] Updated distance: 25.776104379341053 cm | Severity=75 | SourceName=Sensor2 | EventType=application | SourceNode=ns=1;s=SensorSource2
[Anomaly Input] [2026-08-15 16:53:54.371 (UTC)] info/application	[Sensor] Updated distance: 38.61110075032855 cm | Severity=75 | SourceName=Sensor3 | EventType=application | SourceNode=ns=1;s=SensorSource3
[Anomaly Input] [2026-08-15 16:53:54.473 (UTC)] info/application	[Motor] Received distance: 20.32656244296886 cm | Severity=75 | SourceName=Motor | EventType=application | SourceNode=ns=1;s=MotorSource
[Anomaly Input] [2026-08-15 16:53:54.473 (UTC)] info/application	[Motor] Distance safe (20.32656244296886); rotating motor to 90 degrees | Severity=75 | SourceName=Motor | EventType=application | SourceNode=ns=1;s=MotorSource
[Anomaly Input] [2026-08-15 16:53:54.918 (UTC)] info/application	[Motor] Received distance: 38.61110075032855 cm | Severity=75 | SourceName=Motor3 | EventType=application | SourceNode=ns=1;s=MotorSource3
[Anomaly Input] [2026-08-15 16:53:54.918 (UTC)] info/application	[Motor] Received distance: 25.776104379341053 cm | Severity=75 | SourceName=Motor2 | EventType=application | SourceNode=ns=1;s=MotorSource2
[Anomaly Input] [2026-08-15 16:53:54.918 (UTC)] info/application	[Motor] Distance safe (38.61110075032855); rotating motor to 90 degrees | Severity=75 | SourceName=Motor3 | EventType=application | SourceNode=ns=1;s=MotorSource3
[Anomaly Input] [2026-08-15 16:53:54.918 (UTC)] info/application	[Motor] Distance safe (25.776104379341053); rotating motor to 90 degrees | Severity=75 | SourceName=Motor2 | EventType=application | SourceNode=ns=1;s=MotorSource2
[Anomaly Input] [2026-08-15 16:53:54.969 (UTC)] info/application	[Sensor] Updated distance: 49.97690819202778 cm | Severity=75 | SourceName=Sensor | EventType=application | SourceNode=ns=1;s=SensorSource
[Anomaly Input] [2026-08-15 16:53:55.373 (UTC)] info/application	[Sensor] Updated distance: 22.771343188719516 cm | Severity=75 | SourceName=Sensor3 | EventType=application | SourceNode=ns=1;s=SensorSource3
[Anomaly Input] [2026-08-15 16:53:55.373 (UTC)] info/application	[Sensor] Updated distance: 6.445136489553906 cm | Severity=75 | SourceName=Sensor2 | EventType=application | SourceNode=ns=1;s=SensorSource2
[Anomaly Input] [2026-08-15 16:53:55.478 (UTC)] info/application	[Motor] Received distance: 49.97690819202778 cm | Severity=75 | SourceName=Motor | EventType=application | SourceNode=ns=1;s=MotorSource
[Anomaly Input] [2026-08-15 16:53:55.478 (UTC)] info/application	[Motor] Distance safe (49.97690819202778); rotating motor to 90 degrees | Severity=75 | SourceName=Motor | EventType=application | SourceNode=ns=1;s=MotorSource
[Anomaly Input] [2026-08-15 16:53:55.921 (UTC)] info/application	[Motor] Received distance: 6.445136489553906 cm | Severity=75 | SourceName=Motor2 | EventType=application | SourceNode=ns=1;s=MotorSource2
[Anomaly Input] [2026-08-15 16:53:55.922 (UTC)] info/application	[Motor] Received distance: 22.771343188719516 cm | Severity=75 | SourceName=Motor3 | EventType=application | SourceNode=ns=1;s=MotorSource3
[Anomaly Input] [2026-08-15 16:53:55.921 (UTC)] warn/application	[Motor] Distance too close (6.445136489553906); rotating motor to 0 degrees | Severity=175 | SourceName=Motor2 | EventType=application | SourceNode=ns=1;s=MotorSource2
[Anomaly Input] [2026-08-15 16:53:55.922 (UTC)] info/application	[Motor] Distance safe (22.771343188719516); rotating motor to 90 degrees | Severity=75 | SourceName=Motor3 | EventType=application | SourceNode=ns=1;s=MotorSource3
[Anomaly Input] [2026-08-15 16:53:55.972 (UTC)] info/application	[Sensor] Updated distance: 23.029072406249618 cm | Severity=75 | SourceName=Sensor | EventType=application | SourceNode=ns=1;s=SensorSource
[Anomaly Input] [2026-08-15 16:53:56.377 (UTC)] info/application	[Sensor] Updated distance: 46.05902597869701 cm | Severity=75 | SourceName=Sensor2 | EventType=application | SourceNode=ns=1;s=SensorSource2
[Anomaly Input] [2026-08-15 16:53:56.377 (UTC)] info/application	[Sensor] Updated distance: 8.130171026163815 cm | Severity=75 | SourceName=Sensor3 | EventType=application | SourceNode=ns=1;s=SensorSource3
[Anomaly Input] [2026-08-15 16:53:56.470 (UTC)] info/application	[Motor] Received distance: 23.029072406249618 cm | Severity=75 | SourceName=Motor | EventType=application | SourceNode=ns=1;s=MotorSource
[Anomaly Input] [2026-08-15 16:53:56.470 (UTC)] info/application	[Motor] Distance safe (23.029072406249618); rotating motor to 90 degrees | Severity=75 | SourceName=Motor | EventType=application | SourceNode=ns=1;s=MotorSource
[Anomaly Input] [2026-08-15 16:53:56.932 (UTC)] info/application	[Motor] Received distance: 46.05902597869701 cm | Severity=75 | SourceName=Motor2 | EventType=application | SourceNode=ns=1;s=MotorSource2
[Anomaly Input] [2026-08-15 16:53:56.933 (UTC)] info/application	[Motor] Received distance: 8.130171026163815 cm | Severity=75 | SourceName=Motor3 | EventType=application | SourceNode=ns=1;s=MotorSource3
[Anomaly Input] [2026-08-15 16:53:56.932 (UTC)] info/application	[Motor] Distance safe (46.05902597869701); rotating motor to 90 degrees | Severity=75 | SourceName=Motor2 | EventType=application | SourceNode=ns=1;s=MotorSource2
[Anomaly Input] [2026-08-15 16:53:56.933 (UTC)] warn/application	[Motor] Distance too close (8.130171026163815); rotating motor to 0 degrees | Severity=175 | SourceName=Motor3 | EventType=application | SourceNode=ns=1;s=MotorSource3
[Anomaly Input] [2026-08-15 16:53:56.974 (UTC)] info/application	[Sensor] Updated distance: 44.86445984750262 cm | Severity=75 | SourceName=Sensor | EventType=application | SourceNode=ns=1;s=SensorSource
[Anomaly Input] [2026-08-15 16:53:57.369 (UTC)] info/application	[Sensor] Updated distance: 2.849590376415099 cm | Severity=75 | SourceName=Sensor3 | EventType=application | SourceNode=ns=1;s=SensorSource3
[Anomaly Input] [2026-08-15 16:53:57.379 (UTC)] info/application	[Sensor] Updated distance: 19.79569154316359 cm | Severity=75 | SourceName=Sensor2 | EventType=application | SourceNode=ns=1;s=SensorSource2
[Anomaly Input] [2026-08-15 16:53:57.478 (UTC)] info/application	[Motor] Received distance: 44.86445984750262 cm | Severity=75 | SourceName=Motor | EventType=application | SourceNode=ns=1;s=MotorSource
[Anomaly Input] [2026-08-15 16:53:57.478 (UTC)] info/application	[Motor] Distance safe (44.86445984750262); rotating motor to 90 degrees | Severity=75 | SourceName=Motor | EventType=application | SourceNode=ns=1;s=MotorSource
[Anomaly Input] [2026-08-15 16:53:57.920 (UTC)] info/application	[Motor] Received distance: 19.79569154316359 cm | Severity=75 | SourceName=Motor2 | EventType=application | SourceNode=ns=1;s=MotorSource2
[Anomaly Input] [2026-08-15 16:53:57.921 (UTC)] info/application	[Motor] Received distance: 2.849590376415099 cm | Severity=75 | SourceName=Motor3 | EventType=application | SourceNode=ns=1;s=MotorSource3
[Anomaly Input] [2026-08-15 16:53:57.920 (UTC)] warn/application	[Motor] Distance too close (19.79569154316359); rotating motor to 0 degrees | Severity=175 | SourceName=Motor2 | EventType=application | SourceNode=ns=1;s=MotorSource2
[Anomaly Input] [2026-08-15 16:53:57.921 (UTC)] warn/application	[Motor] Distance too close (2.849590376415099); rotating motor to 0 degrees | Severity=175 | SourceName=Motor3 | EventType=application | SourceNode=ns=1;s=MotorSource3
[Anomaly Input] [2026-08-15 16:53:57.966 (UTC)] info/application	[Sensor] Updated distance: 16.57845279508198 cm | Severity=75 | SourceName=Sensor | EventType=application | SourceNode=ns=1;s=SensorSource
[Anomaly Input] [2026-08-15 16:53:58.372 (UTC)] info/application	[Sensor] Updated distance: 42.18186374389653 cm | Severity=75 | SourceName=Sensor3 | EventType=application | SourceNode=ns=1;s=SensorSource3
[Anomaly Input] [2026-08-15 16:53:58.372 (UTC)] info/application	[Sensor] Updated distance: 8.220214526271548 cm | Severity=75 | SourceName=Sensor2 | EventType=application | SourceNode=ns=1;s=SensorSource2
[Anomaly Input] [2026-08-15 16:53:58.473 (UTC)] info/application	[Motor] Received distance: 16.57845279508198 cm | Severity=75 | SourceName=Motor | EventType=application | SourceNode=ns=1;s=MotorSource
[Anomaly Input] [2026-08-15 16:53:58.473 (UTC)] warn/application	[Motor] Distance too close (16.57845279508198); rotating motor to 0 degrees | Severity=175 | SourceName=Motor | EventType=application | SourceNode=ns=1;s=MotorSource
[Anomaly Input] [2026-08-15 16:53:58.919 (UTC)] info/application	[Motor] Received distance: 8.220214526271548 cm | Severity=75 | SourceName=Motor2 | EventType=application | SourceNode=ns=1;s=MotorSource2
[Anomaly Input] [2026-08-15 16:53:58.919 (UTC)] info/application	[Motor] Received distance: 42.18186374389653 cm | Severity=75 | SourceName=Motor3 | EventType=application | SourceNode=ns=1;s=MotorSource3
[Anomaly Input] [2026-08-15 16:53:58.919 (UTC)] warn/application	[Motor] Distance too close (8.220214526271548); rotating motor to 0 degrees | Severity=175 | SourceName=Motor2 | EventType=application | SourceNode=ns=1;s=MotorSource2
[Anomaly Input] [2026-08-15 16:53:58.919 (UTC)] info/application	[Motor] Distance safe (42.18186374389653); rotating motor to 90 degrees | Severity=75 | SourceName=Motor3 | EventType=application | SourceNode=ns=1;s=MotorSource3
[Anomaly Input] [2026-08-15 16:53:58.969 (UTC)] info/application	[Sensor] Updated distance: 20.01498383377445 cm | Severity=75 | SourceName=Sensor | EventType=application | SourceNode=ns=1;s=SensorSource
[Anomaly Input] [2026-08-15 16:53:59.375 (UTC)] info/application	[Sensor] Updated distance: 40.638606685511114 cm | Severity=75 | SourceName=Sensor2 | EventType=application | SourceNode=ns=1;s=SensorSource2
[Anomaly Input] [2026-08-15 16:53:59.375 (UTC)] info/application	[Sensor] Updated distance: 26.191032145261314 cm | Severity=75 | SourceName=Sensor3 | EventType=application | SourceNode=ns=1;s=SensorSource3
[Anomaly Input] [2026-08-15 16:53:59.477 (UTC)] info/application	[Motor] Received distance: 20.01498383377445 cm | Severity=75 | SourceName=Motor | EventType=application | SourceNode=ns=1;s=MotorSource
[Anomaly Input] [2026-08-15 16:53:59.477 (UTC)] info/application	[Motor] Distance safe (20.01498383377445); rotating motor to 90 degrees | Severity=75 | SourceName=Motor | EventType=application | SourceNode=ns=1;s=MotorSource
[Anomaly Input] [2026-08-15 16:53:59.922 (UTC)] info/application	[Motor] Received distance: 40.638606685511114 cm | Severity=75 | SourceName=Motor2 | EventType=application | SourceNode=ns=1;s=MotorSource2
[Anomaly Input] [2026-08-15 16:53:59.922 (UTC)] info/application	[Motor] Received distance: 26.191032145261314 cm | Severity=75 | SourceName=Motor3 | EventType=application | SourceNode=ns=1;s=MotorSource3
[Anomaly Input] [2026-08-15 16:53:59.922 (UTC)] info/application	[Motor] Distance safe (40.638606685511114); rotating motor to 90 degrees | Severity=75 | SourceName=Motor2 | EventType=application | SourceNode=ns=1;s=MotorSource2
[Anomaly Input] [2026-08-15 16:53:59.922 (UTC)] info/application	[Motor] Distance safe (26.191032145261314); rotating motor to 90 degrees | Severity=75 | SourceName=Motor3 | EventType=application | SourceNode=ns=1;s=MotorSource3
[Anomaly Input] [2026-08-15 16:53:59.972 (UTC)] info/application	[Sensor] Updated distance: 2.014526776976197 cm | Severity=75 | SourceName=Sensor | EventType=application | SourceNode=ns=1;s=SensorSource
[Anomaly Input] [2026-08-15 16:54:00.377 (UTC)] info/application	[Sensor] Updated distance: 35.870743052042435 cm | Severity=75 | SourceName=Sensor2 | EventType=application | SourceNode=ns=1;s=SensorSource2
[Anomaly Input] [2026-08-15 16:54:00.377 (UTC)] info/application	[Sensor] Updated distance: 2.9923471291513866 cm | Severity=75 | SourceName=Sensor3 | EventType=application | SourceNode=ns=1;s=SensorSource3
[Anomaly Input] [2026-08-15 16:54:00.469 (UTC)] info/application	[Motor] Received distance: 2.014526776976197 cm | Severity=75 | SourceName=Motor | EventType=application | SourceNode=ns=1;s=MotorSource
[Anomaly Input] [2026-08-15 16:54:00.469 (UTC)] warn/application	[Motor] Distance too close (2.014526776976197); rotating motor to 0 degrees | Severity=175 | SourceName=Motor | EventType=application | SourceNode=ns=1;s=MotorSource
[Anomaly Input] [2026-08-15 16:54:00.915 (UTC)] info/application	[Motor] Received distance: 2.9923471291513866 cm | Severity=75 | SourceName=Motor3 | EventType=application | SourceNode=ns=1;s=MotorSource3
[Anomaly Input] [2026-08-15 16:54:00.933 (UTC)] info/application	[Motor] Received distance: 35.870743052042435 cm | Severity=75 | SourceName=Motor2 | EventType=application | SourceNode=ns=1;s=MotorSource2
[Anomaly Input] [2026-08-15 16:54:00.915 (UTC)] warn/application	[Motor] Distance too close (2.9923471291513866); rotating motor to 0 degrees | Severity=175 | SourceName=Motor3 | EventType=application | SourceNode=ns=1;s=MotorSource3
[Anomaly Input] [2026-08-15 16:54:00.933 (UTC)] info/application	[Motor] Distance safe (35.870743052042435); rotating motor to 90 degrees | Severity=75 | SourceName=Motor2 | EventType=application | SourceNode=ns=1;s=MotorSource2
[Anomaly Input] [2026-08-15 16:54:00.975 (UTC)] info/application	[Sensor] Updated distance: 31.753797142651766 cm | Severity=75 | SourceName=Sensor | EventType=application | SourceNode=ns=1;s=SensorSource
[Anomaly Input] [2026-08-15 16:54:01.371 (UTC)] info/application	[Sensor] Updated distance: 21.2990019262298 cm | Severity=75 | SourceName=Sensor3 | EventType=application | SourceNode=ns=1;s=SensorSource3
[Anomaly Input] [2026-08-15 16:54:01.371 (UTC)] info/application	[Sensor] Updated distance: 31.267567342737486 cm | Severity=75 | SourceName=Sensor2 | EventType=application | SourceNode=ns=1;s=SensorSource2
[Anomaly Input] [2026-08-15 16:54:01.478 (UTC)] info/application	[Motor] Received distance: 31.753797142651766 cm | Severity=75 | SourceName=Motor | EventType=application | SourceNode=ns=1;s=MotorSource
[Anomaly Input] [2026-08-15 16:54:01.478 (UTC)] info/application	[Motor] Distance safe (31.753797142651766); rotating motor to 90 degrees | Severity=75 | SourceName=Motor | EventType=application | SourceNode=ns=1;s=MotorSource
[Anomaly Input] [2026-08-15 16:54:01.921 (UTC)] info/application	[Motor] Received distance: 31.267567342737486 cm | Severity=75 | SourceName=Motor2 | EventType=application | SourceNode=ns=1;s=MotorSource2
[Anomaly Input] [2026-08-15 16:54:01.922 (UTC)] info/application	[Motor] Received distance: 21.2990019262298 cm | Severity=75 | SourceName=Motor3 | EventType=application | SourceNode=ns=1;s=MotorSource3
[Anomaly Input] [2026-08-15 16:54:01.921 (UTC)] info/application	[Motor] Distance safe (31.267567342737486); rotating motor to 90 degrees | Severity=75 | SourceName=Motor2 | EventType=application | SourceNode=ns=1;s=MotorSource2
[Anomaly Input] [2026-08-15 16:54:01.922 (UTC)] info/application	[Motor] Distance safe (21.2990019262298); rotating motor to 90 degrees | Severity=75 | SourceName=Motor3 | EventType=application | SourceNode=ns=1;s=MotorSource3
[Anomaly Input] [2026-08-15 16:54:01.969 (UTC)] info/application	[Sensor] Updated distance: 48.59527114713344 cm | Severity=75 | SourceName=Sensor | EventType=application | SourceNode=ns=1;s=SensorSource
[Anomaly Input] [2026-08-15 16:54:02.375 (UTC)] info/application	[Sensor] Updated distance: 2.3906827645332935 cm | Severity=75 | SourceName=Sensor2 | EventType=application | SourceNode=ns=1;s=SensorSource2
[Anomaly Input] [2026-08-15 16:54:02.375 (UTC)] info/application	[Sensor] Updated distance: 12.677737971152057 cm | Severity=75 | SourceName=Sensor3 | EventType=application | SourceNode=ns=1;s=SensorSource3
[Anomaly Input] [2026-08-15 16:54:02.476 (UTC)] info/application	[Motor] Received distance: 48.59527114713344 cm | Severity=75 | SourceName=Motor | EventType=application | SourceNode=ns=1;s=MotorSource
[Anomaly Input] [2026-08-15 16:54:02.476 (UTC)] info/application	[Motor] Distance safe (48.59527114713344); rotating motor to 90 degrees | Severity=75 | SourceName=Motor | EventType=application | SourceNode=ns=1;s=MotorSource
[Anomaly Input] [2026-08-15 16:54:02.922 (UTC)] info/application	[Motor] Received distance: 2.3906827645332935 cm | Severity=75 | SourceName=Motor2 | EventType=application | SourceNode=ns=1;s=MotorSource2
[Anomaly Input] [2026-08-15 16:54:02.922 (UTC)] info/application	[Motor] Received distance: 12.677737971152057 cm | Severity=75 | SourceName=Motor3 | EventType=application | SourceNode=ns=1;s=MotorSource3
[Anomaly Input] [2026-08-15 16:54:02.922 (UTC)] warn/application	[Motor] Distance too close (2.3906827645332935); rotating motor to 0 degrees | Severity=175 | SourceName=Motor2 | EventType=application | SourceNode=ns=1;s=MotorSource2
[Anomaly Input] [2026-08-15 16:54:02.922 (UTC)] warn/application	[Motor] Distance too close (12.677737971152057); rotating motor to 0 degrees | Severity=175 | SourceName=Motor3 | EventType=application | SourceNode=ns=1;s=MotorSource3
[Anomaly Input] [2026-08-15 16:54:02.972 (UTC)] info/application	[Sensor] Updated distance: 17.48224985575408 cm | Severity=75 | SourceName=Sensor | EventType=application | SourceNode=ns=1;s=SensorSource
[Anomaly Input] [2026-08-15 16:54:03.377 (UTC)] info/application	[Sensor] Updated distance: 30.31537002153479 cm | Severity=75 | SourceName=Sensor2 | EventType=application | SourceNode=ns=1;s=SensorSource2
[Anomaly Input] [2026-08-15 16:54:03.377 (UTC)] info/application	[Sensor] Updated distance: 28.433749211222747 cm | Severity=75 | SourceName=Sensor3 | EventType=application | SourceNode=ns=1;s=SensorSource3
[Anomaly Input] [2026-08-15 16:54:03.468 (UTC)] info/application	[Motor] Received distance: 17.48224985575408 cm | Severity=75 | SourceName=Motor | EventType=application | SourceNode=ns=1;s=MotorSource
[Anomaly Input] [2026-08-15 16:54:03.468 (UTC)] warn/application	[Motor] Distance too close (17.48224985575408); rotating motor to 0 degrees | Severity=175 | SourceName=Motor | EventType=application | SourceNode=ns=1;s=MotorSource
[Anomaly Input] [2026-08-15 16:54:03.933 (UTC)] info/application	[Motor] Received distance: 30.31537002153479 cm | Severity=75 | SourceName=Motor2 | EventType=application | SourceNode=ns=1;s=MotorSource2
[Anomaly Input] [2026-08-15 16:54:03.933 (UTC)] info/application	[Motor] Received distance: 28.433749211222747 cm | Severity=75 | SourceName=Motor3 | EventType=application | SourceNode=ns=1;s=MotorSource3
[Anomaly Input] [2026-08-15 16:54:03.933 (UTC)] info/application	[Motor] Distance safe (30.31537002153479); rotating motor to 90 degrees | Severity=75 | SourceName=Motor2 | EventType=application | SourceNode=ns=1;s=MotorSource2
[Anomaly Input] [2026-08-15 16:54:03.933 (UTC)] info/application	[Motor] Distance safe (28.433749211222747); rotating motor to 90 degrees | Severity=75 | SourceName=Motor3 | EventType=application | SourceNode=ns=1;s=MotorSource3
[Anomaly Input] [2026-08-15 16:54:03.975 (UTC)] info/application	[Sensor] Updated distance: 36.11464843252424 cm | Severity=75 | SourceName=Sensor | EventType=application | SourceNode=ns=1;s=SensorSource
[Anomaly Input] [2026-08-15 16:54:04.370 (UTC)] info/application	[Sensor] Updated distance: 24.215847390804367 cm | Severity=75 | SourceName=Sensor3 | EventType=application | SourceNode=ns=1;s=SensorSource3
[Anomaly Input] [2026-08-15 16:54:04.370 (UTC)] info/application	[Sensor] Updated distance: 23.245866934417684 cm | Severity=75 | SourceName=Sensor2 | EventType=application | SourceNode=ns=1;s=SensorSource2
[Anomaly Input] [2026-08-15 16:54:04.478 (UTC)] info/application	[Motor] Received distance: 36.11464843252424 cm | Severity=75 | SourceName=Motor | EventType=application | SourceNode=ns=1;s=MotorSource
[Anomaly Input] [2026-08-15 16:54:04.478 (UTC)] info/application	[Motor] Distance safe (36.11464843252424); rotating motor to 90 degrees | Severity=75 | SourceName=Motor | EventType=application | SourceNode=ns=1;s=MotorSource
[Anomaly Input] [2026-08-15 16:54:04.921 (UTC)] info/application	[Motor] Received distance: 23.245866934417684 cm | Severity=75 | SourceName=Motor2 | EventType=application | SourceNode=ns=1;s=MotorSource2
[Anomaly Input] [2026-08-15 16:54:04.921 (UTC)] info/application	[Motor] Received distance: 24.215847390804367 cm | Severity=75 | SourceName=Motor3 | EventType=application | SourceNode=ns=1;s=MotorSource3
[Anomaly Input] [2026-08-15 16:54:04.921 (UTC)] info/application	[Motor] Distance safe (23.245866934417684); rotating motor to 90 degrees | Severity=75 | SourceName=Motor2 | EventType=application | SourceNode=ns=1;s=MotorSource2
[Anomaly Input] [2026-08-15 16:54:04.921 (UTC)] info/application	[Motor] Distance safe (24.215847390804367); rotating motor to 90 degrees | Severity=75 | SourceName=Motor3 | EventType=application | SourceNode=ns=1;s=MotorSource3
[Anomaly Input] [2026-08-15 16:54:04.968 (UTC)] info/application	[Sensor] Updated distance: 31.87016071280006 cm | Severity=75 | SourceName=Sensor | EventType=application | SourceNode=ns=1;s=SensorSource
[Anomaly Input] [2026-08-15 16:54:05.373 (UTC)] info/application	[Sensor] Updated distance: 21.780601786347386 cm | Severity=75 | SourceName=Sensor2 | EventType=application | SourceNode=ns=1;s=SensorSource2
[Anomaly Input] [2026-08-15 16:54:05.373 (UTC)] info/application	[Sensor] Updated distance: 33.63556905073838 cm | Severity=75 | SourceName=Sensor3 | EventType=application | SourceNode=ns=1;s=SensorSource3
[Anomaly Input] [2026-08-15 16:54:05.474 (UTC)] info/application	[Motor] Received distance: 31.87016071280006 cm | Severity=75 | SourceName=Motor | EventType=application | SourceNode=ns=1;s=MotorSource
[Anomaly Input] [2026-08-15 16:54:05.474 (UTC)] info/application	[Motor] Distance safe (31.87016071280006); rotating motor to 90 degrees | Severity=75 | SourceName=Motor | EventType=application | SourceNode=ns=1;s=MotorSource
[Anomaly Input] [2026-08-15 16:54:05.920 (UTC)] info/application	[Motor] Received distance: 33.63556905073838 cm | Severity=75 | SourceName=Motor3 | EventType=application | SourceNode=ns=1;s=MotorSource3
[Anomaly Input] [2026-08-15 16:54:05.920 (UTC)] info/application	[Motor] Received distance: 21.780601786347386 cm | Severity=75 | SourceName=Motor2 | EventType=application | SourceNode=ns=1;s=MotorSource2
[Anomaly Input] [2026-08-15 16:54:05.920 (UTC)] info/application	[Motor] Distance safe (33.63556905073838); rotating motor to 90 degrees | Severity=75 | SourceName=Motor3 | EventType=application | SourceNode=ns=1;s=MotorSource3
[Anomaly Input] [2026-08-15 16:54:05.920 (UTC)] info/application	[Motor] Distance safe (21.780601786347386); rotating motor to 90 degrees | Severity=75 | SourceName=Motor2 | EventType=application | SourceNode=ns=1;s=MotorSource2
[Anomaly Input] [2026-08-15 16:54:05.971 (UTC)] info/application	[Sensor] Updated distance: 18.392265103940044 cm | Severity=75 | SourceName=Sensor | EventType=application | SourceNode=ns=1;s=SensorSource
[Anomaly Input] [2026-08-15 16:54:06.376 (UTC)] info/application	[Sensor] Updated distance: 42.525722023344464 cm | Severity=75 | SourceName=Sensor2 | EventType=application | SourceNode=ns=1;s=SensorSource2
[Anomaly Input] [2026-08-15 16:54:06.376 (UTC)] info/application	[Sensor] Updated distance: 25.71964508654533 cm | Severity=75 | SourceName=Sensor3 | EventType=application | SourceNode=ns=1;s=SensorSource3
[Anomaly Input] [2026-08-15 16:54:06.468 (UTC)] info/application	[Motor] Received distance: 18.392265103940044 cm | Severity=75 | SourceName=Motor | EventType=application | SourceNode=ns=1;s=MotorSource
[Anomaly Input] [2026-08-15 16:54:06.468 (UTC)] warn/application	[Motor] Distance too close (18.392265103940044); rotating motor to 0 degrees | Severity=175 | SourceName=Motor | EventType=application | SourceNode=ns=1;s=MotorSource
[Anomaly Input] [2026-08-15 16:54:06.931 (UTC)] info/application	[Motor] Received distance: 42.525722023344464 cm | Severity=75 | SourceName=Motor2 | EventType=application | SourceNode=ns=1;s=MotorSource2
[Anomaly Input] [2026-08-15 16:54:06.931 (UTC)] info/application	[Motor] Received distance: 25.71964508654533 cm | Severity=75 | SourceName=Motor3 | EventType=application | SourceNode=ns=1;s=MotorSource3
[Anomaly Input] [2026-08-15 16:54:06.931 (UTC)] info/application	[Motor] Distance safe (42.525722023344464); rotating motor to 90 degrees | Severity=75 | SourceName=Motor2 | EventType=application | SourceNode=ns=1;s=MotorSource2
[Anomaly Input] [2026-08-15 16:54:06.931 (UTC)] info/application	[Motor] Distance safe (25.71964508654533); rotating motor to 90 degrees | Severity=75 | SourceName=Motor3 | EventType=application | SourceNode=ns=1;s=MotorSource3
[Anomaly Input] [2026-08-15 16:54:06.974 (UTC)] info/application	[Sensor] Updated distance: 48.42147613988326 cm | Severity=75 | SourceName=Sensor | EventType=application | SourceNode=ns=1;s=SensorSource
[Anomaly Input] [2026-08-15 16:54:07.370 (UTC)] info/application	[Sensor] Updated distance: 9.802988704202225 cm | Severity=75 | SourceName=Sensor3 | EventType=application | SourceNode=ns=1;s=SensorSource3
[Anomaly Input] [2026-08-15 16:54:07.370 (UTC)] info/application	[Sensor] Updated distance: 14.581900937753682 cm | Severity=75 | SourceName=Sensor2 | EventType=application | SourceNode=ns=1;s=SensorSource2
[Anomaly Input] [2026-08-15 16:54:07.478 (UTC)] info/application	[Motor] Received distance: 48.42147613988326 cm | Severity=75 | SourceName=Motor | EventType=application | SourceNode=ns=1;s=MotorSource
[Anomaly Input] [2026-08-15 16:54:07.478 (UTC)] info/application	[Motor] Distance safe (48.42147613988326); rotating motor to 90 degrees | Severity=75 | SourceName=Motor | EventType=application | SourceNode=ns=1;s=MotorSource
[Anomaly Input] [2026-08-15 16:54:07.921 (UTC)] info/application	[Motor] Received distance: 9.802988704202225 cm | Severity=75 | SourceName=Motor3 | EventType=application | SourceNode=ns=1;s=MotorSource3
[Anomaly Input] [2026-08-15 16:54:07.921 (UTC)] info/application	[Motor] Received distance: 14.581900937753682 cm | Severity=75 | SourceName=Motor2 | EventType=application | SourceNode=ns=1;s=MotorSource2
[Anomaly Input] [2026-08-15 16:54:07.921 (UTC)] warn/application	[Motor] Distance too close (9.802988704202225); rotating motor to 0 degrees | Severity=175 | SourceName=Motor3 | EventType=application | SourceNode=ns=1;s=MotorSource3
[Anomaly Input] [2026-08-15 16:54:07.921 (UTC)] warn/application	[Motor] Distance too close (14.581900937753682); rotating motor to 0 degrees | Severity=175 | SourceName=Motor2 | EventType=application | SourceNode=ns=1;s=MotorSource2
[Anomaly Input] [2026-08-15 16:54:07.968 (UTC)] info/application	[Sensor] Updated distance: 5.925430888275351 cm | Severity=75 | SourceName=Sensor | EventType=application | SourceNode=ns=1;s=SensorSource
[Anomaly Input] [2026-08-15 16:54:08.373 (UTC)] info/application	[Sensor] Updated distance: 30.72120462950375 cm | Severity=75 | SourceName=Sensor2 | EventType=application | SourceNode=ns=1;s=SensorSource2
[Anomaly Input] [2026-08-15 16:54:08.373 (UTC)] info/application	[Sensor] Updated distance: 18.290453836457083 cm | Severity=75 | SourceName=Sensor3 | EventType=application | SourceNode=ns=1;s=SensorSource3
[Anomaly Input] [2026-08-15 16:54:08.475 (UTC)] info/application	[Motor] Received distance: 5.925430888275351 cm | Severity=75 | SourceName=Motor | EventType=application | SourceNode=ns=1;s=MotorSource
[Anomaly Input] [2026-08-15 16:54:08.475 (UTC)] warn/application	[Motor] Distance too close (5.925430888275351); rotating motor to 0 degrees | Severity=175 | SourceName=Motor | EventType=application | SourceNode=ns=1;s=MotorSource
[Anomaly Input] [2026-08-15 16:54:08.921 (UTC)] info/application	[Motor] Received distance: 18.290453836457083 cm | Severity=75 | SourceName=Motor3 | EventType=application | SourceNode=ns=1;s=MotorSource3
[Anomaly Input] [2026-08-15 16:54:08.921 (UTC)] info/application	[Motor] Received distance: 30.72120462950375 cm | Severity=75 | SourceName=Motor2 | EventType=application | SourceNode=ns=1;s=MotorSource2
[Anomaly Input] [2026-08-15 16:54:08.921 (UTC)] warn/application	[Motor] Distance too close (18.290453836457083); rotating motor to 0 degrees | Severity=175 | SourceName=Motor3 | EventType=application | SourceNode=ns=1;s=MotorSource3
[Anomaly Input] [2026-08-15 16:54:08.921 (UTC)] info/application	[Motor] Distance safe (30.72120462950375); rotating motor to 90 degrees | Severity=75 | SourceName=Motor2 | EventType=application | SourceNode=ns=1;s=MotorSource2
[Anomaly Input] [2026-08-15 16:54:08.971 (UTC)] info/application	[Sensor] Updated distance: 34.60605257777779 cm | Severity=75 | SourceName=Sensor | EventType=application | SourceNode=ns=1;s=SensorSource
[Anomaly Input] [2026-08-15 16:54:09.377 (UTC)] info/application	[Sensor] Updated distance: 43.90456957086202 cm | Severity=75 | SourceName=Sensor2 | EventType=application | SourceNode=ns=1;s=SensorSource2
[Anomaly Input] [2026-08-15 16:54:09.377 (UTC)] info/application	[Sensor] Updated distance: 2.288306869700694 cm | Severity=75 | SourceName=Sensor3 | EventType=application | SourceNode=ns=1;s=SensorSource3
[Anomaly Input] [2026-08-15 16:54:09.468 (UTC)] info/application	[Motor] Received distance: 34.60605257777779 cm | Severity=75 | SourceName=Motor | EventType=application | SourceNode=ns=1;s=MotorSource
[Anomaly Input] [2026-08-15 16:54:09.468 (UTC)] info/application	[Motor] Distance safe (34.60605257777779); rotating motor to 90 degrees | Severity=75 | SourceName=Motor | EventType=application | SourceNode=ns=1;s=MotorSource
[Anomaly Input] [2026-08-15 16:54:09.915 (UTC)] info/application	[Motor] Received distance: 43.90456957086202 cm | Severity=75 | SourceName=Motor2 | EventType=application | SourceNode=ns=1;s=MotorSource2
[Anomaly Input] [2026-08-15 16:54:09.915 (UTC)] info/application	[Motor] Received distance: 2.288306869700694 cm | Severity=75 | SourceName=Motor3 | EventType=application | SourceNode=ns=1;s=MotorSource3
[Anomaly Input] [2026-08-15 16:54:09.915 (UTC)] info/application	[Motor] Distance safe (43.90456957086202); rotating motor to 90 degrees | Severity=75 | SourceName=Motor2 | EventType=application | SourceNode=ns=1;s=MotorSource2
[Anomaly Input] [2026-08-15 16:54:09.915 (UTC)] warn/application	[Motor] Distance too close (2.288306869700694); rotating motor to 0 degrees | Severity=175 | SourceName=Motor3 | EventType=application | SourceNode=ns=1;s=MotorSource3
[Anomaly Input] [2026-08-15 16:54:09.966 (UTC)] info/application	[Sensor] Updated distance: 27.128995854933276 cm | Severity=75 | SourceName=Sensor | EventType=application | SourceNode=ns=1;s=SensorSource
[Anomaly Input] [2026-08-15 16:54:10.372 (UTC)] info/application	[Sensor] Updated distance: 23.725178713782306 cm | Severity=75 | SourceName=Sensor3 | EventType=application | SourceNode=ns=1;s=SensorSource3
[Anomaly Input] [2026-08-15 16:54:10.372 (UTC)] info/application	[Sensor] Updated distance: 13.838944306522116 cm | Severity=75 | SourceName=Sensor2 | EventType=application | SourceNode=ns=1;s=SensorSource2
[Anomaly Input] [2026-08-15 16:54:10.478 (UTC)] info/application	[Motor] Received distance: 27.128995854933276 cm | Severity=75 | SourceName=Motor | EventType=application | SourceNode=ns=1;s=MotorSource
[Anomaly Input] [2026-08-15 16:54:10.478 (UTC)] info/application	[Motor] Distance safe (27.128995854933276); rotating motor to 90 degrees | Severity=75 | SourceName=Motor | EventType=application | SourceNode=ns=1;s=MotorSource
[Anomaly Input] [2026-08-15 16:54:10.922 (UTC)] info/application	[Motor] Received distance: 13.838944306522116 cm | Severity=75 | SourceName=Motor2 | EventType=application | SourceNode=ns=1;s=MotorSource2
[Anomaly Input] [2026-08-15 16:54:10.922 (UTC)] info/application	[Motor] Received distance: 23.725178713782306 cm | Severity=75 | SourceName=Motor3 | EventType=application | SourceNode=ns=1;s=MotorSource3
[Anomaly Input] [2026-08-15 16:54:10.922 (UTC)] warn/application	[Motor] Distance too close (13.838944306522116); rotating motor to 0 degrees | Severity=175 | SourceName=Motor2 | EventType=application | SourceNode=ns=1;s=MotorSource2
[Anomaly Input] [2026-08-15 16:54:10.922 (UTC)] info/application	[Motor] Distance safe (23.725178713782306); rotating motor to 90 degrees | Severity=75 | SourceName=Motor3 | EventType=application | SourceNode=ns=1;s=MotorSource3
[Anomaly Input] [2026-08-15 16:54:10.970 (UTC)] info/application	[Sensor] Updated distance: 25.935832161426465 cm | Severity=75 | SourceName=Sensor | EventType=application | SourceNode=ns=1;s=SensorSource
[Anomaly Input] [2026-08-15 16:54:11.376 (UTC)] info/application	[Sensor] Updated distance: 48.95407482932977 cm | Severity=75 | SourceName=Sensor2 | EventType=application | SourceNode=ns=1;s=SensorSource2
[Anomaly Input] [2026-08-15 16:54:11.376 (UTC)] info/application	[Sensor] Updated distance: 16.835226900333176 cm | Severity=75 | SourceName=Sensor3 | EventType=application | SourceNode=ns=1;s=SensorSource3
[Anomaly Input] [2026-08-15 16:54:11.471 (UTC)] info/application	[Motor] Received distance: 25.935832161426465 cm | Severity=75 | SourceName=Motor | EventType=application | SourceNode=ns=1;s=MotorSource
[Anomaly Input] [2026-08-15 16:54:11.471 (UTC)] info/application	[Motor] Distance safe (25.935832161426465); rotating motor to 90 degrees | Severity=75 | SourceName=Motor | EventType=application | SourceNode=ns=1;s=MotorSource
[Anomaly Input] [2026-08-15 16:54:11.933 (UTC)] info/application	[Motor] Received distance: 48.95407482932977 cm | Severity=75 | SourceName=Motor2 | EventType=application | SourceNode=ns=1;s=MotorSource2
[Anomaly Input] [2026-08-15 16:54:11.933 (UTC)] info/application	[Motor] Received distance: 16.835226900333176 cm | Severity=75 | SourceName=Motor3 | EventType=application | SourceNode=ns=1;s=MotorSource3
[Anomaly Input] [2026-08-15 16:54:11.933 (UTC)] info/application	[Motor] Distance safe (48.95407482932977); rotating motor to 90 degrees | Severity=75 | SourceName=Motor2 | EventType=application | SourceNode=ns=1;s=MotorSource2
[Anomaly Input] [2026-08-15 16:54:11.933 (UTC)] warn/application	[Motor] Distance too close (16.835226900333176); rotating motor to 0 degrees | Severity=175 | SourceName=Motor3 | EventType=application | SourceNode=ns=1;s=MotorSource3
[Anomaly Input] [2026-08-15 16:54:11.974 (UTC)] info/application	[Sensor] Updated distance: 37.436863729468016 cm | Severity=75 | SourceName=Sensor | EventType=application | SourceNode=ns=1;s=SensorSource
[Anomaly Input] [2026-08-15 16:54:12.369 (UTC)] info/application	[Sensor] Updated distance: 9.762413073220483 cm | Severity=75 | SourceName=Sensor3 | EventType=application | SourceNode=ns=1;s=SensorSource3
[Anomaly Input] [2026-08-15 16:54:12.379 (UTC)] info/application	[Sensor] Updated distance: 31.788083172304592 cm | Severity=75 | SourceName=Sensor2 | EventType=application | SourceNode=ns=1;s=SensorSource2
[Anomaly Input] [2026-08-15 16:54:12.478 (UTC)] info/application	[Motor] Received distance: 37.436863729468016 cm | Severity=75 | SourceName=Motor | EventType=application | SourceNode=ns=1;s=MotorSource
[Anomaly Input] [2026-08-15 16:54:12.478 (UTC)] info/application	[Motor] Distance safe (37.436863729468016); rotating motor to 90 degrees | Severity=75 | SourceName=Motor | EventType=application | SourceNode=ns=1;s=MotorSource
[Anomaly Input] [2026-08-15 16:54:12.921 (UTC)] info/application	[Motor] Received distance: 31.788083172304592 cm | Severity=75 | SourceName=Motor2 | EventType=application | SourceNode=ns=1;s=MotorSource2
[Anomaly Input] [2026-08-15 16:54:12.921 (UTC)] info/application	[Motor] Received distance: 9.762413073220483 cm | Severity=75 | SourceName=Motor3 | EventType=application | SourceNode=ns=1;s=MotorSource3
[Anomaly Input] [2026-08-15 16:54:12.921 (UTC)] info/application	[Motor] Distance safe (31.788083172304592); rotating motor to 90 degrees | Severity=75 | SourceName=Motor2 | EventType=application | SourceNode=ns=1;s=MotorSource2
[Anomaly Input] [2026-08-15 16:54:12.921 (UTC)] warn/application	[Motor] Distance too close (9.762413073220483); rotating motor to 0 degrees | Severity=175 | SourceName=Motor3 | EventType=application | SourceNode=ns=1;s=MotorSource3
[Anomaly Input] [2026-08-15 16:54:12.976 (UTC)] info/application	[Sensor] Updated distance: 9.35895946219515 cm | Severity=75 | SourceName=Sensor | EventType=application | SourceNode=ns=1;s=SensorSource
[Anomaly Input] [2026-08-15 16:54:13.371 (UTC)] info/application	[Sensor] Updated distance: 15.963995165174824 cm | Severity=75 | SourceName=Sensor2 | EventType=application | SourceNode=ns=1;s=SensorSource2
[Anomaly Input] [2026-08-15 16:54:13.371 (UTC)] info/application	[Sensor] Updated distance: 29.953215232097175 cm | Severity=75 | SourceName=Sensor3 | EventType=application | SourceNode=ns=1;s=SensorSource3
[Anomaly Input] [2026-08-15 16:54:13.472 (UTC)] info/application	[Motor] Received distance: 9.35895946219515 cm | Severity=75 | SourceName=Motor | EventType=application | SourceNode=ns=1;s=MotorSource
[Anomaly Input] [2026-08-15 16:54:13.472 (UTC)] warn/application	[Motor] Distance too close (9.35895946219515); rotating motor to 0 degrees | Severity=175 | SourceName=Motor | EventType=application | SourceNode=ns=1;s=MotorSource
[Anomaly Input] [2026-08-15 16:54:13.917 (UTC)] info/application	[Motor] Received distance: 15.963995165174824 cm | Severity=75 | SourceName=Motor2 | EventType=application | SourceNode=ns=1;s=MotorSource2
[Anomaly Input] [2026-08-15 16:54:13.917 (UTC)] info/application	[Motor] Received distance: 29.953215232097175 cm | Severity=75 | SourceName=Motor3 | EventType=application | SourceNode=ns=1;s=MotorSource3
[Anomaly Input] [2026-08-15 16:54:13.917 (UTC)] warn/application	[Motor] Distance too close (15.963995165174824); rotating motor to 0 degrees | Severity=175 | SourceName=Motor2 | EventType=application | SourceNode=ns=1;s=MotorSource2
[Anomaly Input] [2026-08-15 16:54:13.917 (UTC)] info/application	[Motor] Distance safe (29.953215232097175); rotating motor to 90 degrees | Severity=75 | SourceName=Motor3 | EventType=application | SourceNode=ns=1;s=MotorSource3
[Anomaly Input] [2026-08-15 16:54:13.968 (UTC)] info/application	[Sensor] Updated distance: 10.72114622253978 cm | Severity=75 | SourceName=Sensor | EventType=application | SourceNode=ns=1;s=SensorSource
[Anomaly Input] [2026-08-15 16:54:14.373 (UTC)] info/application	[Sensor] Updated distance: 25.112550276849674 cm | Severity=75 | SourceName=Sensor3 | EventType=application | SourceNode=ns=1;s=SensorSource3
[Anomaly Input] [2026-08-15 16:54:14.373 (UTC)] info/application	[Sensor] Updated distance: 26.046577844790452 cm | Severity=75 | SourceName=Sensor2 | EventType=application | SourceNode=ns=1;s=SensorSource2
[Anomaly Input] [2026-08-15 16:54:14.477 (UTC)] info/application	[Motor] Received distance: 10.72114622253978 cm | Severity=75 | SourceName=Motor | EventType=application | SourceNode=ns=1;s=MotorSource
[Anomaly Input] [2026-08-15 16:54:14.477 (UTC)] warn/application	[Motor] Distance too close (10.72114622253978); rotating motor to 0 degrees | Severity=175 | SourceName=Motor | EventType=application | SourceNode=ns=1;s=MotorSource
[Anomaly Input] [2026-08-15 16:54:14.920 (UTC)] info/application	[Motor] Received distance: 26.046577844790452 cm | Severity=75 | SourceName=Motor2 | EventType=application | SourceNode=ns=1;s=MotorSource2
[Anomaly Input] [2026-08-15 16:54:14.920 (UTC)] info/application	[Motor] Received distance: 25.112550276849674 cm | Severity=75 | SourceName=Motor3 | EventType=application | SourceNode=ns=1;s=MotorSource3
[Anomaly Input] [2026-08-15 16:54:14.920 (UTC)] info/application	[Motor] Distance safe (26.046577844790452); rotating motor to 90 degrees | Severity=75 | SourceName=Motor2 | EventType=application | SourceNode=ns=1;s=MotorSource2
[Anomaly Input] [2026-08-15 16:54:14.920 (UTC)] info/application	[Motor] Distance safe (25.112550276849674); rotating motor to 90 degrees | Severity=75 | SourceName=Motor3 | EventType=application | SourceNode=ns=1;s=MotorSource3
[Anomaly Input] [2026-08-15 16:54:14.971 (UTC)] info/application	[Sensor] Updated distance: 28.626003404439427 cm | Severity=75 | SourceName=Sensor | EventType=application | SourceNode=ns=1;s=SensorSource
[Anomaly Input] [2026-08-15 16:54:15.375 (UTC)] info/application	[Sensor] Updated distance: 17.83397632829564 cm | Severity=75 | SourceName=Sensor2 | EventType=application | SourceNode=ns=1;s=SensorSource2
[Anomaly Input] [2026-08-15 16:54:15.375 (UTC)] info/application	[Sensor] Updated distance: 44.00113269407355 cm | Severity=75 | SourceName=Sensor3 | EventType=application | SourceNode=ns=1;s=SensorSource3
[Anomaly Input] [2026-08-15 16:54:15.469 (UTC)] info/application	[Motor] Received distance: 28.626003404439427 cm | Severity=75 | SourceName=Motor | EventType=application | SourceNode=ns=1;s=MotorSource
[Anomaly Input] [2026-08-15 16:54:15.469 (UTC)] info/application	[Motor] Distance safe (28.626003404439427); rotating motor to 90 degrees | Severity=75 | SourceName=Motor | EventType=application | SourceNode=ns=1;s=MotorSource
[Anomaly Input] [2026-08-15 16:54:15.923 (UTC)] info/application	[Motor] Received distance: 44.00113269407355 cm | Severity=75 | SourceName=Motor3 | EventType=application | SourceNode=ns=1;s=MotorSource3
[Anomaly Input] [2026-08-15 16:54:15.931 (UTC)] info/application	[Motor] Received distance: 17.83397632829564 cm | Severity=75 | SourceName=Motor2 | EventType=application | SourceNode=ns=1;s=MotorSource2
[Anomaly Input] [2026-08-15 16:54:15.923 (UTC)] info/application	[Motor] Distance safe (44.00113269407355); rotating motor to 90 degrees | Severity=75 | SourceName=Motor3 | EventType=application | SourceNode=ns=1;s=MotorSource3
[Anomaly Input] [2026-08-15 16:54:15.931 (UTC)] warn/application	[Motor] Distance too close (17.83397632829564); rotating motor to 0 degrees | Severity=175 | SourceName=Motor2 | EventType=application | SourceNode=ns=1;s=MotorSource2
[Anomaly Input] [2026-08-15 16:54:15.973 (UTC)] info/application	[Sensor] Updated distance: 18.20713689187874 cm | Severity=75 | SourceName=Sensor | EventType=application | SourceNode=ns=1;s=SensorSource
[Anomaly Input] [2026-08-15 16:54:16.368 (UTC)] info/application	[Sensor] Updated distance: 41.176626767579755 cm | Severity=75 | SourceName=Sensor3 | EventType=application | SourceNode=ns=1;s=SensorSource3
[Anomaly Input] [2026-08-15 16:54:16.378 (UTC)] info/application	[Sensor] Updated distance: 37.09901435817546 cm | Severity=75 | SourceName=Sensor2 | EventType=application | SourceNode=ns=1;s=SensorSource2
[Anomaly Input] [2026-08-15 16:54:16.477 (UTC)] info/application	[Motor] Received distance: 18.20713689187874 cm | Severity=75 | SourceName=Motor | EventType=application | SourceNode=ns=1;s=MotorSource
[Anomaly Input] [2026-08-15 16:54:16.477 (UTC)] warn/application	[Motor] Distance too close (18.20713689187874); rotating motor to 0 degrees | Severity=175 | SourceName=Motor | EventType=application | SourceNode=ns=1;s=MotorSource
[Anomaly Input] [2026-08-15 16:54:16.924 (UTC)] info/application	[Motor] Received distance: 37.09901435817546 cm | Severity=75 | SourceName=Motor2 | EventType=application | SourceNode=ns=1;s=MotorSource2
[Anomaly Input] [2026-08-15 16:54:16.933 (UTC)] info/application	[Motor] Received distance: 41.176626767579755 cm | Severity=75 | SourceName=Motor3 | EventType=application | SourceNode=ns=1;s=MotorSource3
[Anomaly Input] [2026-08-15 16:54:16.924 (UTC)] info/application	[Motor] Distance safe (37.09901435817546); rotating motor to 90 degrees | Severity=75 | SourceName=Motor2 | EventType=application | SourceNode=ns=1;s=MotorSource2
[Anomaly Input] [2026-08-15 16:54:16.933 (UTC)] info/application	[Motor] Distance safe (41.176626767579755); rotating motor to 90 degrees | Severity=75 | SourceName=Motor3 | EventType=application | SourceNode=ns=1;s=MotorSource3
[Anomaly Input] [2026-08-15 16:54:16.975 (UTC)] info/application	[Sensor] Updated distance: 35.464046292688714 cm | Severity=75 | SourceName=Sensor | EventType=application | SourceNode=ns=1;s=SensorSource
[Anomaly Input] [2026-08-15 16:54:17.369 (UTC)] info/application	[Sensor] Updated distance: 39.16566536816101 cm | Severity=75 | SourceName=Sensor3 | EventType=application | SourceNode=ns=1;s=SensorSource3
[Anomaly Input] [2026-08-15 16:54:17.379 (UTC)] info/application	[Sensor] Updated distance: 39.15863780172478 cm | Severity=75 | SourceName=Sensor2 | EventType=application | SourceNode=ns=1;s=SensorSource2
[Anomaly Input] [2026-08-15 16:54:17.470 (UTC)] info/application	[Motor] Received distance: 35.464046292688714 cm | Severity=75 | SourceName=Motor | EventType=application | SourceNode=ns=1;s=MotorSource
[Anomaly Input] [2026-08-15 16:54:17.470 (UTC)] info/application	[Motor] Distance safe (35.464046292688714); rotating motor to 90 degrees | Severity=75 | SourceName=Motor | EventType=application | SourceNode=ns=1;s=MotorSource
[Anomaly Input] [2026-08-15 16:54:17.916 (UTC)] info/application	[Motor] Received distance: 39.15863780172478 cm | Severity=75 | SourceName=Motor2 | EventType=application | SourceNode=ns=1;s=MotorSource2
[Anomaly Input] [2026-08-15 16:54:17.922 (UTC)] info/application	[Motor] Received distance: 39.16566536816101 cm | Severity=75 | SourceName=Motor3 | EventType=application | SourceNode=ns=1;s=MotorSource3
[Anomaly Input] [2026-08-15 16:54:17.916 (UTC)] info/application	[Motor] Distance safe (39.15863780172478); rotating motor to 90 degrees | Severity=75 | SourceName=Motor2 | EventType=application | SourceNode=ns=1;s=MotorSource2
[Anomaly Input] [2026-08-15 16:54:17.922 (UTC)] info/application	[Motor] Distance safe (39.16566536816101); rotating motor to 90 degrees | Severity=75 | SourceName=Motor3 | EventType=application | SourceNode=ns=1;s=MotorSource3
[Anomaly Input] [2026-08-15 16:54:17.966 (UTC)] info/application	[Sensor] Updated distance: 3.5449301086109735 cm | Severity=75 | SourceName=Sensor | EventType=application | SourceNode=ns=1;s=SensorSource
[Anomaly Input] [2026-08-15 16:54:18.371 (UTC)] info/application	[Sensor] Updated distance: 11.0830698055602 cm | Severity=75 | SourceName=Sensor2 | EventType=application | SourceNode=ns=1;s=SensorSource2
[Anomaly Input] [2026-08-15 16:54:18.371 (UTC)] info/application	[Sensor] Updated distance: 29.997577404602232 cm | Severity=75 | SourceName=Sensor3 | EventType=application | SourceNode=ns=1;s=SensorSource3
[Anomaly Input] [2026-08-15 16:54:18.477 (UTC)] info/application	[Motor] Received distance: 3.5449301086109735 cm | Severity=75 | SourceName=Motor | EventType=application | SourceNode=ns=1;s=MotorSource
[Anomaly Input] [2026-08-15 16:54:18.477 (UTC)] warn/application	[Motor] Distance too close (3.5449301086109735); rotating motor to 0 degrees | Severity=175 | SourceName=Motor | EventType=application | SourceNode=ns=1;s=MotorSource
[Anomaly Input] [2026-08-15 16:54:18.918 (UTC)] info/application	[Motor] Received distance: 29.997577404602232 cm | Severity=75 | SourceName=Motor3 | EventType=application | SourceNode=ns=1;s=MotorSource3
[Anomaly Input] [2026-08-15 16:54:18.920 (UTC)] info/application	[Motor] Received distance: 11.0830698055602 cm | Severity=75 | SourceName=Motor2 | EventType=application | SourceNode=ns=1;s=MotorSource2
[Anomaly Input] [2026-08-15 16:54:18.918 (UTC)] info/application	[Motor] Distance safe (29.997577404602232); rotating motor to 90 degrees | Severity=75 | SourceName=Motor3 | EventType=application | SourceNode=ns=1;s=MotorSource3
[Anomaly Input] [2026-08-15 16:54:18.920 (UTC)] warn/application	[Motor] Distance too close (11.0830698055602); rotating motor to 0 degrees | Severity=175 | SourceName=Motor2 | EventType=application | SourceNode=ns=1;s=MotorSource2
[Anomaly Input] [2026-08-15 16:54:18.968 (UTC)] info/application	[Sensor] Updated distance: 43.72103673672352 cm | Severity=75 | SourceName=Sensor | EventType=application | SourceNode=ns=1;s=SensorSource
[Anomaly Input] [2026-08-15 16:54:19.373 (UTC)] info/application	[Sensor] Updated distance: 30.460158815821703 cm | Severity=75 | SourceName=Sensor3 | EventType=application | SourceNode=ns=1;s=SensorSource3
[Anomaly Input] [2026-08-15 16:54:19.373 (UTC)] info/application	[Sensor] Updated distance: 12.907524516297283 cm | Severity=75 | SourceName=Sensor2 | EventType=application | SourceNode=ns=1;s=SensorSource2
[Anomaly Input] [2026-08-15 16:54:19.474 (UTC)] info/application	[Motor] Received distance: 43.72103673672352 cm | Severity=75 | SourceName=Motor | EventType=application | SourceNode=ns=1;s=MotorSource
[Anomaly Input] [2026-08-15 16:54:19.474 (UTC)] info/application	[Motor] Distance safe (43.72103673672352); rotating motor to 90 degrees | Severity=75 | SourceName=Motor | EventType=application | SourceNode=ns=1;s=MotorSource
[Anomaly Input] [2026-08-15 16:54:19.921 (UTC)] info/application	[Motor] Received distance: 30.460158815821703 cm | Severity=75 | SourceName=Motor3 | EventType=application | SourceNode=ns=1;s=MotorSource3
[Anomaly Input] [2026-08-15 16:54:19.930 (UTC)] info/application	[Motor] Received distance: 12.907524516297283 cm | Severity=75 | SourceName=Motor2 | EventType=application | SourceNode=ns=1;s=MotorSource2
[Anomaly Input] [2026-08-15 16:54:19.921 (UTC)] info/application	[Motor] Distance safe (30.460158815821703); rotating motor to 90 degrees | Severity=75 | SourceName=Motor3 | EventType=application | SourceNode=ns=1;s=MotorSource3
[Anomaly Input] [2026-08-15 16:54:19.930 (UTC)] warn/application	[Motor] Distance too close (12.907524516297283); rotating motor to 0 degrees | Severity=175 | SourceName=Motor2 | EventType=application | SourceNode=ns=1;s=MotorSource2
[Anomaly Input] [2026-08-15 16:54:19.970 (UTC)] info/application	[Sensor] Updated distance: 48.92848628709488 cm | Severity=75 | SourceName=Sensor | EventType=application | SourceNode=ns=1;s=SensorSource
[Anomaly Input] [2026-08-15 16:54:20.375 (UTC)] info/application	[Sensor] Updated distance: 21.369954289575084 cm | Severity=75 | SourceName=Sensor3 | EventType=application | SourceNode=ns=1;s=SensorSource3
[Anomaly Input] [2026-08-15 16:54:20.375 (UTC)] info/application	[Sensor] Updated distance: 12.916436714546958 cm | Severity=75 | SourceName=Sensor2 | EventType=application | SourceNode=ns=1;s=SensorSource2
[Anomaly Input] [2026-08-15 16:54:20.477 (UTC)] info/application	[Motor] Received distance: 48.92848628709488 cm | Severity=75 | SourceName=Motor | EventType=application | SourceNode=ns=1;s=MotorSource
[Anomaly Input] [2026-08-15 16:54:20.477 (UTC)] info/application	[Motor] Distance safe (48.92848628709488); rotating motor to 90 degrees | Severity=75 | SourceName=Motor | EventType=application | SourceNode=ns=1;s=MotorSource
[Anomaly Input] [2026-08-15 16:54:20.921 (UTC)] info/application	[Motor] Received distance: 12.916436714546958 cm | Severity=75 | SourceName=Motor2 | EventType=application | SourceNode=ns=1;s=MotorSource2
[Anomaly Input] [2026-08-15 16:54:20.931 (UTC)] info/application	[Motor] Received distance: 21.369954289575084 cm | Severity=75 | SourceName=Motor3 | EventType=application | SourceNode=ns=1;s=MotorSource3
[Anomaly Input] [2026-08-15 16:54:20.921 (UTC)] warn/application	[Motor] Distance too close (12.916436714546958); rotating motor to 0 degrees | Severity=175 | SourceName=Motor2 | EventType=application | SourceNode=ns=1;s=MotorSource2
[Anomaly Input] [2026-08-15 16:54:20.931 (UTC)] info/application	[Motor] Distance safe (21.369954289575084); rotating motor to 90 degrees | Severity=75 | SourceName=Motor3 | EventType=application | SourceNode=ns=1;s=MotorSource3
[Anomaly Input] [2026-08-15 16:54:20.971 (UTC)] info/application	[Sensor] Updated distance: 4.18263294649433 cm | Severity=75 | SourceName=Sensor | EventType=application | SourceNode=ns=1;s=SensorSource
[Anomaly Input] [2026-08-15 16:54:21.377 (UTC)] info/application	[Sensor] Updated distance: 22.38492404128654 cm | Severity=75 | SourceName=Sensor3 | EventType=application | SourceNode=ns=1;s=SensorSource3
[Anomaly Input] [2026-08-15 16:54:21.377 (UTC)] info/application	[Sensor] Updated distance: 27.885881778730955 cm | Severity=75 | SourceName=Sensor2 | EventType=application | SourceNode=ns=1;s=SensorSource2
[Anomaly Input] [2026-08-15 16:54:21.468 (UTC)] info/application	[Motor] Received distance: 4.18263294649433 cm | Severity=75 | SourceName=Motor | EventType=application | SourceNode=ns=1;s=MotorSource
[Anomaly Input] [2026-08-15 16:54:21.468 (UTC)] warn/application	[Motor] Distance too close (4.18263294649433); rotating motor to 0 degrees | Severity=175 | SourceName=Motor | EventType=application | SourceNode=ns=1;s=MotorSource
[Anomaly Input] [2026-08-15 16:54:21.924 (UTC)] info/application	[Motor] Received distance: 22.38492404128654 cm | Severity=75 | SourceName=Motor3 | EventType=application | SourceNode=ns=1;s=MotorSource3
[Anomaly Input] [2026-08-15 16:54:21.932 (UTC)] info/application	[Motor] Received distance: 27.885881778730955 cm | Severity=75 | SourceName=Motor2 | EventType=application | SourceNode=ns=1;s=MotorSource2
[Anomaly Input] [2026-08-15 16:54:21.924 (UTC)] info/application	[Motor] Distance safe (22.38492404128654); rotating motor to 90 degrees | Severity=75 | SourceName=Motor3 | EventType=application | SourceNode=ns=1;s=MotorSource3
[Anomaly Input] [2026-08-15 16:54:21.932 (UTC)] info/application	[Motor] Distance safe (27.885881778730955); rotating motor to 90 degrees | Severity=75 | SourceName=Motor2 | EventType=application | SourceNode=ns=1;s=MotorSource2
[Anomaly Input] [2026-08-15 16:54:21.974 (UTC)] info/application	[Sensor] Updated distance: 44.50953287375603 cm | Severity=75 | SourceName=Sensor | EventType=application | SourceNode=ns=1;s=SensorSource
[Anomaly Input] [2026-08-15 16:54:22.369 (UTC)] info/application	[Sensor] Updated distance: 45.7296206484221 cm | Severity=75 | SourceName=Sensor3 | EventType=application | SourceNode=ns=1;s=SensorSource3
[Anomaly Input] [2026-08-15 16:54:22.379 (UTC)] info/application	[Sensor] Updated distance: 30.38184385578234 cm | Severity=75 | SourceName=Sensor2 | EventType=application | SourceNode=ns=1;s=SensorSource2
[Anomaly Input] [2026-08-15 16:54:22.477 (UTC)] info/application	[Motor] Received distance: 44.50953287375603 cm | Severity=75 | SourceName=Motor | EventType=application | SourceNode=ns=1;s=MotorSource
[Anomaly Input] [2026-08-15 16:54:22.477 (UTC)] info/application	[Motor] Distance safe (44.50953287375603); rotating motor to 90 degrees | Severity=75 | SourceName=Motor | EventType=application | SourceNode=ns=1;s=MotorSource
[Anomaly Input] [2026-08-15 16:54:22.915 (UTC)] info/application	[Motor] Received distance: 45.7296206484221 cm | Severity=75 | SourceName=Motor3 | EventType=application | SourceNode=ns=1;s=MotorSource3
[Anomaly Input] [2026-08-15 16:54:22.920 (UTC)] info/application	[Motor] Received distance: 30.38184385578234 cm | Severity=75 | SourceName=Motor2 | EventType=application | SourceNode=ns=1;s=MotorSource2
[Anomaly Input] [2026-08-15 16:54:22.915 (UTC)] info/application	[Motor] Distance safe (45.7296206484221); rotating motor to 90 degrees | Severity=75 | SourceName=Motor3 | EventType=application | SourceNode=ns=1;s=MotorSource3
[Anomaly Input] [2026-08-15 16:54:22.920 (UTC)] info/application	[Motor] Distance safe (30.38184385578234); rotating motor to 90 degrees | Severity=75 | SourceName=Motor2 | EventType=application | SourceNode=ns=1;s=MotorSource2
[Anomaly Input] [2026-08-15 16:54:22.976 (UTC)] info/application	[Sensor] Updated distance: 4.798385077527904 cm | Severity=75 | SourceName=Sensor | EventType=application | SourceNode=ns=1;s=SensorSource
[Anomaly Input] [2026-08-15 16:54:23.370 (UTC)] info/application	[Sensor] Updated distance: 23.336123111348655 cm | Severity=75 | SourceName=Sensor3 | EventType=application | SourceNode=ns=1;s=SensorSource3
[Anomaly Input] [2026-08-15 16:54:23.370 (UTC)] info/application	[Sensor] Updated distance: 6.414433175890908 cm | Severity=75 | SourceName=Sensor2 | EventType=application | SourceNode=ns=1;s=SensorSource2
[Anomaly Input] [2026-08-15 16:54:23.471 (UTC)] info/application	[Motor] Received distance: 4.798385077527904 cm | Severity=75 | SourceName=Motor | EventType=application | SourceNode=ns=1;s=MotorSource
[Anomaly Input] [2026-08-15 16:54:23.471 (UTC)] warn/application	[Motor] Distance too close (4.798385077527904); rotating motor to 0 degrees | Severity=175 | SourceName=Motor | EventType=application | SourceNode=ns=1;s=MotorSource
[Anomaly Input] [2026-08-15 16:54:23.917 (UTC)] info/application	[Motor] Received distance: 6.414433175890908 cm | Severity=75 | SourceName=Motor2 | EventType=application | SourceNode=ns=1;s=MotorSource2
[Anomaly Input] [2026-08-15 16:54:23.921 (UTC)] info/application	[Motor] Received distance: 23.336123111348655 cm | Severity=75 | SourceName=Motor3 | EventType=application | SourceNode=ns=1;s=MotorSource3
[Anomaly Input] [2026-08-15 16:54:23.917 (UTC)] warn/application	[Motor] Distance too close (6.414433175890908); rotating motor to 0 degrees | Severity=175 | SourceName=Motor2 | EventType=application | SourceNode=ns=1;s=MotorSource2
[Anomaly Input] [2026-08-15 16:54:23.921 (UTC)] info/application	[Motor] Distance safe (23.336123111348655); rotating motor to 90 degrees | Severity=75 | SourceName=Motor3 | EventType=application | SourceNode=ns=1;s=MotorSource3
[Anomaly Input] [2026-08-15 16:54:23.967 (UTC)] info/application	[Sensor] Updated distance: 12.262978849123687 cm | Severity=75 | SourceName=Sensor | EventType=application | SourceNode=ns=1;s=SensorSource
[Anomaly Input] [2026-08-15 16:54:24.372 (UTC)] info/application	[Sensor] Updated distance: 3.550243385858016 cm | Severity=75 | SourceName=Sensor3 | EventType=application | SourceNode=ns=1;s=SensorSource3
[Anomaly Input] [2026-08-15 16:54:24.372 (UTC)] info/application	[Sensor] Updated distance: 2.513191029668409 cm | Severity=75 | SourceName=Sensor2 | EventType=application | SourceNode=ns=1;s=SensorSource2
[Anomaly Input] [2026-08-15 16:54:24.478 (UTC)] info/application	[Motor] Received distance: 12.262978849123687 cm | Severity=75 | SourceName=Motor | EventType=application | SourceNode=ns=1;s=MotorSource
[Anomaly Input] [2026-08-15 16:54:24.478 (UTC)] warn/application	[Motor] Distance too close (12.262978849123687); rotating motor to 0 degrees | Severity=175 | SourceName=Motor | EventType=application | SourceNode=ns=1;s=MotorSource
[Anomaly Input] [2026-08-15 16:54:24.919 (UTC)] info/application	[Motor] Received distance: 3.550243385858016 cm | Severity=75 | SourceName=Motor3 | EventType=application | SourceNode=ns=1;s=MotorSource3
[Anomaly Input] [2026-08-15 16:54:24.921 (UTC)] info/application	[Motor] Received distance: 2.513191029668409 cm | Severity=75 | SourceName=Motor2 | EventType=application | SourceNode=ns=1;s=MotorSource2
[Anomaly Input] [2026-08-15 16:54:24.919 (UTC)] warn/application	[Motor] Distance too close (3.550243385858016); rotating motor to 0 degrees | Severity=175 | SourceName=Motor3 | EventType=application | SourceNode=ns=1;s=MotorSource3
[Anomaly Input] [2026-08-15 16:54:24.921 (UTC)] warn/application	[Motor] Distance too close (2.513191029668409); rotating motor to 0 degrees | Severity=175 | SourceName=Motor2 | EventType=application | SourceNode=ns=1;s=MotorSource2
[Anomaly Input] [2026-08-15 16:54:24.969 (UTC)] info/application	[Sensor] Updated distance: 14.836095316724895 cm | Severity=75 | SourceName=Sensor | EventType=application | SourceNode=ns=1;s=SensorSource
[Anomaly Input] [2026-08-15 16:54:25.374 (UTC)] info/application	[Sensor] Updated distance: 6.157948235123394 cm | Severity=75 | SourceName=Sensor2 | EventType=application | SourceNode=ns=1;s=SensorSource2
[Anomaly Input] [2026-08-15 16:54:25.374 (UTC)] info/application	[Sensor] Updated distance: 34.34072137639891 cm | Severity=75 | SourceName=Sensor3 | EventType=application | SourceNode=ns=1;s=SensorSource3
[Anomaly Input] [2026-08-15 16:54:25.476 (UTC)] info/application	[Motor] Received distance: 14.836095316724895 cm | Severity=75 | SourceName=Motor | EventType=application | SourceNode=ns=1;s=MotorSource
[Anomaly Input] [2026-08-15 16:54:25.476 (UTC)] warn/application	[Motor] Distance too close (14.836095316724895); rotating motor to 0 degrees | Severity=175 | SourceName=Motor | EventType=application | SourceNode=ns=1;s=MotorSource
[Anomaly Input] [2026-08-15 16:54:25.921 (UTC)] info/application	[Motor] Received distance: 6.157948235123394 cm | Severity=75 | SourceName=Motor2 | EventType=application | SourceNode=ns=1;s=MotorSource2
[Anomaly Input] [2026-08-15 16:54:25.921 (UTC)] info/application	[Motor] Received distance: 34.34072137639891 cm | Severity=75 | SourceName=Motor3 | EventType=application | SourceNode=ns=1;s=MotorSource3
[Anomaly Input] [2026-08-15 16:54:25.921 (UTC)] warn/application	[Motor] Distance too close (6.157948235123394); rotating motor to 0 degrees | Severity=175 | SourceName=Motor2 | EventType=application | SourceNode=ns=1;s=MotorSource2
[Anomaly Input] [2026-08-15 16:54:25.921 (UTC)] info/application	[Motor] Distance safe (34.34072137639891); rotating motor to 90 degrees | Severity=75 | SourceName=Motor3 | EventType=application | SourceNode=ns=1;s=MotorSource3
[Anomaly Input] [2026-08-15 16:54:25.971 (UTC)] info/application	[Sensor] Updated distance: 4.775293247203945 cm | Severity=75 | SourceName=Sensor | EventType=application | SourceNode=ns=1;s=SensorSource
[Anomaly Input] [2026-08-15 16:54:26.376 (UTC)] info/application	[Sensor] Updated distance: 44.107466300068175 cm | Severity=75 | SourceName=Sensor3 | EventType=application | SourceNode=ns=1;s=SensorSource3
[Anomaly Input] [2026-08-15 16:54:26.376 (UTC)] info/application	[Sensor] Updated distance: 10.859569687796556 cm | Severity=75 | SourceName=Sensor2 | EventType=application | SourceNode=ns=1;s=SensorSource2
[Anomaly Input] [2026-08-15 16:54:26.468 (UTC)] info/application	[Motor] Received distance: 4.775293247203945 cm | Severity=75 | SourceName=Motor | EventType=application | SourceNode=ns=1;s=MotorSource
[Anomaly Input] [2026-08-15 16:54:26.468 (UTC)] warn/application	[Motor] Distance too close (4.775293247203945); rotating motor to 0 degrees | Severity=175 | SourceName=Motor | EventType=application | SourceNode=ns=1;s=MotorSource
[Anomaly Input] [2026-08-15 16:54:26.931 (UTC)] info/application	[Motor] Received distance: 44.107466300068175 cm | Severity=75 | SourceName=Motor3 | EventType=application | SourceNode=ns=1;s=MotorSource3
[Anomaly Input] [2026-08-15 16:54:26.931 (UTC)] info/application	[Motor] Received distance: 10.859569687796556 cm | Severity=75 | SourceName=Motor2 | EventType=application | SourceNode=ns=1;s=MotorSource2
[Anomaly Input] [2026-08-15 16:54:26.931 (UTC)] info/application	[Motor] Distance safe (44.107466300068175); rotating motor to 90 degrees | Severity=75 | SourceName=Motor3 | EventType=application | SourceNode=ns=1;s=MotorSource3
[Anomaly Input] [2026-08-15 16:54:26.931 (UTC)] warn/application	[Motor] Distance too close (10.859569687796556); rotating motor to 0 degrees | Severity=175 | SourceName=Motor2 | EventType=application | SourceNode=ns=1;s=MotorSource2
[Anomaly Input] [2026-08-15 16:54:26.973 (UTC)] info/application	[Sensor] Updated distance: 33.29205125537331 cm | Severity=75 | SourceName=Sensor | EventType=application | SourceNode=ns=1;s=SensorSource
[Anomaly Input] [2026-08-15 16:54:27.367 (UTC)] info/application	[Sensor] Updated distance: 9.680414412021829 cm | Severity=75 | SourceName=Sensor3 | EventType=application | SourceNode=ns=1;s=SensorSource3
[Anomaly Input] [2026-08-15 16:54:27.378 (UTC)] info/application	[Sensor] Updated distance: 46.57221700836541 cm | Severity=75 | SourceName=Sensor2 | EventType=application | SourceNode=ns=1;s=SensorSource2
[Anomaly Input] [2026-08-15 16:54:27.477 (UTC)] info/application	[Motor] Received distance: 33.29205125537331 cm | Severity=75 | SourceName=Motor | EventType=application | SourceNode=ns=1;s=MotorSource
[Anomaly Input] [2026-08-15 16:54:27.477 (UTC)] info/application	[Motor] Distance safe (33.29205125537331); rotating motor to 90 degrees | Severity=75 | SourceName=Motor | EventType=application | SourceNode=ns=1;s=MotorSource
[Anomaly Input] [2026-08-15 16:54:27.924 (UTC)] info/application	[Motor] Received distance: 46.57221700836541 cm | Severity=75 | SourceName=Motor2 | EventType=application | SourceNode=ns=1;s=MotorSource2
[Anomaly Input] [2026-08-15 16:54:27.924 (UTC)] info/application	[Motor] Received distance: 9.680414412021829 cm | Severity=75 | SourceName=Motor3 | EventType=application | SourceNode=ns=1;s=MotorSource3
[Anomaly Input] [2026-08-15 16:54:27.924 (UTC)] warn/application	[Motor] Distance too close (9.680414412021829); rotating motor to 0 degrees | Severity=175 | SourceName=Motor3 | EventType=application | SourceNode=ns=1;s=MotorSource3
[Anomaly Input] [2026-08-15 16:54:27.924 (UTC)] info/application	[Motor] Distance safe (46.57221700836541); rotating motor to 90 degrees | Severity=75 | SourceName=Motor2 | EventType=application | SourceNode=ns=1;s=MotorSource2
[Anomaly Input] [2026-08-15 16:54:27.975 (UTC)] info/application	[Sensor] Updated distance: 9.700555141875778 cm | Severity=75 | SourceName=Sensor | EventType=application | SourceNode=ns=1;s=SensorSource
[Anomaly Input] [2026-08-15 16:54:28.370 (UTC)] info/application	[Sensor] Updated distance: 35.19031177516575 cm | Severity=75 | SourceName=Sensor3 | EventType=application | SourceNode=ns=1;s=SensorSource3
[Anomaly Input] [2026-08-15 16:54:28.380 (UTC)] info/application	[Sensor] Updated distance: 23.95363977828698 cm | Severity=75 | SourceName=Sensor2 | EventType=application | SourceNode=ns=1;s=SensorSource2
[Anomaly Input] [2026-08-15 16:54:28.471 (UTC)] info/application	[Motor] Received distance: 9.700555141875778 cm | Severity=75 | SourceName=Motor | EventType=application | SourceNode=ns=1;s=MotorSource
[Anomaly Input] [2026-08-15 16:54:28.471 (UTC)] warn/application	[Motor] Distance too close (9.700555141875778); rotating motor to 0 degrees | Severity=175 | SourceName=Motor | EventType=application | SourceNode=ns=1;s=MotorSource
[Anomaly Input] [2026-08-15 16:54:28.916 (UTC)] info/application	[Motor] Received distance: 35.19031177516575 cm | Severity=75 | SourceName=Motor3 | EventType=application | SourceNode=ns=1;s=MotorSource3
[Anomaly Input] [2026-08-15 16:54:28.916 (UTC)] info/application	[Motor] Received distance: 23.95363977828698 cm | Severity=75 | SourceName=Motor2 | EventType=application | SourceNode=ns=1;s=MotorSource2
[Anomaly Input] [2026-08-15 16:54:28.916 (UTC)] info/application	[Motor] Distance safe (23.95363977828698); rotating motor to 90 degrees | Severity=75 | SourceName=Motor2 | EventType=application | SourceNode=ns=1;s=MotorSource2
[Anomaly Input] [2026-08-15 16:54:28.916 (UTC)] info/application	[Motor] Distance safe (35.19031177516575); rotating motor to 90 degrees | Severity=75 | SourceName=Motor3 | EventType=application | SourceNode=ns=1;s=MotorSource3
[Anomaly Input] [2026-08-15 16:54:28.967 (UTC)] info/application	[Sensor] Updated distance: 19.353746042285927 cm | Severity=75 | SourceName=Sensor | EventType=application | SourceNode=ns=1;s=SensorSource
[Anomaly Input] [2026-08-15 16:54:29.371 (UTC)] info/application	[Sensor] Updated distance: 17.079784214068102 cm | Severity=75 | SourceName=Sensor2 | EventType=application | SourceNode=ns=1;s=SensorSource2
[Anomaly Input] [2026-08-15 16:54:29.371 (UTC)] info/application	[Sensor] Updated distance: 36.2893300439647 cm | Severity=75 | SourceName=Sensor3 | EventType=application | SourceNode=ns=1;s=SensorSource3
[Anomaly Input] [2026-08-15 16:54:29.477 (UTC)] info/application	[Motor] Received distance: 19.353746042285927 cm | Severity=75 | SourceName=Motor | EventType=application | SourceNode=ns=1;s=MotorSource
[Anomaly Input] [2026-08-15 16:54:29.477 (UTC)] warn/application	[Motor] Distance too close (19.353746042285927); rotating motor to 0 degrees | Severity=175 | SourceName=Motor | EventType=application | SourceNode=ns=1;s=MotorSource
[Anomaly Input] [2026-08-15 16:54:29.921 (UTC)] info/application	[Motor] Received distance: 17.079784214068102 cm | Severity=75 | SourceName=Motor2 | EventType=application | SourceNode=ns=1;s=MotorSource2
[Anomaly Input] [2026-08-15 16:54:29.922 (UTC)] info/application	[Motor] Received distance: 36.2893300439647 cm | Severity=75 | SourceName=Motor3 | EventType=application | SourceNode=ns=1;s=MotorSource3
[Anomaly Input] [2026-08-15 16:54:29.921 (UTC)] warn/application	[Motor] Distance too close (17.079784214068102); rotating motor to 0 degrees | Severity=175 | SourceName=Motor2 | EventType=application | SourceNode=ns=1;s=MotorSource2
[Anomaly Input] [2026-08-15 16:54:29.922 (UTC)] info/application	[Motor] Distance safe (36.2893300439647); rotating motor to 90 degrees | Severity=75 | SourceName=Motor3 | EventType=application | SourceNode=ns=1;s=MotorSource3
[Anomaly Input] [2026-08-15 16:54:29.968 (UTC)] info/application	[Sensor] Updated distance: 3.3070350891477593 cm | Severity=75 | SourceName=Sensor | EventType=application | SourceNode=ns=1;s=SensorSource
[Anomaly Input] [2026-08-15 16:54:30.373 (UTC)] info/application	[Sensor] Updated distance: 37.21082367152479 cm | Severity=75 | SourceName=Sensor2 | EventType=application | SourceNode=ns=1;s=SensorSource2
[Anomaly Input] [2026-08-15 16:54:30.373 (UTC)] info/application	[Sensor] Updated distance: 33.87144655728314 cm | Severity=75 | SourceName=Sensor3 | EventType=application | SourceNode=ns=1;s=SensorSource3
[Anomaly Input] [2026-08-15 16:54:30.475 (UTC)] info/application	[Motor] Received distance: 3.3070350891477593 cm | Severity=75 | SourceName=Motor | EventType=application | SourceNode=ns=1;s=MotorSource
[Anomaly Input] [2026-08-15 16:54:30.475 (UTC)] warn/application	[Motor] Distance too close (3.3070350891477593); rotating motor to 0 degrees | Severity=175 | SourceName=Motor | EventType=application | SourceNode=ns=1;s=MotorSource
[Anomaly Input] [2026-08-15 16:54:30.919 (UTC)] info/application	[Motor] Received distance: 37.21082367152479 cm | Severity=75 | SourceName=Motor2 | EventType=application | SourceNode=ns=1;s=MotorSource2
[Anomaly Input] [2026-08-15 16:54:30.920 (UTC)] info/application	[Motor] Received distance: 33.87144655728314 cm | Severity=75 | SourceName=Motor3 | EventType=application | SourceNode=ns=1;s=MotorSource3
[Anomaly Input] [2026-08-15 16:54:30.919 (UTC)] info/application	[Motor] Distance safe (37.21082367152479); rotating motor to 90 degrees | Severity=75 | SourceName=Motor2 | EventType=application | SourceNode=ns=1;s=MotorSource2
[Anomaly Input] [2026-08-15 16:54:30.920 (UTC)] info/application	[Motor] Distance safe (33.87144655728314); rotating motor to 90 degrees | Severity=75 | SourceName=Motor3 | EventType=application | SourceNode=ns=1;s=MotorSource3
[Anomaly Input] [2026-08-15 16:54:30.970 (UTC)] info/application	[Sensor] Updated distance: 9.715081941203717 cm | Severity=75 | SourceName=Sensor | EventType=application | SourceNode=ns=1;s=SensorSource
[Anomaly Input] [2026-08-15 16:54:31.375 (UTC)] info/application	[Sensor] Updated distance: 36.18265890431714 cm | Severity=75 | SourceName=Sensor3 | EventType=application | SourceNode=ns=1;s=SensorSource3
[Anomaly Input] [2026-08-15 16:54:31.375 (UTC)] info/application	[Sensor] Updated distance: 9.824382830329418 cm | Severity=75 | SourceName=Sensor2 | EventType=application | SourceNode=ns=1;s=SensorSource2
[Anomaly Input] [2026-08-15 16:54:31.478 (UTC)] info/application	[Motor] Received distance: 9.715081941203717 cm | Severity=75 | SourceName=Motor | EventType=application | SourceNode=ns=1;s=MotorSource
[Anomaly Input] [2026-08-15 16:54:31.478 (UTC)] warn/application	[Motor] Distance too close (9.715081941203717); rotating motor to 0 degrees | Severity=175 | SourceName=Motor | EventType=application | SourceNode=ns=1;s=MotorSource
[Anomaly Input] [2026-08-15 16:54:31.922 (UTC)] info/application	[Motor] Received distance: 36.18265890431714 cm | Severity=75 | SourceName=Motor3 | EventType=application | SourceNode=ns=1;s=MotorSource3
[Anomaly Input] [2026-08-15 16:54:31.930 (UTC)] info/application	[Motor] Received distance: 9.824382830329418 cm | Severity=75 | SourceName=Motor2 | EventType=application | SourceNode=ns=1;s=MotorSource2
[Anomaly Input] [2026-08-15 16:54:31.922 (UTC)] info/application	[Motor] Distance safe (36.18265890431714); rotating motor to 90 degrees | Severity=75 | SourceName=Motor3 | EventType=application | SourceNode=ns=1;s=MotorSource3
[Anomaly Input] [2026-08-15 16:54:31.930 (UTC)] warn/application	[Motor] Distance too close (9.824382830329418); rotating motor to 0 degrees | Severity=175 | SourceName=Motor2 | EventType=application | SourceNode=ns=1;s=MotorSource2
[Anomaly Input] [2026-08-15 16:54:31.972 (UTC)] info/application	[Sensor] Updated distance: 49.1075431849377 cm | Severity=75 | SourceName=Sensor | EventType=application | SourceNode=ns=1;s=SensorSource
[Anomaly Input] [2026-08-15 16:54:32.377 (UTC)] info/application	[Sensor] Updated distance: 46.34735155680559 cm | Severity=75 | SourceName=Sensor2 | EventType=application | SourceNode=ns=1;s=SensorSource2
[Anomaly Input] [2026-08-15 16:54:32.377 (UTC)] info/application	[Sensor] Updated distance: 7.588331947842767 cm | Severity=75 | SourceName=Sensor3 | EventType=application | SourceNode=ns=1;s=SensorSource3
[Anomaly Input] [2026-08-15 16:54:32.468 (UTC)] info/application	[Motor] Received distance: 49.1075431849377 cm | Severity=75 | SourceName=Motor | EventType=application | SourceNode=ns=1;s=MotorSource
[Anomaly Input] [2026-08-15 16:54:32.468 (UTC)] info/application	[Motor] Distance safe (49.1075431849377); rotating motor to 90 degrees | Severity=75 | SourceName=Motor | EventType=application | SourceNode=ns=1;s=MotorSource
[Anomaly Input] [2026-08-15 16:54:32.923 (UTC)] info/application	[Motor] Received distance: 46.34735155680559 cm | Severity=75 | SourceName=Motor2 | EventType=application | SourceNode=ns=1;s=MotorSource2
[Anomaly Input] [2026-08-15 16:54:32.932 (UTC)] info/application	[Motor] Received distance: 7.588331947842767 cm | Severity=75 | SourceName=Motor3 | EventType=application | SourceNode=ns=1;s=MotorSource3
[Anomaly Input] [2026-08-15 16:54:32.923 (UTC)] info/application	[Motor] Distance safe (46.34735155680559); rotating motor to 90 degrees | Severity=75 | SourceName=Motor2 | EventType=application | SourceNode=ns=1;s=MotorSource2
[Anomaly Input] [2026-08-15 16:54:32.932 (UTC)] warn/application	[Motor] Distance too close (7.588331947842767); rotating motor to 0 degrees | Severity=175 | SourceName=Motor3 | EventType=application | SourceNode=ns=1;s=MotorSource3
[Anomaly Input] [2026-08-15 16:54:32.974 (UTC)] info/application	[Sensor] Updated distance: 49.9023062362812 cm | Severity=75 | SourceName=Sensor | EventType=application | SourceNode=ns=1;s=SensorSource
[Anomaly Input] [2026-08-15 16:54:33.368 (UTC)] info/application	[Sensor] Updated distance: 44.5491845284352 cm | Severity=75 | SourceName=Sensor3 | EventType=application | SourceNode=ns=1;s=SensorSource3
[Anomaly Input] [2026-08-15 16:54:33.378 (UTC)] info/application	[Sensor] Updated distance: 37.60150643605809 cm | Severity=75 | SourceName=Sensor2 | EventType=application | SourceNode=ns=1;s=SensorSource2
[Anomaly Input] [2026-08-15 16:54:33.477 (UTC)] info/application	[Motor] Received distance: 49.9023062362812 cm | Severity=75 | SourceName=Motor | EventType=application | SourceNode=ns=1;s=MotorSource
[Anomaly Input] [2026-08-15 16:54:33.477 (UTC)] info/application	[Motor] Distance safe (49.9023062362812); rotating motor to 90 degrees | Severity=75 | SourceName=Motor | EventType=application | SourceNode=ns=1;s=MotorSource
[Anomaly Input] [2026-08-15 16:54:33.915 (UTC)] info/application	[Motor] Received distance: 37.60150643605809 cm | Severity=75 | SourceName=Motor2 | EventType=application | SourceNode=ns=1;s=MotorSource2
[Anomaly Input] [2026-08-15 16:54:33.920 (UTC)] info/application	[Motor] Received distance: 44.5491845284352 cm | Severity=75 | SourceName=Motor3 | EventType=application | SourceNode=ns=1;s=MotorSource3
[Anomaly Input] [2026-08-15 16:54:33.915 (UTC)] info/application	[Motor] Distance safe (37.60150643605809); rotating motor to 90 degrees | Severity=75 | SourceName=Motor2 | EventType=application | SourceNode=ns=1;s=MotorSource2
[Anomaly Input] [2026-08-15 16:54:33.920 (UTC)] info/application	[Motor] Distance safe (44.5491845284352); rotating motor to 90 degrees | Severity=75 | SourceName=Motor3 | EventType=application | SourceNode=ns=1;s=MotorSource3
[Anomaly Input] [2026-08-15 16:54:33.975 (UTC)] info/application	[Sensor] Updated distance: 25.197331796957798 cm | Severity=75 | SourceName=Sensor | EventType=application | SourceNode=ns=1;s=SensorSource
[Anomaly Input] [2026-08-15 16:54:34.371 (UTC)] info/application	[Sensor] Updated distance: 14.616408093188147 cm | Severity=75 | SourceName=Sensor3 | EventType=application | SourceNode=ns=1;s=SensorSource3
[Anomaly Input] [2026-08-15 16:54:34.371 (UTC)] info/application	[Sensor] Updated distance: 38.13975285186421 cm | Severity=75 | SourceName=Sensor2 | EventType=application | SourceNode=ns=1;s=SensorSource2
[Anomaly Input] [2026-08-15 16:54:34.472 (UTC)] info/application	[Motor] Received distance: 25.197331796957798 cm | Severity=75 | SourceName=Motor | EventType=application | SourceNode=ns=1;s=MotorSource
[Anomaly Input] [2026-08-15 16:54:34.472 (UTC)] info/application	[Motor] Distance safe (25.197331796957798); rotating motor to 90 degrees | Severity=75 | SourceName=Motor | EventType=application | SourceNode=ns=1;s=MotorSource
[Anomaly Input] [2026-08-15 16:54:34.918 (UTC)] info/application	[Motor] Received distance: 14.616408093188147 cm | Severity=75 | SourceName=Motor3 | EventType=application | SourceNode=ns=1;s=MotorSource3
[Anomaly Input] [2026-08-15 16:54:34.921 (UTC)] info/application	[Motor] Received distance: 38.13975285186421 cm | Severity=75 | SourceName=Motor2 | EventType=application | SourceNode=ns=1;s=MotorSource2
[Anomaly Input] [2026-08-15 16:54:34.918 (UTC)] warn/application	[Motor] Distance too close (14.616408093188147); rotating motor to 0 degrees | Severity=175 | SourceName=Motor3 | EventType=application | SourceNode=ns=1;s=MotorSource3
[Anomaly Input] [2026-08-15 16:54:34.921 (UTC)] info/application	[Motor] Distance safe (38.13975285186421); rotating motor to 90 degrees | Severity=75 | SourceName=Motor2 | EventType=application | SourceNode=ns=1;s=MotorSource2
[Anomaly Input] [2026-08-15 16:54:34.968 (UTC)] info/application	[Sensor] Updated distance: 35.222191595110196 cm | Severity=75 | SourceName=Sensor | EventType=application | SourceNode=ns=1;s=SensorSource
[Anomaly Input] [2026-08-15 16:54:35.373 (UTC)] info/application	[Sensor] Updated distance: 29.804179338647135 cm | Severity=75 | SourceName=Sensor3 | EventType=application | SourceNode=ns=1;s=SensorSource3
[Anomaly Input] [2026-08-15 16:54:35.373 (UTC)] info/application	[Sensor] Updated distance: 19.593218468871534 cm | Severity=75 | SourceName=Sensor2 | EventType=application | SourceNode=ns=1;s=SensorSource2
[Anomaly Input] [2026-08-15 16:54:35.478 (UTC)] info/application	[Motor] Received distance: 35.222191595110196 cm | Severity=75 | SourceName=Motor | EventType=application | SourceNode=ns=1;s=MotorSource
[Anomaly Input] [2026-08-15 16:54:35.478 (UTC)] info/application	[Motor] Distance safe (35.222191595110196); rotating motor to 90 degrees | Severity=75 | SourceName=Motor | EventType=application | SourceNode=ns=1;s=MotorSource
[Anomaly Input] [2026-08-15 16:54:35.920 (UTC)] info/application	[Motor] Received distance: 19.593218468871534 cm | Severity=75 | SourceName=Motor2 | EventType=application | SourceNode=ns=1;s=MotorSource2
[Anomaly Input] [2026-08-15 16:54:35.921 (UTC)] info/application	[Motor] Received distance: 29.804179338647135 cm | Severity=75 | SourceName=Motor3 | EventType=application | SourceNode=ns=1;s=MotorSource3
[Anomaly Input] [2026-08-15 16:54:35.920 (UTC)] warn/application	[Motor] Distance too close (19.593218468871534); rotating motor to 0 degrees | Severity=175 | SourceName=Motor2 | EventType=application | SourceNode=ns=1;s=MotorSource2
[Anomaly Input] [2026-08-15 16:54:35.921 (UTC)] info/application	[Motor] Distance safe (29.804179338647135); rotating motor to 90 degrees | Severity=75 | SourceName=Motor3 | EventType=application | SourceNode=ns=1;s=MotorSource3
[Anomaly Input] [2026-08-15 16:54:35.970 (UTC)] info/application	[Sensor] Updated distance: 31.77246692672952 cm | Severity=75 | SourceName=Sensor | EventType=application | SourceNode=ns=1;s=SensorSource
[Anomaly Input] [2026-08-15 16:54:36.375 (UTC)] info/application	[Sensor] Updated distance: 9.382108200053734 cm | Severity=75 | SourceName=Sensor2 | EventType=application | SourceNode=ns=1;s=SensorSource2
[Anomaly Input] [2026-08-15 16:54:36.375 (UTC)] info/application	[Sensor] Updated distance: 28.184753579173588 cm | Severity=75 | SourceName=Sensor3 | EventType=application | SourceNode=ns=1;s=SensorSource3
[Anomaly Input] [2026-08-15 16:54:36.469 (UTC)] info/application	[Motor] Received distance: 31.77246692672952 cm | Severity=75 | SourceName=Motor | EventType=application | SourceNode=ns=1;s=MotorSource
[Anomaly Input] [2026-08-15 16:54:36.469 (UTC)] info/application	[Motor] Distance safe (31.77246692672952); rotating motor to 90 degrees | Severity=75 | SourceName=Motor | EventType=application | SourceNode=ns=1;s=MotorSource
[Anomaly Input] [2026-08-15 16:54:36.930 (UTC)] info/application	[Motor] Received distance: 9.382108200053734 cm | Severity=75 | SourceName=Motor2 | EventType=application | SourceNode=ns=1;s=MotorSource2
[Anomaly Input] [2026-08-15 16:54:36.931 (UTC)] info/application	[Motor] Received distance: 28.184753579173588 cm | Severity=75 | SourceName=Motor3 | EventType=application | SourceNode=ns=1;s=MotorSource3
[Anomaly Input] [2026-08-15 16:54:36.930 (UTC)] warn/application	[Motor] Distance too close (9.382108200053734); rotating motor to 0 degrees | Severity=175 | SourceName=Motor2 | EventType=application | SourceNode=ns=1;s=MotorSource2
[Anomaly Input] [2026-08-15 16:54:36.931 (UTC)] info/application	[Motor] Distance safe (28.184753579173588); rotating motor to 90 degrees | Severity=75 | SourceName=Motor3 | EventType=application | SourceNode=ns=1;s=MotorSource3
[Anomaly Input] [2026-08-15 16:54:36.972 (UTC)] info/application	[Sensor] Updated distance: 41.589596900897845 cm | Severity=75 | SourceName=Sensor | EventType=application | SourceNode=ns=1;s=SensorSource
[Anomaly Input] [2026-08-15 16:54:37.377 (UTC)] info/application	[Sensor] Updated distance: 30.665474852856935 cm | Severity=75 | SourceName=Sensor2 | EventType=application | SourceNode=ns=1;s=SensorSource2
[Anomaly Input] [2026-08-15 16:54:37.377 (UTC)] info/application	[Sensor] Updated distance: 38.336053179733476 cm | Severity=75 | SourceName=Sensor3 | EventType=application | SourceNode=ns=1;s=SensorSource3
[Anomaly Input] [2026-08-15 16:54:37.478 (UTC)] info/application	[Motor] Received distance: 41.589596900897845 cm | Severity=75 | SourceName=Motor | EventType=application | SourceNode=ns=1;s=MotorSource
[Anomaly Input] [2026-08-15 16:54:37.478 (UTC)] info/application	[Motor] Distance safe (41.589596900897845); rotating motor to 90 degrees | Severity=75 | SourceName=Motor | EventType=application | SourceNode=ns=1;s=MotorSource
[Anomaly Input] [2026-08-15 16:54:37.924 (UTC)] info/application	[Motor] Received distance: 38.336053179733476 cm | Severity=75 | SourceName=Motor3 | EventType=application | SourceNode=ns=1;s=MotorSource3
[Anomaly Input] [2026-08-15 16:54:37.924 (UTC)] info/application	[Motor] Received distance: 30.665474852856935 cm | Severity=75 | SourceName=Motor2 | EventType=application | SourceNode=ns=1;s=MotorSource2
[Anomaly Input] [2026-08-15 16:54:37.924 (UTC)] info/application	[Motor] Distance safe (30.665474852856935); rotating motor to 90 degrees | Severity=75 | SourceName=Motor2 | EventType=application | SourceNode=ns=1;s=MotorSource2
[Anomaly Input] [2026-08-15 16:54:37.924 (UTC)] info/application	[Motor] Distance safe (38.336053179733476); rotating motor to 90 degrees | Severity=75 | SourceName=Motor3 | EventType=application | SourceNode=ns=1;s=MotorSource3
[Anomaly Input] [2026-08-15 16:54:37.974 (UTC)] info/application	[Sensor] Updated distance: 33.64366771264172 cm | Severity=75 | SourceName=Sensor | EventType=application | SourceNode=ns=1;s=SensorSource
[Anomaly Input] [2026-08-15 16:54:38.369 (UTC)] info/application	[Sensor] Updated distance: 37.60716804284936 cm | Severity=75 | SourceName=Sensor3 | EventType=application | SourceNode=ns=1;s=SensorSource3
[Anomaly Input] [2026-08-15 16:54:38.379 (UTC)] info/application	[Sensor] Updated distance: 32.175119406625214 cm | Severity=75 | SourceName=Sensor2 | EventType=application | SourceNode=ns=1;s=SensorSource2
[Anomaly Input] [2026-08-15 16:54:38.470 (UTC)] info/application	[Motor] Received distance: 33.64366771264172 cm | Severity=75 | SourceName=Motor | EventType=application | SourceNode=ns=1;s=MotorSource
[Anomaly Input] [2026-08-15 16:54:38.470 (UTC)] info/application	[Motor] Distance safe (33.64366771264172); rotating motor to 90 degrees | Severity=75 | SourceName=Motor | EventType=application | SourceNode=ns=1;s=MotorSource
[Anomaly Input] [2026-08-15 16:54:38.916 (UTC)] info/application	[Motor] Received distance: 32.175119406625214 cm | Severity=75 | SourceName=Motor2 | EventType=application | SourceNode=ns=1;s=MotorSource2
[Anomaly Input] [2026-08-15 16:54:38.916 (UTC)] info/application	[Motor] Received distance: 37.60716804284936 cm | Severity=75 | SourceName=Motor3 | EventType=application | SourceNode=ns=1;s=MotorSource3
[Anomaly Input] [2026-08-15 16:54:38.916 (UTC)] info/application	[Motor] Distance safe (32.175119406625214); rotating motor to 90 degrees | Severity=75 | SourceName=Motor2 | EventType=application | SourceNode=ns=1;s=MotorSource2
[Anomaly Input] [2026-08-15 16:54:38.916 (UTC)] info/application	[Motor] Distance safe (37.60716804284936); rotating motor to 90 degrees | Severity=75 | SourceName=Motor3 | EventType=application | SourceNode=ns=1;s=MotorSource3
[Anomaly Input] [2026-08-15 16:54:38.966 (UTC)] info/application	[Sensor] Updated distance: 35.69789781500487 cm | Severity=75 | SourceName=Sensor | EventType=application | SourceNode=ns=1;s=SensorSource
[Anomaly Input] [2026-08-15 16:54:39.371 (UTC)] info/application	[Sensor] Updated distance: 44.47520741563067 cm | Severity=75 | SourceName=Sensor3 | EventType=application | SourceNode=ns=1;s=SensorSource3
[Anomaly Input] [2026-08-15 16:54:39.371 (UTC)] info/application	[Sensor] Updated distance: 38.10331285190922 cm | Severity=75 | SourceName=Sensor2 | EventType=application | SourceNode=ns=1;s=SensorSource2
[Anomaly Input] [2026-08-15 16:54:39.478 (UTC)] info/application	[Motor] Received distance: 35.69789781500487 cm | Severity=75 | SourceName=Motor | EventType=application | SourceNode=ns=1;s=MotorSource
[Anomaly Input] [2026-08-15 16:54:39.478 (UTC)] info/application	[Motor] Distance safe (35.69789781500487); rotating motor to 90 degrees | Severity=75 | SourceName=Motor | EventType=application | SourceNode=ns=1;s=MotorSource
[Anomaly Input] [2026-08-15 16:54:39.920 (UTC)] info/application	[Motor] Received distance: 38.10331285190922 cm | Severity=75 | SourceName=Motor2 | EventType=application | SourceNode=ns=1;s=MotorSource2
[Anomaly Input] [2026-08-15 16:54:39.921 (UTC)] info/application	[Motor] Received distance: 44.47520741563067 cm | Severity=75 | SourceName=Motor3 | EventType=application | SourceNode=ns=1;s=MotorSource3
[Anomaly Input] [2026-08-15 16:54:39.920 (UTC)] info/application	[Motor] Distance safe (38.10331285190922); rotating motor to 90 degrees | Severity=75 | SourceName=Motor2 | EventType=application | SourceNode=ns=1;s=MotorSource2
[Anomaly Input] [2026-08-15 16:54:39.921 (UTC)] info/application	[Motor] Distance safe (44.47520741563067); rotating motor to 90 degrees | Severity=75 | SourceName=Motor3 | EventType=application | SourceNode=ns=1;s=MotorSource3
[Anomaly Input] [2026-08-15 16:54:39.967 (UTC)] info/application	[Sensor] Updated distance: 26.195649456323892 cm | Severity=75 | SourceName=Sensor | EventType=application | SourceNode=ns=1;s=SensorSource
[Anomaly Input] [2026-08-15 16:54:40.372 (UTC)] info/application	[Sensor] Updated distance: 38.62436004943417 cm | Severity=75 | SourceName=Sensor3 | EventType=application | SourceNode=ns=1;s=SensorSource3
[Anomaly Input] [2026-08-15 16:54:40.372 (UTC)] info/application	[Sensor] Updated distance: 24.570044423718958 cm | Severity=75 | SourceName=Sensor2 | EventType=application | SourceNode=ns=1;s=SensorSource2
[Anomaly Input] [2026-08-15 16:54:40.473 (UTC)] info/application	[Motor] Received distance: 26.195649456323892 cm | Severity=75 | SourceName=Motor | EventType=application | SourceNode=ns=1;s=MotorSource
[Anomaly Input] [2026-08-15 16:54:40.473 (UTC)] info/application	[Motor] Distance safe (26.195649456323892); rotating motor to 90 degrees | Severity=75 | SourceName=Motor | EventType=application | SourceNode=ns=1;s=MotorSource
[Anomaly Input] [2026-08-15 16:54:40.919 (UTC)] info/application	[Motor] Received distance: 38.62436004943417 cm | Severity=75 | SourceName=Motor3 | EventType=application | SourceNode=ns=1;s=MotorSource3
[Anomaly Input] [2026-08-15 16:54:40.922 (UTC)] info/application	[Motor] Received distance: 24.570044423718958 cm | Severity=75 | SourceName=Motor2 | EventType=application | SourceNode=ns=1;s=MotorSource2
[Anomaly Input] [2026-08-15 16:54:40.919 (UTC)] info/application	[Motor] Distance safe (38.62436004943417); rotating motor to 90 degrees | Severity=75 | SourceName=Motor3 | EventType=application | SourceNode=ns=1;s=MotorSource3
[Anomaly Input] [2026-08-15 16:54:40.922 (UTC)] info/application	[Motor] Distance safe (24.570044423718958); rotating motor to 90 degrees | Severity=75 | SourceName=Motor2 | EventType=application | SourceNode=ns=1;s=MotorSource2
[Anomaly Input] [2026-08-15 16:54:40.969 (UTC)] info/application	[Sensor] Updated distance: 10.772663545223262 cm | Severity=75 | SourceName=Sensor | EventType=application | SourceNode=ns=1;s=SensorSource
[Anomaly Input] [2026-08-15 16:54:41.374 (UTC)] info/application	[Sensor] Updated distance: 11.332346734279927 cm | Severity=75 | SourceName=Sensor3 | EventType=application | SourceNode=ns=1;s=SensorSource3
[Anomaly Input] [2026-08-15 16:54:41.374 (UTC)] info/application	[Sensor] Updated distance: 44.01406373549907 cm | Severity=75 | SourceName=Sensor2 | EventType=application | SourceNode=ns=1;s=SensorSource2
[Anomaly Input] [2026-08-15 16:54:41.478 (UTC)] info/application	[Motor] Received distance: 10.772663545223262 cm | Severity=75 | SourceName=Motor | EventType=application | SourceNode=ns=1;s=MotorSource
[Anomaly Input] [2026-08-15 16:54:41.478 (UTC)] warn/application	[Motor] Distance too close (10.772663545223262); rotating motor to 0 degrees | Severity=175 | SourceName=Motor | EventType=application | SourceNode=ns=1;s=MotorSource
[Anomaly Input] [2026-08-15 16:54:41.921 (UTC)] info/application	[Motor] Received distance: 44.01406373549907 cm | Severity=75 | SourceName=Motor2 | EventType=application | SourceNode=ns=1;s=MotorSource2
[Anomaly Input] [2026-08-15 16:54:41.921 (UTC)] info/application	[Motor] Received distance: 11.332346734279927 cm | Severity=75 | SourceName=Motor3 | EventType=application | SourceNode=ns=1;s=MotorSource3
[Anomaly Input] [2026-08-15 16:54:41.921 (UTC)] info/application	[Motor] Distance safe (44.01406373549907); rotating motor to 90 degrees | Severity=75 | SourceName=Motor2 | EventType=application | SourceNode=ns=1;s=MotorSource2
[Anomaly Input] [2026-08-15 16:54:41.921 (UTC)] warn/application	[Motor] Distance too close (11.332346734279927); rotating motor to 0 degrees | Severity=175 | SourceName=Motor3 | EventType=application | SourceNode=ns=1;s=MotorSource3
[Anomaly Input] [2026-08-15 16:54:41.971 (UTC)] info/application	[Sensor] Updated distance: 11.63372997643134 cm | Severity=75 | SourceName=Sensor | EventType=application | SourceNode=ns=1;s=SensorSource
[Anomaly Input] [2026-08-15 16:54:42.376 (UTC)] info/application	[Sensor] Updated distance: 11.310434293612108 cm | Severity=75 | SourceName=Sensor3 | EventType=application | SourceNode=ns=1;s=SensorSource3
[Anomaly Input] [2026-08-15 16:54:42.376 (UTC)] info/application	[Sensor] Updated distance: 37.05738765888726 cm | Severity=75 | SourceName=Sensor2 | EventType=application | SourceNode=ns=1;s=SensorSource2
[Anomaly Input] [2026-08-15 16:54:42.469 (UTC)] info/application	[Motor] Received distance: 11.63372997643134 cm | Severity=75 | SourceName=Motor | EventType=application | SourceNode=ns=1;s=MotorSource
[Anomaly Input] [2026-08-15 16:54:42.469 (UTC)] warn/application	[Motor] Distance too close (11.63372997643134); rotating motor to 0 degrees | Severity=175 | SourceName=Motor | EventType=application | SourceNode=ns=1;s=MotorSource
[Anomaly Input] [2026-08-15 16:54:42.931 (UTC)] info/application	[Motor] Received distance: 37.05738765888726 cm | Severity=75 | SourceName=Motor2 | EventType=application | SourceNode=ns=1;s=MotorSource2
[Anomaly Input] [2026-08-15 16:54:42.931 (UTC)] info/application	[Motor] Received distance: 11.310434293612108 cm | Severity=75 | SourceName=Motor3 | EventType=application | SourceNode=ns=1;s=MotorSource3
[Anomaly Input] [2026-08-15 16:54:42.931 (UTC)] info/application	[Motor] Distance safe (37.05738765888726); rotating motor to 90 degrees | Severity=75 | SourceName=Motor2 | EventType=application | SourceNode=ns=1;s=MotorSource2
[Anomaly Input] [2026-08-15 16:54:42.931 (UTC)] warn/application	[Motor] Distance too close (11.310434293612108); rotating motor to 0 degrees | Severity=175 | SourceName=Motor3 | EventType=application | SourceNode=ns=1;s=MotorSource3
[Anomaly Input] [2026-08-15 16:54:42.973 (UTC)] info/application	[Sensor] Updated distance: 13.63251318579191 cm | Severity=75 | SourceName=Sensor | EventType=application | SourceNode=ns=1;s=SensorSource
[Anomaly Input] [2026-08-15 16:54:43.368 (UTC)] info/application	[Sensor] Updated distance: 46.38677312265465 cm | Severity=75 | SourceName=Sensor3 | EventType=application | SourceNode=ns=1;s=SensorSource3
[Anomaly Input] [2026-08-15 16:54:43.378 (UTC)] info/application	[Sensor] Updated distance: 6.35812757367181 cm | Severity=75 | SourceName=Sensor2 | EventType=application | SourceNode=ns=1;s=SensorSource2
[Anomaly Input] [2026-08-15 16:54:43.478 (UTC)] info/application	[Motor] Received distance: 13.63251318579191 cm | Severity=75 | SourceName=Motor | EventType=application | SourceNode=ns=1;s=MotorSource
[Anomaly Input] [2026-08-15 16:54:43.478 (UTC)] warn/application	[Motor] Distance too close (13.63251318579191); rotating motor to 0 degrees | Severity=175 | SourceName=Motor | EventType=application | SourceNode=ns=1;s=MotorSource
[Anomaly Input] [2026-08-15 16:54:43.924 (UTC)] info/application	[Motor] Received distance: 46.38677312265465 cm | Severity=75 | SourceName=Motor3 | EventType=application | SourceNode=ns=1;s=MotorSource3
[Anomaly Input] [2026-08-15 16:54:43.924 (UTC)] info/application	[Motor] Received distance: 6.35812757367181 cm | Severity=75 | SourceName=Motor2 | EventType=application | SourceNode=ns=1;s=MotorSource2
[Anomaly Input] [2026-08-15 16:54:43.924 (UTC)] info/application	[Motor] Distance safe (46.38677312265465); rotating motor to 90 degrees | Severity=75 | SourceName=Motor3 | EventType=application | SourceNode=ns=1;s=MotorSource3
[Anomaly Input] [2026-08-15 16:54:43.924 (UTC)] warn/application	[Motor] Distance too close (6.35812757367181); rotating motor to 0 degrees | Severity=175 | SourceName=Motor2 | EventType=application | SourceNode=ns=1;s=MotorSource2
[Anomaly Input] [2026-08-15 16:54:43.975 (UTC)] info/application	[Sensor] Updated distance: 18.131623007418412 cm | Severity=75 | SourceName=Sensor | EventType=application | SourceNode=ns=1;s=SensorSource
[Anomaly Input] [2026-08-15 16:54:44.369 (UTC)] info/application	[Sensor] Updated distance: 39.2855619663771 cm | Severity=75 | SourceName=Sensor3 | EventType=application | SourceNode=ns=1;s=SensorSource3
[Anomaly Input] [2026-08-15 16:54:44.379 (UTC)] info/application	[Sensor] Updated distance: 9.978058878322159 cm | Severity=75 | SourceName=Sensor2 | EventType=application | SourceNode=ns=1;s=SensorSource2
[Anomaly Input] [2026-08-15 16:54:44.470 (UTC)] info/application	[Motor] Received distance: 18.131623007418412 cm | Severity=75 | SourceName=Motor | EventType=application | SourceNode=ns=1;s=MotorSource
[Anomaly Input] [2026-08-15 16:54:44.470 (UTC)] warn/application	[Motor] Distance too close (18.131623007418412); rotating motor to 0 degrees | Severity=175 | SourceName=Motor | EventType=application | SourceNode=ns=1;s=MotorSource
[Anomaly Input] [2026-08-15 16:54:44.916 (UTC)] info/application	[Motor] Received distance: 39.2855619663771 cm | Severity=75 | SourceName=Motor3 | EventType=application | SourceNode=ns=1;s=MotorSource3
[Anomaly Input] [2026-08-15 16:54:44.916 (UTC)] info/application	[Motor] Received distance: 9.978058878322159 cm | Severity=75 | SourceName=Motor2 | EventType=application | SourceNode=ns=1;s=MotorSource2
[Anomaly Input] [2026-08-15 16:54:44.916 (UTC)] info/application	[Motor] Distance safe (39.2855619663771); rotating motor to 90 degrees | Severity=75 | SourceName=Motor3 | EventType=application | SourceNode=ns=1;s=MotorSource3
[Anomaly Input] [2026-08-15 16:54:44.916 (UTC)] warn/application	[Motor] Distance too close (9.978058878322159); rotating motor to 0 degrees | Severity=175 | SourceName=Motor2 | EventType=application | SourceNode=ns=1;s=MotorSource2
[Anomaly Input] [2026-08-15 16:54:44.967 (UTC)] info/application	[Sensor] Updated distance: 20.35487619897112 cm | Severity=75 | SourceName=Sensor | EventType=application | SourceNode=ns=1;s=SensorSource
[Anomaly Input] [2026-08-15 16:54:45.371 (UTC)] info/application	[Sensor] Updated distance: 13.10396550367771 cm | Severity=75 | SourceName=Sensor2 | EventType=application | SourceNode=ns=1;s=SensorSource2
[Anomaly Input] [2026-08-15 16:54:45.371 (UTC)] info/application	[Sensor] Updated distance: 34.42298457046178 cm | Severity=75 | SourceName=Sensor3 | EventType=application | SourceNode=ns=1;s=SensorSource3
[Anomaly Input] [2026-08-15 16:54:45.478 (UTC)] info/application	[Motor] Received distance: 20.35487619897112 cm | Severity=75 | SourceName=Motor | EventType=application | SourceNode=ns=1;s=MotorSource
[Anomaly Input] [2026-08-15 16:54:45.478 (UTC)] info/application	[Motor] Distance safe (20.35487619897112); rotating motor to 90 degrees | Severity=75 | SourceName=Motor | EventType=application | SourceNode=ns=1;s=MotorSource
[Anomaly Input] [2026-08-15 16:54:45.920 (UTC)] info/application	[Motor] Received distance: 13.10396550367771 cm | Severity=75 | SourceName=Motor2 | EventType=application | SourceNode=ns=1;s=MotorSource2
[Anomaly Input] [2026-08-15 16:54:45.921 (UTC)] info/application	[Motor] Received distance: 34.42298457046178 cm | Severity=75 | SourceName=Motor3 | EventType=application | SourceNode=ns=1;s=MotorSource3
[Anomaly Input] [2026-08-15 16:54:45.920 (UTC)] warn/application	[Motor] Distance too close (13.10396550367771); rotating motor to 0 degrees | Severity=175 | SourceName=Motor2 | EventType=application | SourceNode=ns=1;s=MotorSource2
[Anomaly Input] [2026-08-15 16:54:45.921 (UTC)] info/application	[Motor] Distance safe (34.42298457046178); rotating motor to 90 degrees | Severity=75 | SourceName=Motor3 | EventType=application | SourceNode=ns=1;s=MotorSource3
[Anomaly Input] [2026-08-15 16:54:45.968 (UTC)] info/application	[Sensor] Updated distance: 40.25851659023134 cm | Severity=75 | SourceName=Sensor | EventType=application | SourceNode=ns=1;s=SensorSource
[Anomaly Input] [2026-08-15 16:54:46.373 (UTC)] info/application	[Sensor] Updated distance: 22.192103924319195 cm | Severity=75 | SourceName=Sensor2 | EventType=application | SourceNode=ns=1;s=SensorSource2
[Anomaly Input] [2026-08-15 16:54:46.373 (UTC)] info/application	[Sensor] Updated distance: 40.38790579437646 cm | Severity=75 | SourceName=Sensor3 | EventType=application | SourceNode=ns=1;s=SensorSource3
[Anomaly Input] [2026-08-15 16:54:46.474 (UTC)] info/application	[Motor] Received distance: 40.25851659023134 cm | Severity=75 | SourceName=Motor | EventType=application | SourceNode=ns=1;s=MotorSource
[Anomaly Input] [2026-08-15 16:54:46.474 (UTC)] info/application	[Motor] Distance safe (40.25851659023134); rotating motor to 90 degrees | Severity=75 | SourceName=Motor | EventType=application | SourceNode=ns=1;s=MotorSource
[Anomaly Input] [2026-08-15 16:54:46.920 (UTC)] info/application	[Motor] Received distance: 22.192103924319195 cm | Severity=75 | SourceName=Motor2 | EventType=application | SourceNode=ns=1;s=MotorSource2
[Anomaly Input] [2026-08-15 16:54:46.920 (UTC)] info/application	[Motor] Received distance: 40.38790579437646 cm | Severity=75 | SourceName=Motor3 | EventType=application | SourceNode=ns=1;s=MotorSource3
[Anomaly Input] [2026-08-15 16:54:46.920 (UTC)] info/application	[Motor] Distance safe (22.192103924319195); rotating motor to 90 degrees | Severity=75 | SourceName=Motor2 | EventType=application | SourceNode=ns=1;s=MotorSource2
[Anomaly Input] [2026-08-15 16:54:46.920 (UTC)] info/application	[Motor] Distance safe (40.38790579437646); rotating motor to 90 degrees | Severity=75 | SourceName=Motor3 | EventType=application | SourceNode=ns=1;s=MotorSource3
[Anomaly Input] [2026-08-15 16:54:46.969 (UTC)] info/application	[Sensor] Updated distance: 34.33875989929715 cm | Severity=75 | SourceName=Sensor | EventType=application | SourceNode=ns=1;s=SensorSource
[Anomaly Input] [2026-08-15 16:54:47.375 (UTC)] info/application	[Sensor] Updated distance: 30.462188733956864 cm | Severity=75 | SourceName=Sensor3 | EventType=application | SourceNode=ns=1;s=SensorSource3
[Anomaly Input] [2026-08-15 16:54:47.375 (UTC)] info/application	[Sensor] Updated distance: 45.07707325884936 cm | Severity=75 | SourceName=Sensor2 | EventType=application | SourceNode=ns=1;s=SensorSource2
[Anomaly Input] [2026-08-15 16:54:47.477 (UTC)] info/application	[Motor] Received distance: 34.33875989929715 cm | Severity=75 | SourceName=Motor | EventType=application | SourceNode=ns=1;s=MotorSource
[Anomaly Input] [2026-08-15 16:54:47.477 (UTC)] info/application	[Motor] Distance safe (34.33875989929715); rotating motor to 90 degrees | Severity=75 | SourceName=Motor | EventType=application | SourceNode=ns=1;s=MotorSource
[Anomaly Input] [2026-08-15 16:54:47.922 (UTC)] info/application	[Motor] Received distance: 30.462188733956864 cm | Severity=75 | SourceName=Motor3 | EventType=application | SourceNode=ns=1;s=MotorSource3
[Anomaly Input] [2026-08-15 16:54:47.929 (UTC)] info/application	[Motor] Received distance: 45.07707325884936 cm | Severity=75 | SourceName=Motor2 | EventType=application | SourceNode=ns=1;s=MotorSource2
[Anomaly Input] [2026-08-15 16:54:47.922 (UTC)] info/application	[Motor] Distance safe (30.462188733956864); rotating motor to 90 degrees | Severity=75 | SourceName=Motor3 | EventType=application | SourceNode=ns=1;s=MotorSource3
[Anomaly Input] [2026-08-15 16:54:47.929 (UTC)] info/application	[Motor] Distance safe (45.07707325884936); rotating motor to 90 degrees | Severity=75 | SourceName=Motor2 | EventType=application | SourceNode=ns=1;s=MotorSource2
[Anomaly Input] [2026-08-15 16:54:47.971 (UTC)] info/application	[Sensor] Updated distance: 5.818922469308098 cm | Severity=75 | SourceName=Sensor | EventType=application | SourceNode=ns=1;s=SensorSource
[Anomaly Input] [2026-08-15 16:54:48.377 (UTC)] info/application	[Sensor] Updated distance: 2.262603283050751 cm | Severity=75 | SourceName=Sensor2 | EventType=application | SourceNode=ns=1;s=SensorSource2
[Anomaly Input] [2026-08-15 16:54:48.377 (UTC)] info/application	[Sensor] Updated distance: 23.58864993862279 cm | Severity=75 | SourceName=Sensor3 | EventType=application | SourceNode=ns=1;s=SensorSource3
[Anomaly Input] [2026-08-15 16:54:48.468 (UTC)] info/application	[Motor] Received distance: 5.818922469308098 cm | Severity=75 | SourceName=Motor | EventType=application | SourceNode=ns=1;s=MotorSource
[Anomaly Input] [2026-08-15 16:54:48.468 (UTC)] warn/application	[Motor] Distance too close (5.818922469308098); rotating motor to 0 degrees | Severity=175 | SourceName=Motor | EventType=application | SourceNode=ns=1;s=MotorSource
[Anomaly Input] [2026-08-15 16:54:48.923 (UTC)] info/application	[Motor] Received distance: 2.262603283050751 cm | Severity=75 | SourceName=Motor2 | EventType=application | SourceNode=ns=1;s=MotorSource2
[Anomaly Input] [2026-08-15 16:54:48.933 (UTC)] info/application	[Motor] Received distance: 23.58864993862279 cm | Severity=75 | SourceName=Motor3 | EventType=application | SourceNode=ns=1;s=MotorSource3
[Anomaly Input] [2026-08-15 16:54:48.923 (UTC)] warn/application	[Motor] Distance too close (2.262603283050751); rotating motor to 0 degrees | Severity=175 | SourceName=Motor2 | EventType=application | SourceNode=ns=1;s=MotorSource2
[Anomaly Input] [2026-08-15 16:54:48.933 (UTC)] info/application	[Motor] Distance safe (23.58864993862279); rotating motor to 90 degrees | Severity=75 | SourceName=Motor3 | EventType=application | SourceNode=ns=1;s=MotorSource3
[Anomaly Input] [2026-08-15 16:54:48.974 (UTC)] info/application	[Sensor] Updated distance: 41.80344669884231 cm | Severity=75 | SourceName=Sensor | EventType=application | SourceNode=ns=1;s=SensorSource
[Anomaly Input] [2026-08-15 16:54:49.368 (UTC)] info/application	[Sensor] Updated distance: 20.385483198978697 cm | Severity=75 | SourceName=Sensor3 | EventType=application | SourceNode=ns=1;s=SensorSource3
[Anomaly Input] [2026-08-15 16:54:49.378 (UTC)] info/application	[Sensor] Updated distance: 31.275173729879395 cm | Severity=75 | SourceName=Sensor2 | EventType=application | SourceNode=ns=1;s=SensorSource2
[Anomaly Input] [2026-08-15 16:54:49.478 (UTC)] info/application	[Motor] Received distance: 41.80344669884231 cm | Severity=75 | SourceName=Motor | EventType=application | SourceNode=ns=1;s=MotorSource
[Anomaly Input] [2026-08-15 16:54:49.478 (UTC)] info/application	[Motor] Distance safe (41.80344669884231); rotating motor to 90 degrees | Severity=75 | SourceName=Motor | EventType=application | SourceNode=ns=1;s=MotorSource
[Anomaly Input] [2026-08-15 16:54:49.925 (UTC)] info/application	[Motor] Received distance: 20.385483198978697 cm | Severity=75 | SourceName=Motor3 | EventType=application | SourceNode=ns=1;s=MotorSource3
[Anomaly Input] [2026-08-15 16:54:49.933 (UTC)] info/application	[Motor] Received distance: 31.275173729879395 cm | Severity=75 | SourceName=Motor2 | EventType=application | SourceNode=ns=1;s=MotorSource2
[Anomaly Input] [2026-08-15 16:54:49.925 (UTC)] info/application	[Motor] Distance safe (20.385483198978697); rotating motor to 90 degrees | Severity=75 | SourceName=Motor3 | EventType=application | SourceNode=ns=1;s=MotorSource3
[Anomaly Input] [2026-08-15 16:54:49.933 (UTC)] info/application	[Motor] Distance safe (31.275173729879395); rotating motor to 90 degrees | Severity=75 | SourceName=Motor2 | EventType=application | SourceNode=ns=1;s=MotorSource2
[Anomaly Input] [2026-08-15 16:54:49.976 (UTC)] info/application	[Sensor] Updated distance: 28.059796613668926 cm | Severity=75 | SourceName=Sensor | EventType=application | SourceNode=ns=1;s=SensorSource
[Anomaly Input] [2026-08-15 16:54:50.371 (UTC)] info/application	[Sensor] Updated distance: 10.92234752742683 cm | Severity=75 | SourceName=Sensor3 | EventType=application | SourceNode=ns=1;s=SensorSource3
[Anomaly Input] [2026-08-15 16:54:50.371 (UTC)] info/application	[Sensor] Updated distance: 7.984597752794901 cm | Severity=75 | SourceName=Sensor2 | EventType=application | SourceNode=ns=1;s=SensorSource2
[Anomaly Input] [2026-08-15 16:54:50.472 (UTC)] info/application	[Motor] Received distance: 28.059796613668926 cm | Severity=75 | SourceName=Motor | EventType=application | SourceNode=ns=1;s=MotorSource
[Anomaly Input] [2026-08-15 16:54:50.472 (UTC)] info/application	[Motor] Distance safe (28.059796613668926); rotating motor to 90 degrees | Severity=75 | SourceName=Motor | EventType=application | SourceNode=ns=1;s=MotorSource
[Anomaly Input] [2026-08-15 16:54:50.917 (UTC)] info/application	[Motor] Received distance: 10.92234752742683 cm | Severity=75 | SourceName=Motor3 | EventType=application | SourceNode=ns=1;s=MotorSource3
[Anomaly Input] [2026-08-15 16:54:50.919 (UTC)] info/application	[Motor] Received distance: 7.984597752794901 cm | Severity=75 | SourceName=Motor2 | EventType=application | SourceNode=ns=1;s=MotorSource2
[Anomaly Input] [2026-08-15 16:54:50.917 (UTC)] warn/application	[Motor] Distance too close (10.92234752742683); rotating motor to 0 degrees | Severity=175 | SourceName=Motor3 | EventType=application | SourceNode=ns=1;s=MotorSource3
[Anomaly Input] [2026-08-15 16:54:50.919 (UTC)] warn/application	[Motor] Distance too close (7.984597752794901); rotating motor to 0 degrees | Severity=175 | SourceName=Motor2 | EventType=application | SourceNode=ns=1;s=MotorSource2
[Anomaly Input] [2026-08-15 16:54:50.968 (UTC)] info/application	[Sensor] Updated distance: 4.747408734051236 cm | Severity=75 | SourceName=Sensor | EventType=application | SourceNode=ns=1;s=SensorSource
[Anomaly Input] [2026-08-15 16:54:51.373 (UTC)] info/application	[Sensor] Updated distance: 42.95860422819788 cm | Severity=75 | SourceName=Sensor3 | EventType=application | SourceNode=ns=1;s=SensorSource3
[Anomaly Input] [2026-08-15 16:54:51.373 (UTC)] info/application	[Sensor] Updated distance: 13.179039997597709 cm | Severity=75 | SourceName=Sensor2 | EventType=application | SourceNode=ns=1;s=SensorSource2
[Anomaly Input] [2026-08-15 16:54:51.478 (UTC)] info/application	[Motor] Received distance: 4.747408734051236 cm | Severity=75 | SourceName=Motor | EventType=application | SourceNode=ns=1;s=MotorSource
[Anomaly Input] [2026-08-15 16:54:51.478 (UTC)] warn/application	[Motor] Distance too close (4.747408734051236); rotating motor to 0 degrees | Severity=175 | SourceName=Motor | EventType=application | SourceNode=ns=1;s=MotorSource
[Anomaly Input] [2026-08-15 16:54:51.921 (UTC)] info/application	[Motor] Received distance: 42.95860422819788 cm | Severity=75 | SourceName=Motor3 | EventType=application | SourceNode=ns=1;s=MotorSource3
[Anomaly Input] [2026-08-15 16:54:51.921 (UTC)] info/application	[Motor] Received distance: 13.179039997597709 cm | Severity=75 | SourceName=Motor2 | EventType=application | SourceNode=ns=1;s=MotorSource2
[Anomaly Input] [2026-08-15 16:54:51.921 (UTC)] info/application	[Motor] Distance safe (42.95860422819788); rotating motor to 90 degrees | Severity=75 | SourceName=Motor3 | EventType=application | SourceNode=ns=1;s=MotorSource3
[Anomaly Input] [2026-08-15 16:54:51.921 (UTC)] warn/application	[Motor] Distance too close (13.179039997597709); rotating motor to 0 degrees | Severity=175 | SourceName=Motor2 | EventType=application | SourceNode=ns=1;s=MotorSource2
[Anomaly Input] [2026-08-15 16:54:51.970 (UTC)] info/application	[Sensor] Updated distance: 43.98607964533664 cm | Severity=75 | SourceName=Sensor | EventType=application | SourceNode=ns=1;s=SensorSource
[Anomaly Input] [2026-08-15 16:54:52.375 (UTC)] info/application	[Sensor] Updated distance: 9.161055486258611 cm | Severity=75 | SourceName=Sensor2 | EventType=application | SourceNode=ns=1;s=SensorSource2
[Anomaly Input] [2026-08-15 16:54:52.375 (UTC)] info/application	[Sensor] Updated distance: 40.770407240265236 cm | Severity=75 | SourceName=Sensor3 | EventType=application | SourceNode=ns=1;s=SensorSource3
[Anomaly Input] [2026-08-15 16:54:52.469 (UTC)] info/application	[Motor] Received distance: 43.98607964533664 cm | Severity=75 | SourceName=Motor | EventType=application | SourceNode=ns=1;s=MotorSource
[Anomaly Input] [2026-08-15 16:54:52.469 (UTC)] info/application	[Motor] Distance safe (43.98607964533664); rotating motor to 90 degrees | Severity=75 | SourceName=Motor | EventType=application | SourceNode=ns=1;s=MotorSource
[Anomaly Input] [2026-08-15 16:54:52.922 (UTC)] info/application	[Motor] Received distance: 9.161055486258611 cm | Severity=75 | SourceName=Motor2 | EventType=application | SourceNode=ns=1;s=MotorSource2
[Anomaly Input] [2026-08-15 16:54:52.922 (UTC)] info/application	[Motor] Received distance: 40.770407240265236 cm | Severity=75 | SourceName=Motor3 | EventType=application | SourceNode=ns=1;s=MotorSource3
[Anomaly Input] [2026-08-15 16:54:52.922 (UTC)] warn/application	[Motor] Distance too close (9.161055486258611); rotating motor to 0 degrees | Severity=175 | SourceName=Motor2 | EventType=application | SourceNode=ns=1;s=MotorSource2
[Anomaly Input] [2026-08-15 16:54:52.922 (UTC)] info/application	[Motor] Distance safe (40.770407240265236); rotating motor to 90 degrees | Severity=75 | SourceName=Motor3 | EventType=application | SourceNode=ns=1;s=MotorSource3
[Anomaly Input] [2026-08-15 16:54:52.972 (UTC)] info/application	[Sensor] Updated distance: 22.569329487424962 cm | Severity=75 | SourceName=Sensor | EventType=application | SourceNode=ns=1;s=SensorSource
[Anomaly Input] [2026-08-15 16:54:53.367 (UTC)] info/application	[Sensor] Updated distance: 6.651968153497189 cm | Severity=75 | SourceName=Sensor3 | EventType=application | SourceNode=ns=1;s=SensorSource3
[Anomaly Input] [2026-08-15 16:54:53.377 (UTC)] info/application	[Sensor] Updated distance: 36.36644163092898 cm | Severity=75 | SourceName=Sensor2 | EventType=application | SourceNode=ns=1;s=SensorSource2
[Anomaly Input] [2026-08-15 16:54:53.477 (UTC)] info/application	[Motor] Received distance: 22.569329487424962 cm | Severity=75 | SourceName=Motor | EventType=application | SourceNode=ns=1;s=MotorSource
[Anomaly Input] [2026-08-15 16:54:53.477 (UTC)] info/application	[Motor] Distance safe (22.569329487424962); rotating motor to 90 degrees | Severity=75 | SourceName=Motor | EventType=application | SourceNode=ns=1;s=MotorSource
[Anomaly Input] [2026-08-15 16:54:53.932 (UTC)] info/application	[Motor] Received distance: 36.36644163092898 cm | Severity=75 | SourceName=Motor2 | EventType=application | SourceNode=ns=1;s=MotorSource2
[Anomaly Input] [2026-08-15 16:54:53.932 (UTC)] info/application	[Motor] Received distance: 6.651968153497189 cm | Severity=75 | SourceName=Motor3 | EventType=application | SourceNode=ns=1;s=MotorSource3
[Anomaly Input] [2026-08-15 16:54:53.932 (UTC)] info/application	[Motor] Distance safe (36.36644163092898); rotating motor to 90 degrees | Severity=75 | SourceName=Motor2 | EventType=application | SourceNode=ns=1;s=MotorSource2
[Anomaly Input] [2026-08-15 16:54:53.932 (UTC)] warn/application	[Motor] Distance too close (6.651968153497189); rotating motor to 0 degrees | Severity=175 | SourceName=Motor3 | EventType=application | SourceNode=ns=1;s=MotorSource3
[Anomaly Input] [2026-08-15 16:54:53.975 (UTC)] info/application	[Sensor] Updated distance: 7.545793811579139 cm | Severity=75 | SourceName=Sensor | EventType=application | SourceNode=ns=1;s=SensorSource
[Anomaly Input] [2026-08-15 16:54:54.369 (UTC)] info/application	[Sensor] Updated distance: 16.29472731719479 cm | Severity=75 | SourceName=Sensor3 | EventType=application | SourceNode=ns=1;s=SensorSource3
[Anomaly Input] [2026-08-15 16:54:54.380 (UTC)] info/application	[Sensor] Updated distance: 17.59347317348862 cm | Severity=75 | SourceName=Sensor2 | EventType=application | SourceNode=ns=1;s=SensorSource2
[Anomaly Input] [2026-08-15 16:54:54.471 (UTC)] info/application	[Motor] Received distance: 7.545793811579139 cm | Severity=75 | SourceName=Motor | EventType=application | SourceNode=ns=1;s=MotorSource
[Anomaly Input] [2026-08-15 16:54:54.471 (UTC)] warn/application	[Motor] Distance too close (7.545793811579139); rotating motor to 0 degrees | Severity=175 | SourceName=Motor | EventType=application | SourceNode=ns=1;s=MotorSource
[Anomaly Input] [2026-08-15 16:54:54.921 (UTC)] info/application	[Motor] Received distance: 16.29472731719479 cm | Severity=75 | SourceName=Motor3 | EventType=application | SourceNode=ns=1;s=MotorSource3
[Anomaly Input] [2026-08-15 16:54:54.921 (UTC)] info/application	[Motor] Received distance: 17.59347317348862 cm | Severity=75 | SourceName=Motor2 | EventType=application | SourceNode=ns=1;s=MotorSource2
[Anomaly Input] [2026-08-15 16:54:54.921 (UTC)] warn/application	[Motor] Distance too close (17.59347317348862); rotating motor to 0 degrees | Severity=175 | SourceName=Motor2 | EventType=application | SourceNode=ns=1;s=MotorSource2
[Anomaly Input] [2026-08-15 16:54:54.921 (UTC)] warn/application	[Motor] Distance too close (16.29472731719479); rotating motor to 0 degrees | Severity=175 | SourceName=Motor3 | EventType=application | SourceNode=ns=1;s=MotorSource3
[Anomaly Input] [2026-08-15 16:54:54.967 (UTC)] info/application	[Sensor] Updated distance: 6.2490584721085884 cm | Severity=75 | SourceName=Sensor | EventType=application | SourceNode=ns=1;s=SensorSource
[Anomaly Input] [2026-08-15 16:54:55.372 (UTC)] info/application	[Sensor] Updated distance: 9.674246538278762 cm | Severity=75 | SourceName=Sensor2 | EventType=application | SourceNode=ns=1;s=SensorSource2
[Anomaly Input] [2026-08-15 16:54:55.372 (UTC)] info/application	[Sensor] Updated distance: 42.32065062612325 cm | Severity=75 | SourceName=Sensor3 | EventType=application | SourceNode=ns=1;s=SensorSource3
[Anomaly Input] [2026-08-15 16:54:55.478 (UTC)] info/application	[Motor] Received distance: 6.2490584721085884 cm | Severity=75 | SourceName=Motor | EventType=application | SourceNode=ns=1;s=MotorSource
[Anomaly Input] [2026-08-15 16:54:55.478 (UTC)] warn/application	[Motor] Distance too close (6.2490584721085884); rotating motor to 0 degrees | Severity=175 | SourceName=Motor | EventType=application | SourceNode=ns=1;s=MotorSource
[Anomaly Input] [2026-08-15 16:54:55.919 (UTC)] info/application	[Motor] Received distance: 9.674246538278762 cm | Severity=75 | SourceName=Motor2 | EventType=application | SourceNode=ns=1;s=MotorSource2
[Anomaly Input] [2026-08-15 16:54:55.919 (UTC)] info/application	[Motor] Received distance: 42.32065062612325 cm | Severity=75 | SourceName=Motor3 | EventType=application | SourceNode=ns=1;s=MotorSource3
[Anomaly Input] [2026-08-15 16:54:55.919 (UTC)] warn/application	[Motor] Distance too close (9.674246538278762); rotating motor to 0 degrees | Severity=175 | SourceName=Motor2 | EventType=application | SourceNode=ns=1;s=MotorSource2
[Anomaly Input] [2026-08-15 16:54:55.919 (UTC)] info/application	[Motor] Distance safe (42.32065062612325); rotating motor to 90 degrees | Severity=75 | SourceName=Motor3 | EventType=application | SourceNode=ns=1;s=MotorSource3
[Anomaly Input] [2026-08-15 16:54:55.969 (UTC)] info/application	[Sensor] Updated distance: 35.40542480414986 cm | Severity=75 | SourceName=Sensor | EventType=application | SourceNode=ns=1;s=SensorSource
[Anomaly Input] [2026-08-15 16:54:56.374 (UTC)] info/application	[Sensor] Updated distance: 40.524389866052374 cm | Severity=75 | SourceName=Sensor2 | EventType=application | SourceNode=ns=1;s=SensorSource2
[Anomaly Input] [2026-08-15 16:54:56.374 (UTC)] info/application	[Sensor] Updated distance: 38.992689552247846 cm | Severity=75 | SourceName=Sensor3 | EventType=application | SourceNode=ns=1;s=SensorSource3
[Anomaly Input] [2026-08-15 16:54:56.475 (UTC)] info/application	[Motor] Received distance: 35.40542480414986 cm | Severity=75 | SourceName=Motor | EventType=application | SourceNode=ns=1;s=MotorSource
[Anomaly Input] [2026-08-15 16:54:56.475 (UTC)] info/application	[Motor] Distance safe (35.40542480414986); rotating motor to 90 degrees | Severity=75 | SourceName=Motor | EventType=application | SourceNode=ns=1;s=MotorSource
[Anomaly Input] [2026-08-15 16:54:56.922 (UTC)] info/application	[Motor] Received distance: 40.524389866052374 cm | Severity=75 | SourceName=Motor2 | EventType=application | SourceNode=ns=1;s=MotorSource2
[Anomaly Input] [2026-08-15 16:54:56.922 (UTC)] info/application	[Motor] Received distance: 38.992689552247846 cm | Severity=75 | SourceName=Motor3 | EventType=application | SourceNode=ns=1;s=MotorSource3
[Anomaly Input] [2026-08-15 16:54:56.922 (UTC)] info/application	[Motor] Distance safe (38.992689552247846); rotating motor to 90 degrees | Severity=75 | SourceName=Motor3 | EventType=application | SourceNode=ns=1;s=MotorSource3
[Anomaly Input] [2026-08-15 16:54:56.922 (UTC)] info/application	[Motor] Distance safe (40.524389866052374); rotating motor to 90 degrees | Severity=75 | SourceName=Motor2 | EventType=application | SourceNode=ns=1;s=MotorSource2
[Anomaly Input] [2026-08-15 16:54:56.971 (UTC)] info/application	[Sensor] Updated distance: 10.321087058783084 cm | Severity=75 | SourceName=Sensor | EventType=application | SourceNode=ns=1;s=SensorSource
[Anomaly Input] [2026-08-15 16:54:57.376 (UTC)] info/application	[Sensor] Updated distance: 26.453042861285173 cm | Severity=75 | SourceName=Sensor2 | EventType=application | SourceNode=ns=1;s=SensorSource2
[Anomaly Input] [2026-08-15 16:54:57.376 (UTC)] info/application	[Sensor] Updated distance: 10.402193617262967 cm | Severity=75 | SourceName=Sensor3 | EventType=application | SourceNode=ns=1;s=SensorSource3
[Anomaly Input] [2026-08-15 16:54:57.468 (UTC)] info/application	[Motor] Received distance: 10.321087058783084 cm | Severity=75 | SourceName=Motor | EventType=application | SourceNode=ns=1;s=MotorSource
[Anomaly Input] [2026-08-15 16:54:57.468 (UTC)] warn/application	[Motor] Distance too close (10.321087058783084); rotating motor to 0 degrees | Severity=175 | SourceName=Motor | EventType=application | SourceNode=ns=1;s=MotorSource
[Anomaly Input] [2026-08-15 16:54:57.932 (UTC)] info/application	[Motor] Received distance: 10.402193617262967 cm | Severity=75 | SourceName=Motor3 | EventType=application | SourceNode=ns=1;s=MotorSource3
[Anomaly Input] [2026-08-15 16:54:57.932 (UTC)] info/application	[Motor] Received distance: 26.453042861285173 cm | Severity=75 | SourceName=Motor2 | EventType=application | SourceNode=ns=1;s=MotorSource2
[Anomaly Input] [2026-08-15 16:54:57.932 (UTC)] warn/application	[Motor] Distance too close (10.402193617262967); rotating motor to 0 degrees | Severity=175 | SourceName=Motor3 | EventType=application | SourceNode=ns=1;s=MotorSource3
[Anomaly Input] [2026-08-15 16:54:57.932 (UTC)] info/application	[Motor] Distance safe (26.453042861285173); rotating motor to 90 degrees | Severity=75 | SourceName=Motor2 | EventType=application | SourceNode=ns=1;s=MotorSource2
[Anomaly Input] [2026-08-15 16:54:57.973 (UTC)] info/application	[Sensor] Updated distance: 37.54110974983364 cm | Severity=75 | SourceName=Sensor | EventType=application | SourceNode=ns=1;s=SensorSource
[Anomaly Input] [2026-08-15 16:54:58.368 (UTC)] info/application	[Sensor] Updated distance: 2.0010650157933427 cm | Severity=75 | SourceName=Sensor3 | EventType=application | SourceNode=ns=1;s=SensorSource3
[Anomaly Input] [2026-08-15 16:54:58.378 (UTC)] info/application	[Sensor] Updated distance: 6.246463524292439 cm | Severity=75 | SourceName=Sensor2 | EventType=application | SourceNode=ns=1;s=SensorSource2
[Anomaly Input] [2026-08-15 16:54:58.478 (UTC)] info/application	[Motor] Received distance: 37.54110974983364 cm | Severity=75 | SourceName=Motor | EventType=application | SourceNode=ns=1;s=MotorSource
[Anomaly Input] [2026-08-15 16:54:58.478 (UTC)] info/application	[Motor] Distance safe (37.54110974983364); rotating motor to 90 degrees | Severity=75 | SourceName=Motor | EventType=application | SourceNode=ns=1;s=MotorSource
[Anomaly Input] [2026-08-15 16:54:58.920 (UTC)] info/application	[Motor] Received distance: 6.246463524292439 cm | Severity=75 | SourceName=Motor2 | EventType=application | SourceNode=ns=1;s=MotorSource2
[Anomaly Input] [2026-08-15 16:54:58.921 (UTC)] info/application	[Motor] Received distance: 2.0010650157933427 cm | Severity=75 | SourceName=Motor3 | EventType=application | SourceNode=ns=1;s=MotorSource3
[Anomaly Input] [2026-08-15 16:54:58.920 (UTC)] warn/application	[Motor] Distance too close (6.246463524292439); rotating motor to 0 degrees | Severity=175 | SourceName=Motor2 | EventType=application | SourceNode=ns=1;s=MotorSource2
[Anomaly Input] [2026-08-15 16:54:58.921 (UTC)] warn/application	[Motor] Distance too close (2.0010650157933427); rotating motor to 0 degrees | Severity=175 | SourceName=Motor3 | EventType=application | SourceNode=ns=1;s=MotorSource3
[Anomaly Input] [2026-08-15 16:54:58.976 (UTC)] info/application	[Sensor] Updated distance: 43.105979946025634 cm | Severity=75 | SourceName=Sensor | EventType=application | SourceNode=ns=1;s=SensorSource
[Anomaly Input] [2026-08-15 16:54:59.371 (UTC)] info/application	[Sensor] Updated distance: 24.183001305061858 cm | Severity=75 | SourceName=Sensor3 | EventType=application | SourceNode=ns=1;s=SensorSource3
[Anomaly Input] [2026-08-15 16:54:59.371 (UTC)] info/application	[Sensor] Updated distance: 14.478029621987616 cm | Severity=75 | SourceName=Sensor2 | EventType=application | SourceNode=ns=1;s=SensorSource2
[Anomaly Input] [2026-08-15 16:54:59.472 (UTC)] info/application	[Motor] Received distance: 43.105979946025634 cm | Severity=75 | SourceName=Motor | EventType=application | SourceNode=ns=1;s=MotorSource
[Anomaly Input] [2026-08-15 16:54:59.472 (UTC)] info/application	[Motor] Distance safe (43.105979946025634); rotating motor to 90 degrees | Severity=75 | SourceName=Motor | EventType=application | SourceNode=ns=1;s=MotorSource
[Anomaly Input] [2026-08-15 16:54:59.918 (UTC)] info/application	[Motor] Received distance: 14.478029621987616 cm | Severity=75 | SourceName=Motor2 | EventType=application | SourceNode=ns=1;s=MotorSource2
[Anomaly Input] [2026-08-15 16:54:59.918 (UTC)] info/application	[Motor] Received distance: 24.183001305061858 cm | Severity=75 | SourceName=Motor3 | EventType=application | SourceNode=ns=1;s=MotorSource3
[Anomaly Input] [2026-08-15 16:54:59.918 (UTC)] info/application	[Motor] Distance safe (24.183001305061858); rotating motor to 90 degrees | Severity=75 | SourceName=Motor3 | EventType=application | SourceNode=ns=1;s=MotorSource3
[Anomaly Input] [2026-08-15 16:54:59.918 (UTC)] warn/application	[Motor] Distance too close (14.478029621987616); rotating motor to 0 degrees | Severity=175 | SourceName=Motor2 | EventType=application | SourceNode=ns=1;s=MotorSource2
[Anomaly Input] [2026-08-15 16:54:59.968 (UTC)] info/application	[Sensor] Updated distance: 27.67483310106901 cm | Severity=75 | SourceName=Sensor | EventType=application | SourceNode=ns=1;s=SensorSource
[Anomaly Input] [2026-08-15 16:55:00.373 (UTC)] info/application	[Sensor] Updated distance: 41.532827075353275 cm | Severity=75 | SourceName=Sensor2 | EventType=application | SourceNode=ns=1;s=SensorSource2
[Anomaly Input] [2026-08-15 16:55:00.373 (UTC)] info/application	[Sensor] Updated distance: 44.69152366122767 cm | Severity=75 | SourceName=Sensor3 | EventType=application | SourceNode=ns=1;s=SensorSource3
[Anomaly Input] [2026-08-15 16:55:00.477 (UTC)] info/application	[Motor] Received distance: 27.67483310106901 cm | Severity=75 | SourceName=Motor | EventType=application | SourceNode=ns=1;s=MotorSource
[Anomaly Input] [2026-08-15 16:55:00.477 (UTC)] info/application	[Motor] Distance safe (27.67483310106901); rotating motor to 90 degrees | Severity=75 | SourceName=Motor | EventType=application | SourceNode=ns=1;s=MotorSource
[Anomaly Input] [2026-08-15 16:55:00.920 (UTC)] info/application	[Motor] Received distance: 41.532827075353275 cm | Severity=75 | SourceName=Motor2 | EventType=application | SourceNode=ns=1;s=MotorSource2
[Anomaly Input] [2026-08-15 16:55:00.921 (UTC)] info/application	[Motor] Received distance: 44.69152366122767 cm | Severity=75 | SourceName=Motor3 | EventType=application | SourceNode=ns=1;s=MotorSource3
[Anomaly Input] [2026-08-15 16:55:00.920 (UTC)] info/application	[Motor] Distance safe (41.532827075353275); rotating motor to 90 degrees | Severity=75 | SourceName=Motor2 | EventType=application | SourceNode=ns=1;s=MotorSource2
[Anomaly Input] [2026-08-15 16:55:00.921 (UTC)] info/application	[Motor] Distance safe (44.69152366122767); rotating motor to 90 degrees | Severity=75 | SourceName=Motor3 | EventType=application | SourceNode=ns=1;s=MotorSource3
[Anomaly Input] [2026-08-15 16:55:00.970 (UTC)] info/application	[Sensor] Updated distance: 38.8481448389814 cm | Severity=75 | SourceName=Sensor | EventType=application | SourceNode=ns=1;s=SensorSource
[Anomaly Input] [2026-08-15 16:55:01.375 (UTC)] info/application	[Sensor] Updated distance: 33.87251157307648 cm | Severity=75 | SourceName=Sensor3 | EventType=application | SourceNode=ns=1;s=SensorSource3
[Anomaly Input] [2026-08-15 16:55:01.375 (UTC)] info/application	[Sensor] Updated distance: 41.45728721816897 cm | Severity=75 | SourceName=Sensor2 | EventType=application | SourceNode=ns=1;s=SensorSource2
[Anomaly Input] [2026-08-15 16:55:01.468 (UTC)] info/application	[Motor] Received distance: 38.8481448389814 cm | Severity=75 | SourceName=Motor | EventType=application | SourceNode=ns=1;s=MotorSource
[Anomaly Input] [2026-08-15 16:55:01.468 (UTC)] info/application	[Motor] Distance safe (38.8481448389814); rotating motor to 90 degrees | Severity=75 | SourceName=Motor | EventType=application | SourceNode=ns=1;s=MotorSource
[Anomaly Input] [2026-08-15 16:55:01.930 (UTC)] info/application	[Motor] Received distance: 41.45728721816897 cm | Severity=75 | SourceName=Motor2 | EventType=application | SourceNode=ns=1;s=MotorSource2
[Anomaly Input] [2026-08-15 16:55:01.931 (UTC)] info/application	[Motor] Received distance: 33.87251157307648 cm | Severity=75 | SourceName=Motor3 | EventType=application | SourceNode=ns=1;s=MotorSource3
[Anomaly Input] [2026-08-15 16:55:01.930 (UTC)] info/application	[Motor] Distance safe (41.45728721816897); rotating motor to 90 degrees | Severity=75 | SourceName=Motor2 | EventType=application | SourceNode=ns=1;s=MotorSource2
[Anomaly Input] [2026-08-15 16:55:01.931 (UTC)] info/application	[Motor] Distance safe (33.87251157307648); rotating motor to 90 degrees | Severity=75 | SourceName=Motor3 | EventType=application | SourceNode=ns=1;s=MotorSource3
[Anomaly Input] [2026-08-15 16:55:01.972 (UTC)] info/application	[Sensor] Updated distance: 2.8210618648776142 cm | Severity=75 | SourceName=Sensor | EventType=application | SourceNode=ns=1;s=SensorSource
[Anomaly Input] [2026-08-15 16:55:02.367 (UTC)] info/application	[Sensor] Updated distance: 10.365660187027258 cm | Severity=75 | SourceName=Sensor3 | EventType=application | SourceNode=ns=1;s=SensorSource3
[Anomaly Input] [2026-08-15 16:55:02.378 (UTC)] info/application	[Sensor] Updated distance: 22.302412452317032 cm | Severity=75 | SourceName=Sensor2 | EventType=application | SourceNode=ns=1;s=SensorSource2
[Anomaly Input] [2026-08-15 16:55:02.478 (UTC)] info/application	[Motor] Received distance: 2.8210618648776142 cm | Severity=75 | SourceName=Motor | EventType=application | SourceNode=ns=1;s=MotorSource
[Anomaly Input] [2026-08-15 16:55:02.478 (UTC)] warn/application	[Motor] Distance too close (2.8210618648776142); rotating motor to 0 degrees | Severity=175 | SourceName=Motor | EventType=application | SourceNode=ns=1;s=MotorSource
[Anomaly Input] [2026-08-15 16:55:02.924 (UTC)] info/application	[Motor] Received distance: 22.302412452317032 cm | Severity=75 | SourceName=Motor2 | EventType=application | SourceNode=ns=1;s=MotorSource2
[Anomaly Input] [2026-08-15 16:55:02.924 (UTC)] info/application	[Motor] Received distance: 10.365660187027258 cm | Severity=75 | SourceName=Motor3 | EventType=application | SourceNode=ns=1;s=MotorSource3
[Anomaly Input] [2026-08-15 16:55:02.924 (UTC)] warn/application	[Motor] Distance too close (10.365660187027258); rotating motor to 0 degrees | Severity=175 | SourceName=Motor3 | EventType=application | SourceNode=ns=1;s=MotorSource3
[Anomaly Input] [2026-08-15 16:55:02.924 (UTC)] info/application	[Motor] Distance safe (22.302412452317032); rotating motor to 90 degrees | Severity=75 | SourceName=Motor2 | EventType=application | SourceNode=ns=1;s=MotorSource2
[Anomaly Input] [2026-08-15 16:55:02.975 (UTC)] info/application	[Sensor] Updated distance: 26.782376263654964 cm | Severity=75 | SourceName=Sensor | EventType=application | SourceNode=ns=1;s=SensorSource
[Anomaly Input] [2026-08-15 16:55:03.370 (UTC)] info/application	[Sensor] Updated distance: 2.2798555867187007 cm | Severity=75 | SourceName=Sensor3 | EventType=application | SourceNode=ns=1;s=SensorSource3
[Anomaly Input] [2026-08-15 16:55:03.370 (UTC)] info/application	[Sensor] Updated distance: 37.880178609807125 cm | Severity=75 | SourceName=Sensor2 | EventType=application | SourceNode=ns=1;s=SensorSource2
[Anomaly Input] [2026-08-15 16:55:03.471 (UTC)] info/application	[Motor] Received distance: 26.782376263654964 cm | Severity=75 | SourceName=Motor | EventType=application | SourceNode=ns=1;s=MotorSource
[Anomaly Input] [2026-08-15 16:55:03.471 (UTC)] info/application	[Motor] Distance safe (26.782376263654964); rotating motor to 90 degrees | Severity=75 | SourceName=Motor | EventType=application | SourceNode=ns=1;s=MotorSource
[Anomaly Input] [2026-08-15 16:55:03.916 (UTC)] info/application	[Motor] Received distance: 2.2798555867187007 cm | Severity=75 | SourceName=Motor3 | EventType=application | SourceNode=ns=1;s=MotorSource3
[Anomaly Input] [2026-08-15 16:55:03.916 (UTC)] info/application	[Motor] Received distance: 37.880178609807125 cm | Severity=75 | SourceName=Motor2 | EventType=application | SourceNode=ns=1;s=MotorSource2
[Anomaly Input] [2026-08-15 16:55:03.916 (UTC)] warn/application	[Motor] Distance too close (2.2798555867187007); rotating motor to 0 degrees | Severity=175 | SourceName=Motor3 | EventType=application | SourceNode=ns=1;s=MotorSource3
[Anomaly Input] [2026-08-15 16:55:03.916 (UTC)] info/application	[Motor] Distance safe (37.880178609807125); rotating motor to 90 degrees | Severity=75 | SourceName=Motor2 | EventType=application | SourceNode=ns=1;s=MotorSource2
[Anomaly Input] [2026-08-15 16:55:03.967 (UTC)] info/application	[Sensor] Updated distance: 38.750451052910854 cm | Severity=75 | SourceName=Sensor | EventType=application | SourceNode=ns=1;s=SensorSource
[Anomaly Input] [2026-08-15 16:55:04.371 (UTC)] info/application	[Sensor] Updated distance: 28.421696079159943 cm | Severity=75 | SourceName=Sensor3 | EventType=application | SourceNode=ns=1;s=SensorSource3
[Anomaly Input] [2026-08-15 16:55:04.371 (UTC)] info/application	[Sensor] Updated distance: 29.058793631875325 cm | Severity=75 | SourceName=Sensor2 | EventType=application | SourceNode=ns=1;s=SensorSource2
[Anomaly Input] [2026-08-15 16:55:04.478 (UTC)] info/application	[Motor] Received distance: 38.750451052910854 cm | Severity=75 | SourceName=Motor | EventType=application | SourceNode=ns=1;s=MotorSource
[Anomaly Input] [2026-08-15 16:55:04.478 (UTC)] info/application	[Motor] Distance safe (38.750451052910854); rotating motor to 90 degrees | Severity=75 | SourceName=Motor | EventType=application | SourceNode=ns=1;s=MotorSource
[Anomaly Input] [2026-08-15 16:55:04.920 (UTC)] info/application	[Motor] Received distance: 29.058793631875325 cm | Severity=75 | SourceName=Motor2 | EventType=application | SourceNode=ns=1;s=MotorSource2
[Anomaly Input] [2026-08-15 16:55:04.921 (UTC)] info/application	[Motor] Received distance: 28.421696079159943 cm | Severity=75 | SourceName=Motor3 | EventType=application | SourceNode=ns=1;s=MotorSource3
[Anomaly Input] [2026-08-15 16:55:04.920 (UTC)] info/application	[Motor] Distance safe (29.058793631875325); rotating motor to 90 degrees | Severity=75 | SourceName=Motor2 | EventType=application | SourceNode=ns=1;s=MotorSource2
[Anomaly Input] [2026-08-15 16:55:04.921 (UTC)] info/application	[Motor] Distance safe (28.421696079159943); rotating motor to 90 degrees | Severity=75 | SourceName=Motor3 | EventType=application | SourceNode=ns=1;s=MotorSource3
[Anomaly Input] [2026-08-15 16:55:04.969 (UTC)] info/application	[Sensor] Updated distance: 26.018393661835415 cm | Severity=75 | SourceName=Sensor | EventType=application | SourceNode=ns=1;s=SensorSource
[Anomaly Input] [2026-08-15 16:55:05.373 (UTC)] info/application	[Sensor] Updated distance: 22.982068280215405 cm | Severity=75 | SourceName=Sensor3 | EventType=application | SourceNode=ns=1;s=SensorSource3
[Anomaly Input] [2026-08-15 16:55:05.373 (UTC)] info/application	[Sensor] Updated distance: 10.442165304181243 cm | Severity=75 | SourceName=Sensor2 | EventType=application | SourceNode=ns=1;s=SensorSource2
[Anomaly Input] [2026-08-15 16:55:05.475 (UTC)] info/application	[Motor] Received distance: 26.018393661835415 cm | Severity=75 | SourceName=Motor | EventType=application | SourceNode=ns=1;s=MotorSource
[Anomaly Input] [2026-08-15 16:55:05.475 (UTC)] info/application	[Motor] Distance safe (26.018393661835415); rotating motor to 90 degrees | Severity=75 | SourceName=Motor | EventType=application | SourceNode=ns=1;s=MotorSource
[Anomaly Input] [2026-08-15 16:55:05.920 (UTC)] info/application	[Motor] Received distance: 22.982068280215405 cm | Severity=75 | SourceName=Motor3 | EventType=application | SourceNode=ns=1;s=MotorSource3
[Anomaly Input] [2026-08-15 16:55:05.930 (UTC)] info/application	[Motor] Received distance: 10.442165304181243 cm | Severity=75 | SourceName=Motor2 | EventType=application | SourceNode=ns=1;s=MotorSource2
[Anomaly Input] [2026-08-15 16:55:05.920 (UTC)] info/application	[Motor] Distance safe (22.982068280215405); rotating motor to 90 degrees | Severity=75 | SourceName=Motor3 | EventType=application | SourceNode=ns=1;s=MotorSource3
[Anomaly Input] [2026-08-15 16:55:05.930 (UTC)] warn/application	[Motor] Distance too close (10.442165304181243); rotating motor to 0 degrees | Severity=175 | SourceName=Motor2 | EventType=application | SourceNode=ns=1;s=MotorSource2
[Anomaly Input] [2026-08-15 16:55:05.971 (UTC)] info/application	[Sensor] Updated distance: 12.004567836413424 cm | Severity=75 | SourceName=Sensor | EventType=application | SourceNode=ns=1;s=SensorSource
[Anomaly Input] [2026-08-15 16:55:06.376 (UTC)] info/application	[Sensor] Updated distance: 7.47339705632692 cm | Severity=75 | SourceName=Sensor2 | EventType=application | SourceNode=ns=1;s=SensorSource2
[Anomaly Input] [2026-08-15 16:55:06.376 (UTC)] info/application	[Sensor] Updated distance: 30.084034925365835 cm | Severity=75 | SourceName=Sensor3 | EventType=application | SourceNode=ns=1;s=SensorSource3
[Anomaly Input] [2026-08-15 16:55:06.467 (UTC)] info/application	[Motor] Received distance: 12.004567836413424 cm | Severity=75 | SourceName=Motor | EventType=application | SourceNode=ns=1;s=MotorSource
[Anomaly Input] [2026-08-15 16:55:06.467 (UTC)] warn/application	[Motor] Distance too close (12.004567836413424); rotating motor to 0 degrees | Severity=175 | SourceName=Motor | EventType=application | SourceNode=ns=1;s=MotorSource
[Anomaly Input] [2026-08-15 16:55:06.922 (UTC)] info/application	[Motor] Received distance: 7.47339705632692 cm | Severity=75 | SourceName=Motor2 | EventType=application | SourceNode=ns=1;s=MotorSource2
[Anomaly Input] [2026-08-15 16:55:06.931 (UTC)] info/application	[Motor] Received distance: 30.084034925365835 cm | Severity=75 | SourceName=Motor3 | EventType=application | SourceNode=ns=1;s=MotorSource3
[Anomaly Input] [2026-08-15 16:55:06.922 (UTC)] warn/application	[Motor] Distance too close (7.47339705632692); rotating motor to 0 degrees | Severity=175 | SourceName=Motor2 | EventType=application | SourceNode=ns=1;s=MotorSource2
[Anomaly Input] [2026-08-15 16:55:06.931 (UTC)] info/application	[Motor] Distance safe (30.084034925365835); rotating motor to 90 degrees | Severity=75 | SourceName=Motor3 | EventType=application | SourceNode=ns=1;s=MotorSource3
[Anomaly Input] [2026-08-15 16:55:06.973 (UTC)] info/application	[Sensor] Updated distance: 20.52291795728864 cm | Severity=75 | SourceName=Sensor | EventType=application | SourceNode=ns=1;s=SensorSource
[Anomaly Input] [2026-08-15 16:55:07.368 (UTC)] info/application	[Sensor] Updated distance: 6.606449635981791 cm | Severity=75 | SourceName=Sensor3 | EventType=application | SourceNode=ns=1;s=SensorSource3
[Anomaly Input] [2026-08-15 16:55:07.378 (UTC)] info/application	[Sensor] Updated distance: 36.4409018542808 cm | Severity=75 | SourceName=Sensor2 | EventType=application | SourceNode=ns=1;s=SensorSource2
[Anomaly Input] [2026-08-15 16:55:07.477 (UTC)] info/application	[Motor] Received distance: 20.52291795728864 cm | Severity=75 | SourceName=Motor | EventType=application | SourceNode=ns=1;s=MotorSource
[Anomaly Input] [2026-08-15 16:55:07.477 (UTC)] info/application	[Motor] Distance safe (20.52291795728864); rotating motor to 90 degrees | Severity=75 | SourceName=Motor | EventType=application | SourceNode=ns=1;s=MotorSource
[Anomaly Input] [2026-08-15 16:55:07.924 (UTC)] info/application	[Motor] Received distance: 6.606449635981791 cm | Severity=75 | SourceName=Motor3 | EventType=application | SourceNode=ns=1;s=MotorSource3
[Anomaly Input] [2026-08-15 16:55:07.932 (UTC)] info/application	[Motor] Received distance: 36.4409018542808 cm | Severity=75 | SourceName=Motor2 | EventType=application | SourceNode=ns=1;s=MotorSource2
[Anomaly Input] [2026-08-15 16:55:07.924 (UTC)] warn/application	[Motor] Distance too close (6.606449635981791); rotating motor to 0 degrees | Severity=175 | SourceName=Motor3 | EventType=application | SourceNode=ns=1;s=MotorSource3
[Anomaly Input] [2026-08-15 16:55:07.932 (UTC)] info/application	[Motor] Distance safe (36.4409018542808); rotating motor to 90 degrees | Severity=75 | SourceName=Motor2 | EventType=application | SourceNode=ns=1;s=MotorSource2
[Anomaly Input] [2026-08-15 16:55:07.975 (UTC)] info/application	[Sensor] Updated distance: 17.607990562733256 cm | Severity=75 | SourceName=Sensor | EventType=application | SourceNode=ns=1;s=SensorSource
[Anomaly Input] [2026-08-15 16:55:08.369 (UTC)] info/application	[Sensor] Updated distance: 11.318121437597144 cm | Severity=75 | SourceName=Sensor3 | EventType=application | SourceNode=ns=1;s=SensorSource3
[Anomaly Input] [2026-08-15 16:55:08.379 (UTC)] info/application	[Sensor] Updated distance: 39.107640157038176 cm | Severity=75 | SourceName=Sensor2 | EventType=application | SourceNode=ns=1;s=SensorSource2
[Anomaly Input] [2026-08-15 16:55:08.471 (UTC)] info/application	[Motor] Received distance: 17.607990562733256 cm | Severity=75 | SourceName=Motor | EventType=application | SourceNode=ns=1;s=MotorSource
[Anomaly Input] [2026-08-15 16:55:08.471 (UTC)] warn/application	[Motor] Distance too close (17.607990562733256); rotating motor to 0 degrees | Severity=175 | SourceName=Motor | EventType=application | SourceNode=ns=1;s=MotorSource
[Anomaly Input] [2026-08-15 16:55:08.916 (UTC)] info/application	[Motor] Received distance: 11.318121437597144 cm | Severity=75 | SourceName=Motor3 | EventType=application | SourceNode=ns=1;s=MotorSource3
[Anomaly Input] [2026-08-15 16:55:08.920 (UTC)] info/application	[Motor] Received distance: 39.107640157038176 cm | Severity=75 | SourceName=Motor2 | EventType=application | SourceNode=ns=1;s=MotorSource2
[Anomaly Input] [2026-08-15 16:55:08.916 (UTC)] warn/application	[Motor] Distance too close (11.318121437597144); rotating motor to 0 degrees | Severity=175 | SourceName=Motor3 | EventType=application | SourceNode=ns=1;s=MotorSource3
[Anomaly Input] [2026-08-15 16:55:08.920 (UTC)] info/application	[Motor] Distance safe (39.107640157038176); rotating motor to 90 degrees | Severity=75 | SourceName=Motor2 | EventType=application | SourceNode=ns=1;s=MotorSource2
[Anomaly Input] [2026-08-15 16:55:08.966 (UTC)] info/application	[Sensor] Updated distance: 43.648235549055144 cm | Severity=75 | SourceName=Sensor | EventType=application | SourceNode=ns=1;s=SensorSource
[Anomaly Input] [2026-08-15 16:55:09.371 (UTC)] info/application	[Sensor] Updated distance: 17.691202945863456 cm | Severity=75 | SourceName=Sensor3 | EventType=application | SourceNode=ns=1;s=SensorSource3
[Anomaly Input] [2026-08-15 16:55:09.371 (UTC)] info/application	[Sensor] Updated distance: 37.64851648530388 cm | Severity=75 | SourceName=Sensor2 | EventType=application | SourceNode=ns=1;s=SensorSource2
[Anomaly Input] [2026-08-15 16:55:09.478 (UTC)] info/application	[Motor] Received distance: 43.648235549055144 cm | Severity=75 | SourceName=Motor | EventType=application | SourceNode=ns=1;s=MotorSource
[Anomaly Input] [2026-08-15 16:55:09.478 (UTC)] info/application	[Motor] Distance safe (43.648235549055144); rotating motor to 90 degrees | Severity=75 | SourceName=Motor | EventType=application | SourceNode=ns=1;s=MotorSource
[Anomaly Input] [2026-08-15 16:55:09.918 (UTC)] info/application	[Motor] Received distance: 37.64851648530388 cm | Severity=75 | SourceName=Motor2 | EventType=application | SourceNode=ns=1;s=MotorSource2
[Anomaly Input] [2026-08-15 16:55:09.921 (UTC)] info/application	[Motor] Received distance: 17.691202945863456 cm | Severity=75 | SourceName=Motor3 | EventType=application | SourceNode=ns=1;s=MotorSource3
[Anomaly Input] [2026-08-15 16:55:09.918 (UTC)] info/application	[Motor] Distance safe (37.64851648530388); rotating motor to 90 degrees | Severity=75 | SourceName=Motor2 | EventType=application | SourceNode=ns=1;s=MotorSource2
[Anomaly Input] [2026-08-15 16:55:09.921 (UTC)] warn/application	[Motor] Distance too close (17.691202945863456); rotating motor to 0 degrees | Severity=175 | SourceName=Motor3 | EventType=application | SourceNode=ns=1;s=MotorSource3
[Anomaly Input] [2026-08-15 16:55:09.969 (UTC)] info/application	[Sensor] Updated distance: 6.220815772293515 cm | Severity=75 | SourceName=Sensor | EventType=application | SourceNode=ns=1;s=SensorSource
[Anomaly Input] [2026-08-15 16:55:10.373 (UTC)] info/application	[Sensor] Updated distance: 24.544214683838288 cm | Severity=75 | SourceName=Sensor2 | EventType=application | SourceNode=ns=1;s=SensorSource2
[Anomaly Input] [2026-08-15 16:55:10.374 (UTC)] info/application	[Sensor] Updated distance: 49.0816570739642 cm | Severity=75 | SourceName=Sensor3 | EventType=application | SourceNode=ns=1;s=SensorSource3
[Anomaly Input] [2026-08-15 16:55:10.475 (UTC)] info/application	[Motor] Received distance: 6.220815772293515 cm | Severity=75 | SourceName=Motor | EventType=application | SourceNode=ns=1;s=MotorSource
[Anomaly Input] [2026-08-15 16:55:10.475 (UTC)] warn/application	[Motor] Distance too close (6.220815772293515); rotating motor to 0 degrees | Severity=175 | SourceName=Motor | EventType=application | SourceNode=ns=1;s=MotorSource
[Anomaly Input] [2026-08-15 16:55:10.920 (UTC)] info/application	[Motor] Received distance: 49.0816570739642 cm | Severity=75 | SourceName=Motor3 | EventType=application | SourceNode=ns=1;s=MotorSource3
[Anomaly Input] [2026-08-15 16:55:10.920 (UTC)] info/application	[Motor] Received distance: 24.544214683838288 cm | Severity=75 | SourceName=Motor2 | EventType=application | SourceNode=ns=1;s=MotorSource2
[Anomaly Input] [2026-08-15 16:55:10.920 (UTC)] info/application	[Motor] Distance safe (49.0816570739642); rotating motor to 90 degrees | Severity=75 | SourceName=Motor3 | EventType=application | SourceNode=ns=1;s=MotorSource3
[Anomaly Input] [2026-08-15 16:55:10.920 (UTC)] info/application	[Motor] Distance safe (24.544214683838288); rotating motor to 90 degrees | Severity=75 | SourceName=Motor2 | EventType=application | SourceNode=ns=1;s=MotorSource2
[Anomaly Input] [2026-08-15 16:55:10.971 (UTC)] info/application	[Sensor] Updated distance: 41.80364001905715 cm | Severity=75 | SourceName=Sensor | EventType=application | SourceNode=ns=1;s=SensorSource
[Anomaly Input] [2026-08-15 16:55:11.376 (UTC)] info/application	[Sensor] Updated distance: 13.677684558405394 cm | Severity=75 | SourceName=Sensor2 | EventType=application | SourceNode=ns=1;s=SensorSource2
[Anomaly Input] [2026-08-15 16:55:11.376 (UTC)] info/application	[Sensor] Updated distance: 47.94248150938306 cm | Severity=75 | SourceName=Sensor3 | EventType=application | SourceNode=ns=1;s=SensorSource3
[Anomaly Input] [2026-08-15 16:55:11.467 (UTC)] info/application	[Motor] Received distance: 41.80364001905715 cm | Severity=75 | SourceName=Motor | EventType=application | SourceNode=ns=1;s=MotorSource
[Anomaly Input] [2026-08-15 16:55:11.467 (UTC)] info/application	[Motor] Distance safe (41.80364001905715); rotating motor to 90 degrees | Severity=75 | SourceName=Motor | EventType=application | SourceNode=ns=1;s=MotorSource
[Anomaly Input] [2026-08-15 16:55:11.931 (UTC)] info/application	[Motor] Received distance: 13.677684558405394 cm | Severity=75 | SourceName=Motor2 | EventType=application | SourceNode=ns=1;s=MotorSource2
[Anomaly Input] [2026-08-15 16:55:11.931 (UTC)] info/application	[Motor] Received distance: 47.94248150938306 cm | Severity=75 | SourceName=Motor3 | EventType=application | SourceNode=ns=1;s=MotorSource3
[Anomaly Input] [2026-08-15 16:55:11.931 (UTC)] info/application	[Motor] Distance safe (47.94248150938306); rotating motor to 90 degrees | Severity=75 | SourceName=Motor3 | EventType=application | SourceNode=ns=1;s=MotorSource3
[Anomaly Input] [2026-08-15 16:55:11.931 (UTC)] warn/application	[Motor] Distance too close (13.677684558405394); rotating motor to 0 degrees | Severity=175 | SourceName=Motor2 | EventType=application | SourceNode=ns=1;s=MotorSource2
[Anomaly Input] [2026-08-15 16:55:11.973 (UTC)] info/application	[Sensor] Updated distance: 4.420899071926669 cm | Severity=75 | SourceName=Sensor | EventType=application | SourceNode=ns=1;s=SensorSource
[Anomaly Input] [2026-08-15 16:55:12.368 (UTC)] info/application	[Sensor] Updated distance: 27.023549680143383 cm | Severity=75 | SourceName=Sensor3 | EventType=application | SourceNode=ns=1;s=SensorSource3
[Anomaly Input] [2026-08-15 16:55:12.378 (UTC)] info/application	[Sensor] Updated distance: 31.662580198451213 cm | Severity=75 | SourceName=Sensor2 | EventType=application | SourceNode=ns=1;s=SensorSource2
[Anomaly Input] [2026-08-15 16:55:12.478 (UTC)] info/application	[Motor] Received distance: 4.420899071926669 cm | Severity=75 | SourceName=Motor | EventType=application | SourceNode=ns=1;s=MotorSource
[Anomaly Input] [2026-08-15 16:55:12.478 (UTC)] warn/application	[Motor] Distance too close (4.420899071926669); rotating motor to 0 degrees | Severity=175 | SourceName=Motor | EventType=application | SourceNode=ns=1;s=MotorSource
[Anomaly Input] [2026-08-15 16:55:12.924 (UTC)] info/application	[Motor] Received distance: 27.023549680143383 cm | Severity=75 | SourceName=Motor3 | EventType=application | SourceNode=ns=1;s=MotorSource3
[Anomaly Input] [2026-08-15 16:55:12.924 (UTC)] info/application	[Motor] Received distance: 31.662580198451213 cm | Severity=75 | SourceName=Motor2 | EventType=application | SourceNode=ns=1;s=MotorSource2
[Anomaly Input] [2026-08-15 16:55:12.924 (UTC)] info/application	[Motor] Distance safe (27.023549680143383); rotating motor to 90 degrees | Severity=75 | SourceName=Motor3 | EventType=application | SourceNode=ns=1;s=MotorSource3
[Anomaly Input] [2026-08-15 16:55:12.924 (UTC)] info/application	[Motor] Distance safe (31.662580198451213); rotating motor to 90 degrees | Severity=75 | SourceName=Motor2 | EventType=application | SourceNode=ns=1;s=MotorSource2
[Anomaly Input] [2026-08-15 16:55:12.975 (UTC)] info/application	[Sensor] Updated distance: 15.854545748724856 cm | Severity=75 | SourceName=Sensor | EventType=application | SourceNode=ns=1;s=SensorSource
[Anomaly Input] [2026-08-15 16:55:13.370 (UTC)] info/application	[Sensor] Updated distance: 11.601602320373804 cm | Severity=75 | SourceName=Sensor2 | EventType=application | SourceNode=ns=1;s=SensorSource2
[Anomaly Input] [2026-08-15 16:55:13.370 (UTC)] info/application	[Sensor] Updated distance: 10.392091345224571 cm | Severity=75 | SourceName=Sensor3 | EventType=application | SourceNode=ns=1;s=SensorSource3
[Anomaly Input] [2026-08-15 16:55:13.471 (UTC)] info/application	[Motor] Received distance: 15.854545748724856 cm | Severity=75 | SourceName=Motor | EventType=application | SourceNode=ns=1;s=MotorSource
[Anomaly Input] [2026-08-15 16:55:13.471 (UTC)] warn/application	[Motor] Distance too close (15.854545748724856); rotating motor to 0 degrees | Severity=175 | SourceName=Motor | EventType=application | SourceNode=ns=1;s=MotorSource
[Anomaly Input] [2026-08-15 16:55:13.917 (UTC)] info/application	[Motor] Received distance: 10.392091345224571 cm | Severity=75 | SourceName=Motor3 | EventType=application | SourceNode=ns=1;s=MotorSource3
[Anomaly Input] [2026-08-15 16:55:13.917 (UTC)] info/application	[Motor] Received distance: 11.601602320373804 cm | Severity=75 | SourceName=Motor2 | EventType=application | SourceNode=ns=1;s=MotorSource2
[Anomaly Input] [2026-08-15 16:55:13.917 (UTC)] warn/application	[Motor] Distance too close (11.601602320373804); rotating motor to 0 degrees | Severity=175 | SourceName=Motor2 | EventType=application | SourceNode=ns=1;s=MotorSource2
[Anomaly Input] [2026-08-15 16:55:13.917 (UTC)] warn/application	[Motor] Distance too close (10.392091345224571); rotating motor to 0 degrees | Severity=175 | SourceName=Motor3 | EventType=application | SourceNode=ns=1;s=MotorSource3
[Anomaly Input] [2026-08-15 16:55:13.967 (UTC)] info/application	[Sensor] Updated distance: 5.4361531824973195 cm | Severity=75 | SourceName=Sensor | EventType=application | SourceNode=ns=1;s=SensorSource
[Anomaly Input] [2026-08-15 16:55:14.372 (UTC)] info/application	[Sensor] Updated distance: 44.329254609685975 cm | Severity=75 | SourceName=Sensor3 | EventType=application | SourceNode=ns=1;s=SensorSource3
[Anomaly Input] [2026-08-15 16:55:14.372 (UTC)] info/application	[Sensor] Updated distance: 18.035812154428946 cm | Severity=75 | SourceName=Sensor2 | EventType=application | SourceNode=ns=1;s=SensorSource2
[Anomaly Input] [2026-08-15 16:55:14.477 (UTC)] info/application	[Motor] Received distance: 5.4361531824973195 cm | Severity=75 | SourceName=Motor | EventType=application | SourceNode=ns=1;s=MotorSource
[Anomaly Input] [2026-08-15 16:55:14.477 (UTC)] warn/application	[Motor] Distance too close (5.4361531824973195); rotating motor to 0 degrees | Severity=175 | SourceName=Motor | EventType=application | SourceNode=ns=1;s=MotorSource
[Anomaly Input] [2026-08-15 16:55:14.920 (UTC)] info/application	[Motor] Received distance: 18.035812154428946 cm | Severity=75 | SourceName=Motor2 | EventType=application | SourceNode=ns=1;s=MotorSource2
[Anomaly Input] [2026-08-15 16:55:14.921 (UTC)] info/application	[Motor] Received distance: 44.329254609685975 cm | Severity=75 | SourceName=Motor3 | EventType=application | SourceNode=ns=1;s=MotorSource3
[Anomaly Input] [2026-08-15 16:55:14.920 (UTC)] warn/application	[Motor] Distance too close (18.035812154428946); rotating motor to 0 degrees | Severity=175 | SourceName=Motor2 | EventType=application | SourceNode=ns=1;s=MotorSource2
[Anomaly Input] [2026-08-15 16:55:14.921 (UTC)] info/application	[Motor] Distance safe (44.329254609685975); rotating motor to 90 degrees | Severity=75 | SourceName=Motor3 | EventType=application | SourceNode=ns=1;s=MotorSource3
[Anomaly Input] [2026-08-15 16:55:14.969 (UTC)] info/application	[Sensor] Updated distance: 20.55252207934508 cm | Severity=75 | SourceName=Sensor | EventType=application | SourceNode=ns=1;s=SensorSource
[Anomaly Input] [2026-08-15 16:55:15.374 (UTC)] info/application	[Sensor] Updated distance: 39.640639076773375 cm | Severity=75 | SourceName=Sensor2 | EventType=application | SourceNode=ns=1;s=SensorSource2
[Anomaly Input] [2026-08-15 16:55:15.374 (UTC)] info/application	[Sensor] Updated distance: 16.30911162416875 cm | Severity=75 | SourceName=Sensor3 | EventType=application | SourceNode=ns=1;s=SensorSource3
[Anomaly Input] [2026-08-15 16:55:15.475 (UTC)] info/application	[Motor] Received distance: 20.55252207934508 cm | Severity=75 | SourceName=Motor | EventType=application | SourceNode=ns=1;s=MotorSource
[Anomaly Input] [2026-08-15 16:55:15.475 (UTC)] info/application	[Motor] Distance safe (20.55252207934508); rotating motor to 90 degrees | Severity=75 | SourceName=Motor | EventType=application | SourceNode=ns=1;s=MotorSource
[Anomaly Input] [2026-08-15 16:55:15.920 (UTC)] info/application	[Motor] Received distance: 16.30911162416875 cm | Severity=75 | SourceName=Motor3 | EventType=application | SourceNode=ns=1;s=MotorSource3
[Anomaly Input] [2026-08-15 16:55:15.921 (UTC)] info/application	[Motor] Received distance: 39.640639076773375 cm | Severity=75 | SourceName=Motor2 | EventType=application | SourceNode=ns=1;s=MotorSource2
[Anomaly Input] [2026-08-15 16:55:15.920 (UTC)] warn/application	[Motor] Distance too close (16.30911162416875); rotating motor to 0 degrees | Severity=175 | SourceName=Motor3 | EventType=application | SourceNode=ns=1;s=MotorSource3
[Anomaly Input] [2026-08-15 16:55:15.921 (UTC)] info/application	[Motor] Distance safe (39.640639076773375); rotating motor to 90 degrees | Severity=75 | SourceName=Motor2 | EventType=application | SourceNode=ns=1;s=MotorSource2
[Anomaly Input] [2026-08-15 16:55:15.971 (UTC)] info/application	[Sensor] Updated distance: 34.20942194769597 cm | Severity=75 | SourceName=Sensor | EventType=application | SourceNode=ns=1;s=SensorSource
[Anomaly Input] [2026-08-15 16:55:16.376 (UTC)] info/application	[Sensor] Updated distance: 22.705567824051514 cm | Severity=75 | SourceName=Sensor2 | EventType=application | SourceNode=ns=1;s=SensorSource2
[Anomaly Input] [2026-08-15 16:55:16.376 (UTC)] info/application	[Sensor] Updated distance: 42.81507593803809 cm | Severity=75 | SourceName=Sensor3 | EventType=application | SourceNode=ns=1;s=SensorSource3
[Anomaly Input] [2026-08-15 16:55:16.467 (UTC)] info/application	[Motor] Received distance: 34.20942194769597 cm | Severity=75 | SourceName=Motor | EventType=application | SourceNode=ns=1;s=MotorSource
[Anomaly Input] [2026-08-15 16:55:16.467 (UTC)] info/application	[Motor] Distance safe (34.20942194769597); rotating motor to 90 degrees | Severity=75 | SourceName=Motor | EventType=application | SourceNode=ns=1;s=MotorSource
[Anomaly Input] [2026-08-15 16:55:16.931 (UTC)] info/application	[Motor] Received distance: 22.705567824051514 cm | Severity=75 | SourceName=Motor2 | EventType=application | SourceNode=ns=1;s=MotorSource2
[Anomaly Input] [2026-08-15 16:55:16.931 (UTC)] info/application	[Motor] Received distance: 42.81507593803809 cm | Severity=75 | SourceName=Motor3 | EventType=application | SourceNode=ns=1;s=MotorSource3
[Anomaly Input] [2026-08-15 16:55:16.931 (UTC)] info/application	[Motor] Distance safe (22.705567824051514); rotating motor to 90 degrees | Severity=75 | SourceName=Motor2 | EventType=application | SourceNode=ns=1;s=MotorSource2
[Anomaly Input] [2026-08-15 16:55:16.931 (UTC)] info/application	[Motor] Distance safe (42.81507593803809); rotating motor to 90 degrees | Severity=75 | SourceName=Motor3 | EventType=application | SourceNode=ns=1;s=MotorSource3
[Anomaly Input] [2026-08-15 16:55:16.973 (UTC)] info/application	[Sensor] Updated distance: 43.69466977272866 cm | Severity=75 | SourceName=Sensor | EventType=application | SourceNode=ns=1;s=SensorSource
[Anomaly Input] [2026-08-15 16:55:17.368 (UTC)] info/application	[Sensor] Updated distance: 34.71716040406244 cm | Severity=75 | SourceName=Sensor3 | EventType=application | SourceNode=ns=1;s=SensorSource3
[Anomaly Input] [2026-08-15 16:55:17.378 (UTC)] info/application	[Sensor] Updated distance: 38.22791607874814 cm | Severity=75 | SourceName=Sensor2 | EventType=application | SourceNode=ns=1;s=SensorSource2
[Anomaly Input] [2026-08-15 16:55:17.477 (UTC)] info/application	[Motor] Received distance: 43.69466977272866 cm | Severity=75 | SourceName=Motor | EventType=application | SourceNode=ns=1;s=MotorSource
[Anomaly Input] [2026-08-15 16:55:17.477 (UTC)] info/application	[Motor] Distance safe (43.69466977272866); rotating motor to 90 degrees | Severity=75 | SourceName=Motor | EventType=application | SourceNode=ns=1;s=MotorSource
[Anomaly Input] [2026-08-15 16:55:17.924 (UTC)] info/application	[Motor] Received distance: 38.22791607874814 cm | Severity=75 | SourceName=Motor2 | EventType=application | SourceNode=ns=1;s=MotorSource2
[Anomaly Input] [2026-08-15 16:55:17.924 (UTC)] info/application	[Motor] Received distance: 34.71716040406244 cm | Severity=75 | SourceName=Motor3 | EventType=application | SourceNode=ns=1;s=MotorSource3
[Anomaly Input] [2026-08-15 16:55:17.924 (UTC)] info/application	[Motor] Distance safe (38.22791607874814); rotating motor to 90 degrees | Severity=75 | SourceName=Motor2 | EventType=application | SourceNode=ns=1;s=MotorSource2
[Anomaly Input] [2026-08-15 16:55:17.924 (UTC)] info/application	[Motor] Distance safe (34.71716040406244); rotating motor to 90 degrees | Severity=75 | SourceName=Motor3 | EventType=application | SourceNode=ns=1;s=MotorSource3
[Anomaly Input] [2026-08-15 16:55:17.975 (UTC)] info/application	[Sensor] Updated distance: 4.891281978642233 cm | Severity=75 | SourceName=Sensor | EventType=application | SourceNode=ns=1;s=SensorSource
[Anomaly Input] [2026-08-15 16:55:18.370 (UTC)] info/application	[Sensor] Updated distance: 44.771300358125615 cm | Severity=75 | SourceName=Sensor3 | EventType=application | SourceNode=ns=1;s=SensorSource3
[Anomaly Input] [2026-08-15 16:55:18.370 (UTC)] info/application	[Sensor] Updated distance: 34.717712313270994 cm | Severity=75 | SourceName=Sensor2 | EventType=application | SourceNode=ns=1;s=SensorSource2
[Anomaly Input] [2026-08-15 16:55:18.471 (UTC)] info/application	[Motor] Received distance: 4.891281978642233 cm | Severity=75 | SourceName=Motor | EventType=application | SourceNode=ns=1;s=MotorSource
[Anomaly Input] [2026-08-15 16:55:18.471 (UTC)] warn/application	[Motor] Distance too close (4.891281978642233); rotating motor to 0 degrees | Severity=175 | SourceName=Motor | EventType=application | SourceNode=ns=1;s=MotorSource
[Anomaly Input] [2026-08-15 16:55:18.917 (UTC)] info/application	[Motor] Received distance: 34.717712313270994 cm | Severity=75 | SourceName=Motor2 | EventType=application | SourceNode=ns=1;s=MotorSource2
[Anomaly Input] [2026-08-15 16:55:18.917 (UTC)] info/application	[Motor] Received distance: 44.771300358125615 cm | Severity=75 | SourceName=Motor3 | EventType=application | SourceNode=ns=1;s=MotorSource3
[Anomaly Input] [2026-08-15 16:55:18.917 (UTC)] info/application	[Motor] Distance safe (44.771300358125615); rotating motor to 90 degrees | Severity=75 | SourceName=Motor3 | EventType=application | SourceNode=ns=1;s=MotorSource3
[Anomaly Input] [2026-08-15 16:55:18.917 (UTC)] info/application	[Motor] Distance safe (34.717712313270994); rotating motor to 90 degrees | Severity=75 | SourceName=Motor2 | EventType=application | SourceNode=ns=1;s=MotorSource2
[Anomaly Input] [2026-08-15 16:55:18.967 (UTC)] info/application	[Sensor] Updated distance: 38.02834441700407 cm | Severity=75 | SourceName=Sensor | EventType=application | SourceNode=ns=1;s=SensorSource
[Anomaly Input] [2026-08-15 16:55:19.372 (UTC)] info/application	[Sensor] Updated distance: 22.968171107102265 cm | Severity=75 | SourceName=Sensor2 | EventType=application | SourceNode=ns=1;s=SensorSource2
[Anomaly Input] [2026-08-15 16:55:19.372 (UTC)] info/application	[Sensor] Updated distance: 16.403725854309148 cm | Severity=75 | SourceName=Sensor3 | EventType=application | SourceNode=ns=1;s=SensorSource3
[Anomaly Input] [2026-08-15 16:55:19.477 (UTC)] info/application	[Motor] Received distance: 38.02834441700407 cm | Severity=75 | SourceName=Motor | EventType=application | SourceNode=ns=1;s=MotorSource
[Anomaly Input] [2026-08-15 16:55:19.477 (UTC)] info/application	[Motor] Distance safe (38.02834441700407); rotating motor to 90 degrees | Severity=75 | SourceName=Motor | EventType=application | SourceNode=ns=1;s=MotorSource
[Anomaly Input] [2026-08-15 16:55:19.920 (UTC)] info/application	[Motor] Received distance: 22.968171107102265 cm | Severity=75 | SourceName=Motor2 | EventType=application | SourceNode=ns=1;s=MotorSource2
[Anomaly Input] [2026-08-15 16:55:19.921 (UTC)] info/application	[Motor] Received distance: 16.403725854309148 cm | Severity=75 | SourceName=Motor3 | EventType=application | SourceNode=ns=1;s=MotorSource3
[Anomaly Input] [2026-08-15 16:55:19.920 (UTC)] info/application	[Motor] Distance safe (22.968171107102265); rotating motor to 90 degrees | Severity=75 | SourceName=Motor2 | EventType=application | SourceNode=ns=1;s=MotorSource2
[Anomaly Input] [2026-08-15 16:55:19.921 (UTC)] warn/application	[Motor] Distance too close (16.403725854309148); rotating motor to 0 degrees | Severity=175 | SourceName=Motor3 | EventType=application | SourceNode=ns=1;s=MotorSource3
[Anomaly Input] [2026-08-15 16:55:19.969 (UTC)] info/application	[Sensor] Updated distance: 35.498116449219225 cm | Severity=75 | SourceName=Sensor | EventType=application | SourceNode=ns=1;s=SensorSource
[Anomaly Input] [2026-08-15 16:55:20.374 (UTC)] info/application	[Sensor] Updated distance: 19.503089786275797 cm | Severity=75 | SourceName=Sensor2 | EventType=application | SourceNode=ns=1;s=SensorSource2
[Anomaly Input] [2026-08-15 16:55:20.374 (UTC)] info/application	[Sensor] Updated distance: 5.102643580689394 cm | Severity=75 | SourceName=Sensor3 | EventType=application | SourceNode=ns=1;s=SensorSource3
[Anomaly Input] [2026-08-15 16:55:20.469 (UTC)] info/application	[Motor] Received distance: 35.498116449219225 cm | Severity=75 | SourceName=Motor | EventType=application | SourceNode=ns=1;s=MotorSource
[Anomaly Input] [2026-08-15 16:55:20.469 (UTC)] info/application	[Motor] Distance safe (35.498116449219225); rotating motor to 90 degrees | Severity=75 | SourceName=Motor | EventType=application | SourceNode=ns=1;s=MotorSource
[Anomaly Input] [2026-08-15 16:55:20.920 (UTC)] info/application	[Motor] Received distance: 5.102643580689394 cm | Severity=75 | SourceName=Motor3 | EventType=application | SourceNode=ns=1;s=MotorSource3
[Anomaly Input] [2026-08-15 16:55:20.930 (UTC)] info/application	[Motor] Received distance: 19.503089786275797 cm | Severity=75 | SourceName=Motor2 | EventType=application | SourceNode=ns=1;s=MotorSource2
[Anomaly Input] [2026-08-15 16:55:20.920 (UTC)] warn/application	[Motor] Distance too close (5.102643580689394); rotating motor to 0 degrees | Severity=175 | SourceName=Motor3 | EventType=application | SourceNode=ns=1;s=MotorSource3
[Anomaly Input] [2026-08-15 16:55:20.930 (UTC)] warn/application	[Motor] Distance too close (19.503089786275797); rotating motor to 0 degrees | Severity=175 | SourceName=Motor2 | EventType=application | SourceNode=ns=1;s=MotorSource2
[Anomaly Input] [2026-08-15 16:55:20.972 (UTC)] info/application	[Sensor] Updated distance: 30.95107859231116 cm | Severity=75 | SourceName=Sensor | EventType=application | SourceNode=ns=1;s=SensorSource
[Anomaly Input] [2026-08-15 16:55:21.376 (UTC)] info/application	[Sensor] Updated distance: 40.70231008841763 cm | Severity=75 | SourceName=Sensor2 | EventType=application | SourceNode=ns=1;s=SensorSource2
[Anomaly Input] [2026-08-15 16:55:21.376 (UTC)] info/application	[Sensor] Updated distance: 5.693647885552443 cm | Severity=75 | SourceName=Sensor3 | EventType=application | SourceNode=ns=1;s=SensorSource3
[Anomaly Input] [2026-08-15 16:55:21.477 (UTC)] info/application	[Motor] Received distance: 30.95107859231116 cm | Severity=75 | SourceName=Motor | EventType=application | SourceNode=ns=1;s=MotorSource
[Anomaly Input] [2026-08-15 16:55:21.477 (UTC)] info/application	[Motor] Distance safe (30.95107859231116); rotating motor to 90 degrees | Severity=75 | SourceName=Motor | EventType=application | SourceNode=ns=1;s=MotorSource
[Anomaly Input] [2026-08-15 16:55:21.923 (UTC)] info/application	[Motor] Received distance: 40.70231008841763 cm | Severity=75 | SourceName=Motor2 | EventType=application | SourceNode=ns=1;s=MotorSource2
[Anomaly Input] [2026-08-15 16:55:21.931 (UTC)] info/application	[Motor] Received distance: 5.693647885552443 cm | Severity=75 | SourceName=Motor3 | EventType=application | SourceNode=ns=1;s=MotorSource3
[Anomaly Input] [2026-08-15 16:55:21.923 (UTC)] info/application	[Motor] Distance safe (40.70231008841763); rotating motor to 90 degrees | Severity=75 | SourceName=Motor2 | EventType=application | SourceNode=ns=1;s=MotorSource2
[Anomaly Input] [2026-08-15 16:55:21.931 (UTC)] warn/application	[Motor] Distance too close (5.693647885552443); rotating motor to 0 degrees | Severity=175 | SourceName=Motor3 | EventType=application | SourceNode=ns=1;s=MotorSource3
[Anomaly Input] [2026-08-15 16:55:21.974 (UTC)] info/application	[Sensor] Updated distance: 40.775753151055305 cm | Severity=75 | SourceName=Sensor | EventType=application | SourceNode=ns=1;s=SensorSource
[Anomaly Input] [2026-08-15 16:55:22.368 (UTC)] info/application	[Sensor] Updated distance: 9.362330060155283 cm | Severity=75 | SourceName=Sensor3 | EventType=application | SourceNode=ns=1;s=SensorSource3
[Anomaly Input] [2026-08-15 16:55:22.378 (UTC)] info/application	[Sensor] Updated distance: 34.14721110469997 cm | Severity=75 | SourceName=Sensor2 | EventType=application | SourceNode=ns=1;s=SensorSource2
[Anomaly Input] [2026-08-15 16:55:22.469 (UTC)] info/application	[Motor] Received distance: 40.775753151055305 cm | Severity=75 | SourceName=Motor | EventType=application | SourceNode=ns=1;s=MotorSource
[Anomaly Input] [2026-08-15 16:55:22.469 (UTC)] info/application	[Motor] Distance safe (40.775753151055305); rotating motor to 90 degrees | Severity=75 | SourceName=Motor | EventType=application | SourceNode=ns=1;s=MotorSource
[Anomaly Input] [2026-08-15 16:55:22.924 (UTC)] info/application	[Motor] Received distance: 9.362330060155283 cm | Severity=75 | SourceName=Motor3 | EventType=application | SourceNode=ns=1;s=MotorSource3
[Anomaly Input] [2026-08-15 16:55:22.932 (UTC)] info/application	[Motor] Received distance: 34.14721110469997 cm | Severity=75 | SourceName=Motor2 | EventType=application | SourceNode=ns=1;s=MotorSource2
[Anomaly Input] [2026-08-15 16:55:22.924 (UTC)] warn/application	[Motor] Distance too close (9.362330060155283); rotating motor to 0 degrees | Severity=175 | SourceName=Motor3 | EventType=application | SourceNode=ns=1;s=MotorSource3
[Anomaly Input] [2026-08-15 16:55:22.932 (UTC)] info/application	[Motor] Distance safe (34.14721110469997); rotating motor to 90 degrees | Severity=75 | SourceName=Motor2 | EventType=application | SourceNode=ns=1;s=MotorSource2
[Anomaly Input] [2026-08-15 16:55:22.975 (UTC)] info/application	[Sensor] Updated distance: 29.484196072204128 cm | Severity=75 | SourceName=Sensor | EventType=application | SourceNode=ns=1;s=SensorSource
[Anomaly Input] [2026-08-15 16:55:23.370 (UTC)] info/application	[Sensor] Updated distance: 43.87305082095463 cm | Severity=75 | SourceName=Sensor3 | EventType=application | SourceNode=ns=1;s=SensorSource3
[Anomaly Input] [2026-08-15 16:55:23.370 (UTC)] info/application	[Sensor] Updated distance: 26.664145272534405 cm | Severity=75 | SourceName=Sensor2 | EventType=application | SourceNode=ns=1;s=SensorSource2
[Anomaly Input] [2026-08-15 16:55:23.478 (UTC)] info/application	[Motor] Received distance: 29.484196072204128 cm | Severity=75 | SourceName=Motor | EventType=application | SourceNode=ns=1;s=MotorSource
[Anomaly Input] [2026-08-15 16:55:23.478 (UTC)] info/application	[Motor] Distance safe (29.484196072204128); rotating motor to 90 degrees | Severity=75 | SourceName=Motor | EventType=application | SourceNode=ns=1;s=MotorSource
[Anomaly Input] [2026-08-15 16:55:23.916 (UTC)] info/application	[Motor] Received distance: 43.87305082095463 cm | Severity=75 | SourceName=Motor3 | EventType=application | SourceNode=ns=1;s=MotorSource3
[Anomaly Input] [2026-08-15 16:55:23.920 (UTC)] info/application	[Motor] Received distance: 26.664145272534405 cm | Severity=75 | SourceName=Motor2 | EventType=application | SourceNode=ns=1;s=MotorSource2
[Anomaly Input] [2026-08-15 16:55:23.916 (UTC)] info/application	[Motor] Distance safe (43.87305082095463); rotating motor to 90 degrees | Severity=75 | SourceName=Motor3 | EventType=application | SourceNode=ns=1;s=MotorSource3
[Anomaly Input] [2026-08-15 16:55:23.920 (UTC)] info/application	[Motor] Distance safe (26.664145272534405); rotating motor to 90 degrees | Severity=75 | SourceName=Motor2 | EventType=application | SourceNode=ns=1;s=MotorSource2
[Anomaly Input] [2026-08-15 16:55:23.966 (UTC)] info/application	[Sensor] Updated distance: 3.520408057384383 cm | Severity=75 | SourceName=Sensor | EventType=application | SourceNode=ns=1;s=SensorSource
[Anomaly Input] [2026-08-15 16:55:24.371 (UTC)] info/application	[Sensor] Updated distance: 27.068751696994877 cm | Severity=75 | SourceName=Sensor2 | EventType=application | SourceNode=ns=1;s=SensorSource2
[Anomaly Input] [2026-08-15 16:55:24.371 (UTC)] info/application	[Sensor] Updated distance: 10.345616039049633 cm | Severity=75 | SourceName=Sensor3 | EventType=application | SourceNode=ns=1;s=SensorSource3
[Anomaly Input] [2026-08-15 16:55:24.472 (UTC)] info/application	[Motor] Received distance: 3.520408057384383 cm | Severity=75 | SourceName=Motor | EventType=application | SourceNode=ns=1;s=MotorSource
[Anomaly Input] [2026-08-15 16:55:24.472 (UTC)] warn/application	[Motor] Distance too close (3.520408057384383); rotating motor to 0 degrees | Severity=175 | SourceName=Motor | EventType=application | SourceNode=ns=1;s=MotorSource
[Anomaly Input] [2026-08-15 16:55:24.921 (UTC)] info/application	[Motor] Received distance: 10.345616039049633 cm | Severity=75 | SourceName=Motor3 | EventType=application | SourceNode=ns=1;s=MotorSource3
[Anomaly Input] [2026-08-15 16:55:24.921 (UTC)] info/application	[Motor] Received distance: 27.068751696994877 cm | Severity=75 | SourceName=Motor2 | EventType=application | SourceNode=ns=1;s=MotorSource2
[Anomaly Input] [2026-08-15 16:55:24.921 (UTC)] warn/application	[Motor] Distance too close (10.345616039049633); rotating motor to 0 degrees | Severity=175 | SourceName=Motor3 | EventType=application | SourceNode=ns=1;s=MotorSource3
[Anomaly Input] [2026-08-15 16:55:24.921 (UTC)] info/application	[Motor] Distance safe (27.068751696994877); rotating motor to 90 degrees | Severity=75 | SourceName=Motor2 | EventType=application | SourceNode=ns=1;s=MotorSource2
[Anomaly Input] [2026-08-15 16:55:24.968 (UTC)] info/application	[Sensor] Updated distance: 46.32154696263445 cm | Severity=75 | SourceName=Sensor | EventType=application | SourceNode=ns=1;s=SensorSource
[Anomaly Input] [2026-08-15 16:55:25.373 (UTC)] info/application	[Sensor] Updated distance: 49.74068430054033 cm | Severity=75 | SourceName=Sensor2 | EventType=application | SourceNode=ns=1;s=SensorSource2
[Anomaly Input] [2026-08-15 16:55:25.373 (UTC)] info/application	[Sensor] Updated distance: 23.657057377350075 cm | Severity=75 | SourceName=Sensor3 | EventType=application | SourceNode=ns=1;s=SensorSource3
[Anomaly Input] [2026-08-15 16:55:25.477 (UTC)] info/application	[Motor] Received distance: 46.32154696263445 cm | Severity=75 | SourceName=Motor | EventType=application | SourceNode=ns=1;s=MotorSource
[Anomaly Input] [2026-08-15 16:55:25.477 (UTC)] info/application	[Motor] Distance safe (46.32154696263445); rotating motor to 90 degrees | Severity=75 | SourceName=Motor | EventType=application | SourceNode=ns=1;s=MotorSource
[Anomaly Input] [2026-08-15 16:55:25.920 (UTC)] info/application	[Motor] Received distance: 23.657057377350075 cm | Severity=75 | SourceName=Motor3 | EventType=application | SourceNode=ns=1;s=MotorSource3
[Anomaly Input] [2026-08-15 16:55:25.920 (UTC)] info/application	[Motor] Received distance: 49.74068430054033 cm | Severity=75 | SourceName=Motor2 | EventType=application | SourceNode=ns=1;s=MotorSource2
[Anomaly Input] [2026-08-15 16:55:25.920 (UTC)] info/application	[Motor] Distance safe (23.657057377350075); rotating motor to 90 degrees | Severity=75 | SourceName=Motor3 | EventType=application | SourceNode=ns=1;s=MotorSource3
[Anomaly Input] [2026-08-15 16:55:25.920 (UTC)] info/application	[Motor] Distance safe (49.74068430054033); rotating motor to 90 degrees | Severity=75 | SourceName=Motor2 | EventType=application | SourceNode=ns=1;s=MotorSource2
[Anomaly Input] [2026-08-15 16:55:25.970 (UTC)] info/application	[Sensor] Updated distance: 33.733254566664456 cm | Severity=75 | SourceName=Sensor | EventType=application | SourceNode=ns=1;s=SensorSource
[Anomaly Input] [2026-08-15 16:55:26.375 (UTC)] info/application	[Sensor] Updated distance: 34.33839181081317 cm | Severity=75 | SourceName=Sensor2 | EventType=application | SourceNode=ns=1;s=SensorSource2
[Anomaly Input] [2026-08-15 16:55:26.375 (UTC)] info/application	[Sensor] Updated distance: 36.19370142472614 cm | Severity=75 | SourceName=Sensor3 | EventType=application | SourceNode=ns=1;s=SensorSource3
[Anomaly Input] [2026-08-15 16:55:26.466 (UTC)] info/application	[Motor] Received distance: 33.733254566664456 cm | Severity=75 | SourceName=Motor | EventType=application | SourceNode=ns=1;s=MotorSource
[Anomaly Input] [2026-08-15 16:55:26.466 (UTC)] info/application	[Motor] Distance safe (33.733254566664456); rotating motor to 90 degrees | Severity=75 | SourceName=Motor | EventType=application | SourceNode=ns=1;s=MotorSource
[Anomaly Input] [2026-08-15 16:55:26.922 (UTC)] info/application	[Motor] Received distance: 36.19370142472614 cm | Severity=75 | SourceName=Motor3 | EventType=application | SourceNode=ns=1;s=MotorSource3
[Anomaly Input] [2026-08-15 16:55:26.929 (UTC)] info/application	[Motor] Received distance: 34.33839181081317 cm | Severity=75 | SourceName=Motor2 | EventType=application | SourceNode=ns=1;s=MotorSource2
[Anomaly Input] [2026-08-15 16:55:26.922 (UTC)] info/application	[Motor] Distance safe (36.19370142472614); rotating motor to 90 degrees | Severity=75 | SourceName=Motor3 | EventType=application | SourceNode=ns=1;s=MotorSource3
[Anomaly Input] [2026-08-15 16:55:26.929 (UTC)] info/application	[Motor] Distance safe (34.33839181081317); rotating motor to 90 degrees | Severity=75 | SourceName=Motor2 | EventType=application | SourceNode=ns=1;s=MotorSource2
[Anomaly Input] [2026-08-15 16:55:26.972 (UTC)] info/application	[Sensor] Updated distance: 36.92583286153424 cm | Severity=75 | SourceName=Sensor | EventType=application | SourceNode=ns=1;s=SensorSource
[Anomaly Input] [2026-08-15 16:55:27.376 (UTC)] info/application	[Sensor] Updated distance: 47.33830559129748 cm | Severity=75 | SourceName=Sensor3 | EventType=application | SourceNode=ns=1;s=SensorSource3
[Anomaly Input] [2026-08-15 16:55:27.376 (UTC)] info/application	[Sensor] Updated distance: 17.593141540695513 cm | Severity=75 | SourceName=Sensor2 | EventType=application | SourceNode=ns=1;s=SensorSource2
[Anomaly Input] [2026-08-15 16:55:27.476 (UTC)] info/application	[Motor] Received distance: 36.92583286153424 cm | Severity=75 | SourceName=Motor | EventType=application | SourceNode=ns=1;s=MotorSource
[Anomaly Input] [2026-08-15 16:55:27.476 (UTC)] info/application	[Motor] Distance safe (36.92583286153424); rotating motor to 90 degrees | Severity=75 | SourceName=Motor | EventType=application | SourceNode=ns=1;s=MotorSource
[Anomaly Input] [2026-08-15 16:55:27.923 (UTC)] info/application	[Motor] Received distance: 17.593141540695513 cm | Severity=75 | SourceName=Motor2 | EventType=application | SourceNode=ns=1;s=MotorSource2
[Anomaly Input] [2026-08-15 16:55:27.932 (UTC)] info/application	[Motor] Received distance: 47.33830559129748 cm | Severity=75 | SourceName=Motor3 | EventType=application | SourceNode=ns=1;s=MotorSource3
[Anomaly Input] [2026-08-15 16:55:27.923 (UTC)] warn/application	[Motor] Distance too close (17.593141540695513); rotating motor to 0 degrees | Severity=175 | SourceName=Motor2 | EventType=application | SourceNode=ns=1;s=MotorSource2
[Anomaly Input] [2026-08-15 16:55:27.932 (UTC)] info/application	[Motor] Distance safe (47.33830559129748); rotating motor to 90 degrees | Severity=75 | SourceName=Motor3 | EventType=application | SourceNode=ns=1;s=MotorSource3
[Anomaly Input] [2026-08-15 16:55:27.974 (UTC)] info/application	[Sensor] Updated distance: 6.642633999065791 cm | Severity=75 | SourceName=Sensor | EventType=application | SourceNode=ns=1;s=SensorSource
[Anomaly Input] [2026-08-15 16:55:28.368 (UTC)] info/application	[Sensor] Updated distance: 32.059250994613045 cm | Severity=75 | SourceName=Sensor3 | EventType=application | SourceNode=ns=1;s=SensorSource3
[Anomaly Input] [2026-08-15 16:55:28.378 (UTC)] info/application	[Sensor] Updated distance: 26.193727139473765 cm | Severity=75 | SourceName=Sensor2 | EventType=application | SourceNode=ns=1;s=SensorSource2
[Anomaly Input] [2026-08-15 16:55:28.479 (UTC)] info/application	[Motor] Received distance: 6.642633999065791 cm | Severity=75 | SourceName=Motor | EventType=application | SourceNode=ns=1;s=MotorSource
[Anomaly Input] [2026-08-15 16:55:28.479 (UTC)] warn/application	[Motor] Distance too close (6.642633999065791); rotating motor to 0 degrees | Severity=175 | SourceName=Motor | EventType=application | SourceNode=ns=1;s=MotorSource
[Anomaly Input] [2026-08-15 16:55:28.921 (UTC)] info/application	[Motor] Received distance: 32.059250994613045 cm | Severity=75 | SourceName=Motor3 | EventType=application | SourceNode=ns=1;s=MotorSource3
[Anomaly Input] [2026-08-15 16:55:28.933 (UTC)] info/application	[Motor] Received distance: 26.193727139473765 cm | Severity=75 | SourceName=Motor2 | EventType=application | SourceNode=ns=1;s=MotorSource2
[Anomaly Input] [2026-08-15 16:55:28.921 (UTC)] info/application	[Motor] Distance safe (32.059250994613045); rotating motor to 90 degrees | Severity=75 | SourceName=Motor3 | EventType=application | SourceNode=ns=1;s=MotorSource3
[Anomaly Input] [2026-08-15 16:55:28.933 (UTC)] info/application	[Motor] Distance safe (26.193727139473765); rotating motor to 90 degrees | Severity=75 | SourceName=Motor2 | EventType=application | SourceNode=ns=1;s=MotorSource2
[Anomaly Input] [2026-08-15 16:55:28.975 (UTC)] info/application	[Sensor] Updated distance: 21.274364294146356 cm | Severity=75 | SourceName=Sensor | EventType=application | SourceNode=ns=1;s=SensorSource
[Anomaly Input] [2026-08-15 16:55:29.370 (UTC)] info/application	[Sensor] Updated distance: 36.19476644051949 cm | Severity=75 | SourceName=Sensor3 | EventType=application | SourceNode=ns=1;s=SensorSource3
[Anomaly Input] [2026-08-15 16:55:29.380 (UTC)] info/application	[Sensor] Updated distance: 38.58485535745735 cm | Severity=75 | SourceName=Sensor2 | EventType=application | SourceNode=ns=1;s=SensorSource2
[Anomaly Input] [2026-08-15 16:55:29.471 (UTC)] info/application	[Motor] Received distance: 21.274364294146356 cm | Severity=75 | SourceName=Motor | EventType=application | SourceNode=ns=1;s=MotorSource
[Anomaly Input] [2026-08-15 16:55:29.471 (UTC)] info/application	[Motor] Distance safe (21.274364294146356); rotating motor to 90 degrees | Severity=75 | SourceName=Motor | EventType=application | SourceNode=ns=1;s=MotorSource
[Anomaly Input] [2026-08-15 16:55:29.916 (UTC)] info/application	[Motor] Received distance: 36.19476644051949 cm | Severity=75 | SourceName=Motor3 | EventType=application | SourceNode=ns=1;s=MotorSource3
[Anomaly Input] [2026-08-15 16:55:29.920 (UTC)] info/application	[Motor] Received distance: 38.58485535745735 cm | Severity=75 | SourceName=Motor2 | EventType=application | SourceNode=ns=1;s=MotorSource2
[Anomaly Input] [2026-08-15 16:55:29.916 (UTC)] info/application	[Motor] Distance safe (36.19476644051949); rotating motor to 90 degrees | Severity=75 | SourceName=Motor3 | EventType=application | SourceNode=ns=1;s=MotorSource3
[Anomaly Input] [2026-08-15 16:55:29.920 (UTC)] info/application	[Motor] Distance safe (38.58485535745735); rotating motor to 90 degrees | Severity=75 | SourceName=Motor2 | EventType=application | SourceNode=ns=1;s=MotorSource2
[Anomaly Input] [2026-08-15 16:55:29.967 (UTC)] info/application	[Sensor] Updated distance: 30.031812807559877 cm | Severity=75 | SourceName=Sensor | EventType=application | SourceNode=ns=1;s=SensorSource
[Anomaly Input] [2026-08-15 16:55:30.371 (UTC)] info/application	[Sensor] Updated distance: 21.521306874007593 cm | Severity=75 | SourceName=Sensor3 | EventType=application | SourceNode=ns=1;s=SensorSource3
[Anomaly Input] [2026-08-15 16:55:30.371 (UTC)] info/application	[Sensor] Updated distance: 30.07117116268313 cm | Severity=75 | SourceName=Sensor2 | EventType=application | SourceNode=ns=1;s=SensorSource2
[Anomaly Input] [2026-08-15 16:55:30.478 (UTC)] info/application	[Motor] Received distance: 30.031812807559877 cm | Severity=75 | SourceName=Motor | EventType=application | SourceNode=ns=1;s=MotorSource
[Anomaly Input] [2026-08-15 16:55:30.478 (UTC)] info/application	[Motor] Distance safe (30.031812807559877); rotating motor to 90 degrees | Severity=75 | SourceName=Motor | EventType=application | SourceNode=ns=1;s=MotorSource
[Anomaly Input] [2026-08-15 16:55:30.918 (UTC)] info/application	[Motor] Received distance: 30.07117116268313 cm | Severity=75 | SourceName=Motor2 | EventType=application | SourceNode=ns=1;s=MotorSource2
[Anomaly Input] [2026-08-15 16:55:30.921 (UTC)] info/application	[Motor] Received distance: 21.521306874007593 cm | Severity=75 | SourceName=Motor3 | EventType=application | SourceNode=ns=1;s=MotorSource3
[Anomaly Input] [2026-08-15 16:55:30.918 (UTC)] info/application	[Motor] Distance safe (30.07117116268313); rotating motor to 90 degrees | Severity=75 | SourceName=Motor2 | EventType=application | SourceNode=ns=1;s=MotorSource2
[Anomaly Input] [2026-08-15 16:55:30.921 (UTC)] info/application	[Motor] Distance safe (21.521306874007593); rotating motor to 90 degrees | Severity=75 | SourceName=Motor3 | EventType=application | SourceNode=ns=1;s=MotorSource3
[Anomaly Input] [2026-08-15 16:55:30.969 (UTC)] info/application	[Sensor] Updated distance: 32.317467100134806 cm | Severity=75 | SourceName=Sensor | EventType=application | SourceNode=ns=1;s=SensorSource
[Anomaly Input] [2026-08-15 16:55:31.373 (UTC)] info/application	[Sensor] Updated distance: 17.72655421482704 cm | Severity=75 | SourceName=Sensor2 | EventType=application | SourceNode=ns=1;s=SensorSource2
[Anomaly Input] [2026-08-15 16:55:31.373 (UTC)] info/application	[Sensor] Updated distance: 26.750774633488977 cm | Severity=75 | SourceName=Sensor3 | EventType=application | SourceNode=ns=1;s=SensorSource3
[Anomaly Input] [2026-08-15 16:55:31.479 (UTC)] info/application	[Motor] Received distance: 32.317467100134806 cm | Severity=75 | SourceName=Motor | EventType=application | SourceNode=ns=1;s=MotorSource
[Anomaly Input] [2026-08-15 16:55:31.479 (UTC)] info/application	[Motor] Distance safe (32.317467100134806); rotating motor to 90 degrees | Severity=75 | SourceName=Motor | EventType=application | SourceNode=ns=1;s=MotorSource
[Anomaly Input] [2026-08-15 16:55:31.920 (UTC)] info/application	[Motor] Received distance: 17.72655421482704 cm | Severity=75 | SourceName=Motor2 | EventType=application | SourceNode=ns=1;s=MotorSource2
[Anomaly Input] [2026-08-15 16:55:31.920 (UTC)] info/application	[Motor] Received distance: 26.750774633488977 cm | Severity=75 | SourceName=Motor3 | EventType=application | SourceNode=ns=1;s=MotorSource3
[Anomaly Input] [2026-08-15 16:55:31.920 (UTC)] warn/application	[Motor] Distance too close (17.72655421482704); rotating motor to 0 degrees | Severity=175 | SourceName=Motor2 | EventType=application | SourceNode=ns=1;s=MotorSource2
[Anomaly Input] [2026-08-15 16:55:31.920 (UTC)] info/application	[Motor] Distance safe (26.750774633488977); rotating motor to 90 degrees | Severity=75 | SourceName=Motor3 | EventType=application | SourceNode=ns=1;s=MotorSource3
[Anomaly Input] [2026-08-15 16:55:31.971 (UTC)] info/application	[Sensor] Updated distance: 10.122509110776013 cm | Severity=75 | SourceName=Sensor | EventType=application | SourceNode=ns=1;s=SensorSource
[Anomaly Input] [2026-08-15 16:55:32.376 (UTC)] info/application	[Sensor] Updated distance: 30.042142553274584 cm | Severity=75 | SourceName=Sensor2 | EventType=application | SourceNode=ns=1;s=SensorSource2
[Anomaly Input] [2026-08-15 16:55:32.376 (UTC)] info/application	[Sensor] Updated distance: 20.067277991244232 cm | Severity=75 | SourceName=Sensor3 | EventType=application | SourceNode=ns=1;s=SensorSource3
[Anomaly Input] [2026-08-15 16:55:32.469 (UTC)] info/application	[Motor] Received distance: 10.122509110776013 cm | Severity=75 | SourceName=Motor | EventType=application | SourceNode=ns=1;s=MotorSource
[Anomaly Input] [2026-08-15 16:55:32.469 (UTC)] warn/application	[Motor] Distance too close (10.122509110776013); rotating motor to 0 degrees | Severity=175 | SourceName=Motor | EventType=application | SourceNode=ns=1;s=MotorSource
[Anomaly Input] [2026-08-15 16:55:32.922 (UTC)] info/application	[Motor] Received distance: 20.067277991244232 cm | Severity=75 | SourceName=Motor3 | EventType=application | SourceNode=ns=1;s=MotorSource3
[Anomaly Input] [2026-08-15 16:55:32.930 (UTC)] info/application	[Motor] Received distance: 30.042142553274584 cm | Severity=75 | SourceName=Motor2 | EventType=application | SourceNode=ns=1;s=MotorSource2
[Anomaly Input] [2026-08-15 16:55:32.922 (UTC)] info/application	[Motor] Distance safe (20.067277991244232); rotating motor to 90 degrees | Severity=75 | SourceName=Motor3 | EventType=application | SourceNode=ns=1;s=MotorSource3
[Anomaly Input] [2026-08-15 16:55:32.930 (UTC)] info/application	[Motor] Distance safe (30.042142553274584); rotating motor to 90 degrees | Severity=75 | SourceName=Motor2 | EventType=application | SourceNode=ns=1;s=MotorSource2
[Anomaly Input] [2026-08-15 16:55:32.972 (UTC)] info/application	[Sensor] Updated distance: 30.852874672437494 cm | Severity=75 | SourceName=Sensor | EventType=application | SourceNode=ns=1;s=SensorSource
[Anomaly Input] [2026-08-15 16:55:33.367 (UTC)] info/application	[Sensor] Updated distance: 29.886967061034852 cm | Severity=75 | SourceName=Sensor3 | EventType=application | SourceNode=ns=1;s=SensorSource3
[Anomaly Input] [2026-08-15 16:55:33.377 (UTC)] info/application	[Sensor] Updated distance: 2.373583615000166 cm | Severity=75 | SourceName=Sensor2 | EventType=application | SourceNode=ns=1;s=SensorSource2
[Anomaly Input] [2026-08-15 16:55:33.478 (UTC)] info/application	[Motor] Received distance: 30.852874672437494 cm | Severity=75 | SourceName=Motor | EventType=application | SourceNode=ns=1;s=MotorSource
[Anomaly Input] [2026-08-15 16:55:33.478 (UTC)] info/application	[Motor] Distance safe (30.852874672437494); rotating motor to 90 degrees | Severity=75 | SourceName=Motor | EventType=application | SourceNode=ns=1;s=MotorSource
[Anomaly Input] [2026-08-15 16:55:33.924 (UTC)] info/application	[Motor] Received distance: 2.373583615000166 cm | Severity=75 | SourceName=Motor2 | EventType=application | SourceNode=ns=1;s=MotorSource2
[Anomaly Input] [2026-08-15 16:55:33.932 (UTC)] info/application	[Motor] Received distance: 29.886967061034852 cm | Severity=75 | SourceName=Motor3 | EventType=application | SourceNode=ns=1;s=MotorSource3
[Anomaly Input] [2026-08-15 16:55:33.924 (UTC)] warn/application	[Motor] Distance too close (2.373583615000166); rotating motor to 0 degrees | Severity=175 | SourceName=Motor2 | EventType=application | SourceNode=ns=1;s=MotorSource2
[Anomaly Input] [2026-08-15 16:55:33.932 (UTC)] info/application	[Motor] Distance safe (29.886967061034852); rotating motor to 90 degrees | Severity=75 | SourceName=Motor3 | EventType=application | SourceNode=ns=1;s=MotorSource3
[Anomaly Input] [2026-08-15 16:55:33.975 (UTC)] info/application	[Sensor] Updated distance: 9.099843341438026 cm | Severity=75 | SourceName=Sensor | EventType=application | SourceNode=ns=1;s=SensorSource
[Anomaly Input] [2026-08-15 16:55:34.369 (UTC)] info/application	[Sensor] Updated distance: 27.030630220207676 cm | Severity=75 | SourceName=Sensor3 | EventType=application | SourceNode=ns=1;s=SensorSource3
[Anomaly Input] [2026-08-15 16:55:34.379 (UTC)] info/application	[Sensor] Updated distance: 5.606732802282428 cm | Severity=75 | SourceName=Sensor2 | EventType=application | SourceNode=ns=1;s=SensorSource2
[Anomaly Input] [2026-08-15 16:55:34.471 (UTC)] info/application	[Motor] Received distance: 9.099843341438026 cm | Severity=75 | SourceName=Motor | EventType=application | SourceNode=ns=1;s=MotorSource
[Anomaly Input] [2026-08-15 16:55:34.471 (UTC)] warn/application	[Motor] Distance too close (9.099843341438026); rotating motor to 0 degrees | Severity=175 | SourceName=Motor | EventType=application | SourceNode=ns=1;s=MotorSource
[Anomaly Input] [2026-08-15 16:55:34.916 (UTC)] info/application	[Motor] Received distance: 5.606732802282428 cm | Severity=75 | SourceName=Motor2 | EventType=application | SourceNode=ns=1;s=MotorSource2
[Anomaly Input] [2026-08-15 16:55:34.921 (UTC)] info/application	[Motor] Received distance: 27.030630220207676 cm | Severity=75 | SourceName=Motor3 | EventType=application | SourceNode=ns=1;s=MotorSource3
[Anomaly Input] [2026-08-15 16:55:34.916 (UTC)] warn/application	[Motor] Distance too close (5.606732802282428); rotating motor to 0 degrees | Severity=175 | SourceName=Motor2 | EventType=application | SourceNode=ns=1;s=MotorSource2
[Anomaly Input] [2026-08-15 16:55:34.921 (UTC)] info/application	[Motor] Distance safe (27.030630220207676); rotating motor to 90 degrees | Severity=75 | SourceName=Motor3 | EventType=application | SourceNode=ns=1;s=MotorSource3
[Anomaly Input] [2026-08-15 16:55:34.966 (UTC)] info/application	[Sensor] Updated distance: 46.87296016368687 cm | Severity=75 | SourceName=Sensor | EventType=application | SourceNode=ns=1;s=SensorSource
[Anomaly Input] [2026-08-15 16:55:35.371 (UTC)] info/application	[Sensor] Updated distance: 46.488974070404176 cm | Severity=75 | SourceName=Sensor3 | EventType=application | SourceNode=ns=1;s=SensorSource3
[Anomaly Input] [2026-08-15 16:55:35.371 (UTC)] info/application	[Sensor] Updated distance: 9.10093616279817 cm | Severity=75 | SourceName=Sensor2 | EventType=application | SourceNode=ns=1;s=SensorSource2
[Anomaly Input] [2026-08-15 16:55:35.478 (UTC)] info/application	[Motor] Received distance: 46.87296016368687 cm | Severity=75 | SourceName=Motor | EventType=application | SourceNode=ns=1;s=MotorSource
[Anomaly Input] [2026-08-15 16:55:35.478 (UTC)] info/application	[Motor] Distance safe (46.87296016368687); rotating motor to 90 degrees | Severity=75 | SourceName=Motor | EventType=application | SourceNode=ns=1;s=MotorSource
[Anomaly Input] [2026-08-15 16:55:35.918 (UTC)] info/application	[Motor] Received distance: 46.488974070404176 cm | Severity=75 | SourceName=Motor3 | EventType=application | SourceNode=ns=1;s=MotorSource3
[Anomaly Input] [2026-08-15 16:55:35.920 (UTC)] info/application	[Motor] Received distance: 9.10093616279817 cm | Severity=75 | SourceName=Motor2 | EventType=application | SourceNode=ns=1;s=MotorSource2
[Anomaly Input] [2026-08-15 16:55:35.918 (UTC)] info/application	[Motor] Distance safe (46.488974070404176); rotating motor to 90 degrees | Severity=75 | SourceName=Motor3 | EventType=application | SourceNode=ns=1;s=MotorSource3
[Anomaly Input] [2026-08-15 16:55:35.920 (UTC)] warn/application	[Motor] Distance too close (9.10093616279817); rotating motor to 0 degrees | Severity=175 | SourceName=Motor2 | EventType=application | SourceNode=ns=1;s=MotorSource2
[Anomaly Input] [2026-08-15 16:55:35.968 (UTC)] info/application	[Sensor] Updated distance: 6.871268334272908 cm | Severity=75 | SourceName=Sensor | EventType=application | SourceNode=ns=1;s=SensorSource
[Anomaly Input] [2026-08-15 16:55:36.373 (UTC)] info/application	[Sensor] Updated distance: 2.8690353188985194 cm | Severity=75 | SourceName=Sensor3 | EventType=application | SourceNode=ns=1;s=SensorSource3
[Anomaly Input] [2026-08-15 16:55:36.373 (UTC)] info/application	[Sensor] Updated distance: 10.815748919181408 cm | Severity=75 | SourceName=Sensor2 | EventType=application | SourceNode=ns=1;s=SensorSource2
[Anomaly Input] [2026-08-15 16:55:36.474 (UTC)] info/application	[Motor] Received distance: 6.871268334272908 cm | Severity=75 | SourceName=Motor | EventType=application | SourceNode=ns=1;s=MotorSource
[Anomaly Input] [2026-08-15 16:55:36.474 (UTC)] warn/application	[Motor] Distance too close (6.871268334272908); rotating motor to 0 degrees | Severity=175 | SourceName=Motor | EventType=application | SourceNode=ns=1;s=MotorSource
[Anomaly Input] [2026-08-15 16:55:36.921 (UTC)] info/application	[Motor] Received distance: 2.8690353188985194 cm | Severity=75 | SourceName=Motor3 | EventType=application | SourceNode=ns=1;s=MotorSource3
[Anomaly Input] [2026-08-15 16:55:36.921 (UTC)] info/application	[Motor] Received distance: 10.815748919181408 cm | Severity=75 | SourceName=Motor2 | EventType=application | SourceNode=ns=1;s=MotorSource2
[Anomaly Input] [2026-08-15 16:55:36.921 (UTC)] warn/application	[Motor] Distance too close (2.8690353188985194); rotating motor to 0 degrees | Severity=175 | SourceName=Motor3 | EventType=application | SourceNode=ns=1;s=MotorSource3
[Anomaly Input] [2026-08-15 16:55:36.921 (UTC)] warn/application	[Motor] Distance too close (10.815748919181408); rotating motor to 0 degrees | Severity=175 | SourceName=Motor2 | EventType=application | SourceNode=ns=1;s=MotorSource2
[Anomaly Input] [2026-08-15 16:55:36.969 (UTC)] info/application	[Sensor] Updated distance: 19.10441117785145 cm | Severity=75 | SourceName=Sensor | EventType=application | SourceNode=ns=1;s=SensorSource
[Anomaly Input] [2026-08-15 16:55:37.375 (UTC)] info/application	[Sensor] Updated distance: 11.08012988096109 cm | Severity=75 | SourceName=Sensor2 | EventType=application | SourceNode=ns=1;s=SensorSource2
[Anomaly Input] [2026-08-15 16:55:37.375 (UTC)] info/application	[Sensor] Updated distance: 7.114665123221774 cm | Severity=75 | SourceName=Sensor3 | EventType=application | SourceNode=ns=1;s=SensorSource3
[Anomaly Input] [2026-08-15 16:55:37.478 (UTC)] info/application	[Motor] Received distance: 19.10441117785145 cm | Severity=75 | SourceName=Motor | EventType=application | SourceNode=ns=1;s=MotorSource
[Anomaly Input] [2026-08-15 16:55:37.478 (UTC)] warn/application	[Motor] Distance too close (19.10441117785145); rotating motor to 0 degrees | Severity=175 | SourceName=Motor | EventType=application | SourceNode=ns=1;s=MotorSource
[Anomaly Input] [2026-08-15 16:55:37.921 (UTC)] info/application	[Motor] Received distance: 7.114665123221774 cm | Severity=75 | SourceName=Motor3 | EventType=application | SourceNode=ns=1;s=MotorSource3
[Anomaly Input] [2026-08-15 16:55:37.930 (UTC)] info/application	[Motor] Received distance: 11.08012988096109 cm | Severity=75 | SourceName=Motor2 | EventType=application | SourceNode=ns=1;s=MotorSource2
[Anomaly Input] [2026-08-15 16:55:37.921 (UTC)] warn/application	[Motor] Distance too close (7.114665123221774); rotating motor to 0 degrees | Severity=175 | SourceName=Motor3 | EventType=application | SourceNode=ns=1;s=MotorSource3
[Anomaly Input] [2026-08-15 16:55:37.930 (UTC)] warn/application	[Motor] Distance too close (11.08012988096109); rotating motor to 0 degrees | Severity=175 | SourceName=Motor2 | EventType=application | SourceNode=ns=1;s=MotorSource2
[Anomaly Input] [2026-08-15 16:55:37.971 (UTC)] info/application	[Sensor] Updated distance: 17.39587809862377 cm | Severity=75 | SourceName=Sensor | EventType=application | SourceNode=ns=1;s=SensorSource
[Anomaly Input] [2026-08-15 16:55:38.376 (UTC)] info/application	[Sensor] Updated distance: 43.54183801707897 cm | Severity=75 | SourceName=Sensor2 | EventType=application | SourceNode=ns=1;s=SensorSource2
[Anomaly Input] [2026-08-15 16:55:38.376 (UTC)] info/application	[Sensor] Updated distance: 3.09542370638597 cm | Severity=75 | SourceName=Sensor3 | EventType=application | SourceNode=ns=1;s=SensorSource3
[Anomaly Input] [2026-08-15 16:55:38.469 (UTC)] info/application	[Motor] Received distance: 17.39587809862377 cm | Severity=75 | SourceName=Motor | EventType=application | SourceNode=ns=1;s=MotorSource
[Anomaly Input] [2026-08-15 16:55:38.469 (UTC)] warn/application	[Motor] Distance too close (17.39587809862377); rotating motor to 0 degrees | Severity=175 | SourceName=Motor | EventType=application | SourceNode=ns=1;s=MotorSource
[Anomaly Input] [2026-08-15 16:55:38.923 (UTC)] info/application	[Motor] Received distance: 43.54183801707897 cm | Severity=75 | SourceName=Motor2 | EventType=application | SourceNode=ns=1;s=MotorSource2
[Anomaly Input] [2026-08-15 16:55:38.932 (UTC)] info/application	[Motor] Received distance: 3.09542370638597 cm | Severity=75 | SourceName=Motor3 | EventType=application | SourceNode=ns=1;s=MotorSource3
[Anomaly Input] [2026-08-15 16:55:38.923 (UTC)] info/application	[Motor] Distance safe (43.54183801707897); rotating motor to 90 degrees | Severity=75 | SourceName=Motor2 | EventType=application | SourceNode=ns=1;s=MotorSource2
[Anomaly Input] [2026-08-15 16:55:38.932 (UTC)] warn/application	[Motor] Distance too close (3.09542370638597); rotating motor to 0 degrees | Severity=175 | SourceName=Motor3 | EventType=application | SourceNode=ns=1;s=MotorSource3
[Anomaly Input] [2026-08-15 16:55:38.974 (UTC)] info/application	[Sensor] Updated distance: 22.479258897006165 cm | Severity=75 | SourceName=Sensor | EventType=application | SourceNode=ns=1;s=SensorSource
[Anomaly Input] [2026-08-15 16:55:39.368 (UTC)] info/application	[Sensor] Updated distance: 12.187156778847406 cm | Severity=75 | SourceName=Sensor3 | EventType=application | SourceNode=ns=1;s=SensorSource3
[Anomaly Input] [2026-08-15 16:55:39.379 (UTC)] info/application	[Sensor] Updated distance: 47.923389076219586 cm | Severity=75 | SourceName=Sensor2 | EventType=application | SourceNode=ns=1;s=SensorSource2
[Anomaly Input] [2026-08-15 16:55:39.478 (UTC)] info/application	[Motor] Received distance: 22.479258897006165 cm | Severity=75 | SourceName=Motor | EventType=application | SourceNode=ns=1;s=MotorSource
[Anomaly Input] [2026-08-15 16:55:39.478 (UTC)] info/application	[Motor] Distance safe (22.479258897006165); rotating motor to 90 degrees | Severity=75 | SourceName=Motor | EventType=application | SourceNode=ns=1;s=MotorSource
[Anomaly Input] [2026-08-15 16:55:39.915 (UTC)] info/application	[Motor] Received distance: 47.923389076219586 cm | Severity=75 | SourceName=Motor2 | EventType=application | SourceNode=ns=1;s=MotorSource2
[Anomaly Input] [2026-08-15 16:55:39.921 (UTC)] info/application	[Motor] Received distance: 12.187156778847406 cm | Severity=75 | SourceName=Motor3 | EventType=application | SourceNode=ns=1;s=MotorSource3
[Anomaly Input] [2026-08-15 16:55:39.915 (UTC)] info/application	[Motor] Distance safe (47.923389076219586); rotating motor to 90 degrees | Severity=75 | SourceName=Motor2 | EventType=application | SourceNode=ns=1;s=MotorSource2
[Anomaly Input] [2026-08-15 16:55:39.921 (UTC)] warn/application	[Motor] Distance too close (12.187156778847406); rotating motor to 0 degrees | Severity=175 | SourceName=Motor3 | EventType=application | SourceNode=ns=1;s=MotorSource3
[Anomaly Input] [2026-08-15 16:55:39.976 (UTC)] info/application	[Sensor] Updated distance: 12.752646704554857 cm | Severity=75 | SourceName=Sensor | EventType=application | SourceNode=ns=1;s=SensorSource
[Anomaly Input] [2026-08-15 16:55:40.370 (UTC)] info/application	[Sensor] Updated distance: 46.72864636626497 cm | Severity=75 | SourceName=Sensor2 | EventType=application | SourceNode=ns=1;s=SensorSource2
[Anomaly Input] [2026-08-15 16:55:40.370 (UTC)] info/application	[Sensor] Updated distance: 22.80586806908523 cm | Severity=75 | SourceName=Sensor3 | EventType=application | SourceNode=ns=1;s=SensorSource3
[Anomaly Input] [2026-08-15 16:55:40.472 (UTC)] info/application	[Motor] Received distance: 12.752646704554857 cm | Severity=75 | SourceName=Motor | EventType=application | SourceNode=ns=1;s=MotorSource
[Anomaly Input] [2026-08-15 16:55:40.472 (UTC)] warn/application	[Motor] Distance too close (12.752646704554857); rotating motor to 0 degrees | Severity=175 | SourceName=Motor | EventType=application | SourceNode=ns=1;s=MotorSource
[Anomaly Input] [2026-08-15 16:55:40.917 (UTC)] info/application	[Motor] Received distance: 22.80586806908523 cm | Severity=75 | SourceName=Motor3 | EventType=application | SourceNode=ns=1;s=MotorSource3
[Anomaly Input] [2026-08-15 16:55:40.920 (UTC)] info/application	[Motor] Received distance: 46.72864636626497 cm | Severity=75 | SourceName=Motor2 | EventType=application | SourceNode=ns=1;s=MotorSource2
[Anomaly Input] [2026-08-15 16:55:40.917 (UTC)] info/application	[Motor] Distance safe (22.80586806908523); rotating motor to 90 degrees | Severity=75 | SourceName=Motor3 | EventType=application | SourceNode=ns=1;s=MotorSource3
[Anomaly Input] [2026-08-15 16:55:40.920 (UTC)] info/application	[Motor] Distance safe (46.72864636626497); rotating motor to 90 degrees | Severity=75 | SourceName=Motor2 | EventType=application | SourceNode=ns=1;s=MotorSource2
[Anomaly Input] [2026-08-15 16:55:40.967 (UTC)] info/application	[Sensor] Updated distance: 21.616693870917285 cm | Severity=75 | SourceName=Sensor | EventType=application | SourceNode=ns=1;s=SensorSource
[Anomaly Input] [2026-08-15 16:55:41.372 (UTC)] info/application	[Sensor] Updated distance: 18.08605267856552 cm | Severity=75 | SourceName=Sensor2 | EventType=application | SourceNode=ns=1;s=SensorSource2
[Anomaly Input] [2026-08-15 16:55:41.372 (UTC)] info/application	[Sensor] Updated distance: 2.1770807579984335 cm | Severity=75 | SourceName=Sensor3 | EventType=application | SourceNode=ns=1;s=SensorSource3
[Anomaly Input] [2026-08-15 16:55:41.477 (UTC)] info/application	[Motor] Received distance: 21.616693870917285 cm | Severity=75 | SourceName=Motor | EventType=application | SourceNode=ns=1;s=MotorSource
[Anomaly Input] [2026-08-15 16:55:41.477 (UTC)] info/application	[Motor] Distance safe (21.616693870917285); rotating motor to 90 degrees | Severity=75 | SourceName=Motor | EventType=application | SourceNode=ns=1;s=MotorSource
[Anomaly Input] [2026-08-15 16:55:41.918 (UTC)] info/application	[Motor] Received distance: 18.08605267856552 cm | Severity=75 | SourceName=Motor2 | EventType=application | SourceNode=ns=1;s=MotorSource2
[Anomaly Input] [2026-08-15 16:55:41.921 (UTC)] info/application	[Motor] Received distance: 2.1770807579984335 cm | Severity=75 | SourceName=Motor3 | EventType=application | SourceNode=ns=1;s=MotorSource3
[Anomaly Input] [2026-08-15 16:55:41.918 (UTC)] warn/application	[Motor] Distance too close (18.08605267856552); rotating motor to 0 degrees | Severity=175 | SourceName=Motor2 | EventType=application | SourceNode=ns=1;s=MotorSource2
[Anomaly Input] [2026-08-15 16:55:41.921 (UTC)] warn/application	[Motor] Distance too close (2.1770807579984335); rotating motor to 0 degrees | Severity=175 | SourceName=Motor3 | EventType=application | SourceNode=ns=1;s=MotorSource3
[Anomaly Input] [2026-08-15 16:55:41.969 (UTC)] info/application	[Sensor] Updated distance: 14.282898893711575 cm | Severity=75 | SourceName=Sensor | EventType=application | SourceNode=ns=1;s=SensorSource
[Anomaly Input] [2026-08-15 16:55:42.373 (UTC)] info/application	[Sensor] Updated distance: 10.129638265878725 cm | Severity=75 | SourceName=Sensor3 | EventType=application | SourceNode=ns=1;s=SensorSource3
[Anomaly Input] [2026-08-15 16:55:42.373 (UTC)] info/application	[Sensor] Updated distance: 11.601073634624981 cm | Severity=75 | SourceName=Sensor2 | EventType=application | SourceNode=ns=1;s=SensorSource2
[Anomaly Input] [2026-08-15 16:55:42.474 (UTC)] info/application	[Motor] Received distance: 14.282898893711575 cm | Severity=75 | SourceName=Motor | EventType=application | SourceNode=ns=1;s=MotorSource
[Anomaly Input] [2026-08-15 16:55:42.474 (UTC)] warn/application	[Motor] Distance too close (14.282898893711575); rotating motor to 0 degrees | Severity=175 | SourceName=Motor | EventType=application | SourceNode=ns=1;s=MotorSource
[Anomaly Input] [2026-08-15 16:55:42.920 (UTC)] info/application	[Motor] Received distance: 10.129638265878725 cm | Severity=75 | SourceName=Motor3 | EventType=application | SourceNode=ns=1;s=MotorSource3
[Anomaly Input] [2026-08-15 16:55:42.921 (UTC)] info/application	[Motor] Received distance: 11.601073634624981 cm | Severity=75 | SourceName=Motor2 | EventType=application | SourceNode=ns=1;s=MotorSource2
[Anomaly Input] [2026-08-15 16:55:42.920 (UTC)] warn/application	[Motor] Distance too close (10.129638265878725); rotating motor to 0 degrees | Severity=175 | SourceName=Motor3 | EventType=application | SourceNode=ns=1;s=MotorSource3
[Anomaly Input] [2026-08-15 16:55:42.921 (UTC)] warn/application	[Motor] Distance too close (11.601073634624981); rotating motor to 0 degrees | Severity=175 | SourceName=Motor2 | EventType=application | SourceNode=ns=1;s=MotorSource2
[Anomaly Input] [2026-08-15 16:55:42.970 (UTC)] info/application	[Sensor] Updated distance: 15.173545776481529 cm | Severity=75 | SourceName=Sensor | EventType=application | SourceNode=ns=1;s=SensorSource
[Anomaly Input] [2026-08-15 16:55:43.375 (UTC)] info/application	[Sensor] Updated distance: 47.82941774922861 cm | Severity=75 | SourceName=Sensor3 | EventType=application | SourceNode=ns=1;s=SensorSource3
[Anomaly Input] [2026-08-15 16:55:43.375 (UTC)] info/application	[Sensor] Updated distance: 28.391226542364443 cm | Severity=75 | SourceName=Sensor2 | EventType=application | SourceNode=ns=1;s=SensorSource2
[Anomaly Input] [2026-08-15 16:55:43.478 (UTC)] info/application	[Motor] Received distance: 15.173545776481529 cm | Severity=75 | SourceName=Motor | EventType=application | SourceNode=ns=1;s=MotorSource
[Anomaly Input] [2026-08-15 16:55:43.478 (UTC)] warn/application	[Motor] Distance too close (15.173545776481529); rotating motor to 0 degrees | Severity=175 | SourceName=Motor | EventType=application | SourceNode=ns=1;s=MotorSource
[Anomaly Input] [2026-08-15 16:55:43.922 (UTC)] info/application	[Motor] Received distance: 47.82941774922861 cm | Severity=75 | SourceName=Motor3 | EventType=application | SourceNode=ns=1;s=MotorSource3
[Anomaly Input] [2026-08-15 16:55:43.930 (UTC)] info/application	[Motor] Received distance: 28.391226542364443 cm | Severity=75 | SourceName=Motor2 | EventType=application | SourceNode=ns=1;s=MotorSource2
[Anomaly Input] [2026-08-15 16:55:43.922 (UTC)] info/application	[Motor] Distance safe (47.82941774922861); rotating motor to 90 degrees | Severity=75 | SourceName=Motor3 | EventType=application | SourceNode=ns=1;s=MotorSource3
[Anomaly Input] [2026-08-15 16:55:43.930 (UTC)] info/application	[Motor] Distance safe (28.391226542364443); rotating motor to 90 degrees | Severity=75 | SourceName=Motor2 | EventType=application | SourceNode=ns=1;s=MotorSource2
[Anomaly Input] [2026-08-15 16:55:43.972 (UTC)] info/application	[Sensor] Updated distance: 35.47123961964214 cm | Severity=75 | SourceName=Sensor | EventType=application | SourceNode=ns=1;s=SensorSource
[Anomaly Input] [2026-08-15 16:55:44.377 (UTC)] info/application	[Sensor] Updated distance: 27.687655021291064 cm | Severity=75 | SourceName=Sensor2 | EventType=application | SourceNode=ns=1;s=SensorSource2
[Anomaly Input] [2026-08-15 16:55:44.377 (UTC)] info/application	[Sensor] Updated distance: 10.569172103223005 cm | Severity=75 | SourceName=Sensor3 | EventType=application | SourceNode=ns=1;s=SensorSource3
[Anomaly Input] [2026-08-15 16:55:44.468 (UTC)] info/application	[Motor] Received distance: 35.47123961964214 cm | Severity=75 | SourceName=Motor | EventType=application | SourceNode=ns=1;s=MotorSource
[Anomaly Input] [2026-08-15 16:55:44.468 (UTC)] info/application	[Motor] Distance safe (35.47123961964214); rotating motor to 90 degrees | Severity=75 | SourceName=Motor | EventType=application | SourceNode=ns=1;s=MotorSource
[Anomaly Input] [2026-08-15 16:55:44.923 (UTC)] info/application	[Motor] Received distance: 27.687655021291064 cm | Severity=75 | SourceName=Motor2 | EventType=application | SourceNode=ns=1;s=MotorSource2
[Anomaly Input] [2026-08-15 16:55:44.932 (UTC)] info/application	[Motor] Received distance: 10.569172103223005 cm | Severity=75 | SourceName=Motor3 | EventType=application | SourceNode=ns=1;s=MotorSource3
[Anomaly Input] [2026-08-15 16:55:44.923 (UTC)] info/application	[Motor] Distance safe (27.687655021291064); rotating motor to 90 degrees | Severity=75 | SourceName=Motor2 | EventType=application | SourceNode=ns=1;s=MotorSource2
[Anomaly Input] [2026-08-15 16:55:44.932 (UTC)] warn/application	[Motor] Distance too close (10.569172103223005); rotating motor to 0 degrees | Severity=175 | SourceName=Motor3 | EventType=application | SourceNode=ns=1;s=MotorSource3
[Anomaly Input] [2026-08-15 16:55:44.974 (UTC)] info/application	[Sensor] Updated distance: 17.71905209856064 cm | Severity=75 | SourceName=Sensor | EventType=application | SourceNode=ns=1;s=SensorSource
[Anomaly Input] [2026-08-15 16:55:45.368 (UTC)] info/application	[Sensor] Updated distance: 4.458892853212959 cm | Severity=75 | SourceName=Sensor3 | EventType=application | SourceNode=ns=1;s=SensorSource3
[Anomaly Input] [2026-08-15 16:55:45.378 (UTC)] info/application	[Sensor] Updated distance: 27.636885789053924 cm | Severity=75 | SourceName=Sensor2 | EventType=application | SourceNode=ns=1;s=SensorSource2
[Anomaly Input] [2026-08-15 16:55:45.477 (UTC)] info/application	[Motor] Received distance: 17.71905209856064 cm | Severity=75 | SourceName=Motor | EventType=application | SourceNode=ns=1;s=MotorSource
[Anomaly Input] [2026-08-15 16:55:45.477 (UTC)] warn/application	[Motor] Distance too close (17.71905209856064); rotating motor to 0 degrees | Severity=175 | SourceName=Motor | EventType=application | SourceNode=ns=1;s=MotorSource
[Anomaly Input] [2026-08-15 16:55:45.915 (UTC)] info/application	[Motor] Received distance: 27.636885789053924 cm | Severity=75 | SourceName=Motor2 | EventType=application | SourceNode=ns=1;s=MotorSource2
[Anomaly Input] [2026-08-15 16:55:45.921 (UTC)] info/application	[Motor] Received distance: 4.458892853212959 cm | Severity=75 | SourceName=Motor3 | EventType=application | SourceNode=ns=1;s=MotorSource3
[Anomaly Input] [2026-08-15 16:55:45.915 (UTC)] info/application	[Motor] Distance safe (27.636885789053924); rotating motor to 90 degrees | Severity=75 | SourceName=Motor2 | EventType=application | SourceNode=ns=1;s=MotorSource2
[Anomaly Input] [2026-08-15 16:55:45.921 (UTC)] warn/application	[Motor] Distance too close (4.458892853212959); rotating motor to 0 degrees | Severity=175 | SourceName=Motor3 | EventType=application | SourceNode=ns=1;s=MotorSource3
[Anomaly Input] [2026-08-15 16:55:45.975 (UTC)] info/application	[Sensor] Updated distance: 33.726067855826614 cm | Severity=75 | SourceName=Sensor | EventType=application | SourceNode=ns=1;s=SensorSource
[Anomaly Input] [2026-08-15 16:55:46.370 (UTC)] info/application	[Sensor] Updated distance: 14.138529373397365 cm | Severity=75 | SourceName=Sensor3 | EventType=application | SourceNode=ns=1;s=SensorSource3
[Anomaly Input] [2026-08-15 16:55:46.370 (UTC)] info/application	[Sensor] Updated distance: 18.031865596786076 cm | Severity=75 | SourceName=Sensor2 | EventType=application | SourceNode=ns=1;s=SensorSource2
[Anomaly Input] [2026-08-15 16:55:46.479 (UTC)] info/application	[Motor] Received distance: 33.726067855826614 cm | Severity=75 | SourceName=Motor | EventType=application | SourceNode=ns=1;s=MotorSource
[Anomaly Input] [2026-08-15 16:55:46.479 (UTC)] info/application	[Motor] Distance safe (33.726067855826614); rotating motor to 90 degrees | Severity=75 | SourceName=Motor | EventType=application | SourceNode=ns=1;s=MotorSource
[Anomaly Input] [2026-08-15 16:55:46.917 (UTC)] info/application	[Motor] Received distance: 14.138529373397365 cm | Severity=75 | SourceName=Motor3 | EventType=application | SourceNode=ns=1;s=MotorSource3
[Anomaly Input] [2026-08-15 16:55:46.920 (UTC)] info/application	[Motor] Received distance: 18.031865596786076 cm | Severity=75 | SourceName=Motor2 | EventType=application | SourceNode=ns=1;s=MotorSource2
[Anomaly Input] [2026-08-15 16:55:46.917 (UTC)] warn/application	[Motor] Distance too close (14.138529373397365); rotating motor to 0 degrees | Severity=175 | SourceName=Motor3 | EventType=application | SourceNode=ns=1;s=MotorSource3
[Anomaly Input] [2026-08-15 16:55:46.920 (UTC)] warn/application	[Motor] Distance too close (18.031865596786076); rotating motor to 0 degrees | Severity=175 | SourceName=Motor2 | EventType=application | SourceNode=ns=1;s=MotorSource2
[Anomaly Input] [2026-08-15 16:55:46.967 (UTC)] info/application	[Sensor] Updated distance: 19.680661544986375 cm | Severity=75 | SourceName=Sensor | EventType=application | SourceNode=ns=1;s=SensorSource
[Anomaly Input] [2026-08-15 16:55:47.372 (UTC)] info/application	[Sensor] Updated distance: 48.39322284534258 cm | Severity=75 | SourceName=Sensor2 | EventType=application | SourceNode=ns=1;s=SensorSource2
[Anomaly Input] [2026-08-15 16:55:47.372 (UTC)] info/application	[Sensor] Updated distance: 3.384248018909361 cm | Severity=75 | SourceName=Sensor3 | EventType=application | SourceNode=ns=1;s=SensorSource3
[Anomaly Input] [2026-08-15 16:55:47.472 (UTC)] info/application	[Motor] Received distance: 19.680661544986375 cm | Severity=75 | SourceName=Motor | EventType=application | SourceNode=ns=1;s=MotorSource
[Anomaly Input] [2026-08-15 16:55:47.472 (UTC)] warn/application	[Motor] Distance too close (19.680661544986375); rotating motor to 0 degrees | Severity=175 | SourceName=Motor | EventType=application | SourceNode=ns=1;s=MotorSource
[Anomaly Input] [2026-08-15 16:55:47.921 (UTC)] info/application	[Motor] Received distance: 48.39322284534258 cm | Severity=75 | SourceName=Motor2 | EventType=application | SourceNode=ns=1;s=MotorSource2
[Anomaly Input] [2026-08-15 16:55:47.921 (UTC)] info/application	[Motor] Received distance: 3.384248018909361 cm | Severity=75 | SourceName=Motor3 | EventType=application | SourceNode=ns=1;s=MotorSource3
[Anomaly Input] [2026-08-15 16:55:47.921 (UTC)] warn/application	[Motor] Distance too close (3.384248018909361); rotating motor to 0 degrees | Severity=175 | SourceName=Motor3 | EventType=application | SourceNode=ns=1;s=MotorSource3
[Anomaly Input] [2026-08-15 16:55:47.921 (UTC)] info/application	[Motor] Distance safe (48.39322284534258); rotating motor to 90 degrees | Severity=75 | SourceName=Motor2 | EventType=application | SourceNode=ns=1;s=MotorSource2
[Anomaly Input] [2026-08-15 16:55:47.968 (UTC)] info/application	[Sensor] Updated distance: 11.413721848937552 cm | Severity=75 | SourceName=Sensor | EventType=application | SourceNode=ns=1;s=SensorSource
[Anomaly Input] [2026-08-15 16:55:48.374 (UTC)] info/application	[Sensor] Updated distance: 37.1760532572754 cm | Severity=75 | SourceName=Sensor3 | EventType=application | SourceNode=ns=1;s=SensorSource3
[Anomaly Input] [2026-08-15 16:55:48.374 (UTC)] info/application	[Sensor] Updated distance: 15.864801845450327 cm | Severity=75 | SourceName=Sensor2 | EventType=application | SourceNode=ns=1;s=SensorSource2
[Anomaly Input] [2026-08-15 16:55:48.477 (UTC)] info/application	[Motor] Received distance: 11.413721848937552 cm | Severity=75 | SourceName=Motor | EventType=application | SourceNode=ns=1;s=MotorSource
[Anomaly Input] [2026-08-15 16:55:48.477 (UTC)] warn/application	[Motor] Distance too close (11.413721848937552); rotating motor to 0 degrees | Severity=175 | SourceName=Motor | EventType=application | SourceNode=ns=1;s=MotorSource
[Anomaly Input] [2026-08-15 16:55:48.920 (UTC)] info/application	[Motor] Received distance: 37.1760532572754 cm | Severity=75 | SourceName=Motor3 | EventType=application | SourceNode=ns=1;s=MotorSource3
[Anomaly Input] [2026-08-15 16:55:48.920 (UTC)] info/application	[Motor] Received distance: 15.864801845450327 cm | Severity=75 | SourceName=Motor2 | EventType=application | SourceNode=ns=1;s=MotorSource2
[Anomaly Input] [2026-08-15 16:55:48.920 (UTC)] warn/application	[Motor] Distance too close (15.864801845450327); rotating motor to 0 degrees | Severity=175 | SourceName=Motor2 | EventType=application | SourceNode=ns=1;s=MotorSource2
[Anomaly Input] [2026-08-15 16:55:48.920 (UTC)] info/application	[Motor] Distance safe (37.1760532572754); rotating motor to 90 degrees | Severity=75 | SourceName=Motor3 | EventType=application | SourceNode=ns=1;s=MotorSource3
[Anomaly Input] [2026-08-15 16:55:48.970 (UTC)] info/application	[Sensor] Updated distance: 36.61734983446884 cm | Severity=75 | SourceName=Sensor | EventType=application | SourceNode=ns=1;s=SensorSource
[Anomaly Input] [2026-08-15 16:55:49.375 (UTC)] info/application	[Sensor] Updated distance: 8.909829709171238 cm | Severity=75 | SourceName=Sensor3 | EventType=application | SourceNode=ns=1;s=SensorSource3
[Anomaly Input] [2026-08-15 16:55:49.375 (UTC)] info/application	[Sensor] Updated distance: 2.7495779100570723 cm | Severity=75 | SourceName=Sensor2 | EventType=application | SourceNode=ns=1;s=SensorSource2
[Anomaly Input] [2026-08-15 16:55:49.476 (UTC)] info/application	[Motor] Received distance: 36.61734983446884 cm | Severity=75 | SourceName=Motor | EventType=application | SourceNode=ns=1;s=MotorSource
[Anomaly Input] [2026-08-15 16:55:49.476 (UTC)] info/application	[Motor] Distance safe (36.61734983446884); rotating motor to 90 degrees | Severity=75 | SourceName=Motor | EventType=application | SourceNode=ns=1;s=MotorSource
[Anomaly Input] [2026-08-15 16:55:49.922 (UTC)] info/application	[Motor] Received distance: 8.909829709171238 cm | Severity=75 | SourceName=Motor3 | EventType=application | SourceNode=ns=1;s=MotorSource3
[Anomaly Input] [2026-08-15 16:55:49.930 (UTC)] info/application	[Motor] Received distance: 2.7495779100570723 cm | Severity=75 | SourceName=Motor2 | EventType=application | SourceNode=ns=1;s=MotorSource2
[Anomaly Input] [2026-08-15 16:55:49.922 (UTC)] warn/application	[Motor] Distance too close (8.909829709171238); rotating motor to 0 degrees | Severity=175 | SourceName=Motor3 | EventType=application | SourceNode=ns=1;s=MotorSource3
[Anomaly Input] [2026-08-15 16:55:49.930 (UTC)] warn/application	[Motor] Distance too close (2.7495779100570723); rotating motor to 0 degrees | Severity=175 | SourceName=Motor2 | EventType=application | SourceNode=ns=1;s=MotorSource2
[Anomaly Input] [2026-08-15 16:55:49.971 (UTC)] info/application	[Sensor] Updated distance: 7.70900593963871 cm | Severity=75 | SourceName=Sensor | EventType=application | SourceNode=ns=1;s=SensorSource
[Anomaly Input] [2026-08-15 16:55:50.377 (UTC)] info/application	[Sensor] Updated distance: 17.787973873218508 cm | Severity=75 | SourceName=Sensor3 | EventType=application | SourceNode=ns=1;s=SensorSource3
[Anomaly Input] [2026-08-15 16:55:50.377 (UTC)] info/application	[Sensor] Updated distance: 21.361393952444843 cm | Severity=75 | SourceName=Sensor2 | EventType=application | SourceNode=ns=1;s=SensorSource2
[Anomaly Input] [2026-08-15 16:55:50.467 (UTC)] info/application	[Motor] Received distance: 7.70900593963871 cm | Severity=75 | SourceName=Motor | EventType=application | SourceNode=ns=1;s=MotorSource
[Anomaly Input] [2026-08-15 16:55:50.467 (UTC)] warn/application	[Motor] Distance too close (7.70900593963871); rotating motor to 0 degrees | Severity=175 | SourceName=Motor | EventType=application | SourceNode=ns=1;s=MotorSource
[Anomaly Input] [2026-08-15 16:55:50.923 (UTC)] info/application	[Motor] Received distance: 21.361393952444843 cm | Severity=75 | SourceName=Motor2 | EventType=application | SourceNode=ns=1;s=MotorSource2
[Anomaly Input] [2026-08-15 16:55:50.933 (UTC)] info/application	[Motor] Received distance: 17.787973873218508 cm | Severity=75 | SourceName=Motor3 | EventType=application | SourceNode=ns=1;s=MotorSource3
[Anomaly Input] [2026-08-15 16:55:50.923 (UTC)] info/application	[Motor] Distance safe (21.361393952444843); rotating motor to 90 degrees | Severity=75 | SourceName=Motor2 | EventType=application | SourceNode=ns=1;s=MotorSource2
[Anomaly Input] [2026-08-15 16:55:50.933 (UTC)] warn/application	[Motor] Distance too close (17.787973873218508); rotating motor to 0 degrees | Severity=175 | SourceName=Motor3 | EventType=application | SourceNode=ns=1;s=MotorSource3
[Anomaly Input] [2026-08-15 16:55:50.973 (UTC)] info/application	[Sensor] Updated distance: 44.91183832050852 cm | Severity=75 | SourceName=Sensor | EventType=application | SourceNode=ns=1;s=SensorSource
[Anomaly Input] [2026-08-15 16:55:51.368 (UTC)] info/application	[Sensor] Updated distance: 40.27869683796479 cm | Severity=75 | SourceName=Sensor3 | EventType=application | SourceNode=ns=1;s=SensorSource3
[Anomaly Input] [2026-08-15 16:55:51.379 (UTC)] info/application	[Sensor] Updated distance: 33.367891631726124 cm | Severity=75 | SourceName=Sensor2 | EventType=application | SourceNode=ns=1;s=SensorSource2
[Anomaly Input] [2026-08-15 16:55:51.478 (UTC)] info/application	[Motor] Received distance: 44.91183832050852 cm | Severity=75 | SourceName=Motor | EventType=application | SourceNode=ns=1;s=MotorSource
[Anomaly Input] [2026-08-15 16:55:51.478 (UTC)] info/application	[Motor] Distance safe (44.91183832050852); rotating motor to 90 degrees | Severity=75 | SourceName=Motor | EventType=application | SourceNode=ns=1;s=MotorSource
[Anomaly Input] [2026-08-15 16:55:51.915 (UTC)] info/application	[Motor] Received distance: 33.367891631726124 cm | Severity=75 | SourceName=Motor2 | EventType=application | SourceNode=ns=1;s=MotorSource2
[Anomaly Input] [2026-08-15 16:55:51.921 (UTC)] info/application	[Motor] Received distance: 40.27869683796479 cm | Severity=75 | SourceName=Motor3 | EventType=application | SourceNode=ns=1;s=MotorSource3
[Anomaly Input] [2026-08-15 16:55:51.915 (UTC)] info/application	[Motor] Distance safe (33.367891631726124); rotating motor to 90 degrees | Severity=75 | SourceName=Motor2 | EventType=application | SourceNode=ns=1;s=MotorSource2
[Anomaly Input] [2026-08-15 16:55:51.921 (UTC)] info/application	[Motor] Distance safe (40.27869683796479); rotating motor to 90 degrees | Severity=75 | SourceName=Motor3 | EventType=application | SourceNode=ns=1;s=MotorSource3
[Anomaly Input] [2026-08-15 16:55:51.975 (UTC)] info/application	[Sensor] Updated distance: 17.568428426780006 cm | Severity=75 | SourceName=Sensor | EventType=application | SourceNode=ns=1;s=SensorSource
[Anomaly Input] [2026-08-15 16:55:52.370 (UTC)] info/application	[Sensor] Updated distance: 12.603477594723682 cm | Severity=75 | SourceName=Sensor3 | EventType=application | SourceNode=ns=1;s=SensorSource3
[Anomaly Input] [2026-08-15 16:55:52.370 (UTC)] info/application	[Sensor] Updated distance: 41.45188799847471 cm | Severity=75 | SourceName=Sensor2 | EventType=application | SourceNode=ns=1;s=SensorSource2
[Anomaly Input] [2026-08-15 16:55:52.471 (UTC)] info/application	[Motor] Received distance: 17.568428426780006 cm | Severity=75 | SourceName=Motor | EventType=application | SourceNode=ns=1;s=MotorSource
[Anomaly Input] [2026-08-15 16:55:52.471 (UTC)] warn/application	[Motor] Distance too close (17.568428426780006); rotating motor to 0 degrees | Severity=175 | SourceName=Motor | EventType=application | SourceNode=ns=1;s=MotorSource
[Anomaly Input] [2026-08-15 16:55:52.917 (UTC)] info/application	[Motor] Received distance: 12.603477594723682 cm | Severity=75 | SourceName=Motor3 | EventType=application | SourceNode=ns=1;s=MotorSource3
[Anomaly Input] [2026-08-15 16:55:52.920 (UTC)] info/application	[Motor] Received distance: 41.45188799847471 cm | Severity=75 | SourceName=Motor2 | EventType=application | SourceNode=ns=1;s=MotorSource2
[Anomaly Input] [2026-08-15 16:55:52.917 (UTC)] warn/application	[Motor] Distance too close (12.603477594723682); rotating motor to 0 degrees | Severity=175 | SourceName=Motor3 | EventType=application | SourceNode=ns=1;s=MotorSource3
[Anomaly Input] [2026-08-15 16:55:52.920 (UTC)] info/application	[Motor] Distance safe (41.45188799847471); rotating motor to 90 degrees | Severity=75 | SourceName=Motor2 | EventType=application | SourceNode=ns=1;s=MotorSource2
[Anomaly Input] [2026-08-15 16:55:52.968 (UTC)] info/application	[Sensor] Updated distance: 46.48475909069402 cm | Severity=75 | SourceName=Sensor | EventType=application | SourceNode=ns=1;s=SensorSource
[Anomaly Input] [2026-08-15 16:55:53.372 (UTC)] info/application	[Sensor] Updated distance: 25.15030393337379 cm | Severity=75 | SourceName=Sensor3 | EventType=application | SourceNode=ns=1;s=SensorSource3
[Anomaly Input] [2026-08-15 16:55:53.372 (UTC)] info/application	[Sensor] Updated distance: 5.508605034793078 cm | Severity=75 | SourceName=Sensor2 | EventType=application | SourceNode=ns=1;s=SensorSource2
[Anomaly Input] [2026-08-15 16:55:53.477 (UTC)] info/application	[Motor] Received distance: 46.48475909069402 cm | Severity=75 | SourceName=Motor | EventType=application | SourceNode=ns=1;s=MotorSource
[Anomaly Input] [2026-08-15 16:55:53.477 (UTC)] info/application	[Motor] Distance safe (46.48475909069402); rotating motor to 90 degrees | Severity=75 | SourceName=Motor | EventType=application | SourceNode=ns=1;s=MotorSource
[Anomaly Input] [2026-08-15 16:55:53.919 (UTC)] info/application	[Motor] Received distance: 5.508605034793078 cm | Severity=75 | SourceName=Motor2 | EventType=application | SourceNode=ns=1;s=MotorSource2
[Anomaly Input] [2026-08-15 16:55:53.921 (UTC)] info/application	[Motor] Received distance: 25.15030393337379 cm | Severity=75 | SourceName=Motor3 | EventType=application | SourceNode=ns=1;s=MotorSource3
[Anomaly Input] [2026-08-15 16:55:53.919 (UTC)] warn/application	[Motor] Distance too close (5.508605034793078); rotating motor to 0 degrees | Severity=175 | SourceName=Motor2 | EventType=application | SourceNode=ns=1;s=MotorSource2
[Anomaly Input] [2026-08-15 16:55:53.921 (UTC)] info/application	[Motor] Distance safe (25.15030393337379); rotating motor to 90 degrees | Severity=75 | SourceName=Motor3 | EventType=application | SourceNode=ns=1;s=MotorSource3
[Anomaly Input] [2026-08-15 16:55:53.969 (UTC)] info/application	[Sensor] Updated distance: 24.396034370360912 cm | Severity=75 | SourceName=Sensor | EventType=application | SourceNode=ns=1;s=SensorSource
[Anomaly Input] [2026-08-15 16:55:54.374 (UTC)] info/application	[Sensor] Updated distance: 10.032036881908791 cm | Severity=75 | SourceName=Sensor2 | EventType=application | SourceNode=ns=1;s=SensorSource2
[Anomaly Input] [2026-08-15 16:55:54.374 (UTC)] info/application	[Sensor] Updated distance: 34.151747636567684 cm | Severity=75 | SourceName=Sensor3 | EventType=application | SourceNode=ns=1;s=SensorSource3
[Anomaly Input] [2026-08-15 16:55:54.475 (UTC)] info/application	[Motor] Received distance: 24.396034370360912 cm | Severity=75 | SourceName=Motor | EventType=application | SourceNode=ns=1;s=MotorSource
[Anomaly Input] [2026-08-15 16:55:54.475 (UTC)] info/application	[Motor] Distance safe (24.396034370360912); rotating motor to 90 degrees | Severity=75 | SourceName=Motor | EventType=application | SourceNode=ns=1;s=MotorSource
[Anomaly Input] [2026-08-15 16:55:54.921 (UTC)] info/application	[Motor] Received distance: 34.151747636567684 cm | Severity=75 | SourceName=Motor3 | EventType=application | SourceNode=ns=1;s=MotorSource3
[Anomaly Input] [2026-08-15 16:55:54.921 (UTC)] info/application	[Motor] Received distance: 10.032036881908791 cm | Severity=75 | SourceName=Motor2 | EventType=application | SourceNode=ns=1;s=MotorSource2
[Anomaly Input] [2026-08-15 16:55:54.921 (UTC)] info/application	[Motor] Distance safe (34.151747636567684); rotating motor to 90 degrees | Severity=75 | SourceName=Motor3 | EventType=application | SourceNode=ns=1;s=MotorSource3
[Anomaly Input] [2026-08-15 16:55:54.921 (UTC)] warn/application	[Motor] Distance too close (10.032036881908791); rotating motor to 0 degrees | Severity=175 | SourceName=Motor2 | EventType=application | SourceNode=ns=1;s=MotorSource2
[Anomaly Input] [2026-08-15 16:55:54.971 (UTC)] info/application	[Sensor] Updated distance: 19.08883648416439 cm | Severity=75 | SourceName=Sensor | EventType=application | SourceNode=ns=1;s=SensorSource
[Anomaly Input] [2026-08-15 16:55:55.376 (UTC)] info/application	[Sensor] Updated distance: 18.520639673117845 cm | Severity=75 | SourceName=Sensor2 | EventType=application | SourceNode=ns=1;s=SensorSource2
[Anomaly Input] [2026-08-15 16:55:55.376 (UTC)] info/application	[Sensor] Updated distance: 20.949093656125054 cm | Severity=75 | SourceName=Sensor3 | EventType=application | SourceNode=ns=1;s=SensorSource3
[Anomaly Input] [2026-08-15 16:55:55.467 (UTC)] info/application	[Motor] Received distance: 19.08883648416439 cm | Severity=75 | SourceName=Motor | EventType=application | SourceNode=ns=1;s=MotorSource
[Anomaly Input] [2026-08-15 16:55:55.467 (UTC)] warn/application	[Motor] Distance too close (19.08883648416439); rotating motor to 0 degrees | Severity=175 | SourceName=Motor | EventType=application | SourceNode=ns=1;s=MotorSource
[Anomaly Input] [2026-08-15 16:55:55.931 (UTC)] info/application	[Motor] Received distance: 20.949093656125054 cm | Severity=75 | SourceName=Motor3 | EventType=application | SourceNode=ns=1;s=MotorSource3
[Anomaly Input] [2026-08-15 16:55:55.931 (UTC)] info/application	[Motor] Received distance: 18.520639673117845 cm | Severity=75 | SourceName=Motor2 | EventType=application | SourceNode=ns=1;s=MotorSource2
[Anomaly Input] [2026-08-15 16:55:55.931 (UTC)] warn/application	[Motor] Distance too close (18.520639673117845); rotating motor to 0 degrees | Severity=175 | SourceName=Motor2 | EventType=application | SourceNode=ns=1;s=MotorSource2
[Anomaly Input] [2026-08-15 16:55:55.931 (UTC)] info/application	[Motor] Distance safe (20.949093656125054); rotating motor to 90 degrees | Severity=75 | SourceName=Motor3 | EventType=application | SourceNode=ns=1;s=MotorSource3
[Anomaly Input] [2026-08-15 16:55:55.973 (UTC)] info/application	[Sensor] Updated distance: 42.80630603097673 cm | Severity=75 | SourceName=Sensor | EventType=application | SourceNode=ns=1;s=SensorSource
[Anomaly Input] [2026-08-15 16:55:56.368 (UTC)] info/application	[Sensor] Updated distance: 46.80736133307561 cm | Severity=75 | SourceName=Sensor3 | EventType=application | SourceNode=ns=1;s=SensorSource3
[Anomaly Input] [2026-08-15 16:55:56.378 (UTC)] info/application	[Sensor] Updated distance: 5.249289312981669 cm | Severity=75 | SourceName=Sensor2 | EventType=application | SourceNode=ns=1;s=SensorSource2
[Anomaly Input] [2026-08-15 16:55:56.478 (UTC)] info/application	[Motor] Received distance: 42.80630603097673 cm | Severity=75 | SourceName=Motor | EventType=application | SourceNode=ns=1;s=MotorSource
[Anomaly Input] [2026-08-15 16:55:56.478 (UTC)] info/application	[Motor] Distance safe (42.80630603097673); rotating motor to 90 degrees | Severity=75 | SourceName=Motor | EventType=application | SourceNode=ns=1;s=MotorSource
[Anomaly Input] [2026-08-15 16:55:56.920 (UTC)] info/application	[Motor] Received distance: 5.249289312981669 cm | Severity=75 | SourceName=Motor2 | EventType=application | SourceNode=ns=1;s=MotorSource2
[Anomaly Input] [2026-08-15 16:55:56.921 (UTC)] info/application	[Motor] Received distance: 46.80736133307561 cm | Severity=75 | SourceName=Motor3 | EventType=application | SourceNode=ns=1;s=MotorSource3
[Anomaly Input] [2026-08-15 16:55:56.920 (UTC)] warn/application	[Motor] Distance too close (5.249289312981669); rotating motor to 0 degrees | Severity=175 | SourceName=Motor2 | EventType=application | SourceNode=ns=1;s=MotorSource2
[Anomaly Input] [2026-08-15 16:55:56.921 (UTC)] info/application	[Motor] Distance safe (46.80736133307561); rotating motor to 90 degrees | Severity=75 | SourceName=Motor3 | EventType=application | SourceNode=ns=1;s=MotorSource3
[Anomaly Input] [2026-08-15 16:55:56.976 (UTC)] info/application	[Sensor] Updated distance: 8.12928891467363 cm | Severity=75 | SourceName=Sensor | EventType=application | SourceNode=ns=1;s=SensorSource
[Anomaly Input] [2026-08-15 16:55:57.370 (UTC)] info/application	[Sensor] Updated distance: 42.3704287150737 cm | Severity=75 | SourceName=Sensor2 | EventType=application | SourceNode=ns=1;s=SensorSource2
[Anomaly Input] [2026-08-15 16:55:57.370 (UTC)] info/application	[Sensor] Updated distance: 20.345449038942085 cm | Severity=75 | SourceName=Sensor3 | EventType=application | SourceNode=ns=1;s=SensorSource3
[Anomaly Input] [2026-08-15 16:55:57.471 (UTC)] info/application	[Motor] Received distance: 8.12928891467363 cm | Severity=75 | SourceName=Motor | EventType=application | SourceNode=ns=1;s=MotorSource
[Anomaly Input] [2026-08-15 16:55:57.471 (UTC)] warn/application	[Motor] Distance too close (8.12928891467363); rotating motor to 0 degrees | Severity=175 | SourceName=Motor | EventType=application | SourceNode=ns=1;s=MotorSource
[Anomaly Input] [2026-08-15 16:55:57.917 (UTC)] info/application	[Motor] Received distance: 42.3704287150737 cm | Severity=75 | SourceName=Motor2 | EventType=application | SourceNode=ns=1;s=MotorSource2
[Anomaly Input] [2026-08-15 16:55:57.917 (UTC)] info/application	[Motor] Received distance: 20.345449038942085 cm | Severity=75 | SourceName=Motor3 | EventType=application | SourceNode=ns=1;s=MotorSource3
[Anomaly Input] [2026-08-15 16:55:57.917 (UTC)] info/application	[Motor] Distance safe (42.3704287150737); rotating motor to 90 degrees | Severity=75 | SourceName=Motor2 | EventType=application | SourceNode=ns=1;s=MotorSource2
[Anomaly Input] [2026-08-15 16:55:57.917 (UTC)] info/application	[Motor] Distance safe (20.345449038942085); rotating motor to 90 degrees | Severity=75 | SourceName=Motor3 | EventType=application | SourceNode=ns=1;s=MotorSource3
[Anomaly Input] [2026-08-15 16:55:57.968 (UTC)] info/application	[Sensor] Updated distance: 6.014669345698631 cm | Severity=75 | SourceName=Sensor | EventType=application | SourceNode=ns=1;s=SensorSource
[Anomaly Input] [2026-08-15 16:55:58.373 (UTC)] info/application	[Sensor] Updated distance: 18.287399225070793 cm | Severity=75 | SourceName=Sensor3 | EventType=application | SourceNode=ns=1;s=SensorSource3
[Anomaly Input] [2026-08-15 16:55:58.373 (UTC)] info/application	[Sensor] Updated distance: 34.11378121381336 cm | Severity=75 | SourceName=Sensor2 | EventType=application | SourceNode=ns=1;s=SensorSource2
[Anomaly Input] [2026-08-15 16:55:58.478 (UTC)] info/application	[Motor] Received distance: 6.014669345698631 cm | Severity=75 | SourceName=Motor | EventType=application | SourceNode=ns=1;s=MotorSource
[Anomaly Input] [2026-08-15 16:55:58.478 (UTC)] warn/application	[Motor] Distance too close (6.014669345698631); rotating motor to 0 degrees | Severity=175 | SourceName=Motor | EventType=application | SourceNode=ns=1;s=MotorSource
[Anomaly Input] [2026-08-15 16:55:58.921 (UTC)] info/application	[Motor] Received distance: 34.11378121381336 cm | Severity=75 | SourceName=Motor2 | EventType=application | SourceNode=ns=1;s=MotorSource2
[Anomaly Input] [2026-08-15 16:55:58.922 (UTC)] info/application	[Motor] Received distance: 18.287399225070793 cm | Severity=75 | SourceName=Motor3 | EventType=application | SourceNode=ns=1;s=MotorSource3
[Anomaly Input] [2026-08-15 16:55:58.921 (UTC)] info/application	[Motor] Distance safe (34.11378121381336); rotating motor to 90 degrees | Severity=75 | SourceName=Motor2 | EventType=application | SourceNode=ns=1;s=MotorSource2
[Anomaly Input] [2026-08-15 16:55:58.922 (UTC)] warn/application	[Motor] Distance too close (18.287399225070793); rotating motor to 0 degrees | Severity=175 | SourceName=Motor3 | EventType=application | SourceNode=ns=1;s=MotorSource3
[Anomaly Input] [2026-08-15 16:55:58.970 (UTC)] info/application	[Sensor] Updated distance: 47.448940030042515 cm | Severity=75 | SourceName=Sensor | EventType=application | SourceNode=ns=1;s=SensorSource
[Anomaly Input] [2026-08-15 16:55:59.375 (UTC)] info/application	[Sensor] Updated distance: 29.443016474807177 cm | Severity=75 | SourceName=Sensor2 | EventType=application | SourceNode=ns=1;s=SensorSource2
[Anomaly Input] [2026-08-15 16:55:59.375 (UTC)] info/application	[Sensor] Updated distance: 28.866612305336915 cm | Severity=75 | SourceName=Sensor3 | EventType=application | SourceNode=ns=1;s=SensorSource3
[Anomaly Input] [2026-08-15 16:55:59.476 (UTC)] info/application	[Motor] Received distance: 47.448940030042515 cm | Severity=75 | SourceName=Motor | EventType=application | SourceNode=ns=1;s=MotorSource
[Anomaly Input] [2026-08-15 16:55:59.476 (UTC)] info/application	[Motor] Distance safe (47.448940030042515); rotating motor to 90 degrees | Severity=75 | SourceName=Motor | EventType=application | SourceNode=ns=1;s=MotorSource
[Anomaly Input] [2026-08-15 16:55:59.921 (UTC)] info/application	[Motor] Received distance: 28.866612305336915 cm | Severity=75 | SourceName=Motor3 | EventType=application | SourceNode=ns=1;s=MotorSource3
[Anomaly Input] [2026-08-15 16:55:59.930 (UTC)] info/application	[Motor] Received distance: 29.443016474807177 cm | Severity=75 | SourceName=Motor2 | EventType=application | SourceNode=ns=1;s=MotorSource2
[Anomaly Input] [2026-08-15 16:55:59.921 (UTC)] info/application	[Motor] Distance safe (28.866612305336915); rotating motor to 90 degrees | Severity=75 | SourceName=Motor3 | EventType=application | SourceNode=ns=1;s=MotorSource3
[Anomaly Input] [2026-08-15 16:55:59.930 (UTC)] info/application	[Motor] Distance safe (29.443016474807177); rotating motor to 90 degrees | Severity=75 | SourceName=Motor2 | EventType=application | SourceNode=ns=1;s=MotorSource2
[Anomaly Input] [2026-08-15 16:55:59.971 (UTC)] info/application	[Sensor] Updated distance: 27.403653208819986 cm | Severity=75 | SourceName=Sensor | EventType=application | SourceNode=ns=1;s=SensorSource
[Anomaly Input] [2026-08-15 16:56:00.376 (UTC)] info/application	[Sensor] Updated distance: 30.955284050179312 cm | Severity=75 | SourceName=Sensor2 | EventType=application | SourceNode=ns=1;s=SensorSource2
[Anomaly Input] [2026-08-15 16:56:00.376 (UTC)] info/application	[Sensor] Updated distance: 6.540215457109834 cm | Severity=75 | SourceName=Sensor3 | EventType=application | SourceNode=ns=1;s=SensorSource3
[Anomaly Input] [2026-08-15 16:56:00.467 (UTC)] info/application	[Motor] Received distance: 27.403653208819986 cm | Severity=75 | SourceName=Motor | EventType=application | SourceNode=ns=1;s=MotorSource
[Anomaly Input] [2026-08-15 16:56:00.467 (UTC)] info/application	[Motor] Distance safe (27.403653208819986); rotating motor to 90 degrees | Severity=75 | SourceName=Motor | EventType=application | SourceNode=ns=1;s=MotorSource
[Anomaly Input] [2026-08-15 16:56:00.922 (UTC)] info/application	[Motor] Received distance: 30.955284050179312 cm | Severity=75 | SourceName=Motor2 | EventType=application | SourceNode=ns=1;s=MotorSource2
[Anomaly Input] [2026-08-15 16:56:00.931 (UTC)] info/application	[Motor] Received distance: 6.540215457109834 cm | Severity=75 | SourceName=Motor3 | EventType=application | SourceNode=ns=1;s=MotorSource3
[Anomaly Input] [2026-08-15 16:56:00.922 (UTC)] info/application	[Motor] Distance safe (30.955284050179312); rotating motor to 90 degrees | Severity=75 | SourceName=Motor2 | EventType=application | SourceNode=ns=1;s=MotorSource2
[Anomaly Input] [2026-08-15 16:56:00.931 (UTC)] warn/application	[Motor] Distance too close (6.540215457109834); rotating motor to 0 degrees | Severity=175 | SourceName=Motor3 | EventType=application | SourceNode=ns=1;s=MotorSource3
[Anomaly Input] [2026-08-15 16:56:00.972 (UTC)] info/application	[Sensor] Updated distance: 34.04648215325851 cm | Severity=75 | SourceName=Sensor | EventType=application | SourceNode=ns=1;s=SensorSource
[Anomaly Input] [2026-08-15 16:56:01.367 (UTC)] info/application	[Sensor] Updated distance: 37.80870612143013 cm | Severity=75 | SourceName=Sensor3 | EventType=application | SourceNode=ns=1;s=SensorSource3
[Anomaly Input] [2026-08-15 16:56:01.377 (UTC)] info/application	[Sensor] Updated distance: 14.184952354144748 cm | Severity=75 | SourceName=Sensor2 | EventType=application | SourceNode=ns=1;s=SensorSource2
[Anomaly Input] [2026-08-15 16:56:01.477 (UTC)] info/application	[Motor] Received distance: 34.04648215325851 cm | Severity=75 | SourceName=Motor | EventType=application | SourceNode=ns=1;s=MotorSource
[Anomaly Input] [2026-08-15 16:56:01.477 (UTC)] info/application	[Motor] Distance safe (34.04648215325851); rotating motor to 90 degrees | Severity=75 | SourceName=Motor | EventType=application | SourceNode=ns=1;s=MotorSource
[Anomaly Input] [2026-08-15 16:56:01.923 (UTC)] info/application	[Motor] Received distance: 37.80870612143013 cm | Severity=75 | SourceName=Motor3 | EventType=application | SourceNode=ns=1;s=MotorSource3
[Anomaly Input] [2026-08-15 16:56:01.933 (UTC)] info/application	[Motor] Received distance: 14.184952354144748 cm | Severity=75 | SourceName=Motor2 | EventType=application | SourceNode=ns=1;s=MotorSource2
[Anomaly Input] [2026-08-15 16:56:01.923 (UTC)] info/application	[Motor] Distance safe (37.80870612143013); rotating motor to 90 degrees | Severity=75 | SourceName=Motor3 | EventType=application | SourceNode=ns=1;s=MotorSource3
[Anomaly Input] [2026-08-15 16:56:01.933 (UTC)] warn/application	[Motor] Distance too close (14.184952354144748); rotating motor to 0 degrees | Severity=175 | SourceName=Motor2 | EventType=application | SourceNode=ns=1;s=MotorSource2
[Anomaly Input] [2026-08-15 16:56:01.974 (UTC)] info/application	[Sensor] Updated distance: 29.76640710782558 cm | Severity=75 | SourceName=Sensor | EventType=application | SourceNode=ns=1;s=SensorSource
[Anomaly Input] [2026-08-15 16:56:02.369 (UTC)] info/application	[Sensor] Updated distance: 5.617386938825895 cm | Severity=75 | SourceName=Sensor3 | EventType=application | SourceNode=ns=1;s=SensorSource3
[Anomaly Input] [2026-08-15 16:56:02.379 (UTC)] info/application	[Sensor] Updated distance: 45.16957068963422 cm | Severity=75 | SourceName=Sensor2 | EventType=application | SourceNode=ns=1;s=SensorSource2
[Anomaly Input] [2026-08-15 16:56:02.479 (UTC)] info/application	[Motor] Received distance: 29.76640710782558 cm | Severity=75 | SourceName=Motor | EventType=application | SourceNode=ns=1;s=MotorSource
[Anomaly Input] [2026-08-15 16:56:02.479 (UTC)] info/application	[Motor] Distance safe (29.76640710782558); rotating motor to 90 degrees | Severity=75 | SourceName=Motor | EventType=application | SourceNode=ns=1;s=MotorSource
[Anomaly Input] [2026-08-15 16:56:02.915 (UTC)] info/application	[Motor] Received distance: 5.617386938825895 cm | Severity=75 | SourceName=Motor3 | EventType=application | SourceNode=ns=1;s=MotorSource3
[Anomaly Input] [2026-08-15 16:56:02.921 (UTC)] info/application	[Motor] Received distance: 45.16957068963422 cm | Severity=75 | SourceName=Motor2 | EventType=application | SourceNode=ns=1;s=MotorSource2
[Anomaly Input] [2026-08-15 16:56:02.915 (UTC)] warn/application	[Motor] Distance too close (5.617386938825895); rotating motor to 0 degrees | Severity=175 | SourceName=Motor3 | EventType=application | SourceNode=ns=1;s=MotorSource3
[Anomaly Input] [2026-08-15 16:56:02.921 (UTC)] info/application	[Motor] Distance safe (45.16957068963422); rotating motor to 90 degrees | Severity=75 | SourceName=Motor2 | EventType=application | SourceNode=ns=1;s=MotorSource2
[Anomaly Input] [2026-08-15 16:56:02.975 (UTC)] info/application	[Sensor] Updated distance: 35.526162319596 cm | Severity=75 | SourceName=Sensor | EventType=application | SourceNode=ns=1;s=SensorSource
[Anomaly Input] [2026-08-15 16:56:03.370 (UTC)] info/application	[Sensor] Updated distance: 24.607493448354067 cm | Severity=75 | SourceName=Sensor3 | EventType=application | SourceNode=ns=1;s=SensorSource3
[Anomaly Input] [2026-08-15 16:56:03.370 (UTC)] info/application	[Sensor] Updated distance: 10.997426581102156 cm | Severity=75 | SourceName=Sensor2 | EventType=application | SourceNode=ns=1;s=SensorSource2
[Anomaly Input] [2026-08-15 16:56:03.471 (UTC)] info/application	[Motor] Received distance: 35.526162319596 cm | Severity=75 | SourceName=Motor | EventType=application | SourceNode=ns=1;s=MotorSource
[Anomaly Input] [2026-08-15 16:56:03.471 (UTC)] info/application	[Motor] Distance safe (35.526162319596); rotating motor to 90 degrees | Severity=75 | SourceName=Motor | EventType=application | SourceNode=ns=1;s=MotorSource
[Anomaly Input] [2026-08-15 16:56:03.916 (UTC)] info/application	[Motor] Received distance: 10.997426581102156 cm | Severity=75 | SourceName=Motor2 | EventType=application | SourceNode=ns=1;s=MotorSource2
[Anomaly Input] [2026-08-15 16:56:03.921 (UTC)] info/application	[Motor] Received distance: 24.607493448354067 cm | Severity=75 | SourceName=Motor3 | EventType=application | SourceNode=ns=1;s=MotorSource3
[Anomaly Input] [2026-08-15 16:56:03.916 (UTC)] warn/application	[Motor] Distance too close (10.997426581102156); rotating motor to 0 degrees | Severity=175 | SourceName=Motor2 | EventType=application | SourceNode=ns=1;s=MotorSource2
[Anomaly Input] [2026-08-15 16:56:03.921 (UTC)] info/application	[Motor] Distance safe (24.607493448354067); rotating motor to 90 degrees | Severity=75 | SourceName=Motor3 | EventType=application | SourceNode=ns=1;s=MotorSource3
[Anomaly Input] [2026-08-15 16:56:03.967 (UTC)] info/application	[Sensor] Updated distance: 14.899356803344263 cm | Severity=75 | SourceName=Sensor | EventType=application | SourceNode=ns=1;s=SensorSource
[Anomaly Input] [2026-08-15 16:56:04.371 (UTC)] info/application	[Sensor] Updated distance: 17.69567316011324 cm | Severity=75 | SourceName=Sensor3 | EventType=application | SourceNode=ns=1;s=SensorSource3
[Anomaly Input] [2026-08-15 16:56:04.371 (UTC)] info/application	[Sensor] Updated distance: 14.558535969144913 cm | Severity=75 | SourceName=Sensor2 | EventType=application | SourceNode=ns=1;s=SensorSource2
[Anomaly Input] [2026-08-15 16:56:04.478 (UTC)] info/application	[Motor] Received distance: 14.899356803344263 cm | Severity=75 | SourceName=Motor | EventType=application | SourceNode=ns=1;s=MotorSource
[Anomaly Input] [2026-08-15 16:56:04.478 (UTC)] warn/application	[Motor] Distance too close (14.899356803344263); rotating motor to 0 degrees | Severity=175 | SourceName=Motor | EventType=application | SourceNode=ns=1;s=MotorSource
[Anomaly Input] [2026-08-15 16:56:04.918 (UTC)] info/application	[Motor] Received distance: 17.69567316011324 cm | Severity=75 | SourceName=Motor3 | EventType=application | SourceNode=ns=1;s=MotorSource3
[Anomaly Input] [2026-08-15 16:56:04.920 (UTC)] info/application	[Motor] Received distance: 14.558535969144913 cm | Severity=75 | SourceName=Motor2 | EventType=application | SourceNode=ns=1;s=MotorSource2
[Anomaly Input] [2026-08-15 16:56:04.918 (UTC)] warn/application	[Motor] Distance too close (17.69567316011324); rotating motor to 0 degrees | Severity=175 | SourceName=Motor3 | EventType=application | SourceNode=ns=1;s=MotorSource3
[Anomaly Input] [2026-08-15 16:56:04.920 (UTC)] warn/application	[Motor] Distance too close (14.558535969144913); rotating motor to 0 degrees | Severity=175 | SourceName=Motor2 | EventType=application | SourceNode=ns=1;s=MotorSource2
[Anomaly Input] [2026-08-15 16:56:04.967 (UTC)] info/application	[Sensor] Updated distance: 36.8662504492636 cm | Severity=75 | SourceName=Sensor | EventType=application | SourceNode=ns=1;s=SensorSource
[Anomaly Input] [2026-08-15 16:56:05.373 (UTC)] info/application	[Sensor] Updated distance: 30.64801715903357 cm | Severity=75 | SourceName=Sensor3 | EventType=application | SourceNode=ns=1;s=SensorSource3
[Anomaly Input] [2026-08-15 16:56:05.373 (UTC)] info/application	[Sensor] Updated distance: 48.77630349191664 cm | Severity=75 | SourceName=Sensor2 | EventType=application | SourceNode=ns=1;s=SensorSource2
[Anomaly Input] [2026-08-15 16:56:05.474 (UTC)] info/application	[Motor] Received distance: 36.8662504492636 cm | Severity=75 | SourceName=Motor | EventType=application | SourceNode=ns=1;s=MotorSource
[Anomaly Input] [2026-08-15 16:56:05.474 (UTC)] info/application	[Motor] Distance safe (36.8662504492636); rotating motor to 90 degrees | Severity=75 | SourceName=Motor | EventType=application | SourceNode=ns=1;s=MotorSource
[Anomaly Input] [2026-08-15 16:56:05.920 (UTC)] info/application	[Motor] Received distance: 48.77630349191664 cm | Severity=75 | SourceName=Motor2 | EventType=application | SourceNode=ns=1;s=MotorSource2
[Anomaly Input] [2026-08-15 16:56:05.921 (UTC)] info/application	[Motor] Received distance: 30.64801715903357 cm | Severity=75 | SourceName=Motor3 | EventType=application | SourceNode=ns=1;s=MotorSource3
[Anomaly Input] [2026-08-15 16:56:05.920 (UTC)] info/application	[Motor] Distance safe (48.77630349191664); rotating motor to 90 degrees | Severity=75 | SourceName=Motor2 | EventType=application | SourceNode=ns=1;s=MotorSource2
[Anomaly Input] [2026-08-15 16:56:05.921 (UTC)] info/application	[Motor] Distance safe (30.64801715903357); rotating motor to 90 degrees | Severity=75 | SourceName=Motor3 | EventType=application | SourceNode=ns=1;s=MotorSource3
[Anomaly Input] [2026-08-15 16:56:05.969 (UTC)] info/application	[Sensor] Updated distance: 32.399122460931125 cm | Severity=75 | SourceName=Sensor | EventType=application | SourceNode=ns=1;s=SensorSource
[Anomaly Input] [2026-08-15 16:56:06.375 (UTC)] info/application	[Sensor] Updated distance: 18.098362743900324 cm | Severity=75 | SourceName=Sensor2 | EventType=application | SourceNode=ns=1;s=SensorSource2
[Anomaly Input] [2026-08-15 16:56:06.375 (UTC)] info/application	[Sensor] Updated distance: 21.096467518758246 cm | Severity=75 | SourceName=Sensor3 | EventType=application | SourceNode=ns=1;s=SensorSource3
[Anomaly Input] [2026-08-15 16:56:06.478 (UTC)] info/application	[Motor] Received distance: 32.399122460931125 cm | Severity=75 | SourceName=Motor | EventType=application | SourceNode=ns=1;s=MotorSource
[Anomaly Input] [2026-08-15 16:56:06.478 (UTC)] info/application	[Motor] Distance safe (32.399122460931125); rotating motor to 90 degrees | Severity=75 | SourceName=Motor | EventType=application | SourceNode=ns=1;s=MotorSource
[Anomaly Input] [2026-08-15 16:56:06.930 (UTC)] info/application	[Motor] Received distance: 21.096467518758246 cm | Severity=75 | SourceName=Motor3 | EventType=application | SourceNode=ns=1;s=MotorSource3
[Anomaly Input] [2026-08-15 16:56:06.930 (UTC)] info/application	[Motor] Received distance: 18.098362743900324 cm | Severity=75 | SourceName=Motor2 | EventType=application | SourceNode=ns=1;s=MotorSource2
[Anomaly Input] [2026-08-15 16:56:06.930 (UTC)] info/application	[Motor] Distance safe (21.096467518758246); rotating motor to 90 degrees | Severity=75 | SourceName=Motor3 | EventType=application | SourceNode=ns=1;s=MotorSource3
[Anomaly Input] [2026-08-15 16:56:06.930 (UTC)] warn/application	[Motor] Distance too close (18.098362743900324); rotating motor to 0 degrees | Severity=175 | SourceName=Motor2 | EventType=application | SourceNode=ns=1;s=MotorSource2
[Anomaly Input] [2026-08-15 16:56:06.970 (UTC)] info/application	[Sensor] Updated distance: 19.77062513761717 cm | Severity=75 | SourceName=Sensor | EventType=application | SourceNode=ns=1;s=SensorSource
[Anomaly Input] [2026-08-15 16:56:07.377 (UTC)] info/application	[Sensor] Updated distance: 23.374284888326322 cm | Severity=75 | SourceName=Sensor2 | EventType=application | SourceNode=ns=1;s=SensorSource2
[Anomaly Input] [2026-08-15 16:56:07.377 (UTC)] info/application	[Sensor] Updated distance: 18.5647085013635 cm | Severity=75 | SourceName=Sensor3 | EventType=application | SourceNode=ns=1;s=SensorSource3
[Anomaly Input] [2026-08-15 16:56:07.468 (UTC)] info/application	[Motor] Received distance: 19.77062513761717 cm | Severity=75 | SourceName=Motor | EventType=application | SourceNode=ns=1;s=MotorSource
[Anomaly Input] [2026-08-15 16:56:07.468 (UTC)] warn/application	[Motor] Distance too close (19.77062513761717); rotating motor to 0 degrees | Severity=175 | SourceName=Motor | EventType=application | SourceNode=ns=1;s=MotorSource
[Anomaly Input] [2026-08-15 16:56:07.923 (UTC)] info/application	[Motor] Received distance: 23.374284888326322 cm | Severity=75 | SourceName=Motor2 | EventType=application | SourceNode=ns=1;s=MotorSource2
[Anomaly Input] [2026-08-15 16:56:07.923 (UTC)] info/application	[Motor] Received distance: 18.5647085013635 cm | Severity=75 | SourceName=Motor3 | EventType=application | SourceNode=ns=1;s=MotorSource3
[Anomaly Input] [2026-08-15 16:56:07.923 (UTC)] info/application	[Motor] Distance safe (23.374284888326322); rotating motor to 90 degrees | Severity=75 | SourceName=Motor2 | EventType=application | SourceNode=ns=1;s=MotorSource2
[Anomaly Input] [2026-08-15 16:56:07.923 (UTC)] warn/application	[Motor] Distance too close (18.5647085013635); rotating motor to 0 degrees | Severity=175 | SourceName=Motor3 | EventType=application | SourceNode=ns=1;s=MotorSource3
[Anomaly Input] [2026-08-15 16:56:07.972 (UTC)] info/application	[Sensor] Updated distance: 5.9706616047633165 cm | Severity=75 | SourceName=Sensor | EventType=application | SourceNode=ns=1;s=SensorSource
[Anomaly Input] [2026-08-15 16:56:08.369 (UTC)] info/application	[Sensor] Updated distance: 35.76268230460709 cm | Severity=75 | SourceName=Sensor3 | EventType=application | SourceNode=ns=1;s=SensorSource3
[Anomaly Input] [2026-08-15 16:56:08.378 (UTC)] info/application	[Sensor] Updated distance: 9.856433350525997 cm | Severity=75 | SourceName=Sensor2 | EventType=application | SourceNode=ns=1;s=SensorSource2
[Anomaly Input] [2026-08-15 16:56:08.477 (UTC)] info/application	[Motor] Received distance: 5.9706616047633165 cm | Severity=75 | SourceName=Motor | EventType=application | SourceNode=ns=1;s=MotorSource
[Anomaly Input] [2026-08-15 16:56:08.477 (UTC)] warn/application	[Motor] Distance too close (5.9706616047633165); rotating motor to 0 degrees | Severity=175 | SourceName=Motor | EventType=application | SourceNode=ns=1;s=MotorSource
[Anomaly Input] [2026-08-15 16:56:08.915 (UTC)] info/application	[Motor] Received distance: 35.76268230460709 cm | Severity=75 | SourceName=Motor3 | EventType=application | SourceNode=ns=1;s=MotorSource3
[Anomaly Input] [2026-08-15 16:56:08.933 (UTC)] info/application	[Motor] Received distance: 9.856433350525997 cm | Severity=75 | SourceName=Motor2 | EventType=application | SourceNode=ns=1;s=MotorSource2
[Anomaly Input] [2026-08-15 16:56:08.915 (UTC)] info/application	[Motor] Distance safe (35.76268230460709); rotating motor to 90 degrees | Severity=75 | SourceName=Motor3 | EventType=application | SourceNode=ns=1;s=MotorSource3
[Anomaly Input] [2026-08-15 16:56:08.933 (UTC)] warn/application	[Motor] Distance too close (9.856433350525997); rotating motor to 0 degrees | Severity=175 | SourceName=Motor2 | EventType=application | SourceNode=ns=1;s=MotorSource2
[Anomaly Input] [2026-08-15 16:56:08.973 (UTC)] info/application	[Sensor] Updated distance: 47.79500058190664 cm | Severity=75 | SourceName=Sensor | EventType=application | SourceNode=ns=1;s=SensorSource
[Anomaly Input] [2026-08-15 16:56:09.370 (UTC)] info/application	[Sensor] Updated distance: 22.191891225144214 cm | Severity=75 | SourceName=Sensor3 | EventType=application | SourceNode=ns=1;s=SensorSource3
[Anomaly Input] [2026-08-15 16:56:09.380 (UTC)] info/application	[Sensor] Updated distance: 11.640200760979297 cm | Severity=75 | SourceName=Sensor2 | EventType=application | SourceNode=ns=1;s=SensorSource2
[Anomaly Input] [2026-08-15 16:56:09.469 (UTC)] info/application	[Motor] Received distance: 47.79500058190664 cm | Severity=75 | SourceName=Motor | EventType=application | SourceNode=ns=1;s=MotorSource
[Anomaly Input] [2026-08-15 16:56:09.469 (UTC)] info/application	[Motor] Distance safe (47.79500058190664); rotating motor to 90 degrees | Severity=75 | SourceName=Motor | EventType=application | SourceNode=ns=1;s=MotorSource
[Anomaly Input] [2026-08-15 16:56:09.920 (UTC)] info/application	[Motor] Received distance: 22.191891225144214 cm | Severity=75 | SourceName=Motor3 | EventType=application | SourceNode=ns=1;s=MotorSource3
[Anomaly Input] [2026-08-15 16:56:09.920 (UTC)] info/application	[Motor] Received distance: 11.640200760979297 cm | Severity=75 | SourceName=Motor2 | EventType=application | SourceNode=ns=1;s=MotorSource2
[Anomaly Input] [2026-08-15 16:56:09.920 (UTC)] warn/application	[Motor] Distance too close (11.640200760979297); rotating motor to 0 degrees | Severity=175 | SourceName=Motor2 | EventType=application | SourceNode=ns=1;s=MotorSource2
[Anomaly Input] [2026-08-15 16:56:09.920 (UTC)] info/application	[Motor] Distance safe (22.191891225144214); rotating motor to 90 degrees | Severity=75 | SourceName=Motor3 | EventType=application | SourceNode=ns=1;s=MotorSource3
[Anomaly Input] [2026-08-15 16:56:09.975 (UTC)] info/application	[Sensor] Updated distance: 40.249884034623335 cm | Severity=75 | SourceName=Sensor | EventType=application | SourceNode=ns=1;s=SensorSource
[Anomaly Input] [2026-08-15 16:56:10.371 (UTC)] info/application	[Sensor] Updated distance: 21.297673964545908 cm | Severity=75 | SourceName=Sensor2 | EventType=application | SourceNode=ns=1;s=SensorSource2
[Anomaly Input] [2026-08-15 16:56:10.372 (UTC)] info/application	[Sensor] Updated distance: 28.751865280210907 cm | Severity=75 | SourceName=Sensor3 | EventType=application | SourceNode=ns=1;s=SensorSource3
[Anomaly Input] [2026-08-15 16:56:10.478 (UTC)] info/application	[Motor] Received distance: 40.249884034623335 cm | Severity=75 | SourceName=Motor | EventType=application | SourceNode=ns=1;s=MotorSource
[Anomaly Input] [2026-08-15 16:56:10.478 (UTC)] info/application	[Motor] Distance safe (40.249884034623335); rotating motor to 90 degrees | Severity=75 | SourceName=Motor | EventType=application | SourceNode=ns=1;s=MotorSource
[Anomaly Input] [2026-08-15 16:56:10.917 (UTC)] info/application	[Motor] Received distance: 21.297673964545908 cm | Severity=75 | SourceName=Motor2 | EventType=application | SourceNode=ns=1;s=MotorSource2
[Anomaly Input] [2026-08-15 16:56:10.923 (UTC)] info/application	[Motor] Received distance: 28.751865280210907 cm | Severity=75 | SourceName=Motor3 | EventType=application | SourceNode=ns=1;s=MotorSource3
[Anomaly Input] [2026-08-15 16:56:10.917 (UTC)] info/application	[Motor] Distance safe (21.297673964545908); rotating motor to 90 degrees | Severity=75 | SourceName=Motor2 | EventType=application | SourceNode=ns=1;s=MotorSource2
[Anomaly Input] [2026-08-15 16:56:10.923 (UTC)] info/application	[Motor] Distance safe (28.751865280210907); rotating motor to 90 degrees | Severity=75 | SourceName=Motor3 | EventType=application | SourceNode=ns=1;s=MotorSource3
[Anomaly Input] [2026-08-15 16:56:10.966 (UTC)] info/application	[Sensor] Updated distance: 16.723308309318174 cm | Severity=75 | SourceName=Sensor | EventType=application | SourceNode=ns=1;s=SensorSource
[Anomaly Input] [2026-08-15 16:56:11.372 (UTC)] info/application	[Sensor] Updated distance: 6.585079694439228 cm | Severity=75 | SourceName=Sensor2 | EventType=application | SourceNode=ns=1;s=SensorSource2
[Anomaly Input] [2026-08-15 16:56:11.373 (UTC)] info/application	[Sensor] Updated distance: 8.56855035134058 cm | Severity=75 | SourceName=Sensor3 | EventType=application | SourceNode=ns=1;s=SensorSource3
[Anomaly Input] [2026-08-15 16:56:11.472 (UTC)] info/application	[Motor] Received distance: 16.723308309318174 cm | Severity=75 | SourceName=Motor | EventType=application | SourceNode=ns=1;s=MotorSource
[Anomaly Input] [2026-08-15 16:56:11.472 (UTC)] warn/application	[Motor] Distance too close (16.723308309318174); rotating motor to 0 degrees | Severity=175 | SourceName=Motor | EventType=application | SourceNode=ns=1;s=MotorSource
[Anomaly Input] [2026-08-15 16:56:11.919 (UTC)] info/application	[Motor] Received distance: 8.56855035134058 cm | Severity=75 | SourceName=Motor3 | EventType=application | SourceNode=ns=1;s=MotorSource3
[Anomaly Input] [2026-08-15 16:56:11.919 (UTC)] info/application	[Motor] Received distance: 6.585079694439228 cm | Severity=75 | SourceName=Motor2 | EventType=application | SourceNode=ns=1;s=MotorSource2
[Anomaly Input] [2026-08-15 16:56:11.919 (UTC)] warn/application	[Motor] Distance too close (8.56855035134058); rotating motor to 0 degrees | Severity=175 | SourceName=Motor3 | EventType=application | SourceNode=ns=1;s=MotorSource3
[Anomaly Input] [2026-08-15 16:56:11.919 (UTC)] warn/application	[Motor] Distance too close (6.585079694439228); rotating motor to 0 degrees | Severity=175 | SourceName=Motor2 | EventType=application | SourceNode=ns=1;s=MotorSource2
[Anomaly Input] [2026-08-15 16:56:11.968 (UTC)] info/application	[Sensor] Updated distance: 19.411694430472185 cm | Severity=75 | SourceName=Sensor | EventType=application | SourceNode=ns=1;s=SensorSource
[Anomaly Input] [2026-08-15 16:56:12.373 (UTC)] info/application	[Sensor] Updated distance: 27.726253439544816 cm | Severity=75 | SourceName=Sensor2 | EventType=application | SourceNode=ns=1;s=SensorSource2
[Anomaly Input] [2026-08-15 16:56:12.373 (UTC)] info/application	[Sensor] Updated distance: 22.36897198314265 cm | Severity=75 | SourceName=Sensor3 | EventType=application | SourceNode=ns=1;s=SensorSource3
[Anomaly Input] [2026-08-15 16:56:12.478 (UTC)] info/application	[Motor] Received distance: 19.411694430472185 cm | Severity=75 | SourceName=Motor | EventType=application | SourceNode=ns=1;s=MotorSource
[Anomaly Input] [2026-08-15 16:56:12.478 (UTC)] warn/application	[Motor] Distance too close (19.411694430472185); rotating motor to 0 degrees | Severity=175 | SourceName=Motor | EventType=application | SourceNode=ns=1;s=MotorSource
[Anomaly Input] [2026-08-15 16:56:12.921 (UTC)] info/application	[Motor] Received distance: 27.726253439544816 cm | Severity=75 | SourceName=Motor2 | EventType=application | SourceNode=ns=1;s=MotorSource2
[Anomaly Input] [2026-08-15 16:56:12.921 (UTC)] info/application	[Motor] Received distance: 22.36897198314265 cm | Severity=75 | SourceName=Motor3 | EventType=application | SourceNode=ns=1;s=MotorSource3
[Anomaly Input] [2026-08-15 16:56:12.921 (UTC)] info/application	[Motor] Distance safe (27.726253439544816); rotating motor to 90 degrees | Severity=75 | SourceName=Motor2 | EventType=application | SourceNode=ns=1;s=MotorSource2
[Anomaly Input] [2026-08-15 16:56:12.921 (UTC)] info/application	[Motor] Distance safe (22.36897198314265); rotating motor to 90 degrees | Severity=75 | SourceName=Motor3 | EventType=application | SourceNode=ns=1;s=MotorSource3
[Anomaly Input] [2026-08-15 16:56:12.969 (UTC)] info/application	[Sensor] Updated distance: 4.532782928334914 cm | Severity=75 | SourceName=Sensor | EventType=application | SourceNode=ns=1;s=SensorSource
[Anomaly Input] [2026-08-15 16:56:13.374 (UTC)] info/application	[Sensor] Updated distance: 30.89874759917089 cm | Severity=75 | SourceName=Sensor2 | EventType=application | SourceNode=ns=1;s=SensorSource2
[Anomaly Input] [2026-08-15 16:56:13.374 (UTC)] info/application	[Sensor] Updated distance: 36.88150354608963 cm | Severity=75 | SourceName=Sensor3 | EventType=application | SourceNode=ns=1;s=SensorSource3
[Anomaly Input] [2026-08-15 16:56:13.475 (UTC)] info/application	[Motor] Received distance: 4.532782928334914 cm | Severity=75 | SourceName=Motor | EventType=application | SourceNode=ns=1;s=MotorSource
[Anomaly Input] [2026-08-15 16:56:13.475 (UTC)] warn/application	[Motor] Distance too close (4.532782928334914); rotating motor to 0 degrees | Severity=175 | SourceName=Motor | EventType=application | SourceNode=ns=1;s=MotorSource
[Anomaly Input] [2026-08-15 16:56:13.921 (UTC)] info/application	[Motor] Received distance: 30.89874759917089 cm | Severity=75 | SourceName=Motor2 | EventType=application | SourceNode=ns=1;s=MotorSource2
[Anomaly Input] [2026-08-15 16:56:13.930 (UTC)] info/application	[Motor] Received distance: 36.88150354608963 cm | Severity=75 | SourceName=Motor3 | EventType=application | SourceNode=ns=1;s=MotorSource3
[Anomaly Input] [2026-08-15 16:56:13.921 (UTC)] info/application	[Motor] Distance safe (30.89874759917089); rotating motor to 90 degrees | Severity=75 | SourceName=Motor2 | EventType=application | SourceNode=ns=1;s=MotorSource2
[Anomaly Input] [2026-08-15 16:56:13.930 (UTC)] info/application	[Motor] Distance safe (36.88150354608963); rotating motor to 90 degrees | Severity=75 | SourceName=Motor3 | EventType=application | SourceNode=ns=1;s=MotorSource3
[Anomaly Input] [2026-08-15 16:56:13.971 (UTC)] info/application	[Sensor] Updated distance: 29.896854085799703 cm | Severity=75 | SourceName=Sensor | EventType=application | SourceNode=ns=1;s=SensorSource
[Anomaly Input] [2026-08-15 16:56:14.376 (UTC)] info/application	[Sensor] Updated distance: 6.397968100569196 cm | Severity=75 | SourceName=Sensor3 | EventType=application | SourceNode=ns=1;s=SensorSource3
[Anomaly Input] [2026-08-15 16:56:14.376 (UTC)] info/application	[Sensor] Updated distance: 32.97630623680367 cm | Severity=75 | SourceName=Sensor2 | EventType=application | SourceNode=ns=1;s=SensorSource2
[Anomaly Input] [2026-08-15 16:56:14.467 (UTC)] info/application	[Motor] Received distance: 29.896854085799703 cm | Severity=75 | SourceName=Motor | EventType=application | SourceNode=ns=1;s=MotorSource
[Anomaly Input] [2026-08-15 16:56:14.467 (UTC)] info/application	[Motor] Distance safe (29.896854085799703); rotating motor to 90 degrees | Severity=75 | SourceName=Motor | EventType=application | SourceNode=ns=1;s=MotorSource
[Anomaly Input] [2026-08-15 16:56:14.923 (UTC)] info/application	[Motor] Received distance: 6.397968100569196 cm | Severity=75 | SourceName=Motor3 | EventType=application | SourceNode=ns=1;s=MotorSource3
[Anomaly Input] [2026-08-15 16:56:14.930 (UTC)] info/application	[Motor] Received distance: 32.97630623680367 cm | Severity=75 | SourceName=Motor2 | EventType=application | SourceNode=ns=1;s=MotorSource2
[Anomaly Input] [2026-08-15 16:56:14.923 (UTC)] warn/application	[Motor] Distance too close (6.397968100569196); rotating motor to 0 degrees | Severity=175 | SourceName=Motor3 | EventType=application | SourceNode=ns=1;s=MotorSource3
[Anomaly Input] [2026-08-15 16:56:14.930 (UTC)] info/application	[Motor] Distance safe (32.97630623680367); rotating motor to 90 degrees | Severity=75 | SourceName=Motor2 | EventType=application | SourceNode=ns=1;s=MotorSource2
[Anomaly Input] [2026-08-15 16:56:14.972 (UTC)] info/application	[Sensor] Updated distance: 4.882934050114329 cm | Severity=75 | SourceName=Sensor | EventType=application | SourceNode=ns=1;s=SensorSource
[Anomaly Input] [2026-08-15 16:56:15.062 (UTC)] warn/application	[Motor] Distance too close (8.5); rotating motor to 0 degrees | Severity=175 | SourceName=Motor2 | EventType=application | SourceNode=null
[Anomaly Input] [2026-08-15 16:56:15.065 (UTC)] warn/application	[Motor] Distance too close (8.5); rotating motor to 0 degrees | Severity=175 | SourceName=Motor | EventType=application | SourceNode=null
[Anomaly Input] [2026-08-15 16:56:15.065 (UTC)] warn/application	[Motor] Distance too close (8.5); rotating motor to 0 degrees | Severity=175 | SourceName=Motor3 | EventType=application | SourceNode=null
[Anomaly Input] [2026-08-15 16:56:15.367 (UTC)] info/application	[Sensor] Updated distance: 30.938144086365654 cm | Severity=75 | SourceName=Sensor3 | EventType=application | SourceNode=ns=1;s=SensorSource3
[Anomaly Input] [2026-08-15 16:56:15.378 (UTC)] info/application	[Sensor] Updated distance: 5.413908438484142 cm | Severity=75 | SourceName=Sensor2 | EventType=application | SourceNode=ns=1;s=SensorSource2
[Anomaly Input] [2026-08-15 16:56:15.477 (UTC)] info/application	[Motor] Received distance: 4.882934050114329 cm | Severity=75 | SourceName=Motor | EventType=application | SourceNode=ns=1;s=MotorSource
[Anomaly Input] [2026-08-15 16:56:15.477 (UTC)] warn/application	[Motor] Distance too close (4.882934050114329); rotating motor to 0 degrees | Severity=175 | SourceName=Motor | EventType=application | SourceNode=ns=1;s=MotorSource
[Anomaly Input] [2026-08-15 16:56:15.924 (UTC)] info/application	[Motor] Received distance: 5.413908438484142 cm | Severity=75 | SourceName=Motor2 | EventType=application | SourceNode=ns=1;s=MotorSource2
[Anomaly Input] [2026-08-15 16:56:15.933 (UTC)] info/application	[Motor] Received distance: 30.938144086365654 cm | Severity=75 | SourceName=Motor3 | EventType=application | SourceNode=ns=1;s=MotorSource3
[Anomaly Input] [2026-08-15 16:56:15.924 (UTC)] warn/application	[Motor] Distance too close (5.413908438484142); rotating motor to 0 degrees | Severity=175 | SourceName=Motor2 | EventType=application | SourceNode=ns=1;s=MotorSource2
[Anomaly Input] [2026-08-15 16:56:15.933 (UTC)] info/application	[Motor] Distance safe (30.938144086365654); rotating motor to 90 degrees | Severity=75 | SourceName=Motor3 | EventType=application | SourceNode=ns=1;s=MotorSource3
[Anomaly Input] [2026-08-15 16:56:15.974 (UTC)] info/application	[Sensor] Updated distance: 20.25183502689555 cm | Severity=75 | SourceName=Sensor | EventType=application | SourceNode=ns=1;s=SensorSource
[Anomaly Input] [2026-08-15 16:56:16.369 (UTC)] info/application	[Sensor] Updated distance: 39.34039639930259 cm | Severity=75 | SourceName=Sensor3 | EventType=application | SourceNode=ns=1;s=SensorSource3
[Anomaly Input] [2026-08-15 16:56:16.379 (UTC)] info/application	[Sensor] Updated distance: 8.535633365873077 cm | Severity=75 | SourceName=Sensor2 | EventType=application | SourceNode=ns=1;s=SensorSource2
[Anomaly Input] [2026-08-15 16:56:16.469 (UTC)] info/application	[Motor] Received distance: 20.25183502689555 cm | Severity=75 | SourceName=Motor | EventType=application | SourceNode=ns=1;s=MotorSource
[Anomaly Input] [2026-08-15 16:56:16.469 (UTC)] info/application	[Motor] Distance safe (20.25183502689555); rotating motor to 90 degrees | Severity=75 | SourceName=Motor | EventType=application | SourceNode=ns=1;s=MotorSource
[Anomaly Input] [2026-08-15 16:56:16.916 (UTC)] info/application	[Motor] Received distance: 8.535633365873077 cm | Severity=75 | SourceName=Motor2 | EventType=application | SourceNode=ns=1;s=MotorSource2
[Anomaly Input] [2026-08-15 16:56:16.921 (UTC)] info/application	[Motor] Received distance: 39.34039639930259 cm | Severity=75 | SourceName=Motor3 | EventType=application | SourceNode=ns=1;s=MotorSource3
[Anomaly Input] [2026-08-15 16:56:16.916 (UTC)] warn/application	[Motor] Distance too close (8.535633365873077); rotating motor to 0 degrees | Severity=175 | SourceName=Motor2 | EventType=application | SourceNode=ns=1;s=MotorSource2
[Anomaly Input] [2026-08-15 16:56:16.921 (UTC)] info/application	[Motor] Distance safe (39.34039639930259); rotating motor to 90 degrees | Severity=75 | SourceName=Motor3 | EventType=application | SourceNode=ns=1;s=MotorSource3
[Anomaly Input] [2026-08-15 16:56:16.975 (UTC)] info/application	[Sensor] Updated distance: 13.622921941626315 cm | Severity=75 | SourceName=Sensor | EventType=application | SourceNode=ns=1;s=SensorSource
[Anomaly Input] [2026-08-15 16:56:17.371 (UTC)] info/application	[Sensor] Updated distance: 49.00817185594149 cm | Severity=75 | SourceName=Sensor2 | EventType=application | SourceNode=ns=1;s=SensorSource2
[Anomaly Input] [2026-08-15 16:56:17.371 (UTC)] info/application	[Sensor] Updated distance: 18.536497473966563 cm | Severity=75 | SourceName=Sensor3 | EventType=application | SourceNode=ns=1;s=SensorSource3
[Anomaly Input] [2026-08-15 16:56:17.477 (UTC)] info/application	[Motor] Received distance: 13.622921941626315 cm | Severity=75 | SourceName=Motor | EventType=application | SourceNode=ns=1;s=MotorSource
[Anomaly Input] [2026-08-15 16:56:17.477 (UTC)] warn/application	[Motor] Distance too close (13.622921941626315); rotating motor to 0 degrees | Severity=175 | SourceName=Motor | EventType=application | SourceNode=ns=1;s=MotorSource
[Anomaly Input] [2026-08-15 16:56:17.917 (UTC)] info/application	[Motor] Received distance: 18.536497473966563 cm | Severity=75 | SourceName=Motor3 | EventType=application | SourceNode=ns=1;s=MotorSource3
[Anomaly Input] [2026-08-15 16:56:17.919 (UTC)] info/application	[Motor] Received distance: 49.00817185594149 cm | Severity=75 | SourceName=Motor2 | EventType=application | SourceNode=ns=1;s=MotorSource2
[Anomaly Input] [2026-08-15 16:56:17.917 (UTC)] warn/application	[Motor] Distance too close (18.536497473966563); rotating motor to 0 degrees | Severity=175 | SourceName=Motor3 | EventType=application | SourceNode=ns=1;s=MotorSource3
[Anomaly Input] [2026-08-15 16:56:17.919 (UTC)] info/application	[Motor] Distance safe (49.00817185594149); rotating motor to 90 degrees | Severity=75 | SourceName=Motor2 | EventType=application | SourceNode=ns=1;s=MotorSource2
[Anomaly Input] [2026-08-15 16:56:17.976 (UTC)] info/application	[Sensor] Updated distance: 22.563595595100704 cm | Severity=75 | SourceName=Sensor | EventType=application | SourceNode=ns=1;s=SensorSource
[Anomaly Input] [2026-08-15 16:56:18.372 (UTC)] info/application	[Sensor] Updated distance: 3.8071312838267213 cm | Severity=75 | SourceName=Sensor2 | EventType=application | SourceNode=ns=1;s=SensorSource2
[Anomaly Input] [2026-08-15 16:56:18.372 (UTC)] info/application	[Sensor] Updated distance: 32.322392127626756 cm | Severity=75 | SourceName=Sensor3 | EventType=application | SourceNode=ns=1;s=SensorSource3
[Anomaly Input] [2026-08-15 16:56:18.472 (UTC)] info/application	[Motor] Received distance: 22.563595595100704 cm | Severity=75 | SourceName=Motor | EventType=application | SourceNode=ns=1;s=MotorSource
[Anomaly Input] [2026-08-15 16:56:18.472 (UTC)] info/application	[Motor] Distance safe (22.563595595100704); rotating motor to 90 degrees | Severity=75 | SourceName=Motor | EventType=application | SourceNode=ns=1;s=MotorSource
[Anomaly Input] [2026-08-15 16:56:18.920 (UTC)] info/application	[Motor] Received distance: 3.8071312838267213 cm | Severity=75 | SourceName=Motor2 | EventType=application | SourceNode=ns=1;s=MotorSource2
[Anomaly Input] [2026-08-15 16:56:18.920 (UTC)] info/application	[Motor] Received distance: 32.322392127626756 cm | Severity=75 | SourceName=Motor3 | EventType=application | SourceNode=ns=1;s=MotorSource3
[Anomaly Input] [2026-08-15 16:56:18.920 (UTC)] warn/application	[Motor] Distance too close (3.8071312838267213); rotating motor to 0 degrees | Severity=175 | SourceName=Motor2 | EventType=application | SourceNode=ns=1;s=MotorSource2
[Anomaly Input] [2026-08-15 16:56:18.920 (UTC)] info/application	[Motor] Distance safe (32.322392127626756); rotating motor to 90 degrees | Severity=75 | SourceName=Motor3 | EventType=application | SourceNode=ns=1;s=MotorSource3
[Anomaly Input] [2026-08-15 16:56:18.967 (UTC)] info/application	[Sensor] Updated distance: 29.6655568758331 cm | Severity=75 | SourceName=Sensor | EventType=application | SourceNode=ns=1;s=SensorSource
[Anomaly Input] [2026-08-15 16:56:19.374 (UTC)] info/application	[Sensor] Updated distance: 26.51644965657799 cm | Severity=75 | SourceName=Sensor3 | EventType=application | SourceNode=ns=1;s=SensorSource3
[Anomaly Input] [2026-08-15 16:56:19.374 (UTC)] info/application	[Sensor] Updated distance: 22.400435211323405 cm | Severity=75 | SourceName=Sensor2 | EventType=application | SourceNode=ns=1;s=SensorSource2
[Anomaly Input] [2026-08-15 16:56:19.478 (UTC)] info/application	[Motor] Received distance: 29.6655568758331 cm | Severity=75 | SourceName=Motor | EventType=application | SourceNode=ns=1;s=MotorSource
[Anomaly Input] [2026-08-15 16:56:19.478 (UTC)] info/application	[Motor] Distance safe (29.6655568758331); rotating motor to 90 degrees | Severity=75 | SourceName=Motor | EventType=application | SourceNode=ns=1;s=MotorSource
[Anomaly Input] [2026-08-15 16:56:19.922 (UTC)] info/application	[Motor] Received distance: 26.51644965657799 cm | Severity=75 | SourceName=Motor3 | EventType=application | SourceNode=ns=1;s=MotorSource3
[Anomaly Input] [2026-08-15 16:56:19.930 (UTC)] info/application	[Motor] Received distance: 22.400435211323405 cm | Severity=75 | SourceName=Motor2 | EventType=application | SourceNode=ns=1;s=MotorSource2
[Anomaly Input] [2026-08-15 16:56:19.922 (UTC)] info/application	[Motor] Distance safe (26.51644965657799); rotating motor to 90 degrees | Severity=75 | SourceName=Motor3 | EventType=application | SourceNode=ns=1;s=MotorSource3
[Anomaly Input] [2026-08-15 16:56:19.930 (UTC)] info/application	[Motor] Distance safe (22.400435211323405); rotating motor to 90 degrees | Severity=75 | SourceName=Motor2 | EventType=application | SourceNode=ns=1;s=MotorSource2
[Anomaly Input] [2026-08-15 16:56:19.969 (UTC)] info/application	[Sensor] Updated distance: 48.240271776095156 cm | Severity=75 | SourceName=Sensor | EventType=application | SourceNode=ns=1;s=SensorSource
[Anomaly Input] [2026-08-15 16:56:20.375 (UTC)] info/application	[Sensor] Updated distance: 25.4463271831378 cm | Severity=75 | SourceName=Sensor3 | EventType=application | SourceNode=ns=1;s=SensorSource3
[Anomaly Input] [2026-08-15 16:56:20.375 (UTC)] info/application	[Sensor] Updated distance: 49.75774976599857 cm | Severity=75 | SourceName=Sensor2 | EventType=application | SourceNode=ns=1;s=SensorSource2
[Anomaly Input] [2026-08-15 16:56:20.475 (UTC)] info/application	[Motor] Received distance: 48.240271776095156 cm | Severity=75 | SourceName=Motor | EventType=application | SourceNode=ns=1;s=MotorSource
[Anomaly Input] [2026-08-15 16:56:20.475 (UTC)] info/application	[Motor] Distance safe (48.240271776095156); rotating motor to 90 degrees | Severity=75 | SourceName=Motor | EventType=application | SourceNode=ns=1;s=MotorSource
[Anomaly Input] [2026-08-15 16:56:20.921 (UTC)] info/application	[Motor] Received distance: 25.4463271831378 cm | Severity=75 | SourceName=Motor3 | EventType=application | SourceNode=ns=1;s=MotorSource3
[Anomaly Input] [2026-08-15 16:56:20.921 (UTC)] info/application	[Motor] Received distance: 49.75774976599857 cm | Severity=75 | SourceName=Motor2 | EventType=application | SourceNode=ns=1;s=MotorSource2
[Anomaly Input] [2026-08-15 16:56:20.921 (UTC)] info/application	[Motor] Distance safe (25.4463271831378); rotating motor to 90 degrees | Severity=75 | SourceName=Motor3 | EventType=application | SourceNode=ns=1;s=MotorSource3
[Anomaly Input] [2026-08-15 16:56:20.921 (UTC)] info/application	[Motor] Distance safe (49.75774976599857); rotating motor to 90 degrees | Severity=75 | SourceName=Motor2 | EventType=application | SourceNode=ns=1;s=MotorSource2
[Anomaly Input] [2026-08-15 16:56:20.971 (UTC)] info/application	[Sensor] Updated distance: 28.272601557091157 cm | Severity=75 | SourceName=Sensor | EventType=application | SourceNode=ns=1;s=SensorSource
[Anomaly Input] [2026-08-15 16:56:21.377 (UTC)] info/application	[Sensor] Updated distance: 48.11036600084527 cm | Severity=75 | SourceName=Sensor3 | EventType=application | SourceNode=ns=1;s=SensorSource3
[Anomaly Input] [2026-08-15 16:56:21.377 (UTC)] info/application	[Sensor] Updated distance: 23.168525236271567 cm | Severity=75 | SourceName=Sensor2 | EventType=application | SourceNode=ns=1;s=SensorSource2
[Anomaly Input] [2026-08-15 16:56:21.467 (UTC)] info/application	[Motor] Received distance: 28.272601557091157 cm | Severity=75 | SourceName=Motor | EventType=application | SourceNode=ns=1;s=MotorSource
[Anomaly Input] [2026-08-15 16:56:21.467 (UTC)] info/application	[Motor] Distance safe (28.272601557091157); rotating motor to 90 degrees | Severity=75 | SourceName=Motor | EventType=application | SourceNode=ns=1;s=MotorSource
[Anomaly Input] [2026-08-15 16:56:21.931 (UTC)] info/application	[Motor] Received distance: 48.11036600084527 cm | Severity=75 | SourceName=Motor3 | EventType=application | SourceNode=ns=1;s=MotorSource3
[Anomaly Input] [2026-08-15 16:56:21.931 (UTC)] info/application	[Motor] Received distance: 23.168525236271567 cm | Severity=75 | SourceName=Motor2 | EventType=application | SourceNode=ns=1;s=MotorSource2
[Anomaly Input] [2026-08-15 16:56:21.931 (UTC)] info/application	[Motor] Distance safe (48.11036600084527); rotating motor to 90 degrees | Severity=75 | SourceName=Motor3 | EventType=application | SourceNode=ns=1;s=MotorSource3
[Anomaly Input] [2026-08-15 16:56:21.931 (UTC)] info/application	[Motor] Distance safe (23.168525236271567); rotating motor to 90 degrees | Severity=75 | SourceName=Motor2 | EventType=application | SourceNode=ns=1;s=MotorSource2
[Anomaly Input] [2026-08-15 16:56:21.973 (UTC)] info/application	[Sensor] Updated distance: 24.577395173989885 cm | Severity=75 | SourceName=Sensor | EventType=application | SourceNode=ns=1;s=SensorSource
[Anomaly Input] [2026-08-15 16:56:22.368 (UTC)] info/application	[Sensor] Updated distance: 16.79514647219104 cm | Severity=75 | SourceName=Sensor3 | EventType=application | SourceNode=ns=1;s=SensorSource3
[Anomaly Input] [2026-08-15 16:56:22.378 (UTC)] info/application	[Sensor] Updated distance: 5.768326820697787 cm | Severity=75 | SourceName=Sensor2 | EventType=application | SourceNode=ns=1;s=SensorSource2
[Anomaly Input] [2026-08-15 16:56:22.477 (UTC)] info/application	[Motor] Received distance: 24.577395173989885 cm | Severity=75 | SourceName=Motor | EventType=application | SourceNode=ns=1;s=MotorSource
[Anomaly Input] [2026-08-15 16:56:22.477 (UTC)] info/application	[Motor] Distance safe (24.577395173989885); rotating motor to 90 degrees | Severity=75 | SourceName=Motor | EventType=application | SourceNode=ns=1;s=MotorSource
[Anomaly Input] [2026-08-15 16:56:22.924 (UTC)] info/application	[Motor] Received distance: 5.768326820697787 cm | Severity=75 | SourceName=Motor2 | EventType=application | SourceNode=ns=1;s=MotorSource2
[Anomaly Input] [2026-08-15 16:56:22.924 (UTC)] info/application	[Motor] Received distance: 16.79514647219104 cm | Severity=75 | SourceName=Motor3 | EventType=application | SourceNode=ns=1;s=MotorSource3
[Anomaly Input] [2026-08-15 16:56:22.924 (UTC)] warn/application	[Motor] Distance too close (5.768326820697787); rotating motor to 0 degrees | Severity=175 | SourceName=Motor2 | EventType=application | SourceNode=ns=1;s=MotorSource2
[Anomaly Input] [2026-08-15 16:56:22.924 (UTC)] warn/application	[Motor] Distance too close (16.79514647219104); rotating motor to 0 degrees | Severity=175 | SourceName=Motor3 | EventType=application | SourceNode=ns=1;s=MotorSource3
[Anomaly Input] [2026-08-15 16:56:22.975 (UTC)] info/application	[Sensor] Updated distance: 15.808700180523422 cm | Severity=75 | SourceName=Sensor | EventType=application | SourceNode=ns=1;s=SensorSource
[Anomaly Input] [2026-08-15 16:56:23.369 (UTC)] info/application	[Sensor] Updated distance: 36.049804800213224 cm | Severity=75 | SourceName=Sensor3 | EventType=application | SourceNode=ns=1;s=SensorSource3
[Anomaly Input] [2026-08-15 16:56:23.380 (UTC)] info/application	[Sensor] Updated distance: 41.20963774212154 cm | Severity=75 | SourceName=Sensor2 | EventType=application | SourceNode=ns=1;s=SensorSource2
[Anomaly Input] [2026-08-15 16:56:23.471 (UTC)] info/application	[Motor] Received distance: 15.808700180523422 cm | Severity=75 | SourceName=Motor | EventType=application | SourceNode=ns=1;s=MotorSource
[Anomaly Input] [2026-08-15 16:56:23.471 (UTC)] warn/application	[Motor] Distance too close (15.808700180523422); rotating motor to 0 degrees | Severity=175 | SourceName=Motor | EventType=application | SourceNode=ns=1;s=MotorSource
[Anomaly Input] [2026-08-15 16:56:23.916 (UTC)] info/application	[Motor] Received distance: 41.20963774212154 cm | Severity=75 | SourceName=Motor2 | EventType=application | SourceNode=ns=1;s=MotorSource2
[Anomaly Input] [2026-08-15 16:56:23.916 (UTC)] info/application	[Motor] Received distance: 36.049804800213224 cm | Severity=75 | SourceName=Motor3 | EventType=application | SourceNode=ns=1;s=MotorSource3
[Anomaly Input] [2026-08-15 16:56:23.916 (UTC)] info/application	[Motor] Distance safe (41.20963774212154); rotating motor to 90 degrees | Severity=75 | SourceName=Motor2 | EventType=application | SourceNode=ns=1;s=MotorSource2
[Anomaly Input] [2026-08-15 16:56:23.916 (UTC)] info/application	[Motor] Distance safe (36.049804800213224); rotating motor to 90 degrees | Severity=75 | SourceName=Motor3 | EventType=application | SourceNode=ns=1;s=MotorSource3
[Anomaly Input] [2026-08-15 16:56:23.967 (UTC)] info/application	[Sensor] Updated distance: 24.757360625433435 cm | Severity=75 | SourceName=Sensor | EventType=application | SourceNode=ns=1;s=SensorSource
[Anomaly Input] [2026-08-15 16:56:24.371 (UTC)] info/application	[Sensor] Updated distance: 26.67713027106464 cm | Severity=75 | SourceName=Sensor2 | EventType=application | SourceNode=ns=1;s=SensorSource2
[Anomaly Input] [2026-08-15 16:56:24.372 (UTC)] info/application	[Sensor] Updated distance: 23.26066993421906 cm | Severity=75 | SourceName=Sensor3 | EventType=application | SourceNode=ns=1;s=SensorSource3
[Anomaly Input] [2026-08-15 16:56:24.478 (UTC)] info/application	[Motor] Received distance: 24.757360625433435 cm | Severity=75 | SourceName=Motor | EventType=application | SourceNode=ns=1;s=MotorSource
[Anomaly Input] [2026-08-15 16:56:24.478 (UTC)] info/application	[Motor] Distance safe (24.757360625433435); rotating motor to 90 degrees | Severity=75 | SourceName=Motor | EventType=application | SourceNode=ns=1;s=MotorSource
[Anomaly Input] [2026-08-15 16:56:24.920 (UTC)] info/application	[Motor] Received distance: 26.67713027106464 cm | Severity=75 | SourceName=Motor2 | EventType=application | SourceNode=ns=1;s=MotorSource2
[Anomaly Input] [2026-08-15 16:56:24.921 (UTC)] info/application	[Motor] Received distance: 23.26066993421906 cm | Severity=75 | SourceName=Motor3 | EventType=application | SourceNode=ns=1;s=MotorSource3
[Anomaly Input] [2026-08-15 16:56:24.920 (UTC)] info/application	[Motor] Distance safe (26.67713027106464); rotating motor to 90 degrees | Severity=75 | SourceName=Motor2 | EventType=application | SourceNode=ns=1;s=MotorSource2
[Anomaly Input] [2026-08-15 16:56:24.921 (UTC)] info/application	[Motor] Distance safe (23.26066993421906); rotating motor to 90 degrees | Severity=75 | SourceName=Motor3 | EventType=application | SourceNode=ns=1;s=MotorSource3
[Anomaly Input] [2026-08-15 16:56:24.968 (UTC)] info/application	[Sensor] Updated distance: 46.973429566702535 cm | Severity=75 | SourceName=Sensor | EventType=application | SourceNode=ns=1;s=SensorSource
[Anomaly Input] [2026-08-15 16:56:25.373 (UTC)] info/application	[Sensor] Updated distance: 48.94689413111046 cm | Severity=75 | SourceName=Sensor3 | EventType=application | SourceNode=ns=1;s=SensorSource3
[Anomaly Input] [2026-08-15 16:56:25.373 (UTC)] info/application	[Sensor] Updated distance: 13.800363702606578 cm | Severity=75 | SourceName=Sensor2 | EventType=application | SourceNode=ns=1;s=SensorSource2
[Anomaly Input] [2026-08-15 16:56:25.475 (UTC)] info/application	[Motor] Received distance: 46.973429566702535 cm | Severity=75 | SourceName=Motor | EventType=application | SourceNode=ns=1;s=MotorSource
[Anomaly Input] [2026-08-15 16:56:25.475 (UTC)] info/application	[Motor] Distance safe (46.973429566702535); rotating motor to 90 degrees | Severity=75 | SourceName=Motor | EventType=application | SourceNode=ns=1;s=MotorSource
[Anomaly Input] [2026-08-15 16:56:25.920 (UTC)] info/application	[Motor] Received distance: 48.94689413111046 cm | Severity=75 | SourceName=Motor3 | EventType=application | SourceNode=ns=1;s=MotorSource3
[Anomaly Input] [2026-08-15 16:56:25.930 (UTC)] info/application	[Motor] Received distance: 13.800363702606578 cm | Severity=75 | SourceName=Motor2 | EventType=application | SourceNode=ns=1;s=MotorSource2
[Anomaly Input] [2026-08-15 16:56:25.920 (UTC)] info/application	[Motor] Distance safe (48.94689413111046); rotating motor to 90 degrees | Severity=75 | SourceName=Motor3 | EventType=application | SourceNode=ns=1;s=MotorSource3
[Anomaly Input] [2026-08-15 16:56:25.930 (UTC)] warn/application	[Motor] Distance too close (13.800363702606578); rotating motor to 0 degrees | Severity=175 | SourceName=Motor2 | EventType=application | SourceNode=ns=1;s=MotorSource2
[Anomaly Input] [2026-08-15 16:56:25.971 (UTC)] info/application	[Sensor] Updated distance: 32.89753668703955 cm | Severity=75 | SourceName=Sensor | EventType=application | SourceNode=ns=1;s=SensorSource
[Anomaly Input] [2026-08-15 16:56:26.375 (UTC)] info/application	[Sensor] Updated distance: 6.998898433986538 cm | Severity=75 | SourceName=Sensor3 | EventType=application | SourceNode=ns=1;s=SensorSource3
[Anomaly Input] [2026-08-15 16:56:26.376 (UTC)] info/application	[Sensor] Updated distance: 9.73027739288764 cm | Severity=75 | SourceName=Sensor2 | EventType=application | SourceNode=ns=1;s=SensorSource2
[Anomaly Input] [2026-08-15 16:56:26.467 (UTC)] info/application	[Motor] Received distance: 32.89753668703955 cm | Severity=75 | SourceName=Motor | EventType=application | SourceNode=ns=1;s=MotorSource
[Anomaly Input] [2026-08-15 16:56:26.467 (UTC)] info/application	[Motor] Distance safe (32.89753668703955); rotating motor to 90 degrees | Severity=75 | SourceName=Motor | EventType=application | SourceNode=ns=1;s=MotorSource
[Anomaly Input] [2026-08-15 16:56:26.922 (UTC)] info/application	[Motor] Received distance: 6.998898433986538 cm | Severity=75 | SourceName=Motor3 | EventType=application | SourceNode=ns=1;s=MotorSource3
[Anomaly Input] [2026-08-15 16:56:26.922 (UTC)] info/application	[Motor] Received distance: 9.73027739288764 cm | Severity=75 | SourceName=Motor2 | EventType=application | SourceNode=ns=1;s=MotorSource2
[Anomaly Input] [2026-08-15 16:56:26.922 (UTC)] warn/application	[Motor] Distance too close (6.998898433986538); rotating motor to 0 degrees | Severity=175 | SourceName=Motor3 | EventType=application | SourceNode=ns=1;s=MotorSource3
[Anomaly Input] [2026-08-15 16:56:26.922 (UTC)] warn/application	[Motor] Distance too close (9.73027739288764); rotating motor to 0 degrees | Severity=175 | SourceName=Motor2 | EventType=application | SourceNode=ns=1;s=MotorSource2
[Anomaly Input] [2026-08-15 16:56:26.973 (UTC)] info/application	[Sensor] Updated distance: 17.563666656410163 cm | Severity=75 | SourceName=Sensor | EventType=application | SourceNode=ns=1;s=SensorSource
[Anomaly Input] [2026-08-15 16:56:27.367 (UTC)] info/application	[Sensor] Updated distance: 20.068031244942933 cm | Severity=75 | SourceName=Sensor3 | EventType=application | SourceNode=ns=1;s=SensorSource3
[Anomaly Input] [2026-08-15 16:56:27.377 (UTC)] info/application	[Sensor] Updated distance: 29.926419606398053 cm | Severity=75 | SourceName=Sensor2 | EventType=application | SourceNode=ns=1;s=SensorSource2
[Anomaly Input] [2026-08-15 16:56:27.477 (UTC)] info/application	[Motor] Received distance: 17.563666656410163 cm | Severity=75 | SourceName=Motor | EventType=application | SourceNode=ns=1;s=MotorSource
[Anomaly Input] [2026-08-15 16:56:27.477 (UTC)] warn/application	[Motor] Distance too close (17.563666656410163); rotating motor to 0 degrees | Severity=175 | SourceName=Motor | EventType=application | SourceNode=ns=1;s=MotorSource
[Anomaly Input] [2026-08-15 16:56:27.932 (UTC)] info/application	[Motor] Received distance: 20.068031244942933 cm | Severity=75 | SourceName=Motor3 | EventType=application | SourceNode=ns=1;s=MotorSource3
[Anomaly Input] [2026-08-15 16:56:27.932 (UTC)] info/application	[Motor] Received distance: 29.926419606398053 cm | Severity=75 | SourceName=Motor2 | EventType=application | SourceNode=ns=1;s=MotorSource2
[Anomaly Input] [2026-08-15 16:56:27.932 (UTC)] info/application	[Motor] Distance safe (29.926419606398053); rotating motor to 90 degrees | Severity=75 | SourceName=Motor2 | EventType=application | SourceNode=ns=1;s=MotorSource2
[Anomaly Input] [2026-08-15 16:56:27.932 (UTC)] info/application	[Motor] Distance safe (20.068031244942933); rotating motor to 90 degrees | Severity=75 | SourceName=Motor3 | EventType=application | SourceNode=ns=1;s=MotorSource3
[Anomaly Input] [2026-08-15 16:56:27.974 (UTC)] info/application	[Sensor] Updated distance: 5.1027184590244286 cm | Severity=75 | SourceName=Sensor | EventType=application | SourceNode=ns=1;s=SensorSource
[Anomaly Input] [2026-08-15 16:56:28.368 (UTC)] info/application	[Sensor] Updated distance: 19.292343147700812 cm | Severity=75 | SourceName=Sensor3 | EventType=application | SourceNode=ns=1;s=SensorSource3
[Anomaly Input] [2026-08-15 16:56:28.378 (UTC)] info/application	[Sensor] Updated distance: 6.17079239532854 cm | Severity=75 | SourceName=Sensor2 | EventType=application | SourceNode=ns=1;s=SensorSource2
[Anomaly Input] [2026-08-15 16:56:28.479 (UTC)] info/application	[Motor] Received distance: 5.1027184590244286 cm | Severity=75 | SourceName=Motor | EventType=application | SourceNode=ns=1;s=MotorSource
[Anomaly Input] [2026-08-15 16:56:28.479 (UTC)] warn/application	[Motor] Distance too close (5.1027184590244286); rotating motor to 0 degrees | Severity=175 | SourceName=Motor | EventType=application | SourceNode=ns=1;s=MotorSource
[Anomaly Input] [2026-08-15 16:56:28.925 (UTC)] info/application	[Motor] Received distance: 6.17079239532854 cm | Severity=75 | SourceName=Motor2 | EventType=application | SourceNode=ns=1;s=MotorSource2
[Anomaly Input] [2026-08-15 16:56:28.925 (UTC)] info/application	[Motor] Received distance: 19.292343147700812 cm | Severity=75 | SourceName=Motor3 | EventType=application | SourceNode=ns=1;s=MotorSource3
[Anomaly Input] [2026-08-15 16:56:28.925 (UTC)] warn/application	[Motor] Distance too close (6.17079239532854); rotating motor to 0 degrees | Severity=175 | SourceName=Motor2 | EventType=application | SourceNode=ns=1;s=MotorSource2
[Anomaly Input] [2026-08-15 16:56:28.925 (UTC)] warn/application	[Motor] Distance too close (19.292343147700812); rotating motor to 0 degrees | Severity=175 | SourceName=Motor3 | EventType=application | SourceNode=ns=1;s=MotorSource3
[Anomaly Input] [2026-08-15 16:56:28.975 (UTC)] info/application	[Sensor] Updated distance: 36.91220603273818 cm | Severity=75 | SourceName=Sensor | EventType=application | SourceNode=ns=1;s=SensorSource
[Anomaly Input] [2026-08-15 16:56:29.370 (UTC)] info/application	[Sensor] Updated distance: 23.28629765905733 cm | Severity=75 | SourceName=Sensor3 | EventType=application | SourceNode=ns=1;s=SensorSource3
[Anomaly Input] [2026-08-15 16:56:29.380 (UTC)] info/application	[Sensor] Updated distance: 41.844058606701 cm | Severity=75 | SourceName=Sensor2 | EventType=application | SourceNode=ns=1;s=SensorSource2
[Anomaly Input] [2026-08-15 16:56:29.471 (UTC)] info/application	[Motor] Received distance: 36.91220603273818 cm | Severity=75 | SourceName=Motor | EventType=application | SourceNode=ns=1;s=MotorSource
[Anomaly Input] [2026-08-15 16:56:29.471 (UTC)] info/application	[Motor] Distance safe (36.91220603273818); rotating motor to 90 degrees | Severity=75 | SourceName=Motor | EventType=application | SourceNode=ns=1;s=MotorSource
[Anomaly Input] [2026-08-15 16:56:29.916 (UTC)] info/application	[Motor] Received distance: 41.844058606701 cm | Severity=75 | SourceName=Motor2 | EventType=application | SourceNode=ns=1;s=MotorSource2
[Anomaly Input] [2026-08-15 16:56:29.916 (UTC)] info/application	[Motor] Received distance: 23.28629765905733 cm | Severity=75 | SourceName=Motor3 | EventType=application | SourceNode=ns=1;s=MotorSource3
[Anomaly Input] [2026-08-15 16:56:29.916 (UTC)] info/application	[Motor] Distance safe (23.28629765905733); rotating motor to 90 degrees | Severity=75 | SourceName=Motor3 | EventType=application | SourceNode=ns=1;s=MotorSource3
[Anomaly Input] [2026-08-15 16:56:29.916 (UTC)] info/application	[Motor] Distance safe (41.844058606701); rotating motor to 90 degrees | Severity=75 | SourceName=Motor2 | EventType=application | SourceNode=ns=1;s=MotorSource2
[Anomaly Input] [2026-08-15 16:56:29.966 (UTC)] info/application	[Sensor] Updated distance: 15.012606664100943 cm | Severity=75 | SourceName=Sensor | EventType=application | SourceNode=ns=1;s=SensorSource
[Anomaly Input] [2026-08-15 16:56:30.371 (UTC)] info/application	[Sensor] Updated distance: 46.934643550279844 cm | Severity=75 | SourceName=Sensor3 | EventType=application | SourceNode=ns=1;s=SensorSource3
[Anomaly Input] [2026-08-15 16:56:30.371 (UTC)] info/application	[Sensor] Updated distance: 9.36943605885349 cm | Severity=75 | SourceName=Sensor2 | EventType=application | SourceNode=ns=1;s=SensorSource2
[Anomaly Input] [2026-08-15 16:56:30.477 (UTC)] info/application	[Motor] Received distance: 15.012606664100943 cm | Severity=75 | SourceName=Motor | EventType=application | SourceNode=ns=1;s=MotorSource
[Anomaly Input] [2026-08-15 16:56:30.477 (UTC)] warn/application	[Motor] Distance too close (15.012606664100943); rotating motor to 0 degrees | Severity=175 | SourceName=Motor | EventType=application | SourceNode=ns=1;s=MotorSource
[Anomaly Input] [2026-08-15 16:56:30.920 (UTC)] info/application	[Motor] Received distance: 9.36943605885349 cm | Severity=75 | SourceName=Motor2 | EventType=application | SourceNode=ns=1;s=MotorSource2
[Anomaly Input] [2026-08-15 16:56:30.921 (UTC)] info/application	[Motor] Received distance: 46.934643550279844 cm | Severity=75 | SourceName=Motor3 | EventType=application | SourceNode=ns=1;s=MotorSource3
[Anomaly Input] [2026-08-15 16:56:30.920 (UTC)] warn/application	[Motor] Distance too close (9.36943605885349); rotating motor to 0 degrees | Severity=175 | SourceName=Motor2 | EventType=application | SourceNode=ns=1;s=MotorSource2
[Anomaly Input] [2026-08-15 16:56:30.921 (UTC)] info/application	[Motor] Distance safe (46.934643550279844); rotating motor to 90 degrees | Severity=75 | SourceName=Motor3 | EventType=application | SourceNode=ns=1;s=MotorSource3
[Anomaly Input] [2026-08-15 16:56:30.968 (UTC)] info/application	[Sensor] Updated distance: 30.506371690196158 cm | Severity=75 | SourceName=Sensor | EventType=application | SourceNode=ns=1;s=SensorSource
[Anomaly Input] [2026-08-15 16:56:31.372 (UTC)] info/application	[Sensor] Updated distance: 23.83255862716239 cm | Severity=75 | SourceName=Sensor3 | EventType=application | SourceNode=ns=1;s=SensorSource3
[Anomaly Input] [2026-08-15 16:56:31.372 (UTC)] info/application	[Sensor] Updated distance: 35.12607644550785 cm | Severity=75 | SourceName=Sensor2 | EventType=application | SourceNode=ns=1;s=SensorSource2
[Anomaly Input] [2026-08-15 16:56:31.473 (UTC)] info/application	[Motor] Received distance: 30.506371690196158 cm | Severity=75 | SourceName=Motor | EventType=application | SourceNode=ns=1;s=MotorSource
[Anomaly Input] [2026-08-15 16:56:31.474 (UTC)] info/application	[Motor] Distance safe (30.506371690196158); rotating motor to 90 degrees | Severity=75 | SourceName=Motor | EventType=application | SourceNode=ns=1;s=MotorSource
[Anomaly Input] [2026-08-15 16:56:31.919 (UTC)] info/application	[Motor] Received distance: 23.83255862716239 cm | Severity=75 | SourceName=Motor3 | EventType=application | SourceNode=ns=1;s=MotorSource3
[Anomaly Input] [2026-08-15 16:56:31.919 (UTC)] info/application	[Motor] Received distance: 35.12607644550785 cm | Severity=75 | SourceName=Motor2 | EventType=application | SourceNode=ns=1;s=MotorSource2
[Anomaly Input] [2026-08-15 16:56:31.919 (UTC)] info/application	[Motor] Distance safe (23.83255862716239); rotating motor to 90 degrees | Severity=75 | SourceName=Motor3 | EventType=application | SourceNode=ns=1;s=MotorSource3
[Anomaly Input] [2026-08-15 16:56:31.919 (UTC)] info/application	[Motor] Distance safe (35.12607644550785); rotating motor to 90 degrees | Severity=75 | SourceName=Motor2 | EventType=application | SourceNode=ns=1;s=MotorSource2
[Anomaly Input] [2026-08-15 16:56:31.970 (UTC)] info/application	[Sensor] Updated distance: 20.958688163644954 cm | Severity=75 | SourceName=Sensor | EventType=application | SourceNode=ns=1;s=SensorSource
[Anomaly Input] [2026-08-15 16:56:32.375 (UTC)] info/application	[Sensor] Updated distance: 11.095003758135718 cm | Severity=75 | SourceName=Sensor3 | EventType=application | SourceNode=ns=1;s=SensorSource3
[Anomaly Input] [2026-08-15 16:56:32.375 (UTC)] info/application	[Sensor] Updated distance: 6.029010938494006 cm | Severity=75 | SourceName=Sensor2 | EventType=application | SourceNode=ns=1;s=SensorSource2
[Anomaly Input] [2026-08-15 16:56:32.466 (UTC)] info/application	[Motor] Received distance: 20.958688163644954 cm | Severity=75 | SourceName=Motor | EventType=application | SourceNode=ns=1;s=MotorSource
[Anomaly Input] [2026-08-15 16:56:32.466 (UTC)] info/application	[Motor] Distance safe (20.958688163644954); rotating motor to 90 degrees | Severity=75 | SourceName=Motor | EventType=application | SourceNode=ns=1;s=MotorSource
[Anomaly Input] [2026-08-15 16:56:32.922 (UTC)] info/application	[Motor] Received distance: 11.095003758135718 cm | Severity=75 | SourceName=Motor3 | EventType=application | SourceNode=ns=1;s=MotorSource3
[Anomaly Input] [2026-08-15 16:56:32.930 (UTC)] info/application	[Motor] Received distance: 6.029010938494006 cm | Severity=75 | SourceName=Motor2 | EventType=application | SourceNode=ns=1;s=MotorSource2
[Anomaly Input] [2026-08-15 16:56:32.922 (UTC)] warn/application	[Motor] Distance too close (11.095003758135718); rotating motor to 0 degrees | Severity=175 | SourceName=Motor3 | EventType=application | SourceNode=ns=1;s=MotorSource3
[Anomaly Input] [2026-08-15 16:56:32.930 (UTC)] warn/application	[Motor] Distance too close (6.029010938494006); rotating motor to 0 degrees | Severity=175 | SourceName=Motor2 | EventType=application | SourceNode=ns=1;s=MotorSource2
[Anomaly Input] [2026-08-15 16:56:32.972 (UTC)] info/application	[Sensor] Updated distance: 42.779013794278264 cm | Severity=75 | SourceName=Sensor | EventType=application | SourceNode=ns=1;s=SensorSource
[Anomaly Input] [2026-08-15 16:56:33.377 (UTC)] info/application	[Sensor] Updated distance: 2.5520304667540037 cm | Severity=75 | SourceName=Sensor3 | EventType=application | SourceNode=ns=1;s=SensorSource3
[Anomaly Input] [2026-08-15 16:56:33.377 (UTC)] info/application	[Sensor] Updated distance: 4.539006726135968 cm | Severity=75 | SourceName=Sensor2 | EventType=application | SourceNode=ns=1;s=SensorSource2
[Anomaly Input] [2026-08-15 16:56:33.476 (UTC)] info/application	[Motor] Received distance: 42.779013794278264 cm | Severity=75 | SourceName=Motor | EventType=application | SourceNode=ns=1;s=MotorSource
[Anomaly Input] [2026-08-15 16:56:33.476 (UTC)] info/application	[Motor] Distance safe (42.779013794278264); rotating motor to 90 degrees | Severity=75 | SourceName=Motor | EventType=application | SourceNode=ns=1;s=MotorSource
[Anomaly Input] [2026-08-15 16:56:33.924 (UTC)] info/application	[Motor] Received distance: 4.539006726135968 cm | Severity=75 | SourceName=Motor2 | EventType=application | SourceNode=ns=1;s=MotorSource2
[Anomaly Input] [2026-08-15 16:56:33.932 (UTC)] info/application	[Motor] Received distance: 2.5520304667540037 cm | Severity=75 | SourceName=Motor3 | EventType=application | SourceNode=ns=1;s=MotorSource3
[Anomaly Input] [2026-08-15 16:56:33.924 (UTC)] warn/application	[Motor] Distance too close (4.539006726135968); rotating motor to 0 degrees | Severity=175 | SourceName=Motor2 | EventType=application | SourceNode=ns=1;s=MotorSource2
[Anomaly Input] [2026-08-15 16:56:33.932 (UTC)] warn/application	[Motor] Distance too close (2.5520304667540037); rotating motor to 0 degrees | Severity=175 | SourceName=Motor3 | EventType=application | SourceNode=ns=1;s=MotorSource3
[Anomaly Input] [2026-08-15 16:56:33.974 (UTC)] info/application	[Sensor] Updated distance: 16.032533987440416 cm | Severity=75 | SourceName=Sensor | EventType=application | SourceNode=ns=1;s=SensorSource
[Anomaly Input] [2026-08-15 16:56:34.368 (UTC)] info/application	[Sensor] Updated distance: 46.440052075516455 cm | Severity=75 | SourceName=Sensor3 | EventType=application | SourceNode=ns=1;s=SensorSource3
[Anomaly Input] [2026-08-15 16:56:34.379 (UTC)] info/application	[Sensor] Updated distance: 44.12350302661001 cm | Severity=75 | SourceName=Sensor2 | EventType=application | SourceNode=ns=1;s=SensorSource2
[Anomaly Input] [2026-08-15 16:56:34.478 (UTC)] info/application	[Motor] Received distance: 16.032533987440416 cm | Severity=75 | SourceName=Motor | EventType=application | SourceNode=ns=1;s=MotorSource
[Anomaly Input] [2026-08-15 16:56:34.478 (UTC)] warn/application	[Motor] Distance too close (16.032533987440416); rotating motor to 0 degrees | Severity=175 | SourceName=Motor | EventType=application | SourceNode=ns=1;s=MotorSource
[Anomaly Input] [2026-08-15 16:56:34.915 (UTC)] info/application	[Motor] Received distance: 44.12350302661001 cm | Severity=75 | SourceName=Motor2 | EventType=application | SourceNode=ns=1;s=MotorSource2
[Anomaly Input] [2026-08-15 16:56:34.922 (UTC)] info/application	[Motor] Received distance: 46.440052075516455 cm | Severity=75 | SourceName=Motor3 | EventType=application | SourceNode=ns=1;s=MotorSource3
[Anomaly Input] [2026-08-15 16:56:34.915 (UTC)] info/application	[Motor] Distance safe (44.12350302661001); rotating motor to 90 degrees | Severity=75 | SourceName=Motor2 | EventType=application | SourceNode=ns=1;s=MotorSource2
[Anomaly Input] [2026-08-15 16:56:34.922 (UTC)] info/application	[Motor] Distance safe (46.440052075516455); rotating motor to 90 degrees | Severity=75 | SourceName=Motor3 | EventType=application | SourceNode=ns=1;s=MotorSource3
[Anomaly Input] [2026-08-15 16:56:34.976 (UTC)] info/application	[Sensor] Updated distance: 33.85804496698921 cm | Severity=75 | SourceName=Sensor | EventType=application | SourceNode=ns=1;s=SensorSource
[Anomaly Input] [2026-08-15 16:56:35.370 (UTC)] info/application	[Sensor] Updated distance: 26.7906769406007 cm | Severity=75 | SourceName=Sensor3 | EventType=application | SourceNode=ns=1;s=SensorSource3
[Anomaly Input] [2026-08-15 16:56:35.370 (UTC)] info/application	[Sensor] Updated distance: 18.587546929990662 cm | Severity=75 | SourceName=Sensor2 | EventType=application | SourceNode=ns=1;s=SensorSource2
[Anomaly Input] [2026-08-15 16:56:35.472 (UTC)] info/application	[Motor] Received distance: 33.85804496698921 cm | Severity=75 | SourceName=Motor | EventType=application | SourceNode=ns=1;s=MotorSource
[Anomaly Input] [2026-08-15 16:56:35.472 (UTC)] info/application	[Motor] Distance safe (33.85804496698921); rotating motor to 90 degrees | Severity=75 | SourceName=Motor | EventType=application | SourceNode=ns=1;s=MotorSource
[Anomaly Input] [2026-08-15 16:56:35.917 (UTC)] info/application	[Motor] Received distance: 26.7906769406007 cm | Severity=75 | SourceName=Motor3 | EventType=application | SourceNode=ns=1;s=MotorSource3
[Anomaly Input] [2026-08-15 16:56:35.920 (UTC)] info/application	[Motor] Received distance: 18.587546929990662 cm | Severity=75 | SourceName=Motor2 | EventType=application | SourceNode=ns=1;s=MotorSource2
[Anomaly Input] [2026-08-15 16:56:35.917 (UTC)] info/application	[Motor] Distance safe (26.7906769406007); rotating motor to 90 degrees | Severity=75 | SourceName=Motor3 | EventType=application | SourceNode=ns=1;s=MotorSource3
[Anomaly Input] [2026-08-15 16:56:35.920 (UTC)] warn/application	[Motor] Distance too close (18.587546929990662); rotating motor to 0 degrees | Severity=175 | SourceName=Motor2 | EventType=application | SourceNode=ns=1;s=MotorSource2
[Anomaly Input] [2026-08-15 16:56:35.968 (UTC)] info/application	[Sensor] Updated distance: 29.645264221190132 cm | Severity=75 | SourceName=Sensor | EventType=application | SourceNode=ns=1;s=SensorSource
[Anomaly Input] [2026-08-15 16:56:36.372 (UTC)] info/application	[Sensor] Updated distance: 3.3153101957008753 cm | Severity=75 | SourceName=Sensor2 | EventType=application | SourceNode=ns=1;s=SensorSource2
[Anomaly Input] [2026-08-15 16:56:36.372 (UTC)] info/application	[Sensor] Updated distance: 31.200047648139318 cm | Severity=75 | SourceName=Sensor3 | EventType=application | SourceNode=ns=1;s=SensorSource3
[Anomaly Input] [2026-08-15 16:56:36.477 (UTC)] info/application	[Motor] Received distance: 29.645264221190132 cm | Severity=75 | SourceName=Motor | EventType=application | SourceNode=ns=1;s=MotorSource
[Anomaly Input] [2026-08-15 16:56:36.477 (UTC)] info/application	[Motor] Distance safe (29.645264221190132); rotating motor to 90 degrees | Severity=75 | SourceName=Motor | EventType=application | SourceNode=ns=1;s=MotorSource
[Anomaly Input] [2026-08-15 16:56:36.918 (UTC)] info/application	[Motor] Received distance: 3.3153101957008753 cm | Severity=75 | SourceName=Motor2 | EventType=application | SourceNode=ns=1;s=MotorSource2
[Anomaly Input] [2026-08-15 16:56:36.921 (UTC)] info/application	[Motor] Received distance: 31.200047648139318 cm | Severity=75 | SourceName=Motor3 | EventType=application | SourceNode=ns=1;s=MotorSource3
[Anomaly Input] [2026-08-15 16:56:36.918 (UTC)] warn/application	[Motor] Distance too close (3.3153101957008753); rotating motor to 0 degrees | Severity=175 | SourceName=Motor2 | EventType=application | SourceNode=ns=1;s=MotorSource2
[Anomaly Input] [2026-08-15 16:56:36.921 (UTC)] info/application	[Motor] Distance safe (31.200047648139318); rotating motor to 90 degrees | Severity=75 | SourceName=Motor3 | EventType=application | SourceNode=ns=1;s=MotorSource3
[Anomaly Input] [2026-08-15 16:56:36.968 (UTC)] info/application	[Sensor] Updated distance: 46.43165647072329 cm | Severity=75 | SourceName=Sensor | EventType=application | SourceNode=ns=1;s=SensorSource
[Anomaly Input] [2026-08-15 16:56:37.373 (UTC)] info/application	[Sensor] Updated distance: 17.53651957192296 cm | Severity=75 | SourceName=Sensor3 | EventType=application | SourceNode=ns=1;s=SensorSource3
[Anomaly Input] [2026-08-15 16:56:37.373 (UTC)] info/application	[Sensor] Updated distance: 12.221865770510334 cm | Severity=75 | SourceName=Sensor2 | EventType=application | SourceNode=ns=1;s=SensorSource2
[Anomaly Input] [2026-08-15 16:56:37.474 (UTC)] info/application	[Motor] Received distance: 46.43165647072329 cm | Severity=75 | SourceName=Motor | EventType=application | SourceNode=ns=1;s=MotorSource
[Anomaly Input] [2026-08-15 16:56:37.474 (UTC)] info/application	[Motor] Distance safe (46.43165647072329); rotating motor to 90 degrees | Severity=75 | SourceName=Motor | EventType=application | SourceNode=ns=1;s=MotorSource
[Anomaly Input] [2026-08-15 16:56:37.919 (UTC)] info/application	[Motor] Received distance: 17.53651957192296 cm | Severity=75 | SourceName=Motor3 | EventType=application | SourceNode=ns=1;s=MotorSource3
[Anomaly Input] [2026-08-15 16:56:37.920 (UTC)] info/application	[Motor] Received distance: 12.221865770510334 cm | Severity=75 | SourceName=Motor2 | EventType=application | SourceNode=ns=1;s=MotorSource2
[Anomaly Input] [2026-08-15 16:56:37.919 (UTC)] warn/application	[Motor] Distance too close (17.53651957192296); rotating motor to 0 degrees | Severity=175 | SourceName=Motor3 | EventType=application | SourceNode=ns=1;s=MotorSource3
[Anomaly Input] [2026-08-15 16:56:37.920 (UTC)] warn/application	[Motor] Distance too close (12.221865770510334); rotating motor to 0 degrees | Severity=175 | SourceName=Motor2 | EventType=application | SourceNode=ns=1;s=MotorSource2
[Anomaly Input] [2026-08-15 16:56:37.970 (UTC)] info/application	[Sensor] Updated distance: 3.628670104606389 cm | Severity=75 | SourceName=Sensor | EventType=application | SourceNode=ns=1;s=SensorSource
[Anomaly Input] [2026-08-15 16:56:38.375 (UTC)] info/application	[Sensor] Updated distance: 39.96183181831698 cm | Severity=75 | SourceName=Sensor2 | EventType=application | SourceNode=ns=1;s=SensorSource2
[Anomaly Input] [2026-08-15 16:56:38.375 (UTC)] info/application	[Sensor] Updated distance: 43.3553854419642 cm | Severity=75 | SourceName=Sensor3 | EventType=application | SourceNode=ns=1;s=SensorSource3
[Anomaly Input] [2026-08-15 16:56:38.477 (UTC)] info/application	[Motor] Received distance: 3.628670104606389 cm | Severity=75 | SourceName=Motor | EventType=application | SourceNode=ns=1;s=MotorSource
[Anomaly Input] [2026-08-15 16:56:38.477 (UTC)] warn/application	[Motor] Distance too close (3.628670104606389); rotating motor to 0 degrees | Severity=175 | SourceName=Motor | EventType=application | SourceNode=ns=1;s=MotorSource
[Anomaly Input] [2026-08-15 16:56:38.922 (UTC)] info/application	[Motor] Received distance: 43.3553854419642 cm | Severity=75 | SourceName=Motor3 | EventType=application | SourceNode=ns=1;s=MotorSource3
[Anomaly Input] [2026-08-15 16:56:38.930 (UTC)] info/application	[Motor] Received distance: 39.96183181831698 cm | Severity=75 | SourceName=Motor2 | EventType=application | SourceNode=ns=1;s=MotorSource2
[Anomaly Input] [2026-08-15 16:56:38.922 (UTC)] info/application	[Motor] Distance safe (43.3553854419642); rotating motor to 90 degrees | Severity=75 | SourceName=Motor3 | EventType=application | SourceNode=ns=1;s=MotorSource3
[Anomaly Input] [2026-08-15 16:56:38.930 (UTC)] info/application	[Motor] Distance safe (39.96183181831698); rotating motor to 90 degrees | Severity=75 | SourceName=Motor2 | EventType=application | SourceNode=ns=1;s=MotorSource2
[Anomaly Input] [2026-08-15 16:56:38.971 (UTC)] info/application	[Sensor] Updated distance: 33.61592584830519 cm | Severity=75 | SourceName=Sensor | EventType=application | SourceNode=ns=1;s=SensorSource
[Anomaly Input] [2026-08-15 16:56:39.077 (UTC)] warn/application	[Motor] Distance too close (10.9); rotating motor to 0 degrees | Severity=175 | SourceName=Motor2 | EventType=application | SourceNode=null
[Anomaly Input] [2026-08-15 16:56:39.079 (UTC)] warn/application	[Motor] Distance too close (10.9); rotating motor to 0 degrees | Severity=175 | SourceName=Motor3 | EventType=application | SourceNode=null
[Anomaly Input] [2026-08-15 16:56:39.079 (UTC)] warn/application	[Motor] Distance too close (10.9); rotating motor to 0 degrees | Severity=175 | SourceName=Motor | EventType=application | SourceNode=null
[Anomaly Input] [2026-08-15 16:56:39.376 (UTC)] info/application	[Sensor] Updated distance: 16.962729930394666 cm | Severity=75 | SourceName=Sensor3 | EventType=application | SourceNode=ns=1;s=SensorSource3
[Anomaly Input] [2026-08-15 16:56:39.376 (UTC)] info/application	[Sensor] Updated distance: 11.171743568578615 cm | Severity=75 | SourceName=Sensor2 | EventType=application | SourceNode=ns=1;s=SensorSource2
[Anomaly Input] [2026-08-15 16:56:39.468 (UTC)] info/application	[Motor] Received distance: 33.61592584830519 cm | Severity=75 | SourceName=Motor | EventType=application | SourceNode=ns=1;s=MotorSource
[Anomaly Input] [2026-08-15 16:56:39.468 (UTC)] info/application	[Motor] Distance safe (33.61592584830519); rotating motor to 90 degrees | Severity=75 | SourceName=Motor | EventType=application | SourceNode=ns=1;s=MotorSource
[Anomaly Input] [2026-08-15 16:56:39.923 (UTC)] info/application	[Motor] Received distance: 11.171743568578615 cm | Severity=75 | SourceName=Motor2 | EventType=application | SourceNode=ns=1;s=MotorSource2
[Anomaly Input] [2026-08-15 16:56:39.932 (UTC)] info/application	[Motor] Received distance: 16.962729930394666 cm | Severity=75 | SourceName=Motor3 | EventType=application | SourceNode=ns=1;s=MotorSource3
[Anomaly Input] [2026-08-15 16:56:39.923 (UTC)] warn/application	[Motor] Distance too close (11.171743568578615); rotating motor to 0 degrees | Severity=175 | SourceName=Motor2 | EventType=application | SourceNode=ns=1;s=MotorSource2
[Anomaly Input] [2026-08-15 16:56:39.932 (UTC)] warn/application	[Motor] Distance too close (16.962729930394666); rotating motor to 0 degrees | Severity=175 | SourceName=Motor3 | EventType=application | SourceNode=ns=1;s=MotorSource3
[Anomaly Input] [2026-08-15 16:56:39.973 (UTC)] info/application	[Sensor] Updated distance: 44.22665703027819 cm | Severity=75 | SourceName=Sensor | EventType=application | SourceNode=ns=1;s=SensorSource
[Anomaly Input] [2026-08-15 16:56:40.368 (UTC)] info/application	[Sensor] Updated distance: 37.72841079706718 cm | Severity=75 | SourceName=Sensor3 | EventType=application | SourceNode=ns=1;s=SensorSource3
[Anomaly Input] [2026-08-15 16:56:40.378 (UTC)] info/application	[Sensor] Updated distance: 21.86206653148963 cm | Severity=75 | SourceName=Sensor2 | EventType=application | SourceNode=ns=1;s=SensorSource2
[Anomaly Input] [2026-08-15 16:56:40.478 (UTC)] info/application	[Motor] Received distance: 44.22665703027819 cm | Severity=75 | SourceName=Motor | EventType=application | SourceNode=ns=1;s=MotorSource
[Anomaly Input] [2026-08-15 16:56:40.478 (UTC)] info/application	[Motor] Distance safe (44.22665703027819); rotating motor to 90 degrees | Severity=75 | SourceName=Motor | EventType=application | SourceNode=ns=1;s=MotorSource
[Anomaly Input] [2026-08-15 16:56:40.924 (UTC)] info/application	[Motor] Received distance: 37.72841079706718 cm | Severity=75 | SourceName=Motor3 | EventType=application | SourceNode=ns=1;s=MotorSource3
[Anomaly Input] [2026-08-15 16:56:40.933 (UTC)] info/application	[Motor] Received distance: 21.86206653148963 cm | Severity=75 | SourceName=Motor2 | EventType=application | SourceNode=ns=1;s=MotorSource2
[Anomaly Input] [2026-08-15 16:56:40.924 (UTC)] info/application	[Motor] Distance safe (37.72841079706718); rotating motor to 90 degrees | Severity=75 | SourceName=Motor3 | EventType=application | SourceNode=ns=1;s=MotorSource3
[Anomaly Input] [2026-08-15 16:56:40.933 (UTC)] info/application	[Motor] Distance safe (21.86206653148963); rotating motor to 90 degrees | Severity=75 | SourceName=Motor2 | EventType=application | SourceNode=ns=1;s=MotorSource2
[Anomaly Input] [2026-08-15 16:56:40.975 (UTC)] info/application	[Sensor] Updated distance: 41.87855413922973 cm | Severity=75 | SourceName=Sensor | EventType=application | SourceNode=ns=1;s=SensorSource
[Anomaly Input] [2026-08-15 16:56:41.369 (UTC)] info/application	[Sensor] Updated distance: 22.10725069982337 cm | Severity=75 | SourceName=Sensor3 | EventType=application | SourceNode=ns=1;s=SensorSource3
[Anomaly Input] [2026-08-15 16:56:41.379 (UTC)] info/application	[Sensor] Updated distance: 11.259505760511153 cm | Severity=75 | SourceName=Sensor2 | EventType=application | SourceNode=ns=1;s=SensorSource2
[Anomaly Input] [2026-08-15 16:56:41.471 (UTC)] info/application	[Motor] Received distance: 41.87855413922973 cm | Severity=75 | SourceName=Motor | EventType=application | SourceNode=ns=1;s=MotorSource
[Anomaly Input] [2026-08-15 16:56:41.471 (UTC)] info/application	[Motor] Distance safe (41.87855413922973); rotating motor to 90 degrees | Severity=75 | SourceName=Motor | EventType=application | SourceNode=ns=1;s=MotorSource
[Anomaly Input] [2026-08-15 16:56:41.916 (UTC)] info/application	[Motor] Received distance: 22.10725069982337 cm | Severity=75 | SourceName=Motor3 | EventType=application | SourceNode=ns=1;s=MotorSource3
[Anomaly Input] [2026-08-15 16:56:41.920 (UTC)] info/application	[Motor] Received distance: 11.259505760511153 cm | Severity=75 | SourceName=Motor2 | EventType=application | SourceNode=ns=1;s=MotorSource2
[Anomaly Input] [2026-08-15 16:56:41.916 (UTC)] info/application	[Motor] Distance safe (22.10725069982337); rotating motor to 90 degrees | Severity=75 | SourceName=Motor3 | EventType=application | SourceNode=ns=1;s=MotorSource3
[Anomaly Input] [2026-08-15 16:56:41.920 (UTC)] warn/application	[Motor] Distance too close (11.259505760511153); rotating motor to 0 degrees | Severity=175 | SourceName=Motor2 | EventType=application | SourceNode=ns=1;s=MotorSource2
[Anomaly Input] [2026-08-15 16:56:41.967 (UTC)] info/application	[Sensor] Updated distance: 48.339234157623366 cm | Severity=75 | SourceName=Sensor | EventType=application | SourceNode=ns=1;s=SensorSource
[Anomaly Input] [2026-08-15 16:56:42.371 (UTC)] info/application	[Sensor] Updated distance: 23.53128028173525 cm | Severity=75 | SourceName=Sensor3 | EventType=application | SourceNode=ns=1;s=SensorSource3
[Anomaly Input] [2026-08-15 16:56:42.371 (UTC)] info/application	[Sensor] Updated distance: 15.756823263017843 cm | Severity=75 | SourceName=Sensor2 | EventType=application | SourceNode=ns=1;s=SensorSource2
[Anomaly Input] [2026-08-15 16:56:42.477 (UTC)] info/application	[Motor] Received distance: 48.339234157623366 cm | Severity=75 | SourceName=Motor | EventType=application | SourceNode=ns=1;s=MotorSource
[Anomaly Input] [2026-08-15 16:56:42.477 (UTC)] info/application	[Motor] Distance safe (48.339234157623366); rotating motor to 90 degrees | Severity=75 | SourceName=Motor | EventType=application | SourceNode=ns=1;s=MotorSource
[Anomaly Input] [2026-08-15 16:56:42.918 (UTC)] info/application	[Motor] Received distance: 15.756823263017843 cm | Severity=75 | SourceName=Motor2 | EventType=application | SourceNode=ns=1;s=MotorSource2
[Anomaly Input] [2026-08-15 16:56:42.921 (UTC)] info/application	[Motor] Received distance: 23.53128028173525 cm | Severity=75 | SourceName=Motor3 | EventType=application | SourceNode=ns=1;s=MotorSource3
[Anomaly Input] [2026-08-15 16:56:42.918 (UTC)] warn/application	[Motor] Distance too close (15.756823263017843); rotating motor to 0 degrees | Severity=175 | SourceName=Motor2 | EventType=application | SourceNode=ns=1;s=MotorSource2
[Anomaly Input] [2026-08-15 16:56:42.921 (UTC)] info/application	[Motor] Distance safe (23.53128028173525); rotating motor to 90 degrees | Severity=75 | SourceName=Motor3 | EventType=application | SourceNode=ns=1;s=MotorSource3
[Anomaly Input] [2026-08-15 16:56:42.968 (UTC)] info/application	[Sensor] Updated distance: 13.638351438398637 cm | Severity=75 | SourceName=Sensor | EventType=application | SourceNode=ns=1;s=SensorSource
[Anomaly Input] [2026-08-15 16:56:43.373 (UTC)] info/application	[Sensor] Updated distance: 47.58831997103445 cm | Severity=75 | SourceName=Sensor2 | EventType=application | SourceNode=ns=1;s=SensorSource2
[Anomaly Input] [2026-08-15 16:56:43.373 (UTC)] info/application	[Sensor] Updated distance: 10.097382757858085 cm | Severity=75 | SourceName=Sensor3 | EventType=application | SourceNode=ns=1;s=SensorSource3
[Anomaly Input] [2026-08-15 16:56:43.479 (UTC)] info/application	[Motor] Received distance: 13.638351438398637 cm | Severity=75 | SourceName=Motor | EventType=application | SourceNode=ns=1;s=MotorSource
[Anomaly Input] [2026-08-15 16:56:43.479 (UTC)] warn/application	[Motor] Distance too close (13.638351438398637); rotating motor to 0 degrees | Severity=175 | SourceName=Motor | EventType=application | SourceNode=ns=1;s=MotorSource
[Anomaly Input] [2026-08-15 16:56:43.919 (UTC)] info/application	[Motor] Received distance: 10.097382757858085 cm | Severity=75 | SourceName=Motor3 | EventType=application | SourceNode=ns=1;s=MotorSource3
[Anomaly Input] [2026-08-15 16:56:43.919 (UTC)] info/application	[Motor] Received distance: 47.58831997103445 cm | Severity=75 | SourceName=Motor2 | EventType=application | SourceNode=ns=1;s=MotorSource2
[Anomaly Input] [2026-08-15 16:56:43.919 (UTC)] warn/application	[Motor] Distance too close (10.097382757858085); rotating motor to 0 degrees | Severity=175 | SourceName=Motor3 | EventType=application | SourceNode=ns=1;s=MotorSource3
[Anomaly Input] [2026-08-15 16:56:43.919 (UTC)] info/application	[Motor] Distance safe (47.58831997103445); rotating motor to 90 degrees | Severity=75 | SourceName=Motor2 | EventType=application | SourceNode=ns=1;s=MotorSource2
[Anomaly Input] [2026-08-15 16:56:43.970 (UTC)] info/application	[Sensor] Updated distance: 44.41133706756464 cm | Severity=75 | SourceName=Sensor | EventType=application | SourceNode=ns=1;s=SensorSource
[Anomaly Input] [2026-08-15 16:56:44.375 (UTC)] info/application	[Sensor] Updated distance: 8.988754223561266 cm | Severity=75 | SourceName=Sensor3 | EventType=application | SourceNode=ns=1;s=SensorSource3
[Anomaly Input] [2026-08-15 16:56:44.375 (UTC)] info/application	[Sensor] Updated distance: 40.15825335968204 cm | Severity=75 | SourceName=Sensor2 | EventType=application | SourceNode=ns=1;s=SensorSource2
[Anomaly Input] [2026-08-15 16:56:44.476 (UTC)] info/application	[Motor] Received distance: 44.41133706756464 cm | Severity=75 | SourceName=Motor | EventType=application | SourceNode=ns=1;s=MotorSource
[Anomaly Input] [2026-08-15 16:56:44.476 (UTC)] info/application	[Motor] Distance safe (44.41133706756464); rotating motor to 90 degrees | Severity=75 | SourceName=Motor | EventType=application | SourceNode=ns=1;s=MotorSource
[Anomaly Input] [2026-08-15 16:56:44.922 (UTC)] info/application	[Motor] Received distance: 8.988754223561266 cm | Severity=75 | SourceName=Motor3 | EventType=application | SourceNode=ns=1;s=MotorSource3
[Anomaly Input] [2026-08-15 16:56:44.922 (UTC)] info/application	[Motor] Received distance: 40.15825335968204 cm | Severity=75 | SourceName=Motor2 | EventType=application | SourceNode=ns=1;s=MotorSource2
[Anomaly Input] [2026-08-15 16:56:44.922 (UTC)] warn/application	[Motor] Distance too close (8.988754223561266); rotating motor to 0 degrees | Severity=175 | SourceName=Motor3 | EventType=application | SourceNode=ns=1;s=MotorSource3
[Anomaly Input] [2026-08-15 16:56:44.922 (UTC)] info/application	[Motor] Distance safe (40.15825335968204); rotating motor to 90 degrees | Severity=75 | SourceName=Motor2 | EventType=application | SourceNode=ns=1;s=MotorSource2
[Anomaly Input] [2026-08-15 16:56:44.972 (UTC)] info/application	[Sensor] Updated distance: 28.23608824342307 cm | Severity=75 | SourceName=Sensor | EventType=application | SourceNode=ns=1;s=SensorSource
[Anomaly Input] [2026-08-15 16:56:45.376 (UTC)] info/application	[Sensor] Updated distance: 46.73312952217326 cm | Severity=75 | SourceName=Sensor2 | EventType=application | SourceNode=ns=1;s=SensorSource2
[Anomaly Input] [2026-08-15 16:56:45.376 (UTC)] info/application	[Sensor] Updated distance: 27.929248382304444 cm | Severity=75 | SourceName=Sensor3 | EventType=application | SourceNode=ns=1;s=SensorSource3
[Anomaly Input] [2026-08-15 16:56:45.467 (UTC)] info/application	[Motor] Received distance: 28.23608824342307 cm | Severity=75 | SourceName=Motor | EventType=application | SourceNode=ns=1;s=MotorSource
[Anomaly Input] [2026-08-15 16:56:45.467 (UTC)] info/application	[Motor] Distance safe (28.23608824342307); rotating motor to 90 degrees | Severity=75 | SourceName=Motor | EventType=application | SourceNode=ns=1;s=MotorSource
[Anomaly Input] [2026-08-15 16:56:45.932 (UTC)] info/application	[Motor] Received distance: 46.73312952217326 cm | Severity=75 | SourceName=Motor2 | EventType=application | SourceNode=ns=1;s=MotorSource2
[Anomaly Input] [2026-08-15 16:56:45.932 (UTC)] info/application	[Motor] Received distance: 27.929248382304444 cm | Severity=75 | SourceName=Motor3 | EventType=application | SourceNode=ns=1;s=MotorSource3
[Anomaly Input] [2026-08-15 16:56:45.932 (UTC)] info/application	[Motor] Distance safe (46.73312952217326); rotating motor to 90 degrees | Severity=75 | SourceName=Motor2 | EventType=application | SourceNode=ns=1;s=MotorSource2
[Anomaly Input] [2026-08-15 16:56:45.932 (UTC)] info/application	[Motor] Distance safe (27.929248382304444); rotating motor to 90 degrees | Severity=75 | SourceName=Motor3 | EventType=application | SourceNode=ns=1;s=MotorSource3
[Anomaly Input] [2026-08-15 16:56:45.973 (UTC)] info/application	[Sensor] Updated distance: 16.521285488512966 cm | Severity=75 | SourceName=Sensor | EventType=application | SourceNode=ns=1;s=SensorSource
[Anomaly Input] [2026-08-15 16:56:46.368 (UTC)] info/application	[Sensor] Updated distance: 39.03552686657548 cm | Severity=75 | SourceName=Sensor3 | EventType=application | SourceNode=ns=1;s=SensorSource3
[Anomaly Input] [2026-08-15 16:56:46.378 (UTC)] info/application	[Sensor] Updated distance: 3.002228409518594 cm | Severity=75 | SourceName=Sensor2 | EventType=application | SourceNode=ns=1;s=SensorSource2
[Anomaly Input] [2026-08-15 16:56:46.477 (UTC)] info/application	[Motor] Received distance: 16.521285488512966 cm | Severity=75 | SourceName=Motor | EventType=application | SourceNode=ns=1;s=MotorSource
[Anomaly Input] [2026-08-15 16:56:46.477 (UTC)] warn/application	[Motor] Distance too close (16.521285488512966); rotating motor to 0 degrees | Severity=175 | SourceName=Motor | EventType=application | SourceNode=ns=1;s=MotorSource
[Anomaly Input] [2026-08-15 16:56:46.924 (UTC)] info/application	[Motor] Received distance: 3.002228409518594 cm | Severity=75 | SourceName=Motor2 | EventType=application | SourceNode=ns=1;s=MotorSource2
[Anomaly Input] [2026-08-15 16:56:46.924 (UTC)] info/application	[Motor] Received distance: 39.03552686657548 cm | Severity=75 | SourceName=Motor3 | EventType=application | SourceNode=ns=1;s=MotorSource3
[Anomaly Input] [2026-08-15 16:56:46.924 (UTC)] info/application	[Motor] Distance safe (39.03552686657548); rotating motor to 90 degrees | Severity=75 | SourceName=Motor3 | EventType=application | SourceNode=ns=1;s=MotorSource3
[Anomaly Input] [2026-08-15 16:56:46.924 (UTC)] warn/application	[Motor] Distance too close (3.002228409518594); rotating motor to 0 degrees | Severity=175 | SourceName=Motor2 | EventType=application | SourceNode=ns=1;s=MotorSource2
[Anomaly Input] [2026-08-15 16:56:46.975 (UTC)] info/application	[Sensor] Updated distance: 14.663172072108448 cm | Severity=75 | SourceName=Sensor | EventType=application | SourceNode=ns=1;s=SensorSource
[Anomaly Input] [2026-08-15 16:56:47.369 (UTC)] info/application	[Sensor] Updated distance: 46.32915062286386 cm | Severity=75 | SourceName=Sensor3 | EventType=application | SourceNode=ns=1;s=SensorSource3
[Anomaly Input] [2026-08-15 16:56:47.380 (UTC)] info/application	[Sensor] Updated distance: 46.69388672555512 cm | Severity=75 | SourceName=Sensor2 | EventType=application | SourceNode=ns=1;s=SensorSource2
[Anomaly Input] [2026-08-15 16:56:47.478 (UTC)] info/application	[Motor] Received distance: 14.663172072108448 cm | Severity=75 | SourceName=Motor | EventType=application | SourceNode=ns=1;s=MotorSource
[Anomaly Input] [2026-08-15 16:56:47.478 (UTC)] warn/application	[Motor] Distance too close (14.663172072108448); rotating motor to 0 degrees | Severity=175 | SourceName=Motor | EventType=application | SourceNode=ns=1;s=MotorSource
[Anomaly Input] [2026-08-15 16:56:47.916 (UTC)] info/application	[Motor] Received distance: 46.69388672555512 cm | Severity=75 | SourceName=Motor2 | EventType=application | SourceNode=ns=1;s=MotorSource2
[Anomaly Input] [2026-08-15 16:56:47.916 (UTC)] info/application	[Motor] Received distance: 46.32915062286386 cm | Severity=75 | SourceName=Motor3 | EventType=application | SourceNode=ns=1;s=MotorSource3
[Anomaly Input] [2026-08-15 16:56:47.916 (UTC)] info/application	[Motor] Distance safe (46.69388672555512); rotating motor to 90 degrees | Severity=75 | SourceName=Motor2 | EventType=application | SourceNode=ns=1;s=MotorSource2
[Anomaly Input] [2026-08-15 16:56:47.916 (UTC)] info/application	[Motor] Distance safe (46.32915062286386); rotating motor to 90 degrees | Severity=75 | SourceName=Motor3 | EventType=application | SourceNode=ns=1;s=MotorSource3
[Anomaly Input] [2026-08-15 16:56:47.967 (UTC)] info/application	[Sensor] Updated distance: 39.859010185049385 cm | Severity=75 | SourceName=Sensor | EventType=application | SourceNode=ns=1;s=SensorSource
[Anomaly Input] [2026-08-15 16:56:48.372 (UTC)] info/application	[Sensor] Updated distance: 44.465745856271006 cm | Severity=75 | SourceName=Sensor3 | EventType=application | SourceNode=ns=1;s=SensorSource3
[Anomaly Input] [2026-08-15 16:56:48.372 (UTC)] info/application	[Sensor] Updated distance: 45.741301355763014 cm | Severity=75 | SourceName=Sensor2 | EventType=application | SourceNode=ns=1;s=SensorSource2
[Anomaly Input] [2026-08-15 16:56:48.473 (UTC)] info/application	[Motor] Received distance: 39.859010185049385 cm | Severity=75 | SourceName=Motor | EventType=application | SourceNode=ns=1;s=MotorSource
[Anomaly Input] [2026-08-15 16:56:48.473 (UTC)] info/application	[Motor] Distance safe (39.859010185049385); rotating motor to 90 degrees | Severity=75 | SourceName=Motor | EventType=application | SourceNode=ns=1;s=MotorSource
[Anomaly Input] [2026-08-15 16:56:48.920 (UTC)] info/application	[Motor] Received distance: 45.741301355763014 cm | Severity=75 | SourceName=Motor2 | EventType=application | SourceNode=ns=1;s=MotorSource2
[Anomaly Input] [2026-08-15 16:56:48.921 (UTC)] info/application	[Motor] Received distance: 44.465745856271006 cm | Severity=75 | SourceName=Motor3 | EventType=application | SourceNode=ns=1;s=MotorSource3
[Anomaly Input] [2026-08-15 16:56:48.920 (UTC)] info/application	[Motor] Distance safe (45.741301355763014); rotating motor to 90 degrees | Severity=75 | SourceName=Motor2 | EventType=application | SourceNode=ns=1;s=MotorSource2
[Anomaly Input] [2026-08-15 16:56:48.921 (UTC)] info/application	[Motor] Distance safe (44.465745856271006); rotating motor to 90 degrees | Severity=75 | SourceName=Motor3 | EventType=application | SourceNode=ns=1;s=MotorSource3
[Anomaly Input] [2026-08-15 16:56:48.969 (UTC)] info/application	[Sensor] Updated distance: 37.08488110596541 cm | Severity=75 | SourceName=Sensor | EventType=application | SourceNode=ns=1;s=SensorSource
[Anomaly Input] [2026-08-15 16:56:49.374 (UTC)] info/application	[Sensor] Updated distance: 21.3579189718505 cm | Severity=75 | SourceName=Sensor3 | EventType=application | SourceNode=ns=1;s=SensorSource3
[Anomaly Input] [2026-08-15 16:56:49.374 (UTC)] info/application	[Sensor] Updated distance: 4.809359693345316 cm | Severity=75 | SourceName=Sensor2 | EventType=application | SourceNode=ns=1;s=SensorSource2
[Anomaly Input] [2026-08-15 16:56:49.478 (UTC)] info/application	[Motor] Received distance: 37.08488110596541 cm | Severity=75 | SourceName=Motor | EventType=application | SourceNode=ns=1;s=MotorSource
[Anomaly Input] [2026-08-15 16:56:49.478 (UTC)] info/application	[Motor] Distance safe (37.08488110596541); rotating motor to 90 degrees | Severity=75 | SourceName=Motor | EventType=application | SourceNode=ns=1;s=MotorSource
[Anomaly Input] [2026-08-15 16:56:49.923 (UTC)] info/application	[Motor] Received distance: 21.3579189718505 cm | Severity=75 | SourceName=Motor3 | EventType=application | SourceNode=ns=1;s=MotorSource3
[Anomaly Input] [2026-08-15 16:56:49.931 (UTC)] info/application	[Motor] Received distance: 4.809359693345316 cm | Severity=75 | SourceName=Motor2 | EventType=application | SourceNode=ns=1;s=MotorSource2
[Anomaly Input] [2026-08-15 16:56:49.923 (UTC)] info/application	[Motor] Distance safe (21.3579189718505); rotating motor to 90 degrees | Severity=75 | SourceName=Motor3 | EventType=application | SourceNode=ns=1;s=MotorSource3
[Anomaly Input] [2026-08-15 16:56:49.931 (UTC)] warn/application	[Motor] Distance too close (4.809359693345316); rotating motor to 0 degrees | Severity=175 | SourceName=Motor2 | EventType=application | SourceNode=ns=1;s=MotorSource2
[Anomaly Input] [2026-08-15 16:56:49.971 (UTC)] info/application	[Sensor] Updated distance: 42.32872897029329 cm | Severity=75 | SourceName=Sensor | EventType=application | SourceNode=ns=1;s=SensorSource
[Anomaly Input] [2026-08-15 16:56:50.376 (UTC)] info/application	[Sensor] Updated distance: 19.094321914526784 cm | Severity=75 | SourceName=Sensor2 | EventType=application | SourceNode=ns=1;s=SensorSource2
[Anomaly Input] [2026-08-15 16:56:50.376 (UTC)] info/application	[Sensor] Updated distance: 22.845600257090105 cm | Severity=75 | SourceName=Sensor3 | EventType=application | SourceNode=ns=1;s=SensorSource3
[Anomaly Input] [2026-08-15 16:56:50.469 (UTC)] info/application	[Motor] Received distance: 42.32872897029329 cm | Severity=75 | SourceName=Motor | EventType=application | SourceNode=ns=1;s=MotorSource
[Anomaly Input] [2026-08-15 16:56:50.469 (UTC)] info/application	[Motor] Distance safe (42.32872897029329); rotating motor to 90 degrees | Severity=75 | SourceName=Motor | EventType=application | SourceNode=ns=1;s=MotorSource
[Anomaly Input] [2026-08-15 16:56:50.923 (UTC)] info/application	[Motor] Received distance: 19.094321914526784 cm | Severity=75 | SourceName=Motor2 | EventType=application | SourceNode=ns=1;s=MotorSource2
[Anomaly Input] [2026-08-15 16:56:50.933 (UTC)] info/application	[Motor] Received distance: 22.845600257090105 cm | Severity=75 | SourceName=Motor3 | EventType=application | SourceNode=ns=1;s=MotorSource3
[Anomaly Input] [2026-08-15 16:56:50.923 (UTC)] warn/application	[Motor] Distance too close (19.094321914526784); rotating motor to 0 degrees | Severity=175 | SourceName=Motor2 | EventType=application | SourceNode=ns=1;s=MotorSource2
[Anomaly Input] [2026-08-15 16:56:50.933 (UTC)] info/application	[Motor] Distance safe (22.845600257090105); rotating motor to 90 degrees | Severity=75 | SourceName=Motor3 | EventType=application | SourceNode=ns=1;s=MotorSource3
[Anomaly Input] [2026-08-15 16:56:50.973 (UTC)] info/application	[Sensor] Updated distance: 38.0992819387928 cm | Severity=75 | SourceName=Sensor | EventType=application | SourceNode=ns=1;s=SensorSource
[Anomaly Input] [2026-08-15 16:56:51.368 (UTC)] info/application	[Sensor] Updated distance: 19.912073039408806 cm | Severity=75 | SourceName=Sensor3 | EventType=application | SourceNode=ns=1;s=SensorSource3
[Anomaly Input] [2026-08-15 16:56:51.378 (UTC)] info/application	[Sensor] Updated distance: 45.49905109940983 cm | Severity=75 | SourceName=Sensor2 | EventType=application | SourceNode=ns=1;s=SensorSource2
[Anomaly Input] [2026-08-15 16:56:51.477 (UTC)] info/application	[Motor] Received distance: 38.0992819387928 cm | Severity=75 | SourceName=Motor | EventType=application | SourceNode=ns=1;s=MotorSource
[Anomaly Input] [2026-08-15 16:56:51.477 (UTC)] info/application	[Motor] Distance safe (38.0992819387928); rotating motor to 90 degrees | Severity=75 | SourceName=Motor | EventType=application | SourceNode=ns=1;s=MotorSource
[Anomaly Input] [2026-08-15 16:56:51.924 (UTC)] info/application	[Motor] Received distance: 19.912073039408806 cm | Severity=75 | SourceName=Motor3 | EventType=application | SourceNode=ns=1;s=MotorSource3
[Anomaly Input] [2026-08-15 16:56:51.932 (UTC)] info/application	[Motor] Received distance: 45.49905109940983 cm | Severity=75 | SourceName=Motor2 | EventType=application | SourceNode=ns=1;s=MotorSource2
[Anomaly Input] [2026-08-15 16:56:51.924 (UTC)] warn/application	[Motor] Distance too close (19.912073039408806); rotating motor to 0 degrees | Severity=175 | SourceName=Motor3 | EventType=application | SourceNode=ns=1;s=MotorSource3
[Anomaly Input] [2026-08-15 16:56:51.932 (UTC)] info/application	[Motor] Distance safe (45.49905109940983); rotating motor to 90 degrees | Severity=75 | SourceName=Motor2 | EventType=application | SourceNode=ns=1;s=MotorSource2
[Anomaly Input] [2026-08-15 16:56:51.975 (UTC)] info/application	[Sensor] Updated distance: 15.35748264070483 cm | Severity=75 | SourceName=Sensor | EventType=application | SourceNode=ns=1;s=SensorSource
[Anomaly Input] [2026-08-15 16:56:52.369 (UTC)] info/application	[Sensor] Updated distance: 19.468284950344025 cm | Severity=75 | SourceName=Sensor3 | EventType=application | SourceNode=ns=1;s=SensorSource3
[Anomaly Input] [2026-08-15 16:56:52.379 (UTC)] info/application	[Sensor] Updated distance: 25.97788492961688 cm | Severity=75 | SourceName=Sensor2 | EventType=application | SourceNode=ns=1;s=SensorSource2
[Anomaly Input] [2026-08-15 16:56:52.478 (UTC)] info/application	[Motor] Received distance: 15.35748264070483 cm | Severity=75 | SourceName=Motor | EventType=application | SourceNode=ns=1;s=MotorSource
[Anomaly Input] [2026-08-15 16:56:52.478 (UTC)] warn/application	[Motor] Distance too close (15.35748264070483); rotating motor to 0 degrees | Severity=175 | SourceName=Motor | EventType=application | SourceNode=ns=1;s=MotorSource
[Anomaly Input] [2026-08-15 16:56:52.915 (UTC)] info/application	[Motor] Received distance: 19.468284950344025 cm | Severity=75 | SourceName=Motor3 | EventType=application | SourceNode=ns=1;s=MotorSource3
[Anomaly Input] [2026-08-15 16:56:52.920 (UTC)] info/application	[Motor] Received distance: 25.97788492961688 cm | Severity=75 | SourceName=Motor2 | EventType=application | SourceNode=ns=1;s=MotorSource2
[Anomaly Input] [2026-08-15 16:56:52.915 (UTC)] warn/application	[Motor] Distance too close (19.468284950344025); rotating motor to 0 degrees | Severity=175 | SourceName=Motor3 | EventType=application | SourceNode=ns=1;s=MotorSource3
[Anomaly Input] [2026-08-15 16:56:52.920 (UTC)] info/application	[Motor] Distance safe (25.97788492961688); rotating motor to 90 degrees | Severity=75 | SourceName=Motor2 | EventType=application | SourceNode=ns=1;s=MotorSource2
[Anomaly Input] [2026-08-15 16:56:52.976 (UTC)] info/application	[Sensor] Updated distance: 16.90612412193144 cm | Severity=75 | SourceName=Sensor | EventType=application | SourceNode=ns=1;s=SensorSource
[Anomaly Input] [2026-08-15 16:56:53.371 (UTC)] info/application	[Sensor] Updated distance: 37.64074675163289 cm | Severity=75 | SourceName=Sensor3 | EventType=application | SourceNode=ns=1;s=SensorSource3
[Anomaly Input] [2026-08-15 16:56:53.370 (UTC)] info/application	[Sensor] Updated distance: 22.86264873522457 cm | Severity=75 | SourceName=Sensor2 | EventType=application | SourceNode=ns=1;s=SensorSource2
[Anomaly Input] [2026-08-15 16:56:53.472 (UTC)] info/application	[Motor] Received distance: 16.90612412193144 cm | Severity=75 | SourceName=Motor | EventType=application | SourceNode=ns=1;s=MotorSource
[Anomaly Input] [2026-08-15 16:56:53.472 (UTC)] warn/application	[Motor] Distance too close (16.90612412193144); rotating motor to 0 degrees | Severity=175 | SourceName=Motor | EventType=application | SourceNode=ns=1;s=MotorSource
[Anomaly Input] [2026-08-15 16:56:53.917 (UTC)] info/application	[Motor] Received distance: 22.86264873522457 cm | Severity=75 | SourceName=Motor2 | EventType=application | SourceNode=ns=1;s=MotorSource2
[Anomaly Input] [2026-08-15 16:56:53.920 (UTC)] info/application	[Motor] Received distance: 37.64074675163289 cm | Severity=75 | SourceName=Motor3 | EventType=application | SourceNode=ns=1;s=MotorSource3
[Anomaly Input] [2026-08-15 16:56:53.917 (UTC)] info/application	[Motor] Distance safe (22.86264873522457); rotating motor to 90 degrees | Severity=75 | SourceName=Motor2 | EventType=application | SourceNode=ns=1;s=MotorSource2
[Anomaly Input] [2026-08-15 16:56:53.920 (UTC)] info/application	[Motor] Distance safe (37.64074675163289); rotating motor to 90 degrees | Severity=75 | SourceName=Motor3 | EventType=application | SourceNode=ns=1;s=MotorSource3
[Anomaly Input] [2026-08-15 16:56:53.967 (UTC)] info/application	[Sensor] Updated distance: 3.9079821193162267 cm | Severity=75 | SourceName=Sensor | EventType=application | SourceNode=ns=1;s=SensorSource
[Anomaly Input] [2026-08-15 16:56:54.372 (UTC)] info/application	[Sensor] Updated distance: 36.70868881917963 cm | Severity=75 | SourceName=Sensor2 | EventType=application | SourceNode=ns=1;s=SensorSource2
[Anomaly Input] [2026-08-15 16:56:54.372 (UTC)] info/application	[Sensor] Updated distance: 5.961877817270288 cm | Severity=75 | SourceName=Sensor3 | EventType=application | SourceNode=ns=1;s=SensorSource3
[Anomaly Input] [2026-08-15 16:56:54.477 (UTC)] info/application	[Motor] Received distance: 3.9079821193162267 cm | Severity=75 | SourceName=Motor | EventType=application | SourceNode=ns=1;s=MotorSource
[Anomaly Input] [2026-08-15 16:56:54.478 (UTC)] warn/application	[Motor] Distance too close (3.9079821193162267); rotating motor to 0 degrees | Severity=175 | SourceName=Motor | EventType=application | SourceNode=ns=1;s=MotorSource
[Anomaly Input] [2026-08-15 16:56:54.920 (UTC)] info/application	[Motor] Received distance: 36.70868881917963 cm | Severity=75 | SourceName=Motor2 | EventType=application | SourceNode=ns=1;s=MotorSource2
[Anomaly Input] [2026-08-15 16:56:54.922 (UTC)] info/application	[Motor] Received distance: 5.961877817270288 cm | Severity=75 | SourceName=Motor3 | EventType=application | SourceNode=ns=1;s=MotorSource3
[Anomaly Input] [2026-08-15 16:56:54.920 (UTC)] info/application	[Motor] Distance safe (36.70868881917963); rotating motor to 90 degrees | Severity=75 | SourceName=Motor2 | EventType=application | SourceNode=ns=1;s=MotorSource2
[Anomaly Input] [2026-08-15 16:56:54.922 (UTC)] warn/application	[Motor] Distance too close (5.961877817270288); rotating motor to 0 degrees | Severity=175 | SourceName=Motor3 | EventType=application | SourceNode=ns=1;s=MotorSource3
[Anomaly Input] [2026-08-15 16:56:54.969 (UTC)] info/application	[Sensor] Updated distance: 38.114843266138266 cm | Severity=75 | SourceName=Sensor | EventType=application | SourceNode=ns=1;s=SensorSource
[Anomaly Input] [2026-08-15 16:56:55.374 (UTC)] info/application	[Sensor] Updated distance: 40.72895488456308 cm | Severity=75 | SourceName=Sensor3 | EventType=application | SourceNode=ns=1;s=SensorSource3
[Anomaly Input] [2026-08-15 16:56:55.374 (UTC)] info/application	[Sensor] Updated distance: 2.655015178329784 cm | Severity=75 | SourceName=Sensor2 | EventType=application | SourceNode=ns=1;s=SensorSource2
[Anomaly Input] [2026-08-15 16:56:55.475 (UTC)] info/application	[Motor] Received distance: 38.114843266138266 cm | Severity=75 | SourceName=Motor | EventType=application | SourceNode=ns=1;s=MotorSource
[Anomaly Input] [2026-08-15 16:56:55.475 (UTC)] info/application	[Motor] Distance safe (38.114843266138266); rotating motor to 90 degrees | Severity=75 | SourceName=Motor | EventType=application | SourceNode=ns=1;s=MotorSource
[Anomaly Input] [2026-08-15 16:56:55.920 (UTC)] info/application	[Motor] Received distance: 40.72895488456308 cm | Severity=75 | SourceName=Motor3 | EventType=application | SourceNode=ns=1;s=MotorSource3
[Anomaly Input] [2026-08-15 16:56:55.920 (UTC)] info/application	[Motor] Received distance: 2.655015178329784 cm | Severity=75 | SourceName=Motor2 | EventType=application | SourceNode=ns=1;s=MotorSource2
[Anomaly Input] [2026-08-15 16:56:55.920 (UTC)] info/application	[Motor] Distance safe (40.72895488456308); rotating motor to 90 degrees | Severity=75 | SourceName=Motor3 | EventType=application | SourceNode=ns=1;s=MotorSource3
[Anomaly Input] [2026-08-15 16:56:55.920 (UTC)] warn/application	[Motor] Distance too close (2.655015178329784); rotating motor to 0 degrees | Severity=175 | SourceName=Motor2 | EventType=application | SourceNode=ns=1;s=MotorSource2
[Anomaly Input] [2026-08-15 16:56:55.970 (UTC)] info/application	[Sensor] Updated distance: 13.879553666282236 cm | Severity=75 | SourceName=Sensor | EventType=application | SourceNode=ns=1;s=SensorSource
[Anomaly Input] [2026-08-15 16:56:56.375 (UTC)] info/application	[Sensor] Updated distance: 34.66301246018289 cm | Severity=75 | SourceName=Sensor2 | EventType=application | SourceNode=ns=1;s=SensorSource2
[Anomaly Input] [2026-08-15 16:56:56.375 (UTC)] info/application	[Sensor] Updated distance: 36.58764086039161 cm | Severity=75 | SourceName=Sensor3 | EventType=application | SourceNode=ns=1;s=SensorSource3
[Anomaly Input] [2026-08-15 16:56:56.466 (UTC)] info/application	[Motor] Received distance: 13.879553666282236 cm | Severity=75 | SourceName=Motor | EventType=application | SourceNode=ns=1;s=MotorSource
[Anomaly Input] [2026-08-15 16:56:56.466 (UTC)] warn/application	[Motor] Distance too close (13.879553666282236); rotating motor to 0 degrees | Severity=175 | SourceName=Motor | EventType=application | SourceNode=ns=1;s=MotorSource
[Anomaly Input] [2026-08-15 16:56:56.930 (UTC)] info/application	[Motor] Received distance: 34.66301246018289 cm | Severity=75 | SourceName=Motor2 | EventType=application | SourceNode=ns=1;s=MotorSource2
[Anomaly Input] [2026-08-15 16:56:56.930 (UTC)] info/application	[Motor] Received distance: 36.58764086039161 cm | Severity=75 | SourceName=Motor3 | EventType=application | SourceNode=ns=1;s=MotorSource3
[Anomaly Input] [2026-08-15 16:56:56.930 (UTC)] info/application	[Motor] Distance safe (34.66301246018289); rotating motor to 90 degrees | Severity=75 | SourceName=Motor2 | EventType=application | SourceNode=ns=1;s=MotorSource2
[Anomaly Input] [2026-08-15 16:56:56.930 (UTC)] info/application	[Motor] Distance safe (36.58764086039161); rotating motor to 90 degrees | Severity=75 | SourceName=Motor3 | EventType=application | SourceNode=ns=1;s=MotorSource3
[Anomaly Input] [2026-08-15 16:56:56.972 (UTC)] info/application	[Sensor] Updated distance: 34.80551880635578 cm | Severity=75 | SourceName=Sensor | EventType=application | SourceNode=ns=1;s=SensorSource
[Anomaly Input] [2026-08-15 16:56:57.377 (UTC)] info/application	[Sensor] Updated distance: 44.43896621206727 cm | Severity=75 | SourceName=Sensor2 | EventType=application | SourceNode=ns=1;s=SensorSource2
[Anomaly Input] [2026-08-15 16:56:57.377 (UTC)] info/application	[Sensor] Updated distance: 10.960776251256826 cm | Severity=75 | SourceName=Sensor3 | EventType=application | SourceNode=ns=1;s=SensorSource3
[Anomaly Input] [2026-08-15 16:56:57.476 (UTC)] info/application	[Motor] Received distance: 34.80551880635578 cm | Severity=75 | SourceName=Motor | EventType=application | SourceNode=ns=1;s=MotorSource
[Anomaly Input] [2026-08-15 16:56:57.476 (UTC)] info/application	[Motor] Distance safe (34.80551880635578); rotating motor to 90 degrees | Severity=75 | SourceName=Motor | EventType=application | SourceNode=ns=1;s=MotorSource
[Anomaly Input] [2026-08-15 16:56:57.923 (UTC)] info/application	[Motor] Received distance: 10.960776251256826 cm | Severity=75 | SourceName=Motor3 | EventType=application | SourceNode=ns=1;s=MotorSource3
[Anomaly Input] [2026-08-15 16:56:57.923 (UTC)] info/application	[Motor] Received distance: 44.43896621206727 cm | Severity=75 | SourceName=Motor2 | EventType=application | SourceNode=ns=1;s=MotorSource2
[Anomaly Input] [2026-08-15 16:56:57.923 (UTC)] warn/application	[Motor] Distance too close (10.960776251256826); rotating motor to 0 degrees | Severity=175 | SourceName=Motor3 | EventType=application | SourceNode=ns=1;s=MotorSource3
[Anomaly Input] [2026-08-15 16:56:57.923 (UTC)] info/application	[Motor] Distance safe (44.43896621206727); rotating motor to 90 degrees | Severity=75 | SourceName=Motor2 | EventType=application | SourceNode=ns=1;s=MotorSource2
[Anomaly Input] [2026-08-15 16:56:57.974 (UTC)] info/application	[Sensor] Updated distance: 5.678509900196692 cm | Severity=75 | SourceName=Sensor | EventType=application | SourceNode=ns=1;s=SensorSource
[Anomaly Input] [2026-08-15 16:56:58.368 (UTC)] info/application	[Sensor] Updated distance: 10.796986107154277 cm | Severity=75 | SourceName=Sensor3 | EventType=application | SourceNode=ns=1;s=SensorSource3
[Anomaly Input] [2026-08-15 16:56:58.378 (UTC)] info/application	[Sensor] Updated distance: 30.581434784727836 cm | Severity=75 | SourceName=Sensor2 | EventType=application | SourceNode=ns=1;s=SensorSource2
[Anomaly Input] [2026-08-15 16:56:58.478 (UTC)] info/application	[Motor] Received distance: 5.678509900196692 cm | Severity=75 | SourceName=Motor | EventType=application | SourceNode=ns=1;s=MotorSource
[Anomaly Input] [2026-08-15 16:56:58.478 (UTC)] warn/application	[Motor] Distance too close (5.678509900196692); rotating motor to 0 degrees | Severity=175 | SourceName=Motor | EventType=application | SourceNode=ns=1;s=MotorSource
[Anomaly Input] [2026-08-15 16:56:58.915 (UTC)] info/application	[Motor] Received distance: 30.581434784727836 cm | Severity=75 | SourceName=Motor2 | EventType=application | SourceNode=ns=1;s=MotorSource2
[Anomaly Input] [2026-08-15 16:56:58.915 (UTC)] info/application	[Motor] Received distance: 10.796986107154277 cm | Severity=75 | SourceName=Motor3 | EventType=application | SourceNode=ns=1;s=MotorSource3
[Anomaly Input] [2026-08-15 16:56:58.915 (UTC)] info/application	[Motor] Distance safe (30.581434784727836); rotating motor to 90 degrees | Severity=75 | SourceName=Motor2 | EventType=application | SourceNode=ns=1;s=MotorSource2
[Anomaly Input] [2026-08-15 16:56:58.915 (UTC)] warn/application	[Motor] Distance too close (10.796986107154277); rotating motor to 0 degrees | Severity=175 | SourceName=Motor3 | EventType=application | SourceNode=ns=1;s=MotorSource3
[Anomaly Input] [2026-08-15 16:56:58.975 (UTC)] info/application	[Sensor] Updated distance: 16.982272147658406 cm | Severity=75 | SourceName=Sensor | EventType=application | SourceNode=ns=1;s=SensorSource
[Anomaly Input] [2026-08-15 16:56:59.370 (UTC)] info/application	[Sensor] Updated distance: 5.879983985740684 cm | Severity=75 | SourceName=Sensor3 | EventType=application | SourceNode=ns=1;s=SensorSource3
[Anomaly Input] [2026-08-15 16:56:59.370 (UTC)] info/application	[Sensor] Updated distance: 38.83380485551143 cm | Severity=75 | SourceName=Sensor2 | EventType=application | SourceNode=ns=1;s=SensorSource2
[Anomaly Input] [2026-08-15 16:56:59.471 (UTC)] info/application	[Motor] Received distance: 16.982272147658406 cm | Severity=75 | SourceName=Motor | EventType=application | SourceNode=ns=1;s=MotorSource
[Anomaly Input] [2026-08-15 16:56:59.471 (UTC)] warn/application	[Motor] Distance too close (16.982272147658406); rotating motor to 0 degrees | Severity=175 | SourceName=Motor | EventType=application | SourceNode=ns=1;s=MotorSource
[Anomaly Input] [2026-08-15 16:56:59.920 (UTC)] info/application	[Motor] Received distance: 38.83380485551143 cm | Severity=75 | SourceName=Motor2 | EventType=application | SourceNode=ns=1;s=MotorSource2
[Anomaly Input] [2026-08-15 16:56:59.921 (UTC)] info/application	[Motor] Received distance: 5.879983985740684 cm | Severity=75 | SourceName=Motor3 | EventType=application | SourceNode=ns=1;s=MotorSource3
[Anomaly Input] [2026-08-15 16:56:59.920 (UTC)] info/application	[Motor] Distance safe (38.83380485551143); rotating motor to 90 degrees | Severity=75 | SourceName=Motor2 | EventType=application | SourceNode=ns=1;s=MotorSource2
[Anomaly Input] [2026-08-15 16:56:59.921 (UTC)] warn/application	[Motor] Distance too close (5.879983985740684); rotating motor to 0 degrees | Severity=175 | SourceName=Motor3 | EventType=application | SourceNode=ns=1;s=MotorSource3
[Anomaly Input] [2026-08-15 16:56:59.967 (UTC)] info/application	[Sensor] Updated distance: 21.717724816742223 cm | Severity=75 | SourceName=Sensor | EventType=application | SourceNode=ns=1;s=SensorSource
[Anomaly Input] [2026-08-15 16:57:00.372 (UTC)] info/application	[Sensor] Updated distance: 36.28302479641653 cm | Severity=75 | SourceName=Sensor2 | EventType=application | SourceNode=ns=1;s=SensorSource2
[Anomaly Input] [2026-08-15 16:57:00.372 (UTC)] info/application	[Sensor] Updated distance: 32.24707391031416 cm | Severity=75 | SourceName=Sensor3 | EventType=application | SourceNode=ns=1;s=SensorSource3
[Anomaly Input] [2026-08-15 16:57:00.477 (UTC)] info/application	[Motor] Received distance: 21.717724816742223 cm | Severity=75 | SourceName=Motor | EventType=application | SourceNode=ns=1;s=MotorSource
[Anomaly Input] [2026-08-15 16:57:00.477 (UTC)] info/application	[Motor] Distance safe (21.717724816742223); rotating motor to 90 degrees | Severity=75 | SourceName=Motor | EventType=application | SourceNode=ns=1;s=MotorSource
[Anomaly Input] [2026-08-15 16:57:00.918 (UTC)] info/application	[Motor] Received distance: 32.24707391031416 cm | Severity=75 | SourceName=Motor3 | EventType=application | SourceNode=ns=1;s=MotorSource3
[Anomaly Input] [2026-08-15 16:57:00.918 (UTC)] info/application	[Motor] Received distance: 36.28302479641653 cm | Severity=75 | SourceName=Motor2 | EventType=application | SourceNode=ns=1;s=MotorSource2
[Anomaly Input] [2026-08-15 16:57:00.918 (UTC)] info/application	[Motor] Distance safe (32.24707391031416); rotating motor to 90 degrees | Severity=75 | SourceName=Motor3 | EventType=application | SourceNode=ns=1;s=MotorSource3
[Anomaly Input] [2026-08-15 16:57:00.918 (UTC)] info/application	[Motor] Distance safe (36.28302479641653); rotating motor to 90 degrees | Severity=75 | SourceName=Motor2 | EventType=application | SourceNode=ns=1;s=MotorSource2
[Anomaly Input] [2026-08-15 16:57:00.969 (UTC)] info/application	[Sensor] Updated distance: 18.69111658664938 cm | Severity=75 | SourceName=Sensor | EventType=application | SourceNode=ns=1;s=SensorSource
[Anomaly Input] [2026-08-15 16:57:01.373 (UTC)] info/application	[Sensor] Updated distance: 7.731629657434127 cm | Severity=75 | SourceName=Sensor3 | EventType=application | SourceNode=ns=1;s=SensorSource3
[Anomaly Input] [2026-08-15 16:57:01.373 (UTC)] info/application	[Sensor] Updated distance: 37.95087084358133 cm | Severity=75 | SourceName=Sensor2 | EventType=application | SourceNode=ns=1;s=SensorSource2
[Anomaly Input] [2026-08-15 16:57:01.475 (UTC)] info/application	[Motor] Received distance: 18.69111658664938 cm | Severity=75 | SourceName=Motor | EventType=application | SourceNode=ns=1;s=MotorSource
[Anomaly Input] [2026-08-15 16:57:01.475 (UTC)] warn/application	[Motor] Distance too close (18.69111658664938); rotating motor to 0 degrees | Severity=175 | SourceName=Motor | EventType=application | SourceNode=ns=1;s=MotorSource
[Anomaly Input] [2026-08-15 16:57:01.920 (UTC)] info/application	[Motor] Received distance: 7.731629657434127 cm | Severity=75 | SourceName=Motor3 | EventType=application | SourceNode=ns=1;s=MotorSource3
[Anomaly Input] [2026-08-15 16:57:01.920 (UTC)] info/application	[Motor] Received distance: 37.95087084358133 cm | Severity=75 | SourceName=Motor2 | EventType=application | SourceNode=ns=1;s=MotorSource2
[Anomaly Input] [2026-08-15 16:57:01.920 (UTC)] warn/application	[Motor] Distance too close (7.731629657434127); rotating motor to 0 degrees | Severity=175 | SourceName=Motor3 | EventType=application | SourceNode=ns=1;s=MotorSource3
[Anomaly Input] [2026-08-15 16:57:01.920 (UTC)] info/application	[Motor] Distance safe (37.95087084358133); rotating motor to 90 degrees | Severity=75 | SourceName=Motor2 | EventType=application | SourceNode=ns=1;s=MotorSource2
[Anomaly Input] [2026-08-15 16:57:01.970 (UTC)] info/application	[Sensor] Updated distance: 45.48864383785456 cm | Severity=75 | SourceName=Sensor | EventType=application | SourceNode=ns=1;s=SensorSource
[Anomaly Input] [2026-08-15 16:57:02.375 (UTC)] info/application	[Sensor] Updated distance: 23.959881301019283 cm | Severity=75 | SourceName=Sensor2 | EventType=application | SourceNode=ns=1;s=SensorSource2
[Anomaly Input] [2026-08-15 16:57:02.375 (UTC)] info/application	[Sensor] Updated distance: 27.71254261290307 cm | Severity=75 | SourceName=Sensor3 | EventType=application | SourceNode=ns=1;s=SensorSource3
[Anomaly Input] [2026-08-15 16:57:02.477 (UTC)] info/application	[Motor] Received distance: 45.48864383785456 cm | Severity=75 | SourceName=Motor | EventType=application | SourceNode=ns=1;s=MotorSource
[Anomaly Input] [2026-08-15 16:57:02.477 (UTC)] info/application	[Motor] Distance safe (45.48864383785456); rotating motor to 90 degrees | Severity=75 | SourceName=Motor | EventType=application | SourceNode=ns=1;s=MotorSource
[Anomaly Input] [2026-08-15 16:57:02.922 (UTC)] info/application	[Motor] Received distance: 27.71254261290307 cm | Severity=75 | SourceName=Motor3 | EventType=application | SourceNode=ns=1;s=MotorSource3
[Anomaly Input] [2026-08-15 16:57:02.930 (UTC)] info/application	[Motor] Received distance: 23.959881301019283 cm | Severity=75 | SourceName=Motor2 | EventType=application | SourceNode=ns=1;s=MotorSource2
[Anomaly Input] [2026-08-15 16:57:02.922 (UTC)] info/application	[Motor] Distance safe (27.71254261290307); rotating motor to 90 degrees | Severity=75 | SourceName=Motor3 | EventType=application | SourceNode=ns=1;s=MotorSource3
[Anomaly Input] [2026-08-15 16:57:02.930 (UTC)] info/application	[Motor] Distance safe (23.959881301019283); rotating motor to 90 degrees | Severity=75 | SourceName=Motor2 | EventType=application | SourceNode=ns=1;s=MotorSource2
[Anomaly Input] [2026-08-15 16:57:02.972 (UTC)] info/application	[Sensor] Updated distance: 40.67641298038718 cm | Severity=75 | SourceName=Sensor | EventType=application | SourceNode=ns=1;s=SensorSource
[Anomaly Input] [2026-08-15 16:57:03.376 (UTC)] info/application	[Sensor] Updated distance: 40.31203573491053 cm | Severity=75 | SourceName=Sensor2 | EventType=application | SourceNode=ns=1;s=SensorSource2
[Anomaly Input] [2026-08-15 16:57:03.376 (UTC)] info/application	[Sensor] Updated distance: 41.34207769080162 cm | Severity=75 | SourceName=Sensor3 | EventType=application | SourceNode=ns=1;s=SensorSource3
[Anomaly Input] [2026-08-15 16:57:03.468 (UTC)] info/application	[Motor] Received distance: 40.67641298038718 cm | Severity=75 | SourceName=Motor | EventType=application | SourceNode=ns=1;s=MotorSource
[Anomaly Input] [2026-08-15 16:57:03.468 (UTC)] info/application	[Motor] Distance safe (40.67641298038718); rotating motor to 90 degrees | Severity=75 | SourceName=Motor | EventType=application | SourceNode=ns=1;s=MotorSource
[Anomaly Input] [2026-08-15 16:57:03.923 (UTC)] info/application	[Motor] Received distance: 40.31203573491053 cm | Severity=75 | SourceName=Motor2 | EventType=application | SourceNode=ns=1;s=MotorSource2
[Anomaly Input] [2026-08-15 16:57:03.931 (UTC)] info/application	[Motor] Received distance: 41.34207769080162 cm | Severity=75 | SourceName=Motor3 | EventType=application | SourceNode=ns=1;s=MotorSource3
[Anomaly Input] [2026-08-15 16:57:03.923 (UTC)] info/application	[Motor] Distance safe (40.31203573491053); rotating motor to 90 degrees | Severity=75 | SourceName=Motor2 | EventType=application | SourceNode=ns=1;s=MotorSource2
[Anomaly Input] [2026-08-15 16:57:03.931 (UTC)] info/application	[Motor] Distance safe (41.34207769080162); rotating motor to 90 degrees | Severity=75 | SourceName=Motor3 | EventType=application | SourceNode=ns=1;s=MotorSource3
[Anomaly Input] [2026-08-15 16:57:03.973 (UTC)] info/application	[Sensor] Updated distance: 11.470130358575904 cm | Severity=75 | SourceName=Sensor | EventType=application | SourceNode=ns=1;s=SensorSource
[Anomaly Input] [2026-08-15 16:57:04.368 (UTC)] info/application	[Sensor] Updated distance: 8.283660124188131 cm | Severity=75 | SourceName=Sensor3 | EventType=application | SourceNode=ns=1;s=SensorSource3
[Anomaly Input] [2026-08-15 16:57:04.378 (UTC)] info/application	[Sensor] Updated distance: 40.489877569717294 cm | Severity=75 | SourceName=Sensor2 | EventType=application | SourceNode=ns=1;s=SensorSource2
[Anomaly Input] [2026-08-15 16:57:04.477 (UTC)] info/application	[Motor] Received distance: 11.470130358575904 cm | Severity=75 | SourceName=Motor | EventType=application | SourceNode=ns=1;s=MotorSource
[Anomaly Input] [2026-08-15 16:57:04.477 (UTC)] warn/application	[Motor] Distance too close (11.470130358575904); rotating motor to 0 degrees | Severity=175 | SourceName=Motor | EventType=application | SourceNode=ns=1;s=MotorSource
[Anomaly Input] [2026-08-15 16:57:04.924 (UTC)] info/application	[Motor] Received distance: 8.283660124188131 cm | Severity=75 | SourceName=Motor3 | EventType=application | SourceNode=ns=1;s=MotorSource3
[Anomaly Input] [2026-08-15 16:57:04.931 (UTC)] info/application	[Motor] Received distance: 40.489877569717294 cm | Severity=75 | SourceName=Motor2 | EventType=application | SourceNode=ns=1;s=MotorSource2
[Anomaly Input] [2026-08-15 16:57:04.924 (UTC)] warn/application	[Motor] Distance too close (8.283660124188131); rotating motor to 0 degrees | Severity=175 | SourceName=Motor3 | EventType=application | SourceNode=ns=1;s=MotorSource3
[Anomaly Input] [2026-08-15 16:57:04.931 (UTC)] info/application	[Motor] Distance safe (40.489877569717294); rotating motor to 90 degrees | Severity=75 | SourceName=Motor2 | EventType=application | SourceNode=ns=1;s=MotorSource2
[Anomaly Input] [2026-08-15 16:57:04.975 (UTC)] info/application	[Sensor] Updated distance: 11.52117780294324 cm | Severity=75 | SourceName=Sensor | EventType=application | SourceNode=ns=1;s=SensorSource
[Anomaly Input] [2026-08-15 16:57:05.370 (UTC)] info/application	[Sensor] Updated distance: 24.15259468841953 cm | Severity=75 | SourceName=Sensor3 | EventType=application | SourceNode=ns=1;s=SensorSource3
[Anomaly Input] [2026-08-15 16:57:05.380 (UTC)] info/application	[Sensor] Updated distance: 18.08338430527755 cm | Severity=75 | SourceName=Sensor2 | EventType=application | SourceNode=ns=1;s=SensorSource2
[Anomaly Input] [2026-08-15 16:57:05.471 (UTC)] info/application	[Motor] Received distance: 11.52117780294324 cm | Severity=75 | SourceName=Motor | EventType=application | SourceNode=ns=1;s=MotorSource
[Anomaly Input] [2026-08-15 16:57:05.471 (UTC)] warn/application	[Motor] Distance too close (11.52117780294324); rotating motor to 0 degrees | Severity=175 | SourceName=Motor | EventType=application | SourceNode=ns=1;s=MotorSource
[Anomaly Input] [2026-08-15 16:57:05.916 (UTC)] info/application	[Motor] Received distance: 24.15259468841953 cm | Severity=75 | SourceName=Motor3 | EventType=application | SourceNode=ns=1;s=MotorSource3
[Anomaly Input] [2026-08-15 16:57:05.920 (UTC)] info/application	[Motor] Received distance: 18.08338430527755 cm | Severity=75 | SourceName=Motor2 | EventType=application | SourceNode=ns=1;s=MotorSource2
[Anomaly Input] [2026-08-15 16:57:05.916 (UTC)] info/application	[Motor] Distance safe (24.15259468841953); rotating motor to 90 degrees | Severity=75 | SourceName=Motor3 | EventType=application | SourceNode=ns=1;s=MotorSource3
[Anomaly Input] [2026-08-15 16:57:05.920 (UTC)] warn/application	[Motor] Distance too close (18.08338430527755); rotating motor to 0 degrees | Severity=175 | SourceName=Motor2 | EventType=application | SourceNode=ns=1;s=MotorSource2
[Anomaly Input] [2026-08-15 16:57:05.967 (UTC)] info/application	[Sensor] Updated distance: 24.534457925024654 cm | Severity=75 | SourceName=Sensor | EventType=application | SourceNode=ns=1;s=SensorSource
[Anomaly Input] [2026-08-15 16:57:06.372 (UTC)] info/application	[Sensor] Updated distance: 8.899582642549454 cm | Severity=75 | SourceName=Sensor2 | EventType=application | SourceNode=ns=1;s=SensorSource2
[Anomaly Input] [2026-08-15 16:57:06.372 (UTC)] info/application	[Sensor] Updated distance: 18.13275460905058 cm | Severity=75 | SourceName=Sensor3 | EventType=application | SourceNode=ns=1;s=SensorSource3
[Anomaly Input] [2026-08-15 16:57:06.478 (UTC)] info/application	[Motor] Received distance: 24.534457925024654 cm | Severity=75 | SourceName=Motor | EventType=application | SourceNode=ns=1;s=MotorSource
[Anomaly Input] [2026-08-15 16:57:06.478 (UTC)] info/application	[Motor] Distance safe (24.534457925024654); rotating motor to 90 degrees | Severity=75 | SourceName=Motor | EventType=application | SourceNode=ns=1;s=MotorSource
[Anomaly Input] [2026-08-15 16:57:06.918 (UTC)] info/application	[Motor] Received distance: 8.899582642549454 cm | Severity=75 | SourceName=Motor2 | EventType=application | SourceNode=ns=1;s=MotorSource2
[Anomaly Input] [2026-08-15 16:57:06.920 (UTC)] info/application	[Motor] Received distance: 18.13275460905058 cm | Severity=75 | SourceName=Motor3 | EventType=application | SourceNode=ns=1;s=MotorSource3
[Anomaly Input] [2026-08-15 16:57:06.918 (UTC)] warn/application	[Motor] Distance too close (8.899582642549454); rotating motor to 0 degrees | Severity=175 | SourceName=Motor2 | EventType=application | SourceNode=ns=1;s=MotorSource2
[Anomaly Input] [2026-08-15 16:57:06.920 (UTC)] warn/application	[Motor] Distance too close (18.13275460905058); rotating motor to 0 degrees | Severity=175 | SourceName=Motor3 | EventType=application | SourceNode=ns=1;s=MotorSource3
[Anomaly Input] [2026-08-15 16:57:06.969 (UTC)] info/application	[Sensor] Updated distance: 39.11539457976603 cm | Severity=75 | SourceName=Sensor | EventType=application | SourceNode=ns=1;s=SensorSource
[Anomaly Input] [2026-08-15 16:57:07.373 (UTC)] info/application	[Sensor] Updated distance: 41.80518778776991 cm | Severity=75 | SourceName=Sensor2 | EventType=application | SourceNode=ns=1;s=SensorSource2
[Anomaly Input] [2026-08-15 16:57:07.373 (UTC)] info/application	[Sensor] Updated distance: 37.48370777232745 cm | Severity=75 | SourceName=Sensor3 | EventType=application | SourceNode=ns=1;s=SensorSource3
[Anomaly Input] [2026-08-15 16:57:07.474 (UTC)] info/application	[Motor] Received distance: 39.11539457976603 cm | Severity=75 | SourceName=Motor | EventType=application | SourceNode=ns=1;s=MotorSource
[Anomaly Input] [2026-08-15 16:57:07.474 (UTC)] info/application	[Motor] Distance safe (39.11539457976603); rotating motor to 90 degrees | Severity=75 | SourceName=Motor | EventType=application | SourceNode=ns=1;s=MotorSource
[Anomaly Input] [2026-08-15 16:57:07.920 (UTC)] info/application	[Motor] Received distance: 37.48370777232745 cm | Severity=75 | SourceName=Motor3 | EventType=application | SourceNode=ns=1;s=MotorSource3
[Anomaly Input] [2026-08-15 16:57:07.920 (UTC)] info/application	[Motor] Received distance: 41.80518778776991 cm | Severity=75 | SourceName=Motor2 | EventType=application | SourceNode=ns=1;s=MotorSource2
[Anomaly Input] [2026-08-15 16:57:07.920 (UTC)] info/application	[Motor] Distance safe (37.48370777232745); rotating motor to 90 degrees | Severity=75 | SourceName=Motor3 | EventType=application | SourceNode=ns=1;s=MotorSource3
[Anomaly Input] [2026-08-15 16:57:07.920 (UTC)] info/application	[Motor] Distance safe (41.80518778776991); rotating motor to 90 degrees | Severity=75 | SourceName=Motor2 | EventType=application | SourceNode=ns=1;s=MotorSource2
[Anomaly Input] [2026-08-15 16:57:07.970 (UTC)] info/application	[Sensor] Updated distance: 7.95283425131479 cm | Severity=75 | SourceName=Sensor | EventType=application | SourceNode=ns=1;s=SensorSource
[Anomaly Input] [2026-08-15 16:57:08.096 (UTC)] warn/application	[Motor] Distance too close (4.3); rotating motor to 0 degrees | Severity=175 | SourceName=Motor | EventType=application | SourceNode=null
[Anomaly Input] [2026-08-15 16:57:08.096 (UTC)] warn/application	[Motor] Distance too close (4.3); rotating motor to 0 degrees | Severity=175 | SourceName=Motor3 | EventType=application | SourceNode=null
[Anomaly Input] [2026-08-15 16:57:08.096 (UTC)] warn/application	[Motor] Distance too close (4.3); rotating motor to 0 degrees | Severity=175 | SourceName=Motor2 | EventType=application | SourceNode=null
[Anomaly Input] [2026-08-15 16:57:08.375 (UTC)] info/application	[Sensor] Updated distance: 39.689114260342485 cm | Severity=75 | SourceName=Sensor3 | EventType=application | SourceNode=ns=1;s=SensorSource3
[Anomaly Input] [2026-08-15 16:57:08.375 (UTC)] info/application	[Sensor] Updated distance: 28.305250075787885 cm | Severity=75 | SourceName=Sensor2 | EventType=application | SourceNode=ns=1;s=SensorSource2
[Anomaly Input] [2026-08-15 16:57:08.477 (UTC)] info/application	[Motor] Received distance: 7.95283425131479 cm | Severity=75 | SourceName=Motor | EventType=application | SourceNode=ns=1;s=MotorSource
[Anomaly Input] [2026-08-15 16:57:08.477 (UTC)] warn/application	[Motor] Distance too close (7.95283425131479); rotating motor to 0 degrees | Severity=175 | SourceName=Motor | EventType=application | SourceNode=ns=1;s=MotorSource
[Anomaly Input] [2026-08-15 16:57:08.922 (UTC)] info/application	[Motor] Received distance: 39.689114260342485 cm | Severity=75 | SourceName=Motor3 | EventType=application | SourceNode=ns=1;s=MotorSource3
[Anomaly Input] [2026-08-15 16:57:08.930 (UTC)] info/application	[Motor] Received distance: 28.305250075787885 cm | Severity=75 | SourceName=Motor2 | EventType=application | SourceNode=ns=1;s=MotorSource2
[Anomaly Input] [2026-08-15 16:57:08.922 (UTC)] info/application	[Motor] Distance safe (39.689114260342485); rotating motor to 90 degrees | Severity=75 | SourceName=Motor3 | EventType=application | SourceNode=ns=1;s=MotorSource3
[Anomaly Input] [2026-08-15 16:57:08.930 (UTC)] info/application	[Motor] Distance safe (28.305250075787885); rotating motor to 90 degrees | Severity=75 | SourceName=Motor2 | EventType=application | SourceNode=ns=1;s=MotorSource2
[Anomaly Input] [2026-08-15 16:57:08.971 (UTC)] info/application	[Sensor] Updated distance: 26.163128029631043 cm | Severity=75 | SourceName=Sensor | EventType=application | SourceNode=ns=1;s=SensorSource
[Anomaly Input] [2026-08-15 16:57:09.376 (UTC)] info/application	[Sensor] Updated distance: 11.488140028663045 cm | Severity=75 | SourceName=Sensor3 | EventType=application | SourceNode=ns=1;s=SensorSource3
[Anomaly Input] [2026-08-15 16:57:09.376 (UTC)] info/application	[Sensor] Updated distance: 46.86141448321818 cm | Severity=75 | SourceName=Sensor2 | EventType=application | SourceNode=ns=1;s=SensorSource2
[Anomaly Input] [2026-08-15 16:57:09.468 (UTC)] info/application	[Motor] Received distance: 26.163128029631043 cm | Severity=75 | SourceName=Motor | EventType=application | SourceNode=ns=1;s=MotorSource
[Anomaly Input] [2026-08-15 16:57:09.468 (UTC)] info/application	[Motor] Distance safe (26.163128029631043); rotating motor to 90 degrees | Severity=75 | SourceName=Motor | EventType=application | SourceNode=ns=1;s=MotorSource
[Anomaly Input] [2026-08-15 16:57:09.922 (UTC)] info/application	[Motor] Received distance: 46.86141448321818 cm | Severity=75 | SourceName=Motor2 | EventType=application | SourceNode=ns=1;s=MotorSource2
[Anomaly Input] [2026-08-15 16:57:09.932 (UTC)] info/application	[Motor] Received distance: 11.488140028663045 cm | Severity=75 | SourceName=Motor3 | EventType=application | SourceNode=ns=1;s=MotorSource3
[Anomaly Input] [2026-08-15 16:57:09.922 (UTC)] info/application	[Motor] Distance safe (46.86141448321818); rotating motor to 90 degrees | Severity=75 | SourceName=Motor2 | EventType=application | SourceNode=ns=1;s=MotorSource2
[Anomaly Input] [2026-08-15 16:57:09.932 (UTC)] warn/application	[Motor] Distance too close (11.488140028663045); rotating motor to 0 degrees | Severity=175 | SourceName=Motor3 | EventType=application | SourceNode=ns=1;s=MotorSource3
[Anomaly Input] [2026-08-15 16:57:09.973 (UTC)] info/application	[Sensor] Updated distance: 22.731320405719483 cm | Severity=75 | SourceName=Sensor | EventType=application | SourceNode=ns=1;s=SensorSource
[Anomaly Input] [2026-08-15 16:57:10.368 (UTC)] info/application	[Sensor] Updated distance: 4.446437680370378 cm | Severity=75 | SourceName=Sensor3 | EventType=application | SourceNode=ns=1;s=SensorSource3
[Anomaly Input] [2026-08-15 16:57:10.378 (UTC)] info/application	[Sensor] Updated distance: 2.9769313339967893 cm | Severity=75 | SourceName=Sensor2 | EventType=application | SourceNode=ns=1;s=SensorSource2
[Anomaly Input] [2026-08-15 16:57:10.477 (UTC)] info/application	[Motor] Received distance: 22.731320405719483 cm | Severity=75 | SourceName=Motor | EventType=application | SourceNode=ns=1;s=MotorSource
[Anomaly Input] [2026-08-15 16:57:10.477 (UTC)] info/application	[Motor] Distance safe (22.731320405719483); rotating motor to 90 degrees | Severity=75 | SourceName=Motor | EventType=application | SourceNode=ns=1;s=MotorSource
[Anomaly Input] [2026-08-15 16:57:10.915 (UTC)] info/application	[Motor] Received distance: 2.9769313339967893 cm | Severity=75 | SourceName=Motor2 | EventType=application | SourceNode=ns=1;s=MotorSource2
[Anomaly Input] [2026-08-15 16:57:10.922 (UTC)] info/application	[Motor] Received distance: 4.446437680370378 cm | Severity=75 | SourceName=Motor3 | EventType=application | SourceNode=ns=1;s=MotorSource3
[Anomaly Input] [2026-08-15 16:57:10.915 (UTC)] warn/application	[Motor] Distance too close (2.9769313339967893); rotating motor to 0 degrees | Severity=175 | SourceName=Motor2 | EventType=application | SourceNode=ns=1;s=MotorSource2
[Anomaly Input] [2026-08-15 16:57:10.922 (UTC)] warn/application	[Motor] Distance too close (4.446437680370378); rotating motor to 0 degrees | Severity=175 | SourceName=Motor3 | EventType=application | SourceNode=ns=1;s=MotorSource3
[Anomaly Input] [2026-08-15 16:57:10.976 (UTC)] info/application	[Sensor] Updated distance: 2.1794912592412397 cm | Severity=75 | SourceName=Sensor | EventType=application | SourceNode=ns=1;s=SensorSource
[Anomaly Input] [2026-08-15 16:57:11.370 (UTC)] info/application	[Sensor] Updated distance: 27.417525057409666 cm | Severity=75 | SourceName=Sensor3 | EventType=application | SourceNode=ns=1;s=SensorSource3
[Anomaly Input] [2026-08-15 16:57:11.370 (UTC)] info/application	[Sensor] Updated distance: 48.16731660727752 cm | Severity=75 | SourceName=Sensor2 | EventType=application | SourceNode=ns=1;s=SensorSource2
[Anomaly Input] [2026-08-15 16:57:11.472 (UTC)] info/application	[Motor] Received distance: 2.1794912592412397 cm | Severity=75 | SourceName=Motor | EventType=application | SourceNode=ns=1;s=MotorSource
[Anomaly Input] [2026-08-15 16:57:11.472 (UTC)] warn/application	[Motor] Distance too close (2.1794912592412397); rotating motor to 0 degrees | Severity=175 | SourceName=Motor | EventType=application | SourceNode=ns=1;s=MotorSource
[Anomaly Input] [2026-08-15 16:57:11.917 (UTC)] info/application	[Motor] Received distance: 27.417525057409666 cm | Severity=75 | SourceName=Motor3 | EventType=application | SourceNode=ns=1;s=MotorSource3
[Anomaly Input] [2026-08-15 16:57:11.920 (UTC)] info/application	[Motor] Received distance: 48.16731660727752 cm | Severity=75 | SourceName=Motor2 | EventType=application | SourceNode=ns=1;s=MotorSource2
[Anomaly Input] [2026-08-15 16:57:11.917 (UTC)] info/application	[Motor] Distance safe (27.417525057409666); rotating motor to 90 degrees | Severity=75 | SourceName=Motor3 | EventType=application | SourceNode=ns=1;s=MotorSource3
[Anomaly Input] [2026-08-15 16:57:11.920 (UTC)] info/application	[Motor] Distance safe (48.16731660727752); rotating motor to 90 degrees | Severity=75 | SourceName=Motor2 | EventType=application | SourceNode=ns=1;s=MotorSource2
[Anomaly Input] [2026-08-15 16:57:11.967 (UTC)] info/application	[Sensor] Updated distance: 18.04168216886077 cm | Severity=75 | SourceName=Sensor | EventType=application | SourceNode=ns=1;s=SensorSource
[Anomaly Input] [2026-08-15 16:57:12.372 (UTC)] info/application	[Sensor] Updated distance: 8.120920221377592 cm | Severity=75 | SourceName=Sensor2 | EventType=application | SourceNode=ns=1;s=SensorSource2
[Anomaly Input] [2026-08-15 16:57:12.372 (UTC)] info/application	[Sensor] Updated distance: 31.595390728486418 cm | Severity=75 | SourceName=Sensor3 | EventType=application | SourceNode=ns=1;s=SensorSource3
[Anomaly Input] [2026-08-15 16:57:12.478 (UTC)] info/application	[Motor] Received distance: 18.04168216886077 cm | Severity=75 | SourceName=Motor | EventType=application | SourceNode=ns=1;s=MotorSource
[Anomaly Input] [2026-08-15 16:57:12.478 (UTC)] warn/application	[Motor] Distance too close (18.04168216886077); rotating motor to 0 degrees | Severity=175 | SourceName=Motor | EventType=application | SourceNode=ns=1;s=MotorSource
[Anomaly Input] [2026-08-15 16:57:12.921 (UTC)] info/application	[Motor] Received distance: 8.120920221377592 cm | Severity=75 | SourceName=Motor2 | EventType=application | SourceNode=ns=1;s=MotorSource2
[Anomaly Input] [2026-08-15 16:57:12.921 (UTC)] info/application	[Motor] Received distance: 31.595390728486418 cm | Severity=75 | SourceName=Motor3 | EventType=application | SourceNode=ns=1;s=MotorSource3
[Anomaly Input] [2026-08-15 16:57:12.921 (UTC)] warn/application	[Motor] Distance too close (8.120920221377592); rotating motor to 0 degrees | Severity=175 | SourceName=Motor2 | EventType=application | SourceNode=ns=1;s=MotorSource2
[Anomaly Input] [2026-08-15 16:57:12.921 (UTC)] info/application	[Motor] Distance safe (31.595390728486418); rotating motor to 90 degrees | Severity=75 | SourceName=Motor3 | EventType=application | SourceNode=ns=1;s=MotorSource3
[Anomaly Input] [2026-08-15 16:57:12.970 (UTC)] info/application	[Sensor] Updated distance: 21.07055456334285 cm | Severity=75 | SourceName=Sensor | EventType=application | SourceNode=ns=1;s=SensorSource
[Anomaly Input] [2026-08-15 16:57:13.375 (UTC)] info/application	[Sensor] Updated distance: 25.977717984457367 cm | Severity=75 | SourceName=Sensor3 | EventType=application | SourceNode=ns=1;s=SensorSource3
[Anomaly Input] [2026-08-15 16:57:13.375 (UTC)] info/application	[Sensor] Updated distance: 16.73375459701463 cm | Severity=75 | SourceName=Sensor2 | EventType=application | SourceNode=ns=1;s=SensorSource2
[Anomaly Input] [2026-08-15 16:57:13.469 (UTC)] info/application	[Motor] Received distance: 21.07055456334285 cm | Severity=75 | SourceName=Motor | EventType=application | SourceNode=ns=1;s=MotorSource
[Anomaly Input] [2026-08-15 16:57:13.469 (UTC)] info/application	[Motor] Distance safe (21.07055456334285); rotating motor to 90 degrees | Severity=75 | SourceName=Motor | EventType=application | SourceNode=ns=1;s=MotorSource
[Anomaly Input] [2026-08-15 16:57:13.931 (UTC)] info/application	[Motor] Received distance: 25.977717984457367 cm | Severity=75 | SourceName=Motor3 | EventType=application | SourceNode=ns=1;s=MotorSource3
[Anomaly Input] [2026-08-15 16:57:13.931 (UTC)] info/application	[Motor] Received distance: 16.73375459701463 cm | Severity=75 | SourceName=Motor2 | EventType=application | SourceNode=ns=1;s=MotorSource2
[Anomaly Input] [2026-08-15 16:57:13.931 (UTC)] info/application	[Motor] Distance safe (25.977717984457367); rotating motor to 90 degrees | Severity=75 | SourceName=Motor3 | EventType=application | SourceNode=ns=1;s=MotorSource3
[Anomaly Input] [2026-08-15 16:57:13.931 (UTC)] warn/application	[Motor] Distance too close (16.73375459701463); rotating motor to 0 degrees | Severity=175 | SourceName=Motor2 | EventType=application | SourceNode=ns=1;s=MotorSource2
[Anomaly Input] [2026-08-15 16:57:13.972 (UTC)] info/application	[Sensor] Updated distance: 13.817842719991617 cm | Severity=75 | SourceName=Sensor | EventType=application | SourceNode=ns=1;s=SensorSource
[Anomaly Input] [2026-08-15 16:57:14.377 (UTC)] info/application	[Sensor] Updated distance: 45.75563657831197 cm | Severity=75 | SourceName=Sensor2 | EventType=application | SourceNode=ns=1;s=SensorSource2
[Anomaly Input] [2026-08-15 16:57:14.377 (UTC)] info/application	[Sensor] Updated distance: 35.514907815267755 cm | Severity=75 | SourceName=Sensor3 | EventType=application | SourceNode=ns=1;s=SensorSource3
[Anomaly Input] [2026-08-15 16:57:14.477 (UTC)] info/application	[Motor] Received distance: 13.817842719991617 cm | Severity=75 | SourceName=Motor | EventType=application | SourceNode=ns=1;s=MotorSource
[Anomaly Input] [2026-08-15 16:57:14.477 (UTC)] warn/application	[Motor] Distance too close (13.817842719991617); rotating motor to 0 degrees | Severity=175 | SourceName=Motor | EventType=application | SourceNode=ns=1;s=MotorSource
[Anomaly Input] [2026-08-15 16:57:14.923 (UTC)] info/application	[Motor] Received distance: 45.75563657831197 cm | Severity=75 | SourceName=Motor2 | EventType=application | SourceNode=ns=1;s=MotorSource2
[Anomaly Input] [2026-08-15 16:57:14.923 (UTC)] info/application	[Motor] Received distance: 35.514907815267755 cm | Severity=75 | SourceName=Motor3 | EventType=application | SourceNode=ns=1;s=MotorSource3
[Anomaly Input] [2026-08-15 16:57:14.923 (UTC)] info/application	[Motor] Distance safe (45.75563657831197); rotating motor to 90 degrees | Severity=75 | SourceName=Motor2 | EventType=application | SourceNode=ns=1;s=MotorSource2
[Anomaly Input] [2026-08-15 16:57:14.923 (UTC)] info/application	[Motor] Distance safe (35.514907815267755); rotating motor to 90 degrees | Severity=75 | SourceName=Motor3 | EventType=application | SourceNode=ns=1;s=MotorSource3
[Anomaly Input] [2026-08-15 16:57:14.974 (UTC)] info/application	[Sensor] Updated distance: 12.45301921407367 cm | Severity=75 | SourceName=Sensor | EventType=application | SourceNode=ns=1;s=SensorSource
[Anomaly Input] [2026-08-15 16:57:15.368 (UTC)] info/application	[Sensor] Updated distance: 38.58414495204768 cm | Severity=75 | SourceName=Sensor3 | EventType=application | SourceNode=ns=1;s=SensorSource3
[Anomaly Input] [2026-08-15 16:57:15.378 (UTC)] info/application	[Sensor] Updated distance: 46.27917360341138 cm | Severity=75 | SourceName=Sensor2 | EventType=application | SourceNode=ns=1;s=SensorSource2
[Anomaly Input] [2026-08-15 16:57:15.469 (UTC)] info/application	[Motor] Received distance: 12.45301921407367 cm | Severity=75 | SourceName=Motor | EventType=application | SourceNode=ns=1;s=MotorSource
[Anomaly Input] [2026-08-15 16:57:15.469 (UTC)] warn/application	[Motor] Distance too close (12.45301921407367); rotating motor to 0 degrees | Severity=175 | SourceName=Motor | EventType=application | SourceNode=ns=1;s=MotorSource
[Anomaly Input] [2026-08-15 16:57:15.933 (UTC)] info/application	[Motor] Received distance: 46.27917360341138 cm | Severity=75 | SourceName=Motor2 | EventType=application | SourceNode=ns=1;s=MotorSource2
[Anomaly Input] [2026-08-15 16:57:15.933 (UTC)] info/application	[Motor] Received distance: 38.58414495204768 cm | Severity=75 | SourceName=Motor3 | EventType=application | SourceNode=ns=1;s=MotorSource3
[Anomaly Input] [2026-08-15 16:57:15.933 (UTC)] info/application	[Motor] Distance safe (46.27917360341138); rotating motor to 90 degrees | Severity=75 | SourceName=Motor2 | EventType=application | SourceNode=ns=1;s=MotorSource2
[Anomaly Input] [2026-08-15 16:57:15.933 (UTC)] info/application	[Motor] Distance safe (38.58414495204768); rotating motor to 90 degrees | Severity=75 | SourceName=Motor3 | EventType=application | SourceNode=ns=1;s=MotorSource3
[Anomaly Input] [2026-08-15 16:57:15.975 (UTC)] info/application	[Sensor] Updated distance: 47.30664280676592 cm | Severity=75 | SourceName=Sensor | EventType=application | SourceNode=ns=1;s=SensorSource
[Anomaly Input] [2026-08-15 16:57:16.370 (UTC)] info/application	[Sensor] Updated distance: 13.466884096836152 cm | Severity=75 | SourceName=Sensor2 | EventType=application | SourceNode=ns=1;s=SensorSource2
[Anomaly Input] [2026-08-15 16:57:16.370 (UTC)] info/application	[Sensor] Updated distance: 3.906966344410072 cm | Severity=75 | SourceName=Sensor3 | EventType=application | SourceNode=ns=1;s=SensorSource3
[Anomaly Input] [2026-08-15 16:57:16.478 (UTC)] info/application	[Motor] Received distance: 47.30664280676592 cm | Severity=75 | SourceName=Motor | EventType=application | SourceNode=ns=1;s=MotorSource
[Anomaly Input] [2026-08-15 16:57:16.478 (UTC)] info/application	[Motor] Distance safe (47.30664280676592); rotating motor to 90 degrees | Severity=75 | SourceName=Motor | EventType=application | SourceNode=ns=1;s=MotorSource
[Anomaly Input] [2026-08-15 16:57:16.920 (UTC)] info/application	[Motor] Received distance: 13.466884096836152 cm | Severity=75 | SourceName=Motor2 | EventType=application | SourceNode=ns=1;s=MotorSource2
[Anomaly Input] [2026-08-15 16:57:16.921 (UTC)] info/application	[Motor] Received distance: 3.906966344410072 cm | Severity=75 | SourceName=Motor3 | EventType=application | SourceNode=ns=1;s=MotorSource3
[Anomaly Input] [2026-08-15 16:57:16.920 (UTC)] warn/application	[Motor] Distance too close (13.466884096836152); rotating motor to 0 degrees | Severity=175 | SourceName=Motor2 | EventType=application | SourceNode=ns=1;s=MotorSource2
[Anomaly Input] [2026-08-15 16:57:16.921 (UTC)] warn/application	[Motor] Distance too close (3.906966344410072); rotating motor to 0 degrees | Severity=175 | SourceName=Motor3 | EventType=application | SourceNode=ns=1;s=MotorSource3
[Anomaly Input] [2026-08-15 16:57:16.967 (UTC)] info/application	[Sensor] Updated distance: 28.339128208504583 cm | Severity=75 | SourceName=Sensor | EventType=application | SourceNode=ns=1;s=SensorSource
[Anomaly Input] [2026-08-15 16:57:17.372 (UTC)] info/application	[Sensor] Updated distance: 24.550434659491494 cm | Severity=75 | SourceName=Sensor3 | EventType=application | SourceNode=ns=1;s=SensorSource3
[Anomaly Input] [2026-08-15 16:57:17.372 (UTC)] info/application	[Sensor] Updated distance: 46.757864987830565 cm | Severity=75 | SourceName=Sensor2 | EventType=application | SourceNode=ns=1;s=SensorSource2
[Anomaly Input] [2026-08-15 16:57:17.473 (UTC)] info/application	[Motor] Received distance: 28.339128208504583 cm | Severity=75 | SourceName=Motor | EventType=application | SourceNode=ns=1;s=MotorSource
[Anomaly Input] [2026-08-15 16:57:17.473 (UTC)] info/application	[Motor] Distance safe (28.339128208504583); rotating motor to 90 degrees | Severity=75 | SourceName=Motor | EventType=application | SourceNode=ns=1;s=MotorSource
[Anomaly Input] [2026-08-15 16:57:17.918 (UTC)] info/application	[Motor] Received distance: 46.757864987830565 cm | Severity=75 | SourceName=Motor2 | EventType=application | SourceNode=ns=1;s=MotorSource2
[Anomaly Input] [2026-08-15 16:57:17.918 (UTC)] info/application	[Motor] Received distance: 24.550434659491494 cm | Severity=75 | SourceName=Motor3 | EventType=application | SourceNode=ns=1;s=MotorSource3
[Anomaly Input] [2026-08-15 16:57:17.918 (UTC)] info/application	[Motor] Distance safe (46.757864987830565); rotating motor to 90 degrees | Severity=75 | SourceName=Motor2 | EventType=application | SourceNode=ns=1;s=MotorSource2
[Anomaly Input] [2026-08-15 16:57:17.918 (UTC)] info/application	[Motor] Distance safe (24.550434659491494); rotating motor to 90 degrees | Severity=75 | SourceName=Motor3 | EventType=application | SourceNode=ns=1;s=MotorSource3
[Anomaly Input] [2026-08-15 16:57:17.968 (UTC)] info/application	[Sensor] Updated distance: 25.11619130853386 cm | Severity=75 | SourceName=Sensor | EventType=application | SourceNode=ns=1;s=SensorSource
[Anomaly Input] [2026-08-15 16:57:18.373 (UTC)] info/application	[Sensor] Updated distance: 42.973060306614755 cm | Severity=75 | SourceName=Sensor2 | EventType=application | SourceNode=ns=1;s=SensorSource2
[Anomaly Input] [2026-08-15 16:57:18.373 (UTC)] info/application	[Sensor] Updated distance: 34.913295552559795 cm | Severity=75 | SourceName=Sensor3 | EventType=application | SourceNode=ns=1;s=SensorSource3
[Anomaly Input] [2026-08-15 16:57:18.478 (UTC)] info/application	[Motor] Received distance: 25.11619130853386 cm | Severity=75 | SourceName=Motor | EventType=application | SourceNode=ns=1;s=MotorSource
[Anomaly Input] [2026-08-15 16:57:18.478 (UTC)] info/application	[Motor] Distance safe (25.11619130853386); rotating motor to 90 degrees | Severity=75 | SourceName=Motor | EventType=application | SourceNode=ns=1;s=MotorSource
[Anomaly Input] [2026-08-15 16:57:18.920 (UTC)] info/application	[Motor] Received distance: 34.913295552559795 cm | Severity=75 | SourceName=Motor3 | EventType=application | SourceNode=ns=1;s=MotorSource3
[Anomaly Input] [2026-08-15 16:57:18.921 (UTC)] info/application	[Motor] Received distance: 42.973060306614755 cm | Severity=75 | SourceName=Motor2 | EventType=application | SourceNode=ns=1;s=MotorSource2
[Anomaly Input] [2026-08-15 16:57:18.920 (UTC)] info/application	[Motor] Distance safe (34.913295552559795); rotating motor to 90 degrees | Severity=75 | SourceName=Motor3 | EventType=application | SourceNode=ns=1;s=MotorSource3
[Anomaly Input] [2026-08-15 16:57:18.921 (UTC)] info/application	[Motor] Distance safe (42.973060306614755); rotating motor to 90 degrees | Severity=75 | SourceName=Motor2 | EventType=application | SourceNode=ns=1;s=MotorSource2
[Anomaly Input] [2026-08-15 16:57:18.970 (UTC)] info/application	[Sensor] Updated distance: 37.165652969463565 cm | Severity=75 | SourceName=Sensor | EventType=application | SourceNode=ns=1;s=SensorSource
[Anomaly Input] [2026-08-15 16:57:19.375 (UTC)] info/application	[Sensor] Updated distance: 9.208185430247422 cm | Severity=75 | SourceName=Sensor2 | EventType=application | SourceNode=ns=1;s=SensorSource2
[Anomaly Input] [2026-08-15 16:57:19.375 (UTC)] info/application	[Sensor] Updated distance: 46.37271222303282 cm | Severity=75 | SourceName=Sensor3 | EventType=application | SourceNode=ns=1;s=SensorSource3
[Anomaly Input] [2026-08-15 16:57:19.469 (UTC)] info/application	[Motor] Received distance: 37.165652969463565 cm | Severity=75 | SourceName=Motor | EventType=application | SourceNode=ns=1;s=MotorSource
[Anomaly Input] [2026-08-15 16:57:19.469 (UTC)] info/application	[Motor] Distance safe (37.165652969463565); rotating motor to 90 degrees | Severity=75 | SourceName=Motor | EventType=application | SourceNode=ns=1;s=MotorSource
[Anomaly Input] [2026-08-15 16:57:19.930 (UTC)] info/application	[Motor] Received distance: 9.208185430247422 cm | Severity=75 | SourceName=Motor2 | EventType=application | SourceNode=ns=1;s=MotorSource2
[Anomaly Input] [2026-08-15 16:57:19.930 (UTC)] info/application	[Motor] Received distance: 46.37271222303282 cm | Severity=75 | SourceName=Motor3 | EventType=application | SourceNode=ns=1;s=MotorSource3
[Anomaly Input] [2026-08-15 16:57:19.930 (UTC)] warn/application	[Motor] Distance too close (9.208185430247422); rotating motor to 0 degrees | Severity=175 | SourceName=Motor2 | EventType=application | SourceNode=ns=1;s=MotorSource2
[Anomaly Input] [2026-08-15 16:57:19.930 (UTC)] info/application	[Motor] Distance safe (46.37271222303282); rotating motor to 90 degrees | Severity=75 | SourceName=Motor3 | EventType=application | SourceNode=ns=1;s=MotorSource3
[Anomaly Input] [2026-08-15 16:57:19.972 (UTC)] info/application	[Sensor] Updated distance: 15.424009292118255 cm | Severity=75 | SourceName=Sensor | EventType=application | SourceNode=ns=1;s=SensorSource
[Anomaly Input] [2026-08-15 16:57:20.377 (UTC)] info/application	[Sensor] Updated distance: 43.908353631341996 cm | Severity=75 | SourceName=Sensor3 | EventType=application | SourceNode=ns=1;s=SensorSource3
[Anomaly Input] [2026-08-15 16:57:20.377 (UTC)] info/application	[Sensor] Updated distance: 49.56722468117588 cm | Severity=75 | SourceName=Sensor2 | EventType=application | SourceNode=ns=1;s=SensorSource2
[Anomaly Input] [2026-08-15 16:57:20.478 (UTC)] info/application	[Motor] Received distance: 15.424009292118255 cm | Severity=75 | SourceName=Motor | EventType=application | SourceNode=ns=1;s=MotorSource
[Anomaly Input] [2026-08-15 16:57:20.478 (UTC)] warn/application	[Motor] Distance too close (15.424009292118255); rotating motor to 0 degrees | Severity=175 | SourceName=Motor | EventType=application | SourceNode=ns=1;s=MotorSource
[Anomaly Input] [2026-08-15 16:57:20.923 (UTC)] info/application	[Motor] Received distance: 43.908353631341996 cm | Severity=75 | SourceName=Motor3 | EventType=application | SourceNode=ns=1;s=MotorSource3
[Anomaly Input] [2026-08-15 16:57:20.923 (UTC)] info/application	[Motor] Received distance: 49.56722468117588 cm | Severity=75 | SourceName=Motor2 | EventType=application | SourceNode=ns=1;s=MotorSource2
[Anomaly Input] [2026-08-15 16:57:20.923 (UTC)] info/application	[Motor] Distance safe (43.908353631341996); rotating motor to 90 degrees | Severity=75 | SourceName=Motor3 | EventType=application | SourceNode=ns=1;s=MotorSource3
[Anomaly Input] [2026-08-15 16:57:20.923 (UTC)] info/application	[Motor] Distance safe (49.56722468117588); rotating motor to 90 degrees | Severity=75 | SourceName=Motor2 | EventType=application | SourceNode=ns=1;s=MotorSource2
[Anomaly Input] [2026-08-15 16:57:20.974 (UTC)] info/application	[Sensor] Updated distance: 17.444920256475413 cm | Severity=75 | SourceName=Sensor | EventType=application | SourceNode=ns=1;s=SensorSource
[Anomaly Input] [2026-08-15 16:57:21.368 (UTC)] info/application	[Sensor] Updated distance: 7.758895809649907 cm | Severity=75 | SourceName=Sensor3 | EventType=application | SourceNode=ns=1;s=SensorSource3
[Anomaly Input] [2026-08-15 16:57:21.379 (UTC)] info/application	[Sensor] Updated distance: 12.067382221141543 cm | Severity=75 | SourceName=Sensor2 | EventType=application | SourceNode=ns=1;s=SensorSource2
[Anomaly Input] [2026-08-15 16:57:21.470 (UTC)] info/application	[Motor] Received distance: 17.444920256475413 cm | Severity=75 | SourceName=Motor | EventType=application | SourceNode=ns=1;s=MotorSource
[Anomaly Input] [2026-08-15 16:57:21.470 (UTC)] warn/application	[Motor] Distance too close (17.444920256475413); rotating motor to 0 degrees | Severity=175 | SourceName=Motor | EventType=application | SourceNode=ns=1;s=MotorSource
[Anomaly Input] [2026-08-15 16:57:21.915 (UTC)] info/application	[Motor] Received distance: 12.067382221141543 cm | Severity=75 | SourceName=Motor2 | EventType=application | SourceNode=ns=1;s=MotorSource2
[Anomaly Input] [2026-08-15 16:57:21.915 (UTC)] info/application	[Motor] Received distance: 7.758895809649907 cm | Severity=75 | SourceName=Motor3 | EventType=application | SourceNode=ns=1;s=MotorSource3
[Anomaly Input] [2026-08-15 16:57:21.915 (UTC)] warn/application	[Motor] Distance too close (12.067382221141543); rotating motor to 0 degrees | Severity=175 | SourceName=Motor2 | EventType=application | SourceNode=ns=1;s=MotorSource2
[Anomaly Input] [2026-08-15 16:57:21.915 (UTC)] warn/application	[Motor] Distance too close (7.758895809649907); rotating motor to 0 degrees | Severity=175 | SourceName=Motor3 | EventType=application | SourceNode=ns=1;s=MotorSource3
[Anomaly Input] [2026-08-15 16:57:21.976 (UTC)] info/application	[Sensor] Updated distance: 25.264934885904626 cm | Severity=75 | SourceName=Sensor | EventType=application | SourceNode=ns=1;s=SensorSource
[Anomaly Input] [2026-08-15 16:57:22.370 (UTC)] info/application	[Sensor] Updated distance: 4.70723650730552 cm | Severity=75 | SourceName=Sensor2 | EventType=application | SourceNode=ns=1;s=SensorSource2
[Anomaly Input] [2026-08-15 16:57:22.371 (UTC)] info/application	[Sensor] Updated distance: 16.284785240089885 cm | Severity=75 | SourceName=Sensor3 | EventType=application | SourceNode=ns=1;s=SensorSource3
[Anomaly Input] [2026-08-15 16:57:22.478 (UTC)] info/application	[Motor] Received distance: 25.264934885904626 cm | Severity=75 | SourceName=Motor | EventType=application | SourceNode=ns=1;s=MotorSource
[Anomaly Input] [2026-08-15 16:57:22.478 (UTC)] info/application	[Motor] Distance safe (25.264934885904626); rotating motor to 90 degrees | Severity=75 | SourceName=Motor | EventType=application | SourceNode=ns=1;s=MotorSource
[Anomaly Input] [2026-08-15 16:57:22.920 (UTC)] info/application	[Motor] Received distance: 4.70723650730552 cm | Severity=75 | SourceName=Motor2 | EventType=application | SourceNode=ns=1;s=MotorSource2
[Anomaly Input] [2026-08-15 16:57:22.921 (UTC)] info/application	[Motor] Received distance: 16.284785240089885 cm | Severity=75 | SourceName=Motor3 | EventType=application | SourceNode=ns=1;s=MotorSource3
[Anomaly Input] [2026-08-15 16:57:22.920 (UTC)] warn/application	[Motor] Distance too close (4.70723650730552); rotating motor to 0 degrees | Severity=175 | SourceName=Motor2 | EventType=application | SourceNode=ns=1;s=MotorSource2
[Anomaly Input] [2026-08-15 16:57:22.921 (UTC)] warn/application	[Motor] Distance too close (16.284785240089885); rotating motor to 0 degrees | Severity=175 | SourceName=Motor3 | EventType=application | SourceNode=ns=1;s=MotorSource3
[Anomaly Input] [2026-08-15 16:57:22.968 (UTC)] info/application	[Sensor] Updated distance: 28.781491932823084 cm | Severity=75 | SourceName=Sensor | EventType=application | SourceNode=ns=1;s=SensorSource
[Anomaly Input] [2026-08-15 16:57:23.373 (UTC)] info/application	[Sensor] Updated distance: 25.545109588441022 cm | Severity=75 | SourceName=Sensor2 | EventType=application | SourceNode=ns=1;s=SensorSource2
[Anomaly Input] [2026-08-15 16:57:23.373 (UTC)] info/application	[Sensor] Updated distance: 13.376638581686018 cm | Severity=75 | SourceName=Sensor3 | EventType=application | SourceNode=ns=1;s=SensorSource3
[Anomaly Input] [2026-08-15 16:57:23.474 (UTC)] info/application	[Motor] Received distance: 28.781491932823084 cm | Severity=75 | SourceName=Motor | EventType=application | SourceNode=ns=1;s=MotorSource
[Anomaly Input] [2026-08-15 16:57:23.474 (UTC)] info/application	[Motor] Distance safe (28.781491932823084); rotating motor to 90 degrees | Severity=75 | SourceName=Motor | EventType=application | SourceNode=ns=1;s=MotorSource
[Anomaly Input] [2026-08-15 16:57:23.919 (UTC)] info/application	[Motor] Received distance: 13.376638581686018 cm | Severity=75 | SourceName=Motor3 | EventType=application | SourceNode=ns=1;s=MotorSource3
[Anomaly Input] [2026-08-15 16:57:23.919 (UTC)] info/application	[Motor] Received distance: 25.545109588441022 cm | Severity=75 | SourceName=Motor2 | EventType=application | SourceNode=ns=1;s=MotorSource2
[Anomaly Input] [2026-08-15 16:57:23.919 (UTC)] warn/application	[Motor] Distance too close (13.376638581686018); rotating motor to 0 degrees | Severity=175 | SourceName=Motor3 | EventType=application | SourceNode=ns=1;s=MotorSource3
[Anomaly Input] [2026-08-15 16:57:23.919 (UTC)] info/application	[Motor] Distance safe (25.545109588441022); rotating motor to 90 degrees | Severity=75 | SourceName=Motor2 | EventType=application | SourceNode=ns=1;s=MotorSource2
[Anomaly Input] [2026-08-15 16:57:23.970 (UTC)] info/application	[Sensor] Updated distance: 32.351044378406854 cm | Severity=75 | SourceName=Sensor | EventType=application | SourceNode=ns=1;s=SensorSource
[Anomaly Input] [2026-08-15 16:57:24.375 (UTC)] info/application	[Sensor] Updated distance: 43.399642561282796 cm | Severity=75 | SourceName=Sensor3 | EventType=application | SourceNode=ns=1;s=SensorSource3
[Anomaly Input] [2026-08-15 16:57:24.375 (UTC)] info/application	[Sensor] Updated distance: 32.93003095636611 cm | Severity=75 | SourceName=Sensor2 | EventType=application | SourceNode=ns=1;s=SensorSource2
[Anomaly Input] [2026-08-15 16:57:24.466 (UTC)] info/application	[Motor] Received distance: 32.351044378406854 cm | Severity=75 | SourceName=Motor | EventType=application | SourceNode=ns=1;s=MotorSource
[Anomaly Input] [2026-08-15 16:57:24.466 (UTC)] info/application	[Motor] Distance safe (32.351044378406854); rotating motor to 90 degrees | Severity=75 | SourceName=Motor | EventType=application | SourceNode=ns=1;s=MotorSource
[Anomaly Input] [2026-08-15 16:57:24.922 (UTC)] info/application	[Motor] Received distance: 32.93003095636611 cm | Severity=75 | SourceName=Motor2 | EventType=application | SourceNode=ns=1;s=MotorSource2
[Anomaly Input] [2026-08-15 16:57:24.922 (UTC)] info/application	[Motor] Received distance: 43.399642561282796 cm | Severity=75 | SourceName=Motor3 | EventType=application | SourceNode=ns=1;s=MotorSource3
[Anomaly Input] [2026-08-15 16:57:24.922 (UTC)] info/application	[Motor] Distance safe (32.93003095636611); rotating motor to 90 degrees | Severity=75 | SourceName=Motor2 | EventType=application | SourceNode=ns=1;s=MotorSource2
[Anomaly Input] [2026-08-15 16:57:24.922 (UTC)] info/application	[Motor] Distance safe (43.399642561282796); rotating motor to 90 degrees | Severity=75 | SourceName=Motor3 | EventType=application | SourceNode=ns=1;s=MotorSource3
[Anomaly Input] [2026-08-15 16:57:24.972 (UTC)] info/application	[Sensor] Updated distance: 27.172917005220853 cm | Severity=75 | SourceName=Sensor | EventType=application | SourceNode=ns=1;s=SensorSource
[Anomaly Input] [2026-08-15 16:57:25.377 (UTC)] info/application	[Sensor] Updated distance: 20.246663057360173 cm | Severity=75 | SourceName=Sensor3 | EventType=application | SourceNode=ns=1;s=SensorSource3
[Anomaly Input] [2026-08-15 16:57:25.377 (UTC)] info/application	[Sensor] Updated distance: 39.41592532648515 cm | Severity=75 | SourceName=Sensor2 | EventType=application | SourceNode=ns=1;s=SensorSource2
[Anomaly Input] [2026-08-15 16:57:25.476 (UTC)] info/application	[Motor] Received distance: 27.172917005220853 cm | Severity=75 | SourceName=Motor | EventType=application | SourceNode=ns=1;s=MotorSource
[Anomaly Input] [2026-08-15 16:57:25.476 (UTC)] info/application	[Motor] Distance safe (27.172917005220853); rotating motor to 90 degrees | Severity=75 | SourceName=Motor | EventType=application | SourceNode=ns=1;s=MotorSource
[Anomaly Input] [2026-08-15 16:57:25.932 (UTC)] info/application	[Motor] Received distance: 20.246663057360173 cm | Severity=75 | SourceName=Motor3 | EventType=application | SourceNode=ns=1;s=MotorSource3
[Anomaly Input] [2026-08-15 16:57:25.932 (UTC)] info/application	[Motor] Received distance: 39.41592532648515 cm | Severity=75 | SourceName=Motor2 | EventType=application | SourceNode=ns=1;s=MotorSource2
[Anomaly Input] [2026-08-15 16:57:25.932 (UTC)] info/application	[Motor] Distance safe (20.246663057360173); rotating motor to 90 degrees | Severity=75 | SourceName=Motor3 | EventType=application | SourceNode=ns=1;s=MotorSource3
[Anomaly Input] [2026-08-15 16:57:25.932 (UTC)] info/application	[Motor] Distance safe (39.41592532648515); rotating motor to 90 degrees | Severity=75 | SourceName=Motor2 | EventType=application | SourceNode=ns=1;s=MotorSource2
[Anomaly Input] [2026-08-15 16:57:25.974 (UTC)] info/application	[Sensor] Updated distance: 16.896335198961353 cm | Severity=75 | SourceName=Sensor | EventType=application | SourceNode=ns=1;s=SensorSource
[Anomaly Input] [2026-08-15 16:57:26.369 (UTC)] info/application	[Sensor] Updated distance: 4.105593443897363 cm | Severity=75 | SourceName=Sensor3 | EventType=application | SourceNode=ns=1;s=SensorSource3
[Anomaly Input] [2026-08-15 16:57:26.379 (UTC)] info/application	[Sensor] Updated distance: 26.200124766770806 cm | Severity=75 | SourceName=Sensor2 | EventType=application | SourceNode=ns=1;s=SensorSource2
[Anomaly Input] [2026-08-15 16:57:26.478 (UTC)] info/application	[Motor] Received distance: 16.896335198961353 cm | Severity=75 | SourceName=Motor | EventType=application | SourceNode=ns=1;s=MotorSource
[Anomaly Input] [2026-08-15 16:57:26.478 (UTC)] warn/application	[Motor] Distance too close (16.896335198961353); rotating motor to 0 degrees | Severity=175 | SourceName=Motor | EventType=application | SourceNode=ns=1;s=MotorSource
[Anomaly Input] [2026-08-15 16:57:26.920 (UTC)] info/application	[Motor] Received distance: 26.200124766770806 cm | Severity=75 | SourceName=Motor2 | EventType=application | SourceNode=ns=1;s=MotorSource2
[Anomaly Input] [2026-08-15 16:57:26.920 (UTC)] info/application	[Motor] Received distance: 4.105593443897363 cm | Severity=75 | SourceName=Motor3 | EventType=application | SourceNode=ns=1;s=MotorSource3
[Anomaly Input] [2026-08-15 16:57:26.920 (UTC)] info/application	[Motor] Distance safe (26.200124766770806); rotating motor to 90 degrees | Severity=75 | SourceName=Motor2 | EventType=application | SourceNode=ns=1;s=MotorSource2
[Anomaly Input] [2026-08-15 16:57:26.920 (UTC)] warn/application	[Motor] Distance too close (4.105593443897363); rotating motor to 0 degrees | Severity=175 | SourceName=Motor3 | EventType=application | SourceNode=ns=1;s=MotorSource3
[Anomaly Input] [2026-08-15 16:57:26.976 (UTC)] info/application	[Sensor] Updated distance: 44.23059806704083 cm | Severity=75 | SourceName=Sensor | EventType=application | SourceNode=ns=1;s=SensorSource
[Anomaly Input] [2026-08-15 16:57:27.371 (UTC)] info/application	[Sensor] Updated distance: 17.593043394197263 cm | Severity=75 | SourceName=Sensor2 | EventType=application | SourceNode=ns=1;s=SensorSource2
[Anomaly Input] [2026-08-15 16:57:27.371 (UTC)] info/application	[Sensor] Updated distance: 29.987283399322667 cm | Severity=75 | SourceName=Sensor3 | EventType=application | SourceNode=ns=1;s=SensorSource3
[Anomaly Input] [2026-08-15 16:57:27.472 (UTC)] info/application	[Motor] Received distance: 44.23059806704083 cm | Severity=75 | SourceName=Motor | EventType=application | SourceNode=ns=1;s=MotorSource
[Anomaly Input] [2026-08-15 16:57:27.472 (UTC)] info/application	[Motor] Distance safe (44.23059806704083); rotating motor to 90 degrees | Severity=75 | SourceName=Motor | EventType=application | SourceNode=ns=1;s=MotorSource
[Anomaly Input] [2026-08-15 16:57:27.917 (UTC)] info/application	[Motor] Received distance: 17.593043394197263 cm | Severity=75 | SourceName=Motor2 | EventType=application | SourceNode=ns=1;s=MotorSource2
[Anomaly Input] [2026-08-15 16:57:27.922 (UTC)] info/application	[Motor] Received distance: 29.987283399322667 cm | Severity=75 | SourceName=Motor3 | EventType=application | SourceNode=ns=1;s=MotorSource3
[Anomaly Input] [2026-08-15 16:57:27.917 (UTC)] warn/application	[Motor] Distance too close (17.593043394197263); rotating motor to 0 degrees | Severity=175 | SourceName=Motor2 | EventType=application | SourceNode=ns=1;s=MotorSource2
[Anomaly Input] [2026-08-15 16:57:27.922 (UTC)] info/application	[Motor] Distance safe (29.987283399322667); rotating motor to 90 degrees | Severity=75 | SourceName=Motor3 | EventType=application | SourceNode=ns=1;s=MotorSource3
[Anomaly Input] [2026-08-15 16:57:27.968 (UTC)] info/application	[Sensor] Updated distance: 11.978435789224894 cm | Severity=75 | SourceName=Sensor | EventType=application | SourceNode=ns=1;s=SensorSource
[Anomaly Input] [2026-08-15 16:57:28.372 (UTC)] info/application	[Sensor] Updated distance: 29.207439308617 cm | Severity=75 | SourceName=Sensor3 | EventType=application | SourceNode=ns=1;s=SensorSource3
[Anomaly Input] [2026-08-15 16:57:28.372 (UTC)] info/application	[Sensor] Updated distance: 33.85489151620068 cm | Severity=75 | SourceName=Sensor2 | EventType=application | SourceNode=ns=1;s=SensorSource2
[Anomaly Input] [2026-08-15 16:57:28.478 (UTC)] info/application	[Motor] Received distance: 11.978435789224894 cm | Severity=75 | SourceName=Motor | EventType=application | SourceNode=ns=1;s=MotorSource
[Anomaly Input] [2026-08-15 16:57:28.478 (UTC)] warn/application	[Motor] Distance too close (11.978435789224894); rotating motor to 0 degrees | Severity=175 | SourceName=Motor | EventType=application | SourceNode=ns=1;s=MotorSource
[Anomaly Input] [2026-08-15 16:57:28.919 (UTC)] info/application	[Motor] Received distance: 29.207439308617 cm | Severity=75 | SourceName=Motor3 | EventType=application | SourceNode=ns=1;s=MotorSource3
[Anomaly Input] [2026-08-15 16:57:28.920 (UTC)] info/application	[Motor] Received distance: 33.85489151620068 cm | Severity=75 | SourceName=Motor2 | EventType=application | SourceNode=ns=1;s=MotorSource2
[Anomaly Input] [2026-08-15 16:57:28.919 (UTC)] info/application	[Motor] Distance safe (29.207439308617); rotating motor to 90 degrees | Severity=75 | SourceName=Motor3 | EventType=application | SourceNode=ns=1;s=MotorSource3
[Anomaly Input] [2026-08-15 16:57:28.920 (UTC)] info/application	[Motor] Distance safe (33.85489151620068); rotating motor to 90 degrees | Severity=75 | SourceName=Motor2 | EventType=application | SourceNode=ns=1;s=MotorSource2
[Anomaly Input] [2026-08-15 16:57:28.970 (UTC)] info/application	[Sensor] Updated distance: 20.574845099158047 cm | Severity=75 | SourceName=Sensor | EventType=application | SourceNode=ns=1;s=SensorSource
[Anomaly Input] [2026-08-15 16:57:29.375 (UTC)] info/application	[Sensor] Updated distance: 12.902579573403381 cm | Severity=75 | SourceName=Sensor3 | EventType=application | SourceNode=ns=1;s=SensorSource3
[Anomaly Input] [2026-08-15 16:57:29.375 (UTC)] info/application	[Sensor] Updated distance: 6.781559551498647 cm | Severity=75 | SourceName=Sensor2 | EventType=application | SourceNode=ns=1;s=SensorSource2
[Anomaly Input] [2026-08-15 16:57:29.476 (UTC)] info/application	[Motor] Received distance: 20.574845099158047 cm | Severity=75 | SourceName=Motor | EventType=application | SourceNode=ns=1;s=MotorSource
[Anomaly Input] [2026-08-15 16:57:29.476 (UTC)] info/application	[Motor] Distance safe (20.574845099158047); rotating motor to 90 degrees | Severity=75 | SourceName=Motor | EventType=application | SourceNode=ns=1;s=MotorSource
[Anomaly Input] [2026-08-15 16:57:29.921 (UTC)] info/application	[Motor] Received distance: 6.781559551498647 cm | Severity=75 | SourceName=Motor2 | EventType=application | SourceNode=ns=1;s=MotorSource2
[Anomaly Input] [2026-08-15 16:57:29.921 (UTC)] info/application	[Motor] Received distance: 12.902579573403381 cm | Severity=75 | SourceName=Motor3 | EventType=application | SourceNode=ns=1;s=MotorSource3
[Anomaly Input] [2026-08-15 16:57:29.921 (UTC)] warn/application	[Motor] Distance too close (6.781559551498647); rotating motor to 0 degrees | Severity=175 | SourceName=Motor2 | EventType=application | SourceNode=ns=1;s=MotorSource2
[Anomaly Input] [2026-08-15 16:57:29.921 (UTC)] warn/application	[Motor] Distance too close (12.902579573403381); rotating motor to 0 degrees | Severity=175 | SourceName=Motor3 | EventType=application | SourceNode=ns=1;s=MotorSource3
[Anomaly Input] [2026-08-15 16:57:29.972 (UTC)] info/application	[Sensor] Updated distance: 11.212870192347498 cm | Severity=75 | SourceName=Sensor | EventType=application | SourceNode=ns=1;s=SensorSource
[Anomaly Input] [2026-08-15 16:57:30.376 (UTC)] info/application	[Sensor] Updated distance: 33.86726738506335 cm | Severity=75 | SourceName=Sensor3 | EventType=application | SourceNode=ns=1;s=SensorSource3
[Anomaly Input] [2026-08-15 16:57:30.376 (UTC)] info/application	[Sensor] Updated distance: 6.426848249708697 cm | Severity=75 | SourceName=Sensor2 | EventType=application | SourceNode=ns=1;s=SensorSource2
[Anomaly Input] [2026-08-15 16:57:30.468 (UTC)] info/application	[Motor] Received distance: 11.212870192347498 cm | Severity=75 | SourceName=Motor | EventType=application | SourceNode=ns=1;s=MotorSource
[Anomaly Input] [2026-08-15 16:57:30.468 (UTC)] warn/application	[Motor] Distance too close (11.212870192347498); rotating motor to 0 degrees | Severity=175 | SourceName=Motor | EventType=application | SourceNode=ns=1;s=MotorSource
[Anomaly Input] [2026-08-15 16:57:30.931 (UTC)] info/application	[Motor] Received distance: 6.426848249708697 cm | Severity=75 | SourceName=Motor2 | EventType=application | SourceNode=ns=1;s=MotorSource2
[Anomaly Input] [2026-08-15 16:57:30.931 (UTC)] info/application	[Motor] Received distance: 33.86726738506335 cm | Severity=75 | SourceName=Motor3 | EventType=application | SourceNode=ns=1;s=MotorSource3
[Anomaly Input] [2026-08-15 16:57:30.931 (UTC)] warn/application	[Motor] Distance too close (6.426848249708697); rotating motor to 0 degrees | Severity=175 | SourceName=Motor2 | EventType=application | SourceNode=ns=1;s=MotorSource2
[Anomaly Input] [2026-08-15 16:57:30.931 (UTC)] info/application	[Motor] Distance safe (33.86726738506335); rotating motor to 90 degrees | Severity=75 | SourceName=Motor3 | EventType=application | SourceNode=ns=1;s=MotorSource3
[Anomaly Input] [2026-08-15 16:57:30.973 (UTC)] info/application	[Sensor] Updated distance: 31.69616060596712 cm | Severity=75 | SourceName=Sensor | EventType=application | SourceNode=ns=1;s=SensorSource
[Anomaly Input] [2026-08-15 16:57:31.368 (UTC)] info/application	[Sensor] Updated distance: 11.45451319657942 cm | Severity=75 | SourceName=Sensor3 | EventType=application | SourceNode=ns=1;s=SensorSource3
[Anomaly Input] [2026-08-15 16:57:31.378 (UTC)] info/application	[Sensor] Updated distance: 20.13791629026547 cm | Severity=75 | SourceName=Sensor2 | EventType=application | SourceNode=ns=1;s=SensorSource2
[Anomaly Input] [2026-08-15 16:57:31.478 (UTC)] info/application	[Motor] Received distance: 31.69616060596712 cm | Severity=75 | SourceName=Motor | EventType=application | SourceNode=ns=1;s=MotorSource
[Anomaly Input] [2026-08-15 16:57:31.478 (UTC)] info/application	[Motor] Distance safe (31.69616060596712); rotating motor to 90 degrees | Severity=75 | SourceName=Motor | EventType=application | SourceNode=ns=1;s=MotorSource
[Anomaly Input] [2026-08-15 16:57:31.924 (UTC)] info/application	[Motor] Received distance: 20.13791629026547 cm | Severity=75 | SourceName=Motor2 | EventType=application | SourceNode=ns=1;s=MotorSource2
[Anomaly Input] [2026-08-15 16:57:31.924 (UTC)] info/application	[Motor] Received distance: 11.45451319657942 cm | Severity=75 | SourceName=Motor3 | EventType=application | SourceNode=ns=1;s=MotorSource3
[Anomaly Input] [2026-08-15 16:57:31.924 (UTC)] info/application	[Motor] Distance safe (20.13791629026547); rotating motor to 90 degrees | Severity=75 | SourceName=Motor2 | EventType=application | SourceNode=ns=1;s=MotorSource2
[Anomaly Input] [2026-08-15 16:57:31.924 (UTC)] warn/application	[Motor] Distance too close (11.45451319657942); rotating motor to 0 degrees | Severity=175 | SourceName=Motor3 | EventType=application | SourceNode=ns=1;s=MotorSource3
[Anomaly Input] [2026-08-15 16:57:31.975 (UTC)] info/application	[Sensor] Updated distance: 37.265961685807426 cm | Severity=75 | SourceName=Sensor | EventType=application | SourceNode=ns=1;s=SensorSource
[Anomaly Input] [2026-08-15 16:57:32.369 (UTC)] info/application	[Sensor] Updated distance: 18.63420923083751 cm | Severity=75 | SourceName=Sensor3 | EventType=application | SourceNode=ns=1;s=SensorSource3
[Anomaly Input] [2026-08-15 16:57:32.379 (UTC)] info/application	[Sensor] Updated distance: 42.73243039507997 cm | Severity=75 | SourceName=Sensor2 | EventType=application | SourceNode=ns=1;s=SensorSource2
[Anomaly Input] [2026-08-15 16:57:32.470 (UTC)] info/application	[Motor] Received distance: 37.265961685807426 cm | Severity=75 | SourceName=Motor | EventType=application | SourceNode=ns=1;s=MotorSource
[Anomaly Input] [2026-08-15 16:57:32.470 (UTC)] info/application	[Motor] Distance safe (37.265961685807426); rotating motor to 90 degrees | Severity=75 | SourceName=Motor | EventType=application | SourceNode=ns=1;s=MotorSource
[Anomaly Input] [2026-08-15 16:57:32.915 (UTC)] info/application	[Motor] Received distance: 42.73243039507997 cm | Severity=75 | SourceName=Motor2 | EventType=application | SourceNode=ns=1;s=MotorSource2
[Anomaly Input] [2026-08-15 16:57:32.915 (UTC)] info/application	[Motor] Received distance: 18.63420923083751 cm | Severity=75 | SourceName=Motor3 | EventType=application | SourceNode=ns=1;s=MotorSource3
[Anomaly Input] [2026-08-15 16:57:32.915 (UTC)] info/application	[Motor] Distance safe (42.73243039507997); rotating motor to 90 degrees | Severity=75 | SourceName=Motor2 | EventType=application | SourceNode=ns=1;s=MotorSource2
[Anomaly Input] [2026-08-15 16:57:32.915 (UTC)] warn/application	[Motor] Distance too close (18.63420923083751); rotating motor to 0 degrees | Severity=175 | SourceName=Motor3 | EventType=application | SourceNode=ns=1;s=MotorSource3
[Anomaly Input] [2026-08-15 16:57:32.975 (UTC)] info/application	[Sensor] Updated distance: 6.7015140078503235 cm | Severity=75 | SourceName=Sensor | EventType=application | SourceNode=ns=1;s=SensorSource
[Anomaly Input] [2026-08-15 16:57:33.370 (UTC)] info/application	[Sensor] Updated distance: 28.38672955072798 cm | Severity=75 | SourceName=Sensor2 | EventType=application | SourceNode=ns=1;s=SensorSource2
[Anomaly Input] [2026-08-15 16:57:33.370 (UTC)] info/application	[Sensor] Updated distance: 11.579809997966423 cm | Severity=75 | SourceName=Sensor3 | EventType=application | SourceNode=ns=1;s=SensorSource3
[Anomaly Input] [2026-08-15 16:57:33.477 (UTC)] info/application	[Motor] Received distance: 6.7015140078503235 cm | Severity=75 | SourceName=Motor | EventType=application | SourceNode=ns=1;s=MotorSource
[Anomaly Input] [2026-08-15 16:57:33.477 (UTC)] warn/application	[Motor] Distance too close (6.7015140078503235); rotating motor to 0 degrees | Severity=175 | SourceName=Motor | EventType=application | SourceNode=ns=1;s=MotorSource
[Anomaly Input] [2026-08-15 16:57:33.920 (UTC)] info/application	[Motor] Received distance: 28.38672955072798 cm | Severity=75 | SourceName=Motor2 | EventType=application | SourceNode=ns=1;s=MotorSource2
[Anomaly Input] [2026-08-15 16:57:33.920 (UTC)] info/application	[Motor] Received distance: 11.579809997966423 cm | Severity=75 | SourceName=Motor3 | EventType=application | SourceNode=ns=1;s=MotorSource3
[Anomaly Input] [2026-08-15 16:57:33.920 (UTC)] warn/application	[Motor] Distance too close (11.579809997966423); rotating motor to 0 degrees | Severity=175 | SourceName=Motor3 | EventType=application | SourceNode=ns=1;s=MotorSource3
[Anomaly Input] [2026-08-15 16:57:33.920 (UTC)] info/application	[Motor] Distance safe (28.38672955072798); rotating motor to 90 degrees | Severity=75 | SourceName=Motor2 | EventType=application | SourceNode=ns=1;s=MotorSource2
[Anomaly Input] [2026-08-15 16:57:33.967 (UTC)] info/application	[Sensor] Updated distance: 22.372573564002558 cm | Severity=75 | SourceName=Sensor | EventType=application | SourceNode=ns=1;s=SensorSource
[Anomaly Input] [2026-08-15 16:57:34.371 (UTC)] info/application	[Sensor] Updated distance: 2.796590865029297 cm | Severity=75 | SourceName=Sensor3 | EventType=application | SourceNode=ns=1;s=SensorSource3
[Anomaly Input] [2026-08-15 16:57:34.371 (UTC)] info/application	[Sensor] Updated distance: 10.449952025176003 cm | Severity=75 | SourceName=Sensor2 | EventType=application | SourceNode=ns=1;s=SensorSource2
[Anomaly Input] [2026-08-15 16:57:34.473 (UTC)] info/application	[Motor] Received distance: 22.372573564002558 cm | Severity=75 | SourceName=Motor | EventType=application | SourceNode=ns=1;s=MotorSource
[Anomaly Input] [2026-08-15 16:57:34.473 (UTC)] info/application	[Motor] Distance safe (22.372573564002558); rotating motor to 90 degrees | Severity=75 | SourceName=Motor | EventType=application | SourceNode=ns=1;s=MotorSource
[Anomaly Input] [2026-08-15 16:57:34.921 (UTC)] info/application	[Motor] Received distance: 2.796590865029297 cm | Severity=75 | SourceName=Motor3 | EventType=application | SourceNode=ns=1;s=MotorSource3
[Anomaly Input] [2026-08-15 16:57:34.921 (UTC)] info/application	[Motor] Received distance: 10.449952025176003 cm | Severity=75 | SourceName=Motor2 | EventType=application | SourceNode=ns=1;s=MotorSource2
[Anomaly Input] [2026-08-15 16:57:34.921 (UTC)] warn/application	[Motor] Distance too close (2.796590865029297); rotating motor to 0 degrees | Severity=175 | SourceName=Motor3 | EventType=application | SourceNode=ns=1;s=MotorSource3
[Anomaly Input] [2026-08-15 16:57:34.921 (UTC)] warn/application	[Motor] Distance too close (10.449952025176003); rotating motor to 0 degrees | Severity=175 | SourceName=Motor2 | EventType=application | SourceNode=ns=1;s=MotorSource2
[Anomaly Input] [2026-08-15 16:57:34.968 (UTC)] info/application	[Sensor] Updated distance: 46.73609204438333 cm | Severity=75 | SourceName=Sensor | EventType=application | SourceNode=ns=1;s=SensorSource
[Anomaly Input] [2026-08-15 16:57:35.372 (UTC)] info/application	[Sensor] Updated distance: 24.91786935502564 cm | Severity=75 | SourceName=Sensor3 | EventType=application | SourceNode=ns=1;s=SensorSource3
[Anomaly Input] [2026-08-15 16:57:35.373 (UTC)] info/application	[Sensor] Updated distance: 33.222307964797274 cm | Severity=75 | SourceName=Sensor2 | EventType=application | SourceNode=ns=1;s=SensorSource2
[Anomaly Input] [2026-08-15 16:57:35.478 (UTC)] info/application	[Motor] Received distance: 46.73609204438333 cm | Severity=75 | SourceName=Motor | EventType=application | SourceNode=ns=1;s=MotorSource
[Anomaly Input] [2026-08-15 16:57:35.478 (UTC)] info/application	[Motor] Distance safe (46.73609204438333); rotating motor to 90 degrees | Severity=75 | SourceName=Motor | EventType=application | SourceNode=ns=1;s=MotorSource
[Anomaly Input] [2026-08-15 16:57:35.919 (UTC)] info/application	[Motor] Received distance: 24.91786935502564 cm | Severity=75 | SourceName=Motor3 | EventType=application | SourceNode=ns=1;s=MotorSource3
[Anomaly Input] [2026-08-15 16:57:35.919 (UTC)] info/application	[Motor] Received distance: 33.222307964797274 cm | Severity=75 | SourceName=Motor2 | EventType=application | SourceNode=ns=1;s=MotorSource2
[Anomaly Input] [2026-08-15 16:57:35.919 (UTC)] info/application	[Motor] Distance safe (24.91786935502564); rotating motor to 90 degrees | Severity=75 | SourceName=Motor3 | EventType=application | SourceNode=ns=1;s=MotorSource3
[Anomaly Input] [2026-08-15 16:57:35.919 (UTC)] info/application	[Motor] Distance safe (33.222307964797274); rotating motor to 90 degrees | Severity=75 | SourceName=Motor2 | EventType=application | SourceNode=ns=1;s=MotorSource2
[Anomaly Input] [2026-08-15 16:57:35.970 (UTC)] info/application	[Sensor] Updated distance: 16.222691810793563 cm | Severity=75 | SourceName=Sensor | EventType=application | SourceNode=ns=1;s=SensorSource
[Anomaly Input] [2026-08-15 16:57:36.374 (UTC)] info/application	[Sensor] Updated distance: 44.47011385600553 cm | Severity=75 | SourceName=Sensor2 | EventType=application | SourceNode=ns=1;s=SensorSource2
[Anomaly Input] [2026-08-15 16:57:36.374 (UTC)] info/application	[Sensor] Updated distance: 33.73240468638595 cm | Severity=75 | SourceName=Sensor3 | EventType=application | SourceNode=ns=1;s=SensorSource3
[Anomaly Input] [2026-08-15 16:57:36.476 (UTC)] info/application	[Motor] Received distance: 16.222691810793563 cm | Severity=75 | SourceName=Motor | EventType=application | SourceNode=ns=1;s=MotorSource
[Anomaly Input] [2026-08-15 16:57:36.476 (UTC)] warn/application	[Motor] Distance too close (16.222691810793563); rotating motor to 0 degrees | Severity=175 | SourceName=Motor | EventType=application | SourceNode=ns=1;s=MotorSource
[Anomaly Input] [2026-08-15 16:57:36.921 (UTC)] info/application	[Motor] Received distance: 33.73240468638595 cm | Severity=75 | SourceName=Motor3 | EventType=application | SourceNode=ns=1;s=MotorSource3
[Anomaly Input] [2026-08-15 16:57:36.921 (UTC)] info/application	[Motor] Received distance: 44.47011385600553 cm | Severity=75 | SourceName=Motor2 | EventType=application | SourceNode=ns=1;s=MotorSource2
[Anomaly Input] [2026-08-15 16:57:36.921 (UTC)] info/application	[Motor] Distance safe (33.73240468638595); rotating motor to 90 degrees | Severity=75 | SourceName=Motor3 | EventType=application | SourceNode=ns=1;s=MotorSource3
[Anomaly Input] [2026-08-15 16:57:36.921 (UTC)] info/application	[Motor] Distance safe (44.47011385600553); rotating motor to 90 degrees | Severity=75 | SourceName=Motor2 | EventType=application | SourceNode=ns=1;s=MotorSource2
[Anomaly Input] [2026-08-15 16:57:36.972 (UTC)] info/application	[Sensor] Updated distance: 44.90703151137895 cm | Severity=75 | SourceName=Sensor | EventType=application | SourceNode=ns=1;s=SensorSource
[Anomaly Input] [2026-08-15 16:57:37.377 (UTC)] info/application	[Sensor] Updated distance: 17.349534667725457 cm | Severity=75 | SourceName=Sensor2 | EventType=application | SourceNode=ns=1;s=SensorSource2
[Anomaly Input] [2026-08-15 16:57:37.377 (UTC)] info/application	[Sensor] Updated distance: 18.929345474079877 cm | Severity=75 | SourceName=Sensor3 | EventType=application | SourceNode=ns=1;s=SensorSource3
[Anomaly Input] [2026-08-15 16:57:37.468 (UTC)] info/application	[Motor] Received distance: 44.90703151137895 cm | Severity=75 | SourceName=Motor | EventType=application | SourceNode=ns=1;s=MotorSource
[Anomaly Input] [2026-08-15 16:57:37.468 (UTC)] info/application	[Motor] Distance safe (44.90703151137895); rotating motor to 90 degrees | Severity=75 | SourceName=Motor | EventType=application | SourceNode=ns=1;s=MotorSource
[Anomaly Input] [2026-08-15 16:57:37.931 (UTC)] info/application	[Motor] Received distance: 17.349534667725457 cm | Severity=75 | SourceName=Motor2 | EventType=application | SourceNode=ns=1;s=MotorSource2
[Anomaly Input] [2026-08-15 16:57:37.931 (UTC)] info/application	[Motor] Received distance: 18.929345474079877 cm | Severity=75 | SourceName=Motor3 | EventType=application | SourceNode=ns=1;s=MotorSource3
[Anomaly Input] [2026-08-15 16:57:37.931 (UTC)] warn/application	[Motor] Distance too close (17.349534667725457); rotating motor to 0 degrees | Severity=175 | SourceName=Motor2 | EventType=application | SourceNode=ns=1;s=MotorSource2
[Anomaly Input] [2026-08-15 16:57:37.931 (UTC)] warn/application	[Motor] Distance too close (18.929345474079877); rotating motor to 0 degrees | Severity=175 | SourceName=Motor3 | EventType=application | SourceNode=ns=1;s=MotorSource3
[Anomaly Input] [2026-08-15 16:57:37.973 (UTC)] info/application	[Sensor] Updated distance: 35.851486624149366 cm | Severity=75 | SourceName=Sensor | EventType=application | SourceNode=ns=1;s=SensorSource
[Anomaly Input] [2026-08-15 16:57:38.368 (UTC)] info/application	[Sensor] Updated distance: 12.401577127353091 cm | Severity=75 | SourceName=Sensor3 | EventType=application | SourceNode=ns=1;s=SensorSource3
[Anomaly Input] [2026-08-15 16:57:38.378 (UTC)] info/application	[Sensor] Updated distance: 25.02749573021545 cm | Severity=75 | SourceName=Sensor2 | EventType=application | SourceNode=ns=1;s=SensorSource2
[Anomaly Input] [2026-08-15 16:57:38.478 (UTC)] info/application	[Motor] Received distance: 35.851486624149366 cm | Severity=75 | SourceName=Motor | EventType=application | SourceNode=ns=1;s=MotorSource
[Anomaly Input] [2026-08-15 16:57:38.478 (UTC)] info/application	[Motor] Distance safe (35.851486624149366); rotating motor to 90 degrees | Severity=75 | SourceName=Motor | EventType=application | SourceNode=ns=1;s=MotorSource
[Anomaly Input] [2026-08-15 16:57:38.924 (UTC)] info/application	[Motor] Received distance: 12.401577127353091 cm | Severity=75 | SourceName=Motor3 | EventType=application | SourceNode=ns=1;s=MotorSource3
[Anomaly Input] [2026-08-15 16:57:38.924 (UTC)] info/application	[Motor] Received distance: 25.02749573021545 cm | Severity=75 | SourceName=Motor2 | EventType=application | SourceNode=ns=1;s=MotorSource2
[Anomaly Input] [2026-08-15 16:57:38.924 (UTC)] warn/application	[Motor] Distance too close (12.401577127353091); rotating motor to 0 degrees | Severity=175 | SourceName=Motor3 | EventType=application | SourceNode=ns=1;s=MotorSource3
[Anomaly Input] [2026-08-15 16:57:38.924 (UTC)] info/application	[Motor] Distance safe (25.02749573021545); rotating motor to 90 degrees | Severity=75 | SourceName=Motor2 | EventType=application | SourceNode=ns=1;s=MotorSource2
[Anomaly Input] [2026-08-15 16:57:38.975 (UTC)] info/application	[Sensor] Updated distance: 22.175526084460095 cm | Severity=75 | SourceName=Sensor | EventType=application | SourceNode=ns=1;s=SensorSource
[Anomaly Input] [2026-08-15 16:57:39.370 (UTC)] info/application	[Sensor] Updated distance: 23.421518924376702 cm | Severity=75 | SourceName=Sensor3 | EventType=application | SourceNode=ns=1;s=SensorSource3
[Anomaly Input] [2026-08-15 16:57:39.380 (UTC)] info/application	[Sensor] Updated distance: 22.77536393179342 cm | Severity=75 | SourceName=Sensor2 | EventType=application | SourceNode=ns=1;s=SensorSource2
[Anomaly Input] [2026-08-15 16:57:39.471 (UTC)] info/application	[Motor] Received distance: 22.175526084460095 cm | Severity=75 | SourceName=Motor | EventType=application | SourceNode=ns=1;s=MotorSource
[Anomaly Input] [2026-08-15 16:57:39.471 (UTC)] info/application	[Motor] Distance safe (22.175526084460095); rotating motor to 90 degrees | Severity=75 | SourceName=Motor | EventType=application | SourceNode=ns=1;s=MotorSource
[Anomaly Input] [2026-08-15 16:57:39.916 (UTC)] info/application	[Motor] Received distance: 22.77536393179342 cm | Severity=75 | SourceName=Motor2 | EventType=application | SourceNode=ns=1;s=MotorSource2
[Anomaly Input] [2026-08-15 16:57:39.916 (UTC)] info/application	[Motor] Received distance: 23.421518924376702 cm | Severity=75 | SourceName=Motor3 | EventType=application | SourceNode=ns=1;s=MotorSource3
[Anomaly Input] [2026-08-15 16:57:39.916 (UTC)] info/application	[Motor] Distance safe (22.77536393179342); rotating motor to 90 degrees | Severity=75 | SourceName=Motor2 | EventType=application | SourceNode=ns=1;s=MotorSource2
[Anomaly Input] [2026-08-15 16:57:39.916 (UTC)] info/application	[Motor] Distance safe (23.421518924376702); rotating motor to 90 degrees | Severity=75 | SourceName=Motor3 | EventType=application | SourceNode=ns=1;s=MotorSource3
[Anomaly Input] [2026-08-15 16:57:39.966 (UTC)] info/application	[Sensor] Updated distance: 21.070159518658258 cm | Severity=75 | SourceName=Sensor | EventType=application | SourceNode=ns=1;s=SensorSource
[Anomaly Input] [2026-08-15 16:57:40.371 (UTC)] info/application	[Sensor] Updated distance: 28.41748550274292 cm | Severity=75 | SourceName=Sensor3 | EventType=application | SourceNode=ns=1;s=SensorSource3
[Anomaly Input] [2026-08-15 16:57:40.371 (UTC)] info/application	[Sensor] Updated distance: 14.210949128591897 cm | Severity=75 | SourceName=Sensor2 | EventType=application | SourceNode=ns=1;s=SensorSource2
[Anomaly Input] [2026-08-15 16:57:40.477 (UTC)] info/application	[Motor] Received distance: 21.070159518658258 cm | Severity=75 | SourceName=Motor | EventType=application | SourceNode=ns=1;s=MotorSource
[Anomaly Input] [2026-08-15 16:57:40.477 (UTC)] info/application	[Motor] Distance safe (21.070159518658258); rotating motor to 90 degrees | Severity=75 | SourceName=Motor | EventType=application | SourceNode=ns=1;s=MotorSource
[Anomaly Input] [2026-08-15 16:57:40.920 (UTC)] info/application	[Motor] Received distance: 14.210949128591897 cm | Severity=75 | SourceName=Motor2 | EventType=application | SourceNode=ns=1;s=MotorSource2
[Anomaly Input] [2026-08-15 16:57:40.921 (UTC)] info/application	[Motor] Received distance: 28.41748550274292 cm | Severity=75 | SourceName=Motor3 | EventType=application | SourceNode=ns=1;s=MotorSource3
[Anomaly Input] [2026-08-15 16:57:40.920 (UTC)] warn/application	[Motor] Distance too close (14.210949128591897); rotating motor to 0 degrees | Severity=175 | SourceName=Motor2 | EventType=application | SourceNode=ns=1;s=MotorSource2
[Anomaly Input] [2026-08-15 16:57:40.921 (UTC)] info/application	[Motor] Distance safe (28.41748550274292); rotating motor to 90 degrees | Severity=75 | SourceName=Motor3 | EventType=application | SourceNode=ns=1;s=MotorSource3
[Anomaly Input] [2026-08-15 16:57:40.968 (UTC)] info/application	[Sensor] Updated distance: 8.58280700751711 cm | Severity=75 | SourceName=Sensor | EventType=application | SourceNode=ns=1;s=SensorSource
[Anomaly Input] [2026-08-15 16:57:41.373 (UTC)] info/application	[Sensor] Updated distance: 14.84801480772347 cm | Severity=75 | SourceName=Sensor3 | EventType=application | SourceNode=ns=1;s=SensorSource3
[Anomaly Input] [2026-08-15 16:57:41.373 (UTC)] info/application	[Sensor] Updated distance: 26.004427064212237 cm | Severity=75 | SourceName=Sensor2 | EventType=application | SourceNode=ns=1;s=SensorSource2
[Anomaly Input] [2026-08-15 16:57:41.479 (UTC)] info/application	[Motor] Received distance: 8.58280700751711 cm | Severity=75 | SourceName=Motor | EventType=application | SourceNode=ns=1;s=MotorSource
[Anomaly Input] [2026-08-15 16:57:41.479 (UTC)] warn/application	[Motor] Distance too close (8.58280700751711); rotating motor to 0 degrees | Severity=175 | SourceName=Motor | EventType=application | SourceNode=ns=1;s=MotorSource
[Anomaly Input] [2026-08-15 16:57:41.920 (UTC)] info/application	[Motor] Received distance: 14.84801480772347 cm | Severity=75 | SourceName=Motor3 | EventType=application | SourceNode=ns=1;s=MotorSource3
[Anomaly Input] [2026-08-15 16:57:41.920 (UTC)] info/application	[Motor] Received distance: 26.004427064212237 cm | Severity=75 | SourceName=Motor2 | EventType=application | SourceNode=ns=1;s=MotorSource2
[Anomaly Input] [2026-08-15 16:57:41.920 (UTC)] warn/application	[Motor] Distance too close (14.84801480772347); rotating motor to 0 degrees | Severity=175 | SourceName=Motor3 | EventType=application | SourceNode=ns=1;s=MotorSource3
[Anomaly Input] [2026-08-15 16:57:41.920 (UTC)] info/application	[Motor] Distance safe (26.004427064212237); rotating motor to 90 degrees | Severity=75 | SourceName=Motor2 | EventType=application | SourceNode=ns=1;s=MotorSource2
[Anomaly Input] [2026-08-15 16:57:41.971 (UTC)] info/application	[Sensor] Updated distance: 22.355017343701338 cm | Severity=75 | SourceName=Sensor | EventType=application | SourceNode=ns=1;s=SensorSource
[Anomaly Input] [2026-08-15 16:57:42.375 (UTC)] info/application	[Sensor] Updated distance: 48.83904398178637 cm | Severity=75 | SourceName=Sensor3 | EventType=application | SourceNode=ns=1;s=SensorSource3
[Anomaly Input] [2026-08-15 16:57:42.375 (UTC)] info/application	[Sensor] Updated distance: 20.942680516719204 cm | Severity=75 | SourceName=Sensor2 | EventType=application | SourceNode=ns=1;s=SensorSource2
[Anomaly Input] [2026-08-15 16:57:42.469 (UTC)] info/application	[Motor] Received distance: 22.355017343701338 cm | Severity=75 | SourceName=Motor | EventType=application | SourceNode=ns=1;s=MotorSource
[Anomaly Input] [2026-08-15 16:57:42.469 (UTC)] info/application	[Motor] Distance safe (22.355017343701338); rotating motor to 90 degrees | Severity=75 | SourceName=Motor | EventType=application | SourceNode=ns=1;s=MotorSource
[Anomaly Input] [2026-08-15 16:57:42.922 (UTC)] info/application	[Motor] Received distance: 20.942680516719204 cm | Severity=75 | SourceName=Motor2 | EventType=application | SourceNode=ns=1;s=MotorSource2
[Anomaly Input] [2026-08-15 16:57:42.922 (UTC)] info/application	[Motor] Received distance: 48.83904398178637 cm | Severity=75 | SourceName=Motor3 | EventType=application | SourceNode=ns=1;s=MotorSource3
[Anomaly Input] [2026-08-15 16:57:42.922 (UTC)] info/application	[Motor] Distance safe (20.942680516719204); rotating motor to 90 degrees | Severity=75 | SourceName=Motor2 | EventType=application | SourceNode=ns=1;s=MotorSource2
[Anomaly Input] [2026-08-15 16:57:42.922 (UTC)] info/application	[Motor] Distance safe (48.83904398178637); rotating motor to 90 degrees | Severity=75 | SourceName=Motor3 | EventType=application | SourceNode=ns=1;s=MotorSource3
[Anomaly Input] [2026-08-15 16:57:42.972 (UTC)] info/application	[Sensor] Updated distance: 37.111841687519025 cm | Severity=75 | SourceName=Sensor | EventType=application | SourceNode=ns=1;s=SensorSource
[Anomaly Input] [2026-08-15 16:57:43.377 (UTC)] info/application	[Sensor] Updated distance: 10.012876208877598 cm | Severity=75 | SourceName=Sensor3 | EventType=application | SourceNode=ns=1;s=SensorSource3
[Anomaly Input] [2026-08-15 16:57:43.377 (UTC)] info/application	[Sensor] Updated distance: 20.33186937232123 cm | Severity=75 | SourceName=Sensor2 | EventType=application | SourceNode=ns=1;s=SensorSource2
[Anomaly Input] [2026-08-15 16:57:43.478 (UTC)] info/application	[Motor] Received distance: 37.111841687519025 cm | Severity=75 | SourceName=Motor | EventType=application | SourceNode=ns=1;s=MotorSource
[Anomaly Input] [2026-08-15 16:57:43.478 (UTC)] info/application	[Motor] Distance safe (37.111841687519025); rotating motor to 90 degrees | Severity=75 | SourceName=Motor | EventType=application | SourceNode=ns=1;s=MotorSource
[Anomaly Input] [2026-08-15 16:57:43.931 (UTC)] info/application	[Motor] Received distance: 10.012876208877598 cm | Severity=75 | SourceName=Motor3 | EventType=application | SourceNode=ns=1;s=MotorSource3
[Anomaly Input] [2026-08-15 16:57:43.931 (UTC)] info/application	[Motor] Received distance: 20.33186937232123 cm | Severity=75 | SourceName=Motor2 | EventType=application | SourceNode=ns=1;s=MotorSource2
[Anomaly Input] [2026-08-15 16:57:43.931 (UTC)] warn/application	[Motor] Distance too close (10.012876208877598); rotating motor to 0 degrees | Severity=175 | SourceName=Motor3 | EventType=application | SourceNode=ns=1;s=MotorSource3
[Anomaly Input] [2026-08-15 16:57:43.931 (UTC)] info/application	[Motor] Distance safe (20.33186937232123); rotating motor to 90 degrees | Severity=75 | SourceName=Motor2 | EventType=application | SourceNode=ns=1;s=MotorSource2
[Anomaly Input] [2026-08-15 16:57:43.974 (UTC)] info/application	[Sensor] Updated distance: 27.65336157085996 cm | Severity=75 | SourceName=Sensor | EventType=application | SourceNode=ns=1;s=SensorSource
[Anomaly Input] [2026-08-15 16:57:44.368 (UTC)] info/application	[Sensor] Updated distance: 38.82573279218084 cm | Severity=75 | SourceName=Sensor3 | EventType=application | SourceNode=ns=1;s=SensorSource3
[Anomaly Input] [2026-08-15 16:57:44.379 (UTC)] info/application	[Sensor] Updated distance: 40.73818166122687 cm | Severity=75 | SourceName=Sensor2 | EventType=application | SourceNode=ns=1;s=SensorSource2
[Anomaly Input] [2026-08-15 16:57:44.470 (UTC)] info/application	[Motor] Received distance: 27.65336157085996 cm | Severity=75 | SourceName=Motor | EventType=application | SourceNode=ns=1;s=MotorSource
[Anomaly Input] [2026-08-15 16:57:44.470 (UTC)] info/application	[Motor] Distance safe (27.65336157085996); rotating motor to 90 degrees | Severity=75 | SourceName=Motor | EventType=application | SourceNode=ns=1;s=MotorSource
[Anomaly Input] [2026-08-15 16:57:44.920 (UTC)] info/application	[Motor] Received distance: 40.73818166122687 cm | Severity=75 | SourceName=Motor2 | EventType=application | SourceNode=ns=1;s=MotorSource2
[Anomaly Input] [2026-08-15 16:57:44.920 (UTC)] info/application	[Motor] Received distance: 38.82573279218084 cm | Severity=75 | SourceName=Motor3 | EventType=application | SourceNode=ns=1;s=MotorSource3
[Anomaly Input] [2026-08-15 16:57:44.920 (UTC)] info/application	[Motor] Distance safe (40.73818166122687); rotating motor to 90 degrees | Severity=75 | SourceName=Motor2 | EventType=application | SourceNode=ns=1;s=MotorSource2
[Anomaly Input] [2026-08-15 16:57:44.920 (UTC)] info/application	[Motor] Distance safe (38.82573279218084); rotating motor to 90 degrees | Severity=75 | SourceName=Motor3 | EventType=application | SourceNode=ns=1;s=MotorSource3
[Anomaly Input] [2026-08-15 16:57:44.976 (UTC)] info/application	[Sensor] Updated distance: 34.17286006369295 cm | Severity=75 | SourceName=Sensor | EventType=application | SourceNode=ns=1;s=SensorSource
[Anomaly Input] [2026-08-15 16:57:45.370 (UTC)] info/application	[Sensor] Updated distance: 34.35395179705412 cm | Severity=75 | SourceName=Sensor3 | EventType=application | SourceNode=ns=1;s=SensorSource3
[Anomaly Input] [2026-08-15 16:57:45.370 (UTC)] info/application	[Sensor] Updated distance: 16.698317072679437 cm | Severity=75 | SourceName=Sensor2 | EventType=application | SourceNode=ns=1;s=SensorSource2
[Anomaly Input] [2026-08-15 16:57:45.477 (UTC)] info/application	[Motor] Received distance: 34.17286006369295 cm | Severity=75 | SourceName=Motor | EventType=application | SourceNode=ns=1;s=MotorSource
[Anomaly Input] [2026-08-15 16:57:45.477 (UTC)] info/application	[Motor] Distance safe (34.17286006369295); rotating motor to 90 degrees | Severity=75 | SourceName=Motor | EventType=application | SourceNode=ns=1;s=MotorSource
[Anomaly Input] [2026-08-15 16:57:45.917 (UTC)] info/application	[Motor] Received distance: 16.698317072679437 cm | Severity=75 | SourceName=Motor2 | EventType=application | SourceNode=ns=1;s=MotorSource2
[Anomaly Input] [2026-08-15 16:57:45.921 (UTC)] info/application	[Motor] Received distance: 34.35395179705412 cm | Severity=75 | SourceName=Motor3 | EventType=application | SourceNode=ns=1;s=MotorSource3
[Anomaly Input] [2026-08-15 16:57:45.917 (UTC)] warn/application	[Motor] Distance too close (16.698317072679437); rotating motor to 0 degrees | Severity=175 | SourceName=Motor2 | EventType=application | SourceNode=ns=1;s=MotorSource2
[Anomaly Input] [2026-08-15 16:57:45.921 (UTC)] info/application	[Motor] Distance safe (34.35395179705412); rotating motor to 90 degrees | Severity=75 | SourceName=Motor3 | EventType=application | SourceNode=ns=1;s=MotorSource3
[Anomaly Input] [2026-08-15 16:57:45.967 (UTC)] info/application	[Sensor] Updated distance: 47.56486092394444 cm | Severity=75 | SourceName=Sensor | EventType=application | SourceNode=ns=1;s=SensorSource
[Anomaly Input] [2026-08-15 16:57:46.372 (UTC)] info/application	[Sensor] Updated distance: 16.611042953380867 cm | Severity=75 | SourceName=Sensor2 | EventType=application | SourceNode=ns=1;s=SensorSource2
[Anomaly Input] [2026-08-15 16:57:46.372 (UTC)] info/application	[Sensor] Updated distance: 46.59702116092528 cm | Severity=75 | SourceName=Sensor3 | EventType=application | SourceNode=ns=1;s=SensorSource3
[Anomaly Input] [2026-08-15 16:57:46.473 (UTC)] info/application	[Motor] Received distance: 47.56486092394444 cm | Severity=75 | SourceName=Motor | EventType=application | SourceNode=ns=1;s=MotorSource
[Anomaly Input] [2026-08-15 16:57:46.473 (UTC)] info/application	[Motor] Distance safe (47.56486092394444); rotating motor to 90 degrees | Severity=75 | SourceName=Motor | EventType=application | SourceNode=ns=1;s=MotorSource
[Anomaly Input] [2026-08-15 16:57:46.919 (UTC)] info/application	[Motor] Received distance: 46.59702116092528 cm | Severity=75 | SourceName=Motor3 | EventType=application | SourceNode=ns=1;s=MotorSource3
[Anomaly Input] [2026-08-15 16:57:46.919 (UTC)] info/application	[Motor] Received distance: 16.611042953380867 cm | Severity=75 | SourceName=Motor2 | EventType=application | SourceNode=ns=1;s=MotorSource2
[Anomaly Input] [2026-08-15 16:57:46.919 (UTC)] info/application	[Motor] Distance safe (46.59702116092528); rotating motor to 90 degrees | Severity=75 | SourceName=Motor3 | EventType=application | SourceNode=ns=1;s=MotorSource3
[Anomaly Input] [2026-08-15 16:57:46.919 (UTC)] warn/application	[Motor] Distance too close (16.611042953380867); rotating motor to 0 degrees | Severity=175 | SourceName=Motor2 | EventType=application | SourceNode=ns=1;s=MotorSource2
[Anomaly Input] [2026-08-15 16:57:46.968 (UTC)] info/application	[Sensor] Updated distance: 24.96000435527414 cm | Severity=75 | SourceName=Sensor | EventType=application | SourceNode=ns=1;s=SensorSource
[Anomaly Input] [2026-08-15 16:57:47.374 (UTC)] info/application	[Sensor] Updated distance: 4.205065758063023 cm | Severity=75 | SourceName=Sensor2 | EventType=application | SourceNode=ns=1;s=SensorSource2
[Anomaly Input] [2026-08-15 16:57:47.374 (UTC)] info/application	[Sensor] Updated distance: 40.73269915894265 cm | Severity=75 | SourceName=Sensor3 | EventType=application | SourceNode=ns=1;s=SensorSource3
[Anomaly Input] [2026-08-15 16:57:47.478 (UTC)] info/application	[Motor] Received distance: 24.96000435527414 cm | Severity=75 | SourceName=Motor | EventType=application | SourceNode=ns=1;s=MotorSource
[Anomaly Input] [2026-08-15 16:57:47.478 (UTC)] info/application	[Motor] Distance safe (24.96000435527414); rotating motor to 90 degrees | Severity=75 | SourceName=Motor | EventType=application | SourceNode=ns=1;s=MotorSource
[Anomaly Input] [2026-08-15 16:57:47.920 (UTC)] info/application	[Motor] Received distance: 40.73269915894265 cm | Severity=75 | SourceName=Motor3 | EventType=application | SourceNode=ns=1;s=MotorSource3
[Anomaly Input] [2026-08-15 16:57:47.921 (UTC)] info/application	[Motor] Received distance: 4.205065758063023 cm | Severity=75 | SourceName=Motor2 | EventType=application | SourceNode=ns=1;s=MotorSource2
[Anomaly Input] [2026-08-15 16:57:47.920 (UTC)] info/application	[Motor] Distance safe (40.73269915894265); rotating motor to 90 degrees | Severity=75 | SourceName=Motor3 | EventType=application | SourceNode=ns=1;s=MotorSource3
[Anomaly Input] [2026-08-15 16:57:47.921 (UTC)] warn/application	[Motor] Distance too close (4.205065758063023); rotating motor to 0 degrees | Severity=175 | SourceName=Motor2 | EventType=application | SourceNode=ns=1;s=MotorSource2
[Anomaly Input] [2026-08-15 16:57:47.969 (UTC)] info/application	[Sensor] Updated distance: 12.511988272197538 cm | Severity=75 | SourceName=Sensor | EventType=application | SourceNode=ns=1;s=SensorSource
[Anomaly Input] [2026-08-15 16:57:48.376 (UTC)] info/application	[Sensor] Updated distance: 8.904386434193881 cm | Severity=75 | SourceName=Sensor3 | EventType=application | SourceNode=ns=1;s=SensorSource3
[Anomaly Input] [2026-08-15 16:57:48.376 (UTC)] info/application	[Sensor] Updated distance: 13.456182038158262 cm | Severity=75 | SourceName=Sensor2 | EventType=application | SourceNode=ns=1;s=SensorSource2
[Anomaly Input] [2026-08-15 16:57:48.469 (UTC)] info/application	[Motor] Received distance: 12.511988272197538 cm | Severity=75 | SourceName=Motor | EventType=application | SourceNode=ns=1;s=MotorSource
[Anomaly Input] [2026-08-15 16:57:48.469 (UTC)] warn/application	[Motor] Distance too close (12.511988272197538); rotating motor to 0 degrees | Severity=175 | SourceName=Motor | EventType=application | SourceNode=ns=1;s=MotorSource
[Anomaly Input] [2026-08-15 16:57:48.931 (UTC)] info/application	[Motor] Received distance: 13.456182038158262 cm | Severity=75 | SourceName=Motor2 | EventType=application | SourceNode=ns=1;s=MotorSource2
[Anomaly Input] [2026-08-15 16:57:48.931 (UTC)] info/application	[Motor] Received distance: 8.904386434193881 cm | Severity=75 | SourceName=Motor3 | EventType=application | SourceNode=ns=1;s=MotorSource3
[Anomaly Input] [2026-08-15 16:57:48.931 (UTC)] warn/application	[Motor] Distance too close (13.456182038158262); rotating motor to 0 degrees | Severity=175 | SourceName=Motor2 | EventType=application | SourceNode=ns=1;s=MotorSource2
[Anomaly Input] [2026-08-15 16:57:48.931 (UTC)] warn/application	[Motor] Distance too close (8.904386434193881); rotating motor to 0 degrees | Severity=175 | SourceName=Motor3 | EventType=application | SourceNode=ns=1;s=MotorSource3
[Anomaly Input] [2026-08-15 16:57:48.972 (UTC)] info/application	[Sensor] Updated distance: 22.681052210126563 cm | Severity=75 | SourceName=Sensor | EventType=application | SourceNode=ns=1;s=SensorSource
[Anomaly Input] [2026-08-15 16:57:49.376 (UTC)] info/application	[Sensor] Updated distance: 9.584103237643886 cm | Severity=75 | SourceName=Sensor2 | EventType=application | SourceNode=ns=1;s=SensorSource2
[Anomaly Input] [2026-08-15 16:57:49.377 (UTC)] info/application	[Sensor] Updated distance: 31.510316713485082 cm | Severity=75 | SourceName=Sensor3 | EventType=application | SourceNode=ns=1;s=SensorSource3
[Anomaly Input] [2026-08-15 16:57:49.478 (UTC)] info/application	[Motor] Received distance: 22.681052210126563 cm | Severity=75 | SourceName=Motor | EventType=application | SourceNode=ns=1;s=MotorSource
[Anomaly Input] [2026-08-15 16:57:49.478 (UTC)] info/application	[Motor] Distance safe (22.681052210126563); rotating motor to 90 degrees | Severity=75 | SourceName=Motor | EventType=application | SourceNode=ns=1;s=MotorSource
[Anomaly Input] [2026-08-15 16:57:49.924 (UTC)] info/application	[Motor] Received distance: 31.510316713485082 cm | Severity=75 | SourceName=Motor3 | EventType=application | SourceNode=ns=1;s=MotorSource3
[Anomaly Input] [2026-08-15 16:57:49.924 (UTC)] info/application	[Motor] Received distance: 9.584103237643886 cm | Severity=75 | SourceName=Motor2 | EventType=application | SourceNode=ns=1;s=MotorSource2
[Anomaly Input] [2026-08-15 16:57:49.924 (UTC)] info/application	[Motor] Distance safe (31.510316713485082); rotating motor to 90 degrees | Severity=75 | SourceName=Motor3 | EventType=application | SourceNode=ns=1;s=MotorSource3
[Anomaly Input] [2026-08-15 16:57:49.924 (UTC)] warn/application	[Motor] Distance too close (9.584103237643886); rotating motor to 0 degrees | Severity=175 | SourceName=Motor2 | EventType=application | SourceNode=ns=1;s=MotorSource2
[Anomaly Input] [2026-08-15 16:57:49.975 (UTC)] info/application	[Sensor] Updated distance: 12.125657302385967 cm | Severity=75 | SourceName=Sensor | EventType=application | SourceNode=ns=1;s=SensorSource
[Anomaly Input] [2026-08-15 16:57:50.370 (UTC)] info/application	[Sensor] Updated distance: 37.10541135962373 cm | Severity=75 | SourceName=Sensor3 | EventType=application | SourceNode=ns=1;s=SensorSource3
[Anomaly Input] [2026-08-15 16:57:50.380 (UTC)] info/application	[Sensor] Updated distance: 11.413251188310445 cm | Severity=75 | SourceName=Sensor2 | EventType=application | SourceNode=ns=1;s=SensorSource2
[Anomaly Input] [2026-08-15 16:57:50.471 (UTC)] info/application	[Motor] Received distance: 12.125657302385967 cm | Severity=75 | SourceName=Motor | EventType=application | SourceNode=ns=1;s=MotorSource
[Anomaly Input] [2026-08-15 16:57:50.471 (UTC)] warn/application	[Motor] Distance too close (12.125657302385967); rotating motor to 0 degrees | Severity=175 | SourceName=Motor | EventType=application | SourceNode=ns=1;s=MotorSource
[Anomaly Input] [2026-08-15 16:57:50.916 (UTC)] info/application	[Motor] Received distance: 37.10541135962373 cm | Severity=75 | SourceName=Motor3 | EventType=application | SourceNode=ns=1;s=MotorSource3
[Anomaly Input] [2026-08-15 16:57:50.916 (UTC)] info/application	[Motor] Received distance: 11.413251188310445 cm | Severity=75 | SourceName=Motor2 | EventType=application | SourceNode=ns=1;s=MotorSource2
[Anomaly Input] [2026-08-15 16:57:50.916 (UTC)] info/application	[Motor] Distance safe (37.10541135962373); rotating motor to 90 degrees | Severity=75 | SourceName=Motor3 | EventType=application | SourceNode=ns=1;s=MotorSource3
[Anomaly Input] [2026-08-15 16:57:50.916 (UTC)] warn/application	[Motor] Distance too close (11.413251188310445); rotating motor to 0 degrees | Severity=175 | SourceName=Motor2 | EventType=application | SourceNode=ns=1;s=MotorSource2
[Anomaly Input] [2026-08-15 16:57:50.967 (UTC)] info/application	[Sensor] Updated distance: 25.935997564315795 cm | Severity=75 | SourceName=Sensor | EventType=application | SourceNode=ns=1;s=SensorSource
[Anomaly Input] [2026-08-15 16:57:51.371 (UTC)] info/application	[Sensor] Updated distance: 2.812740065535875 cm | Severity=75 | SourceName=Sensor3 | EventType=application | SourceNode=ns=1;s=SensorSource3
[Anomaly Input] [2026-08-15 16:57:51.371 (UTC)] info/application	[Sensor] Updated distance: 13.023406696982406 cm | Severity=75 | SourceName=Sensor2 | EventType=application | SourceNode=ns=1;s=SensorSource2
[Anomaly Input] [2026-08-15 16:57:51.478 (UTC)] info/application	[Motor] Received distance: 25.935997564315795 cm | Severity=75 | SourceName=Motor | EventType=application | SourceNode=ns=1;s=MotorSource
[Anomaly Input] [2026-08-15 16:57:51.478 (UTC)] info/application	[Motor] Distance safe (25.935997564315795); rotating motor to 90 degrees | Severity=75 | SourceName=Motor | EventType=application | SourceNode=ns=1;s=MotorSource
[Anomaly Input] [2026-08-15 16:57:51.921 (UTC)] info/application	[Motor] Received distance: 2.812740065535875 cm | Severity=75 | SourceName=Motor3 | EventType=application | SourceNode=ns=1;s=MotorSource3
[Anomaly Input] [2026-08-15 16:57:51.921 (UTC)] info/application	[Motor] Received distance: 13.023406696982406 cm | Severity=75 | SourceName=Motor2 | EventType=application | SourceNode=ns=1;s=MotorSource2
[Anomaly Input] [2026-08-15 16:57:51.921 (UTC)] warn/application	[Motor] Distance too close (2.812740065535875); rotating motor to 0 degrees | Severity=175 | SourceName=Motor3 | EventType=application | SourceNode=ns=1;s=MotorSource3
[Anomaly Input] [2026-08-15 16:57:51.921 (UTC)] warn/application	[Motor] Distance too close (13.023406696982406); rotating motor to 0 degrees | Severity=175 | SourceName=Motor2 | EventType=application | SourceNode=ns=1;s=MotorSource2
[Anomaly Input] [2026-08-15 16:57:51.969 (UTC)] info/application	[Sensor] Updated distance: 38.12597246660197 cm | Severity=75 | SourceName=Sensor | EventType=application | SourceNode=ns=1;s=SensorSource
[Anomaly Input] [2026-08-15 16:57:52.374 (UTC)] info/application	[Sensor] Updated distance: 19.651485458785427 cm | Severity=75 | SourceName=Sensor2 | EventType=application | SourceNode=ns=1;s=SensorSource2
[Anomaly Input] [2026-08-15 16:57:52.374 (UTC)] info/application	[Sensor] Updated distance: 37.26921252313499 cm | Severity=75 | SourceName=Sensor3 | EventType=application | SourceNode=ns=1;s=SensorSource3
[Anomaly Input] [2026-08-15 16:57:52.476 (UTC)] info/application	[Motor] Received distance: 38.12597246660197 cm | Severity=75 | SourceName=Motor | EventType=application | SourceNode=ns=1;s=MotorSource
[Anomaly Input] [2026-08-15 16:57:52.476 (UTC)] info/application	[Motor] Distance safe (38.12597246660197); rotating motor to 90 degrees | Severity=75 | SourceName=Motor | EventType=application | SourceNode=ns=1;s=MotorSource
[Anomaly Input] [2026-08-15 16:57:52.921 (UTC)] info/application	[Motor] Received distance: 37.26921252313499 cm | Severity=75 | SourceName=Motor3 | EventType=application | SourceNode=ns=1;s=MotorSource3
[Anomaly Input] [2026-08-15 16:57:52.921 (UTC)] info/application	[Motor] Received distance: 19.651485458785427 cm | Severity=75 | SourceName=Motor2 | EventType=application | SourceNode=ns=1;s=MotorSource2
[Anomaly Input] [2026-08-15 16:57:52.921 (UTC)] info/application	[Motor] Distance safe (37.26921252313499); rotating motor to 90 degrees | Severity=75 | SourceName=Motor3 | EventType=application | SourceNode=ns=1;s=MotorSource3
[Anomaly Input] [2026-08-15 16:57:52.921 (UTC)] warn/application	[Motor] Distance too close (19.651485458785427); rotating motor to 0 degrees | Severity=175 | SourceName=Motor2 | EventType=application | SourceNode=ns=1;s=MotorSource2
[Anomaly Input] [2026-08-15 16:57:52.972 (UTC)] info/application	[Sensor] Updated distance: 35.39059221064234 cm | Severity=75 | SourceName=Sensor | EventType=application | SourceNode=ns=1;s=SensorSource
[Anomaly Input] [2026-08-15 16:57:53.376 (UTC)] info/application	[Sensor] Updated distance: 14.120487717967707 cm | Severity=75 | SourceName=Sensor2 | EventType=application | SourceNode=ns=1;s=SensorSource2
[Anomaly Input] [2026-08-15 16:57:53.376 (UTC)] info/application	[Sensor] Updated distance: 3.390196577361876 cm | Severity=75 | SourceName=Sensor3 | EventType=application | SourceNode=ns=1;s=SensorSource3
[Anomaly Input] [2026-08-15 16:57:53.467 (UTC)] info/application	[Motor] Received distance: 35.39059221064234 cm | Severity=75 | SourceName=Motor | EventType=application | SourceNode=ns=1;s=MotorSource
[Anomaly Input] [2026-08-15 16:57:53.467 (UTC)] info/application	[Motor] Distance safe (35.39059221064234); rotating motor to 90 degrees | Severity=75 | SourceName=Motor | EventType=application | SourceNode=ns=1;s=MotorSource
[Anomaly Input] [2026-08-15 16:57:53.931 (UTC)] info/application	[Motor] Received distance: 3.390196577361876 cm | Severity=75 | SourceName=Motor3 | EventType=application | SourceNode=ns=1;s=MotorSource3
[Anomaly Input] [2026-08-15 16:57:53.931 (UTC)] info/application	[Motor] Received distance: 14.120487717967707 cm | Severity=75 | SourceName=Motor2 | EventType=application | SourceNode=ns=1;s=MotorSource2
[Anomaly Input] [2026-08-15 16:57:53.931 (UTC)] warn/application	[Motor] Distance too close (3.390196577361876); rotating motor to 0 degrees | Severity=175 | SourceName=Motor3 | EventType=application | SourceNode=ns=1;s=MotorSource3
[Anomaly Input] [2026-08-15 16:57:53.931 (UTC)] warn/application	[Motor] Distance too close (14.120487717967707); rotating motor to 0 degrees | Severity=175 | SourceName=Motor2 | EventType=application | SourceNode=ns=1;s=MotorSource2
[Anomaly Input] [2026-08-15 16:57:53.973 (UTC)] info/application	[Sensor] Updated distance: 4.717489497138881 cm | Severity=75 | SourceName=Sensor | EventType=application | SourceNode=ns=1;s=SensorSource
[Anomaly Input] [2026-08-15 16:57:54.368 (UTC)] info/application	[Sensor] Updated distance: 14.189378647221893 cm | Severity=75 | SourceName=Sensor3 | EventType=application | SourceNode=ns=1;s=SensorSource3
[Anomaly Input] [2026-08-15 16:57:54.378 (UTC)] info/application	[Sensor] Updated distance: 36.56851628542343 cm | Severity=75 | SourceName=Sensor2 | EventType=application | SourceNode=ns=1;s=SensorSource2
[Anomaly Input] [2026-08-15 16:57:54.478 (UTC)] info/application	[Motor] Received distance: 4.717489497138881 cm | Severity=75 | SourceName=Motor | EventType=application | SourceNode=ns=1;s=MotorSource
[Anomaly Input] [2026-08-15 16:57:54.478 (UTC)] warn/application	[Motor] Distance too close (4.717489497138881); rotating motor to 0 degrees | Severity=175 | SourceName=Motor | EventType=application | SourceNode=ns=1;s=MotorSource
[Anomaly Input] [2026-08-15 16:57:54.925 (UTC)] info/application	[Motor] Received distance: 14.189378647221893 cm | Severity=75 | SourceName=Motor3 | EventType=application | SourceNode=ns=1;s=MotorSource3
[Anomaly Input] [2026-08-15 16:57:54.925 (UTC)] info/application	[Motor] Received distance: 36.56851628542343 cm | Severity=75 | SourceName=Motor2 | EventType=application | SourceNode=ns=1;s=MotorSource2
[Anomaly Input] [2026-08-15 16:57:54.925 (UTC)] warn/application	[Motor] Distance too close (14.189378647221893); rotating motor to 0 degrees | Severity=175 | SourceName=Motor3 | EventType=application | SourceNode=ns=1;s=MotorSource3
[Anomaly Input] [2026-08-15 16:57:54.925 (UTC)] info/application	[Motor] Distance safe (36.56851628542343); rotating motor to 90 degrees | Severity=75 | SourceName=Motor2 | EventType=application | SourceNode=ns=1;s=MotorSource2
[Anomaly Input] [2026-08-15 16:57:54.975 (UTC)] info/application	[Sensor] Updated distance: 20.477016822657088 cm | Severity=75 | SourceName=Sensor | EventType=application | SourceNode=ns=1;s=SensorSource
[Anomaly Input] [2026-08-15 16:57:55.370 (UTC)] info/application	[Sensor] Updated distance: 30.668855062066044 cm | Severity=75 | SourceName=Sensor3 | EventType=application | SourceNode=ns=1;s=SensorSource3
[Anomaly Input] [2026-08-15 16:57:55.370 (UTC)] info/application	[Sensor] Updated distance: 2.581516415151542 cm | Severity=75 | SourceName=Sensor2 | EventType=application | SourceNode=ns=1;s=SensorSource2
[Anomaly Input] [2026-08-15 16:57:55.471 (UTC)] info/application	[Motor] Received distance: 20.477016822657088 cm | Severity=75 | SourceName=Motor | EventType=application | SourceNode=ns=1;s=MotorSource
[Anomaly Input] [2026-08-15 16:57:55.471 (UTC)] info/application	[Motor] Distance safe (20.477016822657088); rotating motor to 90 degrees | Severity=75 | SourceName=Motor | EventType=application | SourceNode=ns=1;s=MotorSource
[Anomaly Input] [2026-08-15 16:57:55.917 (UTC)] info/application	[Motor] Received distance: 30.668855062066044 cm | Severity=75 | SourceName=Motor3 | EventType=application | SourceNode=ns=1;s=MotorSource3
[Anomaly Input] [2026-08-15 16:57:55.917 (UTC)] info/application	[Motor] Received distance: 2.581516415151542 cm | Severity=75 | SourceName=Motor2 | EventType=application | SourceNode=ns=1;s=MotorSource2
[Anomaly Input] [2026-08-15 16:57:55.917 (UTC)] warn/application	[Motor] Distance too close (2.581516415151542); rotating motor to 0 degrees | Severity=175 | SourceName=Motor2 | EventType=application | SourceNode=ns=1;s=MotorSource2
[Anomaly Input] [2026-08-15 16:57:55.917 (UTC)] info/application	[Motor] Distance safe (30.668855062066044); rotating motor to 90 degrees | Severity=75 | SourceName=Motor3 | EventType=application | SourceNode=ns=1;s=MotorSource3
[Anomaly Input] [2026-08-15 16:57:55.968 (UTC)] info/application	[Sensor] Updated distance: 12.56350919351145 cm | Severity=75 | SourceName=Sensor | EventType=application | SourceNode=ns=1;s=SensorSource
[Anomaly Input] [2026-08-15 16:57:56.372 (UTC)] info/application	[Sensor] Updated distance: 21.63685963472205 cm | Severity=75 | SourceName=Sensor3 | EventType=application | SourceNode=ns=1;s=SensorSource3
[Anomaly Input] [2026-08-15 16:57:56.372 (UTC)] info/application	[Sensor] Updated distance: 3.536413022101118 cm | Severity=75 | SourceName=Sensor2 | EventType=application | SourceNode=ns=1;s=SensorSource2
[Anomaly Input] [2026-08-15 16:57:56.478 (UTC)] info/application	[Motor] Received distance: 12.56350919351145 cm | Severity=75 | SourceName=Motor | EventType=application | SourceNode=ns=1;s=MotorSource
[Anomaly Input] [2026-08-15 16:57:56.478 (UTC)] warn/application	[Motor] Distance too close (12.56350919351145); rotating motor to 0 degrees | Severity=175 | SourceName=Motor | EventType=application | SourceNode=ns=1;s=MotorSource
[Anomaly Input] [2026-08-15 16:57:56.920 (UTC)] info/application	[Motor] Received distance: 3.536413022101118 cm | Severity=75 | SourceName=Motor2 | EventType=application | SourceNode=ns=1;s=MotorSource2
[Anomaly Input] [2026-08-15 16:57:56.920 (UTC)] info/application	[Motor] Received distance: 21.63685963472205 cm | Severity=75 | SourceName=Motor3 | EventType=application | SourceNode=ns=1;s=MotorSource3
[Anomaly Input] [2026-08-15 16:57:56.920 (UTC)] info/application	[Motor] Distance safe (21.63685963472205); rotating motor to 90 degrees | Severity=75 | SourceName=Motor3 | EventType=application | SourceNode=ns=1;s=MotorSource3
[Anomaly Input] [2026-08-15 16:57:56.920 (UTC)] warn/application	[Motor] Distance too close (3.536413022101118); rotating motor to 0 degrees | Severity=175 | SourceName=Motor2 | EventType=application | SourceNode=ns=1;s=MotorSource2
[Anomaly Input] [2026-08-15 16:57:56.970 (UTC)] info/application	[Sensor] Updated distance: 19.613824696100234 cm | Severity=75 | SourceName=Sensor | EventType=application | SourceNode=ns=1;s=SensorSource
[Anomaly Input] [2026-08-15 16:57:57.375 (UTC)] info/application	[Sensor] Updated distance: 12.768641052194237 cm | Severity=75 | SourceName=Sensor2 | EventType=application | SourceNode=ns=1;s=SensorSource2
[Anomaly Input] [2026-08-15 16:57:57.375 (UTC)] info/application	[Sensor] Updated distance: 16.294972091119256 cm | Severity=75 | SourceName=Sensor3 | EventType=application | SourceNode=ns=1;s=SensorSource3
[Anomaly Input] [2026-08-15 16:57:57.476 (UTC)] info/application	[Motor] Received distance: 19.613824696100234 cm | Severity=75 | SourceName=Motor | EventType=application | SourceNode=ns=1;s=MotorSource
[Anomaly Input] [2026-08-15 16:57:57.476 (UTC)] warn/application	[Motor] Distance too close (19.613824696100234); rotating motor to 0 degrees | Severity=175 | SourceName=Motor | EventType=application | SourceNode=ns=1;s=MotorSource
[Anomaly Input] [2026-08-15 16:57:57.931 (UTC)] info/application	[Motor] Received distance: 12.768641052194237 cm | Severity=75 | SourceName=Motor2 | EventType=application | SourceNode=ns=1;s=MotorSource2
[Anomaly Input] [2026-08-15 16:57:57.931 (UTC)] info/application	[Motor] Received distance: 16.294972091119256 cm | Severity=75 | SourceName=Motor3 | EventType=application | SourceNode=ns=1;s=MotorSource3
[Anomaly Input] [2026-08-15 16:57:57.931 (UTC)] warn/application	[Motor] Distance too close (12.768641052194237); rotating motor to 0 degrees | Severity=175 | SourceName=Motor2 | EventType=application | SourceNode=ns=1;s=MotorSource2
[Anomaly Input] [2026-08-15 16:57:57.931 (UTC)] warn/application	[Motor] Distance too close (16.294972091119256); rotating motor to 0 degrees | Severity=175 | SourceName=Motor3 | EventType=application | SourceNode=ns=1;s=MotorSource3
[Anomaly Input] [2026-08-15 16:57:57.972 (UTC)] info/application	[Sensor] Updated distance: 14.707614867346182 cm | Severity=75 | SourceName=Sensor | EventType=application | SourceNode=ns=1;s=SensorSource
[Anomaly Input] [2026-08-15 16:57:58.376 (UTC)] info/application	[Sensor] Updated distance: 10.656138439036969 cm | Severity=75 | SourceName=Sensor3 | EventType=application | SourceNode=ns=1;s=SensorSource3
[Anomaly Input] [2026-08-15 16:57:58.376 (UTC)] info/application	[Sensor] Updated distance: 18.174559809348807 cm | Severity=75 | SourceName=Sensor2 | EventType=application | SourceNode=ns=1;s=SensorSource2
[Anomaly Input] [2026-08-15 16:57:58.468 (UTC)] info/application	[Motor] Received distance: 14.707614867346182 cm | Severity=75 | SourceName=Motor | EventType=application | SourceNode=ns=1;s=MotorSource
[Anomaly Input] [2026-08-15 16:57:58.468 (UTC)] warn/application	[Motor] Distance too close (14.707614867346182); rotating motor to 0 degrees | Severity=175 | SourceName=Motor | EventType=application | SourceNode=ns=1;s=MotorSource
[Anomaly Input] [2026-08-15 16:57:58.923 (UTC)] info/application	[Motor] Received distance: 10.656138439036969 cm | Severity=75 | SourceName=Motor3 | EventType=application | SourceNode=ns=1;s=MotorSource3
[Anomaly Input] [2026-08-15 16:57:58.923 (UTC)] info/application	[Motor] Received distance: 18.174559809348807 cm | Severity=75 | SourceName=Motor2 | EventType=application | SourceNode=ns=1;s=MotorSource2
[Anomaly Input] [2026-08-15 16:57:58.923 (UTC)] warn/application	[Motor] Distance too close (10.656138439036969); rotating motor to 0 degrees | Severity=175 | SourceName=Motor3 | EventType=application | SourceNode=ns=1;s=MotorSource3
[Anomaly Input] [2026-08-15 16:57:58.923 (UTC)] warn/application	[Motor] Distance too close (18.174559809348807); rotating motor to 0 degrees | Severity=175 | SourceName=Motor2 | EventType=application | SourceNode=ns=1;s=MotorSource2
[Anomaly Input] [2026-08-15 16:57:58.974 (UTC)] info/application	[Sensor] Updated distance: 22.541945005088085 cm | Severity=75 | SourceName=Sensor | EventType=application | SourceNode=ns=1;s=SensorSource
[Anomaly Input] [2026-08-15 16:57:59.368 (UTC)] info/application	[Sensor] Updated distance: 48.844298943339055 cm | Severity=75 | SourceName=Sensor3 | EventType=application | SourceNode=ns=1;s=SensorSource3
[Anomaly Input] [2026-08-15 16:57:59.378 (UTC)] info/application	[Sensor] Updated distance: 35.39130456065354 cm | Severity=75 | SourceName=Sensor2 | EventType=application | SourceNode=ns=1;s=SensorSource2
[Anomaly Input] [2026-08-15 16:57:59.477 (UTC)] info/application	[Motor] Received distance: 22.541945005088085 cm | Severity=75 | SourceName=Motor | EventType=application | SourceNode=ns=1;s=MotorSource
[Anomaly Input] [2026-08-15 16:57:59.477 (UTC)] info/application	[Motor] Distance safe (22.541945005088085); rotating motor to 90 degrees | Severity=75 | SourceName=Motor | EventType=application | SourceNode=ns=1;s=MotorSource
[Anomaly Input] [2026-08-15 16:57:59.933 (UTC)] info/application	[Motor] Received distance: 48.844298943339055 cm | Severity=75 | SourceName=Motor3 | EventType=application | SourceNode=ns=1;s=MotorSource3
[Anomaly Input] [2026-08-15 16:57:59.933 (UTC)] info/application	[Motor] Received distance: 35.39130456065354 cm | Severity=75 | SourceName=Motor2 | EventType=application | SourceNode=ns=1;s=MotorSource2
[Anomaly Input] [2026-08-15 16:57:59.933 (UTC)] info/application	[Motor] Distance safe (48.844298943339055); rotating motor to 90 degrees | Severity=75 | SourceName=Motor3 | EventType=application | SourceNode=ns=1;s=MotorSource3
[Anomaly Input] [2026-08-15 16:57:59.933 (UTC)] info/application	[Motor] Distance safe (35.39130456065354); rotating motor to 90 degrees | Severity=75 | SourceName=Motor2 | EventType=application | SourceNode=ns=1;s=MotorSource2
[Anomaly Input] [2026-08-15 16:57:59.975 (UTC)] info/application	[Sensor] Updated distance: 38.18866979525828 cm | Severity=75 | SourceName=Sensor | EventType=application | SourceNode=ns=1;s=SensorSource
[Anomaly Input] [2026-08-15 16:58:00.370 (UTC)] info/application	[Sensor] Updated distance: 27.19755166452264 cm | Severity=75 | SourceName=Sensor3 | EventType=application | SourceNode=ns=1;s=SensorSource3
[Anomaly Input] [2026-08-15 16:58:00.370 (UTC)] info/application	[Sensor] Updated distance: 17.550200603692886 cm | Severity=75 | SourceName=Sensor2 | EventType=application | SourceNode=ns=1;s=SensorSource2
[Anomaly Input] [2026-08-15 16:58:00.471 (UTC)] info/application	[Motor] Received distance: 38.18866979525828 cm | Severity=75 | SourceName=Motor | EventType=application | SourceNode=ns=1;s=MotorSource
[Anomaly Input] [2026-08-15 16:58:00.471 (UTC)] info/application	[Motor] Distance safe (38.18866979525828); rotating motor to 90 degrees | Severity=75 | SourceName=Motor | EventType=application | SourceNode=ns=1;s=MotorSource
[Anomaly Input] [2026-08-15 16:58:00.920 (UTC)] info/application	[Motor] Received distance: 17.550200603692886 cm | Severity=75 | SourceName=Motor2 | EventType=application | SourceNode=ns=1;s=MotorSource2
[Anomaly Input] [2026-08-15 16:58:00.921 (UTC)] info/application	[Motor] Received distance: 27.19755166452264 cm | Severity=75 | SourceName=Motor3 | EventType=application | SourceNode=ns=1;s=MotorSource3
[Anomaly Input] [2026-08-15 16:58:00.920 (UTC)] warn/application	[Motor] Distance too close (17.550200603692886); rotating motor to 0 degrees | Severity=175 | SourceName=Motor2 | EventType=application | SourceNode=ns=1;s=MotorSource2
[Anomaly Input] [2026-08-15 16:58:00.921 (UTC)] info/application	[Motor] Distance safe (27.19755166452264); rotating motor to 90 degrees | Severity=75 | SourceName=Motor3 | EventType=application | SourceNode=ns=1;s=MotorSource3
[Anomaly Input] [2026-08-15 16:58:00.967 (UTC)] info/application	[Sensor] Updated distance: 23.92048505969368 cm | Severity=75 | SourceName=Sensor | EventType=application | SourceNode=ns=1;s=SensorSource
[Anomaly Input] [2026-08-15 16:58:01.372 (UTC)] info/application	[Sensor] Updated distance: 22.6014080590575 cm | Severity=75 | SourceName=Sensor2 | EventType=application | SourceNode=ns=1;s=SensorSource2
[Anomaly Input] [2026-08-15 16:58:01.372 (UTC)] info/application	[Sensor] Updated distance: 42.52340582410032 cm | Severity=75 | SourceName=Sensor3 | EventType=application | SourceNode=ns=1;s=SensorSource3
[Anomaly Input] [2026-08-15 16:58:01.477 (UTC)] info/application	[Motor] Received distance: 23.92048505969368 cm | Severity=75 | SourceName=Motor | EventType=application | SourceNode=ns=1;s=MotorSource
[Anomaly Input] [2026-08-15 16:58:01.477 (UTC)] info/application	[Motor] Distance safe (23.92048505969368); rotating motor to 90 degrees | Severity=75 | SourceName=Motor | EventType=application | SourceNode=ns=1;s=MotorSource
[Anomaly Input] [2026-08-15 16:58:01.919 (UTC)] info/application	[Motor] Received distance: 22.6014080590575 cm | Severity=75 | SourceName=Motor2 | EventType=application | SourceNode=ns=1;s=MotorSource2
[Anomaly Input] [2026-08-15 16:58:01.919 (UTC)] info/application	[Motor] Received distance: 42.52340582410032 cm | Severity=75 | SourceName=Motor3 | EventType=application | SourceNode=ns=1;s=MotorSource3
[Anomaly Input] [2026-08-15 16:58:01.919 (UTC)] info/application	[Motor] Distance safe (22.6014080590575); rotating motor to 90 degrees | Severity=75 | SourceName=Motor2 | EventType=application | SourceNode=ns=1;s=MotorSource2
[Anomaly Input] [2026-08-15 16:58:01.919 (UTC)] info/application	[Motor] Distance safe (42.52340582410032); rotating motor to 90 degrees | Severity=75 | SourceName=Motor3 | EventType=application | SourceNode=ns=1;s=MotorSource3
[Anomaly Input] [2026-08-15 16:58:01.969 (UTC)] info/application	[Sensor] Updated distance: 4.2381055887034655 cm | Severity=75 | SourceName=Sensor | EventType=application | SourceNode=ns=1;s=SensorSource
[Anomaly Input] [2026-08-15 16:58:02.374 (UTC)] info/application	[Sensor] Updated distance: 5.529220828567269 cm | Severity=75 | SourceName=Sensor2 | EventType=application | SourceNode=ns=1;s=SensorSource2
[Anomaly Input] [2026-08-15 16:58:02.374 (UTC)] info/application	[Sensor] Updated distance: 10.298812117566733 cm | Severity=75 | SourceName=Sensor3 | EventType=application | SourceNode=ns=1;s=SensorSource3
[Anomaly Input] [2026-08-15 16:58:02.475 (UTC)] info/application	[Motor] Received distance: 4.2381055887034655 cm | Severity=75 | SourceName=Motor | EventType=application | SourceNode=ns=1;s=MotorSource
[Anomaly Input] [2026-08-15 16:58:02.475 (UTC)] warn/application	[Motor] Distance too close (4.2381055887034655); rotating motor to 0 degrees | Severity=175 | SourceName=Motor | EventType=application | SourceNode=ns=1;s=MotorSource
[Anomaly Input] [2026-08-15 16:58:02.921 (UTC)] info/application	[Motor] Received distance: 10.298812117566733 cm | Severity=75 | SourceName=Motor3 | EventType=application | SourceNode=ns=1;s=MotorSource3
[Anomaly Input] [2026-08-15 16:58:02.921 (UTC)] info/application	[Motor] Received distance: 5.529220828567269 cm | Severity=75 | SourceName=Motor2 | EventType=application | SourceNode=ns=1;s=MotorSource2
[Anomaly Input] [2026-08-15 16:58:02.921 (UTC)] warn/application	[Motor] Distance too close (10.298812117566733); rotating motor to 0 degrees | Severity=175 | SourceName=Motor3 | EventType=application | SourceNode=ns=1;s=MotorSource3
[Anomaly Input] [2026-08-15 16:58:02.921 (UTC)] warn/application	[Motor] Distance too close (5.529220828567269); rotating motor to 0 degrees | Severity=175 | SourceName=Motor2 | EventType=application | SourceNode=ns=1;s=MotorSource2
[Anomaly Input] [2026-08-15 16:58:02.971 (UTC)] info/application	[Sensor] Updated distance: 25.454631481065707 cm | Severity=75 | SourceName=Sensor | EventType=application | SourceNode=ns=1;s=SensorSource
[Anomaly Input] [2026-08-15 16:58:03.375 (UTC)] info/application	[Sensor] Updated distance: 10.282630976421121 cm | Severity=75 | SourceName=Sensor2 | EventType=application | SourceNode=ns=1;s=SensorSource2
[Anomaly Input] [2026-08-15 16:58:03.375 (UTC)] info/application	[Sensor] Updated distance: 43.83176089536015 cm | Severity=75 | SourceName=Sensor3 | EventType=application | SourceNode=ns=1;s=SensorSource3
[Anomaly Input] [2026-08-15 16:58:03.466 (UTC)] info/application	[Motor] Received distance: 25.454631481065707 cm | Severity=75 | SourceName=Motor | EventType=application | SourceNode=ns=1;s=MotorSource
[Anomaly Input] [2026-08-15 16:58:03.466 (UTC)] info/application	[Motor] Distance safe (25.454631481065707); rotating motor to 90 degrees | Severity=75 | SourceName=Motor | EventType=application | SourceNode=ns=1;s=MotorSource
[Anomaly Input] [2026-08-15 16:58:03.931 (UTC)] info/application	[Motor] Received distance: 43.83176089536015 cm | Severity=75 | SourceName=Motor3 | EventType=application | SourceNode=ns=1;s=MotorSource3
[Anomaly Input] [2026-08-15 16:58:03.931 (UTC)] info/application	[Motor] Received distance: 10.282630976421121 cm | Severity=75 | SourceName=Motor2 | EventType=application | SourceNode=ns=1;s=MotorSource2
[Anomaly Input] [2026-08-15 16:58:03.931 (UTC)] warn/application	[Motor] Distance too close (10.282630976421121); rotating motor to 0 degrees | Severity=175 | SourceName=Motor2 | EventType=application | SourceNode=ns=1;s=MotorSource2
[Anomaly Input] [2026-08-15 16:58:03.931 (UTC)] info/application	[Motor] Distance safe (43.83176089536015); rotating motor to 90 degrees | Severity=75 | SourceName=Motor3 | EventType=application | SourceNode=ns=1;s=MotorSource3
[Anomaly Input] [2026-08-15 16:58:03.972 (UTC)] info