[2026-08-16 20:18:13.219 (UTC)] info/application	Motor client started; subscribing to sensor DistanceValue (Client/Server mode)... | Severity=75 | SourceName=Motor2 | EventType=application
Entering background polling mode: connecting to Sensor & Aggregation Server...
Connected successfully. Motor log forwarding started.
[2026-08-16 20:18:13.253 (UTC)] info/channel	[System] TCP 8	| SC 1	| SecureChannel opened with SecurityMode None for SecurityPolicy http://opcfoundation.org/UA/SecurityPolicy#None and a revised lifetime of 600.0s | Severity=75 | SourceName=System | EventType=channel
[2026-08-16 20:18:13.274 (UTC)] warn/client	[System] The server returned Endpoints with a different EndpointUrl opc.tcp://MSI:4843 than was used to initialize the connection: opc.tcp://127.0.0.1:4843. Some servers require a complete match of the EndpointUrl/DiscoveryUrl (including the path) to return all endpoints. | Severity=175 | SourceName=System | EventType=client
[2026-08-16 20:18:13.669 (UTC)] info/application	Connected to sensor backend; subscribing to distance updates | Severity=75 | SourceName=Motor2 | EventType=application
[2026-08-16 20:18:14.252 (UTC)] info/application	[Motor] Received distance: 25.2223253428109 cm | Severity=75 | SourceName=Motor2 | EventType=application
[2026-08-16 20:18:14.252 (UTC)] info/application	[Motor] Distance safe (25.2223253428109); rotating motor to 90 degrees | Severity=75 | SourceName=Motor2 | EventType=application
[2026-08-16 20:18:14.761 (UTC)] info/application	[Motor] Received distance: 25.284707019471 cm | Severity=75 | SourceName=Motor2 | EventType=application
[2026-08-16 20:18:14.761 (UTC)] info/application	[Motor] Distance safe (25.284707019471); rotating motor to 90 degrees | Severity=75 | SourceName=Motor2 | EventType=application
[2026-08-16 20:18:16.315 (UTC)] info/application	[Motor] Received distance: 25.9375510718383 cm | Severity=75 | SourceName=Motor2 | EventType=application
[2026-08-16 20:18:16.315 (UTC)] info/application	[Motor] Distance safe (25.9375510718383); rotating motor to 90 degrees | Severity=75 | SourceName=Motor2 | EventType=application
[2026-08-16 20:18:16.825 (UTC)] info/application	[Motor] Received distance: 25.9422563307184 cm | Severity=75 | SourceName=Motor2 | EventType=application
[2026-08-16 20:18:16.825 (UTC)] info/application	[Motor] Distance safe (25.9422563307184); rotating motor to 90 degrees | Severity=75 | SourceName=Motor2 | EventType=application
[2026-08-16 20:18:17.335 (UTC)] info/application	[Motor] Received distance: 26.9558338881265 cm | Severity=75 | SourceName=Motor2 | EventType=application
[2026-08-16 20:18:17.335 (UTC)] info/application	[Motor] Distance safe (26.9558338881265); rotating motor to 90 degrees | Severity=75 | SourceName=Motor2 | EventType=application
[2026-08-16 20:18:18.325 (UTC)] info/application	[Motor] Received distance: 27.799104895582 cm | Severity=75 | SourceName=Motor2 | EventType=application
[2026-08-16 20:18:18.325 (UTC)] info/application	[Motor] Distance safe (27.799104895582); rotating motor to 90 degrees | Severity=75 | SourceName=Motor2 | EventType=application
[2026-08-16 20:18:19.326 (UTC)] info/application	[Motor] Received distance: 27.981367258812 cm | Severity=75 | SourceName=Motor2 | EventType=application
[2026-08-16 20:18:19.326 (UTC)] info/application	[Motor] Distance safe (27.981367258812); rotating motor to 90 degrees | Severity=75 | SourceName=Motor2 | EventType=application
[2026-08-16 20:18:20.326 (UTC)] info/application	[Motor] Received distance: 29.0156147556918 cm | Severity=75 | SourceName=Motor2 | EventType=application
[2026-08-16 20:18:20.326 (UTC)] info/application	[Motor] Distance safe (29.0156147556918); rotating motor to 90 degrees | Severity=75 | SourceName=Motor2 | EventType=application
[2026-08-16 20:18:21.326 (UTC)] info/application	[Motor] Received distance: 28.8742632297214 cm | Severity=75 | SourceName=Motor2 | EventType=application
[2026-08-16 20:18:21.326 (UTC)] info/application	[Motor] Distance safe (28.8742632297214); rotating motor to 90 degrees | Severity=75 | SourceName=Motor2 | EventType=application
[2026-08-16 20:18:22.316 (UTC)] info/application	[Motor] Received distance: 28.5447678589471 cm | Severity=75 | SourceName=Motor2 | EventType=application
[2026-08-16 20:18:22.316 (UTC)] info/application	[Motor] Distance safe (28.5447678589471); rotating motor to 90 degrees | Severity=75 | SourceName=Motor2 | EventType=application
[2026-08-16 20:18:23.324 (UTC)] info/application	[Motor] Received distance: 27.3812645070168 cm | Severity=75 | SourceName=Motor2 | EventType=application
[2026-08-16 20:18:23.324 (UTC)] info/application	[Motor] Distance safe (27.3812645070168); rotating motor to 90 degrees | Severity=75 | SourceName=Motor2 | EventType=application
[2026-08-16 20:18:24.325 (UTC)] info/application	[Motor] Received distance: 26.2244308142571 cm | Severity=75 | SourceName=Motor2 | EventType=application
[2026-08-16 20:18:24.325 (UTC)] info/application	[Motor] Distance safe (26.2244308142571); rotating motor to 90 degrees | Severity=75 | SourceName=Motor2 | EventType=application
[2026-08-16 20:18:25.326 (UTC)] info/application	[Motor] Received distance: 25.576996291325 cm | Severity=75 | SourceName=Motor2 | EventType=application
[2026-08-16 20:18:25.326 (UTC)] info/application	[Motor] Distance safe (25.576996291325); rotating motor to 90 degrees | Severity=75 | SourceName=Motor2 | EventType=application
[2026-08-16 20:18:26.326 (UTC)] info/application	[Motor] Received distance: 25.6290508974945 cm | Severity=75 | SourceName=Motor2 | EventType=application
[2026-08-16 20:18:26.326 (UTC)] info/application	[Motor] Distance safe (25.6290508974945); rotating motor to 90 degrees | Severity=75 | SourceName=Motor2 | EventType=application
[2026-08-16 20:18:27.317 (UTC)] info/application	[Motor] Received distance: 25.5550731679215 cm | Severity=75 | SourceName=Motor2 | EventType=application
[2026-08-16 20:18:27.317 (UTC)] info/application	[Motor] Distance safe (25.5550731679215); rotating motor to 90 degrees | Severity=75 | SourceName=Motor2 | EventType=application
[2026-08-16 20:18:28.325 (UTC)] info/application	[Motor] Received distance: 26.3145959818804 cm | Severity=75 | SourceName=Motor2 | EventType=application
[2026-08-16 20:18:28.325 (UTC)] info/application	[Motor] Distance safe (26.3145959818804); rotating motor to 90 degrees | Severity=75 | SourceName=Motor2 | EventType=application
[2026-08-16 20:18:29.326 (UTC)] info/application	[Motor] Received distance: 27.7281275520698 cm | Severity=75 | SourceName=Motor2 | EventType=application
[2026-08-16 20:18:29.326 (UTC)] info/application	[Motor] Distance safe (27.7281275520698); rotating motor to 90 degrees | Severity=75 | SourceName=Motor2 | EventType=application
[2026-08-16 20:18:30.326 (UTC)] info/application	[Motor] Received distance: 27.22725790121 cm | Severity=75 | SourceName=Motor2 | EventType=application
[2026-08-16 20:18:30.326 (UTC)] info/application	[Motor] Distance safe (27.22725790121); rotating motor to 90 degrees | Severity=75 | SourceName=Motor2 | EventType=application
[2026-08-16 20:18:31.327 (UTC)] info/application	[Motor] Received distance: 26.8909814226865 cm | Severity=75 | SourceName=Motor2 | EventType=application
[2026-08-16 20:18:31.327 (UTC)] info/application	[Motor] Distance safe (26.8909814226865); rotating motor to 90 degrees | Severity=75 | SourceName=Motor2 | EventType=application
[2026-08-16 20:18:32.317 (UTC)] info/application	[Motor] Received distance: 26.8218405415871 cm | Severity=75 | SourceName=Motor2 | EventType=application
[2026-08-16 20:18:32.317 (UTC)] info/application	[Motor] Distance safe (26.8218405415871); rotating motor to 90 degrees | Severity=75 | SourceName=Motor2 | EventType=application
[2026-08-16 20:18:33.325 (UTC)] info/application	[Motor] Received distance: 26.884973647485 cm | Severity=75 | SourceName=Motor2 | EventType=application
[2026-08-16 20:18:33.325 (UTC)] info/application	[Motor] Distance safe (26.884973647485); rotating motor to 90 degrees | Severity=75 | SourceName=Motor2 | EventType=application
[2026-08-16 20:18:34.325 (UTC)] info/application	[Motor] Received distance: 25.8004540099299 cm | Severity=75 | SourceName=Motor2 | EventType=application
[2026-08-16 20:18:34.325 (UTC)] info/application	[Motor] Distance safe (25.8004540099299); rotating motor to 90 degrees | Severity=75 | SourceName=Motor2 | EventType=application
[2026-08-16 20:18:35.325 (UTC)] info/application	[Motor] Received distance: 26.81419197601 cm | Severity=75 | SourceName=Motor2 | EventType=application
[2026-08-16 20:18:35.325 (UTC)] info/application	[Motor] Distance safe (26.81419197601); rotating motor to 90 degrees | Severity=75 | SourceName=Motor2 | EventType=application
[2026-08-16 20:18:36.325 (UTC)] info/application	[Motor] Received distance: 28.0860148722241 cm | Severity=75 | SourceName=Motor2 | EventType=application
[2026-08-16 20:18:36.325 (UTC)] info/application	[Motor] Distance safe (28.0860148722241); rotating motor to 90 degrees | Severity=75 | SourceName=Motor2 | EventType=application
[2026-08-16 20:18:37.325 (UTC)] info/application	[Motor] Received distance: 26.7479547279645 cm | Severity=75 | SourceName=Motor2 | EventType=application
[2026-08-16 20:18:37.325 (UTC)] info/application	[Motor] Distance safe (26.7479547279645); rotating motor to 90 degrees | Severity=75 | SourceName=Motor2 | EventType=application
[2026-08-16 20:18:38.325 (UTC)] info/application	[Motor] Received distance: 25.3728098952551 cm | Severity=75 | SourceName=Motor2 | EventType=application
[2026-08-16 20:18:38.325 (UTC)] info/application	[Motor] Distance safe (25.3728098952551); rotating motor to 90 degrees | Severity=75 | SourceName=Motor2 | EventType=application
[2026-08-16 20:18:39.326 (UTC)] info/application	[Motor] Received distance: 24.0509399753301 cm | Severity=75 | SourceName=Motor2 | EventType=application
[2026-08-16 20:18:39.326 (UTC)] info/application	[Motor] Distance safe (24.0509399753301); rotating motor to 90 degrees | Severity=75 | SourceName=Motor2 | EventType=application
[2026-08-16 20:18:40.316 (UTC)] info/application	[Motor] Received distance: 24.8026874830493 cm | Severity=75 | SourceName=Motor2 | EventType=application
[2026-08-16 20:18:40.316 (UTC)] info/application	[Motor] Distance safe (24.8026874830493); rotating motor to 90 degrees | Severity=75 | SourceName=Motor2 | EventType=application
[2026-08-16 20:18:41.324 (UTC)] info/application	[Motor] Received distance: 24.8339502587141 cm | Severity=75 | SourceName=Motor2 | EventType=application
[2026-08-16 20:18:41.324 (UTC)] info/application	[Motor] Distance safe (24.8339502587141); rotating motor to 90 degrees | Severity=75 | SourceName=Motor2 | EventType=application
[2026-08-16 20:18:42.325 (UTC)] info/application	[Motor] Received distance: 25.0510821675654 cm | Severity=75 | SourceName=Motor2 | EventType=application
[2026-08-16 20:18:42.325 (UTC)] info/application	[Motor] Distance safe (25.0510821675654); rotating motor to 90 degrees | Severity=75 | SourceName=Motor2 | EventType=application
[2026-08-16 20:18:43.325 (UTC)] info/application	[Motor] Received distance: 24.9964483897185 cm | Severity=75 | SourceName=Motor2 | EventType=application
[2026-08-16 20:18:43.325 (UTC)] info/application	[Motor] Distance safe (24.9964483897185); rotating motor to 90 degrees | Severity=75 | SourceName=Motor2 | EventType=application
[2026-08-16 20:18:44.325 (UTC)] info/application	[Motor] Received distance: 25.0564177937603 cm | Severity=75 | SourceName=Motor2 | EventType=application
[2026-08-16 20:18:44.325 (UTC)] info/application	[Motor] Distance safe (25.0564177937603); rotating motor to 90 degrees | Severity=75 | SourceName=Motor2 | EventType=application
[2026-08-16 20:18:45.325 (UTC)] info/application	[Motor] Received distance: 23.8359313778747 cm | Severity=75 | SourceName=Motor2 | EventType=application
[2026-08-16 20:18:45.325 (UTC)] info/application	[Motor] Distance safe (23.8359313778747); rotating motor to 90 degrees | Severity=75 | SourceName=Motor2 | EventType=application
[2026-08-16 20:18:46.326 (UTC)] info/application	[Motor] Received distance: 22.9341416509981 cm | Severity=75 | SourceName=Motor2 | EventType=application
[2026-08-16 20:18:46.326 (UTC)] info/application	[Motor] Distance safe (22.9341416509981); rotating motor to 90 degrees | Severity=75 | SourceName=Motor2 | EventType=application
[2026-08-16 20:18:47.326 (UTC)] info/application	[Motor] Received distance: 21.498816312523 cm | Severity=75 | SourceName=Motor2 | EventType=application
[2026-08-16 20:18:47.326 (UTC)] info/application	[Motor] Distance safe (21.498816312523); rotating motor to 90 degrees | Severity=75 | SourceName=Motor2 | EventType=application
[2026-08-16 20:18:48.316 (UTC)] info/application	[Motor] Received distance: 22.7919074540455 cm | Severity=75 | SourceName=Motor2 | EventType=application
[2026-08-16 20:18:48.316 (UTC)] info/application	[Motor] Distance safe (22.7919074540455); rotating motor to 90 degrees | Severity=75 | SourceName=Motor2 | EventType=application
[2026-08-16 20:18:49.324 (UTC)] info/application	[Motor] Received distance: 24.2333887346244 cm | Severity=75 | SourceName=Motor2 | EventType=application
[2026-08-16 20:18:49.324 (UTC)] info/application	[Motor] Distance safe (24.2333887346244); rotating motor to 90 degrees | Severity=75 | SourceName=Motor2 | EventType=application
[2026-08-16 20:18:50.325 (UTC)] info/application	[Motor] Received distance: 24.4803257593794 cm | Severity=75 | SourceName=Motor2 | EventType=application
[2026-08-16 20:18:50.325 (UTC)] info/application	[Motor] Distance safe (24.4803257593794); rotating motor to 90 degrees | Severity=75 | SourceName=Motor2 | EventType=application
[2026-08-16 20:18:51.325 (UTC)] info/application	[Motor] Received distance: 25.3076643963846 cm | Severity=75 | SourceName=Motor2 | EventType=application
[2026-08-16 20:18:51.325 (UTC)] info/application	[Motor] Distance safe (25.3076643963846); rotating motor to 90 degrees | Severity=75 | SourceName=Motor2 | EventType=application
[2026-08-16 20:18:52.326 (UTC)] info/application	[Motor] Received distance: 25.1077941495962 cm | Severity=75 | SourceName=Motor2 | EventType=application
[2026-08-16 20:18:52.326 (UTC)] info/application	[Motor] Distance safe (25.1077941495962); rotating motor to 90 degrees | Severity=75 | SourceName=Motor2 | EventType=application
[2026-08-16 20:18:53.326 (UTC)] info/application	[Motor] Received distance: 26.5252358049738 cm | Severity=75 | SourceName=Motor2 | EventType=application
[2026-08-16 20:18:53.326 (UTC)] info/application	[Motor] Distance safe (26.5252358049738); rotating motor to 90 degrees | Severity=75 | SourceName=Motor2 | EventType=application
[2026-08-16 20:18:54.318 (UTC)] info/application	[Motor] Received distance: 27.6890710914457 cm | Severity=75 | SourceName=Motor2 | EventType=application
[2026-08-16 20:18:54.318 (UTC)] info/application	[Motor] Distance safe (27.6890710914457); rotating motor to 90 degrees | Severity=75 | SourceName=Motor2 | EventType=application
[2026-08-16 20:18:55.325 (UTC)] info/application	[Motor] Received distance: 27.8323671532946 cm | Severity=75 | SourceName=Motor2 | EventType=application
[2026-08-16 20:18:55.325 (UTC)] info/application	[Motor] Distance safe (27.8323671532946); rotating motor to 90 degrees | Severity=75 | SourceName=Motor2 | EventType=application
[2026-08-16 20:18:56.325 (UTC)] info/application	[Motor] Received distance: 27.102374284343 cm | Severity=75 | SourceName=Motor2 | EventType=application
[2026-08-16 20:18:56.325 (UTC)] info/application	[Motor] Distance safe (27.102374284343); rotating motor to 90 degrees | Severity=75 | SourceName=Motor2 | EventType=application
[2026-08-16 20:18:57.326 (UTC)] info/application	[Motor] Received distance: 26.8182641755875 cm | Severity=75 | SourceName=Motor2 | EventType=application
[2026-08-16 20:18:57.326 (UTC)] info/application	[Motor] Distance safe (26.8182641755875); rotating motor to 90 degrees | Severity=75 | SourceName=Motor2 | EventType=application
[2026-08-16 20:18:58.326 (UTC)] info/application	[Motor] Received distance: 25.3875825064665 cm | Severity=75 | SourceName=Motor2 | EventType=application
[2026-08-16 20:18:58.326 (UTC)] info/application	[Motor] Distance safe (25.3875825064665); rotating motor to 90 degrees | Severity=75 | SourceName=Motor2 | EventType=application
[2026-08-16 20:18:59.326 (UTC)] info/application	[Motor] Received distance: 23.9171124500768 cm | Severity=75 | SourceName=Motor2 | EventType=application
[2026-08-16 20:18:59.326 (UTC)] info/application	[Motor] Distance safe (23.9171124500768); rotating motor to 90 degrees | Severity=75 | SourceName=Motor2 | EventType=application
[2026-08-16 20:19:00.326 (UTC)] info/application	[Motor] Received distance: 23.5465339101136 cm | Severity=75 | SourceName=Motor2 | EventType=application
[2026-08-16 20:19:00.326 (UTC)] info/application	[Motor] Distance safe (23.5465339101136); rotating motor to 90 degrees | Severity=75 | SourceName=Motor2 | EventType=application
[2026-08-16 20:19:01.319 (UTC)] info/application	[Motor] Received distance: 23.1149825901329 cm | Severity=75 | SourceName=Motor2 | EventType=application
[2026-08-16 20:19:01.319 (UTC)] info/application	[Motor] Distance safe (23.1149825901329); rotating motor to 90 degrees | Severity=75 | SourceName=Motor2 | EventType=application
[2026-08-16 20:19:02.325 (UTC)] info/application	[Motor] Received distance: 22.8082360552197 cm | Severity=75 | SourceName=Motor2 | EventType=application
[2026-08-16 20:19:02.325 (UTC)] info/application	[Motor] Distance safe (22.8082360552197); rotating motor to 90 degrees | Severity=75 | SourceName=Motor2 | EventType=application
[2026-08-16 20:19:03.325 (UTC)] info/application	[Motor] Received distance: 23.8685166355542 cm | Severity=75 | SourceName=Motor2 | EventType=application
[2026-08-16 20:19:03.325 (UTC)] info/application	[Motor] Distance safe (23.8685166355542); rotating motor to 90 degrees | Severity=75 | SourceName=Motor2 | EventType=application
[2026-08-16 20:19:04.326 (UTC)] info/application	[Motor] Received distance: 25.0000984214713 cm | Severity=75 | SourceName=Motor2 | EventType=application
[2026-08-16 20:19:04.326 (UTC)] info/application	[Motor] Distance safe (25.0000984214713); rotating motor to 90 degrees | Severity=75 | SourceName=Motor2 | EventType=application
[2026-08-16 20:19:05.326 (UTC)] info/application	[Motor] Received distance: 25.1088322503999 cm | Severity=75 | SourceName=Motor2 | EventType=application
[2026-08-16 20:19:05.326 (UTC)] info/application	[Motor] Distance safe (25.1088322503999); rotating motor to 90 degrees | Severity=75 | SourceName=Motor2 | EventType=application
[2026-08-16 20:19:06.320 (UTC)] info/application	[Motor] Received distance: 25.6828507954175 cm | Severity=75 | SourceName=Motor2 | EventType=application
[2026-08-16 20:19:06.320 (UTC)] info/application	[Motor] Distance safe (25.6828507954175); rotating motor to 90 degrees | Severity=75 | SourceName=Motor2 | EventType=application
[2026-08-16 20:19:07.325 (UTC)] info/application	[Motor] Received distance: 26.5862554761517 cm | Severity=75 | SourceName=Motor2 | EventType=application
[2026-08-16 20:19:07.325 (UTC)] info/application	[Motor] Distance safe (26.5862554761517); rotating motor to 90 degrees | Severity=75 | SourceName=Motor2 | EventType=application
[2026-08-16 20:19:08.325 (UTC)] info/application	[Motor] Received distance: 26.8569291608208 cm | Severity=75 | SourceName=Motor2 | EventType=application
[2026-08-16 20:19:08.325 (UTC)] info/application	[Motor] Distance safe (26.8569291608208); rotating motor to 90 degrees | Severity=75 | SourceName=Motor2 | EventType=application
[2026-08-16 20:19:09.325 (UTC)] info/application	[Motor] Received distance: 27.555802873129 cm | Severity=75 | SourceName=Motor2 | EventType=application
[2026-08-16 20:19:09.325 (UTC)] info/application	[Motor] Distance safe (27.555802873129); rotating motor to 90 degrees | Severity=75 | SourceName=Motor2 | EventType=application
[2026-08-16 20:19:10.325 (UTC)] info/application	[Motor] Received distance: 28.6373376353352 cm | Severity=75 | SourceName=Motor2 | EventType=application
[2026-08-16 20:19:10.325 (UTC)] info/application	[Motor] Distance safe (28.6373376353352); rotating motor to 90 degrees | Severity=75 | SourceName=Motor2 | EventType=application
[2026-08-16 20:19:11.325 (UTC)] info/application	[Motor] Received distance: 28.1597588263265 cm | Severity=75 | SourceName=Motor2 | EventType=application
[2026-08-16 20:19:11.326 (UTC)] info/application	[Motor] Distance safe (28.1597588263265); rotating motor to 90 degrees | Severity=75 | SourceName=Motor2 | EventType=application
[2026-08-16 20:19:12.326 (UTC)] info/application	[Motor] Received distance: 27.3898953129025 cm | Severity=75 | SourceName=Motor2 | EventType=application
[2026-08-16 20:19:12.326 (UTC)] info/application	[Motor] Distance safe (27.3898953129025); rotating motor to 90 degrees | Severity=75 | SourceName=Motor2 | EventType=application
[2026-08-16 20:19:13.326 (UTC)] info/application	[Motor] Received distance: 27.188561982563 cm | Severity=75 | SourceName=Motor2 | EventType=application
[2026-08-16 20:19:13.326 (UTC)] info/application	[Motor] Distance safe (27.188561982563); rotating motor to 90 degrees | Severity=75 | SourceName=Motor2 | EventType=application
[2026-08-16 20:19:14.321 (UTC)] info/application	[Motor] Received distance: 28.1563493957074 cm | Severity=75 | SourceName=Motor2 | EventType=application
[2026-08-16 20:19:14.321 (UTC)] info/application	[Motor] Distance safe (28.1563493957074); rotating motor to 90 degrees | Severity=75 | SourceName=Motor2 | EventType=application
[2026-08-16 20:19:15.325 (UTC)] info/application	[Motor] Received distance: 28.9464552863252 cm | Severity=75 | SourceName=Motor2 | EventType=application
[2026-08-16 20:19:15.325 (UTC)] info/application	[Motor] Distance safe (28.9464552863252); rotating motor to 90 degrees | Severity=75 | SourceName=Motor2 | EventType=application
[2026-08-16 20:19:16.325 (UTC)] info/application	[Motor] Received distance: 29.0246355401001 cm | Severity=75 | SourceName=Motor2 | EventType=application
[2026-08-16 20:19:16.325 (UTC)] info/application	[Motor] Distance safe (29.0246355401001); rotating motor to 90 degrees | Severity=75 | SourceName=Motor2 | EventType=application
[2026-08-16 20:19:17.325 (UTC)] info/application	[Motor] Received distance: 27.590633224971 cm | Severity=75 | SourceName=Motor2 | EventType=application
[2026-08-16 20:19:17.325 (UTC)] info/application	[Motor] Distance safe (27.590633224971); rotating motor to 90 degrees | Severity=75 | SourceName=Motor2 | EventType=application
[2026-08-16 20:19:18.325 (UTC)] info/application	[Motor] Received distance: 28.4454137771136 cm | Severity=75 | SourceName=Motor2 | EventType=application
[2026-08-16 20:19:18.325 (UTC)] info/application	[Motor] Distance safe (28.4454137771136); rotating motor to 90 degrees | Severity=75 | SourceName=Motor2 | EventType=application
[2026-08-16 20:19:19.325 (UTC)] info/application	[Motor] Received distance: 28.316685171014 cm | Severity=75 | SourceName=Motor2 | EventType=application
[2026-08-16 20:19:19.325 (UTC)] info/application	[Motor] Distance safe (28.316685171014); rotating motor to 90 degrees | Severity=75 | SourceName=Motor2 | EventType=application
[2026-08-16 20:19:20.323 (UTC)] info/application	[Motor] Received distance: 26.8241641350669 cm | Severity=75 | SourceName=Motor2 | EventType=application
[2026-08-16 20:19:20.323 (UTC)] info/application	[Motor] Distance safe (26.8241641350669); rotating motor to 90 degrees | Severity=75 | SourceName=Motor2 | EventType=application
[2026-08-16 20:19:21.325 (UTC)] info/application	[Motor] Received distance: 26.4258817119645 cm | Severity=75 | SourceName=Motor2 | EventType=application
[2026-08-16 20:19:21.325 (UTC)] info/application	[Motor] Distance safe (26.4258817119645); rotating motor to 90 degrees | Severity=75 | SourceName=Motor2 | EventType=application
[2026-08-16 20:19:22.325 (UTC)] info/application	[Motor] Received distance: 25.6244917428701 cm | Severity=75 | SourceName=Motor2 | EventType=application
[2026-08-16 20:19:22.325 (UTC)] info/application	[Motor] Distance safe (25.6244917428701); rotating motor to 90 degrees | Severity=75 | SourceName=Motor2 | EventType=application
[2026-08-16 20:19:23.325 (UTC)] info/application	[Motor] Received distance: 25.4321004615315 cm | Severity=75 | SourceName=Motor2 | EventType=application
[2026-08-16 20:19:23.325 (UTC)] info/application	[Motor] Distance safe (25.4321004615315); rotating motor to 90 degrees | Severity=75 | SourceName=Motor2 | EventType=application
[2026-08-16 20:19:24.325 (UTC)] info/application	[Motor] Received distance: 24.9512596924097 cm | Severity=75 | SourceName=Motor2 | EventType=application
[2026-08-16 20:19:24.325 (UTC)] info/application	[Motor] Distance safe (24.9512596924097); rotating motor to 90 degrees | Severity=75 | SourceName=Motor2 | EventType=application
[2026-08-16 20:19:25.325 (UTC)] info/application	[Motor] Received distance: 23.8137050083902 cm | Severity=75 | SourceName=Motor2 | EventType=application
[2026-08-16 20:19:25.325 (UTC)] info/application	[Motor] Distance safe (23.8137050083902); rotating motor to 90 degrees | Severity=75 | SourceName=Motor2 | EventType=application
[2026-08-16 20:19:26.326 (UTC)] info/application	[Motor] Received distance: 25.2646097889005 cm | Severity=75 | SourceName=Motor2 | EventType=application
[2026-08-16 20:19:26.326 (UTC)] info/application	[Motor] Distance safe (25.2646097889005); rotating motor to 90 degrees | Severity=75 | SourceName=Motor2 | EventType=application
[2026-08-16 20:19:27.326 (UTC)] info/application	[Motor] Received distance: 25.5537761508272 cm | Severity=75 | SourceName=Motor2 | EventType=application
[2026-08-16 20:19:27.326 (UTC)] info/application	[Motor] Distance safe (25.5537761508272); rotating motor to 90 degrees | Severity=75 | SourceName=Motor2 | EventType=application
[2026-08-16 20:19:28.326 (UTC)] info/application	[Motor] Received distance: 25.6321113580522 cm | Severity=75 | SourceName=Motor2 | EventType=application
[2026-08-16 20:19:28.326 (UTC)] info/application	[Motor] Distance safe (25.6321113580522); rotating motor to 90 degrees | Severity=75 | SourceName=Motor2 | EventType=application
[2026-08-16 20:19:29.335 (UTC)] info/application	[Motor] Received distance: 24.1523344680445 cm | Severity=75 | SourceName=Motor2 | EventType=application
[2026-08-16 20:19:29.335 (UTC)] info/application	[Motor] Distance safe (24.1523344680445); rotating motor to 90 degrees | Severity=75 | SourceName=Motor2 | EventType=application
[2026-08-16 20:19:30.324 (UTC)] info/application	[Motor] Received distance: 24.4710307749785 cm | Severity=75 | SourceName=Motor2 | EventType=application
[2026-08-16 20:19:30.324 (UTC)] info/application	[Motor] Distance safe (24.4710307749785); rotating motor to 90 degrees | Severity=75 | SourceName=Motor2 | EventType=application
[2026-08-16 20:19:31.325 (UTC)] info/application	[Motor] Received distance: 25.6787874436373 cm | Severity=75 | SourceName=Motor2 | EventType=application
[2026-08-16 20:19:31.325 (UTC)] info/application	[Motor] Distance safe (25.6787874436373); rotating motor to 90 degrees | Severity=75 | SourceName=Motor2 | EventType=application
[2026-08-16 20:19:32.325 (UTC)] info/application	[Motor] Received distance: 25.2674592336488 cm | Severity=75 | SourceName=Motor2 | EventType=application
[2026-08-16 20:19:32.325 (UTC)] info/application	[Motor] Distance safe (25.2674592336488); rotating motor to 90 degrees | Severity=75 | SourceName=Motor2 | EventType=application
[2026-08-16 20:19:33.325 (UTC)] info/application	[Motor] Received distance: 23.7794090042726 cm | Severity=75 | SourceName=Motor2 | EventType=application
[2026-08-16 20:19:33.325 (UTC)] info/application	[Motor] Distance safe (23.7794090042726); rotating motor to 90 degrees | Severity=75 | SourceName=Motor2 | EventType=application
[2026-08-16 20:19:34.326 (UTC)] info/application	[Motor] Received distance: 24.547446251869 cm | Severity=75 | SourceName=Motor2 | EventType=application
[2026-08-16 20:19:34.326 (UTC)] info/application	[Motor] Distance safe (24.547446251869); rotating motor to 90 degrees | Severity=75 | SourceName=Motor2 | EventType=application
[2026-08-16 20:19:35.326 (UTC)] info/application	[Motor] Received distance: 23.7676998264006 cm | Severity=75 | SourceName=Motor2 | EventType=application
[2026-08-16 20:19:35.326 (UTC)] info/application	[Motor] Distance safe (23.7676998264006); rotating motor to 90 degrees | Severity=75 | SourceName=Motor2 | EventType=application
[2026-08-16 20:19:36.326 (UTC)] info/application	[Motor] Received distance: 23.8883834259531 cm | Severity=75 | SourceName=Motor2 | EventType=application
[2026-08-16 20:19:36.326 (UTC)] info/application	[Motor] Distance safe (23.8883834259531); rotating motor to 90 degrees | Severity=75 | SourceName=Motor2 | EventType=application
[2026-08-16 20:19:37.326 (UTC)] info/application	[Motor] Received distance: 23.73043921717 cm | Severity=75 | SourceName=Motor2 | EventType=application
[2026-08-16 20:19:37.326 (UTC)] info/application	[Motor] Distance safe (23.73043921717); rotating motor to 90 degrees | Severity=75 | SourceName=Motor2 | EventType=application
[2026-08-16 20:19:38.317 (UTC)] info/application	[Motor] Received distance: 22.3540974710389 cm | Severity=75 | SourceName=Motor2 | EventType=application
[2026-08-16 20:19:38.317 (UTC)] info/application	[Motor] Distance safe (22.3540974710389); rotating motor to 90 degrees | Severity=75 | SourceName=Motor2 | EventType=application
[2026-08-16 20:19:39.325 (UTC)] info/application	[Motor] Received distance: 21.2454547538634 cm | Severity=75 | SourceName=Motor2 | EventType=application
[2026-08-16 20:19:39.325 (UTC)] info/application	[Motor] Distance safe (21.2454547538634); rotating motor to 90 degrees | Severity=75 | SourceName=Motor2 | EventType=application
[2026-08-16 20:19:40.326 (UTC)] info/application	[Motor] Received distance: 20.2863842559915 cm | Severity=75 | SourceName=Motor2 | EventType=application
[2026-08-16 20:19:40.326 (UTC)] info/application	[Motor] Distance safe (20.2863842559915); rotating motor to 90 degrees | Severity=75 | SourceName=Motor2 | EventType=application
[2026-08-16 20:19:41.326 (UTC)] info/application	[Motor] Received distance: 21.4915772720667 cm | Severity=75 | SourceName=Motor2 | EventType=application
[2026-08-16 20:19:41.326 (UTC)] info/application	[Motor] Distance safe (21.4915772720667); rotating motor to 90 degrees | Severity=75 | SourceName=Motor2 | EventType=application
[2026-08-16 20:19:42.326 (UTC)] info/application	[Motor] Received distance: 21.4053557458824 cm | Severity=75 | SourceName=Motor2 | EventType=application
[2026-08-16 20:19:42.326 (UTC)] info/application	[Motor] Distance safe (21.4053557458824); rotating motor to 90 degrees | Severity=75 | SourceName=Motor2 | EventType=application
[2026-08-16 20:19:43.326 (UTC)] info/application	[Motor] Received distance: 21.1764217345866 cm | Severity=75 | SourceName=Motor2 | EventType=application
[2026-08-16 20:19:43.326 (UTC)] info/application	[Motor] Distance safe (21.1764217345866); rotating motor to 90 degrees | Severity=75 | SourceName=Motor2 | EventType=application
[2026-08-16 20:19:44.326 (UTC)] info/application	[Motor] Received distance: 20.6802814189253 cm | Severity=75 | SourceName=Motor2 | EventType=application
[2026-08-16 20:19:44.326 (UTC)] info/application	[Motor] Distance safe (20.6802814189253); rotating motor to 90 degrees | Severity=75 | SourceName=Motor2 | EventType=application
[2026-08-16 20:19:45.326 (UTC)] info/application	[Motor] Received distance: 20.0618473044885 cm | Severity=75 | SourceName=Motor2 | EventType=application
[2026-08-16 20:19:45.326 (UTC)] info/application	[Motor] Distance safe (20.0618473044885); rotating motor to 90 degrees | Severity=75 | SourceName=Motor2 | EventType=application
[2026-08-16 20:19:46.326 (UTC)] info/application	[Motor] Received distance: 19.1230191838104 cm | Severity=75 | SourceName=Motor2 | EventType=application
[2026-08-16 20:19:46.326 (UTC)] warn/application	[Motor] Distance too close (19.1230191838104); rotating motor to 0 degrees | Severity=175 | SourceName=Motor2 | EventType=application
[2026-08-16 20:19:47.326 (UTC)] info/application	[Motor] Received distance: 20.205059121924 cm | Severity=75 | SourceName=Motor2 | EventType=application
[2026-08-16 20:19:47.326 (UTC)] info/application	[Motor] Distance safe (20.205059121924); rotating motor to 90 degrees | Severity=75 | SourceName=Motor2 | EventType=application
[2026-08-16 20:19:48.326 (UTC)] info/application	[Motor] Received distance: 19.6526226923581 cm | Severity=75 | SourceName=Motor2 | EventType=application
[2026-08-16 20:19:48.326 (UTC)] warn/application	[Motor] Distance too close (19.6526226923581); rotating motor to 0 degrees | Severity=175 | SourceName=Motor2 | EventType=application
[2026-08-16 20:19:49.317 (UTC)] info/application	[Motor] Received distance: 21.0685751238226 cm | Severity=75 | SourceName=Motor2 | EventType=application
[2026-08-16 20:19:49.317 (UTC)] info/application	[Motor] Distance safe (21.0685751238226); rotating motor to 90 degrees | Severity=75 | SourceName=Motor2 | EventType=application
[2026-08-16 20:19:50.325 (UTC)] info/application	[Motor] Received distance: 20.5218864558367 cm | Severity=75 | SourceName=Motor2 | EventType=application
[2026-08-16 20:19:50.325 (UTC)] info/application	[Motor] Distance safe (20.5218864558367); rotating motor to 90 degrees | Severity=75 | SourceName=Motor2 | EventType=application
[2026-08-16 20:19:51.326 (UTC)] info/application	[Motor] Received distance: 19.9769289917205 cm | Severity=75 | SourceName=Motor2 | EventType=application
[2026-08-16 20:19:51.326 (UTC)] warn/application	[Motor] Distance too close (19.9769289917205); rotating motor to 0 degrees | Severity=175 | SourceName=Motor2 | EventType=application
[2026-08-16 20:19:52.316 (UTC)] info/application	[Motor] Received distance: 19.4945989986857 cm | Severity=75 | SourceName=Motor2 | EventType=application
[2026-08-16 20:19:52.316 (UTC)] warn/application	[Motor] Distance too close (19.4945989986857); rotating motor to 0 degrees | Severity=175 | SourceName=Motor2 | EventType=application
[2026-08-16 20:19:53.324 (UTC)] info/application	[Motor] Received distance: 19.6465203616054 cm | Severity=75 | SourceName=Motor2 | EventType=application
[2026-08-16 20:19:53.324 (UTC)] warn/application	[Motor] Distance too close (19.6465203616054); rotating motor to 0 degrees | Severity=175 | SourceName=Motor2 | EventType=application
[2026-08-16 20:19:54.326 (UTC)] info/application	[Motor] Received distance: 20.4091716161506 cm | Severity=75 | SourceName=Motor2 | EventType=application
[2026-08-16 20:19:54.326 (UTC)] info/application	[Motor] Distance safe (20.4091716161506); rotating motor to 90 degrees | Severity=75 | SourceName=Motor2 | EventType=application
[2026-08-16 20:19:55.326 (UTC)] info/application	[Motor] Received distance: 20.9460008539939 cm | Severity=75 | SourceName=Motor2 | EventType=application
[2026-08-16 20:19:55.326 (UTC)] info/application	[Motor] Distance safe (20.9460008539939); rotating motor to 90 degrees | Severity=75 | SourceName=Motor2 | EventType=application
[2026-08-16 20:19:56.326 (UTC)] info/application	[Motor] Received distance: 21.4603675328942 cm | Severity=75 | SourceName=Motor2 | EventType=application
[2026-08-16 20:19:56.326 (UTC)] info/application	[Motor] Distance safe (21.4603675328942); rotating motor to 90 degrees | Severity=75 | SourceName=Motor2 | EventType=application
[2026-08-16 20:19:57.326 (UTC)] info/application	[Motor] Received distance: 22.1739235665528 cm | Severity=75 | SourceName=Motor2 | EventType=application
[2026-08-16 20:19:57.326 (UTC)] info/application	[Motor] Distance safe (22.1739235665528); rotating motor to 90 degrees | Severity=75 | SourceName=Motor2 | EventType=application
[2026-08-16 20:19:58.327 (UTC)] info/application	[Motor] Received distance: 21.4999191663228 cm | Severity=75 | SourceName=Motor2 | EventType=application
[2026-08-16 20:19:58.327 (UTC)] info/application	[Motor] Distance safe (21.4999191663228); rotating motor to 90 degrees | Severity=75 | SourceName=Motor2 | EventType=application
[2026-08-16 20:19:59.324 (UTC)] info/application	[Motor] Received distance: 20.592621051051 cm | Severity=75 | SourceName=Motor2 | EventType=application
[2026-08-16 20:19:59.324 (UTC)] info/application	[Motor] Distance safe (20.592621051051); rotating motor to 90 degrees | Severity=75 | SourceName=Motor2 | EventType=application
[2026-08-16 20:20:00.326 (UTC)] info/application	[Motor] Received distance: 21.3264001947019 cm | Severity=75 | SourceName=Motor2 | EventType=application
[2026-08-16 20:20:00.326 (UTC)] info/application	[Motor] Distance safe (21.3264001947019); rotating motor to 90 degrees | Severity=75 | SourceName=Motor2 | EventType=application
[2026-08-16 20:20:01.335 (UTC)] info/application	[Motor] Received distance: 22.4710921014059 cm | Severity=75 | SourceName=Motor2 | EventType=application
[2026-08-16 20:20:01.335 (UTC)] info/application	[Motor] Distance safe (22.4710921014059); rotating motor to 90 degrees | Severity=75 | SourceName=Motor2 | EventType=application
[2026-08-16 20:20:02.324 (UTC)] info/application	[Motor] Received distance: 21.271550653396 cm | Severity=75 | SourceName=Motor2 | EventType=application
[2026-08-16 20:20:02.324 (UTC)] info/application	[Motor] Distance safe (21.271550653396); rotating motor to 90 degrees | Severity=75 | SourceName=Motor2 | EventType=application
[2026-08-16 20:20:03.325 (UTC)] info/application	[Motor] Received distance: 20.0940015856614 cm | Severity=75 | SourceName=Motor2 | EventType=application
[2026-08-16 20:20:03.325 (UTC)] info/application	[Motor] Distance safe (20.0940015856614); rotating motor to 90 degrees | Severity=75 | SourceName=Motor2 | EventType=application
[2026-08-16 20:20:04.325 (UTC)] info/application	[Motor] Received distance: 21.2506432629892 cm | Severity=75 | SourceName=Motor2 | EventType=application
[2026-08-16 20:20:04.325 (UTC)] info/application	[Motor] Distance safe (21.2506432629892); rotating motor to 90 degrees | Severity=75 | SourceName=Motor2 | EventType=application
[2026-08-16 20:20:05.326 (UTC)] info/application	[Motor] Received distance: 22.3191390625756 cm | Severity=75 | SourceName=Motor2 | EventType=application
[2026-08-16 20:20:05.326 (UTC)] info/application	[Motor] Distance safe (22.3191390625756); rotating motor to 90 degrees | Severity=75 | SourceName=Motor2 | EventType=application
[2026-08-16 20:20:06.318 (UTC)] info/application	[Motor] Received distance: 21.8618435693727 cm | Severity=75 | SourceName=Motor2 | EventType=application
[2026-08-16 20:20:06.318 (UTC)] info/application	[Motor] Distance safe (21.8618435693727); rotating motor to 90 degrees | Severity=75 | SourceName=Motor2 | EventType=application
[2026-08-16 20:20:07.325 (UTC)] info/application	[Motor] Received distance: 21.6391688462529 cm | Severity=75 | SourceName=Motor2 | EventType=application
[2026-08-16 20:20:07.325 (UTC)] info/application	[Motor] Distance safe (21.6391688462529); rotating motor to 90 degrees | Severity=75 | SourceName=Motor2 | EventType=application
[2026-08-16 20:20:08.327 (UTC)] info/application	[Motor] Received distance: 21.0497204356593 cm | Severity=75 | SourceName=Motor2 | EventType=application
[2026-08-16 20:20:08.327 (UTC)] info/application	[Motor] Distance safe (21.0497204356593); rotating motor to 90 degrees | Severity=75 | SourceName=Motor2 | EventType=application
[2026-08-16 20:20:09.319 (UTC)] info/application	[Motor] Received distance: 20.7160831963253 cm | Severity=75 | SourceName=Motor2 | EventType=application
[2026-08-16 20:20:09.319 (UTC)] info/application	[Motor] Distance safe (20.7160831963253); rotating motor to 90 degrees | Severity=75 | SourceName=Motor2 | EventType=application
[2026-08-16 20:20:10.325 (UTC)] info/application	[Motor] Received distance: 20.88476575603 cm | Severity=75 | SourceName=Motor2 | EventType=application
[2026-08-16 20:20:10.325 (UTC)] info/application	[Motor] Distance safe (20.88476575603); rotating motor to 90 degrees | Severity=75 | SourceName=Motor2 | EventType=application
[2026-08-16 20:20:11.325 (UTC)] info/application	[Motor] Received distance: 20.8362468475645 cm | Severity=75 | SourceName=Motor2 | EventType=application
[2026-08-16 20:20:11.325 (UTC)] info/application	[Motor] Distance safe (20.8362468475645); rotating motor to 90 degrees | Severity=75 | SourceName=Motor2 | EventType=application
[2026-08-16 20:20:12.326 (UTC)] info/application	[Motor] Received distance: 20.2078026243056 cm | Severity=75 | SourceName=Motor2 | EventType=application
[2026-08-16 20:20:12.326 (UTC)] info/application	[Motor] Distance safe (20.2078026243056); rotating motor to 90 degrees | Severity=75 | SourceName=Motor2 | EventType=application
[2026-08-16 20:20:13.326 (UTC)] info/application	[Motor] Received distance: 18.7902636578261 cm | Severity=75 | SourceName=Motor2 | EventType=application
[2026-08-16 20:20:13.327 (UTC)] warn/application	[Motor] Distance too close (18.7902636578261); rotating motor to 0 degrees | Severity=175 | SourceName=Motor2 | EventType=application
[2026-08-16 20:20:14.321 (UTC)] info/application	[Motor] Received distance: 20.0128107394617 cm | Severity=75 | SourceName=Motor2 | EventType=application
[2026-08-16 20:20:14.321 (UTC)] info/application	[Motor] Distance safe (20.0128107394617); rotating motor to 90 degrees | Severity=75 | SourceName=Motor2 | EventType=application
[2026-08-16 20:20:15.325 (UTC)] info/application	[Motor] Received distance: 20.3882262005416 cm | Severity=75 | SourceName=Motor2 | EventType=application
[2026-08-16 20:20:15.325 (UTC)] info/application	[Motor] Distance safe (20.3882262005416); rotating motor to 90 degrees | Severity=75 | SourceName=Motor2 | EventType=application
[2026-08-16 20:20:16.325 (UTC)] info/application	[Motor] Received distance: 19.8522531196253 cm | Severity=75 | SourceName=Motor2 | EventType=application
[2026-08-16 20:20:16.325 (UTC)] warn/application	[Motor] Distance too close (19.8522531196253); rotating motor to 0 degrees | Severity=175 | SourceName=Motor2 | EventType=application
[2026-08-16 20:20:17.326 (UTC)] info/application	[Motor] Received distance: 18.6359720791858 cm | Severity=75 | SourceName=Motor2 | EventType=application
[2026-08-16 20:20:17.326 (UTC)] warn/application	[Motor] Distance too close (18.6359720791858); rotating motor to 0 degrees | Severity=175 | SourceName=Motor2 | EventType=application
[2026-08-16 20:20:18.326 (UTC)] info/application	[Motor] Received distance: 18.5934274783793 cm | Severity=75 | SourceName=Motor2 | EventType=application
[2026-08-16 20:20:18.326 (UTC)] warn/application	[Motor] Distance too close (18.5934274783793); rotating motor to 0 degrees | Severity=175 | SourceName=Motor2 | EventType=application
[2026-08-16 20:20:19.324 (UTC)] info/application	[Motor] Received distance: 19.005017969294 cm | Severity=75 | SourceName=Motor2 | EventType=application
[2026-08-16 20:20:19.324 (UTC)] warn/application	[Motor] Distance too close (19.005017969294); rotating motor to 0 degrees | Severity=175 | SourceName=Motor2 | EventType=application
[2026-08-16 20:20:20.325 (UTC)] info/application	[Motor] Received distance: 17.7046893589221 cm | Severity=75 | SourceName=Motor2 | EventType=application
[2026-08-16 20:20:20.325 (UTC)] warn/application	[Motor] Distance too close (17.7046893589221); rotating motor to 0 degrees | Severity=175 | SourceName=Motor2 | EventType=application
[2026-08-16 20:20:21.326 (UTC)] info/application	[Motor] Received distance: 18.6154560901297 cm | Severity=75 | SourceName=Motor2 | EventType=application
[2026-08-16 20:20:21.326 (UTC)] warn/application	[Motor] Distance too close (18.6154560901297); rotating motor to 0 degrees | Severity=175 | SourceName=Motor2 | EventType=application
[2026-08-16 20:20:22.324 (UTC)] info/application	[Motor] Received distance: 19.9820891169282 cm | Severity=75 | SourceName=Motor2 | EventType=application
[2026-08-16 20:20:22.324 (UTC)] warn/application	[Motor] Distance too close (19.9820891169282); rotating motor to 0 degrees | Severity=175 | SourceName=Motor2 | EventType=application
[2026-08-16 20:20:23.325 (UTC)] info/application	[Motor] Received distance: 19.6994305149184 cm | Severity=75 | SourceName=Motor2 | EventType=application
[2026-08-16 20:20:23.325 (UTC)] warn/application	[Motor] Distance too close (19.6994305149184); rotating motor to 0 degrees | Severity=175 | SourceName=Motor2 | EventType=application
[2026-08-16 20:20:24.326 (UTC)] info/application	[Motor] Received distance: 19.2621186076487 cm | Severity=75 | SourceName=Motor2 | EventType=application
[2026-08-16 20:20:24.326 (UTC)] warn/application	[Motor] Distance too close (19.2621186076487); rotating motor to 0 degrees | Severity=175 | SourceName=Motor2 | EventType=application
[2026-08-16 20:20:25.326 (UTC)] info/application	[Motor] Received distance: 19.8914028875956 cm | Severity=75 | SourceName=Motor2 | EventType=application
[2026-08-16 20:20:25.326 (UTC)] warn/application	[Motor] Distance too close (19.8914028875956); rotating motor to 0 degrees | Severity=175 | SourceName=Motor2 | EventType=application
[2026-08-16 20:20:26.335 (UTC)] info/application	[Motor] Received distance: 18.6455735220321 cm | Severity=75 | SourceName=Motor2 | EventType=application
[2026-08-16 20:20:26.335 (UTC)] warn/application	[Motor] Distance too close (18.6455735220321); rotating motor to 0 degrees | Severity=175 | SourceName=Motor2 | EventType=application
[2026-08-16 20:20:27.324 (UTC)] info/application	[Motor] Received distance: 17.2226282922657 cm | Severity=75 | SourceName=Motor2 | EventType=application
[2026-08-16 20:20:27.324 (UTC)] warn/application	[Motor] Distance too close (17.2226282922657); rotating motor to 0 degrees | Severity=175 | SourceName=Motor2 | EventType=application
[2026-08-16 20:20:28.326 (UTC)] info/application	[Motor] Received distance: 17.0654686044741 cm | Severity=75 | SourceName=Motor2 | EventType=application
[2026-08-16 20:20:28.326 (UTC)] warn/application	[Motor] Distance too close (17.0654686044741); rotating motor to 0 degrees | Severity=175 | SourceName=Motor2 | EventType=application
[2026-08-16 20:20:29.318 (UTC)] info/application	[Motor] Received distance: 16.6456348386806 cm | Severity=75 | SourceName=Motor2 | EventType=application
[2026-08-16 20:20:29.318 (UTC)] warn/application	[Motor] Distance too close (16.6456348386806); rotating motor to 0 degrees | Severity=175 | SourceName=Motor2 | EventType=application
[2026-08-16 20:20:30.325 (UTC)] info/application	[Motor] Received distance: 15.8153914936424 cm | Severity=75 | SourceName=Motor2 | EventType=application
[2026-08-16 20:20:30.325 (UTC)] warn/application	[Motor] Distance too close (15.8153914936424); rotating motor to 0 degrees | Severity=175 | SourceName=Motor2 | EventType=application
[2026-08-16 20:20:31.325 (UTC)] info/application	[Motor] Received distance: 14.8920109481048 cm | Severity=75 | SourceName=Motor2 | EventType=application
[2026-08-16 20:20:31.325 (UTC)] warn/application	[Motor] Distance too close (14.8920109481048); rotating motor to 0 degrees | Severity=175 | SourceName=Motor2 | EventType=application
[2026-08-16 20:20:32.326 (UTC)] info/application	[Motor] Received distance: 14.1168690876183 cm | Severity=75 | SourceName=Motor2 | EventType=application
[2026-08-16 20:20:32.326 (UTC)] warn/application	[Motor] Distance too close (14.1168690876183); rotating motor to 0 degrees | Severity=175 | SourceName=Motor2 | EventType=application
[2026-08-16 20:20:33.326 (UTC)] info/application	[Motor] Received distance: 13.5870842959672 cm | Severity=75 | SourceName=Motor2 | EventType=application
[2026-08-16 20:20:33.326 (UTC)] warn/application	[Motor] Distance too close (13.5870842959672); rotating motor to 0 degrees | Severity=175 | SourceName=Motor2 | EventType=application
[2026-08-16 20:20:34.326 (UTC)] info/application	[Motor] Received distance: 12.986154682695 cm | Severity=75 | SourceName=Motor2 | EventType=application
[2026-08-16 20:20:34.326 (UTC)] warn/application	[Motor] Distance too close (12.986154682695); rotating motor to 0 degrees | Severity=175 | SourceName=Motor2 | EventType=application
[2026-08-16 20:20:35.320 (UTC)] info/application	[Motor] Received distance: 11.8676544995362 cm | Severity=75 | SourceName=Motor2 | EventType=application
[2026-08-16 20:20:35.321 (UTC)] warn/application	[Motor] Distance too close (11.8676544995362); rotating motor to 0 degrees | Severity=175 | SourceName=Motor2 | EventType=application
[2026-08-16 20:20:36.325 (UTC)] info/application	[Motor] Received distance: 10.9063655060746 cm | Severity=75 | SourceName=Motor2 | EventType=application
[2026-08-16 20:20:36.325 (UTC)] warn/application	[Motor] Distance too close (10.9063655060746); rotating motor to 0 degrees | Severity=175 | SourceName=Motor2 | EventType=application
[2026-08-16 20:20:37.326 (UTC)] info/application	[Motor] Received distance: 11.3481403995995 cm | Severity=75 | SourceName=Motor2 | EventType=application
[2026-08-16 20:20:37.326 (UTC)] warn/application	[Motor] Distance too close (11.3481403995995); rotating motor to 0 degrees | Severity=175 | SourceName=Motor2 | EventType=application
[2026-08-16 20:20:38.322 (UTC)] info/application	[Motor] Received distance: 11.506965493321 cm | Severity=75 | SourceName=Motor2 | EventType=application
[2026-08-16 20:20:38.322 (UTC)] warn/application	[Motor] Distance too close (11.506965493321); rotating motor to 0 degrees | Severity=175 | SourceName=Motor2 | EventType=application
[2026-08-16 20:20:39.325 (UTC)] info/application	[Motor] Received distance: 11.4562280906626 cm | Severity=75 | SourceName=Motor2 | EventType=application
[2026-08-16 20:20:39.325 (UTC)] warn/application	[Motor] Distance too close (11.4562280906626); rotating motor to 0 degrees | Severity=175 | SourceName=Motor2 | EventType=application
[2026-08-16 20:20:40.325 (UTC)] info/application	[Motor] Received distance: 10.0643657434566 cm | Severity=75 | SourceName=Motor2 | EventType=application
[2026-08-16 20:20:40.325 (UTC)] warn/application	[Motor] Distance too close (10.0643657434566); rotating motor to 0 degrees | Severity=175 | SourceName=Motor2 | EventType=application
[2026-08-16 20:20:41.325 (UTC)] info/application	[Motor] Received distance: 8.89187339548577 cm | Severity=75 | SourceName=Motor2 | EventType=application
[2026-08-16 20:20:41.325 (UTC)] warn/application	[Motor] Distance too close (8.89187339548577); rotating motor to 0 degrees | Severity=175 | SourceName=Motor2 | EventType=application
[2026-08-16 20:20:42.326 (UTC)] info/application	[Motor] Received distance: 10.2926170843619 cm | Severity=75 | SourceName=Motor2 | EventType=application
[2026-08-16 20:20:42.326 (UTC)] warn/application	[Motor] Distance too close (10.2926170843619); rotating motor to 0 degrees | Severity=175 | SourceName=Motor2 | EventType=application
[2026-08-16 20:20:43.326 (UTC)] info/application	[Motor] Received distance: 9.77231051389704 cm | Severity=75 | SourceName=Motor2 | EventType=application
[2026-08-16 20:20:43.326 (UTC)] warn/application	[Motor] Distance too close (9.77231051389704); rotating motor to 0 degrees | Severity=175 | SourceName=Motor2 | EventType=application
[2026-08-16 20:20:44.326 (UTC)] info/application	[Motor] Received distance: 8.68227919944671 cm | Severity=75 | SourceName=Motor2 | EventType=application
[2026-08-16 20:20:44.326 (UTC)] warn/application	[Motor] Distance too close (8.68227919944671); rotating motor to 0 degrees | Severity=175 | SourceName=Motor2 | EventType=application
[2026-08-16 20:20:45.335 (UTC)] info/application	[Motor] Received distance: 9.80556996856147 cm | Severity=75 | SourceName=Motor2 | EventType=application
[2026-08-16 20:20:45.335 (UTC)] warn/application	[Motor] Distance too close (9.80556996856147); rotating motor to 0 degrees | Severity=175 | SourceName=Motor2 | EventType=application
[2026-08-16 20:20:46.325 (UTC)] info/application	[Motor] Received distance: 11.1606788605734 cm | Severity=75 | SourceName=Motor2 | EventType=application
[2026-08-16 20:20:46.325 (UTC)] warn/application	[Motor] Distance too close (11.1606788605734); rotating motor to 0 degrees | Severity=175 | SourceName=Motor2 | EventType=application
[2026-08-16 20:20:47.316 (UTC)] info/application	[Motor] Received distance: 11.0346744666038 cm | Severity=75 | SourceName=Motor2 | EventType=application
[2026-08-16 20:20:47.316 (UTC)] warn/application	[Motor] Distance too close (11.0346744666038); rotating motor to 0 degrees | Severity=175 | SourceName=Motor2 | EventType=application
[2026-08-16 20:20:48.324 (UTC)] info/application	[Motor] Received distance: 12.441684195279 cm | Severity=75 | SourceName=Motor2 | EventType=application
[2026-08-16 20:20:48.324 (UTC)] warn/application	[Motor] Distance too close (12.441684195279); rotating motor to 0 degrees | Severity=175 | SourceName=Motor2 | EventType=application
[2026-08-16 20:20:49.325 (UTC)] info/application	[Motor] Received distance: 12.2542484850876 cm | Severity=75 | SourceName=Motor2 | EventType=application
[2026-08-16 20:20:49.325 (UTC)] warn/application	[Motor] Distance too close (12.2542484850876); rotating motor to 0 degrees | Severity=175 | SourceName=Motor2 | EventType=application
[2026-08-16 20:20:50.325 (UTC)] info/application	[Motor] Received distance: 11.0398345806356 cm | Severity=75 | SourceName=Motor2 | EventType=application
[2026-08-16 20:20:50.325 (UTC)] warn/application	[Motor] Distance too close (11.0398345806356); rotating motor to 0 degrees | Severity=175 | SourceName=Motor2 | EventType=application
[2026-08-16 20:20:51.326 (UTC)] info/application	[Motor] Received distance: 9.6465156989389 cm | Severity=75 | SourceName=Motor2 | EventType=application
[2026-08-16 20:20:51.326 (UTC)] warn/application	[Motor] Distance too close (9.6465156989389); rotating motor to 0 degrees | Severity=175 | SourceName=Motor2 | EventType=application
[2026-08-16 20:20:52.326 (UTC)] info/application	[Motor] Received distance: 8.86984671855807 cm | Severity=75 | SourceName=Motor2 | EventType=application
[2026-08-16 20:20:52.326 (UTC)] warn/application	[Motor] Distance too close (8.86984671855807); rotating motor to 0 degrees | Severity=175 | SourceName=Motor2 | EventType=application
[2026-08-16 20:20:53.319 (UTC)] info/application	[Motor] Received distance: 7.52206583950767 cm | Severity=75 | SourceName=Motor2 | EventType=application
[2026-08-16 20:20:53.319 (UTC)] warn/application	[Motor] Distance too close (7.52206583950767); rotating motor to 0 degrees | Severity=175 | SourceName=Motor2 | EventType=application
[2026-08-16 20:20:54.325 (UTC)] info/application	[Motor] Received distance: 7.34608835580114 cm | Severity=75 | SourceName=Motor2 | EventType=application
[2026-08-16 20:20:54.325 (UTC)] warn/application	[Motor] Distance too close (7.34608835580114); rotating motor to 0 degrees | Severity=175 | SourceName=Motor2 | EventType=application
[2026-08-16 20:20:55.325 (UTC)] info/application	[Motor] Received distance: 7.63210746815063 cm | Severity=75 | SourceName=Motor2 | EventType=application
[2026-08-16 20:20:55.325 (UTC)] warn/application	[Motor] Distance too close (7.63210746815063); rotating motor to 0 degrees | Severity=175 | SourceName=Motor2 | EventType=application
[2026-08-16 20:20:56.326 (UTC)] info/application	[Motor] Received distance: 8.41361086904708 cm | Severity=75 | SourceName=Motor2 | EventType=application
[2026-08-16 20:20:56.326 (UTC)] warn/application	[Motor] Distance too close (8.41361086904708); rotating motor to 0 degrees | Severity=175 | SourceName=Motor2 | EventType=application
[2026-08-16 20:20:57.326 (UTC)] info/application	[Motor] Received distance: 8.49180401977704 cm | Severity=75 | SourceName=Motor2 | EventType=application
[2026-08-16 20:20:57.326 (UTC)] warn/application	[Motor] Distance too close (8.49180401977704); rotating motor to 0 degrees | Severity=175 | SourceName=Motor2 | EventType=application
[2026-08-16 20:20:58.320 (UTC)] info/application	[Motor] Received distance: 8.85487790236014 cm | Severity=75 | SourceName=Motor2 | EventType=application
[2026-08-16 20:20:58.320 (UTC)] warn/application	[Motor] Distance too close (8.85487790236014); rotating motor to 0 degrees | Severity=175 | SourceName=Motor2 | EventType=application
[2026-08-16 20:20:59.325 (UTC)] info/application	[Motor] Received distance: 7.97922161406804 cm | Severity=75 | SourceName=Motor2 | EventType=application
[2026-08-16 20:20:59.325 (UTC)] warn/application	[Motor] Distance too close (7.97922161406804); rotating motor to 0 degrees | Severity=175 | SourceName=Motor2 | EventType=application
[2026-08-16 20:21:00.326 (UTC)] info/application	[Motor] Received distance: 9.13758100040147 cm | Severity=75 | SourceName=Motor2 | EventType=application
[2026-08-16 20:21:00.326 (UTC)] warn/application	[Motor] Distance too close (9.13758100040147); rotating motor to 0 degrees | Severity=175 | SourceName=Motor2 | EventType=application
[2026-08-16 20:21:01.326 (UTC)] info/application	[Motor] Received distance: 10.1704115379464 cm | Severity=75 | SourceName=Motor2 | EventType=application
[2026-08-16 20:21:01.326 (UTC)] warn/application	[Motor] Distance too close (10.1704115379464); rotating motor to 0 degrees | Severity=175 | SourceName=Motor2 | EventType=application
[2026-08-16 20:21:02.322 (UTC)] info/application	[Motor] Received distance: 9.87137470411669 cm | Severity=75 | SourceName=Motor2 | EventType=application
[2026-08-16 20:21:02.322 (UTC)] warn/application	[Motor] Distance too close (9.87137470411669); rotating motor to 0 degrees | Severity=175 | SourceName=Motor2 | EventType=application
[2026-08-16 20:21:03.325 (UTC)] info/application	[Motor] Received distance: 8.7545922285666 cm | Severity=75 | SourceName=Motor2 | EventType=application
[2026-08-16 20:21:03.325 (UTC)] warn/application	[Motor] Distance too close (8.7545922285666); rotating motor to 0 degrees | Severity=175 | SourceName=Motor2 | EventType=application
[2026-08-16 20:21:04.325 (UTC)] info/application	[Motor] Received distance: 7.75763797306348 cm | Severity=75 | SourceName=Motor2 | EventType=application
[2026-08-16 20:21:04.325 (UTC)] warn/application	[Motor] Distance too close (7.75763797306348); rotating motor to 0 degrees | Severity=175 | SourceName=Motor2 | EventType=application
[2026-08-16 20:21:05.326 (UTC)] info/application	[Motor] Received distance: 8.35767152596159 cm | Severity=75 | SourceName=Motor2 | EventType=application
[2026-08-16 20:21:05.326 (UTC)] warn/application	[Motor] Distance too close (8.35767152596159); rotating motor to 0 degrees | Severity=175 | SourceName=Motor2 | EventType=application
[2026-08-16 20:21:06.327 (UTC)] info/application	[Motor] Received distance: 7.62238886725271 cm | Severity=75 | SourceName=Motor2 | EventType=application
[2026-08-16 20:21:06.327 (UTC)] warn/application	[Motor] Distance too close (7.62238886725271); rotating motor to 0 degrees | Severity=175 | SourceName=Motor2 | EventType=application
[2026-08-16 20:21:07.321 (UTC)] info/application	[Motor] Received distance: 7.16414561968492 cm | Severity=75 | SourceName=Motor2 | EventType=application
[2026-08-16 20:21:07.321 (UTC)] warn/application	[Motor] Distance too close (7.16414561968492); rotating motor to 0 degrees | Severity=175 | SourceName=Motor2 | EventType=application
[2026-08-16 20:21:08.325 (UTC)] info/application	[Motor] Received distance: 6.705954064711 cm | Severity=75 | SourceName=Motor2 | EventType=application
[2026-08-16 20:21:08.325 (UTC)] warn/application	[Motor] Distance too close (6.705954064711); rotating motor to 0 degrees | Severity=175 | SourceName=Motor2 | EventType=application
[2026-08-16 20:21:09.325 (UTC)] info/application	[Motor] Received distance: 7.62949649972355 cm | Severity=75 | SourceName=Motor2 | EventType=application
[2026-08-16 20:21:09.325 (UTC)] warn/application	[Motor] Distance too close (7.62949649972355); rotating motor to 0 degrees | Severity=175 | SourceName=Motor2 | EventType=application
[2026-08-16 20:21:10.326 (UTC)] info/application	[Motor] Received distance: 8.62051584949744 cm | Severity=75 | SourceName=Motor2 | EventType=application
[2026-08-16 20:21:10.326 (UTC)] warn/application	[Motor] Distance too close (8.62051584949744); rotating motor to 0 degrees | Severity=175 | SourceName=Motor2 | EventType=application
[2026-08-16 20:21:11.326 (UTC)] info/application	[Motor] Received distance: 8.27046194731748 cm | Severity=75 | SourceName=Motor2 | EventType=application
[2026-08-16 20:21:11.326 (UTC)] warn/application	[Motor] Distance too close (8.27046194731748); rotating motor to 0 degrees | Severity=175 | SourceName=Motor2 | EventType=application
[2026-08-16 20:21:12.320 (UTC)] info/application	[Motor] Received distance: 9.52151203575617 cm | Severity=75 | SourceName=Motor2 | EventType=application
[2026-08-16 20:21:12.320 (UTC)] warn/application	[Motor] Distance too close (9.52151203575617); rotating motor to 0 degrees | Severity=175 | SourceName=Motor2 | EventType=application
[2026-08-16 20:21:13.325 (UTC)] info/application	[Motor] Received distance: 10.4132750730092 cm | Severity=75 | SourceName=Motor2 | EventType=application
[2026-08-16 20:21:13.325 (UTC)] warn/application	[Motor] Distance too close (10.4132750730092); rotating motor to 0 degrees | Severity=175 | SourceName=Motor2 | EventType=application
[2026-08-16 20:21:14.325 (UTC)] info/application	[Motor] Received distance: 11.0429146017614 cm | Severity=75 | SourceName=Motor2 | EventType=application
[2026-08-16 20:21:14.325 (UTC)] warn/application	[Motor] Distance too close (11.0429146017614); rotating motor to 0 degrees | Severity=175 | SourceName=Motor2 | EventType=application
[2026-08-16 20:21:15.326 (UTC)] info/application	[Motor] Received distance: 9.70393337435275 cm | Severity=75 | SourceName=Motor2 | EventType=application
[2026-08-16 20:21:15.326 (UTC)] warn/application	[Motor] Distance too close (9.70393337435275); rotating motor to 0 degrees | Severity=175 | SourceName=Motor2 | EventType=application
[2026-08-16 20:21:16.326 (UTC)] info/application	[Motor] Received distance: 10.2189871807206 cm | Severity=75 | SourceName=Motor2 | EventType=application
[2026-08-16 20:21:16.326 (UTC)] warn/application	[Motor] Distance too close (10.2189871807206); rotating motor to 0 degrees | Severity=175 | SourceName=Motor2 | EventType=application
[2026-08-16 20:21:17.327 (UTC)] info/application	[Motor] Received distance: 10.7037356000877 cm | Severity=75 | SourceName=Motor2 | EventType=application
[2026-08-16 20:21:17.327 (UTC)] warn/application	[Motor] Distance too close (10.7037356000877); rotating motor to 0 degrees | Severity=175 | SourceName=Motor2 | EventType=application
[2026-08-16 20:21:18.320 (UTC)] info/application	[Motor] Received distance: 10.7387499787094 cm | Severity=75 | SourceName=Motor2 | EventType=application
[2026-08-16 20:21:18.320 (UTC)] warn/application	[Motor] Distance too close (10.7387499787094); rotating motor to 0 degrees | Severity=175 | SourceName=Motor2 | EventType=application
[2026-08-16 20:21:19.325 (UTC)] info/application	[Motor] Received distance: 11.1608135123555 cm | Severity=75 | SourceName=Motor2 | EventType=application
[2026-08-16 20:21:19.325 (UTC)] warn/application	[Motor] Distance too close (11.1608135123555); rotating motor to 0 degrees | Severity=175 | SourceName=Motor2 | EventType=application
[2026-08-16 20:21:20.325 (UTC)] info/application	[Motor] Received distance: 9.95812622013417 cm | Severity=75 | SourceName=Motor2 | EventType=application
[2026-08-16 20:21:20.325 (UTC)] warn/application	[Motor] Distance too close (9.95812622013417); rotating motor to 0 degrees | Severity=175 | SourceName=Motor2 | EventType=application
[2026-08-16 20:21:21.326 (UTC)] info/application	[Motor] Received distance: 10.2787266943039 cm | Severity=75 | SourceName=Motor2 | EventType=application
[2026-08-16 20:21:21.326 (UTC)] warn/application	[Motor] Distance too close (10.2787266943039); rotating motor to 0 degrees | Severity=175 | SourceName=Motor2 | EventType=application
[2026-08-16 20:21:22.326 (UTC)] info/application	[Motor] Received distance: 10.8074713462533 cm | Severity=75 | SourceName=Motor2 | EventType=application
[2026-08-16 20:21:22.326 (UTC)] warn/application	[Motor] Distance too close (10.8074713462533); rotating motor to 0 degrees | Severity=175 | SourceName=Motor2 | EventType=application
[2026-08-16 20:21:23.320 (UTC)] info/application	[Motor] Received distance: 10.3281150736512 cm | Severity=75 | SourceName=Motor2 | EventType=application
[2026-08-16 20:21:23.320 (UTC)] warn/application	[Motor] Distance too close (10.3281150736512); rotating motor to 0 degrees | Severity=175 | SourceName=Motor2 | EventType=application
[2026-08-16 20:21:24.325 (UTC)] info/application	[Motor] Received distance: 10.8009346687705 cm | Severity=75 | SourceName=Motor2 | EventType=application
[2026-08-16 20:21:24.325 (UTC)] warn/application	[Motor] Distance too close (10.8009346687705); rotating motor to 0 degrees | Severity=175 | SourceName=Motor2 | EventType=application
[2026-08-16 20:21:25.326 (UTC)] info/application	[Motor] Received distance: 9.65370183561638 cm | Severity=75 | SourceName=Motor2 | EventType=application
[2026-08-16 20:21:25.326 (UTC)] warn/application	[Motor] Distance too close (9.65370183561638); rotating motor to 0 degrees | Severity=175 | SourceName=Motor2 | EventType=application
[2026-08-16 20:21:26.318 (UTC)] info/application	[Motor] Received distance: 10.9603646753637 cm | Severity=75 | SourceName=Motor2 | EventType=application
[2026-08-16 20:21:26.318 (UTC)] warn/application	[Motor] Distance too close (10.9603646753637); rotating motor to 0 degrees | Severity=175 | SourceName=Motor2 | EventType=application
[2026-08-16 20:21:27.325 (UTC)] info/application	[Motor] Received distance: 10.7146876699825 cm | Severity=75 | SourceName=Motor2 | EventType=application
[2026-08-16 20:21:27.325 (UTC)] warn/application	[Motor] Distance too close (10.7146876699825); rotating motor to 0 degrees | Severity=175 | SourceName=Motor2 | EventType=application
[2026-08-16 20:21:28.326 (UTC)] info/application	[Motor] Received distance: 11.1456479889554 cm | Severity=75 | SourceName=Motor2 | EventType=application
[2026-08-16 20:21:28.326 (UTC)] warn/application	[Motor] Distance too close (11.1456479889554); rotating motor to 0 degrees | Severity=175 | SourceName=Motor2 | EventType=application
[2026-08-16 20:21:29.326 (UTC)] info/application	[Motor] Received distance: 11.3153847098888 cm | Severity=75 | SourceName=Motor2 | EventType=application
[2026-08-16 20:21:29.326 (UTC)] warn/application	[Motor] Distance too close (11.3153847098888); rotating motor to 0 degrees | Severity=175 | SourceName=Motor2 | EventType=application
[2026-08-16 20:21:30.326 (UTC)] info/application	[Motor] Received distance: 11.6940514162155 cm | Severity=75 | SourceName=Motor2 | EventType=application
[2026-08-16 20:21:30.326 (UTC)] warn/application	[Motor] Distance too close (11.6940514162155); rotating motor to 0 degrees | Severity=175 | SourceName=Motor2 | EventType=application
[2026-08-16 20:21:31.326 (UTC)] info/application	[Motor] Received distance: 11.7833711201248 cm | Severity=75 | SourceName=Motor2 | EventType=application
[2026-08-16 20:21:31.326 (UTC)] warn/application	[Motor] Distance too close (11.7833711201248); rotating motor to 0 degrees | Severity=175 | SourceName=Motor2 | EventType=application
[2026-08-16 20:21:32.319 (UTC)] info/application	[Motor] Received distance: 11.4859383772062 cm | Severity=75 | SourceName=Motor2 | EventType=application
[2026-08-16 20:21:32.319 (UTC)] warn/application	[Motor] Distance too close (11.4859383772062); rotating motor to 0 degrees | Severity=175 | SourceName=Motor2 | EventType=application
[2026-08-16 20:21:33.325 (UTC)] info/application	[Motor] Received distance: 10.0655682483062 cm | Severity=75 | SourceName=Motor2 | EventType=application
[2026-08-16 20:21:33.325 (UTC)] warn/application	[Motor] Distance too close (10.0655682483062); rotating motor to 0 degrees | Severity=175 | SourceName=Motor2 | EventType=application
[2026-08-16 20:21:34.325 (UTC)] info/application	[Motor] Received distance: 10.5381054766654 cm | Severity=75 | SourceName=Motor2 | EventType=application
[2026-08-16 20:21:34.326 (UTC)] warn/application	[Motor] Distance too close (10.5381054766654); rotating motor to 0 degrees | Severity=175 | SourceName=Motor2 | EventType=application
[2026-08-16 20:21:35.326 (UTC)] info/application	[Motor] Received distance: 10.7437184796407 cm | Severity=75 | SourceName=Motor2 | EventType=application
[2026-08-16 20:21:35.326 (UTC)] warn/application	[Motor] Distance too close (10.7437184796407); rotating motor to 0 degrees | Severity=175 | SourceName=Motor2 | EventType=application
[2026-08-16 20:21:36.326 (UTC)] info/application	[Motor] Received distance: 11.4233819036388 cm | Severity=75 | SourceName=Motor2 | EventType=application
[2026-08-16 20:21:36.326 (UTC)] warn/application	[Motor] Distance too close (11.4233819036388); rotating motor to 0 degrees | Severity=175 | SourceName=Motor2 | EventType=application
[2026-08-16 20:21:37.326 (UTC)] info/application	[Motor] Received distance: 12.6606364746861 cm | Severity=75 | SourceName=Motor2 | EventType=application
[2026-08-16 20:21:37.326 (UTC)] warn/application	[Motor] Distance too close (12.6606364746861); rotating motor to 0 degrees | Severity=175 | SourceName=Motor2 | EventType=application
[2026-08-16 20:21:38.319 (UTC)] info/application	[Motor] Received distance: 13.9080062300936 cm | Severity=75 | SourceName=Motor2 | EventType=application
[2026-08-16 20:21:38.319 (UTC)] warn/application	[Motor] Distance too close (13.9080062300936); rotating motor to 0 degrees | Severity=175 | SourceName=Motor2 | EventType=application
[2026-08-16 20:21:39.325 (UTC)] info/application	[Motor] Received distance: 12.6294780977208 cm | Severity=75 | SourceName=Motor2 | EventType=application
[2026-08-16 20:21:39.325 (UTC)] warn/application	[Motor] Distance too close (12.6294780977208); rotating motor to 0 degrees | Severity=175 | SourceName=Motor2 | EventType=application
[2026-08-16 20:21:40.325 (UTC)] info/application	[Motor] Received distance: 13.2902751023836 cm | Severity=75 | SourceName=Motor2 | EventType=application
[2026-08-16 20:21:40.325 (UTC)] warn/application	[Motor] Distance too close (13.2902751023836); rotating motor to 0 degrees | Severity=175 | SourceName=Motor2 | EventType=application
[2026-08-16 20:21:41.326 (UTC)] info/application	[Motor] Received distance: 14.028664206168 cm | Severity=75 | SourceName=Motor2 | EventType=application
[2026-08-16 20:21:41.326 (UTC)] warn/application	[Motor] Distance too close (14.028664206168); rotating motor to 0 degrees | Severity=175 | SourceName=Motor2 | EventType=application
[2026-08-16 20:21:42.320 (UTC)] info/application	[Motor] Received distance: 13.9000821730123 cm | Severity=75 | SourceName=Motor2 | EventType=application
[2026-08-16 20:21:42.320 (UTC)] warn/application	[Motor] Distance too close (13.9000821730123); rotating motor to 0 degrees | Severity=175 | SourceName=Motor2 | EventType=application
[2026-08-16 20:21:43.325 (UTC)] info/application	[Motor] Received distance: 14.3119292647168 cm | Severity=75 | SourceName=Motor2 | EventType=application
[2026-08-16 20:21:43.325 (UTC)] warn/application	[Motor] Distance too close (14.3119292647168); rotating motor to 0 degrees | Severity=175 | SourceName=Motor2 | EventType=application
[2026-08-16 20:21:44.325 (UTC)] info/application	[Motor] Received distance: 14.4420814043573 cm | Severity=75 | SourceName=Motor2 | EventType=application
[2026-08-16 20:21:44.325 (UTC)] warn/application	[Motor] Distance too close (14.4420814043573); rotating motor to 0 degrees | Severity=175 | SourceName=Motor2 | EventType=application
[2026-08-16 20:21:45.325 (UTC)] info/application	[Motor] Received distance: 13.4431388985567 cm | Severity=75 | SourceName=Motor2 | EventType=application
[2026-08-16 20:21:45.325 (UTC)] warn/application	[Motor] Distance too close (13.4431388985567); rotating motor to 0 degrees | Severity=175 | SourceName=Motor2 | EventType=application
[2026-08-16 20:21:46.326 (UTC)] info/application	[Motor] Received distance: 14.0160047642496 cm | Severity=75 | SourceName=Motor2 | EventType=application
[2026-08-16 20:21:46.326 (UTC)] warn/application	[Motor] Distance too close (14.0160047642496); rotating motor to 0 degrees | Severity=175 | SourceName=Motor2 | EventType=application
[2026-08-16 20:21:47.326 (UTC)] info/application	[Motor] Received distance: 13.1612107088609 cm | Severity=75 | SourceName=Motor2 | EventType=application
[2026-08-16 20:21:47.326 (UTC)] warn/application	[Motor] Distance too close (13.1612107088609); rotating motor to 0 degrees | Severity=175 | SourceName=Motor2 | EventType=application
[2026-08-16 20:21:48.326 (UTC)] info/application	[Motor] Received distance: 14.1470166224274 cm | Severity=75 | SourceName=Motor2 | EventType=application
[2026-08-16 20:21:48.326 (UTC)] warn/application	[Motor] Distance too close (14.1470166224274); rotating motor to 0 degrees | Severity=175 | SourceName=Motor2 | EventType=application
[2026-08-16 20:21:49.319 (UTC)] info/application	[Motor] Received distance: 13.254896865345 cm | Severity=75 | SourceName=Motor2 | EventType=application
[2026-08-16 20:21:49.319 (UTC)] warn/application	[Motor] Distance too close (13.254896865345); rotating motor to 0 degrees | Severity=175 | SourceName=Motor2 | EventType=application
[2026-08-16 20:21:50.325 (UTC)] info/application	[Motor] Received distance: 14.3221663449994 cm | Severity=75 | SourceName=Motor2 | EventType=application
[2026-08-16 20:21:50.325 (UTC)] warn/application	[Motor] Distance too close (14.3221663449994); rotating motor to 0 degrees | Severity=175 | SourceName=Motor2 | EventType=application
[2026-08-16 20:21:51.326 (UTC)] info/application	[Motor] Received distance: 15.6052849663446 cm | Severity=75 | SourceName=Motor2 | EventType=application
[2026-08-16 20:21:51.326 (UTC)] warn/application	[Motor] Distance too close (15.6052849663446); rotating motor to 0 degrees | Severity=175 | SourceName=Motor2 | EventType=application
[2026-08-16 20:21:52.326 (UTC)] info/application	[Motor] Received distance: 16.533765684829 cm | Severity=75 | SourceName=Motor2 | EventType=application
[2026-08-16 20:21:52.326 (UTC)] warn/application	[Motor] Distance too close (16.533765684829); rotating motor to 0 degrees | Severity=175 | SourceName=Motor2 | EventType=application
[2026-08-16 20:21:53.320 (UTC)] info/application	[Motor] Received distance: 16.6297798150358 cm | Severity=75 | SourceName=Motor2 | EventType=application
[2026-08-16 20:21:53.320 (UTC)] warn/application	[Motor] Distance too close (16.6297798150358); rotating motor to 0 degrees | Severity=175 | SourceName=Motor2 | EventType=application
[2026-08-16 20:21:54.325 (UTC)] info/application	[Motor] Received distance: 15.9335421623819 cm | Severity=75 | SourceName=Motor2 | EventType=application
[2026-08-16 20:21:54.325 (UTC)] warn/application	[Motor] Distance too close (15.9335421623819); rotating motor to 0 degrees | Severity=175 | SourceName=Motor2 | EventType=application
[2026-08-16 20:21:55.325 (UTC)] info/application	[Motor] Received distance: 15.8348424745886 cm | Severity=75 | SourceName=Motor2 | EventType=application
[2026-08-16 20:21:55.325 (UTC)] warn/application	[Motor] Distance too close (15.8348424745886); rotating motor to 0 degrees | Severity=175 | SourceName=Motor2 | EventType=application
[2026-08-16 20:21:56.326 (UTC)] info/application	[Motor] Received distance: 16.2836237730382 cm | Severity=75 | SourceName=Motor2 | EventType=application
[2026-08-16 20:21:56.326 (UTC)] warn/application	[Motor] Distance too close (16.2836237730382); rotating motor to 0 degrees | Severity=175 | SourceName=Motor2 | EventType=application
[2026-08-16 20:21:57.326 (UTC)] info/application	[Motor] Received distance: 15.3940489587347 cm | Severity=75 | SourceName=Motor2 | EventType=application
[2026-08-16 20:21:57.326 (UTC)] warn/application	[Motor] Distance too close (15.3940489587347); rotating motor to 0 degrees | Severity=175 | SourceName=Motor2 | EventType=application
[2026-08-16 20:21:58.326 (UTC)] info/application	[Motor] Received distance: 16.5496722669572 cm | Severity=75 | SourceName=Motor2 | EventType=application
[2026-08-16 20:21:58.326 (UTC)] warn/application	[Motor] Distance too close (16.5496722669572); rotating motor to 0 degrees | Severity=175 | SourceName=Motor2 | EventType=application
[2026-08-16 20:21:59.320 (UTC)] info/application	[Motor] Received distance: 15.9294138829827 cm | Severity=75 | SourceName=Motor2 | EventType=application
[2026-08-16 20:21:59.320 (UTC)] warn/application	[Motor] Distance too close (15.9294138829827); rotating motor to 0 degrees | Severity=175 | SourceName=Motor2 | EventType=application
[2026-08-16 20:22:00.325 (UTC)] info/application	[Motor] Received distance: 16.7095757896125 cm | Severity=75 | SourceName=Motor2 | EventType=application
[2026-08-16 20:22:00.325 (UTC)] warn/application	[Motor] Distance too close (16.7095757896125); rotating motor to 0 degrees | Severity=175 | SourceName=Motor2 | EventType=application
[2026-08-16 20:22:01.320 (UTC)] info/application	[Motor] Received distance: 16.7438658027649 cm | Severity=75 | SourceName=Motor2 | EventType=application
[2026-08-16 20:22:01.320 (UTC)] warn/application	[Motor] Distance too close (16.7438658027649); rotating motor to 0 degrees | Severity=175 | SourceName=Motor2 | EventType=application
[2026-08-16 20:22:02.325 (UTC)] info/application	[Motor] Received distance: 17.7129271226996 cm | Severity=75 | SourceName=Motor2 | EventType=application
[2026-08-16 20:22:02.325 (UTC)] warn/application	[Motor] Distance too close (17.7129271226996); rotating motor to 0 degrees | Severity=175 | SourceName=Motor2 | EventType=application
[2026-08-16 20:22:03.325 (UTC)] info/application	[Motor] Received distance: 16.6956562850139 cm | Severity=75 | SourceName=Motor2 | EventType=application
[2026-08-16 20:22:03.325 (UTC)] warn/application	[Motor] Distance too close (16.6956562850139); rotating motor to 0 degrees | Severity=175 | SourceName=Motor2 | EventType=application
[2026-08-16 20:22:04.325 (UTC)] info/application	[Motor] Received distance: 16.8095761706632 cm | Severity=75 | SourceName=Motor2 | EventType=application
[2026-08-16 20:22:04.325 (UTC)] warn/application	[Motor] Distance too close (16.8095761706632); rotating motor to 0 degrees | Severity=175 | SourceName=Motor2 | EventType=application
[2026-08-16 20:22:05.326 (UTC)] info/application	[Motor] Received distance: 16.75117471756 cm | Severity=75 | SourceName=Motor2 | EventType=application
[2026-08-16 20:22:05.326 (UTC)] warn/application	[Motor] Distance too close (16.75117471756); rotating motor to 0 degrees | Severity=175 | SourceName=Motor2 | EventType=application
[2026-08-16 20:22:06.320 (UTC)] info/application	[Motor] Received distance: 17.4395168828497 cm | Severity=75 | SourceName=Motor2 | EventType=application
[2026-08-16 20:22:06.320 (UTC)] warn/application	[Motor] Distance too close (17.4395168828497); rotating motor to 0 degrees | Severity=175 | SourceName=Motor2 | EventType=application
[2026-08-16 20:22:07.325 (UTC)] info/application	[Motor] Received distance: 16.7331001911001 cm | Severity=75 | SourceName=Motor2 | EventType=application
[2026-08-16 20:22:07.325 (UTC)] warn/application	[Motor] Distance too close (16.7331001911001); rotating motor to 0 degrees | Severity=175 | SourceName=Motor2 | EventType=application
[2026-08-16 20:22:08.326 (UTC)] info/application	[Motor] Received distance: 16.4119533076473 cm | Severity=75 | SourceName=Motor2 | EventType=application
[2026-08-16 20:22:08.326 (UTC)] warn/application	[Motor] Distance too close (16.4119533076473); rotating motor to 0 degrees | Severity=175 | SourceName=Motor2 | EventType=application
[2026-08-16 20:22:09.326 (UTC)] info/application	[Motor] Received distance: 16.8476652269474 cm | Severity=75 | SourceName=Motor2 | EventType=application
[2026-08-16 20:22:09.326 (UTC)] warn/application	[Motor] Distance too close (16.8476652269474); rotating motor to 0 degrees | Severity=175 | SourceName=Motor2 | EventType=application
[2026-08-16 20:22:10.320 (UTC)] info/application	[Motor] Received distance: 16.362720404222 cm | Severity=75 | SourceName=Motor2 | EventType=application
[2026-08-16 20:22:10.320 (UTC)] warn/application	[Motor] Distance too close (16.362720404222); rotating motor to 0 degrees | Severity=175 | SourceName=Motor2 | EventType=application
[2026-08-16 20:22:11.325 (UTC)] info/application	[Motor] Received distance: 15.202370525432 cm | Severity=75 | SourceName=Motor2 | EventType=application
[2026-08-16 20:22:11.325 (UTC)] warn/application	[Motor] Distance too close (15.202370525432); rotating motor to 0 degrees | Severity=175 | SourceName=Motor2 | EventType=application
[2026-08-16 20:22:12.325 (UTC)] info/application	[Motor] Received distance: 14.8764715471196 cm | Severity=75 | SourceName=Motor2 | EventType=application
[2026-08-16 20:22:12.325 (UTC)] warn/application	[Motor] Distance too close (14.8764715471196); rotating motor to 0 degrees | Severity=175 | SourceName=Motor2 | EventType=application
[2026-08-16 20:22:13.322 (UTC)] info/application	[Motor] Received distance: 15.7629446912385 cm | Severity=75 | SourceName=Motor2 | EventType=application
[2026-08-16 20:22:13.322 (UTC)] warn/application	[Motor] Distance too close (15.7629446912385); rotating motor to 0 degrees | Severity=175 | SourceName=Motor2 | EventType=application
[2026-08-16 20:22:14.326 (UTC)] info/application	[Motor] Received distance: 16.514441904153 cm | Severity=75 | SourceName=Motor2 | EventType=application
[2026-08-16 20:22:14.326 (UTC)] warn/application	[Motor] Distance too close (16.514441904153); rotating motor to 0 degrees | Severity=175 | SourceName=Motor2 | EventType=application
[2026-08-16 20:22:15.326 (UTC)] info/application	[Motor] Received distance: 17.818695066878 cm | Severity=75 | SourceName=Motor2 | EventType=application
[2026-08-16 20:22:15.326 (UTC)] warn/application	[Motor] Distance too close (17.818695066878); rotating motor to 0 degrees | Severity=175 | SourceName=Motor2 | EventType=application
[2026-08-16 20:22:16.324 (UTC)] info/application	[Motor] Received distance: 19.2062257051963 cm | Severity=75 | SourceName=Motor2 | EventType=application
[2026-08-16 20:22:16.324 (UTC)] warn/application	[Motor] Distance too close (19.2062257051963); rotating motor to 0 degrees | Severity=175 | SourceName=Motor2 | EventType=application
[2026-08-16 20:22:17.325 (UTC)] info/application	[Motor] Received distance: 19.0305887824067 cm | Severity=75 | SourceName=Motor2 | EventType=application
[2026-08-16 20:22:17.325 (UTC)] warn/application	[Motor] Distance too close (19.0305887824067); rotating motor to 0 degrees | Severity=175 | SourceName=Motor2 | EventType=application
[2026-08-16 20:22:18.325 (UTC)] info/application	[Motor] Received distance: 17.9800478883461 cm | Severity=75 | SourceName=Motor2 | EventType=application
[2026-08-16 20:22:18.325 (UTC)] warn/application	[Motor] Distance too close (17.9800478883461); rotating motor to 0 degrees | Severity=175 | SourceName=Motor2 | EventType=application
[2026-08-16 20:22:19.335 (UTC)] info/application	[Motor] Received distance: 18.8533844388339 cm | Severity=75 | SourceName=Motor2 | EventType=application
[2026-08-16 20:22:19.335 (UTC)] warn/application	[Motor] Distance too close (18.8533844388339); rotating motor to 0 degrees | Severity=175 | SourceName=Motor2 | EventType=application
[2026-08-16 20:22:20.324 (UTC)] info/application	[Motor] Received distance: 19.2856277603589 cm | Severity=75 | SourceName=Motor2 | EventType=application
[2026-08-16 20:22:20.324 (UTC)] warn/application	[Motor] Distance too close (19.2856277603589); rotating motor to 0 degrees | Severity=175 | SourceName=Motor2 | EventType=application
[2026-08-16 20:22:21.325 (UTC)] info/application	[Motor] Received distance: 17.8023563445557 cm | Severity=75 | SourceName=Motor2 | EventType=application
[2026-08-16 20:22:21.325 (UTC)] warn/application	[Motor] Distance too close (17.8023563445557); rotating motor to 0 degrees | Severity=175 | SourceName=Motor2 | EventType=application
[2026-08-16 20:22:22.326 (UTC)] info/application	[Motor] Received distance: 18.4588115149917 cm | Severity=75 | SourceName=Motor2 | EventType=application
[2026-08-16 20:22:22.326 (UTC)] warn/application	[Motor] Distance too close (18.4588115149917); rotating motor to 0 degrees | Severity=175 | SourceName=Motor2 | EventType=application
[2026-08-16 20:22:23.326 (UTC)] info/application	[Motor] Received distance: 18.3195355536042 cm | Severity=75 | SourceName=Motor2 | EventType=application
[2026-08-16 20:22:23.326 (UTC)] warn/application	[Motor] Distance too close (18.3195355536042); rotating motor to 0 degrees | Severity=175 | SourceName=Motor2 | EventType=application
[2026-08-16 20:22:24.335 (UTC)] info/application	[Motor] Received distance: 18.4322782694047 cm | Severity=75 | SourceName=Motor2 | EventType=application
[2026-08-16 20:22:24.335 (UTC)] warn/application	[Motor] Distance too close (18.4322782694047); rotating motor to 0 degrees | Severity=175 | SourceName=Motor2 | EventType=application
[2026-08-16 20:22:25.325 (UTC)] info/application	[Motor] Received distance: 19.8924957871868 cm | Severity=75 | SourceName=Motor2 | EventType=application
[2026-08-16 20:22:25.325 (UTC)] warn/application	[Motor] Distance too close (19.8924957871868); rotating motor to 0 degrees | Severity=175 | SourceName=Motor2 | EventType=application
[2026-08-16 20:22:26.325 (UTC)] info/application	[Motor] Received distance: 21.154520138006 cm | Severity=75 | SourceName=Motor2 | EventType=application
[2026-08-16 20:22:26.325 (UTC)] info/application	[Motor] Distance safe (21.154520138006); rotating motor to 90 degrees | Severity=75 | SourceName=Motor2 | EventType=application
[2026-08-16 20:22:27.326 (UTC)] info/application	[Motor] Received distance: 20.2160441508592 cm | Severity=75 | SourceName=Motor2 | EventType=application
[2026-08-16 20:22:27.326 (UTC)] info/application	[Motor] Distance safe (20.2160441508592); rotating motor to 90 degrees | Severity=75 | SourceName=Motor2 | EventType=application
[2026-08-16 20:22:28.326 (UTC)] info/application	[Motor] Received distance: 19.2866868529407 cm | Severity=75 | SourceName=Motor2 | EventType=application
[2026-08-16 20:22:28.326 (UTC)] warn/application	[Motor] Distance too close (19.2866868529407); rotating motor to 0 degrees | Severity=175 | SourceName=Motor2 | EventType=application
[2026-08-16 20:22:29.335 (UTC)] info/application	[Motor] Received distance: 20.2043345105855 cm | Severity=75 | SourceName=Motor2 | EventType=application
[2026-08-16 20:22:29.335 (UTC)] info/application	[Motor] Distance safe (20.2043345105855); rotating motor to 90 degrees | Severity=75 | SourceName=Motor2 | EventType=application
[2026-08-16 20:22:30.325 (UTC)] info/application	[Motor] Received distance: 20.1456001394641 cm | Severity=75 | SourceName=Motor2 | EventType=application
[2026-08-16 20:22:30.325 (UTC)] info/application	[Motor] Distance safe (20.1456001394641); rotating motor to 90 degrees | Severity=75 | SourceName=Motor2 | EventType=application
[2026-08-16 20:22:31.326 (UTC)] info/application	[Motor] Received distance: 21.4964047481755 cm | Severity=75 | SourceName=Motor2 | EventType=application
[2026-08-16 20:22:31.326 (UTC)] info/application	[Motor] Distance safe (21.4964047481755); rotating motor to 90 degrees | Severity=75 | SourceName=Motor2 | EventType=application
[2026-08-16 20:22:32.326 (UTC)] info/application	[Motor] Received distance: 20.9483424189726 cm | Severity=75 | SourceName=Motor2 | EventType=application
[2026-08-16 20:22:32.326 (UTC)] info/application	[Motor] Distance safe (20.9483424189726); rotating motor to 90 degrees | Severity=75 | SourceName=Motor2 | EventType=application
[2026-08-16 20:22:33.326 (UTC)] info/application	[Motor] Received distance: 20.3586693663889 cm | Severity=75 | SourceName=Motor2 | EventType=application
[2026-08-16 20:22:33.326 (UTC)] info/application	[Motor] Distance safe (20.3586693663889); rotating motor to 90 degrees | Severity=75 | SourceName=Motor2 | EventType=application
[2026-08-16 20:22:34.335 (UTC)] info/application	[Motor] Received distance: 19.1922031360177 cm | Severity=75 | SourceName=Motor2 | EventType=application
[2026-08-16 20:22:34.335 (UTC)] warn/application	[Motor] Distance too close (19.1922031360177); rotating motor to 0 degrees | Severity=175 | SourceName=Motor2 | EventType=application
[2026-08-16 20:22:35.324 (UTC)] info/application	[Motor] Received distance: 20.258060692464 cm | Severity=75 | SourceName=Motor2 | EventType=application
[2026-08-16 20:22:35.324 (UTC)] info/application	[Motor] Distance safe (20.258060692464); rotating motor to 90 degrees | Severity=75 | SourceName=Motor2 | EventType=application
[2026-08-16 20:22:36.325 (UTC)] info/application	[Motor] Received distance: 21.1099861867773 cm | Severity=75 | SourceName=Motor2 | EventType=application
[2026-08-16 20:22:36.325 (UTC)] info/application	[Motor] Distance safe (21.1099861867773); rotating motor to 90 degrees | Severity=75 | SourceName=Motor2 | EventType=application
[2026-08-16 20:22:37.326 (UTC)] info/application	[Motor] Received distance: 22.1318621230926 cm | Severity=75 | SourceName=Motor2 | EventType=application
[2026-08-16 20:22:37.326 (UTC)] info/application	[Motor] Distance safe (22.1318621230926); rotating motor to 90 degrees | Severity=75 | SourceName=Motor2 | EventType=application
[2026-08-16 20:22:38.335 (UTC)] info/application	[Motor] Received distance: 20.9913029863924 cm | Severity=75 | SourceName=Motor2 | EventType=application
[2026-08-16 20:22:38.335 (UTC)] info/application	[Motor] Distance safe (20.9913029863924); rotating motor to 90 degrees | Severity=75 | SourceName=Motor2 | EventType=application
[2026-08-16 20:22:39.325 (UTC)] info/application	[Motor] Received distance: 20.0220815972528 cm | Severity=75 | SourceName=Motor2 | EventType=application
[2026-08-16 20:22:39.325 (UTC)] info/application	[Motor] Distance safe (20.0220815972528); rotating motor to 90 degrees | Severity=75 | SourceName=Motor2 | EventType=application
[2026-08-16 20:22:40.326 (UTC)] info/application	[Motor] Received distance: 19.9796694514713 cm | Severity=75 | SourceName=Motor2 | EventType=application
[2026-08-16 20:22:40.326 (UTC)] warn/application	[Motor] Distance too close (19.9796694514713); rotating motor to 0 degrees | Severity=175 | SourceName=Motor2 | EventType=application
[2026-08-16 20:22:41.326 (UTC)] info/application	[Motor] Received distance: 19.8541654920458 cm | Severity=75 | SourceName=Motor2 | EventType=application
[2026-08-16 20:22:41.326 (UTC)] warn/application	[Motor] Distance too close (19.8541654920458); rotating motor to 0 degrees | Severity=175 | SourceName=Motor2 | EventType=application
[2026-08-16 20:22:42.324 (UTC)] info/application	[Motor] Received distance: 19.2245942241161 cm | Severity=75 | SourceName=Motor2 | EventType=application
[2026-08-16 20:22:42.324 (UTC)] warn/application	[Motor] Distance too close (19.2245942241161); rotating motor to 0 degrees | Severity=175 | SourceName=Motor2 | EventType=application
[2026-08-16 20:22:43.325 (UTC)] info/application	[Motor] Received distance: 20.3562831014191 cm | Severity=75 | SourceName=Motor2 | EventType=application
[2026-08-16 20:22:43.325 (UTC)] info/application	[Motor] Distance safe (20.3562831014191); rotating motor to 90 degrees | Severity=75 | SourceName=Motor2 | EventType=application
[2026-08-16 20:22:44.325 (UTC)] info/application	[Motor] Received distance: 19.6172522847156 cm | Severity=75 | SourceName=Motor2 | EventType=application
[2026-08-16 20:22:44.325 (UTC)] warn/application	[Motor] Distance too close (19.6172522847156); rotating motor to 0 degrees | Severity=175 | SourceName=Motor2 | EventType=application
[2026-08-16 20:22:45.326 (UTC)] info/application	[Motor] Received distance: 18.2391782283034 cm | Severity=75 | SourceName=Motor2 | EventType=application
[2026-08-16 20:22:45.326 (UTC)] warn/application	[Motor] Distance too close (18.2391782283034); rotating motor to 0 degrees | Severity=175 | SourceName=Motor2 | EventType=application
[2026-08-16 20:22:46.326 (UTC)] info/application	[Motor] Received distance: 19.1751202669345 cm | Severity=75 | SourceName=Motor2 | EventType=application
[2026-08-16 20:22:46.326 (UTC)] warn/application	[Motor] Distance too close (19.1751202669345); rotating motor to 0 degrees | Severity=175 | SourceName=Motor2 | EventType=application
[2026-08-16 20:22:47.324 (UTC)] info/application	[Motor] Received distance: 18.3236200871522 cm | Severity=75 | SourceName=Motor2 | EventType=application
[2026-08-16 20:22:47.324 (UTC)] warn/application	[Motor] Distance too close (18.3236200871522); rotating motor to 0 degrees | Severity=175 | SourceName=Motor2 | EventType=application
[2026-08-16 20:22:48.325 (UTC)] info/application	[Motor] Received distance: 18.2699091093475 cm | Severity=75 | SourceName=Motor2 | EventType=application
[2026-08-16 20:22:48.325 (UTC)] warn/application	[Motor] Distance too close (18.2699091093475); rotating motor to 0 degrees | Severity=175 | SourceName=Motor2 | EventType=application
[2026-08-16 20:22:49.325 (UTC)] info/application	[Motor] Received distance: 19.6553102539179 cm | Severity=75 | SourceName=Motor2 | EventType=application
[2026-08-16 20:22:49.325 (UTC)] warn/application	[Motor] Distance too close (19.6553102539179); rotating motor to 0 degrees | Severity=175 | SourceName=Motor2 | EventType=application
[2026-08-16 20:22:50.326 (UTC)] info/application	[Motor] Received distance: 18.1771466232264 cm | Severity=75 | SourceName=Motor2 | EventType=application
[2026-08-16 20:22:50.326 (UTC)] warn/application	[Motor] Distance too close (18.1771466232264); rotating motor to 0 degrees | Severity=175 | SourceName=Motor2 | EventType=application
[2026-08-16 20:22:51.326 (UTC)] info/application	[Motor] Received distance: 17.0556789655498 cm | Severity=75 | SourceName=Motor2 | EventType=application
[2026-08-16 20:22:51.326 (UTC)] warn/application	[Motor] Distance too close (17.0556789655498); rotating motor to 0 degrees | Severity=175 | SourceName=Motor2 | EventType=application
[2026-08-16 20:22:52.324 (UTC)] info/application	[Motor] Received distance: 18.4578086957139 cm | Severity=75 | SourceName=Motor2 | EventType=application
[2026-08-16 20:22:52.324 (UTC)] warn/application	[Motor] Distance too close (18.4578086957139); rotating motor to 0 degrees | Severity=175 | SourceName=Motor2 | EventType=application
[2026-08-16 20:22:53.326 (UTC)] info/application	[Motor] Received distance: 19.1361002354585 cm | Severity=75 | SourceName=Motor2 | EventType=application
[2026-08-16 20:22:53.326 (UTC)] warn/application	[Motor] Distance too close (19.1361002354585); rotating motor to 0 degrees | Severity=175 | SourceName=Motor2 | EventType=application
[2026-08-16 20:22:54.326 (UTC)] info/application	[Motor] Received distance: 19.3753566163943 cm | Severity=75 | SourceName=Motor2 | EventType=application
[2026-08-16 20:22:54.326 (UTC)] warn/application	[Motor] Distance too close (19.3753566163943); rotating motor to 0 degrees | Severity=175 | SourceName=Motor2 | EventType=application
[2026-08-16 20:22:55.326 (UTC)] info/application	[Motor] Received distance: 19.390229060962 cm | Severity=75 | SourceName=Motor2 | EventType=application
[2026-08-16 20:22:55.326 (UTC)] warn/application	[Motor] Distance too close (19.390229060962); rotating motor to 0 degrees | Severity=175 | SourceName=Motor2 | EventType=application
[2026-08-16 20:22:56.326 (UTC)] info/application	[Motor] Received distance: 20.0287381170917 cm | Severity=75 | SourceName=Motor2 | EventType=application
[2026-08-16 20:22:56.326 (UTC)] info/application	[Motor] Distance safe (20.0287381170917); rotating motor to 90 degrees | Severity=75 | SourceName=Motor2 | EventType=application
[2026-08-16 20:22:57.326 (UTC)] info/application	[Motor] Received distance: 20.0300188474497 cm | Severity=75 | SourceName=Motor2 | EventType=application
[2026-08-16 20:22:57.326 (UTC)] info/application	[Motor] Distance safe (20.0300188474497); rotating motor to 90 degrees | Severity=75 | SourceName=Motor2 | EventType=application
[2026-08-16 20:22:58.326 (UTC)] info/application	[Motor] Received distance: 20.6064153048706 cm | Severity=75 | SourceName=Motor2 | EventType=application
[2026-08-16 20:22:58.326 (UTC)] info/application	[Motor] Distance safe (20.6064153048706); rotating motor to 90 degrees | Severity=75 | SourceName=Motor2 | EventType=application
[2026-08-16 20:22:59.326 (UTC)] info/application	[Motor] Received distance: 21.8155670630818 cm | Severity=75 | SourceName=Motor2 | EventType=application
[2026-08-16 20:22:59.326 (UTC)] info/application	[Motor] Distance safe (21.8155670630818); rotating motor to 90 degrees | Severity=75 | SourceName=Motor2 | EventType=application
[2026-08-16 20:23:00.316 (UTC)] info/application	[Motor] Received distance: 21.2344954510846 cm | Severity=75 | SourceName=Motor2 | EventType=application
[2026-08-16 20:23:00.316 (UTC)] info/application	[Motor] Distance safe (21.2344954510846); rotating motor to 90 degrees | Severity=75 | SourceName=Motor2 | EventType=application
[2026-08-16 20:23:01.324 (UTC)] info/application	[Motor] Received distance: 20.2521575359871 cm | Severity=75 | SourceName=Motor2 | EventType=application
[2026-08-16 20:23:01.324 (UTC)] info/application	[Motor] Distance safe (20.2521575359871); rotating motor to 90 degrees | Severity=75 | SourceName=Motor2 | EventType=application
[2026-08-16 20:23:02.325 (UTC)] info/application	[Motor] Received distance: 21.3121139015128 cm | Severity=75 | SourceName=Motor2 | EventType=application
[2026-08-16 20:23:02.325 (UTC)] info/application	[Motor] Distance safe (21.3121139015128); rotating motor to 90 degrees | Severity=75 | SourceName=Motor2 | EventType=application
[2026-08-16 20:23:03.326 (UTC)] info/application	[Motor] Received distance: 21.6829799603126 cm | Severity=75 | SourceName=Motor2 | EventType=application
[2026-08-16 20:23:03.326 (UTC)] info/application	[Motor] Distance safe (21.6829799603126); rotating motor to 90 degrees | Severity=75 | SourceName=Motor2 | EventType=application
[2026-08-16 20:23:04.326 (UTC)] info/application	[Motor] Received distance: 21.6109689926314 cm | Severity=75 | SourceName=Motor2 | EventType=application
[2026-08-16 20:23:04.326 (UTC)] info/application	[Motor] Distance safe (21.6109689926314); rotating motor to 90 degrees | Severity=75 | SourceName=Motor2 | EventType=application
[2026-08-16 20:23:05.318 (UTC)] info/application	[Motor] Received distance: 23.0044591291829 cm | Severity=75 | SourceName=Motor2 | EventType=application
[2026-08-16 20:23:05.318 (UTC)] info/application	[Motor] Distance safe (23.0044591291829); rotating motor to 90 degrees | Severity=75 | SourceName=Motor2 | EventType=application
[2026-08-16 20:23:06.325 (UTC)] info/application	[Motor] Received distance: 22.9411827430321 cm | Severity=75 | SourceName=Motor2 | EventType=application
[2026-08-16 20:23:06.325 (UTC)] info/application	[Motor] Distance safe (22.9411827430321); rotating motor to 90 degrees | Severity=75 | SourceName=Motor2 | EventType=application
[2026-08-16 20:23:07.325 (UTC)] info/application	[Motor] Received distance: 22.2210972682671 cm | Severity=75 | SourceName=Motor2 | EventType=application
[2026-08-16 20:23:07.325 (UTC)] info/application	[Motor] Distance safe (22.2210972682671); rotating motor to 90 degrees | Severity=75 | SourceName=Motor2 | EventType=application
[2026-08-16 20:23:08.326 (UTC)] info/application	[Motor] Received distance: 23.1364633397369 cm | Severity=75 | SourceName=Motor2 | EventType=application
[2026-08-16 20:23:08.326 (UTC)] info/application	[Motor] Distance safe (23.1364633397369); rotating motor to 90 degrees | Severity=75 | SourceName=Motor2 | EventType=application
[2026-08-16 20:23:09.319 (UTC)] info/application	[Motor] Received distance: 23.432627816886 cm | Severity=75 | SourceName=Motor2 | EventType=application
[2026-08-16 20:23:09.319 (UTC)] info/application	[Motor] Distance safe (23.432627816886); rotating motor to 90 degrees | Severity=75 | SourceName=Motor2 | EventType=application
[2026-08-16 20:23:10.325 (UTC)] info/application	[Motor] Received distance: 23.2433209529814 cm | Severity=75 | SourceName=Motor2 | EventType=application
[2026-08-16 20:23:10.325 (UTC)] info/application	[Motor] Distance safe (23.2433209529814); rotating motor to 90 degrees | Severity=75 | SourceName=Motor2 | EventType=application
[2026-08-16 20:23:11.326 (UTC)] info/application	[Motor] Received distance: 22.6162748772727 cm | Severity=75 | SourceName=Motor2 | EventType=application
[2026-08-16 20:23:11.326 (UTC)] info/application	[Motor] Distance safe (22.6162748772727); rotating motor to 90 degrees | Severity=75 | SourceName=Motor2 | EventType=application
[2026-08-16 20:23:12.326 (UTC)] info/application	[Motor] Received distance: 21.2869353949963 cm | Severity=75 | SourceName=Motor2 | EventType=application
[2026-08-16 20:23:12.326 (UTC)] info/application	[Motor] Distance safe (21.2869353949963); rotating motor to 90 degrees | Severity=75 | SourceName=Motor2 | EventType=application
[2026-08-16 20:23:13.320 (UTC)] info/application	[Motor] Received distance: 21.968057263162 cm | Severity=75 | SourceName=Motor2 | EventType=application
[2026-08-16 20:23:13.320 (UTC)] info/application	[Motor] Distance safe (21.968057263162); rotating motor to 90 degrees | Severity=75 | SourceName=Motor2 | EventType=application
[2026-08-16 20:23:14.325 (UTC)] info/application	[Motor] Received distance: 20.9727000633593 cm | Severity=75 | SourceName=Motor2 | EventType=application
[2026-08-16 20:23:14.325 (UTC)] info/application	[Motor] Distance safe (20.9727000633593); rotating motor to 90 degrees | Severity=75 | SourceName=Motor2 | EventType=application
[2026-08-16 20:23:15.325 (UTC)] info/application	[Motor] Received distance: 20.4043297643794 cm | Severity=75 | SourceName=Motor2 | EventType=application
[2026-08-16 20:23:15.325 (UTC)] info/application	[Motor] Distance safe (20.4043297643794); rotating motor to 90 degrees | Severity=75 | SourceName=Motor2 | EventType=application
[