[2026-08-16 20:50:25.680 (UTC)] info/application	Motor client started; subscribing to sensor DistanceValue (Client/Server mode)... | Severity=75 | SourceName=Motor | EventType=application
Entering background polling mode: connecting to Sensor & Aggregation Server...
Connected successfully. Motor log forwarding started.
[2026-08-16 20:50:26.816 (UTC)] info/channel	[System] TCP 8	| SC 2	| SecureChannel opened with SecurityMode None for SecurityPolicy http://opcfoundation.org/UA/SecurityPolicy#None and a revised lifetime of 600.0s | Severity=75 | SourceName=System | EventType=channel
[2026-08-16 20:50:26.837 (UTC)] warn/client	[System] The server returned Endpoints with a different EndpointUrl opc.tcp://MSI:4842 than was used to initialize the connection: opc.tcp://127.0.0.1:4842. Some servers require a complete match of the EndpointUrl/DiscoveryUrl (including the path) to return all endpoints. | Severity=175 | SourceName=System | EventType=client
[2026-08-16 20:50:27.232 (UTC)] info/application	Connected to sensor backend; subscribing to distance updates | Severity=75 | SourceName=Motor | EventType=application
[2026-08-16 20:50:27.804 (UTC)] info/application	[Motor] Received distance: 26.1017564819668 cm | Severity=75 | SourceName=Motor | EventType=application
[2026-08-16 20:50:27.804 (UTC)] info/application	[Motor] Distance safe (26.1017564819668); rotating motor to 90 degrees | Severity=75 | SourceName=Motor | EventType=application
[2026-08-16 20:50:28.303 (UTC)] info/application	[Motor] Received distance: 24.7960079947002 cm | Severity=75 | SourceName=Motor | EventType=application
[2026-08-16 20:50:28.303 (UTC)] info/application	[Motor] Distance safe (24.7960079947002); rotating motor to 90 degrees | Severity=75 | SourceName=Motor | EventType=application
[2026-08-16 20:50:29.304 (UTC)] info/application	[Motor] Received distance: 25.4831529643774 cm | Severity=75 | SourceName=Motor | EventType=application
[2026-08-16 20:50:29.304 (UTC)] info/application	[Motor] Distance safe (25.4831529643774); rotating motor to 90 degrees | Severity=75 | SourceName=Motor | EventType=application
[2026-08-16 20:50:30.304 (UTC)] info/application	[Motor] Received distance: 26.8883795409409 cm | Severity=75 | SourceName=Motor | EventType=application
[2026-08-16 20:50:30.304 (UTC)] info/application	[Motor] Distance safe (26.8883795409409); rotating motor to 90 degrees | Severity=75 | SourceName=Motor | EventType=application
[2026-08-16 20:50:31.296 (UTC)] info/application	[Motor] Received distance: 27.6595562736781 cm | Severity=75 | SourceName=Motor | EventType=application
[2026-08-16 20:50:31.296 (UTC)] info/application	[Motor] Distance safe (27.6595562736781); rotating motor to 90 degrees | Severity=75 | SourceName=Motor | EventType=application
[2026-08-16 20:50:32.303 (UTC)] info/application	[Motor] Received distance: 27.2020815306819 cm | Severity=75 | SourceName=Motor | EventType=application
[2026-08-16 20:50:32.303 (UTC)] info/application	[Motor] Distance safe (27.2020815306819); rotating motor to 90 degrees | Severity=75 | SourceName=Motor | EventType=application
[2026-08-16 20:50:33.304 (UTC)] info/application	[Motor] Received distance: 27.9424223983392 cm | Severity=75 | SourceName=Motor | EventType=application
[2026-08-16 20:50:33.304 (UTC)] info/application	[Motor] Distance safe (27.9424223983392); rotating motor to 90 degrees | Severity=75 | SourceName=Motor | EventType=application
[2026-08-16 20:50:34.304 (UTC)] info/application	[Motor] Received distance: 27.4438905021846 cm | Severity=75 | SourceName=Motor | EventType=application
[2026-08-16 20:50:34.304 (UTC)] info/application	[Motor] Distance safe (27.4438905021846); rotating motor to 90 degrees | Severity=75 | SourceName=Motor | EventType=application
[2026-08-16 20:50:35.305 (UTC)] info/application	[Motor] Received distance: 27.4600502673816 cm | Severity=75 | SourceName=Motor | EventType=application
[2026-08-16 20:50:35.305 (UTC)] info/application	[Motor] Distance safe (27.4600502673816); rotating motor to 90 degrees | Severity=75 | SourceName=Motor | EventType=application
[2026-08-16 20:50:36.295 (UTC)] info/application	[Motor] Received distance: 28.0382361605476 cm | Severity=75 | SourceName=Motor | EventType=application
[2026-08-16 20:50:36.295 (UTC)] info/application	[Motor] Distance safe (28.0382361605476); rotating motor to 90 degrees | Severity=75 | SourceName=Motor | EventType=application
[2026-08-16 20:50:37.303 (UTC)] info/application	[Motor] Received distance: 28.8216213615712 cm | Severity=75 | SourceName=Motor | EventType=application
[2026-08-16 20:50:37.303 (UTC)] info/application	[Motor] Distance safe (28.8216213615712); rotating motor to 90 degrees | Severity=75 | SourceName=Motor | EventType=application
[2026-08-16 20:50:38.303 (UTC)] info/application	[Motor] Received distance: 30.1022592469129 cm | Severity=75 | SourceName=Motor | EventType=application
[2026-08-16 20:50:38.303 (UTC)] info/application	[Motor] Distance safe (30.1022592469129); rotating motor to 90 degrees | Severity=75 | SourceName=Motor | EventType=application
[2026-08-16 20:50:39.304 (UTC)] info/application	[Motor] Received distance: 29.3972393350663 cm | Severity=75 | SourceName=Motor | EventType=application
[2026-08-16 20:50:39.304 (UTC)] info/application	[Motor] Distance safe (29.3972393350663); rotating motor to 90 degrees | Severity=75 | SourceName=Motor | EventType=application
[2026-08-16 20:50:40.304 (UTC)] info/application	[Motor] Received distance: 28.3860329999058 cm | Severity=75 | SourceName=Motor | EventType=application
[2026-08-16 20:50:40.304 (UTC)] info/application	[Motor] Distance safe (28.3860329999058); rotating motor to 90 degrees | Severity=75 | SourceName=Motor | EventType=application
[2026-08-16 20:50:41.294 (UTC)] info/application	[Motor] Received distance: 27.0122885275689 cm | Severity=75 | SourceName=Motor | EventType=application
[2026-08-16 20:50:41.294 (UTC)] info/application	[Motor] Distance safe (27.0122885275689); rotating motor to 90 degrees | Severity=75 | SourceName=Motor | EventType=application
[2026-08-16 20:50:42.302 (UTC)] info/application	[Motor] Received distance: 28.0419991754657 cm | Severity=75 | SourceName=Motor | EventType=application
[2026-08-16 20:50:42.302 (UTC)] info/application	[Motor] Distance safe (28.0419991754657); rotating motor to 90 degrees | Severity=75 | SourceName=Motor | EventType=application
[2026-08-16 20:50:43.294 (UTC)] info/application	[Motor] Received distance: 26.9589220299194 cm | Severity=75 | SourceName=Motor | EventType=application
[2026-08-16 20:50:43.294 (UTC)] info/application	[Motor] Distance safe (26.9589220299194); rotating motor to 90 degrees | Severity=75 | SourceName=Motor | EventType=application
[2026-08-16 20:50:44.303 (UTC)] info/application	[Motor] Received distance: 27.3797140330447 cm | Severity=75 | SourceName=Motor | EventType=application
[2026-08-16 20:50:44.303 (UTC)] info/application	[Motor] Distance safe (27.3797140330447); rotating motor to 90 degrees | Severity=75 | SourceName=Motor | EventType=application
[2026-08-16 20:50:45.304 (UTC)] info/application	[Motor] Received distance: 27.9636104358191 cm | Severity=75 | SourceName=Motor | EventType=application
[2026-08-16 20:50:45.304 (UTC)] info/application	[Motor] Distance safe (27.9636104358191); rotating motor to 90 degrees | Severity=75 | SourceName=Motor | EventType=application
[2026-08-16 20:50:46.305 (UTC)] info/application	[Motor] Received distance: 28.0783128308031 cm | Severity=75 | SourceName=Motor | EventType=application
[2026-08-16 20:50:46.305 (UTC)] info/application	[Motor] Distance safe (28.0783128308031); rotating motor to 90 degrees | Severity=75 | SourceName=Motor | EventType=application
[2026-08-16 20:50:47.295 (UTC)] info/application	[Motor] Received distance: 27.8498830021591 cm | Severity=75 | SourceName=Motor | EventType=application
[2026-08-16 20:50:47.295 (UTC)] info/application	[Motor] Distance safe (27.8498830021591); rotating motor to 90 degrees | Severity=75 | SourceName=Motor | EventType=application
[2026-08-16 20:50:48.303 (UTC)] info/application	[Motor] Received distance: 29.2924422080593 cm | Severity=75 | SourceName=Motor | EventType=application
[2026-08-16 20:50:48.303 (UTC)] info/application	[Motor] Distance safe (29.2924422080593); rotating motor to 90 degrees | Severity=75 | SourceName=Motor | EventType=application
[2026-08-16 20:50:49.304 (UTC)] info/application	[Motor] Received distance: 28.3404814500085 cm | Severity=75 | SourceName=Motor | EventType=application
[2026-08-16 20:50:49.304 (UTC)] info/application	[Motor] Distance safe (28.3404814500085); rotating motor to 90 degrees | Severity=75 | SourceName=Motor | EventType=application
[2026-08-16 20:50:50.304 (UTC)] info/application	[Motor] Received distance: 28.0461088184016 cm | Severity=75 | SourceName=Motor | EventType=application
[2026-08-16 20:50:50.304 (UTC)] info/application	[Motor] Distance safe (28.0461088184016); rotating motor to 90 degrees | Severity=75 | SourceName=Motor | EventType=application
[2026-08-16 20:50:51.305 (UTC)] info/application	[Motor] Received distance: 29.1761643519514 cm | Severity=75 | SourceName=Motor | EventType=application
[2026-08-16 20:50:51.305 (UTC)] info/application	[Motor] Distance safe (29.1761643519514); rotating motor to 90 degrees | Severity=75 | SourceName=Motor | EventType=application
[2026-08-16 20:50:52.295 (UTC)] info/application	[Motor] Received distance: 28.804725869235 cm | Severity=75 | SourceName=Motor | EventType=application
[2026-08-16 20:50:52.295 (UTC)] info/application	[Motor] Distance safe (28.804725869235); rotating motor to 90 degrees | Severity=75 | SourceName=Motor | EventType=application
[2026-08-16 20:50:53.303 (UTC)] info/application	[Motor] Received distance: 30.1363565321715 cm | Severity=75 | SourceName=Motor | EventType=application
[2026-08-16 20:50:53.303 (UTC)] info/application	[Motor] Distance safe (30.1363565321715); rotating motor to 90 degrees | Severity=75 | SourceName=Motor | EventType=application
[2026-08-16 20:50:54.304 (UTC)] info/application	[Motor] Received distance: 30.3244798992875 cm | Severity=75 | SourceName=Motor | EventType=application
[2026-08-16 20:50:54.304 (UTC)] info/application	[Motor] Distance safe (30.3244798992875); rotating motor to 90 degrees | Severity=75 | SourceName=Motor | EventType=application
[2026-08-16 20:50:55.304 (UTC)] info/application	[Motor] Received distance: 29.5131182663669 cm | Severity=75 | SourceName=Motor | EventType=application
[2026-08-16 20:50:55.304 (UTC)] info/application	[Motor] Distance safe (29.5131182663669); rotating motor to 90 degrees | Severity=75 | SourceName=Motor | EventType=application
[2026-08-16 20:50:56.304 (UTC)] info/application	[Motor] Received distance: 28.3477474683187 cm | Severity=75 | SourceName=Motor | EventType=application
[2026-08-16 20:50:56.304 (UTC)] info/application	[Motor] Distance safe (28.3477474683187); rotating motor to 90 degrees | Severity=75 | SourceName=Motor | EventType=application
[2026-08-16 20:50:57.305 (UTC)] info/application	[Motor] Received distance: 27.3688449754235 cm | Severity=75 | SourceName=Motor | EventType=application
[2026-08-16 20:50:57.305 (UTC)] info/application	[Motor] Distance safe (27.3688449754235); rotating motor to 90 degrees | Severity=75 | SourceName=Motor | EventType=application
[2026-08-16 20:50:58.295 (UTC)] info/application	[Motor] Received distance: 27.8262656844809 cm | Severity=75 | SourceName=Motor | EventType=application
[2026-08-16 20:50:58.295 (UTC)] info/application	[Motor] Distance safe (27.8262656844809); rotating motor to 90 degrees | Severity=75 | SourceName=Motor | EventType=application
[2026-08-16 20:50:59.304 (UTC)] info/application	[Motor] Received distance: 26.855146399166 cm | Severity=75 | SourceName=Motor | EventType=application
[2026-08-16 20:50:59.304 (UTC)] info/application	[Motor] Distance safe (26.855146399166); rotating motor to 90 degrees | Severity=75 | SourceName=Motor | EventType=application
[2026-08-16 20:51:00.304 (UTC)] info/application	[Motor] Received distance: 28.063388875948 cm | Severity=75 | SourceName=Motor | EventType=application
[2026-08-16 20:51:00.304 (UTC)] info/application	[Motor] Distance safe (28.063388875948); rotating motor to 90 degrees | Severity=75 | SourceName=Motor | EventType=application
[2026-08-16 20:51:01.304 (UTC)] info/application	[Motor] Received distance: 28.426036161569 cm | Severity=75 | SourceName=Motor | EventType=application
[2026-08-16 20:51:01.304 (UTC)] info/application	[Motor] Distance safe (28.426036161569); rotating motor to 90 degrees | Severity=75 | SourceName=Motor | EventType=application
[2026-08-16 20:51:02.305 (UTC)] info/application	[Motor] Received distance: 29.7260936103883 cm | Severity=75 | SourceName=Motor | EventType=application
[2026-08-16 20:51:02.305 (UTC)] info/application	[Motor] Distance safe (29.7260936103883); rotating motor to 90 degrees | Severity=75 | SourceName=Motor | EventType=application
[2026-08-16 20:51:03.305 (UTC)] info/application	[Motor] Received distance: 28.976861342777 cm | Severity=75 | SourceName=Motor | EventType=application
[2026-08-16 20:51:03.305 (UTC)] info/application	[Motor] Distance safe (28.976861342777); rotating motor to 90 degrees | Severity=75 | SourceName=Motor | EventType=application
[2026-08-16 20:51:04.296 (UTC)] info/application	[Motor] Received distance: 28.5798494946583 cm | Severity=75 | SourceName=Motor | EventType=application
[2026-08-16 20:51:04.296 (UTC)] info/application	[Motor] Distance safe (28.5798494946583); rotating motor to 90 degrees | Severity=75 | SourceName=Motor | EventType=application
[2026-08-16 20:51:05.303 (UTC)] info/application	[Motor] Received distance: 27.881375045926 cm | Severity=75 | SourceName=Motor | EventType=application
[2026-08-16 20:51:05.303 (UTC)] info/application	[Motor] Distance safe (27.881375045926); rotating motor to 90 degrees | Severity=75 | SourceName=Motor | EventType=application
[2026-08-16 20:51:06.304 (UTC)] info/application	[Motor] Received distance: 28.6483025435118 cm | Severity=75 | SourceName=Motor | EventType=application
[2026-08-16 20:51:06.304 (UTC)] info/application	[Motor] Distance safe (28.6483025435118); rotating motor to 90 degrees | Severity=75 | SourceName=Motor | EventType=application
[2026-08-16 20:51:07.305 (UTC)] info/application	[Motor] Received distance: 27.3294765871621 cm | Severity=75 | SourceName=Motor | EventType=application
[2026-08-16 20:51:07.305 (UTC)] info/application	[Motor] Distance safe (27.3294765871621); rotating motor to 90 degrees | Severity=75 | SourceName=Motor | EventType=application
[2026-08-16 20:51:08.295 (UTC)] info/application	[Motor] Received distance: 25.9143873380564 cm | Severity=75 | SourceName=Motor | EventType=application
[2026-08-16 20:51:08.295 (UTC)] info/application	[Motor] Distance safe (25.9143873380564); rotating motor to 90 degrees | Severity=75 | SourceName=Motor | EventType=application
[2026-08-16 20:51:09.302 (UTC)] info/application	[Motor] Received distance: 26.4619527195869 cm | Severity=75 | SourceName=Motor | EventType=application
[2026-08-16 20:51:09.302 (UTC)] info/application	[Motor] Distance safe (26.4619527195869); rotating motor to 90 degrees | Severity=75 | SourceName=Motor | EventType=application
[2026-08-16 20:51:10.303 (UTC)] info/application	[Motor] Received distance: 25.9381068527876 cm | Severity=75 | SourceName=Motor | EventType=application
[2026-08-16 20:51:10.303 (UTC)] info/application	[Motor] Distance safe (25.9381068527876); rotating motor to 90 degrees | Severity=75 | SourceName=Motor | EventType=application
[2026-08-16 20:51:11.293 (UTC)] info/application	[Motor] Received distance: 25.0118112699184 cm | Severity=75 | SourceName=Motor | EventType=application
[2026-08-16 20:51:11.293 (UTC)] info/application	[Motor] Distance safe (25.0118112699184); rotating motor to 90 degrees | Severity=75 | SourceName=Motor | EventType=application
[2026-08-16 20:51:12.303 (UTC)] info/application	[Motor] Received distance: 25.685632179112 cm | Severity=75 | SourceName=Motor | EventType=application
[2026-08-16 20:51:12.303 (UTC)] info/application	[Motor] Distance safe (25.685632179112); rotating motor to 90 degrees | Severity=75 | SourceName=Motor | EventType=application
[2026-08-16 20:51:13.303 (UTC)] info/application	[Motor] Received distance: 24.6914969588125 cm | Severity=75 | SourceName=Motor | EventType=application
[2026-08-16 20:51:13.304 (UTC)] info/application	[Motor] Distance safe (24.6914969588125); rotating motor to 90 degrees | Severity=75 | SourceName=Motor | EventType=application
[2026-08-16 20:51:14.304 (UTC)] info/application	[Motor] Received distance: 24.182124230397 cm | Severity=75 | SourceName=Motor | EventType=application
[2026-08-16 20:51:14.304 (UTC)] info/application	[Motor] Distance safe (24.182124230397); rotating motor to 90 degrees | Severity=75 | SourceName=Motor | EventType=application
[2026-08-16 20:51:15.305 (UTC)] info/application	[Motor] Received distance: 23.776737141319 cm | Severity=75 | SourceName=Motor | EventType=application
[2026-08-16 20:51:15.305 (UTC)] info/application	[Motor] Distance safe (23.776737141319); rotating motor to 90 degrees | Severity=75 | SourceName=Motor | EventType=application
[2026-08-16 20:51:16.301 (UTC)] info/application	[Motor] Received distance: 24.8664983237938 cm | Severity=75 | SourceName=Motor | EventType=application
[2026-08-16 20:51:16.301 (UTC)] info/application	[Motor] Distance safe (24.8664983237938); rotating motor to 90 degrees | Severity=75 | SourceName=Motor | EventType=application
[2026-08-16 20:51:17.304 (UTC)] info/application	[Motor] Received distance: 25.9718279903623 cm | Severity=75 | SourceName=Motor | EventType=application
[2026-08-16 20:51:17.304 (UTC)] info/application	[Motor] Distance safe (25.9718279903623); rotating motor to 90 degrees | Severity=75 | SourceName=Motor | EventType=application
[2026-08-16 20:51:18.305 (UTC)] info/application	[Motor] Received distance: 26.8380110740373 cm | Severity=75 | SourceName=Motor | EventType=application
[2026-08-16 20:51:18.305 (UTC)] info/application	[Motor] Distance safe (26.8380110740373); rotating motor to 90 degrees | Severity=75 | SourceName=Motor | EventType=application
[2026-08-16 20:51:19.300 (UTC)] info/application	[Motor] Received distance: 27.8703314610153 cm | Severity=75 | SourceName=Motor | EventType=application
[2026-08-16 20:51:19.300 (UTC)] info/application	[Motor] Distance safe (27.8703314610153); rotating motor to 90 degrees | Severity=75 | SourceName=Motor | EventType=application
[2026-08-16 20:51:20.303 (UTC)] info/application	[Motor] Received distance: 26.523700369533 cm | Severity=75 | SourceName=Motor | EventType=application
[2026-08-16 20:51:20.303 (UTC)] info/application	[Motor] Distance safe (26.523700369533); rotating motor to 90 degrees | Severity=75 | SourceName=Motor | EventType=application
[2026-08-16 20:51:21.303 (UTC)] info/application	[Motor] Received distance: 25.5955108202042 cm | Severity=75 | SourceName=Motor | EventType=application
[2026-08-16 20:51:21.303 (UTC)] info/application	[Motor] Distance safe (25.5955108202042); rotating motor to 90 degrees | Severity=75 | SourceName=Motor | EventType=application
[2026-08-16 20:51:22.305 (UTC)] info/application	[Motor] Received distance: 26.257886740732 cm | Severity=75 | SourceName=Motor | EventType=application
[2026-08-16 20:51:22.305 (UTC)] info/application	[Motor] Distance safe (26.257886740732); rotating motor to 90 degrees | Severity=75 | SourceName=Motor | EventType=application
[2026-08-16 20:51:23.299 (UTC)] info/application	[Motor] Received distance: 26.0398171665332 cm | Severity=75 | SourceName=Motor | EventType=application
[2026-08-16 20:51:23.299 (UTC)] info/application	[Motor] Distance safe (26.0398171665332); rotating motor to 90 degrees | Severity=75 | SourceName=Motor | EventType=application
[2026-08-16 20:51:24.304 (UTC)] info/application	[Motor] Received distance: 24.943258278744 cm | Severity=75 | SourceName=Motor | EventType=application
[2026-08-16 20:51:24.304 (UTC)] info/application	[Motor] Distance safe (24.943258278744); rotating motor to 90 degrees | Severity=75 | SourceName=Motor | EventType=application
[2026-08-16 20:51:25.305 (UTC)] info/application	[Motor] Received distance: 24.2937575649907 cm | Severity=75 | SourceName=Motor | EventType=application
[2026-08-16 20:51:25.305 (UTC)] info/application	[Motor] Distance safe (24.2937575649907); rotating motor to 90 degrees | Severity=75 | SourceName=Motor | EventType=application
[2026-08-16 20:51:26.298 (UTC)] info/application	[Motor] Received distance: 24.7643263578715 cm | Severity=75 | SourceName=Motor | EventType=application
[2026-08-16 20:51:26.298 (UTC)] info/application	[Motor] Distance safe (24.7643263578715); rotating motor to 90 degrees | Severity=75 | SourceName=Motor | EventType=application
[2026-08-16 20:51:27.304 (UTC)] info/application	[Motor] Received distance: 24.0023966734309 cm | Severity=75 | SourceName=Motor | EventType=application
[2026-08-16 20:51:27.304 (UTC)] info/application	[Motor] Distance safe (24.0023966734309); rotating motor to 90 degrees | Severity=75 | SourceName=Motor | EventType=application
[2026-08-16 20:51:28.304 (UTC)] info/application	[Motor] Received distance: 23.8739934667824 cm | Severity=75 | SourceName=Motor | EventType=application
[2026-08-16 20:51:28.304 (UTC)] info/application	[Motor] Distance safe (23.8739934667824); rotating motor to 90 degrees | Severity=75 | SourceName=Motor | EventType=application
[2026-08-16 20:51:29.305 (UTC)] info/application	[Motor] Received distance: 23.3019829687206 cm | Severity=75 | SourceName=Motor | EventType=application
[2026-08-16 20:51:29.305 (UTC)] info/application	[Motor] Distance safe (23.3019829687206); rotating motor to 90 degrees | Severity=75 | SourceName=Motor | EventType=application
[2026-08-16 20:51:30.297 (UTC)] info/application	[Motor] Received distance: 23.0689339989652 cm | Severity=75 | SourceName=Motor | EventType=application
[2026-08-16 20:51:30.297 (UTC)] info/application	[Motor] Distance safe (23.0689339989652); rotating motor to 90 degrees | Severity=75 | SourceName=Motor | EventType=application
[2026-08-16 20:51:31.303 (UTC)] info/application	[Motor] Received distance: 22.6487732677016 cm | Severity=75 | SourceName=Motor | EventType=application
[2026-08-16 20:51:31.303 (UTC)] info/application	[Motor] Distance safe (22.6487732677016); rotating motor to 90 degrees | Severity=75 | SourceName=Motor | EventType=application
[2026-08-16 20:51:32.303 (UTC)] info/application	[Motor] Received distance: 23.9394100552608 cm | Severity=75 | SourceName=Motor | EventType=application
[2026-08-16 20:51:32.303 (UTC)] info/application	[Motor] Distance safe (23.9394100552608); rotating motor to 90 degrees | Severity=75 | SourceName=Motor | EventType=application
[2026-08-16 20:51:33.304 (UTC)] info/application	[Motor] Received distance: 23.5064185329277 cm | Severity=75 | SourceName=Motor | EventType=application
[2026-08-16 20:51:33.304 (UTC)] info/application	[Motor] Distance safe (23.5064185329277); rotating motor to 90 degrees | Severity=75 | SourceName=Motor | EventType=application
[2026-08-16 20:51:34.304 (UTC)] info/application	[Motor] Received distance: 23.8370255340529 cm | Severity=75 | SourceName=Motor | EventType=application
[2026-08-16 20:51:34.304 (UTC)] info/application	[Motor] Distance safe (23.8370255340529); rotating motor to 90 degrees | Severity=75 | SourceName=Motor | EventType=application
[2026-08-16 20:51:35.304 (UTC)] info/application	[Motor] Received distance: 23.2306504720965 cm | Severity=75 | SourceName=Motor | EventType=application
[2026-08-16 20:51:35.304 (UTC)] info/application	[Motor] Distance safe (23.2306504720965); rotating motor to 90 degrees | Severity=75 | SourceName=Motor | EventType=application
[2026-08-16 20:51:36.305 (UTC)] info/application	[Motor] Received distance: 23.599184502428 cm | Severity=75 | SourceName=Motor | EventType=application
[2026-08-16 20:51:36.305 (UTC)] info/application	[Motor] Distance safe (23.599184502428); rotating motor to 90 degrees | Severity=75 | SourceName=Motor | EventType=application
[2026-08-16 20:51:37.297 (UTC)] info/application	[Motor] Received distance: 23.1967189997419 cm | Severity=75 | SourceName=Motor | EventType=application
[2026-08-16 20:51:37.297 (UTC)] info/application	[Motor] Distance safe (23.1967189997419); rotating motor to 90 degrees | Severity=75 | SourceName=Motor | EventType=application
[2026-08-16 20:51:38.304 (UTC)] info/application	[Motor] Received distance: 22.7715179828329 cm | Severity=75 | SourceName=Motor | EventType=application
[2026-08-16 20:51:38.304 (UTC)] info/application	[Motor] Distance safe (22.7715179828329); rotating motor to 90 degrees | Severity=75 | SourceName=Motor | EventType=application
[2026-08-16 20:51:39.305 (UTC)] info/application	[Motor] Received distance: 23.2249627640587 cm | Severity=75 | SourceName=Motor | EventType=application
[2026-08-16 20:51:39.305 (UTC)] info/application	[Motor] Distance safe (23.2249627640587); rotating motor to 90 degrees | Severity=75 | SourceName=Motor | EventType=application
[2026-08-16 20:51:40.305 (UTC)] info/application	[Motor] Received distance: 21.8700626415061 cm | Severity=75 | SourceName=Motor | EventType=application
[2026-08-16 20:51:40.305 (UTC)] info/application	[Motor] Distance safe (21.8700626415061); rotating motor to 90 degrees | Severity=75 | SourceName=Motor | EventType=application
[2026-08-16 20:51:41.297 (UTC)] info/application	[Motor] Received distance: 22.4210157577978 cm | Severity=75 | SourceName=Motor | EventType=application
[2026-08-16 20:51:41.297 (UTC)] info/application	[Motor] Distance safe (22.4210157577978); rotating motor to 90 degrees | Severity=75 | SourceName=Motor | EventType=application
[2026-08-16 20:51:42.304 (UTC)] info/application	[Motor] Received distance: 23.4481649561544 cm | Severity=75 | SourceName=Motor | EventType=application
[2026-08-16 20:51:42.304 (UTC)] info/application	[Motor] Distance safe (23.4481649561544); rotating motor to 90 degrees | Severity=75 | SourceName=Motor | EventType=application
[2026-08-16 20:51:43.304 (UTC)] info/application	[Motor] Received distance: 24.2670857441924 cm | Severity=75 | SourceName=Motor | EventType=application
[2026-08-16 20:51:43.304 (UTC)] info/application	[Motor] Distance safe (24.2670857441924); rotating motor to 90 degrees | Severity=75 | SourceName=Motor | EventType=application
[2026-08-16 20:51:44.305 (UTC)] info/application	[Motor] Received distance: 25.3239036401845 cm | Severity=75 | SourceName=Motor | EventType=application
[2026-08-16 20:51:44.305 (UTC)] info/application	[Motor] Distance safe (25.3239036401845); rotating motor to 90 degrees | Severity=75 | SourceName=Motor | EventType=application
[2026-08-16 20:51:45.295 (UTC)] info/application	[Motor] Received distance: 24.3416801101257 cm | Severity=75 | SourceName=Motor | EventType=application
[2026-08-16 20:51:45.295 (UTC)] info/application	[Motor] Distance safe (24.3416801101257); rotating motor to 90 degrees | Severity=75 | SourceName=Motor | EventType=application
[2026-08-16 20:51:46.304 (UTC)] info/application	[Motor] Received distance: 23.2552138076887 cm | Severity=75 | SourceName=Motor | EventType=application
[2026-08-16 20:51:46.304 (UTC)] info/application	[Motor] Distance safe (23.2552138076887); rotating motor to 90 degrees | Severity=75 | SourceName=Motor | EventType=application
[2026-08-16 20:51:47.305 (UTC)] info/application	[Motor] Received distance: 23.9017928847586 cm | Severity=75 | SourceName=Motor | EventType=application
[2026-08-16 20:51:47.305 (UTC)] info/application	[Motor] Distance safe (23.9017928847586); rotating motor to 90 degrees | Severity=75 | SourceName=Motor | EventType=application
[2026-08-16 20:51:48.294 (UTC)] info/application	[Motor] Received distance: 22.5248990198713 cm | Severity=75 | SourceName=Motor | EventType=application
[2026-08-16 20:51:48.294 (UTC)] info/application	[Motor] Distance safe (22.5248990198713); rotating motor to 90 degrees | Severity=75 | SourceName=Motor | EventType=application
[2026-08-16 20:51:49.302 (UTC)] info/application	[Motor] Received distance: 23.8046158011093 cm | Severity=75 | SourceName=Motor | EventType=application
[2026-08-16 20:51:49.302 (UTC)] info/application	[Motor] Distance safe (23.8046158011093); rotating motor to 90 degrees | Severity=75 | SourceName=Motor | EventType=application
[2026-08-16 20:51:50.294 (UTC)] info/application	[Motor] Received distance: 23.9835152651572 cm | Severity=75 | SourceName=Motor | EventType=application
[2026-08-16 20:51:50.294 (UTC)] info/application	[Motor] Distance safe (23.9835152651572); rotating motor to 90 degrees | Severity=75 | SourceName=Motor | EventType=application
[2026-08-16 20:51:51.303 (UTC)] info/application	[Motor] Received distance: 22.7599903087877 cm | Severity=75 | SourceName=Motor | EventType=application
[2026-08-16 20:51:51.303 (UTC)] info/application	[Motor] Distance safe (22.7599903087877); rotating motor to 90 degrees | Severity=75 | SourceName=Motor | EventType=application
[2026-08-16 20:51:52.303 (UTC)] info/application	[Motor] Received distance: 21.6115175406968 cm | Severity=75 | SourceName=Motor | EventType=application
[2026-08-16 20:51:52.303 (UTC)] info/application	[Motor] Distance safe (21.6115175406968); rotating motor to 90 degrees | Severity=75 | SourceName=Motor | EventType=application
[2026-08-16 20:51:53.303 (UTC)] info/application	[Motor] Received distance: 20.9527929238755 cm | Severity=75 | SourceName=Motor | EventType=application
[2026-08-16 20:51:53.303 (UTC)] info/application	[Motor] Distance safe (20.9527929238755); rotating motor to 90 degrees | Severity=75 | SourceName=Motor | EventType=application
[2026-08-16 20:51:54.304 (UTC)] info/application	[Motor] Received distance: 21.0111983947042 cm | Severity=75 | SourceName=Motor | EventType=application
[2026-08-16 20:51:54.304 (UTC)] info/application	[Motor] Distance safe (21.0111983947042); rotating motor to 90 degrees | Severity=75 | SourceName=Motor | EventType=application
[2026-08-16 20:51:55.295 (UTC)] info/application	[Motor] Received distance: 20.2661667388241 cm | Severity=75 | SourceName=Motor | EventType=application
[2026-08-16 20:51:55.295 (UTC)] info/application	[Motor] Distance safe (20.2661667388241); rotating motor to 90 degrees | Severity=75 | SourceName=Motor | EventType=application
[2026-08-16 20:51:56.303 (UTC)] info/application	[Motor] Received distance: 20.4579414082495 cm | Severity=75 | SourceName=Motor | EventType=application
[2026-08-16 20:51:56.303 (UTC)] info/application	[Motor] Distance safe (20.4579414082495); rotating motor to 90 degrees | Severity=75 | SourceName=Motor | EventType=application
[2026-08-16 20:51:57.304 (UTC)] info/application	[Motor] Received distance: 19.486915670562 cm | Severity=75 | SourceName=Motor | EventType=application
[2026-08-16 20:51:57.304 (UTC)] warn/application	[Motor] Distance too close (19.486915670562); rotating motor to 0 degrees | Severity=175 | SourceName=Motor | EventType=application
[2026-08-16 20:51:58.294 (UTC)] info/application	[Motor] Received distance: 19.4799543302413 cm | Severity=75 | SourceName=Motor | EventType=application
[2026-08-16 20:51:58.294 (UTC)] warn/application	[Motor] Distance too close (19.4799543302413); rotating motor to 0 degrees | Severity=175 | SourceName=Motor | EventType=application
[2026-08-16 20:51:59.303 (UTC)] info/application	[Motor] Received distance: 18.0433257930183 cm | Severity=75 | SourceName=Motor | EventType=application
[2026-08-16 20:51:59.303 (UTC)] warn/application	[Motor] Distance too close (18.0433257930183); rotating motor to 0 degrees | Severity=175 | SourceName=Motor | EventType=application
[2026-08-16 20:52:00.294 (UTC)] info/application	[Motor] Received distance: 18.000289557269 cm | Severity=75 | SourceName=Motor | EventType=application
[2026-08-16 20:52:00.294 (UTC)] warn/application	[Motor] Distance too close (18.000289557269); rotating motor to 0 degrees | Severity=175 | SourceName=Motor | EventType=application
[2026-08-16 20:52:01.302 (UTC)] info/application	[Motor] Received distance: 19.2602792485898 cm | Severity=75 | SourceName=Motor | EventType=application
[2026-08-16 20:52:01.302 (UTC)] warn/application	[Motor] Distance too close (19.2602792485898); rotating motor to 0 degrees | Severity=175 | SourceName=Motor | EventType=application
[2026-08-16 20:52:02.293 (UTC)] info/application	[Motor] Received distance: 18.9034899801032 cm | Severity=75 | SourceName=Motor | EventType=application
[2026-08-16 20:52:02.293 (UTC)] warn/application	[Motor] Distance too close (18.9034899801032); rotating motor to 0 degrees | Severity=175 | SourceName=Motor | EventType=application
[2026-08-16 20:52:03.303 (UTC)] info/application	[Motor] Received distance: 18.6510905305162 cm | Severity=75 | SourceName=Motor | EventType=application
[2026-08-16 20:52:03.303 (UTC)] warn/application	[Motor] Distance too close (18.6510905305162); rotating motor to 0 degrees | Severity=175 | SourceName=Motor | EventType=application
[2026-08-16 20:52:04.293 (UTC)] info/application	[Motor] Received distance: 17.9780886981069 cm | Severity=75 | SourceName=Motor | EventType=application
[2026-08-16 20:52:04.293 (UTC)] warn/application	[Motor] Distance too close (17.9780886981069); rotating motor to 0 degrees | Severity=175 | SourceName=Motor | EventType=application
[2026-08-16 20:52:05.303 (UTC)] info/application	[Motor] Received distance: 19.4519064321424 cm | Severity=75 | SourceName=Motor | EventType=application
[2026-08-16 20:52:05.303 (UTC)] warn/application	[Motor] Distance too close (19.4519064321424); rotating motor to 0 degrees | Severity=175 | SourceName=Motor | EventType=application
[2026-08-16 20:52:06.304 (UTC)] info/application	[Motor] Received distance: 20.093131921996 cm | Severity=75 | SourceName=Motor | EventType=application
[2026-08-16 20:52:06.304 (UTC)] info/application	[Motor] Distance safe (20.093131921996); rotating motor to 90 degrees | Severity=75 | SourceName=Motor | EventType=application
[2026-08-16 20:52:07.305 (UTC)] info/application	[Motor] Received distance: 21.2886641199182 cm | Severity=75 | SourceName=Motor | EventType=application
[2026-08-16 20:52:07.305 (UTC)] info/application	[Motor] Distance safe (21.2886641199182); rotating motor to 90 degrees | Severity=75 | SourceName=Motor | EventType=application
[2026-08-16 20:52:08.301 (UTC)] info/application	[Motor] Received distance: 20.8600163498707 cm | Severity=75 | SourceName=Motor | EventType=application
[2026-08-16 20:52:08.301 (UTC)] info/application	[Motor] Distance safe (20.8600163498707); rotating motor to 90 degrees | Severity=75 | SourceName=Motor | EventType=application
[2026-08-16 20:52:09.304 (UTC)] info/application	[Motor] Received distance: 19.5760408214182 cm | Severity=75 | SourceName=Motor | EventType=application
[2026-08-16 20:52:09.304 (UTC)] warn/application	[Motor] Distance too close (19.5760408214182); rotating motor to 0 degrees | Severity=175 | SourceName=Motor | EventType=application
[2026-08-16 20:52:10.305 (UTC)] info/application	[Motor] Received distance: 19.7250178005663 cm | Severity=75 | SourceName=Motor | EventType=application
[2026-08-16 20:52:10.305 (UTC)] warn/application	[Motor] Distance too close (19.7250178005663); rotating motor to 0 degrees | Severity=175 | SourceName=Motor | EventType=application
[2026-08-16 20:52:11.300 (UTC)] info/application	[Motor] Received distance: 19.4414699093632 cm | Severity=75 | SourceName=Motor | EventType=application
[2026-08-16 20:52:11.300 (UTC)] warn/application	[Motor] Distance too close (19.4414699093632); rotating motor to 0 degrees | Severity=175 | SourceName=Motor | EventType=application
[2026-08-16 20:52:12.304 (UTC)] info/application	[Motor] Received distance: 20.2084474972023 cm | Severity=75 | SourceName=Motor | EventType=application
[2026-08-16 20:52:12.304 (UTC)] info/application	[Motor] Distance safe (20.2084474972023); rotating motor to 90 degrees | Severity=75 | SourceName=Motor | EventType=application
[2026-08-16 20:52:13.305 (UTC)] info/application	[Motor] Received distance: 19.88457367331 cm | Severity=75 | SourceName=Motor | EventType=application
[2026-08-16 20:52:13.305 (UTC)] warn/application	[Motor] Distance too close (19.88457367331); rotating motor to 0 degrees | Severity=175 | SourceName=Motor | EventType=application
[2026-08-16 20:52:14.300 (UTC)] info/application	[Motor] Received distance: 18.919946568748 cm | Severity=75 | SourceName=Motor | EventType=application
[2026-08-16 20:52:14.300 (UTC)] warn/application	[Motor] Distance too close (18.919946568748); rotating motor to 0 degrees | Severity=175 | SourceName=Motor | EventType=application
[2026-08-16 20:52:15.303 (UTC)] info/application	[Motor] Received distance: 19.2437420511822 cm | Severity=75 | SourceName=Motor | EventType=application
[2026-08-16 20:52:15.303 (UTC)] warn/application	[Motor] Distance too close (19.2437420511822); rotating motor to 0 degrees | Severity=175 | SourceName=Motor | EventType=application
[2026-08-16 20:52:16.304 (UTC)] info/application	[Motor] Received distance: 19.4376446972311 cm | Severity=75 | SourceName=Motor | EventType=application
[2026-08-16 20:52:16.304 (UTC)] warn/application	[Motor] Distance too close (19.4376446972311); rotating motor to 0 degrees | Severity=175 | SourceName=Motor | EventType=application
[2026-08-16 20:52:17.304 (UTC)] info/application	[Motor] Received distance: 18.886551290232 cm | Severity=75 | SourceName=Motor | EventType=application
[2026-08-16 20:52:17.304 (UTC)] warn/application	[Motor] Distance too close (18.886551290232); rotating motor to 0 degrees | Severity=175 | SourceName=Motor | EventType=application
[2026-08-16 20:52:18.305 (UTC)] info/application	[Motor] Received distance: 18.3569258483392 cm | Severity=75 | SourceName=Motor | EventType=application
[2026-08-16 20:52:18.305 (UTC)] warn/application	[Motor] Distance too close (18.3569258483392); rotating motor to 0 degrees | Severity=175 | SourceName=Motor | EventType=application
[2026-08-16 20:52:19.299 (UTC)] info/application	[Motor] Received distance: 18.6739346308978 cm | Severity=75 | SourceName=Motor | EventType=application
[2026-08-16 20:52:19.299 (UTC)] warn/application	[Motor] Distance too close (18.6739346308978); rotating motor to 0 degrees | Severity=175 | SourceName=Motor | EventType=application
[2026-08-16 20:52:20.303 (UTC)] info/application	[Motor] Received distance: 17.9025580051367 cm | Severity=75 | SourceName=Motor | EventType=application
[2026-08-16 20:52:20.303 (UTC)] warn/application	[Motor] Distance too close (17.9025580051367); rotating motor to 0 degrees | Severity=175 | SourceName=Motor | EventType=application
[2026-08-16 20:52:21.304 (UTC)] info/application	[Motor] Received distance: 19.0518320272918 cm | Severity=75 | SourceName=Motor | EventType=application
[2026-08-16 20:52:21.304 (UTC)] warn/application	[Motor] Distance too close (19.0518320272918); rotating motor to 0 degrees | Severity=175 | SourceName=Motor | EventType=application
[2026-08-16 20:52:22.305 (UTC)] info/application	[Motor] Received distance: 19.6453158534809 cm | Severity=75 | SourceName=Motor | EventType=application
[2026-08-16 20:52:22.305 (UTC)] warn/application	[Motor] Distance too close (19.6453158534809); rotating motor to 0 degrees | Severity=175 | SourceName=Motor | EventType=application
[2026-08-16 20:52:23.299 (UTC)] info/application	[Motor] Received distance: 19.2254664596289 cm | Severity=75 | SourceName=Motor | EventType=application
[2026-08-16 20:52:23.299 (UTC)] warn/application	[Motor] Distance too close (19.2254664596289); rotating motor to 0 degrees | Severity=175 | SourceName=Motor | EventType=application
[2026-08-16 20:52:24.303 (UTC)] info/application	[Motor] Received distance: 18.2160158635657 cm | Severity=75 | SourceName=Motor | EventType=application
[2026-08-16 20:52:24.303 (UTC)] warn/application	[Motor] Distance too close (18.2160158635657); rotating motor to 0 degrees | Severity=175 | SourceName=Motor | EventType=application
[2026-08-16 20:52:25.304 (UTC)] info/application	[Motor] Received distance: 17.3679051591865 cm | Severity=75 | SourceName=Motor | EventType=application
[2026-08-16 20:52:25.304 (UTC)] warn/application	[Motor] Distance too close (17.3679051591865); rotating motor to 0 degrees | Severity=175 | SourceName=Motor | EventType=application
[2026-08-16 20:52:26.304 (UTC)] info/application	[Motor] Received distance: 17.7030241094544 cm | Severity=75 | SourceName=Motor | EventType=application
[2026-08-16 20:52:26.304 (UTC)] warn/application	[Motor] Distance too close (17.7030241094544); rotating motor to 0 degrees | Severity=175 | SourceName=Motor | EventType=application
[2026-08-16 20:52:27.305 (UTC)] info/application	[Motor] Received distance: 18.3853481842137 cm | Severity=75 | SourceName=Motor | EventType=application
[2026-08-16 20:52:27.305 (UTC)] warn/application	[Motor] Distance too close (18.3853481842137); rotating motor to 0 degrees | Severity=175 | SourceName=Motor | EventType=application
[2026-08-16 20:52:28.297 (UTC)] info/application	[Motor] Received distance: 18.066211743544 cm | Severity=75 | SourceName=Motor | EventType=application
[2026-08-16 20:52:28.297 (UTC)] warn/application	[Motor] Distance too close (18.066211743544); rotating motor to 0 degrees | Severity=175 | SourceName=Motor | EventType=application
[2026-08-16 20:52:29.304 (UTC)] info/application	[Motor] Received distance: 16.8943693534911 cm | Severity=75 | SourceName=Motor | EventType=application
[2026-08-16 20:52:29.304 (UTC)] warn/application	[Motor] Distance too close (16.8943693534911); rotating motor to 0 degrees | Severity=175 | SourceName=Motor | EventType=application
[2026-08-16 20:52:30.304 (UTC)] info/application	[Motor] Received distance: 17.6400648910273 cm | Severity=75 | SourceName=Motor | EventType=application
[2026-08-16 20:52:30.304 (UTC)] warn/application	[Motor] Distance too close (17.6400648910273); rotating motor to 0 degrees | Severity=175 | SourceName=Motor | EventType=application
[2026-08-16 20:52:31.305 (UTC)] info/application	[Motor] Received distance: 18.7778922146083 cm | Severity=75 | SourceName=Motor | EventType=application
[2026-08-16 20:52:31.305 (UTC)] warn/application	[Motor] Distance too close (18.7778922146083); rotating motor to 0 degrees | Severity=175 | SourceName=Motor | EventType=application
[2026-08-16 20:52:32.304 (UTC)] info/application	[Motor] Received distance: 17.3660395144792 cm | Severity=75 | SourceName=Motor | EventType=application
[2026-08-16 20:52:32.304 (UTC)] warn/application	[Motor] Distance too close (17.3660395144792); rotating motor to 0 degrees | Severity=175 | SourceName=Motor | EventType=application
[2026-08-16 20:52:33.304 (UTC)] info/application	[Motor] Received distance: 16.254945782132 cm | Severity=75 | SourceName=Motor | EventType=application
[2026-08-16 20:52:33.304 (UTC)] warn/application	[Motor] Distance too close (16.254945782132); rotating motor to 0 degrees | Severity=175 | SourceName=Motor | EventType=application
[2026-08-16 20:52:34.305 (UTC)] info/application	[Motor] Received distance: 15.6403736561259 cm | Severity=75 | SourceName=Motor | EventType=application
[2026-08-16 20:52:34.305 (UTC)] warn/application	[Motor] Distance too close (15.6403736561259); rotating motor to 0 degrees | Severity=175 | SourceName=Motor | EventType=application
[2026-08-16 20:52:35.299 (UTC)] info/application	[Motor] Received distance: 15.0555191235875 cm | Severity=75 | SourceName=Motor | EventType=application
[2026-08-16 20:52:35.299 (UTC)] warn/application	[Motor] Distance too close (15.0555191235875); rotating motor to 0 degrees | Severity=175 | SourceName=Motor | EventType=application
[2026-08-16 20:52:36.304 (UTC)] info/application	[Motor] Received distance: 13.9182431238788 cm | Severity=75 | SourceName=Motor | EventType=application
[2026-08-16 20:52:36.304 (UTC)] warn/application	[Motor] Distance too close (13.9182431238788); rotating motor to 0 degrees | Severity=175 | SourceName=Motor | EventType=application
[2026-08-16 20:52:37.304 (UTC)] info/application	[Motor] Received distance: 12.4448964863293 cm | Severity=75 | SourceName=Motor | EventType=application
[2026-08-16 20:52:37.304 (UTC)] warn/application	[Motor] Distance too close (12.4448964863293); rotating motor to 0 degrees | Severity=175 | SourceName=Motor | EventType=application
[2026-08-16 20:52:38.305 (UTC)] info/application	[Motor] Received distance: 11.5555741517132 cm | Severity=75 | SourceName=Motor | EventType=application
[2026-08-16 20:52:38.305 (UTC)] warn/application	[Motor] Distance too close (11.5555741517132); rotating motor to 0 degrees | Severity=175 | SourceName=Motor | EventType=application
[2026-08-16 20:52:39.298 (UTC)] info/application	[Motor] Received distance: 11.489650383354 cm | Severity=75 | SourceName=Motor | EventType=application
[2026-08-16 20:52:39.298 (UTC)] warn/application	[Motor] Distance too close (11.489650383354); rotating motor to 0 degrees | Severity=175 | SourceName=Motor | EventType=application
[2026-08-16 20:52:40.305 (UTC)] info/application	[Motor] Received distance: 10.232328217352 cm | Severity=75 | SourceName=Motor | EventType=application
[2026-08-16 20:52:40.305 (UTC)] warn/application	[Motor] Distance too close (10.232328217352); rotating motor to 0 degrees | Severity=175 | SourceName=Motor | EventType=application
[2026-08-16 20:52:41.298 (UTC)] info/application	[Motor] Received distance: 10.9919828618839 cm | Severity=75 | SourceName=Motor | EventType=application
[2026-08-16 20:52:41.298 (UTC)] warn/application	[Motor] Distance too close (10.9919828618839); rotating motor to 0 degrees | Severity=175 | SourceName=Motor | EventType=application
[2026-08-16 20:52:42.304 (UTC)] info/application	[Motor] Received distance: 12.1425112023216 cm | Severity=75 | SourceName=Motor | EventType=application
[2026-08-16 20:52:42.304 (UTC)] warn/application	[Motor] Distance too close (12.1425112023216); rotating motor to 0 degrees | Severity=175 | SourceName=Motor | EventType=application
[2026-08-16 20:52:43.305 (UTC)] info/application	[Motor] Received distance: 13.1521666241587 cm | Severity=75 | SourceName=Motor | EventType=application
[2026-08-16 20:52:43.305 (UTC)] warn/application	[Motor] Distance too close (13.1521666241587); rotating motor to 0 degrees | Severity=175 | SourceName=Motor | EventType=application
[2026-08-16 20:52:44.298 (UTC)] info/application	[Motor] Received distance: 12.0879474434014 cm | Severity=75 | SourceName=Motor | EventType=application
[2026-08-16 20:52:44.298 (UTC)] warn/application	[Motor] Distance too close (12.0879474434014); rotating motor to 0 degrees | Severity=175 | SourceName=Motor | EventType=application
[2026-08-16 20:52:45.303 (UTC)] info/application	[Motor] Received distance: 10.7738486778801 cm | Severity=75 | SourceName=Motor | EventType=application
[2026-08-16 20:52:45.303 (UTC)] warn/application	[Motor] Distance too close (10.7738486778801); rotating motor to 0 degrees | Severity=175 | SourceName=Motor | EventType=application
[2026-08-16 20:52:46.304 (UTC)] info/application	[Motor] Received distance: 10.6072995807544 cm | Severity=75 | SourceName=Motor | EventType=application
[2026-08-16 20:52:46.304 (UTC)] warn/application	[Motor] Distance too close (10.6072995807544); rotating motor to 0 degrees | Severity=175 | SourceName=Motor | EventType=application
[2026-08-16 20:52:47.304 (UTC)] info/application	[Motor] Received distance: 11.236983047443 cm | Severity=75 | SourceName=Motor | EventType=application
[2026-08-16 20:52:47.304 (UTC)] warn/application	[Motor] Distance too close (11.236983047443); rotating motor to 0 degrees | Severity=175 | SourceName=Motor | EventType=application
[2026-08-16 20:52:48.305 (UTC)] info/application	[Motor] Received distance: 10.8717908749225 cm | Severity=75 | SourceName=Motor | EventType=application
[2026-08-16 20:52:48.305 (UTC)] warn/application	[Motor] Distance too close (10.8717908749225); rotating motor to 0 degrees | Severity=175 | SourceName=Motor | EventType=application
[2026-08-16 20:52:49.304 (UTC)] info/application	[Motor] Received distance: 11.675616335904 cm | Severity=75 | SourceName=Motor | EventType=application
[2026-08-16 20:52:49.304 (UTC)] warn/application	[Motor] Distance too close (11.675616335904); rotating motor to 0 degrees | Severity=175 | SourceName=Motor | EventType=application
[2026-08-16 20:52:50.305 (UTC)] info/application	[Motor] Received distance: 11.1223085837543 cm | Severity=75 | SourceName=Motor | EventType=application
[2026-08-16 20:52:50.305 (UTC)] warn/application	[Motor] Distance too close (11.1223085837543); rotating motor to 0 degrees | Severity=175 | SourceName=Motor | EventType=application
[2026-08-16 20:52:51.305 (UTC)] info/application	[Motor] Received distance: 11.4857397854727 cm | Severity=75 | SourceName=Motor | EventType=application
[2026-08-16 20:52:51.305 (UTC)] warn/application	[Motor] Distance too close (11.4857397854727); rotating motor to 0 degrees | Severity=175 | SourceName=Motor | EventType=application
[2026-08-16 20:52:52.298 (UTC)] info/application	[Motor] Received distance: 11.9388392686093 cm | Severity=75 | SourceName=Motor | EventType=application
[2026-08-16 20:52:52.298 (UTC)] warn/application	[Motor] Distance too close (11.9388392686093); rotating motor to 0 degrees | Severity=175 | SourceName=Motor | EventType=application
[2026-08-16 20:52:53.304 (UTC)] info/application	[Motor] Received distance: 10.4790153412516 cm | Severity=75 | SourceName=Motor | EventType=application
[2026-08-16 20:52:53.304 (UTC)] warn/application	[Motor] Distance too close (10.4790153412516); rotating motor to 0 degrees | Severity=175 | SourceName=Motor | EventType=application
[2026-08-16 20:52:54.304 (UTC)] info/application	[Motor] Received distance: 11.9225971491181 cm | Severity=75 | SourceName=Motor | EventType=application
[2026-08-16 20:52:54.304 (UTC)] warn/application	[Motor] Distance too close (11.9225971491181); rotating motor to 0 degrees | Severity=175 | SourceName=Motor | EventType=application
[2026-08-16 20:52:55.305 (UTC)] info/application	[Motor] Received distance: 12.8662460361916 cm | Severity=75 | SourceName=Motor | EventType=application
[2026-08-16 20:52:55.305 (UTC)] warn/application	[Motor] Distance too close (12.8662460361916); rotating motor to 0 degrees | Severity=175 | SourceName=Motor | EventType=application
[2026-08-16 20:52:56.298 (UTC)] info/application	[Motor] Received distance: 12.0583114058516 cm | Severity=75 | SourceName=Motor | EventType=application
[2026-08-16 20:52:56.298 (UTC)] warn/application	[Motor] Distance too close (12.0583114058516); rotating motor to 0 degrees | Severity=175 | SourceName=Motor | EventType=application
[2026-08-16 20:52:57.304 (UTC)] info/application	[Motor] Received distance: 12.337012163986 cm | Severity=75 | SourceName=Motor | EventType=application
[2026-08-16 20:52:57.304 (UTC)] warn/application	[Motor] Distance too close (12.337012163986); rotating motor to 0 degrees | Severity=175 | SourceName=Motor | EventType=application
[2026-08-16 20:52:58.304 (UTC)] info/application	[Motor] Received distance: 12.4629851244218 cm | Severity=75 | SourceName=Motor | EventType=application
[2026-08-16 20:52:58.304 (UTC)] warn/application	[Motor] Distance too close (12.4629851244218); rotating motor to 0 degrees | Severity=175 | SourceName=Motor | EventType=application
[2026-08-16 20:52:59.305 (UTC)] info/application	[Motor] Received distance: 12.8359140534121 cm | Severity=75 | SourceName=Motor | EventType=application
[2026-08-16 20:52:59.305 (UTC)] warn/application	[Motor] Distance too close (12.8359140534121); rotating motor to 0 degrees | Severity=175 | SourceName=Motor | EventType=application
[2026-08-16 20:53:00.299 (UTC)] info/application	[Motor] Received distance: 13.4427724214936 cm | Severity=75 | SourceName=Motor | EventType=application
[2026-08-16 20:53:00.299 (UTC)] warn/application	[Motor] Distance too close (13.4427724214936); rotating motor to 0 degrees | Severity=175 | SourceName=Motor | EventType=application
[2026-08-16 20:53:01.304 (UTC)] info/application	[Motor] Received distance: 12.8144409180686 cm | Severity=75 | SourceName=Motor | EventType=application
[2026-08-16 20:53:01.304 (UTC)] warn/application	[Motor] Distance too close (12.8144409180686); rotating motor to 0 degrees | Severity=175 | SourceName=Motor | EventType=application
[2026-08-16 20:53:02.304 (UTC)] info/application	[Motor] Received distance: 12.825197169243 cm | Severity=75 | SourceName=Motor | EventType=application
[2026-08-16 20:53:02.304 (UTC)] warn/application	[Motor] Distance too close (12.825197169243); rotating motor to 0 degrees | Severity=175 | SourceName=Motor | EventType=application
[2026-08-16 20:53:03.300 (UTC)] info/application	[Motor] Received distance: 13.5202028371953 cm | Severity=75 | SourceName=Motor | EventType=application
[2026-08-16 20:53:03.300 (UTC)] warn/application	[Motor] Distance too close (13.5202028371953); rotating motor to 0 degrees | Severity=175 | SourceName=Motor | EventType=application
[2026-08-16 20:53:04.304 (UTC)] info/application	[Motor] Received distance: 13.2807776028201 cm | Severity=75 | SourceName=Motor | EventType=application
[2026-08-16 20:53:04.304 (UTC)] warn/application	[Motor] Distance too close (13.2807776028201); rotating motor to 0 degrees | Severity=175 | SourceName=Motor | EventType=application
[2026-08-16 20:53:05.304 (UTC)] info/application	[Motor] Received distance: 14.1769617279884 cm | Severity=75 | SourceName=Motor | EventType=application
[2026-08-16 20:53:05.304 (UTC)] warn/application	[Motor] Distance too close (14.1769617279884); rotating motor to 0 degrees | Severity=175 | SourceName=Motor | EventType=application
[2026-08-16 20:53:06.305 (UTC)] info/application	[Motor] Received distance: 12.7871128620054 cm | Severity=75 | SourceName=Motor | EventType=application
[2026-08-16 20:53:06.305 (UTC)] warn/application	[Motor] Distance too close (12.7871128620054); rotating motor to 0 degrees | Severity=175 | SourceName=Motor | EventType=application
[2026-08-16 20:53:07.299 (UTC)] info/application	[Motor] Received distance: 12.9104116279215 cm | Severity=75 | SourceName=Motor | EventType=application
[2026-08-16 20:53:07.299 (UTC)] warn/application	[Motor] Distance too close (12.9104116279215); rotating motor to 0 degrees | Severity=175 | SourceName=Motor | EventType=application
[2026-08-16 20:53:08.304 (UTC)] info/application	[Motor] Received distance: 13.8332491155403 cm | Severity=75 | SourceName=Motor | EventType=application
[2026-08-16 20:53:08.304 (UTC)] warn/application	[Motor] Distance too close (13.8332491155403); rotating motor to 0 degrees | Severity=175 | SourceName=Motor | EventType=application
[2026-08-16 20:53:09.304 (UTC)] info/application	[Motor] Received distance: 13.0540779149412 cm | Severity=75 | SourceName=Motor | EventType=application
[2026-08-16 20:53:09.304 (UTC)] warn/application	[Motor] Distance too close (13.0540779149412); rotating motor to 0 degrees | Severity=175 | SourceName=Motor | EventType=application
[2026-08-16 20:53:10.305 (UTC)] info/application	[Motor] Received distance: 11.611452911101 cm | Severity=75 | SourceName=Motor | EventType=application
[2026-08-16 20:53:10.305 (UTC)] warn/application	[Motor] Distance too close (11.611452911101); rotating motor to 0 degrees | Severity=175 | SourceName=Motor | EventType=application
[2026-08-16 20:53:11.305 (UTC)] info/application	[Motor] Received distance: 12.7769682327178 cm | Severity=75 | SourceName=Motor | EventType=application
[2026-08-16 20:53:11.305 (UTC)] warn/application	[Motor] Distance too close (12.7769682327178); rotating motor to 0 degrees | Severity=175 | SourceName=Motor | EventType=application
[2026-08-16 20:53:12.299 (UTC)] info/application	[Motor] Received distance: 14.2574516766506 cm | Severity=75 | SourceName=Motor | EventType=application
[2026-08-16 20:53:12.299 (UTC)] warn/application	[Motor] Distance too close (14.2574516766506); rotating motor to 0 degrees | Severity=175 | SourceName=Motor | EventType=application
[2026-08-16 20:53:13.304 (UTC)] info/application	[Motor] Received distance: 15.4653550132482 cm | Severity=75 | SourceName=Motor | EventType=application
[2026-08-16 20:53:13.304 (UTC)] warn/application	[Motor] Distance too close (15.4653550132482); rotating motor to 0 degrees | Severity=175 | SourceName=Motor | EventType=application
[2026-08-16 20:53:14.305 (UTC)] info/application	[Motor] Received distance: 16.1405257553051 cm | Severity=75 | SourceName=Motor | EventType=application
[2026-08-16 20:53:14.305 (UTC)] warn/application	[Motor] Distance too close (16.1405257553051); rotating motor to 0 degrees | Severity=175 | SourceName=Motor | EventType=application
[2026-08-16 20:53:15.299 (UTC)] info/application	[Motor] Received distance: 15.0567900184806 cm | Severity=75 | SourceName=Motor | EventType=application
[2026-08-16 20:53:15.299 (UTC)] warn/application	[Motor] Distance too close (15.0567900184806); rotating motor to 0 degrees | Severity=175 | SourceName=Motor | EventType=application
[2026-08-16 20:53:16.303 (UTC)] info/application	[Motor] Received distance: 16.4505945895568 cm | Severity=75 | SourceName=Motor | EventType=application
[2026-08-16 20:53:16.303 (UTC)] warn/application	[Motor] Distance too close (16.4505945895568); rotating motor to 0 degrees | Severity=175 | SourceName=Motor | EventType=application
[2026-08-16 20:53:17.304 (UTC)] info/application	[Motor] Received distance: 15.4592162330911 cm | Severity=75 | SourceName=Motor | EventType=application
[2026-08-16 20:53:17.304 (UTC)] warn/application	[Motor] Distance too close (15.4592162330911); rotating motor to 0 degrees | Severity=175 | SourceName=Motor | EventType=application
[2026-08-16 20:53:18.304 (UTC)] info/application	[Motor] Received distance: 16.5051639629552 cm | Severity=75 | SourceName=Motor | EventType=application
[2026-08-16 20:53:18.304 (UTC)] warn/application	[Motor] Distance too close (16.5051639629552); rotating motor to 0 degrees | Severity=175 | SourceName=Motor | EventType=application
[2026-08-16 20:53:19.305 (UTC)] info/application	[Motor] Received distance: 16.033776361511 cm | Severity=75 | SourceName=Motor | EventType=application
[2026-08-16 20:53:19.305 (UTC)] warn/application	[Motor] Distance too close (16.033776361511); rotating motor to 0 degrees | Severity=175 | SourceName=Motor | EventType=application
[2026-08-16 20:53:20.298 (UTC)] info/application	[Motor] Received distance: 17.3462234674237 cm | Severity=75 | SourceName=Motor | EventType=application
[2026-08-16 20:53:20.298 (UTC)] warn/application	[Motor] Distance too close (17.3462234674237); rotating motor to 0 degrees | Severity=175 | SourceName=Motor | EventType=application
[2026-08-16 20:53:21.304 (UTC)] info/application	[Motor] Received distance: 16.338863443741 cm | Severity=75 | SourceName=Motor | EventType=application
[2026-08-16 20:53:21.304 (UTC)] warn/application	[Motor] Distance too close (16.338863443741); rotating motor to 0 degrees | Severity=175 | SourceName=Motor | EventType=application
[2026-08-16 20:53:22.304 (UTC)] info/application	[Motor] Received distance: 17.7309070440153 cm | Severity=75 | SourceName=Motor | EventType=application
[2026-08-16 20:53:22.304 (UTC)] warn/application	[Motor] Distance too close (17.7309070440153); rotating motor to 0 degrees | Severity=175 | SourceName=Motor | EventType=application
[2026-08-16 20:53:23.305 (UTC)] info/application	[Motor] Received distance: 17.9964536316676 cm | Severity=75 | SourceName=Motor | EventType=application
[2026-08-16 20:53:23.305 (UTC)] warn/application	[Motor] Distance too close (17.9964536316676); rotating motor to 0 degrees | Severity=175 | SourceName=Motor | EventType=application
[2026-08-16 20:53:24.305 (UTC)] info/application	[Motor] Received distance: 17.0292696806273 cm | Severity=75 | SourceName=Motor | EventType=application
[2026-08-16 20:53:24.305 (UTC)] warn/application	[Motor] Distance too close (17.0292696806273); rotating motor to 0 degrees | Severity=175 | SourceName=Motor | EventType=application
[2026-08-16 20:53:25.301 (UTC)] info/application	[Motor] Received distance: 18.364895088768 cm | Severity=75 | SourceName=Motor | EventType=application
[2026-08-16 20:53:25.301 (UTC)] warn/application	[Motor] Distance too close (18.364895088768); rotating motor to 0 degrees | Severity=175 | SourceName=Motor | EventType=application
[2026-08-16 20:53:26.305 (UTC)] info/application	[Motor] Received distance: 18.0740905620968 cm | Severity=75 | SourceName=Motor | EventType=application
[2026-08-16 20:53:26.305 (UTC)] warn/application	[Motor] Distance too close (18.0740905620968); rotating motor to 0 degrees | Severity=175 | SourceName=Motor | EventType=application
[2026-08-16 20:53:27.295 (UTC)] info/application	[Motor] Received distance: 17.7989719807166 cm | Severity=75 | SourceName=Motor | EventType=application
[2026-08-16 20:53:27.295 (UTC)] warn/application	[Motor] Distance too close (17.7989719807166); rotating motor to 0 degrees | Severity=175 | SourceName=Motor | EventType=application
[2026-08-16 20:53:28.304 (UTC)] info/application	[Motor] Received distance: 17.9132981455947 cm | Severity=75 | SourceName=Motor | EventType=application
[2026-08-16 20:53:28.304 (UTC)] warn/application	[Motor] Distance too close (17.9132981455947); rotating motor to 0 degrees | Severity=175 | SourceName=Motor | EventType=application
[2026-08-16 20:53:29.305 (UTC)] info/application	[Motor] Received distance: 19.2484665807562 cm | Severity=75 | SourceName=Motor | EventType=application
[2026-08-16 20:53:29.305 (UTC)] warn/application	[Motor] Distance too close (19.2484665807562); rotating motor to 0 degrees | Severity=175 | SourceName=Motor | EventType=application
[2026-08-16 20:53:30.297 (UTC)] info/application	[Motor] Received distance: 17.8462769269693 cm | Severity=75 | SourceName=Motor | EventType=application
[2026-08-16 20:53:30.297 (UTC)] warn/application	[Motor] Distance too close (17.8462769269693); rotating motor to 0 degrees | Severity=175 | SourceName=Motor | EventType=application
[2026-08-16 20:53:31.304 (UTC)] info/application	[Motor] Received distance: 17.0674614585319 cm | Severity=75 | SourceName=Motor | EventType=application
[2026-08-16 20:53:31.304 (UTC)] warn/application	[Motor] Distance too close (17.0674614585319); rotating motor to 0 degrees | Severity=175 | SourceName=Motor | EventType=application
[2026-08-16 20:53:32.305 (UTC)] info/application	[Motor] Received distance: 16.2742983888715 cm | Severity=75 | SourceName=Motor | EventType=application
[2026-08-16 20:53:32.305 (UTC)] warn/application	[Motor] Distance too close (16.2742983888715); rotating motor to 0 degrees | Severity=175 | SourceName=Motor | EventType=application
[2026-08-16 20:53:33.299 (UTC)] info/application	[Motor] Received distance: 16.3828649876559 cm | Severity=75 | SourceName=Motor | EventType=application
[2026-08-16 20:53:33.299 (UTC)] warn/application	[Motor] Distance too close (16.3828649876559); rotating motor to 0 degrees | Severity=175 | SourceName=Motor | EventType=application
[2026-08-16 20:53:34.303 (UTC)] info/application	[Motor] Received distance: 17.7990551871709 cm | Severity=75 | SourceName=Motor | EventType=application
[2026-08-16 20:53:34.303 (UTC)] warn/application	[Motor] Distance too close (17.7990551871709); rotating motor to 0 degrees | Severity=175 | SourceName=Motor | EventType=application
[2026-08-16 20:53:35.304 (UTC)] info/application	[Motor] Received distance: 18.2664668831352 cm | Severity=75 | SourceName=Motor | EventType=application
[2026-08-16 20:53:35.304 (UTC)] warn/application	[Motor] Distance too close (18.2664668831352); rotating motor to 0 degrees | Severity=175 | SourceName=Motor | EventType=application
[2026-08-16 20:53:36.304 (UTC)] info/application	[Motor] Received distance: 17.771217605691 cm | Severity=75 | SourceName=Motor | EventType=application
[2026-08-16 20:53:36.304 (UTC)] warn/application	[Motor] Distance too close (17.771217605691); rotating motor to 0 degrees | Severity=175 | SourceName=Motor | EventType=application
[2026-08-16 20:53:37.305 (UTC)] info/application	[Motor] Received distance: 16.297558937826 cm | Severity=75 | SourceName=Motor | EventType=application
[2026-08-16 20:53:37.305 (UTC)] warn/application	[Motor] Distance too close (16.297558937826); rotating motor to 0 degrees | Severity=175 | SourceName=Motor | EventType=application
[2026-08-16 20:53:38.299 (UTC)] info/application	[Motor] Received distance: 15.3882693997064 cm | Severity=75 | SourceName=Motor | EventType=application
[2026-08-16 20:53:38.299 (UTC)] warn/application	[Motor] Distance too close (15.3882693997064); rotating motor to 0 degrees | Severity=175 | SourceName=Motor | EventType=application
[2026-08-16 20:53:39.305 (UTC)] info/application	[Motor] Received distance: 14.315857609881 cm | Severity=75 | SourceName=Motor | EventType=application
[2026-08-16 20:53:39.305 (UTC)] warn/application	[Motor] Distance too close (14.315857609881); rotating motor to 0 degrees | Severity=175 | SourceName=Motor | EventType=application
[2026-08-16 20:53:40.300 (UTC)] info/application	[Motor] Received distance: 13.5630277428138 cm | Severity=75 | SourceName=Motor | EventType=application
[2026-08-16 20:53:40.300 (UTC)] warn/application	[Motor] Distance too close (13.5630277428138); rotating motor to 0 degrees | Severity=175 | SourceName=Motor | EventType=application
[2026-08-16 20:53:41.304 (UTC)] info/application	[Motor] Received distance: 12.7111132008541 cm | Severity=75 | SourceName=Motor | EventType=application
[2026-08-16 20:53:41.304 (UTC)] warn/application	[Motor] Distance too close (12.7111132008541); rotating motor to 0 degrees | Severity=175 | SourceName=Motor | EventType=application
[2026-08-16 20:53:42.304 (UTC)] info/application	[Motor] Received distance: 11.3042167312485 cm | Severity=75 | SourceName=Motor | EventType=application
[2026-08-16 20:53:42.304 (UTC)] warn/application	[Motor] Distance too close (11.3042167312485); rotating motor to 0 degrees | Severity=175 | SourceName=Motor | EventType=application
[2026-08-16 20:53:43.305 (UTC)] info/application	[Motor] Received distance: 10.5318703067172 cm | Severity=75 | SourceName=Motor | EventType=application
[2026-08-16 20:53:43.305 (UTC)] warn/application	[Motor] Distance too close (10.5318703067172); rotating motor to 0 degrees | Severity=175 | SourceName=Motor | EventType=application
[2026-08-16 20:53:44.301 (UTC)] info/application	[Motor] Received distance: 9.38785910135501 cm | Severity=75 | SourceName=Motor | EventType=application
[2026-08-16 20:53:44.301 (UTC)] warn/application	[Motor] Distance too close (9.38785910135501); rotating motor to 0 degrees | Severity=175 | SourceName=Motor | EventType=application
[2026-08-16 20:53:45.304 (UTC)] info/application	[Motor] Received distance: 10.1561333752033 cm | Severity=75 | SourceName=Motor | EventType=application
[2026-08-16 20:53:45.304 (UTC)] warn/application	[Motor] Distance too close (10.1561333752033); rotating motor to 0 degrees | Severity=175 | SourceName=Motor | EventType=application
[2026-08-16 20:53:46.305 (UTC)] info/application	[Motor] Received distance: 9.8000512138475 cm | Severity=75 | SourceName=Motor | EventType=application
[2026-08-16 20:53:46.305 (UTC)] warn/application	[Motor] Distance too close (9.8000512138475); rotating motor to 0 degrees | Severity=175 | SourceName=Motor | EventType=application
[2026-08-16 20:53:47.295 (UTC)] info/application	[Motor] Received distance: 8.54984457816456 cm | Severity=75 | SourceName=Motor | EventType=application
[2026-08-16 20:53:47.296 (UTC)] warn/application	[Motor] Distance too close (8.54984457816456); rotating motor to 0 degrees | Severity=175 | SourceName=Motor | EventType=application
[2026-08-16 20:53:48.303 (UTC)] info/application	[Motor] Received distance: 9.82674049554707 cm | Severity=75 | SourceName=Motor | EventType=application
[2026-08-16 20:53:48.303 (UTC)] warn/application	[Motor] Distance too close (9.82674049554707); rotating motor to 0 degrees | Severity=175 | SourceName=Motor | EventType=application
[2026-08-16 20:53:49.303 (UTC)] info/application	[Motor] Received distance: 9.01660606265841 cm | Severity=75 | SourceName=Motor | EventType=application
[2026-08-16 20:53:49.303 (UTC)] warn/application	[Motor] Distance too close (9.01660606265841); rotating motor to 0 degrees | Severity=175 | SourceName=Motor | EventType=application
[2026-08-16 20:53:50.303 (UTC)] info/application	[Motor] Received distance: 8.79501182553126 cm | Severity=75 | SourceName=Motor | EventType=application
[2026-08-16 20:53:50.303 (UTC)] warn/application	[Motor] Distance too close (8.79501182553126); rotating motor to 0 degrees | Severity=175 | SourceName=Motor | EventType=application
[2026-08-16 20:53:51.304 (UTC)] info/application	[Motor] Received distance: 9.88435484742949 cm | Severity=75 | SourceName=Motor | EventType=application
[2026-08-16 20:53:51.304 (UTC)] warn/application	[Motor] Distance too close (9.88435484742949); rotating motor to 0 degrees | Severity=175 | SourceName=Motor | EventType=application
[2026-08-16 20:53:52.305 (UTC)] info/application	[Motor] Received distance: 9.5668603908582 cm | Severity=75 | SourceName=Motor | EventType=application
[2026-08-16 20:53:52.305 (UTC)] warn/application	[Motor] Distance too close (9.5668603908582); rotating motor to 0 degrees | Severity=175 | SourceName=Motor | EventType=application
[2026-08-16 20:53:53.296 (UTC)] info/application	[Motor] Received distance: 9.23730975400531 cm | Severity=75 | SourceName=Motor | EventType=application
[2026-08-16 20:53:53.296 (UTC)] warn/application	[Motor] Distance too close (9.23730975400531); rotating motor to 0 degrees | Severity=175 | SourceName=Motor | EventType=application
[2026-08-16 20:53:54.303 (UTC)] info/application	[Motor] Received distance: 9.09219936215887 cm | Severity=75 | SourceName=Motor | EventType=application
[2026-08-16 20:53:54.303 (UTC)] warn/application	[Motor] Distance too close (9.09219936215887); rotating motor to 0 degrees | Severity=175 | SourceName=Motor | EventType=application
[2026-08-16 20:53:55.304 (UTC)] info/application	[Motor] Received distance: 9.30752095594421 cm | Severity=75 | SourceName=Motor | EventType=application
[2026-08-16 20:53:55.304 (UTC)] warn/application	[Motor] Distance too close (9.30752095594421); rotating motor to 0 degrees | Severity=175 | SourceName=Motor | EventType=application
[2026-08-16 20:53:56.305 (UTC)] info/application	[Motor] Received distance: 8.81359572583511 cm | Severity=75 | SourceName=Motor | EventType=application
[2026-08-16 20:53:56.305 (UTC)] warn/application	[Motor] Distance too close (8.81359572583511); rotating motor to 0 degrees | Severity=175 | SourceName=Motor | EventType=application
[2026-08-16 20:53:57.297 (UTC)] info/application	[Motor] Received distance: 9.87768080871444 cm | Severity=75 | SourceName=Motor | EventType=application
[2026-08-16 20:53:57.297 (UTC)] warn/application	[Motor] Distance too close (9.87768080871444); rotating motor to 0 degrees | Severity=175 | SourceName=Motor | EventType=application
[2026-08-16 20:53:58.303 (UTC)] info/application	[Motor] Received distance: 11.3178838211195 cm | Severity=75 | SourceName=Motor | EventType=application
[2026-08-16 20:53:58.303 (UTC)] warn/application	[Motor] Distance too close (11.3178838211195); rotating motor to 0 degrees | Severity=175 | SourceName=Motor | EventType=application
[2026-08-16 20:53:59.304 (UTC)] info/application	[Motor] Received distance: 12.4382847558885 cm | Severity=75 | SourceName=Motor | EventType=application
[2026-08-16 20:53:59.304 (UTC)] warn/application	[Motor] Distance too close (12.4382847558885); rotating motor to 0 degrees | Severity=175 | SourceName=Motor | EventType=application
[2026-08-16 20:54:00.305 (UTC)] info/application	[Motor] Received distance: 13.3375382725324 cm | Severity=75 | SourceName=Motor | EventType=application
[2026-08-16 20:54:00.305 (UTC)] warn/application	[Motor] Distance too close (13.3375382725324); rotating motor to 0 degrees | Severity=175 | SourceName=Motor | EventType=application
[2026-08-16 20:54:01.300 (UTC)] info/application	[Motor] Received distance: 11.8755516311506 cm | Severity=75 | SourceName=Motor | EventType=application
[2026-08-16 20:54:01.300 (UTC)] warn/application	[Motor] Distance too close (11.8755516311506); rotating motor to 0 degrees | Severity=175 | SourceName=Motor | EventType=application
[2026-08-16 20:54:02.304 (UTC)] info/application	[Motor] Received distance: 10.7171370960852 cm | Severity=75 | SourceName=Motor | EventType=application
[2026-08-16 20:54:02.304 (UTC)] warn/application	[Motor] Distance too close (10.7171370960852); rotating motor to 0 degrees | Severity=175 | SourceName=Motor | EventType=application
[2026-08-16 20:54:03.304 (UTC)] info/application	[Motor] Received distance: 9.3232275416717 cm | Severity=75 | SourceName=Motor | EventType=application
[2026-08-16 20:54:03.304 (UTC)] warn/application	[Motor] Distance too close (9.3232275416717); rotating motor to 0 degrees | Severity=175 | SourceName=Motor | EventType=application
[2026-08-16 20:54:04.301 (UTC)] info/application	[Motor] Received distance: 9.46980749907429 cm | Severity=75 | SourceName=Motor | EventType=application
[2026-08-16 20:54:04.301 (UTC)] warn/application	[Motor] Distance too close (9.46980749907429); rotating motor to 0 degrees | Severity=175 | SourceName=Motor | EventType=application
[2026-08-16 20:54:05.303 (UTC)] info/application	[Motor] Received distance: 8.22758316212687 cm | Severity=75 | SourceName=Motor | EventType=application
[2026-08-16 20:54:05.303 (UTC)] warn/application	[Motor] Distance too close (8.22758316212687); rotating motor to 0 degrees | Severity=175 | SourceName=Motor | EventType=application
[2026-08-16 20:54:06.304 (UTC)] info/application	[Motor] Received distance: 8.80108530507473 cm | Severity=75 | SourceName=Motor | EventType=application
[2026-08-16 20:54:06.304 (UTC)] warn/application	[Motor] Distance too close (8.80108530507473); rotating motor to 0 degrees | Severity=175 | SourceName=Motor | EventType=application
[2026-08-16 20:54:07.304 (UTC)] info/application	[Motor] Received distance: 9.95241598503311 cm | Severity=75 | SourceName=Motor | EventType=application
[2026-08-16 20:54:07.305 (UTC)] warn/application	[Motor] Distance too close (9.95241598503311); rotating motor to 0 degrees | Severity=175 | SourceName=Motor | EventType=application
[2026-08-16 20:54:08.301 (UTC)] info/application	[Motor] Received distance: 8.73653298022064 cm | Severity=75 | SourceName=Motor | EventType=application
[2026-08-16 20:54:08.301 (UTC)] warn/application	[Motor] Distance too close (8.73653298022064); rotating motor to 0 degrees | Severity=175 | SourceName=Motor | EventType=application
[2026-08-16 20:54:09.303 (UTC)] info/application	[Motor] Received distance: 9.90074558504891 cm | Severity=75 | SourceName=Motor | EventType=application
[2026-08-16 20:54:09.304 (UTC)] warn/application	[Motor] Distance too close (9.90074558504891); rotating motor to 0 degrees | Severity=175 | SourceName=Motor | EventType=application
[2026-08-16 20:54:10.304 (UTC)] info/application	[Motor] Received distance: 8.47966447378493 cm | Severity=75 | SourceName=Motor | EventType=application
[2026-08-16 20:54:10.304 (UTC)] warn/application	[Motor] Distance too close (8.47966447378493); rotating motor to 0 degrees | Severity=175 | SourceName=Motor | EventType=application
[2026-08-16 20:54:11.304 (UTC)] info/application	[Motor] Received distance: 8.01095160190526 cm | Severity=75 | SourceName=Motor | EventType=application
[2026-08-16 20:54:11.304 (UTC)] warn/application	[Motor] Distance too close (8.01095160190526); rotating motor to 0 degrees | Severity=175 | SourceName=Motor | EventType=application
[2026-08-16 20:54:12.305 (UTC)] info/application	[Motor] Received distance: 6.82324966337683 cm | Severity=75 | SourceName=Motor | EventType=application
[2026-08-16 20:54:12.305 (UTC)] warn/application	[Motor] Distance too close (6.82324966337683); rotating motor to 0 degrees | Severity=175 | SourceName=Motor | EventType=application
[2026-08-16 20:54:13.301 (UTC)] info/application	[Motor] Received distance: 5.49527208390425 cm | Severity=75 | SourceName=Motor | EventType=application
[2026-08-16 20:54:13.301 (UTC)] warn/application	[Motor] Distance too close (5.49527208390425); rotating motor to 0 degrees | Severity=175 | SourceName=Motor | EventType=application
[2026-08-16 20:54:14.304 (UTC)] info/application	[Motor] Received distance: 5.75421278889021 cm | Severity=75 | SourceName=Motor | EventType=application
[2026-08-16 20:54:14.304 (UTC)] warn/application	[Motor] Distance too close (5.75421278889021); rotating motor to 0 degrees | Severity=175 | SourceName=Motor | EventType=application
[2026-08-16 20:54:15.304 (UTC)] info/application	[Motor] Received distance: 4.92249964499962 cm | Severity=75 | SourceName=Motor | EventType=application
[2026-08-16 20:54:15.304 (UTC)] warn/application	[Motor] Distance too close (4.92249964499962); rotating motor to 0 degrees | Severity=175 | SourceName=Motor | EventType=application
[2026-08-16 20:54:16.304 (UTC)] info/application	[Motor] Received distance: 5.86279633937533 cm | Severity=75 | SourceName=Motor | EventType=application
[2026-08-16 20:54:16.304 (UTC)] warn/application	[Motor] Distance too close (5.86279633937533); rotating motor to 0 degrees | Severity=175 | SourceName=Motor | EventType=application
[2026-08-16 20:54:17.305 (UTC)] info/application	[Motor] Received distance: 7.26565488300549 cm | Severity=75 | SourceName=Motor | EventType=application
[2026-08-16 20:54:17.305 (UTC)] warn/application	[Motor] Distance too close (7.26565488300549); rotating motor to 0 degrees | Severity=175 | SourceName=Motor | EventType=application
[2026-08-16 20:54:18.301 (UTC)] info/application	[Motor] Received distance: 6.68373510482895 cm | Severity=75 | SourceName=Motor | EventType=application
[2026-08-16 20:54:18.301 (UTC)] warn/application	[Motor] Distance too close (6.68373510482895); rotating motor to 0 degrees | Severity=175 | SourceName=Motor | EventType=application
[2026-08-16 20:54:19.304 (UTC)] info/application	[Motor] Received distance: 7.40092771519018 cm | Severity=75 | SourceName=Motor | EventType=application
[2026-08-16 20:54:19.304 (UTC)] warn/application	[Motor] Distance too close (7.40092771519018); rotating motor to 0 degrees | Severity=175 | SourceName=Motor | EventType=application
[2026-08-16 20:54:20.305 (UTC)] info/application	[Motor] Received distance: 6.49365182593169 cm | Severity=75 | SourceName=Motor | EventType=application
[2026-08-16 20:54:20.305 (UTC)] warn/application	[Motor] Distance too close (6.49365182593169); rotating motor to 0 degrees | Severity=175 | SourceName=Motor | EventType=application
[2026-08-16 20:54:21.301 (UTC)] info/application	[Motor] Received distance: 7.19013781062799 cm | Severity=75 | SourceName=Motor | EventType=application
[2026-08-16 20:54:21.301 (UTC)] warn/application	[Motor] Distance too close (7.19013781062799); rotating motor to 0 degrees | Severity=175 | SourceName=Motor | EventType=application
[2026-08-16 20:54:22.303 (UTC)] info/application	[Motor] Received distance: 7.49667344288745 cm | Severity=75 | SourceName=Motor | EventType=application
[2026-08-16 20:54:22.303 (UTC)] warn/application	[Motor] Distance too close (7.49667344288745); rotating motor to 0 degrees | Severity=175 | SourceName=Motor | EventType=application
[2026-08-16 20:54:23.304 (UTC)] info/application	[Motor] Received distance: 7.77190309705767 cm | Severity=75 | SourceName=Motor | EventType=application
[2026-08-16 20:54:23.304 (UTC)] warn/application	[Motor] Distance too close (7.77190309705767); rotating motor to 0 degrees | Severity=175 | SourceName=Motor | EventType=application
[2026-08-16 20:54:24.305 (UTC)] info/application	[Motor] Received distance: 6.6388384435041 cm | Severity=75 | SourceName=Motor | EventType=application
[2026-08-16 20:54:24.305 (UTC)] warn/application	[Motor] Distance too close (6.6388384435041); rotating motor to 0 degrees | Severity=175 | SourceName=Motor | EventType=application
[2026-08-16 20:54:25.305 (UTC)] info/application	[Motor] Received distance: 5.30026368252014 cm | Severity=75 | SourceName=Motor | EventType=application
[2026-08-16 20:54:25.305 (UTC)] warn/application	[Motor] Distance too close (5.30026368252014); rotating motor to 0 degrees | Severity=175 | SourceName=Motor | EventType=application
[2026-08-16 20:54:26.302 (UTC)] info/application	[Motor] Received distance: 4.29081492907871 cm | Severity=75 | SourceName=Motor | EventType=application
[2026-08-16 20:54:26.302 (UTC)] warn/application	[Motor] Distance too close (4.29081492907871); rotating motor to 0 degrees | Severity=175 | SourceName=Motor | EventType=application
[2026-08-16 20:54:27.304 (UTC)] info/application	[Motor] Received distance: 4.16382504541605 cm | Severity=75 | SourceName=Motor | EventType=application
[2026-08-16 20:54:27.304 (UTC)] warn/application	[Motor] Distance too close (4.16382504541605); rotating motor to 0 degrees | Severity=175 | SourceName=Motor | EventType=application
[2026-08-16 20:54:28.293 (UTC)] info/application	[Motor] Received distance: 5.38933536731141 cm | Severity=75 | SourceName=Motor | EventType=application
[2026-08-16 20:54:28.293 (UTC)] warn/application	[Motor] Distance too close (5.38933536731141); rotating motor to 0 degrees | Severity=175 | SourceName=Motor | EventType=application
[2026-08-16 20:54:29.301 (UTC)] info/application	[Motor] Received distance: 4.32008962627504 cm | Severity=75 | SourceName=Motor | EventType=application
[2026-08-16 20:54:29.301 (UTC)] warn/application	[Motor] Distance too close (4.32008962627504); rotating motor to 0 degrees | Severity=175 | SourceName=Motor | EventType=application
[2026-08-16 20:54:30.294 (UTC)] info/application	[Motor] Received distance: 3.81350067598442 cm | Severity=75 | SourceName=Motor | EventType=application
[2026-08-16 20:54:30.294 (UTC)] warn/application	[Motor] Distance too close (3.81350067598442); rotating motor to 0 degrees | Severity=175 | SourceName=Motor | EventType=application
[2026-08-16 20:54:31.302 (UTC)] info/application	[Motor] Received distance: 4.4382645131267 cm | Severity=75 | SourceName=Motor | EventType=application
[2026-08-16 20:54:31.302 (UTC)] warn/application	[Motor] Distance too close (4.4382645131267); rotating motor to 0 degrees | Severity=175 | SourceName=Motor | EventType=application
[2026-08-16 20:54:32.304 (UTC)] info/application	[Motor] Received distance: 3.40703213070847 cm | Severity=75 | SourceName=Motor | EventType=application
[2026-08-16 20:54:32.304 (UTC)] warn/application	[Motor] Distance too close (3.40703213070847); rotating motor to 0 degrees | Severity=175 | SourceName=Motor | EventType=application
[2026-08-16 20:54:33.303 (UTC)] info/application	[Motor] Received distance: 3.24202864535247 cm | Severity=75 | SourceName=Motor | EventType=application
[2026-08-16 20:54:33.303 (UTC)] warn/application	[Motor] Distance too close (3.24202864535247); rotating motor to 0 degrees | Severity=175 | SourceName=Motor | EventType=application
[2026-08-16 20:54:34.304 (UTC)] info/application	[Motor] Received distance: 3.97288292947825 cm | Severity=75 | SourceName=Motor | EventType=application
[2026-08-16 20:54:34.304 (UTC)] warn/application	[Motor] Distance too close (3.97288292947825); rotating motor to 0 degrees | Severity=175 | SourceName=Motor | EventType=application
[2026-08-16 20:54:35.304 (UTC)] info/application	[Motor] Received distance: 4.5882305044626 cm | Severity=75 | SourceName=Motor | EventType=application
[2026-08-16 20:54:35.304 (UTC)] warn/application	[Motor] Distance too close (4.5882305044626); rotating motor to 0 degrees | Severity=175 | SourceName=Motor | EventType=application
[2026-08-16 20:54:36.305 (UTC)] info/application	[Motor] Received distance: 4.68100268215919 cm | Severity=75 | SourceName=Motor | EventType=application
[2026-08-16 20:54:36.305 (UTC)] warn/application	[Motor] Distance too close (4.68100268215919); rotating motor to 0 degrees | Severity=175 | SourceName=Motor | EventType=application
[2026-08-16 20:54:37.295 (UTC)] info/application	[Motor] Received distance: 4.48535910783585 cm | Severity=75 | SourceName=Motor | EventType=application
[2026-08-16 20:54:37.295 (UTC)] warn/application	[Motor] Distance too close (4.48535910783585); rotating motor to 0 degrees | Severity=175 | SourceName=Motor | EventType=application
[2026-08-16 20:54:38.303 (UTC)] info/application	[Motor] Received distance: 4.75203736138159 cm | Severity=75 | SourceName=Motor | EventType=application
[2026-08-16 20:54:38.303 (UTC)] warn/application	[Motor] Distance too close (4.75203736138159); rotating motor to 0 degrees | Severity=175 | SourceName=Motor | EventType=application
[2026-08-16 20:54:39.304 (UTC)] info/application	[Motor] Received distance: 5.12892653566269 cm | Severity=75 | SourceName=Motor | EventType=application
[2026-08-16 20:54:39.304 (UTC)] warn/application	[Motor] Distance too close (5.12892653566269); rotating motor to 0 degrees | Severity=175 | SourceName=Motor | EventType=application
[2026-08-16 20:54:40.295 (UTC)] info/application	[Motor] Received distance: 4.59749556477065 cm | Severity=75 | SourceName=Motor | EventType=application
[2026-08-16 20:54:40.295 (UTC)] warn/application	[Motor] Distance too close (4.59749556477065); rotating motor to 0 degrees | Severity=175 | SourceName=Motor | EventType=application
[2026-08-16 20:54:41.303 (UTC)] info/application	[Motor] Received distance: 4.94309270844938 cm | Severity=75 | SourceName=Motor | EventType=application
[2026-08-16 20:54:41.303 (UTC)] warn/application	[Motor] Distance too close (4.94309270844938); rotating motor to 0 degrees | Severity=175 | SourceName=Motor | EventType=application
[2026-08-16 20:54:42.304 (UTC)] info/application	[Motor] Received distance: 6.35126901085082 cm | Severity=75 | SourceName=Motor | EventType=application
[2026-08-16 20:54:42.304 (UTC)] warn/application	[Motor] Distance too close (6.35126901085082); rotating motor to 0 degrees | Severity=175 | SourceName=Motor | EventType=application
[2026-08-16 20:54:43.304 (UTC)] info/application	[Motor] Received distance: 6.13213610143034 cm | Severity=75 | SourceName=Motor | EventType=application
[2026-08-16 20:54:43.304 (UTC)] warn/application	[Motor] Distance too close (6.13213610143034); rotating motor to 0 degrees | Severity=175 | SourceName=Motor | EventType=application
[2026-08-16 20:54:44.304 (UTC)] info/application	[Motor] Received distance: 6.6497556656365 cm | Severity=75 | SourceName=Motor | EventType=application
[2026-08-16 20:54:44.304 (UTC)] warn/application	[Motor] Distance too close (6.6497556656365); rotating motor to 0 degrees | Severity=175 | SourceName=Motor | EventType=application
[2026-08-16 20:54:45.305 (UTC)] info/application	[Motor] Received distance: 6.81687267162691 cm | Severity=75 | SourceName=Motor | EventType=application
[2026-08-16 20:54:45.305 (UTC)] warn/application	[Motor] Distance too close (6.81687267162691); rotating motor to 0 degrees | Severity=175 | SourceName=Motor | EventType=application
[2026-08-16 20:54:46.297 (UTC)] info/application	[Motor] Received distance: 7.26602661971283 cm | Severity=75 | SourceName=Motor | EventType=application
[2026-08-16 20:54:46.297 (UTC)] warn/application	[Motor] Distance too close (7.26602661971283); rotating motor to 0 degrees | Severity=175 | SourceName=Motor | EventType=application
[2026-08-16 20:54:47.304 (UTC)] info/application	[Motor] Received distance: 7.22394287689772 cm | Severity=75 | SourceName=Motor | EventType=application
[2026-08-16 20:54:47.304 (UTC)] warn/application	[Motor] Distance too close (7.22394287689772); rotating motor to 0 degrees | Severity=175 | SourceName=Motor | EventType=application
[2026-08-16 20:54:48.305 (UTC)] info/application	[Motor] Received distance: 7.29391842651829 cm | Severity=75 | SourceName=Motor | EventType=application
[2026-08-16 20:54:48.305 (UTC)] warn/application	[Motor] Distance too close (7.29391842651829); rotating motor to 0 degrees | Severity=175 | SourceName=Motor | EventType=application
[2026-08-16 20:54:49.300 (UTC)] info/application	[Motor] Received distance: 8.66115259642766 cm | Severity=75 | SourceName=Motor | EventType=application
[2026-08-16 20:54:49.300 (UTC)] warn/application	[Motor] Distance too close (8.66115259642766); rotating motor to 0 degrees | Severity=175 | SourceName=Motor | EventType=application
[2026-08-16 20:54:50.304 (UTC)] info/application	[Motor] Received distance: 7.83626146257681 cm | Severity=75 | SourceName=Motor | EventType=application
[2026-08-16 20:54:50.304 (UTC)] warn/application	[Motor] Distance too close (7.83626146257681); rotating motor to 0 degrees | Severity=175 | SourceName=Motor | EventType=application
[2026-08-16 20:54:51.305 (UTC)] info/application	[Motor] Received distance: 8.49896112293888 cm | Severity=75 | SourceName=Motor | EventType=application
[2026-08-16 20:54:51.305 (UTC)] warn/application	[Motor] Distance too close (8.49896112293888); rotating motor to 0 degrees | Severity=175 | SourceName=Motor | EventType=application
[2026-08-16 20:54:52.300 (UTC)] info/application	[Motor] Received distance: 9.06268127614757 cm | Severity=75 | SourceName=Motor | EventType=application
[2026-08-16 20:54:52.300 (UTC)] warn/application	[Motor] Distance too close (9.06268127614757); rotating motor to 0 degrees | Severity=175 | SourceName=Motor | EventType=application
[2026-08-16 20:54:53.304 (UTC)] info/application	[Motor] Received distance: 10.0443257745562 cm | Severity=75 | SourceName=Motor | EventType=application
[2026-08-16 20:54:53.304 (UTC)] warn/application	[Motor] Distance too close (10.0443257745562); rotating motor to 0 degrees | Severity=175 | SourceName=Motor | EventType=application
[2026-08-16 20:54:54.304 (UTC)] info/application	[Motor] Received distance: 9.48225508769147 cm | Severity=75 | SourceName=Motor | EventType=application
[2026-08-16 20:54:54.305 (UTC)] warn/application	[Motor] Distance too close (9.48225508769147); rotating motor to 0 degrees | Severity=175 | SourceName=Motor | EventType=application
[2026-08-16 20:54:55.300 (UTC)] info/application	[Motor] Received distance: 10.4129105887436 cm | Severity=75 | SourceName=Motor | EventType=application
[2026-08-16 20:54:55.300 (UTC)] warn/application	[Motor] Distance too close (10.4129105887436); rotating motor to 0 degrees | Severity=175 | SourceName=Motor | EventType=application
[2026-08-16 20:54:56.304 (UTC)] info/application	[Motor] Received distance: 11.5559803275652 cm | Severity=75 | SourceName=Motor | EventType=application
[2026-08-16 20:54:56.304 (UTC)] warn/application	[Motor] Distance too close (11.5559803275652); rotating motor to 0 degrees | Severity=175 | SourceName=Motor | EventType=application
[2026-08-16 20:54:57.304 (UTC)] info/application	[Motor] Received distance: 11.4844608886561 cm | Severity=75 | SourceName=Motor | EventType=application
[2026-08-16 20:54:57.304 (UTC)] warn/application	[Motor] Distance too close (11.4844608886561); rotating motor to 0 degrees | Severity=175 | SourceName=Motor | EventType=application
[2026-08-16 20:54:58.305 (UTC)] info/application	[Motor] Received distance: 10.7881265046485 cm | Severity=75 | SourceName=Motor | EventType=application
[2026-08-16 20:54:58.305 (UTC)] warn/application	[Motor] Distance too close (10.7881265046485); rotating motor to 0 degrees | Severity=175 | SourceName=Motor | EventType=application
[2026-08-16 20:54:59.300 (UTC)] info/application	[Motor] Received distance: 11.6567065639685 cm | Severity=75 | SourceName=Motor | EventType=application
[2026-08-16 20:54:59.300 (UTC)] warn/application	[Motor] Distance too close (11.6567065639685); rotating motor to 0 degrees | Severity=175 | SourceName=Motor | EventType=application
[2026-08-16 20:55:00.304 (UTC)] info/application	[Motor] Received distance: 12.015941384023 cm | Severity=75 | SourceName=Motor | EventType=application
[2026-08-16 20:55:00.304 (UTC)] warn/application	[Motor] Distance too close (12.015941384023); rotating motor to 0 degrees | Severity=175 | SourceName=Motor | EventType=application
[2026-08-16 20:55:01.305 (UTC)] info/application	[Motor] Received distance: 12.3130180511219 cm | Severity=75 | SourceName=Motor | EventType=application
[2026-08-16 20:55:01.305 (UTC)] warn/application	[Motor] Distance too close (12.3130180511219); rotating motor to 0 degrees | Severity=175 | SourceName=Motor | EventType=application
[2026-08-16 20:55:02.301 (UTC)] info/application	[Motor] Received distance: 12.3063619475841 cm | Severity=75 | SourceName=Motor | EventType=application
[2026-08-16 20:55:02.301 (UTC)] warn/application	[Motor] Distance too close (12.3063619475841); rotating motor to 0 degrees | Severity=175 | SourceName=Motor | EventType=application
[2026-08-16 20:55:03.304 (UTC)] info/application	[Motor] Received distance: 13.1343643852204 cm | Severity=75 | SourceName=Motor | EventType=application
[2026-08-16 20:55:03.304 (UTC)] warn/application	[Motor] Distance too close (13.1343643852204); rotating motor to 0 degrees | Severity=175 | SourceName=Motor | EventType=application
[2026-08-16 20:55:04.304 (UTC)] info/application	[Motor] Received distance: 11.7664375655662 cm | Severity=75 | SourceName=Motor | EventType=application
[2026-08-16 20:55:04.304 (UTC)] warn/application	[Motor] Distance too close (11.7664375655662); rotating motor to 0 degrees | Severity=175 | SourceName=Motor | EventType=application
[2026-08-16 20:55:05.305 (UTC)] info/application	[Motor] Received distance: 10.9906357447573 cm | Severity=75 | SourceName=Motor | EventType=application
[2026-08-16 20:55:05.305 (UTC)] warn/application	[Motor] Distance too close (10.9906357447573); rotating motor to 0 degrees | Severity=175 | SourceName=Motor | EventType=application
[2026-08-16 20:55:06.301 (UTC)] info/application	[Motor] Received distance: 10.9339857559809 cm | Severity=75 | SourceName=Motor | EventType=application
[2026-08-16 20:55:06.301 (UTC)] warn/application	[Motor] Distance too close (10.9339857559809); rotating motor to 0 degrees | Severity=175 | SourceName=Motor | EventType=application
[2026-08-16 20:55:07.304 (UTC)] info/application	[Motor] Received distance: 11.1588311154204 cm | Severity=75 | SourceName=Motor | EventType=application
[2026-08-16 20:55:07.304 (UTC)] warn/application	[Motor] Distance too close (11.1588311154204); rotating motor to 0 degrees | Severity=175 | SourceName=Motor | EventType=application
[2026-08-16 20:55:08.305 (UTC)] info/application	[Motor] Received distance: 11.6873857202881 cm | Severity=75 | SourceName=Motor | EventType=application
[2026-08-16 20:55:08.305 (UTC)] warn/application	[Motor] Distance too close (11.6873857202881); rotating motor to 0 degrees | Severity=175 | SourceName=Motor | EventType=application
[2026-08-16 20:55:09.305 (UTC)] info/application	[Motor] Received distance: 10.3974139836605 cm | Severity=75 | SourceName=Motor | EventType=application
[2026-08-16 20:55:09.305 (UTC)] warn/application	[Motor] Distance too close (10.3974139836605); rotating motor to 0 degrees | Severity=175 | SourceName=Motor | EventType=application
[2026-08-16 20:55:10.300 (UTC)] info/application	[Motor] Received distance: 9.49914851598402 cm | Severity=75 | SourceName=Motor | EventType=application
[2026-08-16 20:55:10.300 (UTC)] warn/application	[Motor] Distance too close (9.49914851598402); rotating motor to 0 degrees | Severity=175 | SourceName=Motor | EventType=application
[2026-08-16 20:55:11.304 (UTC)] info/application	[Motor] Received distance: 10.9962721499597 cm | Severity=75 | SourceName=Motor | EventType=application
[2026-08-16 20:55:11.304 (UTC)] warn/application	[Motor] Distance too close (10.9962721499597); rotating motor to 0 degrees | Severity=175 | SourceName=Motor | EventType=application
[2026-08-16 20:55:12.305 (UTC)] info/application	[Motor] Received distance: 11.5518975570108 cm | Severity=75 | SourceName=Motor | EventType=application
[2026-08-16 20:55:12.305 (UTC)] warn/application	[Motor] Distance too close (11.5518975570108); rotating motor to 0 degrees | Severity=175 | SourceName=Motor | EventType=application
[2026-08-16 20:55:13.305 (UTC)] info/application	[Motor] Received distance: 10.5618083903388 cm | Severity=75 | SourceName=Motor | EventType=application
[2026-08-16 20:55:13.305 (UTC)] warn/application	[Motor] Distance too close (10.5618083903388); rotating motor to 0 degrees | Severity=175 | SourceName=Motor | EventType=application
[2026-08-16 20:55:14.300 (UTC)] info/application	[Motor] Received distance: 10.339799113497 cm | Severity=75 | SourceName=Motor | EventType=application
[2026-08-16 20:55:14.300 (UTC)] warn/application	[Motor] Distance too close (10.339799113497); rotating motor to 0 degrees | Severity=175 | SourceName=Motor | EventType=application
[2026-08-16 20:55:15.304 (UTC)] info/application	[Motor] Received distance: 9.91304408335734 cm | Severity=75 | SourceName=Motor | EventType=application
[2026-08-16 20:55:15.304 (UTC)] warn/application	[Motor] Distance too close (9.91304408335734); rotating motor to 0 degrees | Severity=175 | SourceName=Motor | EventType=application
[2026-08-16 20:55:16.304 (UTC)] info/application	[Motor] Received distance: 10.5900719240727 cm | Severity=75 | SourceName=Motor | EventType=application
[2026-08-16 20:55:16.304 (UTC)] warn/application	[Motor] Distance too close (10.5900719240727); rotating motor to 0 degrees | Severity=175 | SourceName=Motor | EventType=application
[2026-08-16 20:55:17.304 (UTC)] info/application	[Motor] Received distance: 9.31721659391989 cm | Severity=75 | SourceName=Motor | EventType=application
[2026-08-16 20:55:17.304 (UTC)] warn/application	[Motor] Distance too close (9.31721659391989); rotating motor to 0 degrees | Severity=175 | SourceName=Motor | EventType=application
[2026-08-16 20:55:18.301 (UTC)] info/application	[Motor] Received distance: 10.3483778209651 cm | Severity=75 | SourceName=Motor | EventType=application
[2026-08-16 20:55:18.301 (UTC)] warn/application	[Motor] Distance too close (10.3483778209651); rotating motor to 0 degrees | Severity=175 | SourceName=Motor | EventType=application
[2026-08-16 20:55:19.304 (UTC)] info/application	[Motor] Received distance: 9.59538120990404 cm | Severity=75 | SourceName=Motor | EventType=application
[2026-08-16 20:55:19.304 (UTC)] warn/application	[Motor] Distance too close (9.59538120990404); rotating motor to 0 degrees | Severity=175 | SourceName=Motor | EventType=application
[2026-08-16 20:55:20.304 (UTC)] info/application	[Motor] Received distance: 8.1897600482636 cm | Severity=75 | SourceName=Motor | EventType=application
[2026-08-16 20:55:20.304 (UTC)] warn/application	[Motor] Distance too close (8.1897600482636); rotating motor to 0 degrees | Severity=175 | SourceName=Motor | EventType=application
[2026-08-16 20:55:21.305 (UTC)] info/application	[Motor] Received distance: 6.89603014145793 cm | Severity=75 | SourceName=Motor | EventType=application
[2026-08-16 20:55:21.305 (UTC)] warn/application	[Motor] Distance too close (6.89603014145793); rotating motor to 0 degrees | Severity=175 | SourceName=Motor | EventType=application
[2026-08-16 20:55:22.306 (UTC)] info/application	[Motor] Received distance: 8.30573319075896 cm | Severity=75 | SourceName=Motor | EventType=application
[2026-08-16 20:55:22.306 (UTC)] warn/application	[Motor] Distance too close (8.30573319075896); rotating motor to 0 degrees | Severity=175 | SourceName=Motor | EventType=application
[2026-08-16 20:55:23.303 (UTC)] info/application	[Motor] Received distance: 8.96383218372419 cm | Severity=75 | SourceName=Motor | EventType=application
[2026-08-16 20:55:23.303 (UTC)] warn/application	[Motor] Distance too close (8.96383218372419); rotating motor to 0 degrees | Severity=175 | SourceName=Motor | EventType=application
[2026-08-16 20:55:24.304 (UTC)] info/application	[Motor] Received distance: 10.1517467753271 cm | Severity=75 | SourceName=Motor | EventType=application
[2026-08-16 20:55:24.304 (UTC)] warn/application	[Motor] Distance too close (10.1517467753271); rotating motor to 0 degrees | Severity=175 | SourceName=Motor | EventType=application
[2026-08-16 20:55:25.293 (UTC)] info/application	[Motor] Received distance: 9.49937913636648 cm | Severity=75 | SourceName=Motor | EventType=application
[2026-08-16 20:55:25.293 (UTC)] warn/application	[Motor] Distance too close (9.49937913636648); rotating motor to 0 degrees | Severity=175 | SourceName=Motor | EventType=application
[2026-08-16 20:55:26.301 (UTC)] info/application	[Motor] Received distance: 9.58813362898684 cm | Severity=75 | SourceName=Motor | EventType=application
[2026-08-16 20:55:26.301 (UTC)] warn/application	[Motor] Distance too close (9.58813362898684); rotating motor to 0 degrees | Severity=175 | SourceName=Motor | EventType=application
[2026-08-16 20:55:27.293 (UTC)] info/application	[Motor] Received distance: 10.4191179580144 cm | Severity=75 | SourceName=Motor | EventType=application
[2026-08-16 20:55:27.293 (UTC)] warn/application	[Motor] Distance too close (10.4191179580144); rotating motor to 0 degrees | Severity=175 | SourceName=Motor | EventType=application
[2026-08-16 20:55:28.302 (UTC)] info/application	[Motor] Received distance: 11.1952308801446 cm | Severity=75 | SourceName=Motor | EventType=application
[2026-08-16 20:55:28.302 (UTC)] warn/application	[Motor] Distance too close (11.1952308801446); rotating motor to 0 degrees | Severity=175 | SourceName=Motor | EventType=application
[2026-08-16 20:55:29.304 (UTC)] info/application	[Motor] Received distance: 12.0876509887575 cm | Severity=75 | SourceName=Motor | EventType=application
[2026-08-16 20:55:29.304 (UTC)] warn/application	[Motor] Distance too close (12.0876509887575); rotating motor to 0 degrees | Severity=175 | SourceName=Motor | EventType=application
[2026-08-16 20:55:30.304 (UTC)] info/application	[Motor] Received distance: 12.287215377105 cm | Severity=75 | SourceName=Motor | EventType=application
[2026-08-16 20:55:30.304 (UTC)] warn/application	[Motor] Distance too close (12.287215377105); rotating motor to 0 degrees | Severity=175 | SourceName=Motor | EventType=applicat