[2026-08-15 16:58:14.410 (UTC)] info/application	Motor client started; subscribing to sensor DistanceValue (Client/Server mode)... | Severity=75 | SourceName=Motor2 | EventType=application
Entering background polling mode: connecting to Sensor & Aggregation Server...
Connected successfully. Motor log forwarding started.
[2026-08-15 16:58:14.443 (UTC)] info/channel	[System] TCP 8	| SC 1	| SecureChannel opened with SecurityMode None for SecurityPolicy http://opcfoundation.org/UA/SecurityPolicy#None and a revised lifetime of 600.0s | Severity=75 | SourceName=System | EventType=channel
[2026-08-15 16:58:14.464 (UTC)] warn/client	[System] The server returned Endpoints with a different EndpointUrl opc.tcp://MSI:4843 than was used to initialize the connection: opc.tcp://127.0.0.1:4843. Some servers require a complete match of the EndpointUrl/DiscoveryUrl (including the path) to return all endpoints. | Severity=175 | SourceName=System | EventType=client
[2026-08-15 16:58:14.860 (UTC)] info/application	Connected to sensor backend; subscribing to distance updates | Severity=75 | SourceName=Motor2 | EventType=application
[2026-08-15 16:58:15.458 (UTC)] info/application	[Motor] Received distance: 14.888855284493815 cm | Severity=75 | SourceName=Motor2 | EventType=application
[2026-08-15 16:58:15.458 (UTC)] warn/application	[Motor] Distance too close (14.888855284493815); rotating motor to 0 degrees | Severity=175 | SourceName=Motor2 | EventType=application
[2026-08-15 16:58:15.948 (UTC)] info/application	[Motor] Received distance: 38.66632788100574 cm | Severity=75 | SourceName=Motor2 | EventType=application
[2026-08-15 16:58:15.948 (UTC)] info/application	[Motor] Distance safe (38.66632788100574); rotating motor to 90 degrees | Severity=75 | SourceName=Motor2 | EventType=application
[2026-08-15 16:58:17.533 (UTC)] info/application	[Motor] Received distance: 20.89611372486507 cm | Severity=75 | SourceName=Motor2 | EventType=application
[2026-08-15 16:58:17.533 (UTC)] info/application	[Motor] Distance safe (20.89611372486507); rotating motor to 90 degrees | Severity=75 | SourceName=Motor2 | EventType=application
[2026-08-15 16:58:18.043 (UTC)] info/application	[Motor] Received distance: 49.772235482825074 cm | Severity=75 | SourceName=Motor2 | EventType=application
[2026-08-15 16:58:18.043 (UTC)] info/application	[Motor] Distance safe (49.772235482825074); rotating motor to 90 degrees | Severity=75 | SourceName=Motor2 | EventType=application
[2026-08-15 16:58:18.534 (UTC)] info/application	[Motor] Received distance: 45.577676726308496 cm | Severity=75 | SourceName=Motor2 | EventType=application
[2026-08-15 16:58:18.534 (UTC)] info/application	[Motor] Distance safe (45.577676726308496); rotating motor to 90 degrees | Severity=75 | SourceName=Motor2 | EventType=application
[2026-08-15 16:58:19.542 (UTC)] info/application	[Motor] Received distance: 34.7263958308503 cm | Severity=75 | SourceName=Motor2 | EventType=application
[2026-08-15 16:58:19.542 (UTC)] info/application	[Motor] Distance safe (34.7263958308503); rotating motor to 90 degrees | Severity=75 | SourceName=Motor2 | EventType=application
[2026-08-15 16:58:20.537 (UTC)] info/application	[Motor] Received distance: 47.59774400181963 cm | Severity=75 | SourceName=Motor2 | EventType=application
[2026-08-15 16:58:20.537 (UTC)] info/application	[Motor] Distance safe (47.59774400181963); rotating motor to 90 degrees | Severity=75 | SourceName=Motor2 | EventType=application
[2026-08-15 16:58:21.543 (UTC)] info/application	[Motor] Received distance: 16.649028062191338 cm | Severity=75 | SourceName=Motor2 | EventType=application
[2026-08-15 16:58:21.543 (UTC)] warn/application	[Motor] Distance too close (16.649028062191338); rotating motor to 0 degrees | Severity=175 | SourceName=Motor2 | EventType=application
[2026-08-15 16:58:22.541 (UTC)] info/application	[Motor] Received distance: 29.470684734857958 cm | Severity=75 | SourceName=Motor2 | EventType=application
[2026-08-15 16:58:22.541 (UTC)] info/application	[Motor] Distance safe (29.470684734857958); rotating motor to 90 degrees | Severity=75 | SourceName=Motor2 | EventType=application
[2026-08-15 16:58:23.543 (UTC)] info/application	[Motor] Received distance: 30.304258143670975 cm | Severity=75 | SourceName=Motor2 | EventType=application
[2026-08-15 16:58:23.543 (UTC)] info/application	[Motor] Distance safe (30.304258143670975); rotating motor to 90 degrees | Severity=75 | SourceName=Motor2 | EventType=application
[2026-08-15 16:58:24.534 (UTC)] info/application	[Motor] Received distance: 24.94343489731822 cm | Severity=75 | SourceName=Motor2 | EventType=application
[2026-08-15 16:58:24.534 (UTC)] info/application	[Motor] Distance safe (24.94343489731822); rotating motor to 90 degrees | Severity=75 | SourceName=Motor2 | EventType=application
[2026-08-15 16:58:25.542 (UTC)] info/application	[Motor] Received distance: 45.882999664118046 cm | Severity=75 | SourceName=Motor2 | EventType=application
[2026-08-15 16:58:25.542 (UTC)] info/application	[Motor] Distance safe (45.882999664118046); rotating motor to 90 degrees | Severity=75 | SourceName=Motor2 | EventType=application
[2026-08-15 16:58:26.544 (UTC)] info/application	[Motor] Received distance: 3.5868856243728127 cm | Severity=75 | SourceName=Motor2 | EventType=application
[2026-08-15 16:58:26.544 (UTC)] warn/application	[Motor] Distance too close (3.5868856243728127); rotating motor to 0 degrees | Severity=175 | SourceName=Motor2 | EventType=application
[2026-08-15 16:58:27.540 (UTC)] info/application	[Motor] Received distance: 15.358773520849073 cm | Severity=75 | SourceName=Motor2 | EventType=application
[2026-08-15 16:58:27.540 (UTC)] warn/application	[Motor] Distance too close (15.358773520849073); rotating motor to 0 degrees | Severity=175 | SourceName=Motor2 | EventType=application
[2026-08-15 16:58:28.542 (UTC)] info/application	[Motor] Received distance: 39.30776261040371 cm | Severity=75 | SourceName=Motor2 | EventType=application
[2026-08-15 16:58:28.542 (UTC)] info/application	[Motor] Distance safe (39.30776261040371); rotating motor to 90 degrees | Severity=75 | SourceName=Motor2 | EventType=application
[2026-08-15 16:58:29.543 (UTC)] info/application	[Motor] Received distance: 37.791826801277615 cm | Severity=75 | SourceName=Motor2 | EventType=application
[2026-08-15 16:58:29.543 (UTC)] info/application	[Motor] Distance safe (37.791826801277615); rotating motor to 90 degrees | Severity=75 | SourceName=Motor2 | EventType=application
[2026-08-15 16:58:30.535 (UTC)] info/application	[Motor] Received distance: 14.213834112609659 cm | Severity=75 | SourceName=Motor2 | EventType=application
[2026-08-15 16:58:30.535 (UTC)] warn/application	[Motor] Distance too close (14.213834112609659); rotating motor to 0 degrees | Severity=175 | SourceName=Motor2 | EventType=application
[2026-08-15 16:58:31.542 (UTC)] info/application	[Motor] Received distance: 45.96072487344999 cm | Severity=75 | SourceName=Motor2 | EventType=application
[2026-08-15 16:58:31.542 (UTC)] info/application	[Motor] Distance safe (45.96072487344999); rotating motor to 90 degrees | Severity=75 | SourceName=Motor2 | EventType=application
[2026-08-15 16:58:32.538 (UTC)] info/application	[Motor] Received distance: 41.815249938431776 cm | Severity=75 | SourceName=Motor2 | EventType=application
[2026-08-15 16:58:32.538 (UTC)] info/application	[Motor] Distance safe (41.815249938431776); rotating motor to 90 degrees | Severity=75 | SourceName=Motor2 | EventType=application
[2026-08-15 16:58:33.542 (UTC)] info/application	[Motor] Received distance: 43.06289481793665 cm | Severity=75 | SourceName=Motor2 | EventType=application
[2026-08-15 16:58:33.542 (UTC)] info/application	[Motor] Distance safe (43.06289481793665); rotating motor to 90 degrees | Severity=75 | SourceName=Motor2 | EventType=application
[2026-08-15 16:58:34.542 (UTC)] info/application	[Motor] Received distance: 31.902076764917968 cm | Severity=75 | SourceName=Motor2 | EventType=application
[2026-08-15 16:58:34.542 (UTC)] info/application	[Motor] Distance safe (31.902076764917968); rotating motor to 90 degrees | Severity=75 | SourceName=Motor2 | EventType=application
[2026-08-15 16:58:35.543 (UTC)] info/application	[Motor] Received distance: 39.012104096362414 cm | Severity=75 | SourceName=Motor2 | EventType=application
[2026-08-15 16:58:35.543 (UTC)] info/application	[Motor] Distance safe (39.012104096362414); rotating motor to 90 degrees | Severity=75 | SourceName=Motor2 | EventType=application
[2026-08-15 16:58:36.535 (UTC)] info/application	[Motor] Received distance: 20.797719234040805 cm | Severity=75 | SourceName=Motor2 | EventType=application
[2026-08-15 16:58:36.535 (UTC)] info/application	[Motor] Distance safe (20.797719234040805); rotating motor to 90 degrees | Severity=75 | SourceName=Motor2 | EventType=application
[2026-08-15 16:58:37.542 (UTC)] info/application	[Motor] Received distance: 12.021867592829217 cm | Severity=75 | SourceName=Motor2 | EventType=application
[2026-08-15 16:58:37.542 (UTC)] warn/application	[Motor] Distance too close (12.021867592829217); rotating motor to 0 degrees | Severity=175 | SourceName=Motor2 | EventType=application
[2026-08-15 16:58:38.544 (UTC)] info/application	[Motor] Received distance: 49.75219741452122 cm | Severity=75 | SourceName=Motor2 | EventType=application
[2026-08-15 16:58:38.544 (UTC)] info/application	[Motor] Distance safe (49.75219741452122); rotating motor to 90 degrees | Severity=75 | SourceName=Motor2 | EventType=application
[2026-08-15 16:58:39.540 (UTC)] info/application	[Motor] Received distance: 30.4934784902695 cm | Severity=75 | SourceName=Motor2 | EventType=application
[2026-08-15 16:58:39.540 (UTC)] info/application	[Motor] Distance safe (30.4934784902695); rotating motor to 90 degrees | Severity=75 | SourceName=Motor2 | EventType=application
[2026-08-15 16:58:40.542 (UTC)] info/application	[Motor] Received distance: 34.04888380321156 cm | Severity=75 | SourceName=Motor2 | EventType=application
[2026-08-15 16:58:40.542 (UTC)] info/application	[Motor] Distance safe (34.04888380321156); rotating motor to 90 degrees | Severity=75 | SourceName=Motor2 | EventType=application
[2026-08-15 16:58:41.534 (UTC)] info/application	[Motor] Received distance: 16.236004575265575 cm | Severity=75 | SourceName=Motor2 | EventType=application
[2026-08-15 16:58:41.534 (UTC)] warn/application	[Motor] Distance too close (16.236004575265575); rotating motor to 0 degrees | Severity=175 | SourceName=Motor2 | EventType=application
[2026-08-15 16:58:42.543 (UTC)] info/application	[Motor] Received distance: 45.906985832334954 cm | Severity=75 | SourceName=Motor2 | EventType=application
[2026-08-15 16:58:42.543 (UTC)] info/application	[Motor] Distance safe (45.906985832334954); rotating motor to 90 degrees | Severity=75 | SourceName=Motor2 | EventType=application
[2026-08-15 16:58:43.538 (UTC)] info/application	[Motor] Received distance: 40.96483239110784 cm | Severity=75 | SourceName=Motor2 | EventType=application
[2026-08-15 16:58:43.538 (UTC)] info/application	[Motor] Distance safe (40.96483239110784); rotating motor to 90 degrees | Severity=75 | SourceName=Motor2 | EventType=application
[2026-08-15 16:58:44.543 (UTC)] info/application	[Motor] Received distance: 41.36990639165505 cm | Severity=75 | SourceName=Motor2 | EventType=application
[2026-08-15 16:58:44.543 (UTC)] info/application	[Motor] Distance safe (41.36990639165505); rotating motor to 90 degrees | Severity=75 | SourceName=Motor2 | EventType=application
[2026-08-15 16:58:45.540 (UTC)] info/application	[Motor] Received distance: 10.795841094477028 cm | Severity=75 | SourceName=Motor2 | EventType=application
[2026-08-15 16:58:45.540 (UTC)] warn/application	[Motor] Distance too close (10.795841094477028); rotating motor to 0 degrees | Severity=175 | SourceName=Motor2 | EventType=application
[2026-08-15 16:58:46.543 (UTC)] info/application	[Motor] Received distance: 29.631160249761844 cm | Severity=75 | SourceName=Motor2 | EventType=application
[2026-08-15 16:58:46.543 (UTC)] info/application	[Motor] Distance safe (29.631160249761844); rotating motor to 90 degrees | Severity=75 | SourceName=Motor2 | EventType=application
[2026-08-15 16:58:47.534 (UTC)] info/application	[Motor] Received distance: 12.26602009416838 cm | Severity=75 | SourceName=Motor2 | EventType=application
[2026-08-15 16:58:47.534 (UTC)] warn/application	[Motor] Distance too close (12.26602009416838); rotating motor to 0 degrees | Severity=175 | SourceName=Motor2 | EventType=application
[2026-08-15 16:58:48.543 (UTC)] info/application	[Motor] Received distance: 10.568076554950363 cm | Severity=75 | SourceName=Motor2 | EventType=application
[2026-08-15 16:58:48.543 (UTC)] warn/application	[Motor] Distance too close (10.568076554950363); rotating motor to 0 degrees | Severity=175 | SourceName=Motor2 | EventType=application
[2026-08-15 16:58:49.538 (UTC)] info/application	[Motor] Received distance: 25.208836976070344 cm | Severity=75 | SourceName=Motor2 | EventType=application
[2026-08-15 16:58:49.538 (UTC)] info/application	[Motor] Distance safe (25.208836976070344); rotating motor to 90 degrees | Severity=75 | SourceName=Motor2 | EventType=application
[2026-08-15 16:58:50.543 (UTC)] info/application	[Motor] Received distance: 44.99241592501868 cm | Severity=75 | SourceName=Motor2 | EventType=application
[2026-08-15 16:58:50.543 (UTC)] info/application	[Motor] Distance safe (44.99241592501868); rotating motor to 90 degrees | Severity=75 | SourceName=Motor2 | EventType=application
[2026-08-15 16:58:51.544 (UTC)] info/application	[Motor] Received distance: 8.165820556769994 cm | Severity=75 | SourceName=Motor2 | EventType=application
[2026-08-15 16:58:51.544 (UTC)] warn/application	[Motor] Distance too close (8.165820556769994); rotating motor to 0 degrees | Severity=175 | SourceName=Motor2 | EventType=application
[2026-08-15 16:58:52.542 (UTC)] info/application	[Motor] Received distance: 39.857865038261686 cm | Severity=75 | SourceName=Motor2 | EventType=application
[2026-08-15 16:58:52.542 (UTC)] info/application	[Motor] Distance safe (39.857865038261686); rotating motor to 90 degrees | Severity=75 | SourceName=Motor2 | EventType=application
[2026-08-15 16:58:53.534 (UTC)] info/application	[Motor] Received distance: 24.4631006375249 cm | Severity=75 | SourceName=Motor2 | EventType=application
[2026-08-15 16:58:53.534 (UTC)] info/application	[Motor] Distance safe (24.4631006375249); rotating motor to 90 degrees | Severity=75 | SourceName=Motor2 | EventType=application
[2026-08-15 16:58:54.543 (UTC)] info/application	[Motor] Received distance: 36.47007870044097 cm | Severity=75 | SourceName=Motor2 | EventType=application
[2026-08-15 16:58:54.543 (UTC)] info/application	[Motor] Distance safe (36.47007870044097); rotating motor to 90 degrees | Severity=75 | SourceName=Motor2 | EventType=application
[2026-08-15 16:58:55.538 (UTC)] info/application	[Motor] Received distance: 14.801299913228164 cm | Severity=75 | SourceName=Motor2 | EventType=application
[2026-08-15 16:58:55.538 (UTC)] warn/application	[Motor] Distance too close (14.801299913228164); rotating motor to 0 degrees | Severity=175 | SourceName=Motor2 | EventType=application
[2026-08-15 16:58:56.542 (UTC)] info/application	[Motor] Received distance: 20.34610030164295 cm | Severity=75 | SourceName=Motor2 | EventType=application
[2026-08-15 16:58:56.542 (UTC)] info/application	[Motor] Distance safe (20.34610030164295); rotating motor to 90 degrees | Severity=75 | SourceName=Motor2 | EventType=application
[2026-08-15 16:58:57.552 (UTC)] info/application	[Motor] Received distance: 38.056964324813784 cm | Severity=75 | SourceName=Motor2 | EventType=application
[2026-08-15 16:58:57.552 (UTC)] info/application	[Motor] Distance safe (38.056964324813784); rotating motor to 90 degrees | Severity=75 | SourceName=Motor2 | EventType=application
[2026-08-15 16:58:58.542 (UTC)] info/application	[Motor] Received distance: 28.160073434077237 cm | Severity=75 | SourceName=Motor2 | EventType=application
[2026-08-15 16:58:58.542 (UTC)] info/application	[Motor] Distance safe (28.160073434077237); rotating motor to 90 degrees | Severity=75 | SourceName=Motor2 | EventType=application
[2026-08-15 16:58:59.536 (UTC)] info/application	[Motor] Received distance: 9.653862889694917 cm | Severity=75 | SourceName=Motor2 | EventType=application
[2026-08-15 16:58:59.536 (UTC)] warn/application	[Motor] Distance too close (9.653862889694917); rotating motor to 0 degrees | Severity=175 | SourceName=Motor2 | EventType=application
[2026-08-15 16:59:00.542 (UTC)] info/application	[Motor] Received distance: 25.8487911260914 cm | Severity=75 | SourceName=Motor2 | EventType=application
[2026-08-15 16:59:00.542 (UTC)] info/application	[Motor] Distance safe (25.8487911260914); rotating motor to 90 degrees | Severity=75 | SourceName=Motor2 | EventType=application
[2026-08-15 16:59:01.539 (UTC)] info/application	[Motor] Received distance: 40.373907569038636 cm | Severity=75 | SourceName=Motor2 | EventType=application
[2026-08-15 16:59:01.539 (UTC)] info/application	[Motor] Distance safe (40.373907569038636); rotating motor to 90 degrees | Severity=75 | SourceName=Motor2 | EventType=application
[2026-08-15 16:59:02.542 (UTC)] info/application	[Motor] Received distance: 5.614587740793167 cm | Severity=75 | SourceName=Motor2 | EventType=application
[2026-08-15 16:59:02.542 (UTC)] warn/application	[Motor] Distance too close (5.614587740793167); rotating motor to 0 degrees | Severity=175 | SourceName=Motor2 | EventType=application
[2026-08-15 16:59:03.534 (UTC)] info/application	[Motor] Received distance: 17.664041042171437 cm | Severity=75 | SourceName=Motor2 | EventType=application
[2026-08-15 16:59:03.534 (UTC)] warn/application	[Motor] Distance too close (17.664041042171437); rotating motor to 0 degrees | Severity=175 | SourceName=Motor2 | EventType=application
[2026-08-15 16:59:04.542 (UTC)] info/application	[Motor] Received distance: 33.436802364623546 cm | Severity=75 | SourceName=Motor2 | EventType=application
[2026-08-15 16:59:04.542 (UTC)] info/application	[Motor] Distance safe (33.436802364623546); rotating motor to 90 degrees | Severity=75 | SourceName=Motor2 | EventType=application
[2026-08-15 16:59:05.537 (UTC)] info/application	[Motor] Received distance: 35.516664528062876 cm | Severity=75 | SourceName=Motor2 | EventType=application
[2026-08-15 16:59:05.537 (UTC)] info/application	[Motor] Distance safe (35.516664528062876); rotating motor to 90 degrees | Severity=75 | SourceName=Motor2 | EventType=application
[2026-08-15 16:59:06.542 (UTC)] info/application	[Motor] Received distance: 6.676145138533853 cm | Severity=75 | SourceName=Motor2 | EventType=application
[2026-08-15 16:59:06.542 (UTC)] warn/application	[Motor] Distance too close (6.676145138533853); rotating motor to 0 degrees | Severity=175 | SourceName=Motor2 | EventType=application
[2026-08-15 16:59:07.542 (UTC)] info/application	[Motor] Received distance: 4.2345215986643545 cm | Severity=75 | SourceName=Motor2 | EventType=application
[2026-08-15 16:59:07.542 (UTC)] warn/application	[Motor] Distance too close (4.2345215986643545); rotating motor to 0 degrees | Severity=175 | SourceName=Motor2 | EventType=application
[2026-08-15 16:59:08.533 (UTC)] info/application	[Motor] Received distance: 45.53853212089209 cm | Severity=75 | SourceName=Motor2 | EventType=application
[2026-08-15 16:59:08.533 (UTC)] info/application	[Motor] Distance safe (45.53853212089209); rotating motor to 90 degrees | Severity=75 | SourceName=Motor2 | EventType=application
[2026-08-15 16:59:09.542 (UTC)] info/application	[Motor] Received distance: 6.428342530703332 cm | Severity=75 | SourceName=Motor2 | EventType=application
[2026-08-15 16:59:09.542 (UTC)] warn/application	[Motor] Distance too close (6.428342530703332); rotating motor to 0 degrees | Severity=175 | SourceName=Motor2 | EventType=application
[2026-08-15 16:59:10.538 (UTC)] info/application	[Motor] Received distance: 32.728000088933854 cm | Severity=75 | SourceName=Motor2 | EventType=application
[2026-08-15 16:59:10.538 (UTC)] info/application	[Motor] Distance safe (32.728000088933854); rotating motor to 90 degrees | Severity=75 | SourceName=Motor2 | EventType=application
[2026-08-15 16:59:11.543 (UTC)] info/application	[Motor] Received distance: 29.587415901751914 cm | Severity=75 | SourceName=Motor2 | EventType=application
[2026-08-15 16:59:11.543 (UTC)] info/application	[Motor] Distance safe (29.587415901751914); rotating motor to 90 degrees | Severity=75 | SourceName=Motor2 | EventType=application
[2026-08-15 16:59:12.542 (UTC)] info/application	[Motor] Received distance: 20.664347105968904 cm | Severity=75 | SourceName=Motor2 | EventType=application
[2026-08-15 16:59:12.542 (UTC)] info/application	[Motor] Distance safe (20.664347105968904); rotating motor to 90 degrees | Severity=75 | SourceName=Motor2 | EventType=application
[2026-08-15 16:59:13.533 (UTC)] info/application	[Motor] Received distance: 28.634985898917066 cm | Severity=75 | SourceName=Motor2 | EventType=application
[2026-08-15 16:59:13.533 (UTC)] info/application	[Motor] Distance safe (28.634985898917066); rotating motor to 90 degrees | Severity=75 | SourceName=Motor2 | EventType=application
[2026-08-15 16:59:14.543 (UTC)] info/application	[Motor] Received distance: 20.552248270508017 cm | Severity=75 | SourceName=Motor2 | EventType=application
[2026-08-15 16:59:14.543 (UTC)] info/application	[Motor] Distance safe (20.552248270508017); rotating motor to 90 degrees | Severity=75 | SourceName=Motor2 | EventType=application
[2026-08-15 16:59:15.538 (UTC)] info/application	[Motor] Received distance: 12.034253475272214 cm | Severity=75 | SourceName=Motor2 | EventType=application
[2026-08-15 16:59:15.538 (UTC)] warn/application	[Motor] Distance too close (12.034253475272214); rotating motor to 0 degrees | Severity=175 | SourceName=Motor2 | EventType=application
[2026-08-15 16:59:16.543 (UTC)] info/application	[Motor] Received distance: 37.43082699339409 cm | Severity=75 | SourceName=Motor2 | EventType=application
[2026-08-15 16:59:16.543 (UTC)] info/application	[Motor] Distance safe (37.43082699339409); rotating motor to 90 degrees | Severity=75 | SourceName=Motor2 | EventType=application
[2026-08-15 16:59:17.541 (UTC)] info/application	[Motor] Received distance: 48.183408542621606 cm | Severity=75 | SourceName=Motor2 | EventType=application
[2026-08-15 16:59:17.541 (UTC)] info/application	[Motor] Distance safe (48.183408542621606); rotating motor to 90 degrees | Severity=75 | SourceName=Motor2 | EventType=application
[2026-08-15 16:59:18.543 (UTC)] info/application	[Motor] Received distance: 22.300273569440595 cm | Severity=75 | SourceName=Motor2 | EventType=application
[2026-08-15 16:59:18.543 (UTC)] info/application	[Motor] Distance safe (22.300273569440595); rotating motor to 90 degrees | Severity=75 | SourceName=Motor2 | EventType=application
[2026-08-15 16:59:19.535 (UTC)] info/application	[Motor] Received distance: 45.9989035706962 cm | Severity=75 | SourceName=Motor2 | EventType=application
[2026-08-15 16:59:19.535 (UTC)] info/application	[Motor] Distance safe (45.9989035706962); rotating motor to 90 degrees | Severity=75 | SourceName=Motor2 | EventType=application
[2026-08-15 16:59:20.543 (UTC)] info/application	[Motor] Received distance: 23.39224549634021 cm | Severity=75 | SourceName=Motor2 | EventType=application
[2026-08-15 16:59:20.543 (UTC)] info/application	[Motor] Distance safe (23.39224549634021); rotating motor to 90 degrees | Severity=75 | SourceName=Motor2 | EventType=application
[2026-08-15 16:59:21.539 (UTC)] info/application	[Motor] Received distance: 17.292689494459278 cm | Severity=75 | SourceName=Motor2 | EventType=application
[2026-08-15 16:59:21.539 (UTC)] warn/application	[Motor] Distance too close (17.292689494459278); rotating motor to 0 degrees | Severity=175 | SourceName=Motor2 | EventType=application
[2026-08-15 16:59:22.543 (UTC)] info/application	[Motor] Received distance: 4.164724105114454 cm | Severity=75 | SourceName=Motor2 | EventType=application
[2026-08-15 16:59:22.543 (UTC)] warn/application	[Motor] Distance too close (4.164724105114454); rotating motor to 0 degrees | Severity=175 | SourceName=Motor2 | EventType=application
[2026-08-15 16:59:23.543 (UTC)] info/application	[Motor] Received distance: 13.250110512250155 cm | Severity=75 | SourceName=Motor2 | EventType=application
[2026-08-15 16:59:23.543 (UTC)] warn/application	[Motor] Distance too close (13.250110512250155); rotating motor to 0 degrees | Severity=175 | SourceName=Motor2 | EventType=application
[2026-08-15 16:59:24.534 (UTC)] info/application	[Motor] Received distance: 39.75579013198418 cm | Severity=75 | SourceName=Motor2 | EventType=application
[2026-08-15 16:59:24.534 (UTC)] info/application	[Motor] Distance safe (39.75579013198418); rotating motor to 90 degrees | Severity=75 | SourceName=Motor2 | EventType=application
[2026-08-15 16:59:25.543 (UTC)] info/application	[Motor] Received distance: 38.634802805555424 cm | Severity=75 | SourceName=Motor2 | EventType=application
[2026-08-15 16:59:25.543 (UTC)] info/application	[Motor] Distance safe (38.634802805555424); rotating motor to 90 degrees | Severity=75 | SourceName=Motor2 | EventType=application
[2026-08-15 16:59:26.537 (UTC)] info/application	[Motor] Received distance: 26.051410425478316 cm | Severity=75 | SourceName=Motor2 | EventType=application
[2026-08-15 16:59:26.537 (UTC)] info/application	[Motor] Distance safe (26.051410425478316); rotating motor to 90 degrees | Severity=75 | SourceName=Motor2 | EventType=application
[2026-08-15 16:59:27.542 (UTC)] info/application	[Motor] Received distance: 10.101890411275388 cm | Severity=75 | SourceName=Motor2 | EventType=application
[2026-08-15 16:59:27.542 (UTC)] warn/application	[Motor] Distance too close (10.101890411275388); rotating motor to 0 degrees | Severity=175 | SourceName=Motor2 | EventType=application
[2026-08-15 16:59:28.540 (UTC)] info/application	[Motor] Received distance: 26.69176710801747 cm | Severity=75 | SourceName=Motor2 | EventType=application
[2026-08-15 16:59:28.540 (UTC)] info/application	[Motor] Distance safe (26.69176710801747); rotating motor to 90 degrees | Severity=75 | SourceName=Motor2 | EventType=application
[2026-08-15 16:59:29.543 (UTC)] info/application	[Motor] Received distance: 4.211483837203813 cm | Severity=75 | SourceName=Motor2 | EventType=application
[2026-08-15 16:59:29.543 (UTC)] warn/application	[Motor] Distance too close (4.211483837203813); rotating motor to 0 degrees | Severity=175 | SourceName=Motor2 | EventType=application
[2026-08-15 16:59:30.534 (UTC)] info/application	[Motor] Received distance: 17.755753323322047 cm | Severity=75 | SourceName=Motor2 | EventType=application
[2026-08-15 16:59:30.534 (UTC)] warn/application	[Motor] Distance too close (17.755753323322047); rotating motor to 0 degrees | Severity=175 | SourceName=Motor2 | EventType=application
[2026-08-15 16:59:31.543 (UTC)] info/application	[Motor] Received distance: 2.54055821175713 cm | Severity=75 | SourceName=Motor2 | EventType=application
[2026-08-15 16:59:31.543 (UTC)] warn/application	[Motor] Distance too close (2.54055821175713); rotating motor to 0 degrees | Severity=175 | SourceName=Motor2 | EventType=application
[2026-08-15 16:59:32.539 (UTC)] info/application	[Motor] Received distance: 42.58539140624245 cm | Severity=75 | SourceName=Motor2 | EventType=application
[2026-08-15 16:59:32.539 (UTC)] info/application	[Motor] Distance safe (42.58539140624245); rotating motor to 90 degrees | Severity=75 | SourceName=Motor2 | EventType=application
[2026-08-15 16:59:33.542 (UTC)] info/application	[Motor] Received distance: 21.370341064115213 cm | Severity=75 | SourceName=Motor2 | EventType=application
[2026-08-15 16:59:33.542 (UTC)] info/application	[Motor] Distance safe (21.370341064115213); rotating motor to 90 degrees | Severity=75 | SourceName=Motor2 | EventType=application
[2026-08-15 16:59:34.544 (UTC)] info/application	[Motor] Received distance: 18.20459927628031 cm | Severity=75 | SourceName=Motor2 | EventType=application
[2026-08-15 16:59:34.544 (UTC)] warn/application	[Motor] Distance too close (18.20459927628031); rotating motor to 0 degrees | Severity=175 | SourceName=Motor2 | EventType=application
[2026-08-15 16:59:35.535 (UTC)] info/application	[Motor] Received distance: 26.022193770866 cm | Severity=75 | SourceName=Motor2 | EventType=application
[2026-08-15 16:59:35.535 (UTC)] info/application	[Motor] Distance safe (26.022193770866); rotating motor to 90 degrees | Severity=75 | SourceName=Motor2 | EventType=application
[2026-08-15 16:59:36.543 (UTC)] info/application	[Motor] Received distance: 6.887005569826348 cm | Severity=75 | SourceName=Motor2 | EventType=application
[2026-08-15 16:59:36.543 (UTC)] warn/application	[Motor] Distance too close (6.887005569826348); rotating motor to 0 degrees | Severity=175 | SourceName=Motor2 | EventType=application
[2026-08-15 16:59:37.538 (UTC)] info/application	[Motor] Received distance: 22.880744414814163 cm | Severity=75 | SourceName=Motor2 | EventType=application
[2026-08-15 16:59:37.538 (UTC)] info/application	[Motor] Distance safe (22.880744414814163); rotating motor to 90 degrees | Severity=75 | SourceName=Motor2 | EventType=application
[2026-08-15 16:59:38.543 (UTC)] info/application	[Motor] Received distance: 28.256715369530355 cm | Severity=75 | SourceName=Motor2 | EventType=application
[2026-08-15 16:59:38.543 (UTC)] info/application	[Motor] Distance safe (28.256715369530355); rotating motor to 90 degrees | Severity=75 | SourceName=Motor2 | EventType=application
[2026-08-15 16:59:39.541 (UTC)] info/application	[Motor] Received distance: 2.425537668366701 cm | Severity=75 | SourceName=Motor2 | EventType=application
[2026-08-15 16:59:39.541 (UTC)] warn/application	[Motor] Distance too close (2.425537668366701); rotating motor to 0 degrees | Severity=175 | SourceName=Motor2 | EventType=application
[2026-08-15 16:59:40.543 (UTC)] info/application	[Motor] Received distance: 27.309086945517492 cm | Severity=75 | SourceName=Motor2 | EventType=application
[2026-08-15 16:59:40.543 (UTC)] info/application	[Motor] Distance safe (27.309086945517492); rotating motor to 90 degrees | Severity=75 | SourceName=Motor2 | EventType=application
[2026-08-15 16:59:41.535 (UTC)] info/application	[Motor] Received distance: 10.984715436112468 cm | Severity=75 | SourceName=Motor2 | EventType=application
[2026-08-15 16:59:41.535 (UTC)] warn/application	[Motor] Distance too close (10.984715436112468); rotating motor to 0 degrees | Severity=175 | SourceName=Motor2 | EventType=application
[2026-08-15 16:59:42.543 (UTC)] info/application	[Motor] Received distance: 30.012953570118615 cm | Severity=75 | SourceName=Motor2 | EventType=application
[2026-08-15 16:59:42.543 (UTC)] info/application	[Motor] Distance safe (30.012953570118615); rotating motor to 90 degrees | Severity=75 | SourceName=Motor2 | EventType=application
[2026-08-15 16:59:43.538 (UTC)] info/application	[Motor] Received distance: 45.9734340514864 cm | Severity=75 | SourceName=Motor2 | EventType=application
[2026-08-15 16:59:43.538 (UTC)] info/application	[Motor] Distance safe (45.9734340514864); rotating motor to 90 degrees | Severity=75 | SourceName=Motor2 | EventType=application
[2026-08-15 16:59:44.543 (UTC)] info/application	[Motor] Received distance: 37.61970133502953 cm | Severity=75 | SourceName=Motor2 | EventType=application
[2026-08-15 16:59:44.543 (UTC)] info/application	[Motor] Distance safe (37.61970133502953); rotating motor to 90 degrees | Severity=75 | SourceName=Motor2 | EventType=application
[2026-08-15 16:59:45.544 (UTC)] info/application	[Motor] Received distance: 48.56520186297838 cm | Severity=75 | SourceName=Motor2 | EventType=application
[2026-08-15 16:59:45.544 (UTC)] info/application	[Motor] Distance safe (48.56520186297838); rotating motor to 90 degrees | Severity=75 | SourceName=Motor2 | EventType=application
[2026-08-15 16:59:46.543 (UTC)] info/application	[Motor] Received distance: 8.007687504406872 cm | Severity=75 | SourceName=Motor2 | EventType=application
[2026-08-15 16:59:46.543 (UTC)] warn/application	[Motor] Distance too close (8.007687504406872); rotating motor to 0 degrees | Severity=175 | SourceName=Motor2 | EventType=application
[2026-08-15 16:59:47.544 (UTC)] info/application	[Motor] Received distance: 25.05052830607189 cm | Severity=75 | SourceName=Motor2 | EventType=application
[2026-08-15 16:59:47.544 (UTC)] info/application	[Motor] Distance safe (25.05052830607189); rotating motor to 90 degrees | Severity=75 | SourceName=Motor2 | EventType=application
[2026-08-15 16:59:48.536 (UTC)] info/application	[Motor] Received distance: 46.74861038324824 cm | Severity=75 | SourceName=Motor2 | EventType=application
[2026-08-15 16:59:48.536 (UTC)] info/application	[Motor] Distance safe (46.74861038324824); rotating motor to 90 degrees | Severity=75 | SourceName=Motor2 | EventType=application
[2026-08-15 16:59:49.542 (UTC)] info/application	[Motor] Received distance: 28.30796107384747 cm | Severity=75 | SourceName=Motor2 | EventType=application
[2026-08-15 16:59:49.542 (UTC)] info/application	[Motor] Distance safe (28.30796107384747); rotating motor to 90 degrees | Severity=75 | SourceName=Motor2 | EventType=application
[2026-08-15 16:59:50.541 (UTC)] info/application	[Motor] Received distance: 21.04943185441635 cm | Severity=75 | SourceName=Motor2 | EventType=application
[2026-08-15 16:59:50.541 (UTC)] info/application	[Motor] Distance safe (21.04943185441635); rotating motor to 90 degrees | Severity=75 | SourceName=Motor2 | EventType=application
[2026-08-15 16:59:51.533 (UTC)] info/application	[Motor] Received distance: 20.14085585723671 cm | Severity=75 | SourceName=Motor2 | EventType=application
[2026-08-15 16:59:51.534 (UTC)] info/application	[Motor] Distance safe (20.14085585723671); rotating motor to 90 degrees | Severity=75 | SourceName=Motor2 | EventType=application
[2026-08-15 16:59:52.542 (UTC)] info/application	[Motor] Received distance: 43.60065056830675 cm | Severity=75 | SourceName=Motor2 | EventType=application
[2026-08-15 16:59:52.542 (UTC)] info/application	[Motor] Distance safe (43.60065056830675); rotating motor to 90 degrees | Severity=75 | SourceName=Motor2 | EventType=application
[2026-08-15 16:59:53.538 (UTC)] info/application	[Motor] Received distance: 23.214155959530807 cm | Severity=75 | SourceName=Motor2 | EventType=application
[2026-08-15 16:59:53.538 (UTC)] info/application	[Motor] Distance safe (23.214155959530807); rotating motor to 90 degrees | Severity=75 | SourceName=Motor2 | EventType=application
[2026-08-15 16:59:54.542 (UTC)] info/application	[Motor] Received distance: 31.39096636948686 cm | Severity=75 | SourceName=Motor2 | EventType=application
[2026-08-15 16:59:54.542 (UTC)] info/application	[Motor] Distance safe (31.39096636948686); rotating motor to 90 degrees | Severity=75 | SourceName=Motor2 | EventType=application
[2026-08-15 16:59:55.553 (UTC)] info/application	[Motor] Received distance: 33.35644070029093 cm | Severity=75 | SourceName=Motor2 | EventType=application
[2026-08-15 16:59:55.553 (UTC)] info/application	[Motor] Distance safe (33.35644070029093); rotating motor to 90 degrees | Severity=75 | SourceName=Motor2 | EventType=application
[2026-08-15 16:59:56.543 (UTC)] info/application	[Motor] Received distance: 11.84895874273449 cm | Severity=75 | SourceName=Motor2 | EventType=application
[2026-08-15 16:59:56.543 (UTC)] warn/application	[Motor] Distance too close (11.84895874273449); rotating motor to 0 degrees | Severity=175 | SourceName=Motor2 | EventType=application
[2026-08-15 16:59:57.537 (UTC)] info/application	[Motor] Received distance: 7.442376772613439 cm | Severity=75 | SourceName=Motor2 | EventType=application
[2026-08-15 16:59:57.537 (UTC)] warn/application	[Motor] Distance too close (7.442376772613439); rotating motor to 0 degrees | Severity=175 | SourceName=Motor2 | EventType=application
[2026-08-15 16:59:58.543 (UTC)] info/application	[Motor] Received distance: 41.458331111566316 cm | Severity=75 | SourceName=Motor2 | EventType=application
[2026-08-15 16:59:58.543 (UTC)] info/application	[Motor] Distance safe (41.458331111566316); rotating motor to 90 degrees | Severity=75 | SourceName=Motor2 | EventType=application
[2026-08-15 16:59:59.540 (UTC)] info/application	[Motor] Received distance: 36.5407258731037 cm | Severity=75 | SourceName=Motor2 | EventType=application
[2026-08-15 16:59:59.540 (UTC)] info/application	[Motor] Distance safe (36.5407258731037); rotating motor to 90 degrees | Severity=75 | SourceName=Motor2 | EventType=application
[2026-08-15 17:00:00.543 (UTC)] info/application	[Motor] Received distance: 9.653860609817254 cm | Severity=75 | SourceName=Motor2 | EventType=application
[2026-08-15 17:00:00.543 (UTC)] warn/application	[Motor] Distance too close (9.653860609817254); rotating motor to 0 degrees | Severity=175 | SourceName=Motor2 | EventType=application
[2026-08-15 17:00:01.535 (UTC)] info/application	[Motor] Received distance: 9.214084412536621 cm | Severity=75 | SourceName=Motor2 | EventType=application
[2026-08-15 17:00:01.535 (UTC)] warn/application	[Motor] Distance too close (9.214084412536621); rotating motor to 0 degrees | Severity=175 | SourceName=Motor2 | EventType=application
[2026-08-15 17:00:02.543 (UTC)] info/application	[Motor] Received distance: 37.08128408486083 cm | Severity=75 | SourceName=Motor2 | EventType=application
[2026-08-15 17:00:02.543 (UTC)] info/application	[Motor] Distance safe (37.08128408486083); rotating motor to 90 degrees | Severity=75 | SourceName=Motor2 | EventType=application
[2026-08-15 17:00:03.538 (UTC)] info/application	[Motor] Received distance: 2.239252016059706 cm | Severity=75 | SourceName=Motor2 | EventType=application
[2026-08-15 17:00:03.538 (UTC)] warn/application	[Motor] Distance too close (2.239252016059706); rotating motor to 0 degrees | Severity=175 | SourceName=Motor2 | EventType=application
[2026-08-15 17:00:04.542 (UTC)] info/application	[Motor] Received distance: 28.584425499003576 cm | Severity=75 | SourceName=Motor2 | EventType=application
[2026-08-15 17:00:04.542 (UTC)] info/application	[Motor] Distance safe (28.584425499003576); rotating motor to 90 degrees | Severity=75 | SourceName=Motor2 | EventType=application
[2026-08-15 17:00:05.541 (UTC)] info/application	[Motor] Received distance: 5.285883338789401 cm | Severity=75 | SourceName=Motor2 | EventType=application
[2026-08-15 17:00:05.541 (UTC)] warn/application	[Motor] Distance too close (5.285883338789401); rotating motor to 0 degrees | Severity=175 | SourceName=Motor2 | EventType=application
[2026-08-15 17:00:06.543 (UTC)] info/application	[Motor] Received distance: 26.261445786925705 cm | Severity=75 | SourceName=Motor2 | EventType=application
[2026-08-15 17:00:06.543 (UTC)] info/application	[Motor] Distance safe (26.261445786925705); rotating motor to 90 degrees | Severity=75 | SourceName=Motor2 | EventType=application
[2026-08-15 17:00:07.536 (UTC)] info/application	[Motor] Received distance: 33.47143106882993 cm | Severity=75 | SourceName=Motor2 | EventType=application
[2026-08-15 17:00:07.536 (UTC)] info/application	[Motor] Distance safe (33.47143106882993); rotating motor to 90 degrees | Severity=75 | SourceName=Motor2 | EventType=application
[2026-08-15 17:00:08.543 (UTC)] info/application	[Motor] Received distance: 26.166627753603564 cm | Severity=75 | SourceName=Motor2 | EventType=application
[2026-08-15 17:00:08.543 (UTC)] info/application	[Motor] Distance safe (26.166627753603564); rotating motor to 90 degrees | Severity=75 | SourceName=Motor2 | EventType=application
[2026-08-15 17:00:09.540 (UTC)] info/application	[Motor] Received distance: 4.51816113410432 cm | Severity=75 | SourceName=Motor2 | EventType=application
[2026-08-15 17:00:09.540 (UTC)] warn/application	[Motor] Distance too close (4.51816113410432); rotating motor to 0 degrees | Severity=175 | SourceName=Motor2 | EventType=application
[2026-08-15 17:00:10.543 (UTC)] info/application	[Motor] Received distance: 33.89696875954837 cm | Severity=75 | SourceName=Motor2 | EventType=application
[2026-08-15 17:00:10.543 (UTC)] info/application	[Motor] Distance safe (33.89696875954837); rotating motor to 90 degrees | Severity=75 | SourceName=Motor2 | EventType=application
[2026-08-15 17:00:11.535 (UTC)] info/application	[Motor] Received distance: 3.4757146767693174 cm | Severity=75 | SourceName=Motor2 | EventType=application
[2026-08-15 17:00:11.535 (UTC)] warn/application	[Motor] Distance too close (3.4757146767693174); rotating motor to 0 degrees | Severity=175 | SourceName=Motor2 | EventType=application
[2026-08-15 17:00:12.543 (UTC)] info/application	[Motor] Received distance: 13.502876570216788 cm | Severity=75 | SourceName=Motor2 | EventType=application
[2026-08-15 17:00:12.543 (UTC)] warn/application	[Motor] Distance too close (13.502876570216788); rotating motor to 0 degrees | Severity=175 | SourceName=Motor2 | EventType=application
[2026-08-15 17:00:13.539 (UTC)] info/application	[Motor] Received distance: 13.909922307315245 cm | Severity=75 | SourceName=Motor2 | EventType=application
[2026-08-15 17:00:13.539 (UTC)] warn/application	[Motor] Distance too close (13.909922307315245); rotating motor to 0 degrees | Severity=175 | SourceName=Motor2 | EventType=application
[2026-08-15 17:00:14.542 (UTC)] info/application	[Motor] Received distance: 47.449148728255715 cm | Severity=75 | SourceName=Motor2 | EventType=application
[2026-08-15 17:00:14.542 (UTC)] info/application	[Motor] Distance safe (47.449148728255715); rotating motor to 90 degrees | Severity=75 | SourceName=Motor2 | EventType=application
[2026-08-15 17:00:15.533 (UTC)] info/application	[Motor] Received distance: 49.122577905246324 cm | Severity=75 | SourceName=Motor2 | EventType=application
[2026-08-15 17:00:15.533 (UTC)] info/application	[Motor] Distance safe (49.122577905246324); rotating motor to 90 degrees | Severity=75 | SourceName=Motor2 | EventType=application
[2026-08-15 17:00:16.543 (UTC)] info/application	[Motor] Received distance: 12.475124147941882 cm | Severity=75 | SourceName=Motor2 | EventType=application
[2026-08-15 17:00:16.543 (UTC)] warn/application	[Motor] Distance too close (12.475124147941882); rotating motor to 0 degrees | Severity=175 | SourceName=Motor2 | EventType=application
[2026-08-15 17:00:17.538 (UTC)] info/application	[Motor] Received distance: 5.456836210310849 cm | Severity=75 | SourceName=Motor2 | EventType=application
[2026-08-15 17:00:17.538 (UTC)] warn/application	[Motor] Distance too close (5.456836210310849); rotating motor to 0 degrees | Severity=175 | SourceName=Motor2 | EventType=application
[2026-08-15 17:00:18.542 (UTC)] info/application	[Motor] Received distance: 24.173106188966475 cm | Severity=75 | SourceName=Motor2 | EventType=application
[2026-08-15 17:00:18.542 (UTC)] info/application	[Motor] Distance safe (24.173106188966475); rotating motor to 90 degrees | Severity=75 | SourceName=Motor2 | EventType=application
[2026-08-15 17:00:19.541 (UTC)] info/application	[Motor] Received distance: 9.22373450883838 cm | Severity=75 | SourceName=Motor2 | EventType=application
[2026-08-15 17:00:19.541 (UTC)] warn/application	[Motor] Distance too close (9.22373450883838); rotating motor to 0 degrees | Severity=175 | SourceName=Motor2 | EventType=application
[2026-08-15 17:00:20.543 (UTC)] info/application	[Motor] Received distance: 31.764797306510058 cm | Severity=75 | SourceName=Motor2 | EventType=application
[2026-08-15 17:00:20.543 (UTC)] info/application	[Motor] Distance safe (31.764797306510058); rotating motor to 90 degrees | Severity=75 | SourceName=Motor2 | EventType=application
[2026-08-15 17:00:21.535 (UTC)] info/application	[Motor] Received distance: 43.22253806573457 cm | Severity=75 | SourceName=Motor2 | EventType=application
[2026-08-15 17:00:21.535 (UTC)] info/application	[Motor] Distance safe (43.22253806573457); rotating motor to 90 degrees | Severity=75 | SourceName=Motor2 | EventType=application
[2026-08-15 17:00:22.542 (UTC)] info/application	[Motor] Received distance: 27.364590366075088 cm | Severity=75 | SourceName=Motor2 | EventType=application
[2026-08-15 17:00:22.542 (UTC)] info/application	[Motor] Distance safe (27.364590366075088); rotating motor to 90 degrees | Severity=75 | SourceName=Motor2 | EventType=application
[2026-08-15 17:00:23.538 (UTC)] info/application	[Motor] Received distance: 25.365447852465067 cm | Severity=75 | SourceName=Motor2 | EventType=application
[2026-08-15 17:00:23.538 (UTC)] info/application	[Motor] Distance safe (25.365447852465067); rotating motor to 90 degrees | Severity=75 | SourceName=Motor2 | EventType=application
[2026-08-15 17:00:24.542 (UTC)] info/application	[Motor] Received distance: 16.436694002913633 cm | Severity=75 | SourceName=Motor2 | EventType=application
[2026-08-15 17:00:24.542 (UTC)] warn/application	[Motor] Distance too close (16.436694002913633); rotating motor to 0 degrees | Severity=175 | SourceName=Motor2 | EventType=application
[2026-08-15 17:00:25.552 (UTC)] info/application	[Motor] Received distance: 8.755556713210211 cm | Severity=75 | SourceName=Motor2 | EventType=application
[2026-08-15 17:00:25.552 (UTC)] warn/application	[Motor] Distance too close (8.755556713210211); rotating motor to 0 degrees | Severity=175 | SourceName=Motor2 | EventType=application
[2026-08-15 17:00:26.542 (UTC)] info/application	[Motor] Received distance: 8.721888530404254 cm | Severity=75 | SourceName=Motor2 | EventType=application
[2026-08-15 17:00:26.542 (UTC)] warn/application	[Motor] Distance too close (8.721888530404254); rotating motor to 0 degrees | Severity=175 | SourceName=Motor2 | EventType=application
[2026-08-15 17:00:27.537 (UTC)] info/application	[Motor] Received distance: 26.285652767999867 cm | Severity=75 | SourceName=Motor2 | EventType=application
[2026-08-15 17:00:27.537 (UTC)] info/application	[Motor] Distance safe (26.285652767999867); rotating motor to 90 degrees | Severity=75 | SourceName=Motor2 | EventType=application
[2026-08-15 17:00:28.543 (UTC)] info/application	[Motor] Received distance: 14.197933485823652 cm | Severity=75 | SourceName=Motor2 | EventType=application
[2026-08-15 17:00:28.543 (UTC)] warn/application	[Motor] Distance too close (14.197933485823652); rotating motor to 0 degrees | Severity=175 | SourceName=Motor2 | EventType=application
[2026-08-15 17:00:29.541 (UTC)] info/application	[Motor] Received distance: 48.180219664322316 cm | Severity=75 | SourceName=Motor2 | EventType=application
[2026-08-15 17:00:29.541 (UTC)] info/application	[Motor] Distance safe (48.180219664322316); rotating motor to 90 degrees | Severity=75 | SourceName=Motor2 | EventType=application
[2026-08-15 17:00:30.543 (UTC)] info/application	[Motor] Received distance: 12.826378618751828 cm | Severity=75 | SourceName=Motor2 | EventType=application
[2026-08-15 17:00:30.543 (UTC)] warn/application	[Motor] Distance too close (12.826378618751828); rotating motor to 0 degrees | Severity=175 | SourceName=Motor2 | EventType=application
[2026-08-15 17:00:31.544 (UTC)] info/application	[Motor] Received distance: 21.851794117992647 cm | Severity=75 | SourceName=Motor2 | EventType=application
[2026-08-15 17:00:31.544 (UTC)] info/application	[Motor] Distance safe (21.851794117992647); rotating motor to 90 degrees | Severity=75 | SourceName=Motor2 | EventType=application
[2026-08-15 17:00:32.537 (UTC)] info/application	[Motor] Received distance: 7.394304054507196 cm | Severity=75 | SourceName=Motor2 | EventType=application
[2026-08-15 17:00:32.537 (UTC)] warn/application	[Motor] Distance too close (7.394304054507196); rotating motor to 0 degrees | Severity=175 | SourceName=Motor2 | EventType=application
[2026-08-15 17:00:33.542 (UTC)] info/application	[Motor] Received distance: 47.90766270361266 cm | Severity=75 | SourceName=Motor2 | EventType=application
[2026-08-15 17:00:33.542 (UTC)] info/application	[Motor] Distance safe (47.90766270361266); rotating motor to 90 degrees | Severity=75 | SourceName=Motor2 | EventType=application
[2026-08-15 17:00:34.544 (UTC)] info/application	[Motor] Received distance: 22.091046134052352 cm | Severity=75 | SourceName=Motor2 | EventType=application
[2026-08-15 17:00:34.544 (UTC)] info/application	[Motor] Distance safe (22.091046134052352); rotating motor to 90 degrees | Severity=75 | SourceName=Motor2 | EventType=application
[2026-08-15 17:00:35.542 (UTC)] info/application	[Motor] Received distance: 33.978729553510775 cm | Severity=75 | SourceName=Motor2 | EventType=application
[2026-08-15 17:00:35.542 (UTC)] info/application	[Motor] Distance safe (33.978729553510775); rotating motor to 90 degrees | Severity=75 | SourceName=Motor2 | EventType=application
[2026-08-15 17:00:36.534 (UTC)] info/application	[Motor] Received distance: 3.1935460424020636 cm | Severity=75 | SourceName=Motor2 | EventType=application
[2026-08-15 17:00:36.534 (UTC)] warn/application	[Motor] Distance too close (3.1935460424020636); rotating motor to 0 degrees | Severity=175 | SourceName=Motor2 | EventType=application
[2026-08-15 17:00:37.542 (UTC)] info/application	[Motor] Received distance: 46.35249192097806 cm | Severity=75 | SourceName=Motor2 | EventType=application
[2026-08-15 17:00:37.542 (UTC)] info/application	[Motor] Distance safe (46.35249192097806); rotating motor to 90 degrees | Severity=75 | SourceName=Motor2 | EventType=application
[2026-08-15 17:00:38.538 (UTC)] info/application	[Motor] Received distance: 17.4501606223407 cm | Severity=75 | SourceName=Motor2 | EventType=application
[2026-08-15 17:00:38.538 (UTC)] warn/application	[Motor] Distance too close (17.4501606223407); rotating motor to 0 degrees | Severity=175 | SourceName=Motor2 | EventType=application
[2026-08-15 17:00:39.542 (UTC)] info/application	[Motor] Received distance: 27.360173796005625 cm | Severity=75 | SourceName=Motor2 | EventType=application
[2026-08-15 17:00:39.542 (UTC)] info/application	[Motor] Distance safe (27.360173796005625); rotating motor to 90 degrees | Severity=75 | SourceName=Motor2 | EventType=application
[2026-08-15 17:00:40.544 (UTC)] info/application	[Motor] Received distance: 48.87065305508238 cm | Severity=75 | SourceName=Motor2 | EventType=application
[2026-08-15 17:00:40.544 (UTC)] info/application	[Motor] Distance safe (48.87065305508238); rotating motor to 90 degrees | Severity=75 | SourceName=Motor2 | EventType=application
[2026-08-15 17:00:41.536 (UTC)] info/application	[Motor] Received distance: 49.34712938188907 cm | Severity=75 | SourceName=Motor2 | EventType=application
[2026-08-15 17:00:41.536 (UTC)] info/application	[Motor] Distance safe (49.34712938188907); rotating motor to 90 degrees | Severity=75 | SourceName=Motor2 | EventType=application
[2026-08-15 17:00:42.542 (UTC)] info/application	[Motor] Received distance: 28.835888495126685 cm | Severity=75 | SourceName=Motor2 | EventType=application
[2026-08-15 17:00:42.542 (UTC)] info/application	[Motor] Distance safe (28.835888495126685); rotating motor to 90 degrees | Severity=75 | SourceName=Motor2 | EventType=application
[2026-08-15 17:00:43.539 (UTC)] info/application	[Motor] Received distance: 12.373529602947425 cm | Severity=75 | SourceName=Motor2 | EventType=application
[2026-08-15 17:00:43.539 (UTC)] warn/application	[Motor] Distance too close (12.373529602947425); rotating motor to 0 degrees | Severity=175 | SourceName=Motor2 | EventType=application
[2026-08-15 17:00:44.542 (UTC)] info/application	[Motor] Received distance: 13.257051666852576 cm | Severity=75 | SourceName=Motor2 | EventType=application
[2026-08-15 17:00:44.542 (UTC)] warn/application	[Motor] Distance too close (13.257051666852576); rotating motor to 0 degrees | Severity=175 | SourceName=Motor2 | EventType=application
[2026-08-15 17:00:45.542 (UTC)] info/application	[Motor] Received distance: 26.28503720103066 cm | Severity=75 | SourceName=Motor2 | EventType=application
[2026-08-15 17:00:45.542 (UTC)] info/application	[Motor] Distance safe (26.28503720103066); rotating motor to 90 degrees | Severity=75 | SourceName=Motor2 | EventType=application
[2026-08-15 17:00:46.534 (UTC)] info/application	[Motor] Received distance: 11.496107485842009 cm | Severity=75 | SourceName=Motor2 | EventType=application
[2026-08-15 17:00:46.534 (UTC)] warn/application	[Motor] Distance too close (11.496107485842009); rotating motor to 0 degrees | Severity=175 | SourceName=Motor2 | EventType=application
[2026-08-15 17:00:47.542 (UTC)] info/application	[Motor] Received distance: 23.732175837146197 cm | Severity=75 | SourceName=Motor2 | EventType=application
[2026-08-15 17:00:47.542 (UTC)] info/application	[Motor] Distance safe (23.732175837146197); rotating motor to 90 degrees | Severity=75 | SourceName=Motor2 | EventType=application
[2026-08-15 17:00:48.538 (UTC)] info/application	[Motor] Received distance: 29.74187343369325 cm | Severity=75 | SourceName=Motor2 | EventType=application
[2026-08-15 17:00:48.538 (UTC)] info/application	[Motor] Distance safe (29.74187343369325); rotating motor to 90 degrees | Severity=75 | SourceName=Motor2 | EventType=application
[2026-08-15 17:00:49.543 (UTC)] info/application	[Motor] Received distance: 33.66921367480849 cm | Severity=75 | SourceName=Motor2 | EventType=application
[2026-08-15 17:00:49.543 (UTC)] info/application	[Motor] Distance safe (33.66921367480849); rotating motor to 90 degrees | Severity=75 | SourceName=Motor2 | EventType=application
[2026-08-15 17:00:50.541 (UTC)] info/application	[Motor] Received distance: 30.95591034598458 cm | Severity=75 | SourceName=Motor2 | EventType=application
[2026-08-15 17:00:50.541 (UTC)] info/application	[Motor] Distance safe (30.95591034598458); rotating motor to 90 degrees | Severity=75 | SourceName=Motor2 | EventType=application
[2026-08-15 17:00:51.535 (UTC)] info/application	[Motor] Received distance: 11.50667071785157 cm | Severity=75 | SourceName=Motor2 | EventType=application
[2026-08-15 17:00:51.535 (UTC)] warn/application	[Motor] Distance too close (11.50667071785157); rotating motor to 0 degrees | Severity=175 | SourceName=Motor2 | EventType=application
[2026-08-15 17:00:52.543 (UTC)] info/application	[Motor] Received distance: 26.891751718191312 cm | Severity=75 | SourceName=Motor2 | EventType=application
[2026-08-15 17:00:52.543 (UTC)] info/application	[Motor] Distance safe (26.891751718191312); rotating motor to 90 degrees | Severity=75 | SourceName=Motor2 | EventType=application
[2026-08-15 17:00:53.538 (UTC)] info/application	[Motor] Received distance: 8.32050071205967 cm | Severity=75 | SourceName=Motor2 | EventType=application
[2026-08-15 17:00:53.538 (UTC)] warn/application	[Motor] Distance too close (8.32050071205967); rotating motor to 0 degrees | Severity=175 | SourceName=Motor2 | EventType=application
[2026-08-15 17:00:54.543 (UTC)] info/application	[Motor] Received distance: 34.87211857031664 cm | Severity=75 | SourceName=Motor2 | EventType=application
[2026-08-15 17:00:54.543 (UTC)] info/application	[Motor] Distance safe (34.87211857031664); rotating motor to 90 degrees | Severity=75 | SourceName=Motor2 | EventType=application
[2026-08-15 17:00:55.542 (UTC)] info/application	[Motor] Received distance: 41.32844574345669 cm | Severity=75 | SourceName=Motor2 | EventType=application
[2026-08-15 17:00:55.542 (UTC)] info/application	[Motor] Distance safe (41.32844574345669); rotating motor to 90 degrees | Severity=75 | SourceName=Motor2 | EventType=application
[2026-08-15 17:00:56.535 (UTC)] info/application	[Motor] Received distance: 15.076057425269884 cm | Severity=75 | SourceName=Motor2 | EventType=application
[2026-08-15 17:00:56.535 (UTC)] warn/application	[Motor] Distance too close (15.076057425269884); rotating motor to 0 degrees | Severity=175 | SourceName=Motor2 | EventType=application
[2026-08-15 17:00:57.542 (UTC)] info/application	[Motor] Received distance: 41.594007123072636 cm | Severity=75 | SourceName=Motor2 | EventType=application
[2026-08-15 17:00:57.542 (UTC)] info/application	[Motor] Distance safe (41.594007123072636); rotating motor to 90 degrees | Severity=75 | SourceName=Motor2 | EventType=application
[2026-08-15 17:00:58.541 (UTC)] info/application	[Motor] Received distance: 17.614098489104816 cm | Severity=75 | SourceName=Motor2 | EventType=application
[2026-08-15 17:00:58.541 (UTC)] warn/application	[Motor] Distance too close (17.614098489104816); rotating motor to 0 degrees | Severity=175 | SourceName=Motor2 | EventType=application
[2026-08-15 17:00:59.534 (UTC)] info/application	[Motor] Received distance: 27.273990933445276 cm | Severity=75 | SourceName=Motor2 | EventType=application
[2026-08-15 17:00:59.534 (UTC)] info/application	[Motor] Distance safe (27.273990933445276); rotating motor to 90 degrees | Severity=75 | SourceName=Motor2 | EventType=application
[2026-08-15 17:01:00.543 (UTC)] info/application	[Motor] Received distance: 39.7742267650432 cm | Severity=75 | SourceName=Motor2 | EventType=application
[2026-08-15 17:01:00.543 (UTC)] info/application	[Motor] Distance safe (39.7742267650432); rotating motor to 90 degrees | Severity=75 | SourceName=Motor2 | EventType=application
[2026-08-15 17:01:01.539 (UTC)] info/application	[Motor] Received distance: 28.440477107856644 cm | Severity=75 | SourceName=Motor2 | EventType=application
[2026-08-15 17:01:01.539 (UTC)] info/application	[Motor] Distance safe (28.440477107856644); rotating motor to 90 degrees | Severity=75 | SourceName=Motor2 | EventType=application
[2026-08-15 17:01:02.543 (UTC)] info/application	[Motor] Received distance: 47.12578505143792 cm | Severity=75 | SourceName=Motor2 | EventType=application
[2026-08-15 17:01:02.543 (UTC)] info/application	[Motor] Distance safe (47.12578505143792); rotating motor to 90 degrees | Severity=75 | SourceName=Motor2 | EventType=application
[2026-08-15 17:01:03.535 (UTC)] info/application	[Motor] Received distance: 45.1685308195504 cm | Severity=75 | SourceName=Motor2 | EventType=application
[2026-08-15 17:01:03.535 (UTC)] info/application	[Motor] Distance safe (45.1685308195504); rotating motor to 90 degrees | Severity=75 | SourceName=Motor2 | EventType=application
[2026-08-15 17:01:04.542 (UTC)] info/application	[Motor] Received distance: 26.348139789117564 cm | Severity=75 | SourceName=Motor2 | EventType=application
[2026-08-15 17:01:04.542 (UTC)] info/application	[Motor] Distance safe (26.348139789117564); rotating motor to 90 degrees | Severity=75 | SourceName=Motor2 | EventType=application
[2026-08-15 17:01:05.537 (UTC)] info/application	[Motor] Received distance: 19.216831163138536 cm | Severity=75 | SourceName=Motor2 | EventType=application
[2026-08-15 17:01:05.537 (UTC)] warn/application	[Motor] Distance too close (19.216831163138536); rotating motor to 0 degrees | Severity=175 | SourceName=Motor2 | EventType=application
[2026-08-15 17:01:06.542 (UTC)] info/application	[Motor] Received distance: 29.147260373061176 cm | Severity=75 | SourceName=Motor2 | EventType=application
[2026-08-15 17:01:06.542 (UTC)] info/application	[Motor] Distance safe (29.147260373061176); rotating motor to 90 degrees | Severity=75 | SourceName=Motor2 | EventType=application
[2026-08-15 17:01:07.541 (UTC)] info/application	[Motor] Received distance: 27.541685831519626 cm | Severity=75 | SourceName=Motor2 | EventType=application
[2026-08-15 17:01:07.541 (UTC)] info/application	[Motor] Distance safe (27.541685831519626); rotating motor to 90 degrees | Severity=75 | SourceName=Motor2 | EventType=application
[2026-08-15 17:01:08.534 (UTC)] info/application	[Motor] Received distance: 15.569323061764855 cm | Severity=75 | SourceName=Motor2 | EventType=application
[2026-08-15 17:01:08.534 (UTC)] warn/application	[Motor] Distance too close (15.569323061764855); rotating motor to 0 degrees | Severity=175 | SourceName=Motor2 | EventType=application
[2026-08-15 17:01:09.542 (UTC)] info/application	[Motor] Received distance: 44.597420995401876 cm | Severity=75 | SourceName=Motor2 | EventType=application
[2026-08-15 17:01:09.542 (UTC)] info/application	[Motor] Distance safe (44.597420995401876); rotating motor to 90 degrees | Severity=75 | SourceName=Motor2 | EventType=application
[2026-08-15 17:01:10.538 (UTC)] info/application	[Motor] Received distance: 4.901859627525257 cm | Severity=75 | SourceName=Motor2 | EventType=application
[2026-08-15 17:01:10.538 (UTC)] warn/application	[Motor] Distance too close (4.901859627525257); rotating motor to 0 degrees | Severity=175 | SourceName=Motor2 | EventType=application
[2026-08-15 17:01:11.543 (UTC)] info/application	[Motor] Received distance: 14.439976094495494 cm | Severity=75 | SourceName=Motor2 | EventType=application
[2026-08-15 17:01:11.543 (UTC)] warn/application	[Motor] Distance too close (14.439976094495494); rotating motor to 0 degrees | Severity=175 | SourceName=Motor2 | EventType=application
[2026-08-15 17:01:12.534 (UTC)] info/application	[Motor] Received distance: 43.94455035493921 cm | Severity=75 | SourceName=Motor2 | EventType=application
[2026-08-15 17:01:12.534 (UTC)] info/application	[Motor] Distance safe (43.94455035493921); rotating motor to 90 degrees | Severity=75 | SourceName=Motor2 | EventType=application
[2026-08-15 17:01:13.542 (UTC)] info/application	[Motor] Received distance: 31.737748122651944 cm | Severity=75 | SourceName=Motor2 | EventType=application
[2026-08-15 17:01:13.542 (UTC)] info/application	[Motor] Distance safe (31.737748122651944); rotating motor to 90 degrees | Severity=75 | SourceName=Motor2 | EventType=application
[2026-08-15 17:01:14.537 (UTC)] info/application	[Motor] Received distance: 24.813505697442917 cm | Severity=75 | SourceName=Motor2 | EventType=application
[2026-08-15 17:01:14.537 (UTC)] info/application	[Motor] Distance safe (24.813505697442917); rotating motor to 90 degrees | Severity=75 | SourceName=Motor2 | EventType=application
[2026-08-15 17:01:15.542 (UTC)] info/application	[Motor] Received distance: 7.201601999440045 cm | Severity=75 | SourceName=Motor2 | EventType=application
[2026-08-15 17:01:15.542 (UTC)] warn/application	[Motor] Distance too close (7.201601999440045); rotating motor to 0 degrees | Severity=175 | SourceName=Motor2 | EventType=application
[2026-08-15 17:01:16.543 (UTC)] info/application	[Motor] Received distance: 8.022785301330865 cm | Severity=75 | SourceName=Motor2 | EventType=application
[2026-08-15 17:01:16.543 (UTC)] warn/application	[Motor] Distance too close (8.022785301330865); rotating motor to 0 degrees | Severity=175 | SourceName=Motor2 | EventType=application
[2026-08-15 17:01:17.534 (UTC)] info/application	[Motor] Received distance: 34.30961318328493 cm | Severity=75 | SourceName=Motor2 | EventType=application
[2026-08-15 17:01:17.534 (UTC)] info/application	[Motor] Distance safe (34.30961318328493); rotating motor to 90 degrees | Severity=75 | SourceName=Motor2 | EventType=application
[2026-08-15 17:01:18.543 (UTC)] info/application	[Motor] Received distance: 28.933777836586245 cm | Severity=75 | SourceName=Motor2 | EventType=application
[2026-08-15 17:01:18.543 (UTC)] info/application	[Motor] Distance safe (28.933777836586245); rotating motor to 90 degrees | Severity=75 | SourceName=Motor2 | EventType=application
[2026-08-15 17:01:19.538 (UTC)] info/application	[Motor] Received distance: 35.76465873502411 cm | Severity=75 | SourceName=Motor2 | EventType=application
[2026-08-15 17:01:19.538 (UTC)] info/application	[Motor] Distance safe (35.76465873502411); rotating motor to 90 degrees | Severity=75 | SourceName=Motor2 | EventType=application
[2026-08-15 17:01:20.542 (UTC)] info/application	[Motor] Received distance: 17.97882683574167 cm | Severity=75 | SourceName=Motor2 | EventType=application
[2026-08-15 17:01:20.542 (UTC)] warn/application	[Motor] Distance too close (17.97882683574167); rotating motor to 0 degrees | Severity=175 | SourceName=Motor2 | EventType=application
[2026-08-15 17:01:21.542 (UTC)] info/application	[Motor] Received distance: 9.889688182570826 cm | Severity=75 | SourceName=Motor2 | EventType=application
[2026-08-15 17:01:21.542 (UTC)] warn/application	[Motor] Distance too close (9.889688182570826); rotating motor to 0 degrees | Severity=175 | SourceName=Motor2 | EventType=application
[2026-08-15 17:01:22.534 (UTC)] info/application	[Motor] Received distance: 45.27132945287569 cm | Severity=75 | SourceName=Motor2 | EventType=application
[2026-08-15 17:01:22.534 (UTC)] info/application	[Motor] Distance safe (45.27132945287569); rotating motor to 90 degrees | Severity=75 | SourceName=Motor2 | EventType=application
[2026-08-15 17:01:23.543 (UTC)] info/application	[Motor] Received distance: 42.87057857628473 cm | Severity=75 | SourceName=Motor2 | EventType=application
[2026-08-15 17:01:23.543 (UTC)] info/application	[Motor] Distance safe (42.87057857628473); rotating motor to 90 degrees | Severity=75 | SourceName=Motor2 | EventType=application
[2026-08-15 17:01:24.537 (UTC)] info/application	[Motor] Received distance: 16.210188894630498 cm | Severity=75 | SourceName=Motor2 | EventType=application
[2026-08-15 17:01:24.537 (UTC)] warn/application	[Motor] Distance too close (16.210188894630498); rotating motor to 0 degrees | Severity=175 | SourceName=Motor2 | EventType=application
[2026-08-15 17:01:25.542 (UTC)] info/application	[Motor] Received distance: 30.143448023192327 cm | Severity=75 | SourceName=Motor2 | EventType=application
[2026-08-15 17:01:25.542 (UTC)] info/application	[Motor] Distance safe (30.143448023192327); rotating motor to 90 degrees | Severity=75 | SourceName=Motor2 | EventType=application
[2026-08-15 17:01:26.541 (UTC)] info/application	[Motor] Received distance: 34.19902429738968 cm | Severity=75 | SourceName=Motor2 | EventType=application
[2026-08-15 17:01:26.541 (UTC)] info/application	[Motor] Distance safe (34.19902429738968); rotating motor to 90 degrees | Severity=75 | SourceName=Motor2 | EventType=application
[2026-08-15 17:01:27.543 (UTC)] info/application	[Motor] Received distance: 29.28624631990038 cm | Severity=75 | SourceName=Motor2 | EventType=application
[2026-08-15 17:01:27.543 (UTC)] info/application	[Motor] Distance safe (29.28624631990038); rotating motor to 90 degrees | Severity=75 | SourceName=Motor2 | EventType=application
[2026-08-15 17:01:28.536 (UTC)] info/application	[Motor] Received distance: 21.737455123913218 cm | Severity=75 | SourceName=Motor2 | EventType=application
[2026-08-15 17:01:28.536 (UTC)] info/application	[Motor] Distance safe (21.737455123913218); rotating motor to 90 degrees | Severity=75 | SourceName=Motor2 | EventType=application
[2026-08-15 17:01:29.543 (UTC)] info/application	[Motor] Received distance: 49.81312278649449 cm | Severity=75 | SourceName=Motor2 | EventType=application
[2026-08-15 17:01:29.543 (UTC)] info/application	[Motor] Distance safe (49.81312278649449); rotating motor to 90 degrees | Severity=75 | SourceName=Motor2 | EventType=application
[2026-08-15 17:01:30.539 (UTC)] info/application	[Motor] Received distance: 6.560237230993917 cm | Severity=75 | SourceName=Motor2 | EventType=application
[2026-08-15 17:01:30.539 (UTC)] warn/application	[Motor] Distance too close (6.560237230993917); rotating motor to 0 degrees | Severity=175 | SourceName=Motor2 | EventType=application
[2026-08-15 17:01:31.542 (UTC)] info/application	[Motor] Received distance: 11.511681866604686 cm | Severity=75 | SourceName=Motor2 | EventType=application
[2026-08-15 17:01:31.542 (UTC)] warn/application	[Motor] Distance too close (11.511681866604686); rotating motor to 0 degrees | Severity=175 | SourceName=Motor2 | EventType=application
[2026-08-15 17:01:32.552 (UTC)] info/application	[Motor] Received distance: 28.253599871999395 cm | Severity=75 | SourceName=Motor2 | EventType=application
[2026-08-15 17:01:32.552 (UTC)] info/application	[Motor] Distance safe (28.253599871999395); rotating motor to 90 degrees | Severity=75 | SourceName=Motor2 | EventType=application
[2026-08-15 17:01:33.542 (UTC)] info/application	[Motor] Received distance: 3.686022260080102 cm | Severity=75 | SourceName=Motor2 | EventType=application
[2026-08-15 17:01:33.542 (UTC)] warn/application	[Motor] Distance too close (3.686022260080102); rotating motor to 0 degrees | Severity=175 | SourceName=Motor2 | EventType=application
[2026-08-15 17:01:34.537 (UTC)] info/application	[Motor] Received distance: 6.680212663803348 cm | Severity=75 | SourceName=Motor2 | EventType=application
[2026-08-15 17:01:34.537 (UTC)] warn/application	[Motor] Distance too close (6.680212663803348); rotating motor to 0 degrees | Severity=175 | SourceName=Motor2 | EventType=application
[2026-08-15 17:01:35.542 (UTC)] info/application	[Motor] Received distance: 4.6017396387652205 cm | Severity=75 | SourceName=Motor2 | EventType=application
[2026-08-15 17:01:35.542 (UTC)] warn/application	[Motor] Distance too close (4.6017396387652205); rotating motor to 0 degrees | Severity=175 | SourceName=Motor2 | EventType=application
[2026-08-15 17:01:36.544 (UTC)] info/application	[Motor] Received distance: 20.90285342321864 cm | Severity=75 | SourceName=Motor2 | EventType=application
[2026-08-15 17:01:36.544 (UTC)] info/application	[Motor] Distance safe (20.90285342321864); rotating motor to 90 degrees | Severity=75 | SourceName=Motor2 | EventType=application
[2026-08-15 17:01:37.541 (UTC)] info/application	[Motor] Received distance: 33.827473036864525 cm | Severity=75 | SourceName=Motor2 | EventType=application
[2026-08-15 17:01:37.541 (UTC)] info/application	[Motor] Distance safe (33.827473036864525); rotating motor to 90 degrees | Severity=75 | SourceName=Motor2 | EventType=application
[2026-08-15 17:01:38.533 (UTC)] info/application	[Motor] Received distance: 30.14342549263659 cm | Severity=75 | SourceName=Motor2 | EventType=application
[2026-08-15 17:01:38.533 (UTC)] info/application	[Motor] Distance safe (30.14342549263659); rotating motor to 90 degrees | Severity=75 | SourceName=Motor2 | EventType=application
[2026-08-15 17:01:39.543 (UTC)] info/application	[Motor] Received distance: 34.47217648498349 cm | Severity=75 | SourceName=Motor2 | EventType=application
[2026-08-15 17:01:39.543 (UTC)] info/application	[Motor] Distance safe (34.47217648498349); rotating motor to 90 degrees | Severity=75 | SourceName=Motor2 | EventType=application
[2026-08-15 17:01:40.537 (UTC)] info/application	[Motor] Received distance: 28.424894009914663 cm | Severity=75 | SourceName=Motor2 | EventType=application
[2026-08-15 17:01:40.537 (UTC)] info/application	[Motor] Distance safe (28.424894009914663); rotating motor to 90 degrees | Severity=75 | SourceName=Motor2 | EventType=application
[2026-08-15 17:01:41.543 (UTC)] info/application	[Motor] Received distance: 33.04528512016185 cm | Severity=75 | SourceName=Motor2 | EventType=application
[2026-08-15 17:01:41.543 (UTC)] info/application	[Motor] Distance safe (33.04528512016185); rotating motor to 90 degrees | Severity=75 | SourceName=Motor2 | EventType=application
[2026-08-15 17:01:42.541 (UTC)] info/application	[Motor] Received distance: 46.912152579478985 cm | Severity=75 | SourceName=Motor2 | EventType=application
[2026-08-15 17:01:42.541 (UTC)] info/application	[Motor] Distance safe (46.912152579478985); rotating motor to 90 degrees | Severity=75 | SourceName=Motor2 | EventType=application
[2026-08-15 17:01:43.533 (UTC)] info/application	[Motor] Received distance: 22.36944434250213 cm | Severity=75 | SourceName=Motor2 | EventType=application
[2026-08-15 17:01:43.533 (UTC)] info/application	[Motor] Distance safe (22.36944434250213); rotating motor to 90 degrees | Severity=75 | SourceName=Motor2 | EventType=application
[2026-08-15 17:01:44.542 (UTC)] info/application	[Motor] Received distance: 14.78303322046205 cm | Severity=75 | SourceName=Motor2 | EventType=application
[2026-08-15 17:01:44.542 (UTC)] warn/application	[Motor] Distance too close (14.78303322046205); rotating motor to 0 degrees | Severity=175 | SourceName=Motor2 | EventType=application
[2026-08-15 17:01:45.537 (UTC)] info/application	[Motor] Received distance: 21.725658254570167 cm | Severity=75 | SourceName=Motor2 | EventType=application
[2026-08-15 17:01:45.537 (UTC)] info/application	[Motor] Distance safe (21.725658254570167); rotating motor to 90 degrees | Severity=75 | SourceName=Motor2 | EventType=application
[2026-08-15 17:01:46.543 (UTC)] info/application	[Motor] Received distance: 27.57104636429392 cm | Severity=75 | SourceName=Motor2 | EventType=application
[2026-08-15 17:01:46.543 (UTC)] info/application	[Motor] Distance safe (27.57104636429392); rotating motor to 90 degrees | Severity=75 | SourceName=Motor2 | EventType=application
[2026-08-15 17:01:47.542 (UTC)] info/application	[Motor] Received distance: 20.805818521792915 cm | Severity=75 | SourceName=Motor2 | EventType=application
[2026-08-15 17:01:47.542 (UTC)] info/application	[Motor] Distance safe (20.805818521792915); rotating motor to 90 degrees | Severity=75 | SourceName=Motor2 | EventType=application
[2026-08-15 17:01:48.534 (UTC)] info/application	[Motor] Received distance: 6.035271415503356 cm | Severity=75 | SourceName=Motor2 | EventType=application
[2026-08-15 17:01:48.534 (UTC)] warn/application	[Motor] Distance too close (6.035271415503356); rotating motor to 0 degrees | Severity=175 | SourceName=Motor2 | EventType=application
[2026-08-15 17:01:49.543 (UTC)] info/application	[Motor] Received distance: 6.504824178528424 cm | Severity=75 | SourceName=Motor2 | EventType=application
[2026-08-15 17:01:49.543 (UTC)] warn/application	[Motor] Distance too close (6.504824178528424); rotating motor to 0 degrees | Severity=175 | SourceName=Motor2 | EventType=application
[2026-08-15 17:01:50.538 (UTC)] info/application	[Motor] Received distance: 6.570477256817034 cm | Severity=75 | SourceName=Motor2 | EventType=application
[2026-08-15 17:01:50.538 (UTC)] warn/application	[Motor] Distance too close (6.570477256817034); rotating motor to 0 degrees | Severity=175 | SourceName=Motor2 | EventType=application
[2026-08-15 17:01:51.543 (UTC)] info/application	[Motor] Received distance: 22.014098273596773 cm | Severity=75 | SourceName=Motor2 | EventType=application
[2026-08-15 17:01:51.543 (UTC)] info/application	[Motor] Distance safe (22.014098273596773); rotating motor to 90 degrees | Severity=75 | SourceName=Motor2 | EventType=application
[2026-08-15 17:01:52.542 (UTC)] info/application	[Motor] Received distance: 14.39451236109925 cm | Severity=75 | SourceName=Motor2 | EventType=application
[2026-08-15 17:01:52.542 (UTC)] warn/application	[Motor] Distance too close (14.39451236109925); rotating motor to 0 degrees | Severity=175 | SourceName=Motor2 | EventType=application
[2026-08-15 17:01:53.534 (UTC)] info/application	[Motor] Received distance: 49.84180670969272 cm | Severity=75 | SourceName=Motor2 | EventType=application
[2026-08-15 17:01:53.534 (UTC)] info/application	[Motor] Distance safe (49.84180670969272); rotating motor to 90 degrees | Severity=75 | SourceName=Motor2 | EventType=application
[2026-08-15 17:01:54.543 (UTC)] info/application	[Motor] Received distance: 14.88467682752976 cm | Severity=75 | SourceName=Motor2 | EventType=application
[2026-08-15 17:01:54.543 (UTC)] warn/application	[Motor] Distance too close (14.88467682752976); rotating motor to 0 degrees | Severity=175 | SourceName=Motor2 | EventType=application
[2026-08-15 17:01:55.539 (UTC)] info/application	[Motor] Received distance: 28.604701255729747 cm | Severity=75 | SourceName=Motor2 | EventType=application
[2026-08-15 17:01:55.539 (UTC)] info/application	[Motor] Distance safe (28.604701255729747); rotating motor to 90 degrees | Severity=75 | SourceName=Motor2 | EventType=application
[2026-08-15 17:01:56.543 (UTC)] info/application	[Motor] Received distance: 29.985254710533308 cm | Severity=75 | SourceName=Motor2 | EventType=application
[2026-08-15 17:01:56.543 (UTC)] info/application	[Motor] Distance safe (29.985254710533308); rotating motor to 90 degrees | Severity=75 | SourceName=Motor2 | EventType=application
[2026-08-15 17:01:57.553 (UTC)] info/application	[Motor] Received distance: 47.083701124919436 cm | Severity=75 | SourceName=Motor2 | EventType=application
[2026-08-15 17:01:57.553 (UTC)] info/application	[Motor] Distance safe (47.083701124919436); rotating motor to 90 degrees | Severity=75 | SourceName=Motor2 | EventType=application
[2026-08-15 17:01:58.542 (UTC)] info/application	[Motor] Received distance: 7.89094757563013 cm | Severity=75 | SourceName=Motor2 | EventType=application
[2026-08-15 17:01:58.542 (UTC)] warn/application	[Motor] Distance too close (7.89094757563013); rotating motor to 0 degrees | Severity=175 | SourceName=Motor2 | EventType=application
[2026-08-15 17:01:59.538 (UTC)] info/application	[Motor] Received distance: 49.722709834446526 cm | Severity=75 | SourceName=Motor2 | EventType=application
[2026-08-15 17:01:59.538 (UTC)] info/application	[Motor] Distance safe (49.722709834446526); rotating motor to 90 degrees | Severity=75 | SourceName=Motor2 | EventType=application
[2026-08-15 17:02:00.543 (UTC)] info/application	[Motor] Received distance: 46.89682388906219 cm | Severity=75 | SourceName=Motor2 | EventType=application
[2026-08-15 17:02:00.543 (UTC)] info/application	[Motor] Distance safe (46.89682388906219); rotating motor to 90 degrees | Severity=75 | SourceName=Motor2 | EventType=application
[2026-08-15 17:02:01.534 (UTC)] info/application	[Motor] Received distance: 12.451184806624047 cm | Severity=75 | SourceName=Motor2 | EventType=application
[2026-08-15 17:02:01.534 (UTC)] warn/application	[Motor] Distance too close (12.451184806624047); rotating motor to 0 degrees | Severity=175 | SourceName=Motor2 | EventType=application
[2026-08-15 17:02:02.542 (UTC)] info/application	[Motor] Received distance: 11.234391678699474 cm | Severity=75 | SourceName=Motor2 | EventType=application
[2026-08-15 17:02:02.542 (UTC)] warn/application	[Motor] Distance too close (11.234391678699474); rotating motor to 0 degrees | Severity=175 | SourceName=Motor2 | EventType=application
[2026-08-15 17:02:03.538 (UTC)] info/application	[Motor] Received distance: 25.150423738709847 cm | Severity=75 | SourceName=Motor2 | EventType=application
[2026-08-15 17:02:03.538 (UTC)] info/application	[Motor] Distance safe (25.150423738709847); rotating motor to 90 degrees | Severity=75 | SourceName=Motor2 | EventType=application
[2026-08-15 17:02:04.543 (UTC)] info/application	[Motor] Received distance: 14.137207089055892 cm | Severity=75 | SourceName=Motor2 | EventType=application
[2026-08-15 17:02:04.543 (UTC)] warn/application	[Motor] Distance too close (14.137207089055892); rotating motor to 0 degrees | Severity=175 | SourceName=Motor2 | EventType=application
[2026-08-15 17:02:05.542 (UTC)] info/application	[Motor] Received distance: 15.914604364854565 cm | Severity=75 | SourceName=Motor2 | EventType=application
[2026-08-15 17:02:05.542 (UTC)] warn/application	[Motor] Distance too close (15.914604364854565); rotating motor to 0 degrees | Severity=175 | SourceName=Motor2 | EventType=application
[2026-08-15 17:02:06.534 (UTC)] info/application	[Motor] Received distance: 27.752163377475068 cm | Severity=75 | SourceName=Motor2 | EventType=application
[2026-08-15 17:02:06.534 (UTC)] info/application	[Motor] Distance safe (27.752163377475068); rotating motor to 90 degrees | Severity=75 | SourceName=Motor2 | EventType=application
[2026-08-15 17:02:07.543 (UTC)] info/application	[Motor] Received distance: 33.04006051227453 cm | Severity=75 | SourceName=Motor2 | EventType=application
[2026-08-15 17:02:07.543 (UTC)] info/application	[Motor] Distance safe (33.04006051227453); rotating motor to 90 degrees | Severity=75 | SourceName=Motor2 | EventType=application
[2026-08-15 17:02:08.538 (UTC)] info/application	[Motor] Received distance: 47.74207740171909 cm | Severity=75 | SourceName=Motor2 | EventType=application
[2026-08-15 17:02:08.538 (UTC)] info/application	[Motor] Distance safe (47.74207740171909); rotating motor to 90 degrees | Severity=75 | SourceName=Motor2 | EventType=application
[2026-08-15 17:02:09.543 (UTC)] info/application	[Motor] Received distance: 7.895588847759919 cm | Severity=75 | SourceName=Motor2 | EventType=application
[2026-08-15 17:02:09.543 (UTC)] warn/application	[Motor] Distance too close (7.895588847759919); rotating motor to 0 degrees | Severity=175 | SourceName=Motor2 | EventType=application
[2026-08-15 17:02:10.542 (UTC)] info/application	[Motor] Received distance: 17.51223699725803 cm | Severity=75 | SourceName=Motor2 | EventType=application
[2026-08-15 17:02:10.542 (UTC)] warn/application	[Motor] Distance too close (17.51223699725803); rotating motor to 0 degrees | Severity=175 | SourceName=Motor2 | EventType=application
[2026-08-15 17:02:11.544 (UTC)] info/application	[Motor] Received distance: 26.166971411633757 cm | Severity=75 | SourceName=Motor2 | EventType=application
[2026-08-15 17:02:11.544 (UTC)] info/application	[Motor] Distance safe (26.166971411633757); rotating motor to 90 degrees | Severity=75 | SourceName=Motor2 | EventType=application
[2026-08-15 17:02:12.536 (UTC)] info/application	[Motor] Received distance: 38.94087396792177 cm | Severity=75 | SourceName=Motor2 | EventType=application
[2026-08-15 17:02:12.536 (UTC)] info/application	[Motor] Distance safe (38.94087396792177); rotating motor to 90 degrees | Severity=75 | SourceName=Motor2 | EventType=application
[2026-08-15 17:02:13.543 (UTC)] info/application	[Motor] Received distance: 14.424389554385277 cm | Severity=75 | SourceName=Motor2 | EventType=application
[2026-08-15 17:02:13.543 (UTC)] warn/application	[Motor] Distance too close (14.424389554385277); rotating motor to 0 degrees | Severity=175 | SourceName=Motor2 | EventType=application
[2026-08-15 17:02:14.541 (UTC)] info/application	[Motor] Received distance: 46.53641575413589 cm | Severity=75 | SourceName=Motor2 | EventType=application
[2026-08-15 17:02:14.541 (UTC)] info/application	[Motor] Distance safe (46.53641575413589); rotating motor to 90 degrees | Severity=75 | SourceName=Motor2 | EventType=application
[2026-08-15 17:02:15.533 (UTC)] info/application	[Motor] Received distance: 3.7239071660320775 cm | Severity=75 | SourceName=Motor2 | EventType=application
[2026-08-15 17:02:15.533 (UTC)] warn/application	[Motor] Distance too close (3.7239071660320775); rotating motor to 0 degrees | Severity=175 | SourceName=Motor2 | EventType=application
[2026-08-15 17:02:16.543 (UTC)] info/application	[Motor] Received distance: 34.150047831307184 cm | Severity=75 | SourceName=Motor2 | EventType=application
[2026-08-15 17:02:16.543 (UTC)] info/application	[Motor] Distance safe (34.150047831307184); rotating motor to 90 degrees | Severity=75 | SourceName=Motor2 | EventType=application
[2026-08-15 17:02:17.537 (UTC)] info/application	[Motor] Received distance: 24.10746209607807 cm | Severity=75 | SourceName=Motor2 | EventType=application
[2026-08-15 17:02:17.537 (UTC)] info/application	[Motor] Distance safe (24.10746209607807); rotating motor to 90 degrees | Severity=75 | SourceName=Motor2 | EventType=application
[2026-08-15 17:02:18.543 (UTC)] info/application	[Motor] Received distance: 22.529725710176734 cm | Severity=75 | SourceName=Motor2 | EventType=application
[2026-08-15 17:02:18.543 (UTC)] info/application	[Motor] Distance safe (22.529725710176734); rotating motor to 90 degrees | Severity=75 | SourceName=Motor2 | EventType=application
[2026-08-15 17:02:19.541 (UTC)] info/application	[Motor] Received distance: 38.18531924681054 cm | Severity=75 | SourceName=Motor2 | EventType=application
[2026-08-15 17:02:19.541 (UTC)] info/application	[Motor] Distance safe (38.18531924681054); rotating motor to 90 degrees | Severity=75 | SourceName=Motor2 | EventType=application
[2026-08-15 17:02:20.543 (UTC)] info/application	[Motor] Received distance: 28.612286296958235 cm | Severity=75 | SourceName=Motor2 | EventType=application
[2026-08-15 17:02:20.543 (UTC)] info/application	[Motor] Distance safe (28.612286296958235); rotating motor to 90 degrees | Severity=75 | SourceName=Motor2 | EventType=application
[2026-08-15 17:02:21.535 (UTC)] info/application	[Motor] Received distance: 27.100202966993766 cm | Severity=75 | SourceName=Motor2 | EventType=application
[2026-08-15 17:02:21.535 (UTC)] info/application	[Motor] Distance safe (27.100202966993766); rotating motor to 90 degrees | Severity=75 | SourceName=Motor2 | EventType=application
[2026-08-15 17:02:22.542 (UTC)] info/application	[Motor] Received distance: 10.199417498055574 cm | Severity=75 | SourceName=Motor2 | EventType=application
[2026-08-15 17:02:22.542 (UTC)] warn/application	[Motor] Distance too close (10.199417498055574); rotating motor to 0 degrees | Severity=175 | SourceName=Motor2 | EventType=application
[2026-08-15 17:02:23.539 (UTC)] info/application	[Motor] Received distance: 41.006798658057484 cm | Severity=75 | SourceName=Motor2 | EventType=application
[2026-08-15 17:02:23.539 (UTC)] info/application	[Motor] Distance safe (41.006798658057484); rotating motor to 90 degrees | Severity=75 | SourceName=Motor2 | EventType=application
[2026-08-15 17:02:24.543 (UTC)] info/application	[Motor] Received distance: 26.94200965433475 cm | Severity=75 | SourceName=Motor2 | EventType=application
[2026-08-15 17:02:24.543 (UTC)] info/application	[Motor] Distance safe (26.94200965433475); rotating motor to 90 degrees | Severity=75 | SourceName=Motor2 | EventType=application
[2026-08-15 17:02:25.543 (UTC)] info/application	[Motor] Received distance: 23.084094325585333 cm | Severity=75 | SourceName=Motor2 | EventType=application
[2026-08-15 17:02:25.543 (UTC)] info/application	[Motor] Distance safe (23.084094325585333); rotating motor to 90 degrees | Severity=75 | SourceName=Motor2 | EventType=application
[2026-08-15 17:02:26.535 (UTC)] info/application	[Motor] Received distance: 19.611499913787235 cm | Severity=75 | SourceName=Motor2 | EventType=application
[2026-08-15 17:02:26.535 (UTC)] warn/application	[Motor] Distance too close (19.611499913787235); rotating motor to 0 degrees | Severity=175 | SourceName=Motor2 | EventType=application
[2026-08-15 17:02:27.542 (UTC)] info/application	[Motor] Received distance: 6.927264364868059 cm | Severity=75 | SourceName=Motor2 | EventType=application
[2026-08-15 17:02:27.542 (UTC)] warn/application	[Motor] Distance too close (6.927264364868059); rotating motor to 0 degrees | Severity=175 | SourceName=Motor2 | EventType=application
[2026-08-15 17:02:28.538 (UTC)] info/application	[Motor] Received distance: 20.16779542815303 cm | Severity=75 | SourceName=Motor2 | EventType=application
[2026-08-15 17:02:28.538 (UTC)] info/application	[Motor] Distance safe (20.16779542815303); rotating motor to 90 degrees | Severity=75 | SourceName=Motor2 | EventType=application
[2026-08-15 17:02:29.543 (UTC)] info/application	[Motor] Received distance: 25.502447489417364 cm | Severity=75 | SourceName=Motor2 | EventType=application
[2026-08-15 17:02:29.543 (UTC)] info/application	[Motor] Distance safe (25.502447489417364); rotating motor to 90 degrees | Severity=75 | SourceName=Motor2 | EventType=application
[2026-08-15 17:02:30.542 (UTC)] info/application	[Motor] Received distance: 6.649974176962847 cm | Severity=75 | SourceName=Motor2 | EventType=application
[2026-08-15 17:02:30.542 (UTC)] warn/application	[Motor] Distance too close (6.649974176962847); rotating motor to 0 degrees | Severity=175 | SourceName=Motor2 | EventType=application
[2026-08-15 17:02:31.533 (UTC)] info/application	[Motor] Received distance: 17.064619294863483 cm | Severity=75 | SourceName=Motor2 | EventType=application
[2026-08-15 17:02:31.533 (UTC)] warn/application	[Motor] Distance too close (17.064619294863483); rotating motor to 0 degrees | Severity=175 | SourceName=Motor2 | EventType=application
[2026-08-15 17:02:32.543 (UTC)] info/application	[Motor] Received distance: 35.95363229604141 cm | Severity=75 | SourceName=Motor2 | EventType=application
[2026-08-15 17:02:32.543 (UTC)] info/application	[Motor] Distance safe (35.95363229604141); rotating motor to 90 degrees | Severity=75 | SourceName=Motor2 | EventType=application
[2026-08-15 17:02:33.537 (UTC)] info/application	[Motor] Received distance: 15.884365878014064 cm | Severity=75 | SourceName=Motor2 | EventType=application
[2026-08-15 17:02:33.537 (UTC)] warn/application	[Motor] Distance too close (15.884365878014064); rotating motor to 0 degrees | Severity=175 | SourceName=Motor2 | EventType=application
[2026-08-15 17:02:34.543 (UTC)] info/application	[Motor] Received distance: 40.21504303357333 cm | Severity=75 | SourceName=Motor2 | EventType=application
[2026-08-15 17:02:34.543 (UTC)] info/application	[Motor] Distance safe (40.21504303357333); rotating motor to 90 degrees | Severity=75 | SourceName=Motor2 | EventType=application
[2026-08-15 17:02:35.541 (UTC)] info/application	[Motor] Received distance: 48.090839385097304 cm | Severity=75 | SourceName=Motor2 | EventType=application
[2026-08-15 17:02:35.541 (UTC)] info/application	[Motor] Distance safe (48.090839385097304); rotating motor to 90 degrees | Severity=75 | SourceName=Motor2 | EventType=application
[2026-08-15 17:02:36.543 (UTC)] info/application	[Motor] Received distance: 29.798970242868627 cm | Severity=75 | SourceName=Motor2 | EventType=application
[2026-08-15 17:02:36.543 (UTC)] info/application	[Motor] Distance safe (29.798970242868627); rotating motor to 90 degrees | Severity=75 | SourceName=Motor2 | EventType=application
[2026-08-15 17:02:37.533 (UTC)] info/application	[Motor] Received distance: 17.9672064110484 cm | Severity=75 | SourceName=Motor2 | EventType=application
[2026-08-15 17:02:37.533 (UTC)] warn/application	[Motor] Distance too close (17.9672064110484); rotating motor to 0 degrees | Severity=175 | SourceName=Motor2 | EventType=application
[2026-08-15 17:02:38.542 (UTC)] info/application	[Motor] Received distance: 31.130899897371837 cm | Severity=75 | SourceName=Motor2 | EventType=application
[2026-08-15 17:02:38.542 (UTC)] info/application	[Motor] Distance safe (31.130899897371837); rotating motor to 90 degrees | Severity=75 | SourceName=Motor2 | EventType=application
[2026-08-15 17:02:39.536 (UTC)] info/application	[Motor] Received distance: 27.54104762223598 cm | Severity=75 | SourceName=Motor2 | EventType=application
[2026-08-15 17:02:39.536 (UTC)] info/application	[Motor] Distance safe (27.54104762223598); rotating motor to 90 degrees | Severity=75 | SourceName=Motor2 | EventType=application
[2026-08-15 17:02:40.543 (UTC)] info/application	[Motor] Received distance: 23.86279525880832 cm | Severity=75 | SourceName=Motor2 | EventType=application
[2026-08-15 17:02:40.543 (UTC)] info/application	[Motor] Distance safe (23.86279525880832); rotating motor to 90 degrees | Severity=75 | SourceName=Motor2 | EventType=application
[2026-08-15 17:02:41.541 (UTC)] info/application	[Motor] Received distance: 46.64313689462986 cm | Severity=75 | SourceName=Motor2 | EventType=application
[2026-08-15 17:02:41.541 (UTC)] info/application	[Motor] Distance safe (46.64313689462986); rotating motor to 90 degrees | Severity=75 | SourceName=Motor2 | EventType=application
[2026-08-15 17:02:42.543 (UTC)] info/application	[Motor] Received distance: 3.7080190115179956 cm | Severity=75 | SourceName=Motor2 | EventType=application
[2026-08-15 17:02:42.543 (UTC)] warn/application	[Motor] Distance too close (3.7080190115179956); rotating motor to 0 degrees | Severity=175 | SourceName=Motor2 | EventType=application
[2026-08-15 17:02:43.533 (UTC)] info/application	[Motor] Received distance: 12.803669226730088 cm | Severity=75 | SourceName=Motor2 | EventType=application
[2026-08-15 17:02:43.533 (UTC)] warn/application	[Motor] Distance too close (12.803669226730088); rotating motor to 0 degrees | Severity=175 | SourceName=Motor2 | EventType=application
[2026-08-15 17:02:44.543 (UTC)] info/application	[Motor] Received distance: 11.0675264266634 cm | Severity=75 | SourceName=Motor2 | EventType=application
[2026-08-15 17:02:44.543 (UTC)] warn/application	[Motor] Distance too close (11.0675264266634); rotating motor to 0 degrees | Severity=175 | SourceName=Motor2 | EventType=application
[2026-08-15 17:02:45.538 (UTC)] info/application	[Motor] Received distance: 48.24443478800563 cm | Severity=75 | SourceName=Motor2 | EventType=application
[2026-08-15 17:02:45.538 (UTC)] info/application	[Motor] Distance safe (48.24443478800563); rotating motor to 90 degrees | Severity=75 | SourceName=Motor2 | EventType=application
[2026-08-15 17:02:46.542 (UTC)] info/application	[Motor] Received distance: 14.527576392762166 cm | Severity=75 | SourceName=Motor2 | EventType=application
[2026-08-15 17:02:46.542 (UTC)] warn/application	[Motor] Distance too close (14.527576392762166); rotating motor to 0 degrees | Severity=175 | SourceName=Motor2 | EventType=application
[2026-08-15 17:02:47.544 (UTC)] info/application	[Motor] Received distance: 43.21757425797059 cm | Severity=75 | SourceName=Motor2 | EventType=application
[2026-08-15 17:02:47.544 (UTC)] info/application	[Motor] Distance safe (43.21757425797059); rotating motor to 90 degrees | Severity=75 | SourceName=Motor2 | EventType=application
[2026-08-15 17:02:48.535 (UTC)] info/application	[Motor] Received distance: 22.35189686173196 cm | Severity=75 | SourceName=Motor2 | EventType=application
[2026-08-15 17:02:48.535 (UTC)] info/application	[Motor] Distance safe (22.35189686173196); rotating motor to 90 degrees | Severity=75 | SourceName=Motor2 | EventType=application
[2026-08-15 17:02:49.543 (UTC)] info/application	[Motor] Received distance: 35.0573021029389 cm | Severity=75 | SourceName=Motor2 | EventType=application
[2026-08-15 17:02:49.543 (UTC)] info/application	[Motor] Distance safe (35.0573021029389); rotating motor to 90 degrees | Severity=75 | SourceName=Motor2 | EventType=application
[2026-08-15 17:02:50.539 (UTC)] info/application	[Motor] Received distance: 31.402893504781133 cm | Severity=75 | SourceName=Motor2 | EventType=application
[2026-08-15 17:02:50.539 (UTC)] info/application	[Motor] Distance safe (31.402893504781133); rotating motor to 90 degrees | Severity=75 | SourceName=Motor2 | EventType=application
[2026-08-15 17:02:51.542 (UTC)] info/application	[Motor] Received distance: 48.96418315869019 cm | Severity=75 | SourceName=Motor2 | EventType=application
[2026-08-15 17:02:51.542 (UTC)] info/application	[Motor] Distance safe (48.96418315869019); rotating motor to 90 degrees | Severity=75 | SourceName=Motor2 | EventType=application
[2026-08-15 17:02:52.552 (UTC)] info/application	[Motor] Received distance: 12.157505047580928 cm | Severity=75 | SourceName=Motor2 | EventType=application
[2026-08-15 17:02:52.552 (UTC)] warn/application	[Motor] Distance too close (12.157505047580928); rotating motor to 0 degrees | Severity=175 | SourceName=Motor2 | EventType=application
[2026-08-15 17:02:53.542 (UTC)] info/application	[Motor] Received distance: 39.60231100283671 cm | Severity=75 | SourceName=Motor2 | EventType=application
[2026-08-15 17:02:53.542 (UTC)] info/application	[Motor] Distance safe (39.60231100283671); rotating motor to 90 degrees | Severity=75 | SourceName=Motor2 | EventType=application
[2026-08-15 17:02:54.536 (UTC)] info/application	[Motor] Received distance: 39.97098181674768 cm | Severity=75 | SourceName=Motor2 | EventType=application
[2026-08-15 17:02:54.536 (UTC)] info/application	[Motor] Distance safe (39.97098181674768); rotating motor to 90 degrees | Severity=75 | SourceName=Motor2 | EventType=application
[2026-08-15 17:02:55.543 (UTC)] info/application	[Motor] Received distance: 37.09951472426742 cm | Severity=75 | SourceName=Motor2 | EventType=application
[2026-08-15 17:02:55.543 (UTC)] info/application	[Motor] Distance safe (37.09951472426742); rotating motor to 90 degrees | Severity=75 | SourceName=Motor2 | EventType=application
[2026-08-15 17:02:56.541 (UTC)] info/application	[Motor] Received distance: 12.686405328422042 cm | Severity=75 | SourceName=Motor2 | EventType=application
[2026-08-15 17:02:56.541 (UTC)] warn/application	[Motor] Distance too close (12.686405328422042); rotating motor to 0 degrees | Severity=175 | SourceName=Motor2 | EventType=application
[2026-08-15 17:02:57.543 (UTC)] info/application	[Motor] Received distance: 9.582481708183177 cm | Severity=75 | SourceName=Motor2 | EventType=application
[2026-08-15 17:02:57.543 (UTC)] warn/application	[Motor] Distance too close (9.582481708183177); rotating motor to 0 degrees | Severity=175 | SourceName=Motor2 | EventType=application
[2026-08-15 17:02:58.534 (UTC)] info/application	[Motor] Received distance: 42.02677908913548 cm | Severity=75 | SourceName=Motor2 | EventType=application
[2026-08-15 17:02:58.534 (UTC)] info/application	[Motor] Distance safe (42.02677908913548); rotating motor to 90 degrees | Severity=75 | SourceName=Motor2 | EventType=application
[2026-08-15 17:02:59.542 (UTC)] info/application	[Motor] Received distance: 30.85420075657507 cm | Severity=75 | SourceName=Motor2 | EventType=application
[2026-08-15 17:02:59.542 (UTC)] info/application	[Motor] Distance safe (30.85420075657507); rotating motor to 90 degrees | Severity=75 | SourceName=Motor2 | EventType=application
[2026-08-15 17:03:00.537 (UTC)] info/application	[Motor] Received distance: 33.084929197600545 cm | Severity=75 | SourceName=Motor2 | EventType=application
[2026-08-15 17:03:00.537 (UTC)] info/application	[Motor] Distance safe (33.084929197600545); rotating motor to 90 degrees | Severity=75 | SourceName=Motor2 | EventType=application
[2026-08-15 17:03:01.542 (UTC)] info/application	[Motor] Received distance: 46.67675326609832 cm | Severity=75 | SourceName=Motor2 | EventType=application
[2026-08-15 17:03:01.542 (UTC)] info/application	[Motor] Distance safe (46.67675326609832); rotating motor to 90 degrees | Severity=75 | SourceName=Motor2 | EventType=application
[2026-08-15 17:03:02.541 (UTC)] info/application	[Motor] Received distance: 45.91882007379029 cm | Severity=75 | SourceName=Motor2 | EventType=application
[2026-08-15 17:03:02.541 (UTC)] info/application	[Motor] Distance safe (45.91882007379029); rotating motor to 90 degrees | Severity=75 | SourceName=Motor2 | EventType=application
[2026-08-15 17:03:03.543 (UTC)] info/application	[Motor] Received distance: 19.038561471290215 cm | Severity=75 | SourceName=Motor2 | EventType=application
[2026-08-15 17:03:03.543 (UTC)] warn/application	[Motor] Distance too close (19.038561471290215); rotating motor to 0 degrees | Severity=175 | SourceName=Motor2 | EventType=application
[2026-08-15 17:03:04.534 (UTC)] info/application	[Motor] Received distance: 12.561119121760651 cm | Severity=75 | SourceName=Motor2 | EventType=application
[2026-08-15 17:03:04.534 (UTC)] warn/application	[Motor] Distance too close (12.561119121760651); rotating motor to 0 degrees | Severity=175 | SourceName=Motor2 | EventType=application
[2026-08-15 17:03:05.542 (UTC)] info/application	[Motor] Received distance: 36.13386308501189 cm | Severity=75 | SourceName=Motor2 | EventType=application
[2026-08-15 17:03:05.542 (UTC)] info/application	[Motor] Distance safe (36.13386308501189); rotating motor to 90 degrees | Severity=75 | SourceName=Motor2 | EventType=application
[2026-08-15 17:03:06.538 (UTC)] info/application	[Motor] Received distance: 17.12940085638752 cm | Severity=75 | SourceName=Motor2 | EventType=application
[2026-08-15 17:03:06.538 (UTC)] warn/application	[Motor] Distance too close (17.12940085638752); rotating motor to 0 degrees | Severity=175 | SourceName=Motor2 | EventType=application
[2026-08-15 17:03:07.542 (UTC)] info/application	[Motor] Received distance: 40.36008936462928 cm | Severity=75 | SourceName=Motor2 | EventType=application
[2026-08-15 17:03:07.542 (UTC)] info/application	[Motor] Distance safe (40.36008936462928); rotating motor to 90 degrees | Severity=75 | SourceName=Motor2 | EventType=application
[2026-08-15 17:03:08.552 (UTC)] info/application	[Motor] Received distance: 4.101069473708547 cm | Severity=75 | SourceName=Motor2 | EventType=application
[2026-08-15 17:03:08.552 (UTC)] warn/application	[Motor] Distance too close (4.101069473708547); rotating motor to 0 degrees | Severity=175 | SourceName=Motor2 | EventType=application
[2026-08-15 17:03:09.542 (UTC)] info/application	[Motor] Received distance: 46.26030075375936 cm | Severity=75 | SourceName=Motor2 | EventType=application
[2026-08-15 17:03:09.542 (UTC)] info/application	[Motor] Distance safe (46.26030075375936); rotating motor to 90 degrees | Severity=75 | SourceName=Motor2 | EventType=application
[2026-08-15 17:03:10.536 (UTC)] info/application	[Motor] Received distance: 17.90113698686526 cm | Severity=75 | SourceName=Motor2 | EventType=application
[2026-08-15 17:03:10.536 (UTC)] warn/application	[Motor] Distance too close (17.90113698686526); rotating motor to 0 degrees | Severity=175 | SourceName=Motor2 | EventType=application
[2026-08-15 17:03:11.543 (UTC)] info/application	[Motor] Received distance: 25.963864754868606 cm | Severity=75 | SourceName=Motor2 | EventType=application
[2026-08-15 17:03:11.543 (UTC)] info/application	[Motor] Distance safe (25.963864754868606); rotating motor to 90 degrees | Severity=75 | SourceName=Motor2 | EventType=application
[2026-08-15 17:03:12.540 (UTC)] info/application	[Motor] Received distance: 42.90343762603748 cm | Severity=75 | SourceName=Motor2 | EventType=application
[2026-08-15 17:03:12.540 (UTC)] info/application	[Motor] Distance safe (42.90343762603748); rotating motor to 90 degrees | Severity=75 | SourceName=Motor2 | EventType=application
[2026-08-15 17:03:13.543 (UTC)] info/application	[Motor] Received distance: 19.609155998383255 cm | Severity=75 | SourceName=Motor2 | EventType=application
[2026-08-15 17:03:13.543 (UTC)] warn/application	[Motor] Distance too close (19.609155998383255); rotating motor to 0 degrees | Severity=175 | SourceName=Motor2 | EventType=application
[2026-08-15 17:03:14.534 (UTC)] info/application	[Motor] Received distance: 36.767533981598696 cm | Severity=75 | SourceName=Motor2 | EventType=application
[2026-08-15 17:03:14.534 (UTC)] info/application	[Motor] Distance safe (36.767533981598696); rotating motor to 90 degrees 