[2026-08-16 19:35:16.602 (UTC)] info/application	Motor client started; subscribing to sensor DistanceValue (Client/Server mode)... | Severity=75 | SourceName=Motor3 | EventType=application
Entering background polling mode: connecting to Sensor & Aggregation Server...
Connected successfully. Motor log forwarding started.
[2026-08-16 19:35:17.747 (UTC)] info/channel	[System] TCP 8	| SC 1	| SecureChannel opened with SecurityMode None for SecurityPolicy http://opcfoundation.org/UA/SecurityPolicy#None and a revised lifetime of 600.0s | Severity=75 | SourceName=System | EventType=channel
[2026-08-16 19:35:17.768 (UTC)] warn/client	[System] The server returned Endpoints with a different EndpointUrl opc.tcp://MSI:4844 than was used to initialize the connection: opc.tcp://127.0.0.1:4844. Some servers require a complete match of the EndpointUrl/DiscoveryUrl (including the path) to return all endpoints. | Severity=175 | SourceName=System | EventType=client
[2026-08-16 19:35:18.163 (UTC)] info/application	Connected to sensor backend; subscribing to distance updates | Severity=75 | SourceName=Motor3 | EventType=application
[2026-08-16 19:35:18.728 (UTC)] info/application	[Motor] Received distance: 25.5533037272065 cm | Severity=75 | SourceName=Motor3 | EventType=application
[2026-08-16 19:35:18.728 (UTC)] info/application	[Motor] Distance safe (25.5533037272065); rotating motor to 90 degrees | Severity=75 | SourceName=Motor3 | EventType=application
[2026-08-16 19:35:19.237 (UTC)] info/application	[Motor] Received distance: 26.34125452295 cm | Severity=75 | SourceName=Motor3 | EventType=application
[2026-08-16 19:35:19.237 (UTC)] info/application	[Motor] Distance safe (26.34125452295); rotating motor to 90 degrees | Severity=75 | SourceName=Motor3 | EventType=application
[2026-08-16 19:35:20.233 (UTC)] info/application	[Motor] Received distance: 27.0387308448733 cm | Severity=75 | SourceName=Motor3 | EventType=application
[2026-08-16 19:35:20.233 (UTC)] info/application	[Motor] Distance safe (27.0387308448733); rotating motor to 90 degrees | Severity=75 | SourceName=Motor3 | EventType=application
[2026-08-16 19:35:21.224 (UTC)] info/application	[Motor] Received distance: 27.2813719235274 cm | Severity=75 | SourceName=Motor3 | EventType=application
[2026-08-16 19:35:21.224 (UTC)] info/application	[Motor] Distance safe (27.2813719235274); rotating motor to 90 degrees | Severity=75 | SourceName=Motor3 | EventType=application
[2026-08-16 19:35:22.225 (UTC)] info/application	[Motor] Received distance: 27.2189980057157 cm | Severity=75 | SourceName=Motor3 | EventType=application
[2026-08-16 19:35:22.225 (UTC)] info/application	[Motor] Distance safe (27.2189980057157); rotating motor to 90 degrees | Severity=75 | SourceName=Motor3 | EventType=application
[2026-08-16 19:35:23.226 (UTC)] info/application	[Motor] Received distance: 28.2728870859243 cm | Severity=75 | SourceName=Motor3 | EventType=application
[2026-08-16 19:35:23.226 (UTC)] info/application	[Motor] Distance safe (28.2728870859243); rotating motor to 90 degrees | Severity=75 | SourceName=Motor3 | EventType=application
[2026-08-16 19:35:24.226 (UTC)] info/application	[Motor] Received distance: 28.5068217364637 cm | Severity=75 | SourceName=Motor3 | EventType=application
[2026-08-16 19:35:24.226 (UTC)] info/application	[Motor] Distance safe (28.5068217364637); rotating motor to 90 degrees | Severity=75 | SourceName=Motor3 | EventType=application
[2026-08-16 19:35:25.226 (UTC)] info/application	[Motor] Received distance: 29.4113351641741 cm | Severity=75 | SourceName=Motor3 | EventType=application
[2026-08-16 19:35:25.226 (UTC)] info/application	[Motor] Distance safe (29.4113351641741); rotating motor to 90 degrees | Severity=75 | SourceName=Motor3 | EventType=application
[2026-08-16 19:35:26.226 (UTC)] info/application	[Motor] Received distance: 30.2492222056022 cm | Severity=75 | SourceName=Motor3 | EventType=application
[2026-08-16 19:35:26.226 (UTC)] info/application	[Motor] Distance safe (30.2492222056022); rotating motor to 90 degrees | Severity=75 | SourceName=Motor3 | EventType=application
[2026-08-16 19:35:27.226 (UTC)] info/application	[Motor] Received distance: 30.1677959634307 cm | Severity=75 | SourceName=Motor3 | EventType=application
[2026-08-16 19:35:27.226 (UTC)] info/application	[Motor] Distance safe (30.1677959634307); rotating motor to 90 degrees | Severity=75 | SourceName=Motor3 | EventType=application
[2026-08-16 19:35:28.226 (UTC)] info/application	[Motor] Received distance: 30.2322973745094 cm | Severity=75 | SourceName=Motor3 | EventType=application
[2026-08-16 19:35:28.226 (UTC)] info/application	[Motor] Distance safe (30.2322973745094); rotating motor to 90 degrees | Severity=75 | SourceName=Motor3 | EventType=application
[2026-08-16 19:35:29.226 (UTC)] info/application	[Motor] Received distance: 30.0667348301815 cm | Severity=75 | SourceName=Motor3 | EventType=application
[2026-08-16 19:35:29.226 (UTC)] info/application	[Motor] Distance safe (30.0667348301815); rotating motor to 90 degrees | Severity=75 | SourceName=Motor3 | EventType=application
[2026-08-16 19:35:30.235 (UTC)] info/application	[Motor] Received distance: 29.7560209532995 cm | Severity=75 | SourceName=Motor3 | EventType=application
[2026-08-16 19:35:30.235 (UTC)] info/application	[Motor] Distance safe (29.7560209532995); rotating motor to 90 degrees | Severity=75 | SourceName=Motor3 | EventType=application
[2026-08-16 19:35:31.227 (UTC)] info/application	[Motor] Received distance: 30.542128118706 cm | Severity=75 | SourceName=Motor3 | EventType=application
[2026-08-16 19:35:31.227 (UTC)] info/application	[Motor] Distance safe (30.542128118706); rotating motor to 90 degrees | Severity=75 | SourceName=Motor3 | EventType=application
[2026-08-16 19:35:32.235 (UTC)] info/application	[Motor] Received distance: 30.314963134618 cm | Severity=75 | SourceName=Motor3 | EventType=application
[2026-08-16 19:35:32.235 (UTC)] info/application	[Motor] Distance safe (30.314963134618); rotating motor to 90 degrees | Severity=75 | SourceName=Motor3 | EventType=application
[2026-08-16 19:35:33.227 (UTC)] info/application	[Motor] Received distance: 30.3270388789601 cm | Severity=75 | SourceName=Motor3 | EventType=application
[2026-08-16 19:35:33.227 (UTC)] info/application	[Motor] Distance safe (30.3270388789601); rotating motor to 90 degrees | Severity=75 | SourceName=Motor3 | EventType=application
[2026-08-16 19:35:34.236 (UTC)] info/application	[Motor] Received distance: 29.7841512392201 cm | Severity=75 | SourceName=Motor3 | EventType=application
[2026-08-16 19:35:34.236 (UTC)] info/application	[Motor] Distance safe (29.7841512392201); rotating motor to 90 degrees | Severity=75 | SourceName=Motor3 | EventType=application
[2026-08-16 19:35:35.227 (UTC)] info/application	[Motor] Received distance: 29.3225626176328 cm | Severity=75 | SourceName=Motor3 | EventType=application
[2026-08-16 19:35:35.227 (UTC)] info/application	[Motor] Distance safe (29.3225626176328); rotating motor to 90 degrees | Severity=75 | SourceName=Motor3 | EventType=application
[2026-08-16 19:35:36.236 (UTC)] info/application	[Motor] Received distance: 28.2923298065049 cm | Severity=75 | SourceName=Motor3 | EventType=application
[2026-08-16 19:35:36.236 (UTC)] info/application	[Motor] Distance safe (28.2923298065049); rotating motor to 90 degrees | Severity=75 | SourceName=Motor3 | EventType=application
[2026-08-16 19:35:37.228 (UTC)] info/application	[Motor] Received distance: 28.90143758962 cm | Severity=75 | SourceName=Motor3 | EventType=application
[2026-08-16 19:35:37.228 (UTC)] info/application	[Motor] Distance safe (28.90143758962); rotating motor to 90 degrees | Severity=75 | SourceName=Motor3 | EventType=application
[2026-08-16 19:35:38.236 (UTC)] info/application	[Motor] Received distance: 28.3116078862509 cm | Severity=75 | SourceName=Motor3 | EventType=application
[2026-08-16 19:35:38.236 (UTC)] info/application	[Motor] Distance safe (28.3116078862509); rotating motor to 90 degrees | Severity=75 | SourceName=Motor3 | EventType=application
[2026-08-16 19:35:39.229 (UTC)] info/application	[Motor] Received distance: 28.0870360883824 cm | Severity=75 | SourceName=Motor3 | EventType=application
[2026-08-16 19:35:39.229 (UTC)] info/application	[Motor] Distance safe (28.0870360883824); rotating motor to 90 degrees | Severity=75 | SourceName=Motor3 | EventType=application
[2026-08-16 19:35:40.237 (UTC)] info/application	[Motor] Received distance: 28.3062219393003 cm | Severity=75 | SourceName=Motor3 | EventType=application
[2026-08-16 19:35:40.237 (UTC)] info/application	[Motor] Distance safe (28.3062219393003); rotating motor to 90 degrees | Severity=75 | SourceName=Motor3 | EventType=application
[2026-08-16 19:35:41.230 (UTC)] info/application	[Motor] Received distance: 29.0228883016495 cm | Severity=75 | SourceName=Motor3 | EventType=application
[2026-08-16 19:35:41.230 (UTC)] info/application	[Motor] Distance safe (29.0228883016495); rotating motor to 90 degrees | Severity=75 | SourceName=Motor3 | EventType=application
[2026-08-16 19:35:42.239 (UTC)] info/application	[Motor] Received distance: 27.5332140100809 cm | Severity=75 | SourceName=Motor3 | EventType=application
[2026-08-16 19:35:42.239 (UTC)] info/application	[Motor] Distance safe (27.5332140100809); rotating motor to 90 degrees | Severity=75 | SourceName=Motor3 | EventType=application
[2026-08-16 19:35:43.231 (UTC)] info/application	[Motor] Received distance: 28.5923130633739 cm | Severity=75 | SourceName=Motor3 | EventType=application
[2026-08-16 19:35:43.231 (UTC)] info/application	[Motor] Distance safe (28.5923130633739); rotating motor to 90 degrees | Severity=75 | SourceName=Motor3 | EventType=application
[2026-08-16 19:35:44.239 (UTC)] info/application	[Motor] Received distance: 28.3860293921949 cm | Severity=75 | SourceName=Motor3 | EventType=application
[2026-08-16 19:35:44.239 (UTC)] info/application	[Motor] Distance safe (28.3860293921949); rotating motor to 90 degrees | Severity=75 | SourceName=Motor3 | EventType=application
[2026-08-16 19:35:45.231 (UTC)] info/application	[Motor] Received distance: 28.8771934348052 cm | Severity=75 | SourceName=Motor3 | EventType=application
[2026-08-16 19:35:45.231 (UTC)] info/application	[Motor] Distance safe (28.8771934348052); rotating motor to 90 degrees | Severity=75 | SourceName=Motor3 | EventType=application
[2026-08-16 19:35:46.240 (UTC)] info/application	[Motor] Received distance: 28.2865479221971 cm | Severity=75 | SourceName=Motor3 | EventType=application
[2026-08-16 19:35:46.240 (UTC)] info/application	[Motor] Distance safe (28.2865479221971); rotating motor to 90 degrees | Severity=75 | SourceName=Motor3 | EventType=application
[2026-08-16 19:35:47.232 (UTC)] info/application	[Motor] Received distance: 26.8721674747635 cm | Severity=75 | SourceName=Motor3 | EventType=application
[2026-08-16 19:35:47.232 (UTC)] info/application	[Motor] Distance safe (26.8721674747635); rotating motor to 90 degrees | Severity=75 | SourceName=Motor3 | EventType=application
[2026-08-16 19:35:48.241 (UTC)] info/application	[Motor] Received distance: 27.9433168647547 cm | Severity=75 | SourceName=Motor3 | EventType=application
[2026-08-16 19:35:48.241 (UTC)] info/application	[Motor] Distance safe (27.9433168647547); rotating motor to 90 degrees | Severity=75 | SourceName=Motor3 | EventType=application
[2026-08-16 19:35:49.232 (UTC)] info/application	[Motor] Received distance: 29.3259897333691 cm | Severity=75 | SourceName=Motor3 | EventType=application
[2026-08-16 19:35:49.232 (UTC)] info/application	[Motor] Distance safe (29.3259897333691); rotating motor to 90 degrees | Severity=75 | SourceName=Motor3 | EventType=application
[2026-08-16 19:35:50.240 (UTC)] info/application	[Motor] Received distance: 30.1995600830762 cm | Severity=75 | SourceName=Motor3 | EventType=application
[2026-08-16 19:35:50.240 (UTC)] info/application	[Motor] Distance safe (30.1995600830762); rotating motor to 90 degrees | Severity=75 | SourceName=Motor3 | EventType=application
[2026-08-16 19:35:51.232 (UTC)] info/application	[Motor] Received distance: 30.4681857935936 cm | Severity=75 | SourceName=Motor3 | EventType=application
[2026-08-16 19:35:51.232 (UTC)] info/application	[Motor] Distance safe (30.4681857935936); rotating motor to 90 degrees | Severity=75 | SourceName=Motor3 | EventType=application
[2026-08-16 19:35:52.240 (UTC)] info/application	[Motor] Received distance: 30.5934997394651 cm | Severity=75 | SourceName=Motor3 | EventType=application
[2026-08-16 19:35:52.240 (UTC)] info/application	[Motor] Distance safe (30.5934997394651); rotating motor to 90 degrees | Severity=75 | SourceName=Motor3 | EventType=application
[2026-08-16 19:35:53.233 (UTC)] info/application	[Motor] Received distance: 29.9046961699634 cm | Severity=75 | SourceName=Motor3 | EventType=application
[2026-08-16 19:35:53.233 (UTC)] info/application	[Motor] Distance safe (29.9046961699634); rotating motor to 90 degrees | Severity=75 | SourceName=Motor3 | EventType=application
[2026-08-16 19:35:54.241 (UTC)] info/application	[Motor] Received distance: 29.7272109592926 cm | Severity=75 | SourceName=Motor3 | EventType=application
[2026-08-16 19:35:54.241 (UTC)] info/application	[Motor] Distance safe (29.7272109592926); rotating motor to 90 degrees | Severity=75 | SourceName=Motor3 | EventType=application
[2026-08-16 19:35:55.226 (UTC)] info/application	[Motor] Received distance: 28.5864595557034 cm | Severity=75 | SourceName=Motor3 | EventType=application
[2026-08-16 19:35:55.226 (UTC)] info/application	[Motor] Distance safe (28.5864595557034); rotating motor to 90 degrees | Severity=75 | SourceName=Motor3 | EventType=application
[2026-08-16 19:35:56.225 (UTC)] info/application	[Motor] Received distance: 27.3021694125152 cm | Severity=75 | SourceName=Motor3 | EventType=application
[2026-08-16 19:35:56.225 (UTC)] info/application	[Motor] Distance safe (27.3021694125152); rotating motor to 90 degrees | Severity=75 | SourceName=Motor3 | EventType=application
[2026-08-16 19:35:57.225 (UTC)] info/application	[Motor] Received distance: 26.4625712418754 cm | Severity=75 | SourceName=Motor3 | EventType=application
[2026-08-16 19:35:57.225 (UTC)] info/application	[Motor] Distance safe (26.4625712418754); rotating motor to 90 degrees | Severity=75 | SourceName=Motor3 | EventType=application
[2026-08-16 19:35:58.227 (UTC)] info/application	[Motor] Received distance: 26.7403935961148 cm | Severity=75 | SourceName=Motor3 | EventType=application
[2026-08-16 19:35:58.227 (UTC)] info/application	[Motor] Distance safe (26.7403935961148); rotating motor to 90 degrees | Severity=75 | SourceName=Motor3 | EventType=application
[2026-08-16 19:35:59.235 (UTC)] info/application	[Motor] Received distance: 27.0206048640053 cm | Severity=75 | SourceName=Motor3 | EventType=application
[2026-08-16 19:35:59.235 (UTC)] info/application	[Motor] Distance safe (27.0206048640053); rotating motor to 90 degrees | Severity=75 | SourceName=Motor3 | EventType=application
[2026-08-16 19:36:00.228 (UTC)] info/application	[Motor] Received distance: 27.5154441490376 cm | Severity=75 | SourceName=Motor3 | EventType=application
[2026-08-16 19:36:00.228 (UTC)] info/application	[Motor] Distance safe (27.5154441490376); rotating motor to 90 degrees | Severity=75 | SourceName=Motor3 | EventType=application
[2026-08-16 19:36:01.237 (UTC)] info/application	[Motor] Received distance: 28.9825526263949 cm | Severity=75 | SourceName=Motor3 | EventType=application
[2026-08-16 19:36:01.237 (UTC)] info/application	[Motor] Distance safe (28.9825526263949); rotating motor to 90 degrees | Severity=75 | SourceName=Motor3 | EventType=application
[2026-08-16 19:36:02.230 (UTC)] info/application	[Motor] Received distance: 28.5488710596919 cm | Severity=75 | SourceName=Motor3 | EventType=application
[2026-08-16 19:36:02.230 (UTC)] info/application	[Motor] Distance safe (28.5488710596919); rotating motor to 90 degrees | Severity=75 | SourceName=Motor3 | EventType=application
[2026-08-16 19:36:03.238 (UTC)] info/application	[Motor] Received distance: 27.3165453592392 cm | Severity=75 | SourceName=Motor3 | EventType=application
[2026-08-16 19:36:03.238 (UTC)] info/application	[Motor] Distance safe (27.3165453592392); rotating motor to 90 degrees | Severity=75 | SourceName=Motor3 | EventType=application
[2026-08-16 19:36:04.230 (UTC)] info/application	[Motor] Received distance: 27.2957295795417 cm | Severity=75 | SourceName=Motor3 | EventType=application
[2026-08-16 19:36:04.230 (UTC)] info/application	[Motor] Distance safe (27.2957295795417); rotating motor to 90 degrees | Severity=75 | SourceName=Motor3 | EventType=application
[2026-08-16 19:36:05.239 (UTC)] info/application	[Motor] Received distance: 27.8191603730988 cm | Severity=75 | SourceName=Motor3 | EventType=application
[2026-08-16 19:36:05.239 (UTC)] info/application	[Motor] Distance safe (27.8191603730988); rotating motor to 90 degrees | Severity=75 | SourceName=Motor3 | EventType=application
[2026-08-16 19:36:06.231 (UTC)] info/application	[Motor] Received distance: 27.6252460524557 cm | Severity=75 | SourceName=Motor3 | EventType=application
[2026-08-16 19:36:06.231 (UTC)] info/application	[Motor] Distance safe (27.6252460524557); rotating motor to 90 degrees | Severity=75 | SourceName=Motor3 | EventType=application
[2026-08-16 19:36:07.240 (UTC)] info/application	[Motor] Received distance: 28.0741974616303 cm | Severity=75 | SourceName=Motor3 | EventType=application
[2026-08-16 19:36:07.240 (UTC)] info/application	[Motor] Distance safe (28.0741974616303); rotating motor to 90 degrees | Severity=75 | SourceName=Motor3 | EventType=application
[2026-08-16 19:36:08.232 (UTC)] info/application	[Motor] Received distance: 27.7067360369054 cm | Severity=75 | SourceName=Motor3 | EventType=application
[2026-08-16 19:36:08.232 (UTC)] info/application	[Motor] Distance safe (27.7067360369054); rotating motor to 90 degrees | Severity=75 | SourceName=Motor3 | EventType=application
[2026-08-16 19:36:09.240 (UTC)] info/application	[Motor] Received distance: 28.4229920128933 cm | Severity=75 | SourceName=Motor3 | EventType=application
[2026-08-16 19:36:09.240 (UTC)] info/application	[Motor] Distance safe (28.4229920128933); rotating motor to 90 degrees | Severity=75 | SourceName=Motor3 | EventType=application
[2026-08-16 19:36:10.232 (UTC)] info/application	[Motor] Received distance: 27.1473716228024 cm | Severity=75 | SourceName=Motor3 | EventType=application
[2026-08-16 19:36:10.232 (UTC)] info/application	[Motor] Distance safe (27.1473716228024); rotating motor to 90 degrees | Severity=75 | SourceName=Motor3 | EventType=application
[2026-08-16 19:36:11.241 (UTC)] info/application	[Motor] Received distance: 28.4990960489954 cm | Severity=75 | SourceName=Motor3 | EventType=application
[2026-08-16 19:36:11.241 (UTC)] info/application	[Motor] Distance safe (28.4990960489954); rotating motor to 90 degrees | Severity=75 | SourceName=Motor3 | EventType=application
[2026-08-16 19:36:12.233 (UTC)] info/application	[Motor] Received distance: 28.4320183859356 cm | Severity=75 | SourceName=Motor3 | EventType=application
[2026-08-16 19:36:12.233 (UTC)] info/application	[Motor] Distance safe (28.4320183859356); rotating motor to 90 degrees | Severity=75 | SourceName=Motor3 | EventType=application
[2026-08-16 19:36:13.241 (UTC)] info/application	[Motor] Received distance: 27.166723704276 cm | Severity=75 | SourceName=Motor3 | EventType=application
[2026-08-16 19:36:13.241 (UTC)] info/application	[Motor] Distance safe (27.166723704276); rotating motor to 90 degrees | Severity=75 | SourceName=Motor3 | EventType=application
[2026-08-16 19:36:14.233 (UTC)] info/application	[Motor] Received distance: 28.0775471823651 cm | Severity=75 | SourceName=Motor3 | EventType=application
[2026-08-16 19:36:14.233 (UTC)] info/application	[Motor] Distance safe (28.0775471823651); rotating motor to 90 degrees | Severity=75 | SourceName=Motor3 | EventType=application
[2026-08-16 19:36:15.242 (UTC)] info/application	[Motor] Received distance: 29.3041858481263 cm | Severity=75 | SourceName=Motor3 | EventType=application
[2026-08-16 19:36:15.242 (UTC)] info/application	[Motor] Distance safe (29.3041858481263); rotating motor to 90 degrees | Severity=75 | SourceName=Motor3 | EventType=application
[2026-08-16 19:36:16.243 (UTC)] info/application	[Motor] Received distance: 30.030055209077 cm | Severity=75 | SourceName=Motor3 | EventType=application
[2026-08-16 19:36:16.243 (UTC)] info/application	[Motor] Distance safe (30.030055209077); rotating motor to 90 degrees | Severity=75 | SourceName=Motor3 | EventType=application
[2026-08-16 19:36:17.234 (UTC)] info/application	[Motor] Received distance: 28.8502331745579 cm | Severity=75 | SourceName=Motor3 | EventType=application
[2026-08-16 19:36:17.234 (UTC)] info/application	[Motor] Distance safe (28.8502331745579); rotating motor to 90 degrees | Severity=75 | SourceName=Motor3 | EventType=application
[2026-08-16 19:36:18.224 (UTC)] info/application	[Motor] Received distance: 30.1624913942825 cm | Severity=75 | SourceName=Motor3 | EventType=application
[2026-08-16 19:36:18.224 (UTC)] info/application	[Motor] Distance safe (30.1624913942825); rotating motor to 90 degrees | Severity=75 | SourceName=Motor3 | EventType=application
[2026-08-16 19:36:19.225 (UTC)] info/application	[Motor] Received distance: 30.4595101438274 cm | Severity=75 | SourceName=Motor3 | EventType=application
[2026-08-16 19:36:19.225 (UTC)] info/application	[Motor] Distance safe (30.4595101438274); rotating motor to 90 degrees | Severity=75 | SourceName=Motor3 | EventType=application
[2026-08-16 19:36:20.225 (UTC)] info/application	[Motor] Received distance: 29.1623609765257 cm | Severity=75 | SourceName=Motor3 | EventType=application
[2026-08-16 19:36:20.225 (UTC)] info/application	[Motor] Distance safe (29.1623609765257); rotating motor to 90 degrees | Severity=75 | SourceName=Motor3 | EventType=application
[2026-08-16 19:36:21.225 (UTC)] info/application	[Motor] Received distance: 29.8481895445605 cm | Severity=75 | SourceName=Motor3 | EventType=application
[2026-08-16 19:36:21.225 (UTC)] info/application	[Motor] Distance safe (29.8481895445605); rotating motor to 90 degrees | Severity=75 | SourceName=Motor3 | EventType=application
[2026-08-16 19:36:22.226 (UTC)] info/application	[Motor] Received distance: 28.9138340032258 cm | Severity=75 | SourceName=Motor3 | EventType=application
[2026-08-16 19:36:22.226 (UTC)] info/application	[Motor] Distance safe (28.9138340032258); rotating motor to 90 degrees | Severity=75 | SourceName=Motor3 | EventType=application
[2026-08-16 19:36:23.226 (UTC)] info/application	[Motor] Received distance: 29.2419987817956 cm | Severity=75 | SourceName=Motor3 | EventType=application
[2026-08-16 19:36:23.226 (UTC)] info/application	[Motor] Distance safe (29.2419987817956); rotating motor to 90 degrees | Severity=75 | SourceName=Motor3 | EventType=application
[2026-08-16 19:36:24.227 (UTC)] info/application	[Motor] Received distance: 30.7390237803287 cm | Severity=75 | SourceName=Motor3 | EventType=application
[2026-08-16 19:36:24.227 (UTC)] info/application	[Motor] Distance safe (30.7390237803287); rotating motor to 90 degrees | Severity=75 | SourceName=Motor3 | EventType=application
[2026-08-16 19:36:25.235 (UTC)] info/application	[Motor] Received distance: 31.1271830283232 cm | Severity=75 | SourceName=Motor3 | EventType=application
[2026-08-16 19:36:25.235 (UTC)] info/application	[Motor] Distance safe (31.1271830283232); rotating motor to 90 degrees | Severity=75 | SourceName=Motor3 | EventType=application
[2026-08-16 19:36:26.226 (UTC)] info/application	[Motor] Received distance: 31.8145964033038 cm | Severity=75 | SourceName=Motor3 | EventType=application
[2026-08-16 19:36:26.226 (UTC)] info/application	[Motor] Distance safe (31.8145964033038); rotating motor to 90 degrees | Severity=75 | SourceName=Motor3 | EventType=application
[2026-08-16 19:36:27.226 (UTC)] info/application	[Motor] Received distance: 30.5273312586487 cm | Severity=75 | SourceName=Motor3 | EventType=application
[2026-08-16 19:36:27.226 (UTC)] info/application	[Motor] Distance safe (30.5273312586487); rotating motor to 90 degrees | Severity=75 | SourceName=Motor3 | EventType=application
[2026-08-16 19:36:28.227 (UTC)] info/application	[Motor] Received distance: 31.5758923360034 cm | Severity=75 | SourceName=Motor3 | EventType=application
[2026-08-16 19:36:28.227 (UTC)] info/application	[Motor] Distance safe (31.5758923360034); rotating motor to 90 degrees | Severity=75 | SourceName=Motor3 | EventType=application
[2026-08-16 19:36:29.235 (UTC)] info/application	[Motor] Received distance: 31.0411280638264 cm | Severity=75 | SourceName=Motor3 | EventType=application
[2026-08-16 19:36:29.235 (UTC)] info/application	[Motor] Distance safe (31.0411280638264); rotating motor to 90 degrees | Severity=75 | SourceName=Motor3 | EventType=application
[2026-08-16 19:36:30.227 (UTC)] info/application	[Motor] Received distance: 31.5340741870618 cm | Severity=75 | SourceName=Motor3 | EventType=application
[2026-08-16 19:36:30.227 (UTC)] info/application	[Motor] Distance safe (31.5340741870618); rotating motor to 90 degrees | Severity=75 | SourceName=Motor3 | EventType=application
[2026-08-16 19:36:31.236 (UTC)] info/application	[Motor] Received distance: 31.5774745480518 cm | Severity=75 | SourceName=Motor3 | EventType=application
[2026-08-16 19:36:31.236 (UTC)] info/application	[Motor] Distance safe (31.5774745480518); rotating motor to 90 degrees | Severity=75 | SourceName=Motor3 | EventType=application
[2026-08-16 19:36:32.228 (UTC)] info/application	[Motor] Received distance: 31.0098187518352 cm | Severity=75 | SourceName=Motor3 | EventType=application
[2026-08-16 19:36:32.228 (UTC)] info/application	[Motor] Distance safe (31.0098187518352); rotating motor to 90 degrees | Severity=75 | SourceName=Motor3 | EventType=application
[2026-08-16 19:36:33.237 (UTC)] info/application	[Motor] Received distance: 29.5690833069706 cm | Severity=75 | SourceName=Motor3 | EventType=application
[2026-08-16 19:36:33.237 (UTC)] info/application	[Motor] Distance safe (29.5690833069706); rotating motor to 90 degrees | Severity=75 | SourceName=Motor3 | EventType=application
[2026-08-16 19:36:34.229 (UTC)] info/application	[Motor] Received distance: 29.8801579689049 cm | Severity=75 | SourceName=Motor3 | EventType=application
[2026-08-16 19:36:34.229 (UTC)] info/application	[Motor] Distance safe (29.8801579689049); rotating motor to 90 degrees | Severity=75 | SourceName=Motor3 | EventType=application
[2026-08-16 19:36:35.237 (UTC)] info/application	[Motor] Received distance: 30.7916863943877 cm | Severity=75 | SourceName=Motor3 | EventType=application
[2026-08-16 19:36:35.237 (UTC)] info/application	[Motor] Distance safe (30.7916863943877); rotating motor to 90 degrees | Severity=75 | SourceName=Motor3 | EventType=application
[2026-08-16 19:36:36.230 (UTC)] info/application	[Motor] Received distance: 31.3743817444771 cm | Severity=75 | SourceName=Motor3 | EventType=application
[2026-08-16 19:36:36.230 (UTC)] info/application	[Motor] Distance safe (31.3743817444771); rotating motor to 90 degrees | Severity=75 | SourceName=Motor3 | EventType=application
[2026-08-16 19:36:37.238 (UTC)] info/application	[Motor] Received distance: 29.9915420843715 cm | Severity=75 | SourceName=Motor3 | EventType=application
[2026-08-16 19:36:37.238 (UTC)] info/application	[Motor] Distance safe (29.9915420843715); rotating motor to 90 degrees | Severity=75 | SourceName=Motor3 | EventType=application
[2026-08-16 19:36:38.230 (UTC)] info/application	[Motor] Received distance: 29.8520219176319 cm | Severity=75 | SourceName=Motor3 | EventType=application
[2026-08-16 19:36:38.230 (UTC)] info/application	[Motor] Distance safe (29.8520219176319); rotating motor to 90 degrees | Severity=75 | SourceName=Motor3 | EventType=application
[2026-08-16 19:36:39.238 (UTC)] info/application	[Motor] Received distance: 28.5672558415994 cm | Severity=75 | SourceName=Motor3 | EventType=application
[2026-08-16 19:36:39.238 (UTC)] info/application	[Motor] Distance safe (28.5672558415994); rotating motor to 90 degrees | Severity=75 | SourceName=Motor3 | EventType=application
[2026-08-16 19:36:40.232 (UTC)] info/application	[Motor] Received distance: 29.4006721574816 cm | Severity=75 | SourceName=Motor3 | EventType=application
[2026-08-16 19:36:40.232 (UTC)] info/application	[Motor] Distance safe (29.4006721574816); rotating motor to 90 degrees | Severity=75 | SourceName=Motor3 | EventType=application
[2026-08-16 19:36:41.240 (UTC)] info/application	[Motor] Received distance: 29.4855316020481 cm | Severity=75 | SourceName=Motor3 | EventType=application
[2026-08-16 19:36:41.240 (UTC)] info/application	[Motor] Distance safe (29.4855316020481); rotating motor to 90 degrees | Severity=75 | SourceName=Motor3 | EventType=application
[2026-08-16 19:36:42.232 (UTC)] info/application	[Motor] Received distance: 28.0524899522087 cm | Severity=75 | SourceName=Motor3 | EventType=application
[2026-08-16 19:36:42.232 (UTC)] info/application	[Motor] Distance safe (28.0524899522087); rotating motor to 90 degrees | Severity=75 | SourceName=Motor3 | EventType=application
[2026-08-16 19:36:43.240 (UTC)] info/application	[Motor] Received distance: 27.3188286036341 cm | Severity=75 | SourceName=Motor3 | EventType=application
[2026-08-16 19:36:43.240 (UTC)] info/application	[Motor] Distance safe (27.3188286036341); rotating motor to 90 degrees | Severity=75 | SourceName=Motor3 | EventType=application
[2026-08-16 19:36:44.233 (UTC)] info/application	[Motor] Received distance: 27.638393366541 cm | Severity=75 | SourceName=Motor3 | EventType=application
[2026-08-16 19:36:44.233 (UTC)] info/application	[Motor] Distance safe (27.638393366541); rotating motor to 90 degrees | Severity=75 | SourceName=Motor3 | EventType=application
[2026-08-16 19:36:45.241 (UTC)] info/application	[Motor] Received distance: 28.6161751947907 cm | Severity=75 | SourceName=Motor3 | EventType=application
[2026-08-16 19:36:45.241 (UTC)] info/application	[Motor] Distance safe (28.6161751947907); rotating motor to 90 degrees | Severity=75 | SourceName=Motor3 | EventType=application
[2026-08-16 19:36:46.225 (UTC)] info/application	[Motor] Received distance: 27.6091525105802 cm | Severity=75 | SourceName=Motor3 | EventType=application
[2026-08-16 19:36:46.225 (UTC)] info/application	[Motor] Distance safe (27.6091525105802); rotating motor to 90 degrees | Severity=75 | SourceName=Motor3 | EventType=application
[2026-08-16 19:36:47.225 (UTC)] info/application	[Motor] Received distance: 27.1545866344378 cm | Severity=75 | SourceName=Motor3 | EventType=application
[2026-08-16 19:36:47.225 (UTC)] info/application	[Motor] Distance safe (27.1545866344378); rotating motor to 90 degrees | Severity=75 | SourceName=Motor3 | EventType=application
[2026-08-16 19:36:48.226 (UTC)] info/application	[Motor] Received distance: 28.4525464281684 cm | Severity=75 | SourceName=Motor3 | EventType=application
[2026-08-16 19:36:48.226 (UTC)] info/application	[Motor] Distance safe (28.4525464281684); rotating motor to 90 degrees | Severity=75 | SourceName=Motor3 | EventType=application
[2026-08-16 19:36:49.226 (UTC)] info/application	[Motor] Received distance: 27.2577819622856 cm | Severity=75 | SourceName=Motor3 | EventType=application
[2026-08-16 19:36:49.226 (UTC)] info/application	[Motor] Distance safe (27.2577819622856); rotating motor to 90 degrees | Severity=75 | SourceName=Motor3 | EventType=application
[2026-08-16 19:36:50.226 (UTC)] info/application	[Motor] Received distance: 28.6002348356881 cm | Severity=75 | SourceName=Motor3 | EventType=application
[2026-08-16 19:36:50.226 (UTC)] info/application	[Motor] Distance safe (28.6002348356881); rotating motor to 90 degrees | Severity=75 | SourceName=Motor3 | EventType=application
[2026-08-16 19:36:51.227 (UTC)] info/application	[Motor] Received distance: 27.1010454607201 cm | Severity=75 | SourceName=Motor3 | EventType=application
[2026-08-16 19:36:51.227 (UTC)] info/application	[Motor] Distance safe (27.1010454607201); rotating motor to 90 degrees | Severity=75 | SourceName=Motor3 | EventType=application
[2026-08-16 19:36:52.227 (UTC)] info/application	[Motor] Received distance: 28.092109562872 cm | Severity=75 | SourceName=Motor3 | EventType=application
[2026-08-16 19:36:52.227 (UTC)] info/application	[Motor] Distance safe (28.092109562872); rotating motor to 90 degrees | Severity=75 | SourceName=Motor3 | EventType=application
[2026-08-16 19:36:53.235 (UTC)] info/application	[Motor] Received distance: 27.0002068949399 cm | Severity=75 | SourceName=Motor3 | EventType=application
[2026-08-16 19:36:53.235 (UTC)] info/application	[Motor] Distance safe (27.0002068949399); rotating motor to 90 degrees | Severity=75 | SourceName=Motor3 | EventType=application
[2026-08-16 19:36:54.228 (UTC)] info/application	[Motor] Received distance: 27.3291822999386 cm | Severity=75 | SourceName=Motor3 | EventType=application
[2026-08-16 19:36:54.228 (UTC)] info/application	[Motor] Distance safe (27.3291822999386); rotating motor to 90 degrees | Severity=75 | SourceName=Motor3 | EventType=application
[2026-08-16 19:36:55.237 (UTC)] info/application	[Motor] Received distance: 28.3172714006236 cm | Severity=75 | SourceName=Motor3 | EventType=application
[2026-08-16 19:36:55.237 (UTC)] info/application	[Motor] Distance safe (28.3172714006236); rotating motor to 90 degrees | Severity=75 | SourceName=Motor3 | EventType=application
[2026-08-16 19:36:56.229 (UTC)] info/application	[Motor] Received distance: 29.1135279806859 cm | Severity=75 | SourceName=Motor3 | EventType=application
[2026-08-16 19:36:56.229 (UTC)] info/application	[Motor] Distance safe (29.1135279806859); rotating motor to 90 degrees | Severity=75 | SourceName=Motor3 | EventType=application
[2026-08-16 19:36:57.237 (UTC)] info/application	[Motor] Received distance: 28.6299167592683 cm | Severity=75 | SourceName=Motor3 | EventType=application
[2026-08-16 19:36:57.237 (UTC)] info/application	[Motor] Distance safe (28.6299167592683); rotating motor to 90 degrees | Severity=75 | SourceName=Motor3 | EventType=application
[2026-08-16 19:36:58.230 (UTC)] info/application	[Motor] Received distance: 29.8307407152982 cm | Severity=75 | SourceName=Motor3 | EventType=application
[2026-08-16 19:36:58.230 (UTC)] info/application	[Motor] Distance safe (29.8307407152982); rotating motor to 90 degrees | Severity=75 | SourceName=Motor3 | EventType=application
[2026-08-16 19:36:59.238 (UTC)] info/application	[Motor] Received distance: 30.1755583727153 cm | Severity=75 | SourceName=Motor3 | EventType=application
[2026-08-16 19:36:59.238 (UTC)] info/application	[Motor] Distance safe (30.1755583727153); rotating motor to 90 degrees | Severity=75 | SourceName=Motor3 | EventType=application
[2026-08-16 19:37:00.230 (UTC)] info/application	[Motor] Received distance: 30.6571828805176 cm | Severity=75 | SourceName=Motor3 | EventType=application
[2026-08-16 19:37:00.230 (UTC)] info/application	[Motor] Distance safe (30.6571828805176); rotating motor to 90 degrees | Severity=75 | SourceName=Motor3 | EventType=application
[2026-08-16 19:37:01.238 (UTC)] info/application	[Motor] Received distance: 30.8509529583859 cm | Severity=75 | SourceName=Motor3 | EventType=application
[2026-08-16 19:37:01.238 (UTC)] info/application	[Motor] Distance safe (30.8509529583859); rotating motor to 90 degrees | Severity=75 | SourceName=Motor3 | EventType=application
[2026-08-16 19:37:02.231 (UTC)] info/application	[Motor] Received distance: 29.739170975396 cm | Severity=75 | SourceName=Motor3 | EventType=application
[2026-08-16 19:37:02.231 (UTC)] info/application	[Motor] Distance safe (29.739170975396); rotating motor to 90 degrees | Severity=75 | SourceName=Motor3 | EventType=application
[2026-08-16 19:37:03.239 (UTC)] info/application	[Motor] Received distance: 31.1531396869817 cm | Severity=75 | SourceName=Motor3 | EventType=application
[2026-08-16 19:37:03.239 (UTC)] info/application	[Motor] Distance safe (31.1531396869817); rotating motor to 90 degrees | Severity=75 | SourceName=Motor3 | EventType=application
[2026-08-16 19:37:04.232 (UTC)] info/application	[Motor] Received distance: 31.4061743213824 cm | Severity=75 | SourceName=Motor3 | EventType=application
[2026-08-16 19:37:04.232 (UTC)] info/application	[Motor] Distance safe (31.4061743213824); rotating motor to 90 degrees | Severity=75 | SourceName=Motor3 | EventType=application
[2026-08-16 19:37:05.241 (UTC)] info/application	[Motor] Received distance: 32.1054670003268 cm | Severity=75 | SourceName=Motor3 | EventType=application
[2026-08-16 19:37:05.241 (UTC)] info/application	[Motor] Distance safe (32.1054670003268); rotating motor to 90 degrees | Severity=75 | SourceName=Motor3 | EventType=application
[2026-08-16 19:37:06.234 (UTC)] info/application	[Motor] Received distance: 32.9309641359984 cm | Severity=75 | SourceName=Motor3 | EventType=application
[2026-08-16 19:37:06.234 (UTC)] info/application	[Motor] Distance safe (32.9309641359984); rotating motor to 90 degrees | Severity=75 | SourceName=Motor3 | EventType=application
[2026-08-16 19:37:07.225 (UTC)] info/application	[Motor] Received distance: 32.2666941190915 cm | Severity=75 | SourceName=Motor3 | EventType=application
[2026-08-16 19:37:07.225 (UTC)] info/application	[Motor] Distance safe (32.2666941190915); rotating motor to 90 degrees | Severity=75 | SourceName=Motor3 | EventType=application
[2026-08-16 19:37:08.226 (UTC)] info/application	[Motor] Received distance: 33.0831471379302 cm | Severity=75 | SourceName=Motor3 | EventType=application
[2026-08-16 19:37:08.226 (UTC)] info/application	[Motor] Distance safe (33.0831471379302); rotating motor to 90 degrees | Severity=75 | SourceName=Motor3 | EventType=application
[2026-08-16 19:37:09.227 (UTC)] info/application	[Motor] Received distance: 32.2691241068622 cm | Severity=75 | SourceName=Motor3 | EventType=application
[2026-08-16 19:37:09.227 (UTC)] info/application	[Motor] Distance safe (32.2691241068622); rotating motor to 90 degrees | Severity=75 | SourceName=Motor3 | EventType=application
[2026-08-16 19:37:10.235 (UTC)] info/application	[Motor] Received distance: 31.8200880139228 cm | Severity=75 | SourceName=Motor3 | EventType=application
[2026-08-16 19:37:10.235 (UTC)] info/application	[Motor] Distance safe (31.8200880139228); rotating motor to 90 degrees | Severity=75 | SourceName=Motor3 | EventType=application
[2026-08-16 19:37:11.227 (UTC)] info/application	[Motor] Received distance: 31.9699573472468 cm | Severity=75 | SourceName=Motor3 | EventType=application
[2026-08-16 19:37:11.227 (UTC)] info/application	[Motor] Distance safe (31.9699573472468); rotating motor to 90 degrees | Severity=75 | SourceName=Motor3 | EventType=application
[2026-08-16 19:37:12.236 (UTC)] info/application	[Motor] Received distance: 32.7407937607452 cm | Severity=75 | SourceName=Motor3 | EventType=application
[2026-08-16 19:37:12.236 (UTC)] info/application	[Motor] Distance safe (32.7407937607452); rotating motor to 90 degrees | Severity=75 | SourceName=Motor3 | EventType=application
[2026-08-16 19:37:13.228 (UTC)] info/application	[Motor] Received distance: 32.3587160179665 cm | Severity=75 | SourceName=Motor3 | EventType=application
[2026-08-16 19:37:13.228 (UTC)] info/application	[Motor] Distance safe (32.3587160179665); rotating motor to 90 degrees | Severity=75 | SourceName=Motor3 | EventType=application
[2026-08-16 19:37:14.236 (UTC)] info/application	[Motor] Received distance: 33.2749240027158 cm | Severity=75 | SourceName=Motor3 | EventType=application
[2026-08-16 19:37:14.236 (UTC)] info/application	[Motor] Distance safe (33.2749240027158); rotating motor to 90 degrees | Severity=75 | SourceName=Motor3 | EventType=application
[2026-08-16 19:37:15.228 (UTC)] info/application	[Motor] Received distance: 32.8653251777242 cm | Severity=75 | SourceName=Motor3 | EventType=application
[2026-08-16 19:37:15.228 (UTC)] info/application	[Motor] Distance safe (32.8653251777242); rotating motor to 90 degrees | Severity=75 | SourceName=Motor3 | EventType=application
[2026-08-16 19:37:16.237 (UTC)] info/application	[Motor] Received distance: 31.9610292631951 cm | Severity=75 | SourceName=Motor3 | EventType=application
[2026-08-16 19:37:16.237 (UTC)] info/application	[Motor] Distance safe (31.9610292631951); rotating motor to 90 degrees | Severity=75 | SourceName=Motor3 | EventType=application
[2026-08-16 19:37:17.229 (UTC)] info/application	[Motor] Received distance: 33.370214565131 cm | Severity=75 | SourceName=Motor3 | EventType=application
[2026-08-16 19:37:17.229 (UTC)] info/application	[Motor] Distance safe (33.370214565131); rotating motor to 90 degrees | Severity=75 | SourceName=Motor3 | EventType=application
[2026-08-16 19:37:18.237 (UTC)] info/application	[Motor] Received distance: 34.0060498639969 cm | Severity=75 | SourceName=Motor3 | EventType=application
[2026-08-16 19:37:18.238 (UTC)] info/application	[Motor] Distance safe (34.0060498639969); rotating motor to 90 degrees | Severity=75 | SourceName=Motor3 | EventType=application
[2026-08-16 19:37:19.229 (UTC)] info/application	[Motor] Received distance: 32.8997137418015 cm | Severity=75 | SourceName=Motor3 | EventType=application
[2026-08-16 19:37:19.229 (UTC)] info/application	[Motor] Distance safe (32.8997137418015); rotating motor to 90 degrees | Severity=75 | SourceName=Motor3 | EventType=application
[2026-08-16 19:37:20.237 (UTC)] info/application	[Motor] Received distance: 31.6141345764576 cm | Severity=75 | SourceName=Motor3 | EventType=application
[2026-08-16 19:37:20.237 (UTC)] info/application	[Motor] Distance safe (31.6141345764576); rotating motor to 90 degrees | Severity=75 | SourceName=Motor3 | EventType=application
[2026-08-16 19:37:21.230 (UTC)] info/application	[Motor] Received distance: 32.0924227487261 cm | Severity=75 | SourceName=Motor3 | EventType=application
[2026-08-16 19:37:21.230 (UTC)] info/application	[Motor] Distance safe (32.0924227487261); rotating motor to 90 degrees | Severity=75 | SourceName=Motor3 | EventType=application
[2026-08-16 19:37:22.238 (UTC)] info/application	[Motor] Received distance: 30.9868972529596 cm | Severity=75 | SourceName=Motor3 | EventType=application
[2026-08-16 19:37:22.238 (UTC)] info/application	[Motor] Distance safe (30.9868972529596); rotating motor to 90 degrees | Severity=75 | SourceName=Motor3 | EventType=application
[2026-08-16 19:37:23.231 (UTC)] info/application	[Motor] Received distance: 32.1923821911646 cm | Severity=75 | SourceName=Motor3 | EventType=application
[2026-08-16 19:37:23.231 (UTC)] info/application	[Motor] Distance safe (32.1923821911646); rotating motor to 90 degrees | Severity=75 | SourceName=Motor3 | EventType=application
[2026-08-16 19:37:24.239 (UTC)] info/application	[Motor] Received distance: 33.0787676955009 cm | Severity=75 | SourceName=Motor3 | EventType=application
[2026-08-16 19:37:24.239 (UTC)] info/application	[Motor] Distance safe (33.0787676955009); rotating motor to 90 degrees | Severity=75 | SourceName=Motor3 | EventType=application
[2026-08-16 19:37:25.231 (UTC)] info/application	[Motor] Received distance: 33.8022176047332 cm | Severity=75 | SourceName=Motor3 | EventType=application
[2026-08-16 19:37:25.231 (UTC)] info/application	[Motor] Distance safe (33.8022176047332); rotating motor to 90 degrees | Severity=75 | SourceName=Motor3 | EventType=application
[2026-08-16 19:37:26.239 (UTC)] info/application	[Motor] Received distance: 34.4957916422262 cm | Severity=75 | SourceName=Motor3 | EventType=application
[2026-08-16 19:37:26.239 (UTC)] info/application	[Motor] Distance safe (34.4957916422262); rotating motor to 90 degrees | Severity=75 | SourceName=Motor3 | EventType=application
[2026-08-16 19:37:27.231 (UTC)] info/application	[Motor] Received distance: 34.6784337252278 cm | Severity=75 | SourceName=Motor3 | EventType=application
[2026-08-16 19:37:27.231 (UTC)] info/application	[Motor] Distance safe (34.6784337252278); rotating motor to 90 degrees | Severity=75 | SourceName=Motor3 | EventType=application
[2026-08-16 19:37:28.240 (UTC)] info/application	[Motor] Received distance: 33.4182724116455 cm | Severity=75 | SourceName=Motor3 | EventType=application
[2026-08-16 19:37:28.240 (UTC)] info/application	[Motor] Distance safe (33.4182724116455); rotating motor to 90 degrees | Severity=75 | SourceName=Motor3 | EventType=application
[2026-08-16 19:37:29.232 (UTC)] info/application	[Motor] Received distance: 33.8126704037714 cm | Severity=75 | SourceName=Motor3 | EventType=application
[2026-08-16 19:37:29.232 (UTC)] info/application	[Motor] Distance safe (33.8126704037714); rotating motor to 90 degrees | Severity=75 | SourceName=Motor3 | EventType=application
[2026-08-16 19:37:30.240 (UTC)] info/application	[Motor] Received distance: 32.8401301427931 cm | Severity=75 | SourceName=Motor3 | EventType=application
[2026-08-16 19:37:30.240 (UTC)] info/application	[Motor] Distance safe (32.8401301427931); rotating motor to 90 degrees | Severity=75 | SourceName=Motor3 | EventType=application
[2026-08-16 19:37:31.233 (UTC)] info/application	[Motor] Received distance: 33.5615933370132 cm | Severity=75 | SourceName=Motor3 | EventType=application
[2026-08-16 19:37:31.233 (UTC)] info/application	[Motor] Distance safe (33.5615933370132); rotating motor to 90 degrees | Severity=75 | SourceName=Motor3 | EventType=application
[2026-08-16 19:37:32.241 (UTC)] info/application	[Motor] Received distance: 32.6497614056104 cm | Severity=75 | SourceName=Motor3 | EventType=application
[2026-08-16 19:37:32.241 (UTC)] info/application	[Motor] Distance safe (32.6497614056104); rotating motor to 90 degrees | Severity=75 | SourceName=Motor3 | EventType=application
[2026-08-16 19:37:33.225 (UTC)] info/application	[Motor] Received distance: 32.0654391630392 cm | Severity=75 | SourceName=Motor3 | EventType=application
[2026-08-16 19:37:33.225 (UTC)] info/application	[Motor] Distance safe (32.0654391630392); rotating motor to 90 degrees | Severity=75 | SourceName=Motor3 | EventType=application
[2026-08-16 19:37:34.226 (UTC)] info/application	[Motor] Received distance: 32.700871068845 cm | Severity=75 | SourceName=Motor3 | EventType=application
[2026-08-16 19:37:34.226 (UTC)] info/application	[Motor] Distance safe (32.700871068845); rotating motor to 90 degrees | Severity=75 | SourceName=Motor3 | EventType=application
[2026-08-16 19:37:35.226 (UTC)] info/application	[Motor] Received distance: 33.5420737718428 cm | Severity=75 | SourceName=Motor3 | EventType=application
[2026-08-16 19:37:35.226 (UTC)] info/application	[Motor] Distance safe (33.5420737718428); rotating motor to 90 degrees | Severity=75 | SourceName=Motor3 | EventType=application
[2026-08-16 19:37:36.227 (UTC)] info/application	[Motor] Received distance: 32.1570442068191 cm | Severity=75 | SourceName=Motor3 | EventType=application
[2026-08-16 19:37:36.227 (UTC)] info/application	[Motor] Distance safe (32.1570442068191); rotating motor to 90 degrees | Severity=75 | SourceName=Motor3 | EventType=application
[2026-08-16 19:37:37.235 (UTC)] info/application	[Motor] Received distance: 32.1179732468994 cm | Severity=75 | SourceName=Motor3 | EventType=application
[2026-08-16 19:37:37.235 (UTC)] info/application	[Motor] Distance safe (32.1179732468994); rotating motor to 90 degrees | Severity=75 | SourceName=Motor3 | EventType=application
[2026-08-16 19:37:38.227 (UTC)] info/application	[Motor] Received distance: 30.7949059315933 cm | Severity=75 | SourceName=Motor3 | EventType=application
[2026-08-16 19:37:38.227 (UTC)] info/application	[Motor] Distance safe (30.7949059315933); rotating motor to 90 degrees | Severity=75 | SourceName=Motor3 | EventType=application
[2026-08-16 19:37:39.235 (UTC)] info/application	[Motor] Received distance: 31.7263293868053 cm | Severity=75 | SourceName=Motor3 | EventType=application
[2026-08-16 19:37:39.235 (UTC)] info/application	[Motor] Distance safe (31.7263293868053); rotating motor to 90 degrees | Severity=75 | SourceName=Motor3 | EventType=application
[2026-08-16 19:37:40.228 (UTC)] info/application	[Motor] Received distance: 32.3732353958177 cm | Severity=75 | SourceName=Motor3 | EventType=application
[2026-08-16 19:37:40.228 (UTC)] info/application	[Motor] Distance safe (32.3732353958177); rotating motor to 90 degrees | Severity=75 | SourceName=Motor3 | EventType=application
[2026-08-16 19:37:41.236 (UTC)] info/application	[Motor] Received distance: 32.1011319889692 cm | Severity=75 | SourceName=Motor3 | EventType=application
[2026-08-16 19:37:41.236 (UTC)] info/application	[Motor] Distance safe (32.1011319889692); rotating motor to 90 degrees | Severity=75 | SourceName=Motor3 | EventType=application
[2026-08-16 19:37:42.228 (UTC)] info/application	[Motor] Received distance: 31.6824247761082 cm | Severity=75 | SourceName=Motor3 | EventType=application
[2026-08-16 19:37:42.228 (UTC)] info/application	[Motor] Distance safe (31.6824247761082); rotating motor to 90 degrees | Severity=75 | SourceName=Motor3 | EventType=application
[2026-08-16 19:37:43.237 (UTC)] info/application	[Motor] Received distance: 31.600167197222 cm | Severity=75 | SourceName=Motor3 | EventType=application
[2026-08-16 19:37:43.237 (UTC)] info/application	[Motor] Distance safe (31.600167197222); rotating motor to 90 degrees | Severity=75 | SourceName=Motor3 | EventType=application
[2026-08-16 19:37:44.230 (UTC)] info/application	[Motor] Received distance: 32.4459860475948 cm | Severity=75 | SourceName=Motor3 | EventType=application
[2026-08-16 19:37:44.230 (UTC)] info/application	[Motor] Distance safe (32.4459860475948); rotating motor to 90 degrees | Severity=75 | SourceName=Motor3 | EventType=application
[2026-08-16 19:37:45.239 (UTC)] info/application	[Motor] Received distance: 31.4434868194831 cm | Severity=75 | SourceName=Motor3 | EventType=application
[2026-08-16 19:37:45.239 (UTC)] info/application	[Motor] Distance safe (31.4434868194831); rotating motor to 90 degrees | Severity=75 | SourceName=Motor3 | EventType=application
[2026-08-16 19:37:46.231 (UTC)] info/application	[Motor] Received distance: 32.4516304170022 cm | Severity=75 | SourceName=Motor3 | EventType=application
[2026-08-16 19:37:46.231 (UTC)] info/application	[Motor] Distance safe (32.4516304170022); rotating motor to 90 degrees | Severity=75 | SourceName=Motor3 | EventType=application
[2026-08-16 19:37:47.240 (UTC)] info/application	[Motor] Received distance: 33.893153352846 cm | Severity=75 | SourceName=Motor3 | EventType=application
[2026-08-16 19:37:47.240 (UTC)] info/application	[Motor] Distance safe (33.893153352846); rotating motor to 90 degrees | Severity=75 | SourceName=Motor3 | EventType=application
[2026-08-16 19:37:48.231 (UTC)] info/application	[Motor] Received distance: 32.7998394252732 cm | Severity=75 | SourceName=Motor3 | EventType=application
[2026-08-16 19:37:48.231 (UTC)] info/application	[Motor] Distance safe (32.7998394252732); rotating motor to 90 degrees | Severity=75 | SourceName=Motor3 | EventType=application
[2026-08-16 19:37:49.240 (UTC)] info/application	[Motor] Received distance: 32.9438183202612 cm | Severity=75 | SourceName=Motor3 | EventType=application
[2026-08-16 19:37:49.240 (UTC)] info/application	[Motor] Distance safe (32.9438183202612); rotating motor to 90 degrees | Severity=75 | SourceName=Motor3 | EventType=application
[2026-08-16 19:37:50.233 (UTC)] info/application	[Motor] Received distance: 31.7790051339096 cm | Severity=75 | SourceName=Motor3 | EventType=application
[2026-08-16 19:37:50.233 (UTC)] info/application	[Motor] Distance safe (31.7790051339096); rotating motor to 90 degrees | Severity=75 | SourceName=Motor3 | EventType=application
[2026-08-16 19:37:51.242 (UTC)] info/application	[Motor] Received distance: 30.9001120409929 cm | Severity=75 | SourceName=Motor3 | EventType=application
[2026-08-16 19:37:51.242 (UTC)] info/application	[Motor] Distance safe (30.9001120409929); rotating motor to 90 degrees | Severity=75 | SourceName=Motor3 | EventType=application
[2026-08-16 19:37:52.225 (UTC)] info/application	[Motor] Received distance: 30.0223791068524 cm | Severity=75 | SourceName=Motor3 | EventType=application
[2026-08-16 19:37:52.225 (UTC)] info/application	[Motor] Distance safe (30.0223791068524); rotating motor to 90 degrees | Severity=75 | SourceName=Motor3 | EventType=application
[2026-08-16 19:37:53.225 (UTC)] info/application	[Motor] Received distance: 29.2520404247344 cm | Severity=75 | SourceName=Motor3 | EventType=application
[2026-08-16 19:37:53.225 (UTC)] info/application	[Motor] Distance safe (29.2520404247344); rotating motor to 90 degrees | Severity=75 | SourceName=Motor3 | EventType=application
[2026-08-16 19:37:54.226 (UTC)] info/application	[Motor] Received distance: 28.0786322686256 cm | Severity=75 | SourceName=Motor3 | EventType=application
[2026-08-16 19:37:54.226 (UTC)] info/application	[Motor] Distance safe (28.0786322686256); rotating motor to 90 degrees | Severity=75 | SourceName=Motor3 | EventType=application
[2026-08-16 19:37:55.226 (UTC)] info/application	[Motor] Received distance: 26.5872848374244 cm | Severity=75 | SourceName=Motor3 | EventType=application
[2026-08-16 19:37:55.226 (UTC)] info/application	[Motor] Distance safe (26.5872848374244); rotating motor to 90 degrees | Severity=75 | SourceName=Motor3 | EventType=application
[2026-08-16 19:37:56.226 (UTC)] info/application	[Motor] Received distance: 28.0403960645387 cm | Severity=75 | SourceName=Motor3 | EventType=application
[2026-08-16 19:37:56.226 (UTC)] info/application	[Motor] Distance safe (28.0403960645387); rotating motor to 90 degrees | Severity=75 | SourceName=Motor3 | EventType=application
[2026-08-16 19:37:57.227 (UTC)] info/application	[Motor] Received distance: 29.0605619459229 cm | Severity=75 | SourceName=Motor3 | EventType=application
[2026-08-16 19:37:57.227 (UTC)] info/application	[Motor] Distance safe (29.0605619459229); rotating motor to 90 degrees | Severity=75 | SourceName=Motor3 | EventType=application
[2026-08-16 19:37:58.235 (UTC)] info/application	[Motor] Received distance: 29.2518565991204 cm | Severity=75 | SourceName=Motor3 | EventType=application
[2026-08-16 19:37:58.235 (UTC)] info/application	[Motor] Distance safe (29.2518565991204); rotating motor to 90 degrees | Severity=75 | SourceName=Motor3 | EventType=application
[2026-08-16 19:37:59.226 (UTC)] info/application	[Motor] Received distance: 27.9448065112554 cm | Severity=75 | SourceName=Motor3 | EventType=application
[2026-08-16 19:37:59.226 (UTC)] info/application	[Motor] Distance safe (27.9448065112554); rotating motor to 90 degrees | Severity=75 | SourceName=Motor3 | EventType=application
[2026-08-16 19:38:00.227 (UTC)] info/application	[Motor] Received distance: 27.8593703833685 cm | Severity=75 | SourceName=Motor3 | EventType=application
[2026-08-16 19:38:00.227 (UTC)] info/application	[Motor] Distance safe (27.8593703833685); rotating motor to 90 degrees | Severity=75 | SourceName=Motor3 | EventType=application
[2026-08-16 19:38:01.227 (UTC)] info/application	[Motor] Received distance: 28.5781247755876 cm | Severity=75 | SourceName=Motor3 | EventType=application
[2026-08-16 19:38:01.227 (UTC)] info/application	[Motor] Distance safe (28.5781247755876); rotating motor to 90 degrees | Severity=75 | SourceName=Motor3 | EventType=application
[2026-08-16 19:38:02.227 (UTC)] info/application	[Motor] Received distance: 29.4925378833397 cm | Severity=75 | SourceName=Motor3 | EventType=application
[2026-08-16 19:38:02.227 (UTC)] info/application	[Motor] Distance safe (29.4925378833397); rotating motor to 90 degrees | Severity=75 | SourceName=Motor3 | EventType=application
[2026-08-16 19:38:03.236 (UTC)] info/application	[Motor] Received distance: 29.995269825447 cm | Severity=75 | SourceName=Motor3 | EventType=application
[2026-08-16 19:38:03.236 (UTC)] info/application	[Motor] Distance safe (29.995269825447); rotating motor to 90 degrees | Severity=75 | SourceName=Motor3 | EventType=application
[2026-08-16 19:38:04.227 (UTC)] info/application	[Motor] Received distance: 28.629701973698 cm | Severity=75 | SourceName=Motor3 | EventType=application
[2026-08-16 19:38:04.227 (UTC)] info/application	[Motor] Distance safe (28.629701973698); rotating motor to 90 degrees | Severity=75 | SourceName=Motor3 | EventType=application
[2026-08-16 19:38:05.235 (UTC)] info/application	[Motor] Received distance: 28.6795469858588 cm | Severity=75 | SourceName=Motor3 | EventType=application
[2026-08-16 19:38:05.235 (UTC)] info/application	[Motor] Distance safe (28.6795469858588); rotating motor to 90 degrees | Severity=75 | SourceName=Motor3 | EventType=application
[2026-08-16 19:38:06.228 (UTC)] info/application	[Motor] Received distance: 28.523481629567 cm | Severity=75 | SourceName=Motor3 | EventType=application
[2026-08-16 19:38:06.228 (UTC)] info/application	[Motor] Distance safe (28.523481629567); rotating motor to 90 degrees | Severity=75 | SourceName=Motor3 | EventType=application
[2026-08-16 19:38:07.236 (UTC)] info/application	[Motor] Received distance: 27.2728842141912 cm | Severity=75 | SourceName=Motor3 | EventType=application
[2026-08-16 19:38:07.236 (UTC)] info/application	[Motor] Distance safe (27.2728842141912); rotating motor to 90 degrees | Severity=75 | SourceName=Motor3 | EventType=application
[2026-08-16 19:38:08.228 (UTC)] info/application	[Motor] Received distance: 25.7836582650354 cm | Severity=75 | SourceName=Motor3 | EventType=application
[2026-08-16 19:38:08.228 (UTC)] info/application	[Motor] Distance safe (25.7836582650354); rotating motor to 90 degrees | Severity=75 | SourceName=Motor3 | EventType=application
[2026-08-16 19:38:09.236 (UTC)] info/application	[Motor] Received distance: 25.8045255948345 cm | Severity=75 | SourceName=Motor3 | EventType=application
[2026-08-16 19:38:09.236 (UTC)] info/application	[Motor] Distance safe (25.8045255948345); rotating motor to 90 degrees | Severity=75 | SourceName=Motor3 | EventType=application
[2026-08-16 19:38:10.229 (UTC)] info/application	[Motor] Received distance: 26.9853516346707 cm | Severity=75 | SourceName=Motor3 | EventType=application
[2026-08-16 19:38:10.229 (UTC)] info/application	[Motor] Distance safe (26.9853516346707); rotating motor to 90 degrees | Severity=75 | SourceName=Motor3 | EventType=application
[2026-08-16 19:38:11.238 (UTC)] info/application	[Motor] Received distance: 27.6430316959243 cm | Severity=75 | SourceName=Motor3 | EventType=application
[2026-08-16 19:38:11.238 (UTC)] info/application	[Motor] Distance safe (27.6430316959243); rotating motor to 90 degrees | Severity=75 | SourceName=Motor3 | EventType=application
[2026-08-16 19:38:12.229 (UTC)] info/application	[Motor] Received distance: 28.8917956188749 cm | Severity=75 | SourceName=Motor3 | EventType=application
[2026-08-16 19:38:12.229 (UTC)] info/application	[Motor] Distance safe (28.8917956188749); rotating motor to 90 degrees | Severity=75 | SourceName=Motor3 | EventType=application
[2026-08-16 19:38:13.238 (UTC)] info/application	[Motor] Received distance: 28.153914444453 cm | Severity=75 | SourceName=Motor3 | EventType=application
[2026-08-16 19:38:13.238 (UTC)] info/application	[Motor] Distance safe (28.153914444453); rotating motor to 90 degrees | Severity=75 | SourceName=Motor3 | EventType=application
[2026-08-16 19:38:14.229 (UTC)] info/application	[Motor] Received distance: 27.2293369254234 cm | Severity=75 | SourceName=Motor3 | EventType=application
[2026-08-16 19:38:14.229 (UTC)] info/application	[Motor] Distance safe (27.2293369254234); rotating motor to 90 degrees | Severity=75 | SourceName=Motor3 | EventType=application
[2026-08-16 19:38:15.237 (UTC)] info/application	[Motor] Received distance: 27.8239196973499 cm | Severity=75 | SourceName=Motor3 | EventType=application
[2026-08-16 19:38:15.237 (UTC)] info/application	[Motor] Distance safe (27.8239196973499); rotating motor to 90 degrees | Severity=75 | SourceName=Motor3 | EventType=application
[2026-08-16 19:38:16.230 (UTC)] info/application	[Motor] Received distance: 27.5835392948163 cm | Severity=75 | SourceName=Motor3 | EventType=application
[2026-08-16 19:38:16.230 (UTC)] info/application	[Motor] Distance safe (27.5835392948163); rotating motor to 90 degrees | Severity=75 | SourceName=Motor3 | EventType=application
[2026-08-16 19:38:17.238 (UTC)] info/application	[Motor] Received distance: 26.1671053719088 cm | Severity=75 | SourceName=Motor3 | EventType=application
[2026-08-16 19:38:17.238 (UTC)] info/application	[Motor] Distance safe (26.1671053719088); rotating motor to 90 degrees | Severity=75 | SourceName=Motor3 | EventType=application
[2026-08-16 19:38:18.231 (UTC)] info/application	[Motor] Received distance: 26.7032110796791 cm | Severity=75 | SourceName=Motor3 | EventType=application
[2026-08-16 19:38:18.231 (UTC)] info/application	[Motor] Distance safe (26.7032110796791); rotating motor to 90 degrees | Severity=75 | SourceName=Motor3 | EventType=application
[2026-08-16 19:38:19.239 (UTC)] info/application	[Motor] Received distance: 26.8695167495727 cm | Severity=75 | SourceName=Motor3 | EventType=application
[2026-08-16 19:38:19.239 (UTC)] info/application	[Motor] Distance safe (26.8695167495727); rotating motor to 90 degrees | Severity=75 | SourceName=Motor3 | EventType=application
[2026-08-16 19:38:20.232 (UTC)] info/application	[Motor] Received distance: 27.0970617230502 cm | Severity=75 | SourceName=Motor3 | EventType=application
[2026-08-16 19:38:20.232 (UTC)] info/application	[Motor] Distance safe (27.0970617230502); rotating motor to 90 degrees | Severity=75 | SourceName=Motor3 | EventType=application
[2026-08-16 19:38:21.240 (UTC)] info/application	[Motor] Received distance: 27.9683542444689 cm | Severity=75 | SourceName=Motor3 | EventType=application
[2026-08-16 19:38:21.240 (UTC)] info/application	[Motor] Distance safe (27.9683542444689); rotating motor to 90 degrees | Severity=75 | SourceName=Motor3 | EventType=application
[2026-08-16 19:38:22.232 (UTC)] info/application	[Motor] Received distance: 28.7557668228428 cm | Severity=75 | SourceName=Motor3 | EventType=application
[2026-08-16 19:38:22.232 (UTC)] info/application	[Motor] Distance safe (28.7557668228428); rotating motor to 90 degrees | Severity=75 | SourceName=Motor3 | EventType=application
[2026-08-16 19:38:23.240 (UTC)] info/application	[Motor] Received distance: 29.6055788621798 cm | Severity=75 | SourceName=Motor3 | EventType=application
[2026-08-16 19:38:23.240 (UTC)] info/application	[Motor] Distance safe (29.6055788621798); rotating motor to 90 degrees | Severity=75 | SourceName=Motor3 | EventType=application
[2026-08-16 19:38:24.233 (UTC)] info/application	[Motor] Received distance: 28.2065327000835 cm | Severity=75 | SourceName=Motor3 | EventType=application
[2026-08-16 19:38:24.234 (UTC)] info/application	[Motor] Distance safe (28.2065327000835); rotating motor to 90 degrees | Severity=75 | SourceName=Motor3 | EventType=application
[2026-08-16 19:38:25.224 (UTC)] info/application	[Motor] Received distance: 29.3205371223486 cm | Severity=75 | SourceName=Motor3 | EventType=application
[2026-08-16 19:38:25.224 (UTC)] info/application	[Motor] Distance safe (29.3205371223486); rotating motor to 90 degrees | Severity=75 | SourceName=Motor3 | EventType=application
[2026-08-16 19:38:26.225 (UTC)] info/application	[Motor] Received distance: 30.1790017318814 cm | Severity=75 | SourceName=Motor3 | EventType=application
[2026-08-16 19:38:26.225 (UTC)] info/application	[Motor] Distance safe (30.1790017318814); rotating motor to 90 degrees | Severity=75 | SourceName=Motor3 | EventType=application
[2026-08-16 19:38:27.225 (UTC)] info/application	[Motor] Received distance: 28.7330667955024 cm | Severity=75 | SourceName=Motor3 | EventType=application
[2026-08-16 19:38:27.225 (UTC)] info/application	[Motor] Distance safe (28.7330667955024); rotating motor to 90 degrees | Severity=75 | SourceName=Motor3 | EventType=application
[2026-08-16 19:38:28.226 (UTC)] info/application	[Motor] Received distance: 29.3672370991517 cm | Severity=75 | SourceName=Motor3 | EventType=application
[2026-08-16 19:38:28.226 (UTC)] info/application	[Motor] Distance safe (29.3672370991517); rotating motor to 90 degrees | Severity=75 | SourceName=Motor3 | EventType=application
[2026-08-16 19:38:29.226 (UTC)] info/application	[Motor] Received distance: 28.916996360485 cm | Severity=75 | SourceName=Motor3 | EventType=application
[2026-08-16 19:38:29.226 (UTC)] info/application	[Motor] Distance safe (28.916996360485); rotating motor to 90 degrees | Severity=75 | SourceName=Motor3 | EventType=application
[2026-08-16 19:38:30.226 (UTC)] info/application	[Motor] Received distance: 27.6640113362409 cm | Severity=75 | SourceName=Motor3 | EventType=application
[2026-08-16 19:38:30.226 (UTC)] info/application	[Motor] Distance safe (27.6640113362409); rotating motor to 90 degrees | Severity=75 | SourceName=Motor3 | EventType=application
[2026-08-16 19:38:31.226 (UTC)] info/application	[Motor] Received distance: 26.7127455106064 cm | Severity=75 | SourceName=Motor3 | EventType=application
[2026-08-16 19:38:31.226 (UTC)] info/application	[Motor] Distance safe (26.7127455106064); rotating motor to 90 degrees | Severity=75 | SourceName=Motor3 | EventType=application
[2026-08-16 19:38:32.227 (UTC)] info/application	[Motor] Received distance: 25.4812591627619 cm | Severity=75 | SourceName=Motor3 | EventType=application
[2026-08-16 19:38:32.227 (UTC)] info/application	[Motor] Distance safe (25.4812591627619); rotating motor to 90 degrees | Severity=75 | SourceName=Motor3 | EventType=application
[2026-08-16 19:38:33.235 (UTC)] info/application	[Motor] Received distance: 26.6426872462699 cm | Severity=75 | SourceName=Motor3 | EventType=application
[2026-08-16 19:38:33.235 (UTC)] info/application	[Motor] Distance safe (26.6426872462699); rotating motor to 90 degrees | Severity=75 | SourceName=Motor3 | EventType=application
[2026-08-16 19:38:34.228 (UTC)] info/application	[Motor] Received distance: 27.6941533627427 cm | Severity=75 | SourceName=Motor3 | EventType=application
[2026-08-16 19:38:34.228 (UTC)] info/application	[Motor] Distance safe (27.6941533627427); rotating motor to 90 degrees | Severity=75 | SourceName=Motor3 | EventType=application
[2026-08-16 19:38:35.236 (UTC)] info/application	[Motor] Received distance: 26.5970991645461 cm | Severity=75 | SourceName=Motor3 | EventType=application
[2026-08-16 19:38:35.236 (UTC)] info/application	[Motor] Distance safe (26.5970991645461); rotating motor to 90 degrees | Severity=75 | SourceName=Motor3 | EventType=application
[2026-08-16 19:38:36.228 (UTC)] info/application	[Motor] Received distance: 26.308372258818 cm | Severity=75 | SourceName=Motor3 | EventType=application
[2026-08-16 19:38:36.228 (UTC)] info/application	[Motor] Distance safe (26.308372258818); rotating motor to 90 degrees | Severity=75 | SourceName=Motor3 | EventType=application
[2026-08-16 19:38:37.237 (UTC)] info/application	[Motor] Received distance: 25.7037730189989 cm | Severity=75 | SourceName=Motor3 | EventType=application
[2026-08-16 19:38:37.237 (UTC)] info/application	[Motor] Distance safe (25.7037730189989); rotating motor to 90 degrees | Severity=75 | SourceName=Motor3 | EventType=application
[2026-08-16 19:38:38.229 (UTC)] info/application	[Motor] Received distance: 24.8561214054265 cm | Severity=75 | SourceName=Motor3 | EventType=application
[2026-08-16 19:38:38.229 (UTC)] info/application	[Motor] Distance safe (24.8561214054265); rotating motor to 90 degrees | Severity=75 | SourceName=Motor3 | EventType=application
[2026-08-16 19:38:39.237 (UTC)] info/application	[Motor] Received distance: 24.5781685519396 cm | Severity=75 | SourceName=Motor3 | EventType=application
[2026-08-16 19:38:39.237 (UTC)] info/application	[Motor] Distance safe (24.5781685519396); rotating motor to 90 degrees | Severity=75 | SourceName=Motor3 | EventType=application
[2026-08-16 19:38:40.230 (UTC)] info/application	[Motor] Received distance: 25.4944366419196 cm | Severity=75 | SourceName=Motor3 | EventType=application
[2026-08-16 19:38:40.230 (UTC)] info/application	[Motor] Distance safe (25.4944366419196); rotating motor to 90 degrees | Severity=75 | SourceName=Motor3 | EventType=application
[2026-08-16 19:38:41.238 (UTC)] info/application	[Motor] Received distance: 24.3276110667864 cm | Severity=75 | SourceName=Motor3 | EventType=application
[2026-08-16 19:38:41.238 (UTC)] info/application	[Motor] Distance safe (24.3276110667864); rotating motor to 90 degrees | Severity=75 | SourceName=Motor3 | EventType=application
[2026-08-16 19:38:42.231 (UTC)] info/application	[Motor] Received distance: 23.2073382731561 cm | Severity=75 | SourceName=Motor3 | EventType=application
[2026-08-16 19:38:42.231 (UTC)] info/application	[Motor] Distance safe (23.2073382731561); rotating motor to 90 degrees | Severity=75 | SourceName=Motor3 | EventType=application
[2026-08-16 19:38:43.240 (UTC)] info/application	[Motor] Received distance: 23.8723702846898 cm | Severity=75 | SourceName=Motor3 | EventType=application
[2026-08-16 19:38:43.240 (UTC)] info/application	[Motor] Distance safe (23.8723702846898); rotating motor to 90 degrees | Severity=75 | SourceName=Motor3 | EventType=application
[2026-08-16 19:38:44.232 (UTC)] info/application	[Motor] Received distance: 23.4676635351347 cm | Severity=75 | SourceName=Motor3 | EventType=application
[2026-08-16 19:38:44.232 (UTC)] info/application	[Motor] Distance safe (23.4676635351347); rotating motor to 90 degrees | Severity=75 | SourceName=Motor3 | EventType=application
[2026-08-16 19:38:45.240 (UTC)] info/application	[Motor] Received distance: 22.9228132224748 cm | Severity=75 | SourceName=Motor3 | EventType=application
[2026-08-16 19:38:45.240 (UTC)] info/application	[Motor] Distance safe (22.9228132224748); rotating motor to 90 degrees | Severity=75 | SourceName=Motor3 | EventType=application
[2026-08-16 19:38:46.233 (UTC)] info/application	[Motor] Received distance: 22.6824280045379 cm | Severity=75 | SourceName=Motor3 | EventType=application
[2026-08-16 19:38:46.233 (UTC)] info/application	[Motor] Distance safe (22.6824280045379); rotating motor to 90 degrees | Severity=75 | SourceName=Motor3 | EventType=application
[2026-08-16 19:38:47.241 (UTC)] info/application	[Motor] Received distance: 23.5373408538463 cm | Severity=75 | SourceName=Motor3 | EventType=application
[2026-08-16 19:38:47.241 (UTC)] info/application	[Motor] Distance safe (23.5373408538463); rotating motor to 90 degrees | Severity=75 | SourceName=Motor3 | EventType=application
[2026-08-16 19:38:48.225 (UTC)] info/application	[Motor] Received distance: 23.0760566196759 cm | Severity=75 | SourceName=Motor3 | EventType=application
[2026-08-16 19:38:48.225 (UTC)] info/application	[Motor] Distance safe (23.0760566196759); rotating motor to 90 degrees | Severity=75 | SourceName=Motor3 | EventType=application
[2026-08-16 19:38:49.225 (UTC)] info/application	[Motor] Received distance: 21.8717771081123 cm | Severity=75 | SourceName=Motor3 | EventType=application
[2026-08-16 19:38:49.225 (UTC)] info/application	[Motor] Distance safe (21.8717771081123); rotating motor to 90 degrees | Severity=75 | SourceName=Motor3 | EventType=application
[2026-08-16 19:38:50.226 (UTC)] info/application	[Motor] Received distance: 21.3929956259173 cm | Severity=75 | SourceName=Motor3 | EventType=application
[2026-08-16 19:38:50.226 (UTC)] info/application	[Motor] Distance safe (21.3929956259173); rotating motor to 90 degrees | Severity=75 | SourceName=Motor3 | EventType=application
[2026-08-16 19:38:51.226 (UTC)] info/application	[Motor] Received distance: 22.6592563652244 cm | Severity=75 | SourceName=Motor3 | EventType=application
[2026-08-16 19:38:51.226 (UTC)] info/application	[Motor] Distance safe (22.6592563652244); rotating motor to 90 degrees | Severity=75 | SourceName=Motor3 | EventType=application
[2026-08-16 19:38:52.227 (UTC)] info/application	[Motor] Received distance: 23.8262693750794 cm | Severity=75 | SourceName=Motor3 | EventType=application
[2026-08-16 19:38:52.227 (UTC)] info/application	[Motor] Distance safe (23.8262693750794); rotating motor to 90 degrees | Severity=75 | SourceName=Motor3 | EventType=application
[2026-08-16 19:38:53.226 (UTC)] info/application	[Motor] Received distance: 22.6349004698614 cm | Severity=75 | SourceName=Motor3 | EventType=application
[2026-08-16 19:38:53.226 (UTC)] info/application	[Motor] Distance safe (22.6349004698614); rotating motor to 90 degrees | Severity=75 | SourceName=Motor3 | EventType=application
[2026-08-16 19:38:54.226 (UTC)] info/application	[Motor] Received distance: 23.2509732471085 cm | Severity=75 | SourceName=Motor3 | EventType=application
[2026-08-16 19:38:54.226 (UTC)] info/application	[Motor] Distance safe (23.2509732471085); rotating motor to 90 degrees | Severity=75 | SourceName=Motor3 | EventType=application
[2026-08-16 19:38:55.227 (UTC)] info/application	[Motor] Received distance: 24.5189400948672 cm | Severity=75 | SourceName=Motor3 | EventType=application
[2026-08-16 19:38:55.227 (UTC)] info/application	[Motor] Distance safe (24.5189400948672); rotating motor to 90 degrees | Severity=75 | SourceName=Motor3 | EventType=application
[2026-08-16 19:38:56.236 (UTC)] info/application	[Motor] Received distance: 25.9415756133113 cm | Severity=75 | SourceName=Motor3 | EventType=application
[2026-08-16 19:38:56.236 (UTC)] info/application	[Motor] Distance safe (25.9415756133113); rotating motor to 90 degrees | Severity=75 | SourceName=Motor3 | EventType=application
[2026-08-16 19:38:57.227 (UTC)] info/application	[Motor] Received distance: 25.9161129986942 cm | Severity=75 | SourceName=Motor3 | EventType=application
[2026-08-16 19:38:57.227 (UTC)] info/application	[Motor] Distance safe (25.9161129986942); rotating motor to 90 degrees | Severity=75 | SourceName=Motor3 | EventType=application
[2026-08-16 19:38:58.235 (UTC)] info/application	[Motor] Received distance: 27.2381449100739 cm | Severity=75 | SourceName=Motor3 | EventType=application
[2026-08-16 19:38:58.235 (UTC)] info/application	[Motor] Distance safe (27.2381449100739); rotating motor to 90 degrees | Severity=75 | SourceName=Motor3 | EventType=application
[2026-08-16 19:38:59.228 (UTC)] info/application	[Motor] Received distance: 27.7949507307703 cm | Severity=75 | SourceName=Motor3 | EventType=application
[2026-08-16 19:38:59.228 (UTC)] info/application	[Motor] Distance safe (27.7949507307703); rotating motor to 90 degrees | Severity=75 | SourceName=Motor3 | EventType=application
[2026-08-16 19:39:00.236 (UTC)] info/application	[Motor] Received distance: 28.8192473774866 cm | Severity=75 | SourceName=Motor3 | EventType=application
[2026-08-16 19:39:00.236 (UTC)] info/application	[Motor] Distance safe (28.8192473774866); rotating motor to 90 degrees | Severity=75 | SourceName=Motor3 | EventType=application
[2026-08-16 19:39:01.229 (UTC)] info/application	[Motor] Received distance: 27.3882942646222 cm | Severity=75 | SourceName=Motor3 | EventType=application
[2026-08-16 19:39:01.229 (UTC)] info/application	[Motor] Distance safe (27.3882942646222); rotating motor to 90 degrees | Severity=75 | SourceName=Motor3 | EventType=application
[2026-08-16 19:39:02.237 (UTC)] info/application	[Motor] Received distance: 28.4938342596841 cm | Severity=75 | SourceName=Motor3 | EventType=application
[2026-08-16 19:39:02.237 (UTC)] info/application	[Motor] Distance safe (28.4938342596841); rotating motor to 90 degrees | Severity=75 | SourceName=Motor3 | EventType=application
[2026-08-16 19:39:03.230 (UTC)] info/application	[Motor] Received distance: 29.7866445599527 cm | Severity=75 | SourceName=Motor3 | EventType=application
[2026-08-16 19:39:03.230 (UTC)] info/application	[Motor] Distance safe (29.7866445599527); rotating motor to 90 degrees | Severity=75 | SourceName=Motor3 | EventType=application
[2026-08-16 19:39:04.239 (UTC)] info/application	[Motor] Received distance: 31.0171195305964 cm | Severity=75 | SourceName=Motor3 | EventType=application
[2026-08-16 19:39:04.239 (UTC)] info/application	[Motor] Distance safe (31.0171195305964); rotating motor to 90 degrees | Severity=75 | SourceName=Motor3 | EventType=application
[2026-08-16 19:39:05.231 (UTC)] info/application	[Motor] Received distance: 31.6741256421312 cm | Severity=75 | SourceName=Motor3 | EventType=application
[2026-08-16 19:39:05.231 (UTC)] info/application	[Motor] Distance safe (31.6741256421312); rotating motor to 90 degrees | Severity=75 | SourceName=Motor3 | EventType=application
[2026-08-16 19:39:06.240 (UTC)] info/application	[Motor] Received distance: 30.3698817428061 cm | Severity=75 | SourceName=Motor3 | EventType=application
[2026-08-16 19:39:06.240 (UTC)] info/application	[Motor] Distance safe (30.3698817428061); rotating motor to 90 degrees | Severity=75 | SourceName=Motor3 | EventType=application
[2026-08-16 19:39:07.232 (UTC)] info/application	[Motor] Received distance: 29.8116298077217 cm | Severity=75 | SourceName=Motor3 | EventType=application
[2026-08-16 19:39:07.232 (UTC)] info/application	[Motor] Distance safe (29.8116298077217); rotating motor to 90 degrees | Severity=75 | SourceName=Motor3 | EventType=application
[2026-08-16 19:39:08.240 (UTC)] info/application	[Motor] Received distance: 28.3640366780404 cm | Severity=75 | SourceName=Motor3 | EventType=application
[2026-08-16 19:39:08.240 (UTC)] info/application	[Motor] Distance safe (28.3640366780404); rotating motor to 90 degrees | Severity=75 | SourceName=Motor3 | EventType=application
[2026-08-16 19:39:09.232 (UTC)] info/application	[Motor] Received distance: 27.712141165143 cm | Severity=75 | SourceName=Motor3 | EventType=application
[2026-08-16 19:39:09.232 (UTC)] info/application	[Motor] Distance safe (27.712141165143); rotating motor to 90 degrees | Severity=75 | SourceName=Motor3 | EventType=application
[2026-08-16 19:39:10.241 (UTC)] info/application	[Motor] Received distance: 28.3759363765716 cm | Severity=75 | SourceName=Motor3 | EventType=application
[2026-08-16 19:39:10.241 (UTC)] info/application	[Motor] Distance safe (28.3759363765716); rotating motor to 90 degrees | Severity=75 | SourceName=Motor3 | EventType=application
[2026-08-16 19:39:11.233 (UTC)] info/application	[Motor] Received distance: 29.3446113368704 cm | Severity=75 | SourceName=Motor3 | EventType=application
[2026-08-16 19:39:11.233 (UTC)] info/application	[Motor] Distance safe (29.3446113368704); rotating motor to 90 degrees | Severity=75 | SourceName=Motor3 | EventType=application
[2026-08-16 19:39:12.241 (UTC)] info/application	[Motor] Received distance: 29.0258902488397 cm | Severity=75 | SourceName=Motor3 | EventType=application
[2026-08-16 19:39:12.241 (UTC)] info/application	[Motor] Distance safe (29.0258902488397); rotating motor to 90 degrees | Severity=75 | SourceName=Motor3 | EventType=application
[2026-08-16 19:39:13.225 (UTC)] info/application	[Motor] Received distance: 30.0694126666381 cm | Severity=75 | SourceName=Motor3 | EventType=application
[2026-08-16 19:39:13.225 (UTC)] info/application	[Motor] Distance safe (30.0694126666381); rotating motor to 90 degrees | Severity=75 | SourceName=Motor3 | EventType=application
[2026-08-16 19:39:14.225 (UTC)] info/application	[Motor] Received distance: 30.2031196370736 cm | Severity=75 | SourceName=Motor3 | EventType=application
[2026-08-16 19:39:14.225 (UTC)] info/application	[Motor] Distance safe (30.2031196370736); rotating motor to 90 degrees | Severity=75 | SourceName=Motor3 | EventType=application
[2026-08-16 19:39:15.226 (UTC)] info/application	[Motor] Received distance: 30.9796917994878 cm | Severity=75 | SourceName=Motor3 | EventType=application
[2026-08-16 19:39:15.226 (UTC)] info/application	[Motor] Distance safe (30.9796917994878); rotating motor to 90 degrees | Severity=75 | SourceName=Motor3 | EventType=application
[2026-08-16 19:39:16.226 (UTC)] info/application	[Motor] Received distance: 29.9783639032293 cm | Severity=75 | SourceName=Motor3 | EventType=application
[2026-08-16 19:39:16.226 (UTC)] info/application	[Motor] Distance safe (29.9783639032293); rotating motor to 90 degrees | Severity=75 | SourceName=Motor3 | EventType=application
[2026-08-16 19:39:17.227 (UTC)] info/application	[Motor] Received distance: 31.3716856557279 cm | Severity=75 | SourceName=Motor3 | EventType=application
[2026-08-16 19:39:17.227 (UTC)] info/application	[Motor] Distance safe (31.3716856557279); rotating motor to 90 degrees | Severity=75 | SourceName=Motor3 | EventType=application
[2026-08-16 19:39:18.235 (UTC)] info/application	[Motor] Received distance: 31.5031706660535 cm | Severity=75 | SourceName=Motor3 | EventType=application
[2026-08-16 19:39:18.235 (UTC)] info/application	[Motor] Distance safe (31.5031706660535); rotating motor to 90 degrees | Severity=75 | SourceName=Motor3 | EventType=application
[2026-08-16 19:39:19.226 (UTC)] info/application	[Motor] Received distance: 31.5405585356246 cm | Severity=75 | SourceName=Motor3 | EventType=application
[2026-08-16 19:39:19.226 (UTC)] info/application	[Motor] Distance safe (31.5405585356246); rotating motor to 90 degrees | Severity=75 | SourceName=Motor3 | EventType=application
[2026-08-16 19:39:20.227 (UTC)] info/application	[Motor] Received distance: 30.2296007765595 cm | Severity=75 | SourceName=Motor3 | EventType=application
[2026-08-16 19:39:20.227 (UTC)] info/application	[Motor] Distance safe (30.2296007765595); rotating motor to 90 degrees | Severity=75 | SourceName=Motor3 | EventType=application
[2026-08-16 19:39:21.236 (UTC)] info/application	[Motor] Received distance: 31.3823043060872 cm | Severity=75 | SourceName=Motor3 | EventType=application
[2026-08-16 19:39:21.236 (UTC)] info/application	[Motor] Distance safe (31.3823043060872); rotating motor to 90 degrees | Severity=75 | SourceName=Motor3 | EventType=application
[2026-08-16 19:39:22.228 (UTC)] info/application	[Motor] Received distance: 31.1859529135683 cm | Severity=75 | SourceName=Motor3 | EventType=application
[2026-08-16 19:39:22.228 (UTC)] info/application	[Motor] Distance safe (31.1859529135683); rotating motor to 90 degrees | Severity=75 | SourceName=Motor3 | EventType=application
[2026-08-16 19:39:23.236 (UTC)] info/application	[Motor] Received distance: 32.5420081643583 cm | Severity=75 | SourceName=Motor3 | EventType=application
[2026-08-16 19:39:23.236 (UTC)] info/application	[Motor] Distance safe (32.5420081643583); rotating motor to 90 degrees | Severity=75 | SourceName=Motor3 | EventType=application
[2026-08-16 19:39:24.229 (UTC)] info/application	[Motor] Received distance: 34.0033427886681 cm | Severity=75 | SourceName=Motor3 | EventType=application
[2026-08-16 19:39:24.229 (UTC)] info/application	[Motor] Distance safe (34.0033427886681); rotating motor to 90 degrees | Severity=75 | SourceName=Motor3 | EventType=application
[2026-08-16 19:39:25.237 (UTC)] info/application	[Motor] Received distance: 32.9230641733963 cm | Severity=75 | SourceName=Motor3 | EventType=application
[2026-08-16 19:39:25.237 (UTC)] info/application	[Motor] Distance safe (32.9230641733963); rotating motor to 90 degrees | Severity=75 | SourceName=Motor3 | EventType=application
[2026-08-16 19:39:26.230 (UTC)] info/application	[Motor] Received distance: 34.047086271945 cm | Severity=75 | SourceName=Motor3 | EventType=application
[2026-08-16 19:39:26.230 (UTC)] info/application	[Motor] Distance safe (34.047086271945); rotating motor to 90 degrees | Severity=75 | SourceName=Motor3 | EventType=application
[2026-08-16 19:39:27.238 (UTC)] info/application	[Motor] Received distance: 35.4310564133018 cm | Severity=75 | SourceName=Motor3 | EventType=application
[2026-08-16 19:39:27.238 (UTC)] info/application	[Motor] Distance safe (35.4310564133018); rotating motor to 90 degrees | Severity=75 | SourceName=Motor3 | EventType=application
[2026-08-16 19:39:28.232 (UTC)] info/application	[Motor] Received distance: 35.8253151834129 cm | Severity=75 | SourceName=Motor3 | EventType=application
[2026-08-16 19:39:28.232 (UTC)] info/application	[Motor] Distance safe (35.8253151834129); rotating motor to 90 degrees | Severity=75 | SourceName=Motor3 | EventType=application
[2026-08-16 19:39:29.240 (UTC)] info/application	[Motor] Received distance: 36.7713691919443 cm | Severity=75 | SourceName=Motor3 | EventType=application
[2026-08-16 19:39:29.240 (UTC)] info/application	[Motor] Distance safe (36.7713691919443); rotating motor to 90 degrees | Severity=75 | SourceName=Motor3 | EventType=application
[2026-08-16 19:39:30.232 (UTC)] info/application	[Motor] Received distance: 37.2121451526006 cm | Severity=75 | SourceName=Motor3 | EventType=application
[2026-08-16 19:39:30.232 (UTC)] info/application	[Motor] Distance safe (37.2121451526006); rotating motor to 90 degrees | Severity=75 | SourceName=Motor3 | EventType=application
[2026-08-16 19:39:31.240 (UTC)] info/application	[Motor] Received distance: 37.1307005694279 cm | Severity=75 | SourceName=Motor3 | EventType=application
[2026-08-16 19:39:31.240 (UTC)] info/application	[Motor] Distance safe (37.1307005694279); rotating motor to 90 degrees | Severity=75 | SourceName=Motor3 | EventType=application
[2026-08-16 19:39:32.232 (UTC)] info/application	[Motor] Received distance: 38.1458014650949 cm | Severity=75 | SourceName=Motor3 | EventType=application
[2026-08-16 19:39:32.232 (UTC)] info/application	[Motor] Distance safe (38.1458014650949); rotating motor to 90 degrees | Severity=75 | SourceName=Motor3 | EventType=application
[2026-08-16 19:39:33.241 (UTC)] info/application	[Motor] Received distance: 38.1921174208131 cm | Severity=75 | SourceName=Motor3 | EventType=application
[2026-08-16 19:39:33.241 (UTC)] info/application	[Motor] Distance safe (38.1921174208131); rotating motor to 90 degrees | Severity=75 | SourceName=Motor3 | EventType=application
[2026-08-16 19:39:34.233 (UTC)] info/application	[Motor] Received distance: 37.9034831365121 cm | Severity=75 | SourceName=Motor3 | EventType=application
[2026-08-16 19:39:34.233 (UTC)] info/application	[Motor] Distance safe (37.9034831365121); rotating motor to 90 degrees | Severity=75 | SourceName=Motor3 | EventType=application
[2026-08-16 19:39:35.242 (UTC)] info/application	[Motor] Received distance: 38.6490590028228 cm | Severity=75 | SourceName=Motor3 | EventType=application
[2026-08-16 19:39:35.242 (UTC)] info/application	[Motor] Distance safe (38.6490590028228); rotating motor to 90 degrees | Severity=75 | SourceName=Motor3 | EventType=application
[2026-08-16 19:39:36.234 (UTC)] info/application	[Motor] Received distance: 37.8523810686788 cm | Severity=75 | SourceName=Motor3 | EventType=application
[2026-08-16 19:39:36.234 (UTC)] info/application	[Motor] Distance safe (37.8523810686788); rotating motor to 90 degrees | Severity=75 | SourceName=Motor3 | EventType=application
[2026-08-16 19:39:37.224 (UTC)] info/application	[Motor] Received distance: 37.7595028850527 cm | Severity=75 | SourceName=Motor3 | EventType=application
[2026-08-16 19:39:37.224 (UTC)] info/application	[Motor] Distance safe (37.7595028850527); rotating motor to 90 degrees | Severity=75 | SourceName=Motor3 | EventType=application
[2026-08-16 19:39:38.225 (UTC)] info/application	[Motor] Received distance: 36.4468268148819 cm | Severity=75 | SourceName=Motor3 | EventType=application
[2026-08-16 19:39:38.225 (UTC)] info/application	[Motor] Distance safe (36.4468268148819); rotating motor to 90 degrees | Severity=75 | SourceName=Motor3 | EventType=application
[2026-08-16 19:39:39.225 (UTC)] info/application	[Motor] Received distance: 35.7025557510567 cm | Severity=75 | SourceName=Motor3 | EventType=application
[2026-08-16 19:39:39.225 (UTC)] info/application	[Motor] Distance safe (35.7025557510567); rotating motor to 90 degrees | Severity=75 | SourceName=Motor3 | EventType=application
[2026-08-16 19:39:40.226 (UTC)] info/application	[Motor] Received distance: 36.4577820545332 cm | Severity=75 | SourceName=Motor3 | EventType=application
[2026-08-16 19:39:40.226 (UTC)] info/application	[Motor] Distance safe (36.4577820545332); rotating motor to 90 degrees | Severity=75 | SourceName=Motor3 | EventType=application
[2026-08-16 19:39:41.227 (UTC)] info/application	[Motor] Received distance: 37.3089011957911 cm | Severity=75 | SourceName=Motor3 | EventType=application
[2026-08-16 19:39:41.227 (UTC)] info/application	[Motor] Distance safe (37.3089011957911); rotating motor to 90 degrees | Severity=75 | SourceName=Motor3 | EventType=application
[2026-08-16 19:39:42.236 (UTC)] info/application	[Motor] Received distance: 36.0333050908676 cm | Severity=75 | SourceName=Motor3 | EventType=application
[2026-08-16 19:39:42.236 (UTC)] info/application	[Motor] Distance safe (36.0333050908676); rotating motor to 90 degrees | Severity=75 | SourceName=Motor3 | EventType=application
[2026-08-16 19:39:43.226 (UTC)] info/application	[Motor] Received distance: 34.9698103049164 cm | Severity=75 | SourceName=Motor3 | EventType=application
[2026-08-16 19:39:43.226 (UTC)] info/application	[Motor] Distance safe (34.9698103049164); rotating motor to 90 degrees | Severity=75 | SourceName=Motor3 | EventType=application
[2026-08-16 19:39:44.227 (UTC)] info/application	[Motor] Received distance: 35.3644518625757 cm | Severity=75 | SourceName=Motor3 | EventType=application
[2026-08-16 19:39:44.227 (UTC)] info/application	[Motor] Distance safe (35.3644518625757); rotating motor to 90 degrees | Severity=75 | SourceName=Motor3 | EventType=application
[2026-08-16 19:39:45.236 (UTC)] info/application	[Motor] Received distance: 35.7225627280877 cm | Severity=75 | SourceName=Motor3 | EventType=application
[2026-08-16 19:39:45.236 (UTC)] info/application	[Motor] Distance safe (35.7225627280877); rotating motor to 90 degrees | Severity=75 | SourceName=Motor3 | EventType=application
[2026-08-16 19:39:46.229 (UTC)] info/application	[Motor] Received distance: 36.9356401045507 cm | Severity=75 | SourceName=Motor3 | EventType=application
[2026-08-16 19:39:46.229 (UTC)] info/application	[Motor] Distance safe (36.9356401045507); rotating motor to 90 degrees | Severity=75 | SourceName=Motor3 | EventType=application
[2026-08-16 19:39:47.238 (UTC)] info/application	[Motor] Received distance: 37.8289537659516 cm | Severity=75 | SourceName=Motor3 | EventType=application
[2026-08-16 19:39:47.238 (UTC)] info/application	[Motor] Distance safe (37.8289537659516); rotating motor to 90 degrees | Severity=75 | SourceName=Motor3 | EventType=application
[2026-08-16 19:39:48.229 (UTC)] info/application	[Motor] Received distance: 38.0803863825651 cm | Severity=75 | SourceName=Motor3 | EventType=application
[2026-08-16 19:39:48.229 (UTC)] info/application	[Motor] Distance safe (38.0803863825651); rotating motor to 90 degrees | Severity=75 | SourceName=Motor3 | EventType=application
[2026-08-16 19:39:49.238 (UTC)] info/application	[Motor] Received distance: 37.9249487693538 cm | Severity=75 | SourceName=Motor3 | EventType=application
[2026-08-16 19:39:49.238 (UTC)] info/application	[Motor] Distance safe (37.9249487693538); rotating motor to 90 degrees | Severity=75 | SourceName=Motor3 | EventType=application
[2026-08-16 19:39:50.230 (UTC)] info/application	[Motor] Received distance: 37.3556503003257 cm | Severity=75 | SourceName=Motor3 | EventType=application
[2026-08-16 19:39:50.230 (UTC)] info/application	[Motor] Distance safe (37.3556503003257); rotating motor to 90 degrees | Severity=75 | SourceName=Motor3 | EventType=application
[2026-08-16 19:39:51.239 (UTC)] info/application	[Motor] Received distance: 37.7961251578741 cm | Severity=75 | SourceName=Motor3 | EventType=application
[2026-08-16 19:39:51.239 (UTC)] info/application	[Motor] Distance safe (37.7961251578741); rotating motor to 90 degrees | Severity=75 | SourceName=Motor3 | EventType=application
[2026-08-16 19:39:52.231 (UTC)] info/application	[Motor] Received distance: 37.2933910727936 cm | Severity=75 | SourceName=Motor3 | EventType=application
[2026-08-16 19:39:52.231 (UTC)] info/application	[Motor] Distance safe (37.2933910727936); rotating motor to 90 degrees | Severity=75 | SourceName=Motor3 | EventType=application
[2026-08-16 19:39:53.239 (UTC)] info/application	[Motor] Received distance: 38.0277412112466 cm | Severity=75 | SourceName=Motor3 | EventType=application
[2026-08-16 19:39:53.239 (UTC)] info/application	[Motor] Distance safe (38.0277412112466); rotating motor to 90 degrees | Severity=75 | SourceName=Motor3 | EventType=application
[2026-08-16 19:39:54.231 (UTC)] info/application	[Motor] Received distance: 38.3242713195851 cm | Severity=75 | SourceName=Motor3 | EventType=application
[2026-08-16 19:39:54.231 (UTC)] info/application	[Motor] Distance safe (38.3242713195851); rotating motor to 90 degrees | Severity=75 | SourceName=Motor3 | EventType=application
[2026-08-16 19:39:55.240 (UTC)] info/application	[Motor] Received distance: 37.7828718574172 cm | Severity=75 | SourceName=Motor3 | EventType=application
[2026-08-16 19:39:55.240 (UTC)] info/application	[Motor] Distance safe (37.7828718574172); rotating motor to 90 degrees | Severity=75 | SourceName=Motor3 | EventType=application
[2026-08-16 19:39:56.232 (UTC)] info/application	[Motor] Received distance: 38.9369433805984 cm | Severity=75 | SourceName=Motor3 | EventType=application
[2026-08-16 19:39:56.232 (UTC)] info/application	[Motor] Distance safe (38.9369433805984); rotating motor to 90 degrees | Severity=75 | SourceName=Motor3 | EventType=application
[2026-08-16 19:39:57.240 (UTC)] info/application	[Motor] Received distance: 38.8574955860886 cm | Severity=75 | SourceName=Motor3 | EventType=application
[2026-08-16 19:39:57.240 (UTC)] info/application	[Motor] Distance safe (38.8574955860886); rotating motor to 90 degrees | Severity=75 | SourceName=Motor3 | EventType=application
[2026-08-16 19:39:58.233 (UTC)] info/application	[Motor] Received distance: 38.2000662652776 cm | Severity=75 | SourceName=Motor3 | EventType=application
[2026-08-16 19:39:58.233 (UTC)] info/application	[Motor] Distance safe (38.2000662652776); rotating motor to 90 degrees | Severity=75 | SourceName=Motor3 | EventType=application
[2026-08-16 19:39:59.242 (UTC)] info/application	[Motor] Received distance: 38.2483965585699 cm | Severity=75 | SourceName=Motor3 | EventType=application
[2026-08-16 19:39:59.242 (UTC)] info/application	[Motor] Distance safe (38.2483965585699); rotating motor to 90 degrees | Severity=75 | SourceName=Motor3 | EventType=application
[2026-08-16 19:40:00.233 (UTC)] info/application	[Motor] Received distance: 37.6150027711946 cm | Severity=75 | SourceName=Motor3 | EventType=application
[2026-08-16 19:40:00.233 (UTC)] info/application	[Motor] Distance safe (37.6150027711946); rotating motor to 90 degrees | Severity=75 | SourceName=Motor3 | EventType=application
[2026-08-16 19:40:01.242 (UTC)] info/application	[Motor] Received distance: 38.8983494110398 cm | Severity=75 | SourceName=Motor3 | EventType=application
[2026-08-16 19:40:01.242 (UTC)] info/application	[Motor] Distance safe (38.8983494110398); rotating motor to 90 degrees | Severity=75 | SourceName=Motor3 | EventType=application
[2026-08-16 19:40:02.225 (UTC)] info/application	[Motor] Received distance: 40.3652351211595 cm | Severity=75 | SourceName=Motor3 | EventType=application
[2026-08-16 19:40:02.225 (UTC)] info/application	[Motor] Distance safe (40.3652351211595); rotating motor to 90 degrees | Severity=75 | SourceName=Motor3 | EventType=application
[2026-08-16 19:40:03.226 (UTC)] info/application	[Motor] Received distance: 39.2469422294511 cm | Severity=75 | SourceName=Motor3 | EventType=application
[2026-08-16 19:40:03.226 (UTC)] info/application	[Motor] Distance safe (39.2469422294511); rotating motor to 90 degrees | Severity=75 | SourceName=Motor3 | EventType=application
[2026-08-16 19:40:04.226 (UTC)] info/application	[Motor] Received distance: 39.0766048236176 cm | Severity=75 | SourceName=Motor3 | EventType=application
[2026-08-16 19:40:04.226 (UTC)] info/application	[Motor] Distance safe (39.0766048236176); rotating motor to 90 degrees | Severity=75 | SourceName=Motor3 | EventType=application
[2026-08-16 19:40:05.227 (UTC)] info/application	[Motor] Received distance: 38.7548562480392 cm | Severity=75 | SourceName=Motor3 | EventType=application
[2026-08-16 19:40:05.227 (UTC)] info/application	[Motor] Distance safe (38.7548562480392); rotating motor to 90 degrees | Severity=75 | SourceName=Motor3 | EventType=application
[2026-08-16 19:40:06.225 (UTC)] info/application	[Motor] Received distance: 39.8821392226415 cm | Severity=75 | SourceName=Motor3 | EventType=application
[2026-08-16 19:40:06.225 (UTC)] info/application	[Motor] Distance safe (39.8821392226415); rotating motor to 90 degrees | Severity=75 | SourceName=Motor3 | EventType=application
[2026-08-16 19:40:07.226 (UTC)] info/application	[Motor] Received distance: 40.415123882664 cm | Severity=75 | SourceName=Motor3 | EventType=application
[2026-08-16 19:40:07.226 (UTC)] info/application	[Motor] Distance safe (40.415123882664); rotating motor to 90 degrees | Severity=75 | SourceName=Motor3 | EventType=application
[2026-08-16 19:40:08.226 (UTC)] info/application	[Motor] Received distance: 41.5004971234596 cm | Severity=75 | SourceName=Motor3 | EventType=application
[2026-08-16 19:40:08.226 (UTC)] info/application	[Motor] Distance safe (41.5004971234596); rotating motor to 90 degrees | Severity=75 | SourceName=Motor3 | EventType=application
[2026-08-16 19:40:09.227 (UTC)] info/application	[Motor] Received distance: 42.8151040278911 cm | Severity=75 | SourceName=Motor3 | EventType=application
[2026-08-16 19:40:09.227 (UTC)] info/application	[Motor] Distance safe (42.8151040278911); rotating motor to 90 degrees | Severity=75 | SourceName=Motor3 | EventType=application
[2026-08-16 19:40:10.235 (UTC)] info/application	[Motor] Received distance: 44.1038176240883 cm | Severity=75 | SourceName=Motor3 | EventType=application
[2026-08-16 19:40:10.235 (UTC)] info/application	[Motor] Distance safe (44.1038176240883); rotating motor to 90 degrees | Severity=75 | SourceName=Motor3 | EventType=application
[2026-08-16 19:40:11.227 (UTC)] info/application	[Motor] Received distance: 44.4444171669634 cm | Severity=75 | SourceName=Motor3 | EventType=application
[2026-08-16 19:40:11.227 (UTC)] info/application	[Motor] Distance safe (44.4444171669634); rotating motor to 90 degrees | Severity=75 | SourceName=Motor3 | EventType=application
[2026-08-16 19:40:12.235 (UTC)] info/application	[Motor] Received distance: 45.1101432112559 cm | Severity=75 | SourceName=Motor3 | EventType=application
[2026-08-16 19:40:12.235 (UTC)] info/application	[Motor] Distance safe (45.1101432112559); rotating motor to 90 degrees | Severity=75 | SourceName=Motor3 | EventType=application
[2026-08-16 19:40:13.228 (UTC)] info/application	[Motor] Received distance: 43.6232607011326 cm | Severity=75 | SourceName=Motor3 | EventType=application
[2026-08-16 19:40:13.228 (UTC)] info/application	[Motor] Distance safe (43.6232607011326); rotating motor to 90 degrees | Severity=75 | SourceName=Motor3 | EventType=application
[2026-08-16 19:40:14.237 (UTC)] info/application	[Motor] Received distance: 44.4003654580565 cm | Severity=75 | SourceName=Motor3 | EventType=application
[2026-08-16 19:40:14.237 (UTC)] info/application	[Motor] Distance safe (44.4003654580565); rotating motor to 90 degrees | Severity=75 | SourceName=Motor3 | EventType=application
[2026-08-16 19:40:15.229 (UTC)] info/application	[Motor] Received distance: 43.9607330586113 cm | Severity=75 | SourceName=Motor3 | EventType=application
[2026-08-16 19:40:15.229 (UTC)] info/application	[Motor] Distance safe (43.9607330586113); rotating motor to 90 degrees | Severity=75 | SourceName=Motor3 | EventType=application
[2026-08-16 19:40:16.238 (UTC)] info/application	[Motor] Received distance: 44.331961414 cm | Severity=75 | SourceName=Motor3 | EventType=application
[2026-08-16 19:40:16.238 (UTC)] info/application	[Motor] Distance safe (44.331961414); rotating motor to 90 degrees | Severity=75 | SourceName=Motor3 | EventType=application
[2026-08-16 19:40:17.229 (UTC)] info/application	[Motor] Received distance: 44.82214354599 cm | Severity=75 | SourceName=Motor3 | EventType=application
[2026-08-16 19:40:17.229 (UTC)] info/application	[Motor] Distance safe (44.82214354599); rotating motor to 90 degrees | Severity=75 | SourceName=Motor3 | EventType=application
[2026-08-16 19:40:18.238 (UTC)] info/application	[Motor] Received distance: 43.7758248065486 cm | Severity=75 | SourceName=Motor3 | EventType=application
[2026-08-16 19:40:18.238 (UTC)] info/application	[Motor] Distance safe (43.7758248065486); rotating motor to 90 degrees | Severity=75 | SourceName=Motor3 | EventType=application
[2026-08-16 19:40:19.230 (UTC)] info/application	[Motor] Received distance: 42.8984857785509 cm | Severity=75 | SourceName=Motor3 | EventType=application
[2026-08-16 19:40:19.230 (UTC)] info/application	[Motor] Distance safe (42.8984857785509); rotating motor to 90 degrees | Severity=75 | SourceName=Motor3 | EventType=application
[2026-08-16 19:40:20.238 (UTC)] info/application	[Motor] Received distance: 41.7332302959325 cm | Severity=75 | SourceName=Motor3 | EventType=application
[2026-08-16 19:40:20.238 (UTC)] info/application	[Motor] Distance safe (41.7332302959325); rotating motor to 90 degrees | Severity=75 | SourceName=Motor3 | EventType=application
[2026-08-16 19:40:21.231 (UTC)] info/application	[Motor] Received distance: 41.617613087463 cm | Severity=75 | SourceName=Motor3 | EventType=application
[2026-08-16 19:40:21.231 (UTC)] info/application	[Motor] Distance safe (41.617613087463); rotating motor to 90 degrees | Severity=75 | SourceName=Motor3 | EventType=application
[2026-08-16 19:40:22.240 (UTC)] info/application	[Motor] Received distance: 42.6807489170138 cm | Severity=75 | SourceName=Motor3 | EventType=application
[2026-08-16 19:40:22.240 (UTC)] info/application	[Motor] Distance safe (42.6807489170138); rotating motor to 90 degrees | Severity=75 | SourceName=Motor3 | EventType=application
[2026-08-16 19:40:23.232 (UTC)] info/application	[Motor] Received distance