[2026-08-16 16:10:01.610 (UTC)] info/application	Motor client started; subscribing to sensor DistanceValue (Client/Server mode)... | Severity=75 | SourceName=Motor | EventType=application
Entering background polling mode: connecting to Sensor & Aggregation Server...
Connected successfully. Motor log forwarding started.
[2026-08-16 16:10:02.758 (UTC)] info/channel	[System] TCP 8	| SC 2	| SecureChannel opened with SecurityMode None for SecurityPolicy http://opcfoundation.org/UA/SecurityPolicy#None and a revised lifetime of 600.0s | Severity=75 | SourceName=System | EventType=channel
[2026-08-16 16:10:02.778 (UTC)] warn/client	[System] The server returned Endpoints with a different EndpointUrl opc.tcp://MSI:4842 than was used to initialize the connection: opc.tcp://127.0.0.1:4842. Some servers require a complete match of the EndpointUrl/DiscoveryUrl (including the path) to return all endpoints. | Severity=175 | SourceName=System | EventType=client
[2026-08-16 16:10:03.174 (UTC)] info/application	Connected to sensor backend; subscribing to distance updates | Severity=75 | SourceName=Motor | EventType=application
[2026-08-16 16:10:03.740 (UTC)] info/application	[Motor] Received distance: 26.1778115901061 cm | Severity=75 | SourceName=Motor | EventType=application
[2026-08-16 16:10:03.740 (UTC)] info/application	[Motor] Distance safe (26.1778115901061); rotating motor to 90 degrees | Severity=75 | SourceName=Motor | EventType=application
[2026-08-16 16:10:04.235 (UTC)] info/application	[Motor] Received distance: 25.6147780810086 cm | Severity=75 | SourceName=Motor | EventType=application
[2026-08-16 16:10:04.235 (UTC)] info/application	[Motor] Distance safe (25.6147780810086); rotating motor to 90 degrees | Severity=75 | SourceName=Motor | EventType=application
[2026-08-16 16:10:05.245 (UTC)] info/application	[Motor] Received distance: 26.2897434035734 cm | Severity=75 | SourceName=Motor | EventType=application
[2026-08-16 16:10:05.245 (UTC)] info/application	[Motor] Distance safe (26.2897434035734); rotating motor to 90 degrees | Severity=75 | SourceName=Motor | EventType=application
[2026-08-16 16:10:06.239 (UTC)] info/application	[Motor] Received distance: 25.8758762466609 cm | Severity=75 | SourceName=Motor | EventType=application
[2026-08-16 16:10:06.239 (UTC)] info/application	[Motor] Distance safe (25.8758762466609); rotating motor to 90 degrees | Severity=75 | SourceName=Motor | EventType=application
[2026-08-16 16:10:07.248 (UTC)] info/application	[Motor] Received distance: 24.6713968462643 cm | Severity=75 | SourceName=Motor | EventType=application
[2026-08-16 16:10:07.248 (UTC)] info/application	[Motor] Distance safe (24.6713968462643); rotating motor to 90 degrees | Severity=75 | SourceName=Motor | EventType=application
[2026-08-16 16:10:08.241 (UTC)] info/application	[Motor] Received distance: 23.250496694702 cm | Severity=75 | SourceName=Motor | EventType=application
[2026-08-16 16:10:08.241 (UTC)] info/application	[Motor] Distance safe (23.250496694702); rotating motor to 90 degrees | Severity=75 | SourceName=Motor | EventType=application
[2026-08-16 16:10:09.250 (UTC)] info/application	[Motor] Received distance: 22.4996971033978 cm | Severity=75 | SourceName=Motor | EventType=application
[2026-08-16 16:10:09.250 (UTC)] info/application	[Motor] Distance safe (22.4996971033978); rotating motor to 90 degrees | Severity=75 | SourceName=Motor | EventType=application
[2026-08-16 16:10:10.241 (UTC)] info/application	[Motor] Received distance: 21.4736257465433 cm | Severity=75 | SourceName=Motor | EventType=application
[2026-08-16 16:10:10.241 (UTC)] info/application	[Motor] Distance safe (21.4736257465433); rotating motor to 90 degrees | Severity=75 | SourceName=Motor | EventType=application
[2026-08-16 16:10:11.250 (UTC)] info/application	[Motor] Received distance: 22.7842178855949 cm | Severity=75 | SourceName=Motor | EventType=application
[2026-08-16 16:10:11.250 (UTC)] info/application	[Motor] Distance safe (22.7842178855949); rotating motor to 90 degrees | Severity=75 | SourceName=Motor | EventType=application
[2026-08-16 16:10:12.243 (UTC)] info/application	[Motor] Received distance: 22.3914745901206 cm | Severity=75 | SourceName=Motor | EventType=application
[2026-08-16 16:10:12.243 (UTC)] info/application	[Motor] Distance safe (22.3914745901206); rotating motor to 90 degrees | Severity=75 | SourceName=Motor | EventType=application
[2026-08-16 16:10:13.251 (UTC)] info/application	[Motor] Received distance: 23.3126925599355 cm | Severity=75 | SourceName=Motor | EventType=application
[2026-08-16 16:10:13.251 (UTC)] info/application	[Motor] Distance safe (23.3126925599355); rotating motor to 90 degrees | Severity=75 | SourceName=Motor | EventType=application
[2026-08-16 16:10:14.253 (UTC)] info/application	[Motor] Received distance: 23.7973942795291 cm | Severity=75 | SourceName=Motor | EventType=application
[2026-08-16 16:10:14.253 (UTC)] info/application	[Motor] Distance safe (23.7973942795291); rotating motor to 90 degrees | Severity=75 | SourceName=Motor | EventType=application
[2026-08-16 16:10:15.236 (UTC)] info/application	[Motor] Received distance: 24.050101399445 cm | Severity=75 | SourceName=Motor | EventType=application
[2026-08-16 16:10:15.236 (UTC)] info/application	[Motor] Distance safe (24.050101399445); rotating motor to 90 degrees | Severity=75 | SourceName=Motor | EventType=application
[2026-08-16 16:10:16.247 (UTC)] info/application	[Motor] Received distance: 22.8086525380186 cm | Severity=75 | SourceName=Motor | EventType=application
[2026-08-16 16:10:16.247 (UTC)] info/application	[Motor] Distance safe (22.8086525380186); rotating motor to 90 degrees | Severity=75 | SourceName=Motor | EventType=application
[2026-08-16 16:10:17.239 (UTC)] info/application	[Motor] Received distance: 23.9068203782229 cm | Severity=75 | SourceName=Motor | EventType=application
[2026-08-16 16:10:17.240 (UTC)] info/application	[Motor] Distance safe (23.9068203782229); rotating motor to 90 degrees | Severity=75 | SourceName=Motor | EventType=application
[2026-08-16 16:10:18.249 (UTC)] info/application	[Motor] Received distance: 22.7816633294717 cm | Severity=75 | SourceName=Motor | EventType=application
[2026-08-16 16:10:18.249 (UTC)] info/application	[Motor] Distance safe (22.7816633294717); rotating motor to 90 degrees | Severity=75 | SourceName=Motor | EventType=application
[2026-08-16 16:10:19.243 (UTC)] info/application	[Motor] Received distance: 23.252250604449 cm | Severity=75 | SourceName=Motor | EventType=application
[2026-08-16 16:10:19.243 (UTC)] info/application	[Motor] Distance safe (23.252250604449); rotating motor to 90 degrees | Severity=75 | SourceName=Motor | EventType=application
[2026-08-16 16:10:20.253 (UTC)] info/application	[Motor] Received distance: 22.7339943061741 cm | Severity=75 | SourceName=Motor | EventType=application
[2026-08-16 16:10:20.253 (UTC)] info/application	[Motor] Distance safe (22.7339943061741); rotating motor to 90 degrees | Severity=75 | SourceName=Motor | EventType=application
[2026-08-16 16:10:21.236 (UTC)] info/application	[Motor] Received distance: 21.7581489951155 cm | Severity=75 | SourceName=Motor | EventType=application
[2026-08-16 16:10:21.236 (UTC)] info/application	[Motor] Distance safe (21.7581489951155); rotating motor to 90 degrees | Severity=75 | SourceName=Motor | EventType=application
[2026-08-16 16:10:22.245 (UTC)] info/application	[Motor] Received distance: 20.4092836794021 cm | Severity=75 | SourceName=Motor | EventType=application
[2026-08-16 16:10:22.245 (UTC)] info/application	[Motor] Distance safe (20.4092836794021); rotating motor to 90 degrees | Severity=75 | SourceName=Motor | EventType=application
[2026-08-16 16:10:23.238 (UTC)] info/application	[Motor] Received distance: 19.4256915717505 cm | Severity=75 | SourceName=Motor | EventType=application
[2026-08-16 16:10:23.238 (UTC)] warn/application	[Motor] Distance too close (19.4256915717505); rotating motor to 0 degrees | Severity=175 | SourceName=Motor | EventType=application
[2026-08-16 16:10:24.247 (UTC)] info/application	[Motor] Received distance: 19.9754453997479 cm | Severity=75 | SourceName=Motor | EventType=application
[2026-08-16 16:10:24.247 (UTC)] warn/application	[Motor] Distance too close (19.9754453997479); rotating motor to 0 degrees | Severity=175 | SourceName=Motor | EventType=application
[2026-08-16 16:10:25.241 (UTC)] info/application	[Motor] Received distance: 20.7105824550197 cm | Severity=75 | SourceName=Motor | EventType=application
[2026-08-16 16:10:25.241 (UTC)] info/application	[Motor] Distance safe (20.7105824550197); rotating motor to 90 degrees | Severity=75 | SourceName=Motor | EventType=application
[2026-08-16 16:10:26.250 (UTC)] info/application	[Motor] Received distance: 19.4141902071024 cm | Severity=75 | SourceName=Motor | EventType=application
[2026-08-16 16:10:26.250 (UTC)] warn/application	[Motor] Distance too close (19.4141902071024); rotating motor to 0 degrees | Severity=175 | SourceName=Motor | EventType=application
[2026-08-16 16:10:27.254 (UTC)] info/application	[Motor] Received distance: 20.6772861213783 cm | Severity=75 | SourceName=Motor | EventType=application
[2026-08-16 16:10:27.254 (UTC)] info/application	[Motor] Distance safe (20.6772861213783); rotating motor to 90 degrees | Severity=75 | SourceName=Motor | EventType=application
[2026-08-16 16:10:28.244 (UTC)] info/application	[Motor] Received distance: 22.0496501836691 cm | Severity=75 | SourceName=Motor | EventType=application
[2026-08-16 16:10:28.244 (UTC)] info/application	[Motor] Distance safe (22.0496501836691); rotating motor to 90 degrees | Severity=75 | SourceName=Motor | EventType=application
[2026-08-16 16:10:29.236 (UTC)] info/application	[Motor] Received distance: 22.3739957829816 cm | Severity=75 | SourceName=Motor | EventType=application
[2026-08-16 16:10:29.236 (UTC)] info/application	[Motor] Distance safe (22.3739957829816); rotating motor to 90 degrees | Severity=75 | SourceName=Motor | EventType=application
[2026-08-16 16:10:30.247 (UTC)] info/application	[Motor] Received distance: 21.8816642558117 cm | Severity=75 | SourceName=Motor | EventType=application
[2026-08-16 16:10:30.247 (UTC)] info/application	[Motor] Distance safe (21.8816642558117); rotating motor to 90 degrees | Severity=75 | SourceName=Motor | EventType=application
[2026-08-16 16:10:31.240 (UTC)] info/application	[Motor] Received distance: 22.7916116112804 cm | Severity=75 | SourceName=Motor | EventType=application
[2026-08-16 16:10:31.240 (UTC)] info/application	[Motor] Distance safe (22.7916116112804); rotating motor to 90 degrees | Severity=75 | SourceName=Motor | EventType=application
[2026-08-16 16:10:32.250 (UTC)] info/application	[Motor] Received distance: 24.0247025082469 cm | Severity=75 | SourceName=Motor | EventType=application
[2026-08-16 16:10:32.250 (UTC)] info/application	[Motor] Distance safe (24.0247025082469); rotating motor to 90 degrees | Severity=75 | SourceName=Motor | EventType=application
[2026-08-16 16:10:33.243 (UTC)] info/application	[Motor] Received distance: 24.2125740774034 cm | Severity=75 | SourceName=Motor | EventType=application
[2026-08-16 16:10:33.243 (UTC)] info/application	[Motor] Distance safe (24.2125740774034); rotating motor to 90 degrees | Severity=75 | SourceName=Motor | EventType=application
[2026-08-16 16:10:34.235 (UTC)] info/application	[Motor] Received distance: 24.6201299266518 cm | Severity=75 | SourceName=Motor | EventType=application
[2026-08-16 16:10:34.235 (UTC)] info/application	[Motor] Distance safe (24.6201299266518); rotating motor to 90 degrees | Severity=75 | SourceName=Motor | EventType=application
[2026-08-16 16:10:35.245 (UTC)] info/application	[Motor] Received distance: 23.7901873131237 cm | Severity=75 | SourceName=Motor | EventType=application
[2026-08-16 16:10:35.245 (UTC)] info/application	[Motor] Distance safe (23.7901873131237); rotating motor to 90 degrees | Severity=75 | SourceName=Motor | EventType=application
[2026-08-16 16:10:36.238 (UTC)] info/application	[Motor] Received distance: 23.1530242048451 cm | Severity=75 | SourceName=Motor | EventType=application
[2026-08-16 16:10:36.238 (UTC)] info/application	[Motor] Distance safe (23.1530242048451); rotating motor to 90 degrees | Severity=75 | SourceName=Motor | EventType=application
[2026-08-16 16:10:37.248 (UTC)] info/application	[Motor] Received distance: 24.6467128971809 cm | Severity=75 | SourceName=Motor | EventType=application
[2026-08-16 16:10:37.248 (UTC)] info/application	[Motor] Distance safe (24.6467128971809); rotating motor to 90 degrees | Severity=75 | SourceName=Motor | EventType=application
[2026-08-16 16:10:38.241 (UTC)] info/application	[Motor] Received distance: 24.1122908832563 cm | Severity=75 | SourceName=Motor | EventType=application
[2026-08-16 16:10:38.241 (UTC)] info/application	[Motor] Distance safe (24.1122908832563); rotating motor to 90 degrees | Severity=75 | SourceName=Motor | EventType=application
[2026-08-16 16:10:39.250 (UTC)] info/application	[Motor] Received distance: 23.5542276234153 cm | Severity=75 | SourceName=Motor | EventType=application
[2026-08-16 16:10:39.250 (UTC)] info/application	[Motor] Distance safe (23.5542276234153); rotating motor to 90 degrees | Severity=75 | SourceName=Motor | EventType=application
[2026-08-16 16:10:40.244 (UTC)] info/application	[Motor] Received distance: 22.79711672305 cm | Severity=75 | SourceName=Motor | EventType=application
[2026-08-16 16:10:40.244 (UTC)] info/application	[Motor] Distance safe (22.79711672305); rotating motor to 90 degrees | Severity=75 | SourceName=Motor | EventType=application
[2026-08-16 16:10:41.236 (UTC)] info/application	[Motor] Received distance: 22.7366233522709 cm | Severity=75 | SourceName=Motor | EventType=application
[2026-08-16 16:10:41.236 (UTC)] info/application	[Motor] Distance safe (22.7366233522709); rotating motor to 90 degrees | Severity=75 | SourceName=Motor | EventType=application
[2026-08-16 16:10:42.245 (UTC)] info/application	[Motor] Received distance: 21.9891522300845 cm | Severity=75 | SourceName=Motor | EventType=application
[2026-08-16 16:10:42.245 (UTC)] info/application	[Motor] Distance safe (21.9891522300845); rotating motor to 90 degrees | Severity=75 | SourceName=Motor | EventType=application
[2026-08-16 16:10:43.238 (UTC)] info/application	[Motor] Received distance: 22.3392980342448 cm | Severity=75 | SourceName=Motor | EventType=application
[2026-08-16 16:10:43.238 (UTC)] info/application	[Motor] Distance safe (22.3392980342448); rotating motor to 90 degrees | Severity=75 | SourceName=Motor | EventType=application
[2026-08-16 16:10:44.247 (UTC)] info/application	[Motor] Received distance: 21.7000226318836 cm | Severity=75 | SourceName=Motor | EventType=application
[2026-08-16 16:10:44.247 (UTC)] info/application	[Motor] Distance safe (21.7000226318836); rotating motor to 90 degrees | Severity=75 | SourceName=Motor | EventType=application
[2026-08-16 16:10:45.239 (UTC)] info/application	[Motor] Received distance: 22.9372532306878 cm | Severity=75 | SourceName=Motor | EventType=application
[2026-08-16 16:10:45.239 (UTC)] info/application	[Motor] Distance safe (22.9372532306878); rotating motor to 90 degrees | Severity=75 | SourceName=Motor | EventType=application
[2026-08-16 16:10:46.248 (UTC)] info/application	[Motor] Received distance: 22.0401061533671 cm | Severity=75 | SourceName=Motor | EventType=application
[2026-08-16 16:10:46.248 (UTC)] info/application	[Motor] Distance safe (22.0401061533671); rotating motor to 90 degrees | Severity=75 | SourceName=Motor | EventType=application
[2026-08-16 16:10:47.240 (UTC)] info/application	[Motor] Received distance: 21.6593818895795 cm | Severity=75 | SourceName=Motor | EventType=application
[2026-08-16 16:10:47.240 (UTC)] info/application	[Motor] Distance safe (21.6593818895795); rotating motor to 90 degrees | Severity=75 | SourceName=Motor | EventType=application
[2026-08-16 16:10:48.248 (UTC)] info/application	[Motor] Received distance: 22.494780327191 cm | Severity=75 | SourceName=Motor | EventType=application
[2026-08-16 16:10:48.248 (UTC)] info/application	[Motor] Distance safe (22.494780327191); rotating motor to 90 degrees | Severity=75 | SourceName=Motor | EventType=application
[2026-08-16 16:10:49.241 (UTC)] info/application	[Motor] Received distance: 21.9724762011191 cm | Severity=75 | SourceName=Motor | EventType=application
[2026-08-16 16:10:49.241 (UTC)] info/application	[Motor] Distance safe (21.9724762011191); rotating motor to 90 degrees | Severity=75 | SourceName=Motor | EventType=application
[2026-08-16 16:10:50.250 (UTC)] info/application	[Motor] Received distance: 20.5623392123088 cm | Severity=75 | SourceName=Motor | EventType=application
[2026-08-16 16:10:50.250 (UTC)] info/application	[Motor] Distance safe (20.5623392123088); rotating motor to 90 degrees | Severity=75 | SourceName=Motor | EventType=application
[2026-08-16 16:10:51.243 (UTC)] info/application	[Motor] Received distance: 19.3794813516454 cm | Severity=75 | SourceName=Motor | EventType=application
[2026-08-16 16:10:51.243 (UTC)] warn/application	[Motor] Distance too close (19.3794813516454); rotating motor to 0 degrees | Severity=175 | SourceName=Motor | EventType=application
[2026-08-16 16:10:52.252 (UTC)] info/application	[Motor] Received distance: 19.3813319159119 cm | Severity=75 | SourceName=Motor | EventType=application
[2026-08-16 16:10:52.252 (UTC)] warn/application	[Motor] Distance too close (19.3813319159119); rotating motor to 0 degrees | Severity=175 | SourceName=Motor | EventType=application
[2026-08-16 16:10:53.235 (UTC)] info/application	[Motor] Received distance: 18.1223296113882 cm | Severity=75 | SourceName=Motor | EventType=application
[2026-08-16 16:10:53.235 (UTC)] warn/application	[Motor] Distance too close (18.1223296113882); rotating motor to 0 degrees | Severity=175 | SourceName=Motor | EventType=application
[2026-08-16 16:10:54.244 (UTC)] info/application	[Motor] Received distance: 17.4558796430733 cm | Severity=75 | SourceName=Motor | EventType=application
[2026-08-16 16:10:54.244 (UTC)] warn/application	[Motor] Distance too close (17.4558796430733); rotating motor to 0 degrees | Severity=175 | SourceName=Motor | EventType=application
[2026-08-16 16:10:55.237 (UTC)] info/application	[Motor] Received distance: 16.5074840339401 cm | Severity=75 | SourceName=Motor | EventType=application
[2026-08-16 16:10:55.237 (UTC)] warn/application	[Motor] Distance too close (16.5074840339401); rotating motor to 0 degrees | Severity=175 | SourceName=Motor | EventType=application
[2026-08-16 16:10:56.246 (UTC)] info/application	[Motor] Received distance: 17.4836187860852 cm | Severity=75 | SourceName=Motor | EventType=application
[2026-08-16 16:10:56.246 (UTC)] warn/application	[Motor] Distance too close (17.4836187860852); rotating motor to 0 degrees | Severity=175 | SourceName=Motor | EventType=application
[2026-08-16 16:10:57.239 (UTC)] info/application	[Motor] Received distance: 17.02077657125 cm | Severity=75 | SourceName=Motor | EventType=application
[2026-08-16 16:10:57.239 (UTC)] warn/application	[Motor] Distance too close (17.02077657125); rotating motor to 0 degrees | Severity=175 | SourceName=Motor | EventType=application
[2026-08-16 16:10:58.248 (UTC)] info/application	[Motor] Received distance: 15.8354768749957 cm | Severity=75 | SourceName=Motor | EventType=application
[2026-08-16 16:10:58.248 (UTC)] warn/application	[Motor] Distance too close (15.8354768749957); rotating motor to 0 degrees | Severity=175 | SourceName=Motor | EventType=application
[2026-08-16 16:10:59.241 (UTC)] info/application	[Motor] Received distance: 16.6839756880347 cm | Severity=75 | SourceName=Motor | EventType=application
[2026-08-16 16:10:59.241 (UTC)] warn/application	[Motor] Distance too close (16.6839756880347); rotating motor to 0 degrees | Severity=175 | SourceName=Motor | EventType=application
[2026-08-16 16:11:00.250 (UTC)] info/application	[Motor] Received distance: 18.0454790725119 cm | Severity=75 | SourceName=Motor | EventType=application
[2026-08-16 16:11:00.250 (UTC)] warn/application	[Motor] Distance too close (18.0454790725119); rotating motor to 0 degrees | Severity=175 | SourceName=Motor | EventType=application
[2026-08-16 16:11:01.243 (UTC)] info/application	[Motor] Received distance: 17.8678478490877 cm | Severity=75 | SourceName=Motor | EventType=application
[2026-08-16 16:11:01.243 (UTC)] warn/application	[Motor] Distance too close (17.8678478490877); rotating motor to 0 degrees | Severity=175 | SourceName=Motor | EventType=application
[2026-08-16 16:11:02.253 (UTC)] info/application	[Motor] Received distance: 18.1262940161984 cm | Severity=75 | SourceName=Motor | EventType=application
[2026-08-16 16:11:02.253 (UTC)] warn/application	[Motor] Distance too close (18.1262940161984); rotating motor to 0 degrees | Severity=175 | SourceName=Motor | EventType=application
[2026-08-16 16:11:03.235 (UTC)] info/application	[Motor] Received distance: 19.2208882962451 cm | Severity=75 | SourceName=Motor | EventType=application
[2026-08-16 16:11:03.235 (UTC)] warn/application	[Motor] Distance too close (19.2208882962451); rotating motor to 0 degrees | Severity=175 | SourceName=Motor | EventType=application
[2026-08-16 16:11:04.245 (UTC)] info/application	[Motor] Received distance: 17.7311286405805 cm | Severity=75 | SourceName=Motor | EventType=application
[2026-08-16 16:11:04.245 (UTC)] warn/application	[Motor] Distance too close (17.7311286405805); rotating motor to 0 degrees | Severity=175 | SourceName=Motor | EventType=application
[2026-08-16 16:11:05.239 (UTC)] info/application	[Motor] Received distance: 16.8971306555425 cm | Severity=75 | SourceName=Motor | EventType=application
[2026-08-16 16:11:05.239 (UTC)] warn/application	[Motor] Distance too close (16.8971306555425); rotating motor to 0 degrees | Severity=175 | SourceName=Motor | EventType=application
[2026-08-16 16:11:06.249 (UTC)] info/application	[Motor] Received distance: 15.6617823206642 cm | Severity=75 | SourceName=Motor | EventType=application
[2026-08-16 16:11:06.249 (UTC)] warn/application	[Motor] Distance too close (15.6617823206642); rotating motor to 0 degrees | Severity=175 | SourceName=Motor | EventType=application
[2026-08-16 16:11:07.242 (UTC)] info/application	[Motor] Received distance: 15.034859556721 cm | Severity=75 | SourceName=Motor | EventType=application
[2026-08-16 16:11:07.242 (UTC)] warn/application	[Motor] Distance too close (15.034859556721); rotating motor to 0 degrees | Severity=175 | SourceName=Motor | EventType=application
[2026-08-16 16:11:08.251 (UTC)] info/application	[Motor] Received distance: 14.1945502626219 cm | Severity=75 | SourceName=Motor | EventType=application
[2026-08-16 16:11:08.251 (UTC)] warn/application	[Motor] Distance too close (14.1945502626219); rotating motor to 0 degrees | Severity=175 | SourceName=Motor | EventType=application
[2026-08-16 16:11:09.235 (UTC)] info/application	[Motor] Received distance: 13.9247799138188 cm | Severity=75 | SourceName=Motor | EventType=application
[2026-08-16 16:11:09.235 (UTC)] warn/application	[Motor] Distance too close (13.9247799138188); rotating motor to 0 degrees | Severity=175 | SourceName=Motor | EventType=application
[2026-08-16 16:11:10.245 (UTC)] info/application	[Motor] Received distance: 14.2397938914317 cm | Severity=75 | SourceName=Motor | EventType=application
[2026-08-16 16:11:10.245 (UTC)] warn/application	[Motor] Distance too close (14.2397938914317); rotating motor to 0 degrees | Severity=175 | SourceName=Motor | EventType=application
[2026-08-16 16:11:11.240 (UTC)] info/application	[Motor] Received distance: 14.1423736983642 cm | Severity=75 | SourceName=Motor | EventType=application
[2026-08-16 16:11:11.240 (UTC)] warn/application	[Motor] Distance too close (14.1423736983642); rotating motor to 0 degrees | Severity=175 | SourceName=Motor | EventType=application
[2026-08-16 16:11:12.249 (UTC)] info/application	[Motor] Received distance: 15.3121099787821 cm | Severity=75 | SourceName=Motor | EventType=application
[2026-08-16 16:11:12.249 (UTC)] warn/application	[Motor] Distance too close (15.3121099787821); rotating motor to 0 degrees | Severity=175 | SourceName=Motor | EventType=application
[2026-08-16 16:11:13.241 (UTC)] info/application	[Motor] Received distance: 16.3796528342085 cm | Severity=75 | SourceName=Motor | EventType=application
[2026-08-16 16:11:13.241 (UTC)] warn/application	[Motor] Distance too close (16.3796528342085); rotating motor to 0 degrees | Severity=175 | SourceName=Motor | EventType=application
[2026-08-16 16:11:14.251 (UTC)] info/application	[Motor] Received distance: 15.1323784439044 cm | Severity=75 | SourceName=Motor | EventType=application
[2026-08-16 16:11:14.251 (UTC)] warn/application	[Motor] Distance too close (15.1323784439044); rotating motor to 0 degrees | Severity=175 | SourceName=Motor | EventType=application
[2026-08-16 16:11:15.253 (UTC)] info/application	[Motor] Received distance: 14.1628393205641 cm | Severity=75 | SourceName=Motor | EventType=application
[2026-08-16 16:11:15.253 (UTC)] warn/application	[Motor] Distance too close (14.1628393205641); rotating motor to 0 degrees | Severity=175 | SourceName=Motor | EventType=application
[2026-08-16 16:11:16.254 (UTC)] info/application	[Motor] Received distance: 14.9676127733978 cm | Severity=75 | SourceName=Motor | EventType=application
[2026-08-16 16:11:16.254 (UTC)] warn/application	[Motor] Distance too close (14.9676127733978); rotating motor to 0 degrees | Severity=175 | SourceName=Motor | EventType=application
[2026-08-16 16:11:17.245 (UTC)] info/application	[Motor] Received distance: 14.3231913071699 cm | Severity=75 | SourceName=Motor | EventType=application
[2026-08-16 16:11:17.245 (UTC)] warn/application	[Motor] Distance too close (14.3231913071699); rotating motor to 0 degrees | Severity=175 | SourceName=Motor | EventType=application
[2026-08-16 16:11:18.236 (UTC)] info/application	[Motor] Received distance: 14.472927920042 cm | Severity=75 | SourceName=Motor | EventType=application
[2026-08-16 16:11:18.236 (UTC)] warn/application	[Motor] Distance too close (14.472927920042); rotating motor to 0 degrees | Severity=175 | SourceName=Motor | EventType=application
[2026-08-16 16:11:19.245 (UTC)] info/application	[Motor] Received distance: 14.6130998104872 cm | Severity=75 | SourceName=Motor | EventType=application
[2026-08-16 16:11:19.245 (UTC)] warn/application	[Motor] Distance too close (14.6130998104872); rotating motor to 0 degrees | Severity=175 | SourceName=Motor | EventType=application
[2026-08-16 16:11:20.238 (UTC)] info/application	[Motor] Received distance: 14.9463742181875 cm | Severity=75 | SourceName=Motor | EventType=application
[2026-08-16 16:11:20.238 (UTC)] warn/application	[Motor] Distance too close (14.9463742181875); rotating motor to 0 degrees | Severity=175 | SourceName=Motor | EventType=application
[2026-08-16 16:11:21.246 (UTC)] info/application	[Motor] Received distance: 15.1859738422492 cm | Severity=75 | SourceName=Motor | EventType=application
[2026-08-16 16:11:21.246 (UTC)] warn/application	[Motor] Distance too close (15.1859738422492); rotating motor to 0 degrees | Severity=175 | SourceName=Motor | EventType=application
[2026-08-16 16:11:22.240 (UTC)] info/application	[Motor] Received distance: 15.643287872031 cm | Severity=75 | SourceName=Motor | EventType=application
[2026-08-16 16:11:22.240 (UTC)] warn/application	[Motor] Distance too close (15.643287872031); rotating motor to 0 degrees | Severity=175 | SourceName=Motor | EventType=application
[2026-08-16 16:11:23.248 (UTC)] info/application	[Motor] Received distance: 14.4784128426008 cm | Severity=75 | SourceName=Motor | EventType=application
[2026-08-16 16:11:23.248 (UTC)] warn/application	[Motor] Distance too close (14.4784128426008); rotating motor to 0 degrees | Severity=175 | SourceName=Motor | EventType=application
[2026-08-16 16:11:24.242 (UTC)] info/application	[Motor] Received distance: 14.9590101635358 cm | Severity=75 | SourceName=Motor | EventType=application
[2026-08-16 16:11:24.242 (UTC)] warn/application	[Motor] Distance too close (14.9590101635358); rotating motor to 0 degrees | Severity=175 | SourceName=Motor | EventType=application
[2026-08-16 16:11:25.250 (UTC)] info/application	[Motor] Received distance: 16.2498742250027 cm | Severity=75 | SourceName=Motor | EventType=application
[2026-08-16 16:11:25.250 (UTC)] warn/application	[Motor] Distance too close (16.2498742250027); rotating motor to 0 degrees | Severity=175 | SourceName=Motor | EventType=application
[2026-08-16 16:11:26.253 (UTC)] info/application	[Motor] Received distance: 15.6366035864393 cm | Severity=75 | SourceName=Motor | EventType=application
[2026-08-16 16:11:26.253 (UTC)] warn/application	[Motor] Distance too close (15.6366035864393); rotating motor to 0 degrees | Severity=175 | SourceName=Motor | EventType=application
[2026-08-16 16:11:27.235 (UTC)] info/application	[Motor] Received distance: 15.5933356581225 cm | Severity=75 | SourceName=Motor | EventType=application
[2026-08-16 16:11:27.235 (UTC)] warn/application	[Motor] Distance too close (15.5933356581225); rotating motor to 0 degrees | Severity=175 | SourceName=Motor | EventType=application
[2026-08-16 16:11:28.245 (UTC)] info/application	[Motor] Received distance: 14.9213575033571 cm | Severity=75 | SourceName=Motor | EventType=application
[2026-08-16 16:11:28.245 (UTC)] warn/application	[Motor] Distance too close (14.9213575033571); rotating motor to 0 degrees | Severity=175 | SourceName=Motor | EventType=application
[2026-08-16 16:11:29.237 (UTC)] info/application	[Motor] Received distance: 14.6227871685395 cm | Severity=75 | SourceName=Motor | EventType=application
[2026-08-16 16:11:29.237 (UTC)] warn/application	[Motor] Distance too close (14.6227871685395); rotating motor to 0 degrees | Severity=175 | SourceName=Motor | EventType=application
[2026-08-16 16:11:30.246 (UTC)] info/application	[Motor] Received distance: 13.9280180518646 cm | Severity=75 | SourceName=Motor | EventType=application
[2026-08-16 16:11:30.246 (UTC)] warn/application	[Motor] Distance too close (13.9280180518646); rotating motor to 0 degrees | Severity=175 | SourceName=Motor | EventType=application
[2026-08-16 16:11:31.240 (UTC)] info/application	[Motor] Received distance: 13.1175432801794 cm | Severity=75 | SourceName=Motor | EventType=application
[2026-08-16 16:11:31.240 (UTC)] warn/application	[Motor] Distance too close (13.1175432801794); rotating motor to 0 degrees | Severity=175 | SourceName=Motor | EventType=application
[2026-08-16 16:11:32.249 (UTC)] info/application	[Motor] Received distance: 14.1413417219377 cm | Severity=75 | SourceName=Motor | EventType=application
[2026-08-16 16:11:32.249 (UTC)] warn/application	[Motor] Distance too close (14.1413417219377); rotating motor to 0 degrees | Severity=175 | SourceName=Motor | EventType=application
[2026-08-16 16:11:33.242 (UTC)] info/application	[Motor] Received distance: 15.2050187723735 cm | Severity=75 | SourceName=Motor | EventType=application
[2026-08-16 16:11:33.242 (UTC)] warn/application	[Motor] Distance too close (15.2050187723735); rotating motor to 0 degrees | Severity=175 | SourceName=Motor | EventType=application
[2026-08-16 16:11:34.251 (UTC)] info/application	[Motor] Received distance: 13.989138279338 cm | Severity=75 | SourceName=Motor | EventType=application
[2026-08-16 16:11:34.251 (UTC)] warn/application	[Motor] Distance too close (13.989138279338); rotating motor to 0 degrees | Severity=175 | SourceName=Motor | EventType=application
[2026-08-16 16:11:35.236 (UTC)] info/application	[Motor] Received distance: 15.0231770668287 cm | Severity=75 | SourceName=Motor | EventType=application
[2026-08-16 16:11:35.236 (UTC)] warn/application	[Motor] Distance too close (15.0231770668287); rotating motor to 0 degrees | Severity=175 | SourceName=Motor | EventType=application
[2026-08-16 16:11:36.247 (UTC)] info/application	[Motor] Received distance: 13.7528561322265 cm | Severity=75 | SourceName=Motor | EventType=application
[2026-08-16 16:11:36.247 (UTC)] warn/application	[Motor] Distance too close (13.7528561322265); rotating motor to 0 degrees | Severity=175 | SourceName=Motor | EventType=application
[2026-08-16 16:11:37.241 (UTC)] info/application	[Motor] Received distance: 12.8016273043126 cm | Severity=75 | SourceName=Motor | EventType=application
[2026-08-16 16:11:37.241 (UTC)] warn/application	[Motor] Distance too close (12.8016273043126); rotating motor to 0 degrees | Severity=175 | SourceName=Motor | EventType=application
[2026-08-16 16:11:38.252 (UTC)] info/application	[Motor] Received distance: 11.7087433264632 cm | Severity=75 | SourceName=Motor | EventType=application
[2026-08-16 16:11:38.252 (UTC)] warn/application	[Motor] Distance too close (11.7087433264632); rotating motor to 0 degrees | Severity=175 | SourceName=Motor | EventType=application
[2026-08-16 16:11:39.235 (UTC)] info/application	[Motor] Received distance: 11.0981130977618 cm | Severity=75 | SourceName=Motor | EventType=application
[2026-08-16 16:11:39.235 (UTC)] warn/application	[Motor] Distance too close (11.0981130977618); rotating motor to 0 degrees | Severity=175 | SourceName=Motor | EventType=application
[2026-08-16 16:11:40.245 (UTC)] info/application	[Motor] Received distance: 11.3771139210449 cm | Severity=75 | SourceName=Motor | EventType=application
[2026-08-16 16:11:40.245 (UTC)] warn/application	[Motor] Distance too close (11.3771139210449); rotating motor to 0 degrees | Severity=175 | SourceName=Motor | EventType=application
[2026-08-16 16:11:41.238 (UTC)] info/application	[Motor] Received distance: 12.0992439208083 cm | Severity=75 | SourceName=Motor | EventType=application
[2026-08-16 16:11:41.238 (UTC)] warn/application	[Motor] Distance too close (12.0992439208083); rotating motor to 0 degrees | Severity=175 | SourceName=Motor | EventType=application
[2026-08-16 16:11:42.246 (UTC)] info/application	[Motor] Received distance: 12.8911934990395 cm | Severity=75 | SourceName=Motor | EventType=application
[2026-08-16 16:11:42.246 (UTC)] warn/application	[Motor] Distance too close (12.8911934990395); rotating motor to 0 degrees | Severity=175 | SourceName=Motor | EventType=application
[2026-08-16 16:11:43.241 (UTC)] info/application	[Motor] Received distance: 12.8399306013435 cm | Severity=75 | SourceName=Motor | EventType=application
[2026-08-16 16:11:43.241 (UTC)] warn/application	[Motor] Distance too close (12.8399306013435); rotating motor to 0 degrees | Severity=175 | SourceName=Motor | EventType=application
[2026-08-16 16:11:44.249 (UTC)] info/application	[Motor] Received distance: 13.1296034565333 cm | Severity=75 | SourceName=Motor | EventType=application
[2026-08-16 16:11:44.249 (UTC)] warn/application	[Motor] Distance too close (13.1296034565333); rotating motor to 0 degrees | Severity=175 | SourceName=Motor | EventType=application
[2026-08-16 16:11:45.244 (UTC)] info/application	[Motor] Received distance: 14.1742786458574 cm | Severity=75 | SourceName=Motor | EventType=application
[2026-08-16 16:11:45.244 (UTC)] warn/application	[Motor] Distance too close (14.1742786458574); rotating motor to 0 degrees | Severity=175 | SourceName=Motor | EventType=application
[2026-08-16 16:11:46.235 (UTC)] info/application	[Motor] Received distance: 14.6534766248211 cm | Severity=75 | SourceName=Motor | EventType=application
[2026-08-16 16:11:46.235 (UTC)] warn/application	[Motor] Distance too close (14.6534766248211); rotating motor to 0 degrees | Severity=175 | SourceName=Motor | EventType=application
[2026-08-16 16:11:47.245 (UTC)] info/application	[Motor] Received distance: 14.2479229314476 cm | Severity=75 | SourceName=Motor | EventType=application
[2026-08-16 16:11:47.245 (UTC)] warn/application	[Motor] Distance too close (14.2479229314476); rotating motor to 0 degrees | Severity=175 | SourceName=Motor | EventType=application
[2026-08-16 16:11:48.237 (UTC)] info/application	[Motor] Received distance: 13.1481766531468 cm | Severity=75 | SourceName=Motor | EventType=application
[2026-08-16 16:11:48.237 (UTC)] warn/application	[Motor] Distance too close (13.1481766531468); rotating motor to 0 degrees | Severity=175 | SourceName=Motor | EventType=application
[2026-08-16 16:11:49.247 (UTC)] info/application	[Motor] Received distance: 12.2771112449826 cm | Severity=75 | SourceName=Motor | EventType=application
[2026-08-16 16:11:49.247 (UTC)] warn/application	[Motor] Distance too close (12.2771112449826); rotating motor to 0 degrees | Severity=175 | SourceName=Motor | EventType=application
[2026-08-16 16:11:50.241 (UTC)] info/application	[Motor] Received distance: 13.5117294420543 cm | Severity=75 | SourceName=Motor | EventType=application
[2026-08-16 16:11:50.241 (UTC)] warn/application	[Motor] Distance too close (13.5117294420543); rotating motor to 0 degrees | Severity=175 | SourceName=Motor | EventType=application
[2026-08-16 16:11:51.250 (UTC)] info/application	[Motor] Received distance: 14.2452575714538 cm | Severity=75 | SourceName=Motor | EventType=application
[2026-08-16 16:11:51.250 (UTC)] warn/application	[Motor] Distance too close (14.2452575714538); rotating motor to 0 degrees | Severity=175 | SourceName=Motor | EventType=application
[2026-08-16 16:11:52.243 (UTC)] info/application	[Motor] Received distance: 15.1137917873514 cm | Severity=75 | SourceName=Motor | EventType=application
[2026-08-16 16:11:52.243 (UTC)] warn/application	[Motor] Distance too close (15.1137917873514); rotating motor to 0 degrees | Severity=175 | SourceName=Motor | EventType=application
[2026-08-16 16:11:53.237 (UTC)] info/application	[Motor] Received distance: 15.3057240128078 cm | Severity=75 | SourceName=Motor | EventType=application
[2026-08-16 16:11:53.237 (UTC)] warn/application	[Motor] Distance too close (15.3057240128078); rotating motor to 0 degrees | Severity=175 | SourceName=Motor | EventType=application
[2026-08-16 16:11:54.247 (UTC)] info/application	[Motor] Received distance: 16.3743771141741 cm | Severity=75 | SourceName=Motor | EventType=application
[2026-08-16 16:11:54.247 (UTC)] warn/application	[Motor] Distance too close (16.3743771141741); rotating motor to 0 degrees | Severity=175 | SourceName=Motor | EventType=application
[2026-08-16 16:11:55.241 (UTC)] info/application	[Motor] Received distance: 16.2235086496098 cm | Severity=75 | SourceName=Motor | EventType=application
[2026-08-16 16:11:55.241 (UTC)] warn/application	[Motor] Distance too close (16.2235086496098); rotating motor to 0 degrees | Severity=175 | SourceName=Motor | EventType=application
[2026-08-16 16:11:56.251 (UTC)] info/application	[Motor] Received distance: 16.206304936533 cm | Severity=75 | SourceName=Motor | EventType=application
[2026-08-16 16:11:56.251 (UTC)] warn/application	[Motor] Distance too close (16.206304936533); rotating motor to 0 degrees | Severity=175 | SourceName=Motor | EventType=application
[2026-08-16 16:11:57.254 (UTC)] info/application	[Motor] Received distance: 15.161687397939 cm | Severity=75 | SourceName=Motor | EventType=application
[2026-08-16 16:11:57.254 (UTC)] warn/application	[Motor] Distance too close (15.161687397939); rotating motor to 0 degrees | Severity=175 | SourceName=Motor | EventType=application
[2026-08-16 16:11:58.244 (UTC)] info/application	[Motor] Received distance: 16.4675510050578 cm | Severity=75 | SourceName=Motor | EventType=application
[2026-08-16 16:11:58.244 (UTC)] warn/application	[Motor] Distance too close (16.4675510050578); rotating motor to 0 degrees | Severity=175 | SourceName=Motor | EventType=application
[2026-08-16 16:11:59.238 (UTC)] info/application	[Motor] Received distance: 17.2783691372156 cm | Severity=75 | SourceName=Motor | EventType=application
[2026-08-16 16:11:59.238 (UTC)] warn/application	[Motor] Distance too close (17.2783691372156); rotating motor to 0 degrees | Severity=175 | SourceName=Motor | EventType=application
[2026-08-16 16:12:00.247 (UTC)] info/application	[Motor] Received distance: 17.435181265201 cm | Severity=75 | SourceName=Motor | EventType=application
[2026-08-16 16:12:00.247 (UTC)] warn/application	[Motor] Distance too close (17.435181265201); rotating motor to 0 degrees | Severity=175 | SourceName=Motor | EventType=application
[2026-08-16 16:12:01.242 (UTC)] info/application	[Motor] Received distance: 16.5462757542479 cm | Severity=75 | SourceName=Motor | EventType=application
[2026-08-16 16:12:01.242 (UTC)] warn/application	[Motor] Distance too close (16.5462757542479); rotating motor to 0 degrees | Severity=175 | SourceName=Motor | EventType=application
[2026-08-16 16:12:02.251 (UTC)] info/application	[Motor] Received distance: 15.0466191147206 cm | Severity=75 | SourceName=Motor | EventType=application
[2026-08-16 16:12:02.251 (UTC)] warn/application	[Motor] Distance too close (15.0466191147206); rotating motor to 0 degrees | Severity=175 | SourceName=Motor | EventType=application
[2026-08-16 16:12:03.243 (UTC)] info/application	[Motor] Received distance: 14.7272296830673 cm | Severity=75 | SourceName=Motor | EventType=application
[2026-08-16 16:12:03.243 (UTC)] warn/application	[Motor] Distance too close (14.7272296830673); rotating motor to 0 degrees | Severity=175 | SourceName=Motor | EventType=application
[2026-08-16 16:12:04.252 (UTC)] info/application	[Motor] Received distance: 13.4020012225499 cm | Severity=75 | SourceName=Motor | EventType=application
[2026-08-16 16:12:04.252 (UTC)] warn/application	[Motor] Distance too close (13.4020012225499); rotating motor to 0 degrees | Severity=175 | SourceName=Motor | EventType=application
[2026-08-16 16:12:05.254 (UTC)] info/application	[Motor] Received distance: 12.1864640899871 cm | Severity=75 | SourceName=Motor | EventType=application
[2026-08-16 16:12:05.254 (UTC)] warn/application	[Motor] Distance too close (12.1864640899871); rotating motor to 0 degrees | Severity=175 | SourceName=Motor | EventType=application
[2026-08-16 16:12:06.236 (UTC)] info/application	[Motor] Received distance: 11.4011134444276 cm | Severity=75 | SourceName=Motor | EventType=application
[2026-08-16 16:12:06.236 (UTC)] warn/application	[Motor] Distance too close (11.4011134444276); rotating motor to 0 degrees | Severity=175 | SourceName=Motor | EventType=application
[2026-08-16 16:12:07.245 (UTC)] info/application	[Motor] Received distance: 10.305564049308 cm | Severity=75 | SourceName=Motor | EventType=application
[2026-08-16 16:12:07.245 (UTC)] warn/application	[Motor] Distance too close (10.305564049308); rotating motor to 0 degrees | Severity=175 | SourceName=Motor | EventType=application
[2026-08-16 16:12:08.238 (UTC)] info/application	[Motor] Received distance: 9.63879809022825 cm | Severity=75 | SourceName=Motor | EventType=application
[2026-08-16 16:12:08.238 (UTC)] warn/application	[Motor] Distance too close (9.63879809022825); rotating motor to 0 degrees | Severity=175 | SourceName=Motor | EventType=application
[2026-08-16 16:12:09.248 (UTC)] info/application	[Motor] Received distance: 9.26056346821625 cm | Severity=75 | SourceName=Motor | EventType=application
[2026-08-16 16:12:09.248 (UTC)] warn/application	[Motor] Distance too close (9.26056346821625); rotating motor to 0 degrees | Severity=175 | SourceName=Motor | EventType=application
[2026-08-16 16:12:10.242 (UTC)] info/application	[Motor] Received distance: 9.05438384439535 cm | Severity=75 | SourceName=Motor | EventType=application
[2026-08-16 16:12:10.242 (UTC)] warn/application	[Motor] Distance too close (9.05438384439535); rotating motor to 0 degrees | Severity=175 | SourceName=Motor | EventType=application
[2026-08-16 16:12:11.250 (UTC)] info/application	[Motor] Received distance: 10.1666187085987 cm | Severity=75 | SourceName=Motor | EventType=application
[2026-08-16 16:12:11.250 (UTC)] warn/application	[Motor] Distance too close (10.1666187085987); rotating motor to 0 degrees | Severity=175 | SourceName=Motor | EventType=application
[2026-08-16 16:12:12.252 (UTC)] info/application	[Motor] Received distance: 9.01051408495313 cm | Severity=75 | SourceName=Motor | EventType=application
[2026-08-16 16:12:12.252 (UTC)] warn/application	[Motor] Distance too close (9.01051408495313); rotating motor to 0 degrees | Severity=175 | SourceName=Motor | EventType=application
[2026-08-16 16:12:13.236 (UTC)] info/application	[Motor] Received distance: 8.0962840393634 cm | Severity=75 | SourceName=Motor | EventType=application
[2026-08-16 16:12:13.236 (UTC)] warn/application	[Motor] Distance too close (8.0962840393634); rotating motor to 0 degrees | Severity=175 | SourceName=Motor | EventType=application
[2026-08-16 16:12:14.245 (UTC)] info/application	[Motor] Received distance: 7.65725600587077 cm | Severity=75 | SourceName=Motor | EventType=application
[2026-08-16 16:12:14.245 (UTC)] warn/application	[Motor] Distance too close (7.65725600587077); rotating motor to 0 degrees | Severity=175 | SourceName=Motor | EventType=application
[2026-08-16 16:12:15.239 (UTC)] info/application	[Motor] Received distance: 8.29082423741502 cm | Severity=75 | SourceName=Motor | EventType=application
[2026-08-16 16:12:15.239 (UTC)] warn/application	[Motor] Distance too close (8.29082423741502); rotating motor to 0 degrees | Severity=175 | SourceName=Motor | EventType=application
[2026-08-16 16:12:16.248 (UTC)] info/application	[Motor] Received distance: 6.92126937975235 cm | Severity=75 | SourceName=Motor | EventType=application
[2026-08-16 16:12:16.248 (UTC)] warn/application	[Motor] Distance too close (6.92126937975235); rotating motor to 0 degrees | Severity=175 | SourceName=Motor | EventType=application
[2026-08-16 16:12:17.241 (UTC)] info/application	[Motor] Received distance: 5.46143932382644 cm | Severity=75 | SourceName=Motor | EventType=application
[2026-08-16 16:12:17.241 (UTC)] warn/application	[Motor] Distance too close (5.46143932382644); rotating motor to 0 degrees | Severity=175 | SourceName=Motor | EventType=application
[2026-08-16 16:12:18.251 (UTC)] info/application	[Motor] Received distance: 4.18945386199721 cm | Severity=75 | SourceName=Motor | EventType=application
[2026-08-16 16:12:18.251 (UTC)] warn/application	[Motor] Distance too close (4.18945386199721); rotating motor to 0 degrees | Severity=175 | SourceName=Motor | EventType=application
[2026-08-16 16:12:19.254 (UTC)] info/application	[Motor] Received distance: 3.22015272603378 cm | Severity=75 | SourceName=Motor | EventType=application
[2026-08-16 16:12:19.254 (UTC)] warn/application	[Motor] Distance too close (3.22015272603378); rotating motor to 0 degrees | Severity=175 | SourceName=Motor | EventType=application
[2026-08-16 16:12:20.244 (UTC)] info/application	[Motor] Received distance: 2.38925726194366 cm | Severity=75 | SourceName=Motor | EventType=application
[2026-08-16 16:12:20.244 (UTC)] warn/application	[Motor] Distance too close (2.38925726194366); rotating motor to 0 degrees | Severity=175 | SourceName=Motor | EventType=application
[2026-08-16 16:12:21.238 (UTC)] info/application	[Motor] Received distance: 3.85188999718609 cm | Severity=75 | SourceName=Motor | EventType=application
[2026-08-16 16:12:21.238 (UTC)] warn/application	[Motor] Distance too close (3.85188999718609); rotating motor to 0 degrees | Severity=175 | SourceName=Motor | EventType=application
[2026-08-16 16:12:22.247 (UTC)] info/application	[Motor] Received distance: 5.11611699062219 cm | Severity=75 | SourceName=Motor | EventType=application
[2026-08-16 16:12:22.247 (UTC)] warn/application	[Motor] Distance too close (5.11611699062219); rotating motor to 0 degrees | Severity=175 | SourceName=Motor | EventType=application
[2026-08-16 16:12:23.239 (UTC)] info/application	[Motor] Received distance: 3.65375574242965 cm | Severity=75 | SourceName=Motor | EventType=application
[2026-08-16 16:12:23.239 (UTC)] warn/application	[Motor] Distance too close (3.65375574242965); rotating motor to 0 degrees | Severity=175 | SourceName=Motor | EventType=application
[2026-08-16 16:12:24.248 (UTC)] info/application	[Motor] Received distance: 3.80832070312851 cm | Severity=75 | SourceName=Motor | EventType=application
[2026-08-16 16:12:24.248 (UTC)] warn/application	[Motor] Distance too close (3.80832070312851); rotating motor to 0 degrees | Severity=175 | SourceName=Motor | EventType=application
[2026-08-16 16:12:25.242 (UTC)] info/application	[Motor] Received distance: 4.64120079653394 cm | Severity=75 | SourceName=Motor | EventType=application
[2026-08-16 16:12:25.242 (UTC)] warn/application	[Motor] Distance too close (4.64120079653394); rotating motor to 0 degrees | Severity=175 | SourceName=Motor | EventType=application
[2026-08-16 16:12:26.252 (UTC)] info/application	[Motor] Received distance: 4.52797108377702 cm | Severity=75 | SourceName=Motor | EventType=application
[2026-08-16 16:12:26.252 (UTC)] warn/application	[Motor] Distance too close (4.52797108377702); rotating motor to 0 degrees | Severity=175 | SourceName=Motor | EventType=application
[2026-08-16 16:12:27.235 (UTC)] info/application	[Motor] Received distance: 3.16533233000214 cm | Severity=75 | SourceName=Motor | EventType=application
[2026-08-16 16:12:27.235 (UTC)] warn/application	[Motor] Distance too close (3.16533233000214); rotating motor to 0 degrees | Severity=175 | SourceName=Motor | EventType=application
[2026-08-16 16:12:28.245 (UTC)] info/application	[Motor] Received distance: 4.45359488621056 cm | Severity=75 | SourceName=Motor | EventType=application
[2026-08-16 16:12:28.245 (UTC)] warn/application	[Motor] Distance too close (4.45359488621056); rotating motor to 0 degrees | Severity=175 | SourceName=Motor | EventType=application
[2026-08-16 16:12:29.239 (UTC)] info/application	[Motor] Received distance: 4.14622878057241 cm | Severity=75 | SourceName=Motor | EventType=application
[2026-08-16 16:12:29.239 (UTC)] warn/application	[Motor] Distance too close (4.14622878057241); rotating motor to 0 degrees | Severity=175 | SourceName=Motor | EventType=application
[2026-08-16 16:12:30.248 (UTC)] info/application	[Motor] Received distance: 5.09440815895536 cm | Severity=75 | SourceName=Motor | EventType=application
[2026-08-16 16:12:30.248 (UTC)] warn/application	[Motor] Distance too close (5.09440815895536); rotating motor to 0 degrees | Severity=175 | SourceName=Motor | EventType=application
[2026-08-16 16:12:31.240 (UTC)] info/application	[Motor] Received distance: 5.03948284175223 cm | Severity=75 | SourceName=Motor | EventType=application
[2026-08-16 16:12:31.240 (UTC)] warn/application	[Motor] Distance too close (5.03948284175223); rotating motor to 0 degrees | Severity=175 | SourceName=Motor | EventType=application
[2026-08-16 16:12:32.250 (UTC)] info/application	[Motor] Received distance: 5.34321122516097 cm | Severity=75 | SourceName=Motor | EventType=application
[2026-08-16 16:12:32.250 (UTC)] warn/application	[Motor] Distance too close (5.34321122516097); rotating motor to 0 degrees | Severity=175 | SourceName=Motor | EventType=application
[2026-08-16 16:12:33.253 (UTC)] info/application	[Motor] Received distance: 6.29173396401654 cm | Severity=75 | SourceName=Motor | EventType=application
[2026-08-16 16:12:33.253 (UTC)] warn/application	[Motor] Distance too close (6.29173396401654); rotating motor to 0 degrees | Severity=175 | SourceName=Motor | EventType=application
[2026-08-16 16:12:34.253 (UTC)] info/application	[Motor] Received distance: 7.41741921516016 cm | Severity=75 | SourceName=Motor | EventType=application
[2026-08-16 16:12:34.253 (UTC)] warn/application	[Motor] Distance too close (7.41741921516016); rotating motor to 0 degrees | Severity=175 | SourceName=Motor | EventType=application
[2026-08-16 16:12:35.237 (UTC)] info/application	[Motor] Received distance: 7.89591913805154 cm | Severity=75 | SourceName=Motor | EventType=application
[2026-08-16 16:12:35.237 (UTC)] warn/application	[Motor] Distance too close (7.89591913805154); rotating motor to 0 degrees | Severity=175 | SourceName=Motor | EventType=application
[2026-08-16 16:12:36.247 (UTC)] info/application	[Motor] Received distance: 9.12890474574124 cm | Severity=75 | SourceName=Motor | EventType=application
[2026-08-16 16:12:36.247 (UTC)] warn/application	[Motor] Distance too close (9.12890474574124); rotating motor to 0 degrees | Severity=175 | SourceName=Motor | EventType=application
[2026-08-16 16:12:37.239 (UTC)] info/application	[Motor] Received distance: 7.96923935132532 cm | Severity=75 | SourceName=Motor | EventType=application
[2026-08-16 16:12:37.239 (UTC)] warn/application	[Motor] Distance too close (7.96923935132532); rotating motor to 0 degrees | Severity=175 | SourceName=Motor | EventType=application
[2026-08-16 16:12:38.249 (UTC)] info/application	[Motor] Received distance: 8.85218987909714 cm | Severity=75 | SourceName=Motor | EventType=application
[2026-08-16 16:12:38.249 (UTC)] warn/application	[Motor] Distance too close (8.85218987909714); rotating motor to 0 degrees | Severity=175 | SourceName=Motor | EventType=application
[2026-08-16 16:12:39.242 (UTC)] info/application	[Motor] Received distance: 7.91840952631012 cm | Severity=75 | SourceName=Motor | EventType=application
[2026-08-16 16:12:39.242 (UTC)] warn/application	[Motor] Distance too close (7.91840952631012); rotating motor to 0 degrees | Severity=175 | SourceName=Motor | EventType=application
[2026-08-16 16:12:40.251 (UTC)] info/application	[Motor] Received distance: 7.8805095098822 cm | Severity=75 | SourceName=Motor | EventType=application
[2026-08-16 16:12:40.251 (UTC)] warn/application	[Motor] Distance too close (7.8805095098822); rotating motor to 0 degrees | Severity=175 | SourceName=Motor | EventType=application
[2026-08-16 16:12:41.235 (UTC)] info/application	[Motor] Received distance: 7.05728041383312 cm | Severity=75 | SourceName=Motor | EventType=application
[2026-08-16 16:12:41.235 (UTC)] warn/application	[Motor] Distance too close (7.05728041383312); rotating motor to 0 degrees | Severity=175 | SourceName=Motor | EventType=application
[2026-08-16 16:12:42.244 (UTC)] info/application	[Motor] Received distance: 5.73573492385249 cm | Severity=75 | SourceName=Motor | EventType=application
[2026-08-16 16:12:42.244 (UTC)] warn/application	[Motor] Distance too close (5.73573492385249); rotating motor to 0 degrees | Severity=175 | SourceName=Motor | EventType=application
[2026-08-16 16:12:43.237 (UTC)] info/application	[Motor] Received distance: 6.04173028377897 cm | Severity=75 | SourceName=Motor | EventType=application
[2026-08-16 16:12:43.237 (UTC)] warn/application	[Motor] Distance too close (6.04173028377897); rotating motor to 0 degrees | Severity=175 | SourceName=Motor | EventType=application
[2026-08-16 16:12:44.246 (UTC)] info/application	[Motor] Received distance: 5.80427114214016 cm | Severity=75 | SourceName=Motor | EventType=application
[2026-08-16 16:12:44.246 (UTC)] warn/application	[Motor] Distance too close (5.80427114214016); rotating motor to 0 degrees | Severity=175 | SourceName=Motor | EventType=application
[2026-08-16 16:12:45.239 (UTC)] info/application	[Motor] Received distance: 5.5436976186669 cm | Severity=75 | SourceName=Motor | EventType=application
[2026-08-16 16:12:45.239 (UTC)] warn/application	[Motor] Distance too close (5.5436976186669); rotating motor to 0 degrees | Severity=175 | SourceName=Motor | EventType=application
[2026-08-16 16:12:46.248 (UTC)] info/application	[Motor] Received distance: 4.98326121013764 cm | Severity=75 | SourceName=Motor | EventType=application
[2026-08-16 16:12:46.248 (UTC)] warn/application	[Motor] Distance too close (4.98326121013764); rotating motor to 0 degrees | Severity=175 | SourceName=Motor | EventType=application
[2026-08-16 16:12:47.241 (UTC)] info/application	[Motor] Received distance: 4.87624721083616 cm | Severity=75 | SourceName=Motor | EventType=application
[2026-08-16 16:12:47.241 (UTC)] warn/application	[Motor] Distance too close (4.87624721083616); rotating motor to 0 degrees | Severity=175 | SourceName=Motor | EventType=application
[2026-08-16 16:12:48.250 (UTC)] info/application	[Motor] Received distance: 4.65584363283396 cm | Severity=75 | SourceName=Motor | EventType=application
[2026-08-16 16:12:48.250 (UTC)] warn/application	[Motor] Distance too close (4.65584363283396); rotating motor to 0 degrees | Severity=175 | SourceName=Motor | EventType=application
[2026-08-16 16:12:49.242 (UTC)] info/application	[Motor] Received distance: 4.32342176247548 cm | Severity=75 | SourceName=Motor | EventType=application
[2026-08-16 16:12:49.242 (UTC)] warn/application	[Motor] Distance too close (4.32342176247548); rotating motor to 0 degrees | Severity=175 | SourceName=Motor | EventType=application
[2026-08-16 16:12:50.253 (UTC)] info/application	[Motor] Received distance: 4.74710662721056 cm | Severity=75 | SourceName=Motor | EventType=application
[2026-08-16 16:12:50.253 (UTC)] warn/application	[Motor] Distance too close (4.74710662721056); rotating motor to 0 degrees | Severity=175 | SourceName=Motor | EventType=application
[2026-08-16 16:12:51.236 (UTC)] info/application	[Motor] Received distance: 5.19580758511825 cm | Severity=75 | SourceName=Motor | EventType=application
[2026-08-16 16:12:51.236 (UTC)] warn/application	[Motor] Distance too close (5.19580758511825); rotating motor to 0 degrees | Severity=175 | SourceName=Motor | EventType=application
[2026-08-16 16:12:52.246 (UTC)] info/application	[Motor] Received distance: 4.82601844860522 cm | Severity=75 | SourceName=Motor | EventType=application
[2026-08-16 16:12:52.246 (UTC)] warn/application	[Motor] Distance too close (4.82601844860522); rotating motor to 0 degrees | Severity=175 | SourceName=Motor | EventType=application
[2026-08-16 16:12:53.238 (UTC)] info/application	[Motor] Received distance: 5.01393030537942 cm | Severity=75 | SourceName=Motor | EventType=application
[2026-08-16 16:12:53.238 (UTC)] warn/application	[Motor] Distance too close (5.01393030537942); rotating motor to 0 degrees | Severity=175 | SourceName=Motor | EventType=application
[2026-08-16 16:12:54.247 (UTC)] info/application	[Motor] Received distance: 5.50027001509456 cm | Severity=75 | SourceName=Motor | EventType=application
[2026-08-16 16:12:54.248 (UTC)] warn/application	[Motor] Distance too close (5.50027001509456); rotating motor to 0 degrees | Severity=175 | SourceName=Motor | EventType=application
[2026-08-16 16:12:55.241 (UTC)] info/application	[Motor] Received distance: 6.78504583928038 cm | Severity=75 | SourceName=Motor | EventType=application
[2026-08-16 16:12:55.241 (UTC)] warn/application	[Motor] Distance too close (6.78504583928038); rotating motor to 0 degrees | Severity=175 | SourceName=Motor | EventType=application
[2026-08-16 16:12:56.251 (UTC)] info/application	[Motor] Received distance: 6.30583778946002 cm | Severity=75 | SourceName=Motor | EventType=application
[2026-08-16 16:12:56.251 (UTC)] warn/application	[Motor] Distance too close (6.30583778946002); rotating motor to 0 degrees | Severity=175 | SourceName=Motor | EventType=application
[2026-08-16 16:12:57.244 (UTC)] info/application	[Motor] Received distance: 5.17894778641824 cm | Severity=75 | SourceName=Motor | EventType=application
[2026-08-16 16:12:57.244 (UTC)] warn/application	[Motor] Distance too close (5.17894778641824); rotating motor to 0 degrees | Severity=175 | SourceName=Motor | EventType=application
[2026-08-16 16:12:58.235 (UTC)] info/application	[Motor] Received distance: 6.60108485682919 cm | Severity=75 | SourceName=Motor | EventType=application
[2026-08-16 16:12:58.235 (UTC)] warn/application	[Motor] Distance too close (6.60108485682919); rotating motor to 0 degrees | Severity=175 | SourceName=Motor | EventType=application
[2026-08-16 16:12:59.244 (UTC)] info/application	[Motor] Received distance: 5.91013936182025 cm | Severity=75 | SourceName=Motor | EventType=application
[2026-08-16 16:12:59.244 (UTC)] warn/application	[Motor] Distance too close (5.91013936182025); rotating motor to 0 degrees | Severity=175 | SourceName=Motor | EventType=application
[2026-08-16 16:13:00.238 (UTC)] info/application	[Motor] Received distance: 5.97588325314033 cm | Severity=75 | SourceName=Motor | EventType=application
[2026-08-16 16:13:00.238 (UTC)] warn/application	[Motor] Distance too close (5.97588325314033); rotating motor to 0 degrees | Severity=175 | SourceName=Motor | EventType=application
[2026-08-16 16:13:01.247 (UTC)] info/application	[Motor] Received distance: 6.84619970193422 cm | Severity=75 | SourceName=Motor | EventType=application
[2026-08-16 16:13:01.247 (UTC)] warn/application	[Motor] Distance too close (6.84619970193422); rotating motor to 0 degrees | Severity=175 | SourceName=Motor | EventType=application
[2026-08-16 16:13:02.241 (UTC)] info/application	[Motor] Received distance: 7.60032888972216 cm | Severity=75 | SourceName=Motor | EventType=application
[2026-08-16 16:13:02.241 (UTC)] warn/application	[Motor] Distance too close (7.60032888972216); rotating motor to 0 degrees | Severity=175 | SourceName=Motor | EventType=application
[2026-08-16 16:13:03.250 (UTC)] info/application	[Motor] Received distance: 6.46980116305399 cm | Severity=75 | SourceName=Motor | EventType=application
[2026-08-16 16:13:03.250 (UTC)] warn/application	[Motor] Distance too close (6.46980116305399); rotating motor to 0 degrees | Severity=175 | SourceName=Motor | EventType=application
[2026-08-16 16:13:04.253 (UTC)] info/application	[Motor] Received distance: 6.78864034930647 cm | Severity=75 | SourceName=Motor | EventType=application
[2026-08-16 16:13:04.253 (UTC)] warn/application	[Motor] Distance too close (6.78864034930647); rotating motor to 0 degrees | Severity=175 | SourceName=Motor | EventType=application
[2026-08-16 16:13:05.235 (UTC)] info/application	[Motor] Received distance: 7.16845478684104 cm | Severity=75 | SourceName=Motor | EventType=application
[2026-08-16 16:13:05.235 (UTC)] warn/application	[Motor] Distance too close (7.16845478684104); rotating motor to 0 degrees | Severity=175 | SourceName=Motor | EventType=application
[2026-08-16 16:13:06.245 (UTC)] info/application	[Motor] Received distance: 8.01642698446123 cm | Severity=75 | SourceName=Motor | EventType=application
[2026-08-16 16:13:06.245 (UTC)] warn/application	[Motor] Distance too close (8.01642698446123); rotating motor to 0 degrees | Severity=175 | SourceName=Motor | EventType=application
[2026-08-16 16:13:07.238 (UTC)] info/application	[Motor] Received distance: 8.06825177700644 cm | Severity=75 | SourceName=Motor | EventType=application
[2026-08-16 16:13:07.238 (UTC)] warn/application	[Motor] Distance too close (8.06825177700644); rotating motor to 0 degrees | Severity=175 | SourceName=Motor | EventType=application
[2026-08-16 16:13:08.247 (UTC)] info/application	[Motor] Received distance: 8.78840082012509 cm | Severity=75 | SourceName=Motor | EventType=application
[2026-08-16 16:13:08.247 (UTC)] warn/application	[Motor] Distance too close (8.78840082012509); rotating motor to 0 degrees | Severity=175 | SourceName=Motor | EventType=application
[2026-08-16 16:13:09.240 (UTC)] info/application	[Motor] Received distance: 9.01932354412011 cm | Severity=75 | SourceName=Motor | EventType=application
[2026-08-16 16:13:09.240 (UTC)] warn/application	[Motor] Distance too close (9.01932354412011); rotating motor to 0 degrees | Severity=175 | SourceName=Motor | EventType=application
[2026-08-16 16:13:10.249 (UTC)] info/application	[Motor] Received distance: 9.6373679838783 cm | Severity=75 | SourceName=Motor | EventType=application
[2026-08-16 16:13:10.249 (UTC)] warn/application	[Motor] Distance too close (9.6373679838783); rotating motor to 0 degrees | Severity=175 | SourceName=Motor | EventType=application
[2026-08-16 16:13:11.242 (UTC)] info/application	[Motor] Received distance: 8.81961700917205 cm | Severity=75 | SourceName=Motor | EventType=application
[2026-08-16 16:13:11.242 (UTC)] warn/application	[Motor] Distance too close (8.81961700917205); rotating motor to 0 degrees | Severity=175 | SourceName=Motor | EventType=application
[2026-08-16 16:13:12.251 (UTC)] info/application	[Motor] Received distance: 9.72731063711798 cm | Severity=75 | SourceName=Motor | EventType=application
[2026-08-16 16:13:12.251 (UTC)] warn/application	[Motor] Distance too close (9.72731063711798); rotating motor to 0 degrees | Severity=175 | SourceName=Motor | EventType=application
[2026-08-16 16:13:13.254 (UTC)] info/application	[Motor] Received distance: 10.5238095882925 cm | Severity=75 | SourceName=Motor | EventType=application
[2026-08-16 16:13:13.254 (UTC)] warn/application	[Motor] Distance too close (10.5238095882925); rotating motor to 0 degrees | Severity=175 | SourceName=Motor | EventType=application
[2026-08-16 16:13:14.235 (UTC)] info/application	[Motor] Received distance: 11.5120539749097 cm | Severity=75 | SourceName=Motor | EventType=application
[2026-08-16 16:13:14.235 (UTC)] warn/application	[Motor] Distance too close (11.5120539749097); rotating motor to 0 degrees | Severity=175 | SourceName=Motor | EventType=application
[2026-08-16 16:13:15.245 (UTC)] info/application	[Motor] Received distance: 10.6822884598199 cm | Severity=75 | SourceName=Motor | EventType=application
[2026-08-16 16:13:15.245 (UTC)] warn/application	[Motor] Distance too close (10.6822884598199); rotating motor to 0 degrees | Severity=175 | SourceName=Motor | EventType=application
[2026-08-16 16:13:16.237 (UTC)] info/application	[Motor] Received distance: 9.71821388612419 cm | Severity=75 | SourceName=Motor | EventType=application
[2026-08-16 16:13:16.238 (UTC)] warn/application	[Motor] Distance too close (9.71821388612419); rotating motor to 0 degrees | Severity=175 | SourceName=Motor | EventType=application
[2026-08-16 16:13:17.247 (UTC)] info/application	[Motor] Received distance: 8.64602186281515 cm | Severity=75 | SourceName=Motor | EventType=application
[2026-08-16 16:13:17.247 (UTC)] warn/application	[Motor] Distance too close (8.64602186281515); rotating motor to 0 degrees | Severity=175 | SourceName=Motor | EventType=application
[2026-08-16 16:13:18.240 (UTC)] info/application	[Motor] Received distance: 9.20924234842381 cm | Severity=75 | SourceName=Motor | EventType=application
[2026-08-16 16:13:18.240 (UTC)] warn/application	[Motor] Distance too close (9.20924234842381); rotating motor to 0 degrees | Severity=175 | SourceName=Motor | EventType=application
[2026-08-16 16:13:19.250 (UTC)] info/application	[Motor] Received distance: 9.52476419672592 cm | Severity=75 | SourceName=Motor | EventType=application
[2026-08-16 16:13:19.250 (UTC)] warn/application	[Motor] Distance too close (9.52476419672592); rotating motor to 0 degrees | Severity=175 | SourceName=Motor | EventType=application
[2026-08-16 16:13:20.253 (UTC)] info/application	[Motor] Received distance: 9.6201503030584 cm | Severity=75 | SourceName=Motor | EventType=application
[2026-08-16 16:13:20.253 (UTC)] warn/application	[Motor] Distance too close (9.6201503030584); rotating motor to 0 degrees | Severity=175 | SourceName=Motor | EventType=application
[2026-08-16 16:13:21.235 (UTC)] info/application	[Motor] Received distance: 9.10705565200516 cm | Severity=75 | SourceName=Motor | EventType=application
[2026-08-16 16:13:21.235 (UTC)] warn/application	[Motor] Distance too close (9.10705565200516); rotating motor to 0 degrees | Severity=175 | SourceName=Motor | EventType=application
[2026-08-16 16:13:22.245 (UTC)] info/application	[Motor] Received distance: 8.37127845821496 cm | Severity=75 | SourceName=Motor | EventType=application
[2026-08-16 16:13:22.245 (UTC)] warn/application	[Motor] Distance too close (8.37127845821496); rotating motor to 0 degrees | Severity=175 | SourceName=Motor | EventType=application
[2026-08-16 16:13:23.239 (UTC)] info/application	[Motor] Received distance: 9.59687542803441 cm | Severity=75 | SourceName=Motor | EventType=application
[2026-08-16 16:13:23.239 (UTC)] warn/application	[Motor] Distance too close (9.59687542803441); rotating motor to 0 degrees | Severity=175 | SourceName=Motor | EventType=application
[2026-08-16 16:13:24.248 (UTC)] info/application	[Motor] Received distance: 10.7716926351524 cm | Severity=75 | SourceName=Motor | EventType=application
[2026-08-16 16:13:24.248 (UTC)] warn/application	[Motor] Distance too close (10.7716926351524); rotating motor to 0 degrees | Severity=175 | SourceName=Motor | EventType=application
[2026-08-16 16:13:25.242 (UTC)] info/application	[Motor] Received distance: 12.0222551510773 cm | Severity=75 | SourceName=Motor | EventType=application
[2026-08-16 16:13:25.242 (UTC)] warn/application	[Motor] Distance too close (12.0222551510773); rotating motor to 0 degrees | Severity=175 | SourceName=Motor | EventType=application
[2026-08-16 16:13:26.251 (UTC)] info/application	[Motor] Received distance: 13.0326279450826 cm | Severity=75 | SourceName=Motor | EventType=application
[2026-08-16 16:13:26.251 (UTC)] warn/application	[Motor] Distance too close (13.0326279450826); rotating motor to 0 degrees | Severity=175 | SourceName=Motor | EventType=application
[2026-08-16 16:13:27.235 (UTC)] info/application	[Motor] Received distance: 12.2282371009832 cm | Severity=75 | SourceName=Motor | EventType=application
[2026-08-16 16:13:27.235 (UTC)] warn/application	[Motor] Distance too close (12.2282371009832); rotating motor to 0 degrees | Severity=175 | SourceName=Motor | EventType=application
[2026-08-16 16:13:28.244 (UTC)] info/application	[Motor] Received distance: 10.8519096124693 cm | Severity=75 | SourceName=Motor | EventType=application
[2026-08-16 16:13:28.244 (UTC)] warn/application	[Motor] Distance too close (10.8519096124693); rotating motor to 0 degrees | Severity=175 | SourceName=Motor | EventType=application
[2026-08-16 16:13:29.238 (UTC)] info/application	[Motor] Received distance: 11.7844194754886 cm | Severity=75 | SourceName=Motor | EventType=application
[2026-08-16 16:13:29.238 (UTC)] warn/application	[Motor] Distance too close (11.7844194754886); rotating motor to 0 degrees | Severity=175 | SourceName=Motor | EventType=application
[2026-08-16 16:13:30.247 (UTC)] info/application	[Motor] Received distance: 11.7890831363802 cm | Severity=75 | SourceName=Motor | EventType=application
[2026-08-16 16:13:30.247 (UTC)] warn/application	[Motor] Distance too close (11.7890831363802); rotating motor to 0 degrees | Severity=175 | SourceName=Motor | EventType=application
[2026-08-16 16:13:31.242 (UTC)] info/application	[Motor] Received distance: 11.9784995391865 cm | Severity=75 | SourceName=Motor | EventType=application
[2026-08-16 16:13:31.242 (UTC)] warn/application	[Motor] Distance too close (11.9784995391865); rotating motor to 0 degrees | Severity=175 | SourceName=Motor | EventType=application
[2026-08-16 16:13:32.250 (UTC)] info/application	[Motor] Received distance: 12.2813258496026 cm | Severity=75 | SourceName=Motor | EventType=application
[2026-08-16 16:13:32.250 (UTC)] warn/application	[Motor] Distance too close (12.2813258496026); rotating motor to 0 degrees | Severity=175 | SourceName=Motor | EventType=application
[2026-08-16 16:13:33.253 (UTC)] info/application	[Motor] Received distance: 11.5401186968852 cm | Severity=75 | SourceName=Motor | EventType=application
[2026-08-16 16:13:33.253 (UTC)] warn/application	[Motor] Distance too close (11.5401186968852); rotating motor to 0 degrees | Severity=175 | SourceName=Motor | EventType=application
[2026-08-16 16:13:34.253 (UTC)] info/application	[Motor] Received distance: 12.0990073744203 cm | Severity=75 | SourceName=Motor | EventType=application
[2026-08-16 16:13:34.253 (UTC)] warn/application	[Motor] Distance too close (12.0990073744203); rotating motor to 0 degrees | Severity=175 | SourceName=Motor | EventType=application
[2026-08-16 16:13:35.236 (UTC)] info/application	[Motor] Received distance: 11.2206728710889 cm | Severity=75 | SourceName=Motor | EventType=application
[2026-08-16 16:13:35.236 (UTC)] warn/application	[Motor] Distance too close (11.2206728710889); rotating motor to 0 degrees | Severity=175 | SourceName=Motor | EventType=application
[2026-08-16 16:13:36.246 (UTC)] info/application	[Motor] Received distance: 12.3592801559061 cm | Severity=75 | SourceName=Motor | EventType=application
[2026-08-16 16:13:36.246 (UTC)] warn/application	[Motor] Distance too close (12.3592801559061); rotating motor to 0 degrees | Severity=175 | SourceName=Motor | EventType=application
[2026-08-16 16:13:37.238 (UTC)] info/application	[Motor] Received distance: 12.2661410296644 cm | Severity=75 | SourceName=Motor | EventType=application
[2026-08-16 16:13:37.238 (UTC)] warn/application	[Motor] Distance too close (12.2661410296644); rotating motor to 0 degrees | Severity=175 | SourceName=Motor | EventType=application
[2026-08-16 16:13:38.247 (UTC)] info/application	[Motor] Received distance: 12.9396313188782 cm | Severity=75 | SourceName=Motor | EventType=application
[2026-08-16 16:13:38.247 (UTC)] warn/application	[Motor] Distance too close (12.9396313188782); rotating motor to 0 degrees | Severity=175 | SourceName=Motor | EventType=application
[2026-08-16 16:13:39.240 (UTC)] info/application	[Motor] Received distance: 13.2983876468141 cm | Severity=75 | SourceName=Motor | EventType=application
[2026-08-16 16:13:39.240 (UTC)] warn/application	[Motor] Distance too close (13.2983876468141); rotating motor to 0 degrees | Severity=175 | SourceName=Motor | EventType=application
[2026-08-16 16:13:40.249 (UTC)] info/application	[Motor] Received distance: 11.9361712431704 cm | Severity=75 | SourceName=Motor | EventType=application
[2026-08-16 16:13:40.249 (UTC)] warn/application	[Motor] Distance too close (11.9361712431704); rotating motor to 0 degrees | Severity=175 | SourceName=Motor | EventType=application
[2026-08-16 16:13:41.243 (UTC)] info/application	[Motor] Received distance: 11.7277059721424 cm | Severity=75 | SourceName=Motor | EventType=application
[2026-08-16 16:13:41.243 (UTC)] warn/application	[Motor] Distance too close (11.7277059721424); rotating motor to 0 degrees | Severity=175 | SourceName=Motor | EventType=application
[2026-08-16 16:13:42.252 (UTC)] info/application	[Motor] Received distance: 12.768711325372 cm | Severity=75 | SourceName=Motor | EventType=application
[2026-08-16 16:13:42.252 (UTC)] warn/application	[Motor] Distance too close (12.768711325372); rotating motor to 0 degrees | Severity=175 | SourceName=Motor | EventType=application
[2026-08-16 16:13:43.235 (UTC)] info/application	[Motor] Received distance: 13.8141885510712 cm | Severity=75 | SourceName=Motor | EventType=application
[2026-08-16 16:13:43.235 (UTC)] warn/application	[Motor] Distance too close (13.8141885510712); rotating motor to 0 degrees | Severity=175 | SourceName=Motor | EventType=application
[2026-08-16 16:13:44.236 (UTC)] info/application	[Motor] Received distance: 12.9022222298208 cm | Severity=75 | SourceName=Motor | EventType=application
[2026-08-16 16:13:44.236 (UTC)] warn/application	[Motor] Distance too close (12.9022222298208); rotating motor to 0 degrees | Severity=175 | SourceName=Motor | EventType=application
[2026-08-16 16:13:45.245 (UTC)] info/application	[Motor] Received distance: 13.4314719682706 cm | Severity=75 | SourceName=Motor | EventType=application
[2026-08-16 16:13:45.245 (UTC)] warn/application	[Motor] Distance too close (13.4314719682706); rotating motor to 0 degrees | Severity=175 | SourceName=Motor | EventType=application
[2026-08-16 16:13:46.237 (UTC)] info/application	[Motor] Received distance: 12.147183677483 cm | Severity=75 | SourceName=Motor | EventType=application
[2026-08-16 16:13:46.238 (UTC)] warn/application	[Motor] Distance too close (12.147183677483); rotating motor to 0 degrees | Severity=175 | SourceName=Motor | EventType=application
[2026-08-16 16:13:47.246 (UTC)] info/application	[Motor] Received distance: 11.7711427825369 cm | Severity=75 | SourceName=Motor | EventType=application
[2026-08-16 16:13:47.246 (UTC)] warn/application	[Motor] Distance too close (11.7711427825369); rotating motor to 0 degrees | Severity=175 | SourceName=Motor | EventType=application
[2026-08-16 16:13:48.239 (UTC)] info/application	[Motor] Received distance: 12.7282004976776 cm | Severity=75 | SourceName=Motor | EventType=application
[2026-08-16 16:13:48.239 (UTC)] warn/application	[Motor] Distance too close (12.7282004976776); rotating motor to 0 degrees | Severity=175 | SourceName=Motor | EventType=application
[2026-08-16 16:13:49.248 (UTC)] info/application	[Motor] Received distance: 13.5071326938957 cm | Severity=75 | SourceName=Motor | EventType=application
[2026-08-16 16:13:49.248 (UTC)] warn/application	[Motor] Distance too close (13.5071326938957); rotating motor to 0 degrees | Severity=175 | SourceName=Motor | EventType=application
[2026-08-16 16:13:50.242 (UTC)] info/application	[Motor] Received distance: 14.9466136486487 cm | Severity=75 | SourceName=Motor | EventType=application
[2026-08-16 16:13:50.242 (UTC)] warn/application	[Motor] Distance too close (14.9466136486487); rotating motor to 0 degrees | Severity=175 | SourceName=Motor | EventType=application
[2026-08-16 16:13:51.252 (UTC)] info/application	[Motor] Received distance: 14.4990574687249 cm | Severity=75 | SourceName=Motor | EventType=application
[2026-08-16 16:13:51.252 (UTC)] warn/application	[Motor] Distance too close (14.4990574687249); rotating motor to 0 degrees | Severity=175 | SourceName=Motor | EventType=application
[2026-08-16 16:13:52.254 (UTC)] info/application	[Motor] Received distance: 13.2648950124927 cm | Severity=75 | SourceName=Motor | EventType=application
[2026-08-16 16:13:52.254 (UTC)] warn/application	[Motor] Distance too close (13.2648950124927); rotating motor to 0 degrees | Severity=175 | SourceName=Motor | EventType=application
[2026-08-16 16:13:53.245 (UTC)] info/application	[Motor] Received distance: 12.4685987720585 cm | Severity=75 | SourceName=Motor | EventType=application
[2026-08-16 16:13:53.245 (UTC)] warn/application	[Motor] Distance too close (12.4685987720585); rotating motor to 0 degrees | Severity=175 | SourceName=Motor | EventType=application
[2026-08-16 16:13:54.236 (UTC)] info/application	[Motor] Received distance: 11.7466395619543 cm | Severity=75 | SourceName=Motor | EventType=application
[2026-08-16 16:13:54.236 (UTC)] warn/application	[Motor] Distance too close (11.7466395619543); rotating motor to 0 degrees | Severity=175 | SourceName=Motor | EventType=application
[2026-08-16 16:13:55.246 (UTC)] info/application	[Motor] Received distance: 13.18729431284 cm | Severity=75 | SourceName=Motor | EventType=application
[2026-08-16 16:13:55.246 (UTC)] warn/application	[Motor] Distance too close (13.18729431284); rotating motor to 0 degrees | Severity=175 | SourceName=Motor | EventType=application
[2026-08-16 16:13:56.238 (UTC)] info/application	[Motor] Received distance: 12.1415605869338 cm | Severity=75 | SourceName=Motor | EventType=application
[2026-08-16 16:13:56.238 (UTC)] warn/application	[Motor] Distance too close (12.1415605869338); rotating motor to 0 degrees | Severity=175 | SourceName=Motor | EventType=application
[2026-08-16 16:13:57.248 (UTC)] info/application	[Motor] Received distance: 10.9299741694378 cm | Severity=75 | SourceName=Motor | EventType=application
[2026-08-16 16:13:57.248 (UTC)] warn/application	[Motor] Distance too close (10.9299741694378); rotating motor to 0 degrees | Severity=175 | SourceName=Motor | EventType=application
[2026-08-16 16:13:58.242 (UTC)] info/application	[Motor] Received distance: 10.0662380748271 cm | Severity=75 | SourceName=Motor | EventType=application
[2026-08-16 16:13:58.242 (UTC)] warn/application	[Motor] Distance too close (10.0662380748271); rotating motor to 0 degrees | Severity=175 | SourceName=Motor | EventType=application
[2026-08-16 16:13:59.252 (UTC)] info/application	[Motor] Received distance: 9.14417686180407 cm | Severity=75 | SourceName=Motor | EventType=application
[2026-08-16 16:13:59.252 (UTC)] warn/application	[Motor] Distance too close (9.14417686180407); rotating motor to 0 degrees | Severity=175 | SourceName=Motor | EventType=application
[2026-08-16 16:14:00.236 (UTC)] info/application	[Motor] Received distance: 10.3651003073273 cm | Severity=75 | SourceName=Motor | EventType=application
[2026-08-16 16:14:00.236 (UTC)] warn/application	[Motor] Distance too close (10.3651003073273); rotating motor to 0 degrees | Severity=175 | SourceName=Motor | EventType=application
[2026-08-16 16:14:01.246 (UTC)] info/application	[Motor] Received distance: 11.0060278736083 cm | Severity=75 | SourceName=Motor | EventType=application
[2026-08-16 16:14:01.246 (UTC)] warn/application	[Motor] Distance too close (11.0060278736083); rotating motor to 0 degrees | Severity=175 | SourceName=Motor | EventType=application
[2026-08-16 16:14:02.238 (UTC)] info/application	[Motor] Received distance: 11.7733830633915 cm | Severity=75 | SourceName=Motor | EventType=application
[2026-08-16 16:14:02.238 (UTC)] warn/application	[Motor] Distance too close (11.7733830633915); rotating motor to 0 degrees | Severity=175 | SourceName=Motor | EventType=application
[2026-08-16 16:14:03.248 (UTC)] info/application	[Motor] Received distance: 11.7971328193309 cm | Severity=75 | SourceName=Motor | EventType=application
[2026-08-16 16:14:03.248 (UTC)] warn/application	[Motor] Distance too close (11.7971328193309); rotating motor to 0 degrees | Severity=175 | SourceName=Motor | EventType=application
[2026-08-16 16:14:04.241 (UTC)] info/application	[Motor] Received distance: 13.1968532328945 cm | Severity=75 | SourceName=Motor | EventType=application
[2026-08-16 16:14:04.241 (UTC)] warn/application	[Motor] Distance too close (13.1968532328945); rotating motor to 0 degrees | Severity=175 | SourceName=Motor | EventType=application
[2026-08-16 16:14:05.251 (UTC)] info/application	[Motor] Received distance: 13.0230970988158 cm | Severity=75 | SourceName=Motor | EventType=application
[2026-08-16 16:14:05.251 (UTC)] warn/application	[Motor] Distance too close (13.0230970988158); rotating motor to 0 degrees | Severity=175 | SourceName=Motor | EventType=application
[2026-08-16 16:14:06.244 (UTC)] info/application	[Motor] Received distance: 13.6685123514237 cm | Severity=75 | SourceName=Motor | EventType=application
[2026-08-16 16:14:06.244 (UTC)] warn/application	[Motor] Distance too close (13.6685123514237); rotating motor to 0 degrees | Severity=175 | SourceName=Motor | EventType=application
[2026-08-16 16:14:07.236 (UTC)] info/application	[Motor] Received distance: 14.7068400498046 cm | Severity=75 | SourceName=Motor | EventType=application
[2026-08-16 16:14:07.236 (UTC)] warn/application	[Motor] Distance too close (14.7068400498046); rotating motor to 0 degrees | Severity=175 | SourceName=Motor | EventType=application
[2026-08-16 16:14:08.245 (UTC)] info/application	[Motor] Received distance: 15.9399447894841 cm | Severity=75 | SourceName=Motor | EventType=application
[2026-08-16 16:14:08.245 (UTC)] warn/application	[Motor] Distance too close (15.9399447894841); rotating motor to 0 degrees | Severity=175 | SourceName=Motor | EventType=application
[2026-08-16 16:14:09.238 (UTC)] info/application	[Motor] Received distance: 15.7588503299089 cm | Severity=75 | SourceName=Motor | EventType=application
[2026-08-16 16:14:09.238 (UTC)] warn/application	[Motor] Distance too close (15.7588503299089); rotating motor to 0 degrees | Severity=175 | SourceName=Motor | EventType=application
[2026-08-16 16:14:10.247 (UTC)] info/application	[Motor] Received distance: 15.6559343548286 cm | Severity=75 | SourceName=Motor | EventType=application
[2026-08-16 16:14:10.247 (UTC)] warn/application	[Motor] Distance too close (15.6559343548286); rotating motor to 0 degrees | Severity=175 | SourceName=Motor | EventType=application
[2026-08-16 16:14:11.240 (UTC)] info/application	[Motor] Received distance: 17.0268226922615 cm | Severity=75 | SourceName=Motor | EventType=application
[2026-08-16 16:14:11.240 (UTC)] warn/application	[Motor] Distance too close (17.0268226922615); rotating motor to 0 degrees | Severity=175 | SourceName=Motor | EventType=application
[2026-08-16 16:14:12.250 (UTC)] info/application	[Motor] Received distance: 18.1372629616583 cm | Severity=75 | SourceName=Motor | EventType=application
[2026-08-16 16:14:12.250 (UTC)] warn/application	[Motor] Distance too close (18.1372629616583); rotating motor to 0 degrees | Severity=175 | SourceName=Motor | EventType=application
[2026-08-16 16:14:13.243 (UTC)] info/application	[Motor] Received distance: 17.5753523384106 cm | Severity=75 | SourceName=Motor | EventType=application
[2026-08-16 16:14:13.243 (UTC)] warn/application	[Motor] Distance too close (17.5753523384106); rotating motor to 0 degrees | Severity=175 | SourceName=Motor | EventType=application
[2026-08-16 16:14:14.236 (UTC)] info/application	[Motor] Received distance: 18.4917179001457 cm | Severity=75 | SourceName=Motor | EventType=application
[2026-08-16 16:14:14.236 (UTC)] warn/application	[Motor] Distance too close (18.4917179001457); rotating motor to 0 degrees | Severity=175 | SourceName=Motor | EventType=application
[2026-08-16 16:14:15.246 (UTC)] info/application	[Motor] Received distance: 17.1901918468951 cm | Severity=75 | SourceName=Motor | EventType=application
[2026-08-16 16:14:15.246 (UTC)] warn/application	[Motor] Distance too close (17.1901918468951); rotating motor to 0 degrees | Severity=175 | SourceName=Motor | EventType=application
[2026-08-16 16:14:16.239 (UTC)] info/application	[Motor] Received distance: 18.6575309634942 cm | Severity=75 | SourceName=Motor | EventType=application
[2026-08-16 16:14:16.239 (UTC)] warn/application	[Motor] Distance too close (18.6575309634942); rotating motor to 0 degrees | Severity=175 | SourceName=Motor | EventType=application
[2026-08-16 16:14:17.248 (UTC)] info/application	[Motor] Received distance: 19.7896082344417 cm | Severity=75 | SourceName=Motor | EventType=application
[2026-08-16 16:14:17.248 (UTC)] warn/application	[Motor] Distance too close (19.7896082344417); rotating motor to 0 degrees | Severity=175 | SourceName=Motor | EventType=application
[2026-08-16 16:14:18.241 (UTC)] info/application	[Motor] Received distance: 19.612041287642 cm | Severity=75 | SourceName=Motor | EventType=application
[2026-08-16 16:14:18.241 (UTC)] warn/application	[Motor] Distance too close (19.612041287642); rotating motor to 0 degrees | Severity=175 | SourceName=Motor | EventType=application
[2026-08-16 16:14:19.251 (UTC)] info/application	[Motor] Received distance: 20.5364381179849 cm | Severity=75 | SourceName=Motor | EventType=application
[2026-08-16 16:14:19.251 (UTC)] info/application	[Motor] Distance safe (20.5364381179849); rotating motor to 90 degrees | Severity=75 | SourceName=Motor | EventType=application
[2026-08-16 16:14:20.254 (UTC)] info/application	[Motor] Received distance: 20.9474475837534 cm | Severity=75 | SourceName=Motor | EventType=application
[2026-08-16 16:14:20.254 (UTC)] info/application	[Motor] Distance safe (20.9474475837534); rotating motor to 90 degrees | Severity=75 | SourceName=Motor | EventType=application
[2026-08-16 16:14:21.244 (UTC)] info/application	[Motor] Received distance: 20.7093615903097 cm | Severity=75 | SourceName=Motor | EventType=application
[2026-08-16 16:14:21.244 (UTC)] info/application	[Motor] Distance safe (20.7093615903097); rotating motor to 90 degrees | Severity=75 | SourceName=Motor | EventType=application
[2026-08-16 16:14:22.237 (UTC)] info/application	[Motor] Received distance: 19.6862022407289 cm | Severity=75 | SourceName=Motor | EventType=application
[2026-08-16 16:14:22.237 (UTC)] warn/application	[Motor] Distance too close (19.6862022407289); rotating motor to 0 degrees | Severity=175 | SourceName=Motor | EventType=application
[2026-08-16 16:14:23.245 (UTC)] info/application	[Motor] Received distance: 20.3630492516621 cm | Severity=75 | SourceName=Motor | EventType=application
[2026-08-16 16:14:23.245 (UTC)] info/application	[Motor] Distance safe (20.3630492516621); rotating motor to 90 degrees | Severity=75 | SourceName=Motor | EventType=application
[2026-08-16 16:14:24.239 (UTC)] info/application	[Motor] Received distance: 20.8286670177843 cm | Severity=75 | SourceName=Motor | EventType=application
[2026-08-16 16:14:24.239 (UTC)] info/application	[Motor] Distance safe (20.8286670177843); rotating motor to 90 degrees | Severity=75 | SourceName=Motor | EventType=application
[2026-08-16 16:14:25.248 (UTC)] info/application	[Motor] Received distance: 20.5835484580992 cm | Severity=75 | SourceName=Motor | EventType=application
[2026-08-16 16:14:25.248 (UTC)] info/application	[Motor] Distance safe (20.5835484580992); rotating motor to 90 degrees | Severity=75 | SourceName=Motor | EventType=application
[2026-08-16 16:14:26.242 (UTC)] info/application	[Motor] Received distance: 21.2010502185212 cm | Severity=75 | SourceName=Motor | EventType=application
[2026-08-16 16:14:26.242 (UTC)] info/application	[Motor] Distance safe (21.2010502185212); rotating motor to 90 degrees | Severity=75 | SourceName=Motor | EventType=application
[2026-08-16 16:14:27.250 (UTC)] info/application	[Motor] Received distance: 22.1209342587371 cm | Severity=75 | SourceName=Motor | EventType=application
[2026-08-16 16:14:27.250 (UTC)] info/application	[Motor] Distance safe (22.1209342587371); rotating motor to 90 degrees | Severity=75 | SourceName=Motor | EventType=application
[2026-08-16 16:14:28.253 (UTC)] info/application	[Motor] Received distance: 22.164229281556 cm | Severity=75 | SourceName=Motor | EventType=application
[2026-08-16 16:14:28.253 (UTC)] info/application	[Motor] Distance safe (22.164229281556); rotating motor to 90 degrees | Severity=75 | SourceName=Motor | EventType=application
[2026-08-16 16:14:29.235 (UTC)] info/application	[Motor] Received distance: 23.4179949487643 cm | Severity=75 | SourceName=Motor | EventType=application
[2026-08-16 16:14:29.235 (UTC)] info/application	[Motor] Distance safe (23.4179949487643); rotating motor to 90 degrees | Severity=75 | SourceName=Motor | EventType=application
[2026-08-16 16:14:30.245 (UTC)] info/application	[Motor] Received distance: 24.9158177759572 cm | Severity=75 | SourceName=Motor | EventType=application
[2026-08-16 16:14:30.245 (UTC)] info/application	[Motor] Distance safe (24.9158177759572); rotating motor to 90 degrees | Severity=75 | SourceName=Motor | EventType=application
[2026-08-16 16:14:31.238 (UTC)] info/application	[Motor] Received distance: 24.6800362429023 cm | Severity=75 | SourceName=Motor | EventType=application
[2026-08-16 16:14:31.238 (UTC)] info/application	[Motor] Distance safe (24.6800362429023); rotating motor to 90 degrees | Severity=75 | SourceName=Motor | EventType=application
[2026-08-16 16:14:32.247 (UTC)] info/application	[Motor] Received distance: 25.0747294749947 cm | Severity=75 | SourceName=Motor | EventType=application
[2026-08-16 16:14:32.247 (UTC)] info/application	[Motor] Distance safe (25.0747294749947); rotating motor to 90 degrees | Severity=75 | SourceName=Motor | EventType=application
[2026-08-16 16:14:33.241 (UTC)] info/application	[Motor] Received distance: 25.8399074919708 cm | Severity=75 | SourceName=Motor | EventType=application
[2026-08-16 16:14:33.241 (UTC)] info/application	[Motor] Distance safe (25.8399074919708); rotating motor to 90 degrees | Severity=75 | SourceName=Motor | EventType=application
[2026-08-16 16:14:34.250 (UTC)] info/application	[Motor] Received distance: 27.1278757148552 cm | Severity=75 | SourceName=Motor | EventType=application
[2026-08-16 16:14:34.250 (UTC)] info/application	[Motor] Distance safe (27.1278757148552); rotating motor to 90 degrees | Severity=75 | SourceName=Motor | EventType=application
[2026-08-16 16:14:35.254 (UTC)] info/application	[Motor] Received distance: 27.4222893605113 cm | Severity=75 | SourceName=Motor | EventType=application
[2026-08-16 16:14:35.254 (UTC)] info/application	[Motor] Distance safe (27.4222893605113); rotating motor to 90 degrees | Severity=75 | SourceName=Motor | EventType=application
[2026-08-16 16:14:36.235 (UTC)] info/application	[Motor] Received distance: 26.5137112420116 cm | Severity=75 | SourceName=Motor | EventType=application
[2026-08-16 16:14:36.235 (UTC)] info/application	[Motor] Distance safe (26.5137112420116); rotating motor to 90 degrees | Severity=75 | SourceName=Motor | EventType=application
[2026-08-16 16:14:37.246 (UTC)] info/application	[Motor] Received distance: 26.9470947161071 cm | Severity=75 | SourceName=Motor | EventType=application
[2026-08-16 16:14:37.246 (UTC)] info/application	[Motor] Distance safe (26.9470947161071); rotating motor to 90 degrees | Severity=75 | SourceName=Motor | EventType=application
[2026-08-16 16:14:38.238 (UTC)] info/application	[Motor] Received distance: 26.779836058747 cm | Severity=75 | SourceName=Motor | EventType=application
[2026-08-16 16:14:38.238 (UTC)] info/application	[Motor] Distance safe (26.779836058747); rotating motor to 90 degrees | Severity=75 | SourceName=Motor | EventType=application
[2026-08-16 16:14:39.248 (UTC)] info/application	[Motor] Received distance: 25.6043626799269 cm | Severity=75 | SourceName=Motor | EventType=application
[2026-08-16 16:14:39.248 (UTC)] info/application	[Motor] Distance safe (25.6043626799269); rotating motor to 90 degrees | Severity=75 | SourceName=Motor | EventType=application
[2026-08-16 16:14:40.240 (UTC)] info/application	[Motor] Received distance: 24.3566516944471 cm | Severity=75 | SourceName=Motor | EventType=application
[2026-08-16 16:14:40.240 (UTC)] info/application	[Motor] Distance safe (24.3566516944471); rotating motor to 90 degrees | Severity=75 | SourceName=Motor | EventType=application
[2026-08-16 16:14:41.249 (UTC)] info/application	[Motor] Received distance: 25.5864770620067 cm | Severity=75 | SourceName=Motor | EventType=application
[2026-08-16 16:14:41.249 (UTC)] info/application	[Motor] Distance safe (25.5864770620067); rotating motor to 90 degrees | Severity=75 | SourceName=Motor | EventType=application
[2026-08-16 16:14:42.243 (UTC)] info/application	[Motor] Received distance: 24.2818920192224 cm | Severity=75 | SourceName=Motor | EventType=application
[2026-08-16 16:14:42.243 (UTC)] info/application	[Motor] Distance safe (24.2818920192224); rotating motor to 90 degrees | Severity=75 | SourceName=Motor | EventType=application
[2026-08-16 16:14:43.252 (UTC)] info/application	[Motor] Received distance: 25.6446213031396 cm | Severity=75 | SourceName=Motor | EventType=application
[2026-08-16 16:14:43.252 (UTC)] info/application	[Motor] Distance safe (25.6446213031396); rotating motor to 90 degrees | Severity=75 | SourceName=Motor | EventType=application
[2026-08-16 16:14:44.254 (UTC)] info/application	[Motor] Received distance: 24.8125360460545 cm | Severity=75 | SourceName=Motor | EventType=application
[2026-08-16 16:14:44.254 (UTC)] info/application	[Motor] Distance safe (24.8125360460545); rotating motor to 90 degrees | Severity=75 | SourceName=Motor | EventType=application
[2026-08-16 16:14:45.245 (UTC)] info/application	[Motor] Received distance: 25.9243165650053 cm | Severity=75 | SourceName=Motor | EventType=application
[2026-08-16 16:14:45.245 (UTC)] info/application	[Motor] Distance safe (25.9243165650053); rotating motor to 90 degrees | Severity=75 | SourceName=Motor | EventType=application
[2026-08-16 16:14:46.238 (UTC)] info/application	[Motor] Received distance: 24.4855197956718 cm | Severity=75 | SourceName=Motor | EventType=application
[2026-08-16 16:14:46.238 (UTC)] info/application	[Motor] Distance safe (24.4855197956718); rotating motor to 90 degrees | Severity=75 | SourceName=Motor | EventType=application
[2026-08-16 16:14:47.247 (UTC)] info/application	[Motor] Received distance: 23.6207736537889 cm | Severity=75 | SourceName=Motor | EventType=application
[2026-08-16 16:14:47.247 (UTC)] info/application	[Motor] Distance safe (23.6207736537889); rotating motor to 90 degrees | Severity=75 | SourceName=Motor | EventType=application
[2026-08-16 16:14:48.240 (UTC)] info/application	[Motor] Received distance: 24.3646314422901 cm | Severity=75 | SourceName=Motor | EventType=application
[2026-08-16 16:14:48.240 (UTC)] info/application	[Motor] Distance safe (24.3646314422901); rotating motor to 90 degrees | Severity=75 | SourceName=Motor | EventType=application
[2026-08-16 16:14:49.250 (UTC)] info/application	[Motor] Received distance: 24.248267726157 cm | Severity=75 | SourceName=Motor | EventType=application
[2026-08-16 16:14:49.250 (UTC)] info/application	[Motor] Distance safe (24.248267726157); rotating motor to 90 degrees | Severity=75 | SourceName=Motor | EventType=application
[2026-08-16 16:14:50.253 (UTC)] info/application	[Motor] Received distance: 22.8079184146169 cm | Severity=75 | SourceName=Motor | EventType=application
[2026-08-16 16:14:50.253 (UTC)] info/application	[Motor] Distance safe (22.8079184146169); rotating motor to 90 degrees | Severity=75 | SourceName=Motor | EventType=application
[2026-08-16 16:14:51.237 (UTC)] info/application	[Motor] Received distance: 22.4627856688866 cm | Severity=75 | SourceName=Motor | EventType=application
[2026-08-16 16:14:51.237 (UTC)] info/application	[Motor] Distance safe (22.4627856688866); rotating motor to 90 degrees | Severity=75 | SourceName=Motor | EventType=application
[2026-08-16 16:14:52.247 (UTC)] info/application	[Motor] Received distance: 23.6083359593099 cm | Severity=75 | SourceName=Motor | EventType=application
[2026-08-16 16:14:52.247 (UTC)] info/application	[Motor] Distance safe (23.6083359593099); rotating motor to 90 degrees | Severity=75 | SourceName=Motor | EventType=application
[2026-08-16 16:14:53.240 (UTC)] info/application	[Motor] Received distance: 22.644827298189 cm | Severity=75 | SourceName=Motor | EventType=application
[2026-08-16 16:14:53.240 (UTC)] info/application	[Motor] Distance safe (22.644827298189); rotating motor to 90 degrees | Severity=75 | SourceName=Motor | EventType=application
[2026-08-16 16:14:54.251 (UTC)] info/application	[Motor] Received distance: 21.476541561995 cm | Severity=75 | SourceName=Motor | EventType=application
[2026-08-16 16:14:54.251 (UTC)] info/application	[Motor] Distance safe (21.476541561995); rotating motor to 90 degrees | Severity=75 | SourceName=Motor | EventType=application
[2026-08-16 16:14:55.244 (UTC)] info/application	[Motor] Received distance: 21.5877096171434 cm | Severity=75 | SourceName=Motor | EventType=application
[2026-08-16 16:14:55.244 (UTC)] info/application	[Motor] Distance safe (21.5877096171434); rotating motor to 90 degrees | Severity=75 | SourceName=Motor | EventType=application
[2026-08-16 16:14:56.236 (UTC)] info/application	[Motor] Received distance: 21.8790823963373 cm | Severity=75 | SourceName=Motor | EventType=application
[2026-08-16 16:14:56.236 (UTC)] info/application	[Motor] Distance safe (21.8790823963373); rotating motor to 90 degrees | Severity=75 | SourceName=Motor | EventType=application
[2026-08-16 16:14:57.246 (UTC)] info/application	[Motor] Received distance: 22.8282984205653 cm | Severity=75 | SourceName=Motor | EventType=application
[2026-08-16 16:14:57.246 (UTC)] info/application	[Motor] Distance safe (22.8282984205653); rotating motor to 90 degrees | Severity=75 | SourceName=Motor | EventType=application
[2026-08-16 16:14:58.238 (UTC)] info/application	[Motor] Received distance: 22.3593505145327 cm | Severity=75 | SourceName=Motor | EventType=application
[2026-08-16 16:14:58.238 (UTC)] info/application	[Motor] Distance safe (22.3593505145327); rotating motor to 90 degrees | Severity=75 | SourceName=Motor | EventType=application
[2026-08-16 16:14:59.248 (UTC)] info/application	[Motor] Received distance: 21.1940183151486 cm | Severity=75 | SourceName=Motor | EventType=application
[2026-08-16 16:14:59.248 (UTC)] info/application	[Motor] Distance safe (21.1940183151486); rotating motor to 90 degrees | Severity=75 | SourceName=Motor | EventType=application
[2026-08-16 16:15:00.241 (UTC)] info/application	[Motor] Received distance: 21.8970000051879 cm | Severity=75 | SourceName=Motor | EventType=application
[2026-08-16 16:15:00.241 (UTC)] info/application	[Motor] Distance safe (21.8970000051879); rotating motor to 90 degrees | Severity=75 | SourceName=Motor | EventType=application
[2026-08-16 16:15:01.251 (UTC)] info/application	[Motor] Received distance: 21.4258749263482 cm | Severity=75 | SourceName=Motor | EventType=application
[2026-08-16 16:15:01.251 (UTC)] info/application	[Motor] Distance safe (21.4258749263482); rotating motor to 90 degrees | Severity=75 | SourceName=Motor | EventType=application
[2026-08-16 16:15:02.254 (UTC)] info/application	[Motor] Received distance: 21.5247611939091 cm | Severity=75 | SourceName=Motor | EventType=application
[2026-08-16 16:15:02.254 (UTC)] info/application	[Motor] Distance safe (21.5247611939091); rotating motor to 90 degrees | Severity=75 | SourceName=Motor | EventType=application
[2026-08-16 16:15:03.235 (UTC)] info/application	[Motor] Received distance: 21.1224361160409 cm | Severity=75 | SourceName=Motor | EventType=application
[2026-08-16 16:15:03.235 (UTC)] info/application	[Motor] Distance safe (21.1224361160409); rotating motor to 90 degrees | Severity=75 | SourceName=Motor | EventType=application
[2026-08-16 16:15:04.244 (UTC)] info/application	[Motor] Received distance: 19.9164890527802 cm | Severity=75 | SourceName=Motor | EventType=application
[2026-08-16 16:15:04.244 (UTC)] warn/application	[Motor] Distance too close (19.9164890527802); rotating motor to 0 degrees | Severity=175 | SourceName=Motor | EventType=application
[2026-08-16 16:15:05.239 (UTC)] info/application	[Motor] Received distance: 19.8033435432256 cm | Severity=75 | SourceName=Motor | EventType=application
[2026-08-16 16:15:05.239 (UTC)] warn/application	[Motor] Distance too close (19.8033435432256); rotating motor to 0 degrees | Severity=175 | SourceName=Motor | EventType=application
[2026-08-16 16:15:06.249 (UTC)] info/application	[Motor] Received distance: 21.1954321110134 cm | Severity=75 | SourceName=Motor | EventType=application
[2026-08-16 16:15:06.249 (UTC)] info/application	[Motor] Distance safe (21.1954321110134); rotating motor to 90 degrees | Severity=75 | SourceName=Motor | EventType=application
[2026-08-16 16:15:07.242 (UTC)] info/application	[Motor] Received distance: 20.5809069292531 cm | Severity=75 | SourceName=Motor | EventType=application
[2026-08-16 16:15:07.242 (UTC)] info/application	[Motor] Distance safe (20.5809069292531); rotating motor to 90 degrees | Severity=75 | SourceName=Motor | EventType=application
[2026-08-16 16:15:08.251 (UTC)] info/application	[Motor] Received distance: 19.4011448923969 cm | Severity=75 | SourceName=Motor | EventType=application
[2026-08-16 16:15:08.251 (UTC)] warn/application	[Motor] Distance too close (19.4011448923969); rotating motor to 0 degrees | Severity=175 | SourceName=Motor | EventType=application
[2026-08-16 16:15:09.253 (UTC)] info/application	[Motor] Received distance: 19.1259748014277 cm | Severity=75 | SourceName=Motor | EventType=application
[2026-08-16 16:15:09.253 (UTC)] warn/application	[Motor] Distance too close (19.1259748014277); rotating motor to 0 degrees | Severity=175 | SourceName=Motor | EventType=application
[2026-08-16 16:15:10.237 (UTC)] info/application	[Motor] Received distance: 18.8359762408473 cm | Severity=75 | SourceName=Motor | EventType=application
[2026-08-16 16:15:10.237 (UTC)] warn/application	[Motor] Distance too close (18.8359762408473); rotating motor to 0 degrees | Severity=175 | SourceName=Motor | EventType=application
[2026-08-16 16:15:11.247 (UTC)] info/application	[Motor] Received distance: 17.9085032185114 cm | Severity=75 | SourceName=Motor | EventType=application
[2026-08-16 16:15:11.247 (UTC)] warn/application	[Motor] Distance too close (17.9085032185114); rotating motor to 0 degrees | Severity=175 | SourceName=Motor | EventType=application
[2026-08-16 16:15:12.239 (UTC)] info/application	[Motor] Received distance: 17.3631584937047 cm | Severity=75 | SourceName=Motor | EventType=application
[2026-08-16 16:15:12.239 (UTC)] warn/application	[Motor] Distance too close (17.3631584937047); rotating motor to 0 degrees | Severity=175 | SourceName=Motor | EventType=application
[2026-08-16 16:15:13.248 (UTC)] info/application	[Motor] Received distance: 17.26857489034 cm | Severity=75 | SourceName=Motor | EventType=application
[2026-08-16 16:15:13.248 (UTC)] warn/application	[Motor] Distance too close (17.26857489034); rotating motor to 0 degrees | Severity=175 | SourceName=Motor | EventType=application
[2026-08-16 16:15:14.242 (UTC)] info/application	[Motor] Received distance: 16.2038311519212 cm | Severity=75 | SourceName=Motor | EventType=application
[2026-08-16 16:15:14.242 (UTC)] warn/application	[Motor] Distance too close (16.2038311519212); rotating motor to 0 degrees | Severity=175 | SourceName=Motor | EventType=application
[2026-08-16 16:15:15.251 (UTC)] info/application	[Motor] Received distance: 16.3264011700295 cm | Severity=75 | SourceName=Motor | EventType=application
[2026-08-16 16:15:15.251 (UTC)] warn/application	[Motor] Distance too close (16.3264011700295); rotating motor to 0 degrees | Severity=175 | SourceName=Motor | EventType=application
[2026-08-16 16:15:16.253 (UTC)] info/application	[Motor] Received distance: 15.8435980842186 cm | Severity=75 | SourceName=Motor | EventType=application
[2026-08-16 16:15:16.253 (UTC)] warn/application	[Motor] Distance too close (15.8435980842186); rotating motor to 0 degrees | Severity=175 | SourceName=Motor | EventType=application
[2026-08-16 16:15:17.235 (UTC)] info/application	[Motor] Received distance: 14.8400575764664 cm | Severity=75 | SourceName=Motor | EventType=application
[2026-08-16 16:15:17.235 (UTC)] warn/application	[Motor] Distance too close (14.8400575764664); rotating motor to 0 degrees | Severity=175 | SourceName=Motor | EventType=application
[2026-08-16 16:15:18.244 (UTC)] info/application	[Motor] Received distance: 15.5978814540887 cm | Severity=75 | SourceName=Motor | EventType=application
[2026-08-16 16:15:18.244 (UTC)] warn/application	[Motor] Distance too close (15.5978814540887); rotating motor to 0 degrees | Severity=175 | SourceName=Motor | EventType=application
[2026-08-16 16:15:19.237 (UTC)] info/application	[Motor] Received distance: 14.358936156779 cm | Severity=75 | SourceName=Motor | EventType=application
[2026-08-16 16:15:19.237 (UTC)] warn/application	[Motor] Distance too close (14.358936156779); rotating motor to 0 degrees | Severity=175 | SourceName=Motor | EventType=application
[2026-08-16 16:15:20.246 (UTC)] info/application	[Motor] Received distance: 14.7390319328937 cm | Severity=75 | SourceName=Motor | EventType=application
[2026-08-16 16:15:20.246 (UTC)] warn/application	[Motor] Distance too close (14.7390319328937); rotating motor to 0 degrees | Severity=175 | SourceName=Motor | EventType=application
[2026-08-16 16:15:21.239 (UTC)] info/application	[Motor] Received distance: 15.5565064989759 cm | Severity=75 | SourceName=Motor | EventType=application
[2026-08-16 16:15:21.239 (UTC)] warn/application	[Motor] Distance too close (15.5565064989759); rotating motor to 0 degrees | Severity=175 | SourceName=Motor | EventType=application
[2026-08-16 16:15:22.248 (UTC)] info/application	[Motor] Received distance: 15.472428455936 cm | Severity=75 | SourceName=Motor | EventType=application
[2026-08-16 16:15:22.248 (UTC)] warn/application	[Motor] Distance too close (15.472428455936); rotating motor to 0 degrees | Severity=175 | SourceName=Motor | EventType=application
[2026-08-16 16:15:23.241 (UTC)] info/application	[Motor] Received distance: 15.4980745210769 cm | Severity=75 | SourceName=Motor | EventType=application
[2026-08-16 16:15:23.241 (UTC)] warn/application	[Motor] Distance too close (15.4980745210769); rotating motor to 0 degrees | Severity=175 | SourceName=Motor | EventType=application
[2026-08-16 16:15:24.249 (UTC)] info/application	[Motor] Received distance: 16.8520404260382 cm | Severity=75 | SourceName=Motor | EventType=application
[2026-08-16 16:15:24.249 (UTC)] warn/application	[Motor] Distance too close (16.8520404260382); rotating motor to 0 degrees | Severity=175 | SourceName=Motor | EventType=application
[2026-08-16 16:15:25.243 (UTC)] info/application	[Motor] Received distance: 17.0996766468043 cm | Severity=75 | SourceName=Motor | EventType=application
[2026-08-16 16:15:25.243 (UTC)] warn/application	[Motor] Distance too close (17.0996766468043); rotating motor to 0 degrees | Severity=175 | SourceName=Motor | EventType=application
[2026-08-16 16:15:26.252 (UTC)] info/application	[Motor] Received distance: 15.7364907656966 cm | Severity=75 | SourceName=Motor | EventType=application
[2026-08-16 16:15:26.252 (UTC)] warn/application	[Motor] Distance too close (15.7364907656966); rotating motor to 0 degrees | Severity=175 | SourceName=Motor | EventType=application
[2026-08-16 16:15:27.254 (UTC)] info/application	[Motor] Received distance: 15.8818294484549 cm | Severity=75 | SourceName=Motor | EventType=application
[2026-08-16 16:15:27.254 (UTC)] warn/application	[Motor] Distance too close (15.8818294484549); rotating motor to 0 degrees | Severity=175 | SourceName=Motor | EventType=application
[2026-08-16 16:15:28.244 (UTC)] info/application	[Motor] Received distance: 15.578681692052 cm | Severity=75 | SourceName=Motor | EventType=application
[2026-08-16 16:15:28.244 (UTC)] warn/application	[Motor] Distance too close (15.578681692052); rotating motor to 0 degrees | Severity=175 | SourceName=Motor | EventType=application
[2026-08-16 16:15:29.236 (UTC)] info/application	[Motor] Received distance: 15.2465479049117 cm | Severity=75 | SourceName=Motor | EventType=application
[2026-08-16 16:15:29.236 (UTC)] warn/application	[Motor] Distance too close (15.2465479049117); rotating motor to 0 degrees | Severity=175 | SourceName=Motor | EventType=application
[2026-08-16 16:15:30.245 (UTC)] info/application	[Motor] Received distance: 15.7265543882859 cm | Severity=75 | SourceName=Motor | EventType=application
[2026-08-16 16:15:30.245 (UTC)] warn/application	[Motor] Distance too close (15.7265543882859); rotating motor to 0 degrees | Severity=175 | SourceName=Motor | EventType=application
[2026-08-16 16:15:31.238 (UTC)] info/application	[Motor] Received distance: 14.6263883219224 cm | Severity=75 | SourceName=Motor | EventType=application
[2026-08-16 16:15:31.238 (UTC)] warn/application	[Motor] Distance too close (14.6263883219224); rotating motor to 0 degrees | Severity=175 | SourceName=Motor | EventType=application
[2026-08-16 16:15:32.246 (UTC)] info/application	[Motor] Received distance: 15.3231294559423 cm | Severity=75 | SourceName=Motor | EventType=application
[2026-08-16 16:15:32.246 (UTC)] warn/application	[Motor] Distance too close (15.3231294559423); rotating motor to 0 degrees | Severity=175 | SourceName=Motor | EventType=application
[2026-08-16 16:15:33.240 (UTC)] info/application	[Motor] Received distance: 14.4020222054804 cm | Severity=75 | SourceName=Motor | EventType=application
[2026-08-16 16:15:33.240 (UTC)] warn/application	[Motor] Distance too close (14.4020222054804); rotating motor to 0 degrees | Severity=175 | SourceName=Motor | EventType=application
[2026-08-16 16:15:34.248 (UTC)] info/application	[Motor] Received distance: 14.3995310612486 cm | Severity=75 | SourceName=Motor | EventType=application
[2026-08-16 16:15:34.248 (UTC)] warn/application	[Motor] Distance too close (14.3995310612486); rotating motor to 0 degrees | Severity=175 | SourceName=Motor | EventType=application
[2026-08-16 16:15:35.242 (UTC)] info/application	[Motor] Received distance: 15.3903251320079 cm | Severity=75 | SourceName=Motor | EventType=application
[2026-08-16 16:15:35.242 (UTC)] warn/application	[Motor] Distance too close (15.3903251320079); rotating motor to 0 degrees | Severity=175 | SourceName=Motor | EventType=application
[2026-08-16 16:15:36.251 (UTC)] info/application	[Motor] Received distance: 15.8560723719914 cm | Severity=75 | SourceName=Motor | EventType=application
[2026-08-16 16:15:36.251 (UTC)] warn/application	[Motor] Distance too close (15.8560723719914); rotating motor to 0 degrees | Severity=175 | SourceName=Motor | EventType=application
[2026-08-16 16:15:37.235 (UTC)] info/application	[Motor] Received distance: 15.7456697941505 cm | Severity=75 | SourceName=Motor | EventType=application
[2026-08-16 16:15:37.235 (UTC)] warn/application	[Motor] Distance too close (15.7456697941505); rotating motor to 0 degrees | Severity=175 | SourceName=Motor | EventType=application
[2026-08-16 16:15:38.244 (UTC)] info/application	[Motor] Received distance: 14.6219386831494 cm | Severity=75 | SourceName=Motor | EventType=application
[2026-08-16 16:15:38.244 (UTC)] warn/application	[Motor] Distance too close (14.6219386831494); rotating motor to 0 degrees | Severity=175 | SourceName=Motor | EventType=application
[2026-08-16 16:15:39.238 (UTC)] info/application	[Motor] Received distance: 15.4079238876737 cm | Severity=75 | SourceName=Motor | EventType=application
[2026-08-16 16:15:39.238 (UTC)] warn/application	[Motor] Distance too close (15.4079238876737); rotating motor to 0 degrees | Severity=175 | SourceName=Motor | EventType=application
[2026-08-16 16:15:40.246 (UTC)] info/application	[Motor] Received distance: 16.5223512188636 cm | Severity=75 | SourceName=Motor | EventType=application
[2026-08-16 16:15:40.246 (UTC)] warn/application	[Motor] Distance too close (16.5223512188636); rotating motor to 0 degrees | Severity=175 | SourceName=Motor | EventType=application
[2026-08-16 16:15:41.240 (UTC)] info/application	[Motor] Received distance: 16.608621547282 cm | Severity=75 | SourceName=Motor | EventType=application
[2026-08-16 16:15:41.240 (UTC)] warn/application	[Motor] Distance too close (16.608621547282); rotating motor to 0 degrees | Severity=175 | SourceName=Motor | EventType=application
[2026-08-16 16:15:42.248 (UTC)] info/application	[Motor] Received distance: 17.9671337294705 cm | Severity=75 | SourceName=Motor | EventType=application
[2026-08-16 16:15:42.248 (UTC)] warn/application	[Motor] Distance too close (17.9671337294705); rotating motor to 0 degrees | Severity=175 | SourceName=Motor | EventType=application
[2026-08-16 16:15:43.241 (UTC)] info/application	[Motor] Received distance: 17.0362163344567 cm | Severity=75 | SourceName=Motor | EventType=application
[2026-08-16 16:15:43.241 (UTC)] warn/application	[Motor] Distance too close (17.0362163344567); rotating motor to 0 degrees | Severity=175 | SourceName=Motor | EventType=application
[2026-08-16 16:15:44.251 (UTC)] info/application	[Motor] Received distance: 18.5279030609075 cm | Severity=75 | SourceName=Motor | EventType=application
[2026-08-16 16:15:44.251 (UTC)] warn/application	[Motor] Distance too close (18.5279030609075); rotating motor to 0 degrees | Severity=175 | SourceName=Motor | EventType=application
[2026-08-16 16:15:45.253 (UTC)] info/application	[Motor] Received distance: 17.3216715032802 cm | Severity=75 | SourceName=Motor | EventType=application
[2026-08-16 16:15:45.253 (UTC)] warn/application	[Motor] Distance too close (17.3216715032802); rotating motor to 0 degrees | Severity=175 | SourceName=Motor | EventType=application
[2026-08-16 16:15:46.235 (UTC)] info/application	[Motor] Received distance: 18.0133241263746 cm | Severity=75 | SourceName=Motor | EventType=application
[2026-08-16 16:15:46.235 (UTC)] warn/application	[Motor] Distance too close (18.0133241263746); rotating motor to 0 degrees | Severity=175 | SourceName=Motor | EventType=application
[2026-08-16 16:15:47.244 (UTC)] info/application	[Motor] Received distance: 17.5222077656175 cm | Severity=75 | SourceName=Motor | EventType=application
[2026-08-16 16:15:47.244 (UTC)] warn/application	[Motor] Distance too close (17.5222077656175); rotating motor to 0 degrees | Severity=175 | SourceName=Motor | EventType=application
[2026-08-16 16:15:48.237 (UTC)] info/application	[Motor] Received distance: 16.812435700238 cm | Severity=75 | SourceName=Motor | EventType=application
[2026-08-16 16:15:48.237 (UTC)] warn/application	[Motor] Distance too close (16.812435700238); rotating motor to 0 degrees | Severity=175 | SourceName=Motor | EventType=application
[2026-08-16 16:15:49.246 (UTC)] info/application	[Motor] Received distance: 16.7619121995577 cm | Severity=75 | SourceName=Motor | EventType=application
[2026-08-16 16:15:49.246 (UTC)] warn/application	[Motor] Distance too close (16.7619121995577); rotating motor to 0 degrees | Severity=175 | SourceName=Motor | EventType=application
[2026-08-16 16:15:50.239 (UTC)] info/application	[Motor] Received distance: 16.531850541491 cm | Severity=75 | SourceName=Motor | EventType=application
[2026-08-16 16:15:50.239 (UTC)] warn/application	[Motor] Distance too close (16.531850541491); rotating motor to 0 degrees | Severity=175 | SourceName=Motor | EventType=application
[2026-08-16 16:15:51.248 (UTC)] info/application	[Motor] Received distance: 17.7021742522261 cm | Severity=75 | SourceName=Motor | EventType=application
[2026-08-16 16:15:51.248 (UTC)] warn/application	[Motor] Distance too close (17.7021742522261); rotating motor to 0 degrees | Severity=175 | SourceName=Motor | EventType=application
[2026-08-16 16:15:52.240 (UTC)] info/application	[Motor] Received distance: 16.9691253162311 cm | Severity=75 | SourceName=Motor | EventType=application
[2026-08-16 16:15:52.240 (UTC)] warn/application	[Motor] Distance too close (16.9691253162311); rotating motor to 0 degrees | Severity=175 | SourceName=Motor | EventType=application
[2026-08-16 16:15:53.249 (UTC)] info/application	[Motor] Received distance: 18.1549856151245 cm | Severity=75 | SourceName=Motor | EventType=application
[2026-08-16 16:15:53.249 (UTC)] warn/application	[Motor] Distance too close (18.1549856151245); rotating motor to 0 degrees | Severity=175 | SourceName=Motor | EventType=application
[2026-08-16 16:15:54.241 (UTC)] info/application	[Motor] Received distance: 17.8509553896035 cm | Severity=75 | SourceName=Motor | EventType=application
[2026-08-16 16:15:54.241 (UTC)] warn/application	[Motor] Distance too close (17.8509553896035); rotating motor to 0 degrees | Severity=175 | SourceName=Motor | EventType=application
[2026-08-16 16:15:55.250 (UTC)] info/application	[Motor] Received distance: 16.9718723571728 cm | Severity=75 | SourceName=Motor | EventType=application
[2026-08-16 16:15:55.250 (UTC)] warn/application	[Motor] Distance too close (16.9718723571728); rotating motor to 0 degrees | Severity=175 | SourceName=Motor | EventType=application
[2026-08-16 16:15:56.243 (UTC)] info/application	[Motor] Received distance: 16.9053688754353 cm | Severity=75 | SourceName=Motor | EventType=application
[2026-08-16 16:15:56.243 (UTC)] warn/application	[Motor] Distance too close (16.9053688754353); rotating motor to 0 degrees | Severity=175 | SourceName=Motor | EventType=application
[2026-08-16 16:15:57.235 (UTC)] info/application	[Motor] Received distance: 16.7381527688066 cm | Severity=75 | SourceName=Motor | EventType=application
[2026-08-16 16:15:57.235 (UTC)] warn/application	[Motor] Distance too close (16.7381527688066); rotating motor to 0 degrees | Severity=175 | SourceName=Motor | EventType=application
[2026-08-16 16:15:58.245 (UTC)] info/application	[Motor] Received distance: 17.5044084191343 cm | Severity=75 | SourceName=Motor | EventType=application
[2026-08-16 16:15:58.245 (UTC)] warn/application	[Motor] Distance too close (17.5044084191343); rotating motor to 0 degrees | Severity=175 | SourceName=Motor | EventType=application
[2026-08-16 16:15:59.238 (UTC)] info/application	[Motor] Received distance: 18.6347571823908 cm | Severity=75 | SourceName=Motor | EventType=application
[2026-08-16 16:15:59.238 (UTC)] warn/application	[Motor] Distance too close (18.6347571823908); rotating motor to 0 degrees | Severity=175 | SourceName=Motor | EventType=application
[2026-08-16 16:16:00.248 (UTC)] info/application	[Motor] Received distance: 19.6354072900188 cm | Severity=75 | SourceName=Motor | EventType=application
[2026-08-16 16:16:00.248 (UTC)] warn/application	[Motor] Distance too close (19.6354072900188); rotating motor to 0 degrees | Severity=175 | SourceName=Motor | EventType=application
[2026-08-16 16:16:01.241 (UTC)] info/application	[Motor] Received distance: 19.3816694223237 cm | Severity=75 | SourceName=Motor | EventType=application
[2026-08-16 16:16:01.241 (UTC)] warn/application	[Motor] Distance too close (19.3816694223237); rotating motor to 0 degrees | Severity=175 | SourceName=Motor | EventType=application
[2026-08-16 16:16:02.251 (UTC)] info/application	[Motor] Received distance: 17.9118521178197 cm | Severity=75 | SourceName=Motor | EventType=application
[2026-08-16 16:16:02.251 (UTC)] warn/application	[Motor] Distance too close (17.9118521178197); rotating motor to 0 degrees | Severity=175 | SourceName=Motor | EventType=application
[2026-08-16 16:16:03.254 (UTC)] info/application	[Motor] Received distance: 18.1092433580706 cm | Severity=75 | SourceName=Motor | EventType=application
[2026-08-16 16:16:03.254 (UTC)] warn/application	[Motor] Distance too close (18.1092433580706); rotating motor to 0 degrees | Severity=175 | SourceName=Motor | EventType=application
[2026-08-16 16:16:04.236 (UTC)] info/application	[Motor] Received distance: 18.4343982413106 cm | Severity=75 | SourceName=Motor | EventType=application
[2026-08-16 16:16:04.236 (UTC)] warn/application	[Motor] Distance too close (18.4343982413106); rotating motor to 0 degrees | Severity=175 | SourceName=Motor | EventType=application
[2026-08-16 16:16:05.245 (UTC)] info/application	[Motor] Received distance: 18.4620897925748 cm | Severity=75 | SourceName=Motor | EventType=application
[2026-08-16 16:16:05.245 (UTC)] warn/application	[Motor] Distance too close (18.4620897925748); rotating motor to 0 degrees | Severity=175 | SourceName=Motor | EventType=application
[2026-08-16 16:16:06.238 (UTC)] info/application	[Motor] Received distance: 18.150275103585 cm | Severity=75 | SourceName=Motor | EventType=application
[2026-08-16 16:16:06.238 (UTC)] warn/application	[Motor] Distance too close (18.150275103585); rotating motor to 0 degrees | Severity=175 | SourceName=Motor | EventType=application
[2026-08-16 16:16:07.247 (UTC)] info/application	[Motor] Received distance: 17.4411772254115 cm | Severity=75 | SourceName=Motor | EventType=application
[2026-08-16 16:16:07.247 (UTC)] warn/application	[Motor] Distance too close (17.4411772254115); rotating motor to 0 degrees | Severity=175 | SourceName=Motor | EventType=application
[2026-08-16 16:16:08.240 (UTC)] info/application	[Motor] Received distance: 18.8584661988348 cm | Severity=75 | SourceName=Motor | EventType=application
[2026-08-16 16:16:08.240 (UTC)] warn/application	[Motor] Distance too close (18.8584661988348); rotating motor to 0 degrees | Severity=175 | SourceName=Motor | EventType=application
[2026-08-16 16:16:09.250 (UTC)] info/application	[Motor] Received distance: 18.9229203988439 cm | Severity=75 | SourceName=Motor | EventType=application
[2026-08-16 16:16:09.250 (UTC)] warn/application	[Motor] Distance too close (18.9229203988439); rotating motor to 0 degrees | Severity=175 | SourceName=Motor | EventType=application
[2026-08-16 16:16:10.242 (UTC)] info/application	[Motor] Received distance: 17.4998077237978 cm | Severity=75 | SourceName=Motor | EventType=application
[2026-08-16 16:16:10.242 (UTC)] warn/application	[Motor] Distance too close (17.4998077237978); rotating motor to 0 degrees | Severity=175 | SourceName=Motor | EventType=application
[2026-08-16 16:16:11.252 (UTC)] info/application	[Motor] Received distance: 18.5315240270139 cm | Severity=75 | SourceName=Motor | EventType=application
[2026-08-16 16:16:11.252 (UTC)] warn/application	[Motor] Distance too close (18.5315240270139); rotating motor to 0 degrees | Severity=175 | SourceName=Motor | EventType=application
[2026-08-16 16:16:12.235 (UTC)] info/application	[Motor] Received distance: 17.1822485540445 cm | Severity=75 | SourceName=Motor | EventType=application
[2026-08-16 16:16:12.235 (UTC)] warn/application	[Motor] Distance too close (17.1822485540445); rotating motor to 0 degrees | Severity=175 | SourceName=Motor | EventType=application
[2026-08-16 16:16:13.244 (UTC)] info/application	[Motor] Received distance: 18.6176480625838 cm | Severity=75 | SourceName=Motor | EventType=application
[2026-08-16 16:16:13.244 (UTC)] warn/application	[Motor] Distance too close (18.6176480625838); rotating motor to 0 degrees | Severity=175 | SourceName=Motor | EventType=application
[2026-08-16 16:16:14.238 (UTC)] info/application	[Motor] Received distance: 17.2184469693892 cm | Severity=75 | SourceName=Motor | EventType=application
[2026-08-16 16:16:14.238 (UTC)] warn/application	[Motor] Distance too close (17.2184469693892); rotating motor to 0 degrees | Severity=175 | SourceName=Motor | EventType=application
[2026-08-16 16:16:15.246 (UTC)] info/application	[Motor] Received distance: 15.8608582214736 cm | Severity=75 | SourceName=Motor | EventType=application
[2026-08-16 16:16:15.246 (UTC)] warn/application	[Motor] Distance too close (15.8608582214736); rotating motor to 0 degrees | Severity=175 | SourceName=Motor | EventType=application
[2026-08-16 16:16:16.239 (UTC)] info/application	[Motor] Received distance: 14.5900261709886 cm | Severity=75 | SourceName=Motor | EventType=application
[2026-08-16 16:16:16.239 (UTC)] warn/application	[Motor] Distance too close (14.5900261709886); rotating motor to 0 degrees | Severity=175 | SourceName=Motor | EventType=application
[2026-08-16 16:16:17.247 (UTC)] info/application	[Motor] Received distance: 15.3824777008884 cm | Severity=75 | SourceName=Motor | EventType=application
[2026-08-16 16:16:17.247 (UTC)] warn/application	[Motor] Distance too close (15.3824777008884); rotating motor to 0 degrees | Severity=175 | SourceName=Motor | EventType=application
[2026-08-16 16:16:18.240 (UTC)] info/application	[Motor] Received distance: 15.0337725936127 cm | Severity=75 | SourceName=Motor | EventType=application
[2026-08-16 16:16:18.240 (UTC)] warn/application	[Motor] Distance too close (15.0337725936127); rotating motor to 0 degrees | Severity=175 | SourceName=Motor | EventType=application
[2026-08-16 16:16:19.248 (UTC)] info/application	[Motor] Received distance: 14.5531684791451 cm | Severity=75 | SourceName=Motor | EventType=application
[2026-08-16 16:16:19.248 (UTC)] warn/application	[Motor] Distance too close (14.5531684791451); rotating motor to 0 degrees | Severity=175 | SourceName=Motor | EventType=application
[2026-08-16 16:16:20.242 (UTC)] info/application	[Motor] Received distance: 13.7950965083647 cm | Severity=75 | SourceName=Motor | EventType=application
[2026-08-16 16:16:20.242 (UTC)] warn/application	[Motor] Distance too close (13.7950965083647); rotating motor to 0 degrees | Severity=175 | SourceName=Motor | EventType=application
[2026-08-16 16:16:21.251 (UTC)] info/application	[Motor] Received distance: 14.7163297430223 cm | Severity=75 | SourceName=Motor | EventType=application
[2026-08-16 16:16:21.251 (UTC)] warn/application	[Motor] Distance too close (14.7163297430223); rotating motor to 0 degrees | Severity=175 | SourceName=Motor | EventType=application
[2026-08-16 16:16:22.252 (UTC)] info/application	[Motor] Received distance: 13.9060493378928 cm | Severity=75 | SourceName=Motor | EventType=application
[2026-08-16 16:16:22.252 (UTC)] warn/application	[Motor] Distance too close (13.9060493378928); rotating motor to 0 degrees | Severity=175 | SourceName=Motor | EventType=application
[2026-08-16 16:16:23.235 (UTC)] info/application	[Motor] Received distance: 13.9149284311174 cm | Severity=75 | SourceName=Motor | EventType=application
[2026-08-16 16:16:23.235 (UTC)] warn/application	[Motor] Distance too close (13.9149284311174); rotating motor to 0 degrees | Severity=175 | SourceName=Motor | EventType=application
[2026-08-16 16:16:24.245 (UTC)] info/application	[Motor] Received distance: 14.5220219646683 cm | Severity=75 | SourceName=Motor | EventType=application
[2026-08-16 16:16:24.245 (UTC)] warn/application	[Motor] Distance too close (14.5220219646683); rotating motor to 0 degrees | Severity=175 | SourceName=Motor | EventType=application
[2026-08-16 16:16:25.238 (UTC)] info/application	[Motor] Received distance: 14.9077113354149 cm | Severity=75 | SourceName=Motor | EventType=application
[2026-08-16 16:16:25.238 (UTC)] warn/application	[Motor] Distance too close (14.9077113354149); rotating motor to 0 degrees | Severity=175 | SourceName=Motor | EventType=application
[2026-08-16 16:16:26.248 (UTC)] info/application	[Motor] Received distance: 15.5375073976058 cm | Severity=75 | SourceName=Motor | EventType=application
[2026-08-16 16:16:26.248 (UTC)] warn/application	[Motor] Distance too close (15.5375073976058); rotating motor to 0 degrees | Severity=175 | SourceName=Motor | EventType=application
[2026-08-16 16:16:27.242 (UTC)] info/application	[Motor] Received distance: 14.5780974480222 cm | Severity=75 | SourceName=Motor | EventType=application
[2026-08-16 16:16:27.242 (UTC)] warn/application	[Motor] Distance too close (14.5780974480222); rotating motor to 0 degrees | Severity=175 | SourceName=Motor | EventType=application
[2026-08-16 16:16:28.251 (UTC)] info/application	[Motor] Received distance: 13.2965707107431 cm | Severity=75 | SourceName=Motor | EventType=application
[2026-08-16 16:16:28.251 (UTC)] warn/application	[Motor] Distance too close (13.2965707107431); rotating motor to 0 degrees | Severity=175 | SourceName=Motor | EventType=application
[2026-08-16 16:16:29.253 (UTC)] info/application	[Motor] Received distance: 13.1926224218647 cm | Severity=75 | SourceName=Motor | EventType=application
[2026-08-16 16:16:29.253 (UTC)] warn/application	[Motor] Distance too close (13.1926224218647); rotating motor to 0 degrees | Severity=175 | SourceName=Motor | EventType=application
[2026-08-16 16:16:30.236 (UTC)] info/application	[Motor] Received distance: 11.8635612341406 cm | Severity=75 | SourceName=Motor | EventType=application
[2026-08-16 16:16:30.236 (UTC)] warn/application	[Motor] Distance too close (11.8635612341406); rotating motor to 0 degrees | Severity=175 | SourceName=Motor | EventType=application
[2026-08-16 16:16:31.246 (UTC)] info/application	[Motor] Received distance: 13.0826846044896 cm | Severity=75 | SourceName=Motor | EventType=application
[2026-08-16 16:16:31.246 (UTC)] warn/application	[Motor] Distance too close (13.0826846044896); rotating motor to 0 degrees | Severity=175 | SourceName=Motor | EventType=application
[2026-08-16 16:16:32.238 (UTC)] info/application	[Motor] Received distance: 14.224998449313 cm | Severity=75 | SourceName=Motor | EventType=application
[2026-08-16 16:16:32.238 (UTC)] warn/application	[Motor] Distance too close (14.224998449313); rotating motor to 0 degrees | Severity=175 | SourceName=Motor | EventType=application
[2026-08-16 16:16:33.248 (UTC)] info/application	[Motor] Received distance: 12.9261199570848 cm | Severity=75 | SourceName=Motor | EventType=application
[2026-08-16 16:16:33.248 (UTC)] warn/application	[Motor] Distance too close (12.9261199570848); rotating motor to 0 degrees | Severity=175 | SourceName=Motor | EventType=application
[2026-08-16 16:16:34.241 (UTC)] info/application	[Motor] Received distance: 12.8426345676848 cm | Severity=75 | SourceName=Motor | EventType=application
[2026-08-16 16:16:34.241 (UTC)] warn/application	[Motor] Distance too close (12.8426345676848); rotating motor to 0 degrees | Severity=175 | SourceName=Motor | EventType=application
[2026-08-16 16:16:35.251 (UTC)] info/application	[Motor] Received distance: 12.8101032943512 cm | Severity=75 | SourceName=Motor | EventType=application
[2026-08-16 16:16:35.251 (UTC)] warn/application	[Motor] Distance too close (12.8101032943512); rotating motor to 0 degrees | Severity=175 | SourceName=Motor | EventType=application
[2026-08-16 16:16:36.243 (UTC)] info/application	[Motor] Received distance: 13.0389163533873 cm | Severity=75 | SourceName=Motor | EventType=application
[2026-08-16 16:16:36.243 (UTC)] warn/application	[Motor] Distance too close (13.0389163533873); rotating motor to 0 degrees | Severity=175 | SourceName=Motor | EventType=application
[2026-08-16 16:16:37.253 (UTC)] info/application	[Motor] Received distance: 14.1436162749974 cm | Severity=75 | SourceName=Motor | EventType=application
[2026-08-16 16:16:37.253 (UTC)] warn/application	[Motor] Distance too close (14.1436162749974); rotating motor to 0 degrees | Severity=175 | SourceName=Motor | EventType=application
[2026-08-16 16:16:38.236 (UTC)] info/application	[Motor] Received distance: 14.9019871234903 cm | Severity=75 | SourceName=Motor | EventType=application
[2026-08-16 16:16:38.236 (UTC)] warn/application	[Motor] Distance too close (14.9019871234903); rotating motor to 0 degrees | Severity=175 | SourceName=Motor | EventType=application
[2026-08-16 16:16:39.245 (UTC)] info/application	[Motor] Received distance: 15.0480891545527 cm | Severity=75 | SourceName=Motor | EventType=application
[2026-08-16 16:16:39.245 (UTC)] warn/application	[Motor] Distance too close (15.0480891545527); rotating motor to 0 degrees | Severity=175 | SourceName=Motor | EventType=application
[2026-08-16 16:16:40.238 (UTC)] info/application	[Motor] Received distance: 14.717243274775 cm | Severity=75 | SourceName=Motor | EventType=application
[2026-08-16 16:16:40.238 (UTC)] warn/application	[Motor] Distance too close (14.717243274775); rotating motor to 0 degrees | Severity=175 | SourceName=Motor | EventType=application
[2026-08-16 16:16:41.247 (UTC)] info/application	[Motor] Received distance: 15.5525014496187 cm | Severity=75 | SourceName=Motor | EventType=application
[2026-08-16 16:16:41.247 (UTC)] warn/application	[Motor] Distance too close (15.5525014496187); rotating motor to 0 degrees | Severity=175 | SourceName=Motor | EventType=application
[2026-08-16 16:16:42.240 (UTC)] info/application	[Motor] Received distance: 15.2303197825003 cm | Severity=75 | SourceName=Motor | EventType=application
[2026-08-16 16:16:42.240 (UTC)] warn/application	[Motor] Distance too close (15.2303197825003); rotating motor to 0 degrees | Severity=175 | SourceName=Motor | EventType=application
[2026-08-16 16:16:43.249 (UTC)] info/application	[Motor] Received distance: 15.0501984297532 cm | Severity=75 | SourceName=Motor | EventType=application
[2026-08-16 16:16:43.249 (UTC)] warn/application	[Motor] Distance too close (15.0501984297532); rotating motor to 0 degrees | Severity=175 | SourceName=Motor | EventType=application
[2026-08-16 16:16:44.242 (UTC)] info/application	[Motor] Received distance: 15.8208561117392 cm | Severity=75 | SourceName=Motor | EventType=application
[2026-08-16 16:16:44.242 (UTC)] warn/application	[Motor] Distance too close (15.8208561117392); rotating motor to 0 degrees | Severity=175 | SourceName=Motor | EventType=application
[2026-08-16 16:16:45.251 (UTC)] info/application	[Motor] Received distance: 15.5994733514262 cm | Severity=75 | SourceName=Motor | EventType=application
[2026-08-16 16:16:45.251 (UTC)] warn/application	[Motor] Distance too close (15.5994733514262); rotating motor to 0 degrees | Severity=175 | SourceName=Motor | EventType=application
[2026-08-16 16:16:46.253 (UTC)] info/application	[Motor] Received distance: 15.5617632521604 cm | Severity=75 | SourceName=Motor | EventType=application
[2026-08-16 16:16:46.253 (UTC)] warn/application	[Motor] Distance too close (15.5617632521604); rotating motor to 0 degrees | Severity=175 | SourceName=Motor | EventType=application
[2026-08-16 16:16:47.235 (UTC)] info/application	[Motor] Received distance: 16.5615888836615 cm | Severity=75 | SourceName=Motor | EventType=application
[2026-08-16 16:16:47.235 (UTC)] warn/application	[Motor] Distance too close (16.5615888836615); rotating motor to 0 degrees | Severity=175 | SourceName=Motor | EventType=application
[2026-08-16 16:16:48.245 (UTC)] info/application	[Motor] Received distance: 15.6326576532483 cm | Severity=75 | SourceName=Motor | EventType=application
[2026-08-16 16:16:48.245 (UTC)] warn/application	[Motor] Distance too close (15.6326576532483); rotating motor to 0 degrees | Severity=175 | SourceName=Motor | EventType=application
[2026-08-16 16:16:49.238 (UTC)] info/application	[Motor] Received distance: 16.7462424467068 cm | Severity=75 | SourceName=Motor | EventType=application
[2026-08-16 16:16:49.238 (UTC)] warn/application	[Motor] Distance too close (16.7462424467068); rotating motor to 0 degrees | Severity=175 | SourceName=Motor | EventType=application
[2026-08-16 16:16:50.246 (UTC)] info/application	[Motor] Received distance: 15.7654639623433 cm | Severity=75 | SourceName=Motor | EventType=application
[2026-08-16 16:16:50.246 (UTC)] warn/application	[Motor] Distance too close (15.7654639623433); rotating motor to 0 degrees | Severity=175 | SourceName=Motor | EventType=application
[2026-08-16 16:16:51.240 (UTC)] info/application	[Motor] Received distance: 15.5784607611496 cm | Severity=75 | SourceName=Motor | EventType=application
[2026-08-16 16:16:51.240 (UTC)] warn/application	[Motor] Distance too close (15.5784607611496); rotating motor to 0 degrees | Severity=175 | SourceName=Motor | EventType=application
[2026-08-16 16:16:52.249 (UTC)] info/application	[Motor] Received distance: 16.1132787878687 cm | Severity=75 | SourceName=Motor | EventType=application
[2026-08-16 16:16:52.249 (UTC)] warn/application	[Motor] Distance too close (16.1132787878687); rotating motor to 0 degrees | Severity=175 | SourceName=Motor | EventType=application
[2026-08-16 16:16:53.242 (UTC)] info/application	[Motor] Received distance: 15.8222198997728 cm | Severity=75 | SourceName=Motor | EventType=application
[2026-08-16 16:16:53.242 (UTC)] warn/application	[Motor] Distance too close (15.8222198997728); rotating motor to 0 degrees | Severity=175 | SourceName=Motor | EventType=application
[2026-08-16 16:16:54.251 (UTC)] info/application	[Motor] Received distance: 17.1440957918037 cm | Severity=75 | SourceName=Motor | EventType=application
[2026-08-16 16:16:54.251 (UTC)] warn/application	[Motor] Distance too close (17.1440957918037); rotating motor to 0 degrees | Severity=175 | SourceName=Motor | EventType=application
[2026-08-16 16:16:55.252 (UTC)] info/application	[Motor] Received distance: 16.7860073506767 cm | Severity=75 | SourceName=Motor | EventType=application
[2026-08-16 16:16:55.252 (UTC)] warn/application	[Motor] Distance too close (16.7860073506767); rotating motor to 0 degrees | Severity=175 | SourceName=Motor | EventType=application
[2026-08-16 16:16:56.235 (UTC)] info/application	[Motor] Received distance: 15.3806378319304 cm | Severity=75 | SourceName=Motor | EventType=application
[2026-08-16 16:16:56.235 (UTC)] warn/application	[Motor] Distance too close (15.3806378319304); rotating motor to 0 degrees | Severity=175 | SourceName=Motor | EventType=application
[2026-08-16 16:16:57.244 (UTC)] info/application	[Motor] Received distance: 15.8323097847553 cm | Severity=75 | SourceName=Motor | EventType=application
[2026-08-16 16:16:57.244 (UTC)] warn/application	[Motor] Distance too close (15.8323097847553); rotating motor to 0 degrees | Severity=175 | SourceName=Motor | EventType=application
[2026-08-16 16:16:58.238 (UTC)] info/application	[Motor] Received distance: 16.0148113954416 cm | Severity=75 | SourceName=Motor | EventType=application
[2026-08-16 16:16:58.238 (UTC)] warn/application	[Motor] Distance too close (16.0148113954416); rotating motor to 0 degrees | Severity=175 | SourceName=Motor | EventType=application
[2026-08-16 16:16:59.246 (UTC)] info/application	[Motor] Received distance: 14.8279151394162 cm | Severity=75 | SourceName=Motor | EventType=application
[2026-08-16 16:16:59.246 (UTC)] warn/application	[Motor] Distance too close (14.8279151394162); rotating motor to 0 degrees | Severity=175 | SourceName=Motor | EventType=application
[2026-08-16 16:17:00.240 (UTC)] info/application	[Motor] Received distance: 13.6756388033627 cm | Severity=75 | SourceName=Motor | EventType=application
[2026-08-16 16:17:00.240 (UTC)] warn/application	[Motor] Distance too close (13.6756388033627); rotating motor to 0 degrees | Severity=175 | SourceName=Motor | EventType=application
[2026-08-16 16:17:01.248 (UTC)] info/application	[Motor] Received distance: 14.0290792263249 cm | Severity=75 | SourceName=Motor | EventType=application
[2026-08-16 16:17:01.248 (UTC)] warn/application	[Motor] Distance too close (14.0290792263249); rotating motor to 0 degrees | Severity=175 | SourceName=Motor | EventType=application
[2026-08-16 16:17:02.242 (UTC)] info/application	[Motor] Received distance: 12.5613063406485 cm | Severity=75 | SourceName=Motor | EventType=application
[2026-08-16 16:17:02.242 (UTC)] warn/application	[Motor] Distance too close (12.5613063406485); rotating motor to 0 degrees | Severity=175 | SourceName=Motor | EventType=application
[2026-08-16 16:17:03.252 (UTC)] info/application	[Motor] Received distance: 14.0513438494184 cm | Severity=75 | SourceName=Motor | EventType=application
[2026-08-16 16:17:03.252 (UTC)] warn/application	[Motor] Distance too close (14.0513438494184); rotating motor to 0 degrees | Severity=175 | SourceName=Motor | EventType=application
[2026-08-16 16:17:04.253 (UTC)] info/application	[Motor] Received distance: 14.6059057815494 cm | Severity=75 | SourceName=Motor | EventType=application
[2026-08-16 16:17:04.253 (UTC)] warn/application	[Motor] Distance too close (14.6059057815494); rotating motor to 0 degrees | Severity=175 | SourceName=Motor | EventType=application
[2026-08-16 16:17:05.236 (UTC)] info/application	[Motor] Received distance: 14.554647506473 cm | Severity=75 | SourceName=Motor | EventType=application
[2026-08-16 16:17:05.236 (UTC)] warn/application	[Motor] Distance too close (14.554647506473); rotating motor to 0 degrees | Severity=175 | SourceName=Motor | EventType=application
[2026-08-16 16:17:06.245 (UTC)] info/application	[Motor] Received distance: 14.5121537405123 cm | Severity=75 | SourceName=Motor | EventType=application
[2026-08-16 16:17:06.245 (UTC)] warn/application	[Motor] Distance too close (14.5121537405123); rotating motor to 0 degrees | Severity=175 | SourceName=Motor | EventType=application
[2026-08-16 16:17:07.238 (UTC)] info/application	[Motor] Received distance: 13.7955287302824 cm | Severity=75 | SourceName=Motor | EventType=application
[2026-08-16 16:17:07.238 (UTC)] warn/application	[Motor] Distance too close (13.7955287302824); rotating motor to 0 degrees | Severity=175 | SourceName=Motor | EventType=application
[2026-08-16 16:17:08.248 (UTC)] info/application	[Motor] Received distance: 13.3489703754191 cm | Severity=75 | SourceName=Motor | EventType=application
[2026-08-16 16:17:08.248 (UTC)] warn/application	[Motor] Distance too close (13.3489703754191); rotating motor to 0 degrees | Severity=175 | SourceName=Motor | EventType=application
[2026-08-16 16:17:09.240 (UTC)] info/application	[Motor] Received distance: 12.5648474565544 cm | Severity=75 | SourceName=Motor | EventType=application
[2026-08-16 16:17:09.240 (UTC)] warn/application	[Motor] Distance too close (12.5648474565544); rotating motor to 0 degrees | Severity=175 | SourceName=Motor | EventType=application
[2026-08-16 16:17:10.249 (UTC)] info/application	[Motor] Received distance: 13.4943244787838 cm | Severity=75 | SourceName=Motor | EventType=application
[2026-08-16 16:17:10.249 (UTC)] warn/application	[Motor] Distance too close (13.4943244787838); rotating motor to 0 degrees | Severity=175 | SourceName=Motor | EventType=application
[2026-08-16 16:17:11.243 (UTC)] info/application	[Motor] Received distance: 14.2169202441429 cm | Severity=75 | SourceName=Motor | EventType=application
[2026-08-16 16:17:11.243 (UTC)] warn/application	[Motor] Distance too close (14.2169202441429); rotating motor to 0 degrees | Severity=175 | SourceName=Motor | EventType=application
[2026-08-16 16:17:12.253 (UTC)] info/application	[Motor] Received distance: 12.7680554987248 cm | Severity=75 | SourceName=Motor | EventType=application
[2026-08-16 16:17:12.253 (UTC)] warn/application	[Motor] Distance too close (12.7680554987248); rotating motor to 0 degrees | Severity=175 | SourceName=Motor | EventType=application
[2026-08-16 16:17:13.236 (UTC)] info/application	[Motor] Received distance: 11.8753508524389 cm | Severity=75 | SourceName=Motor | EventType=application
[2026-08-16 16:17:13.236 (UTC)] warn/application	[Motor] Distance too close (11.8753508524389); rotating motor to 0 degrees | Severity=175 | SourceName=Motor | EventType=application
[2026-08-16 16:17:14.246 (UTC)] info/application	[Motor] Received distance: 10.9178252636538 cm | Severity=75 | SourceName=Motor | EventType=application
[2026-08-16 16:17:14.246 (UTC)] warn/application	[Motor] Distance too close (10.9178252636538); rotating motor to 0 degrees | Severity=175 | SourceName=Motor | EventType=application
[2026-08-16 16:17:15.238 (UTC)] info/application	[Motor] Received distance: 11.7396182002219 cm | Severity=75 | SourceName=Motor | EventType=application
[2026-08-16 16:17:15.238 (UTC)] warn/application	[Motor] Distance too close (11.7396182002219); rotating motor to 0 degrees | Severity=175 | SourceName=Motor | EventType=application
[2026-08-16 16:17:16.248 (UTC)] info/application	[Motor] Received distance: 12.1255307950199 cm | Severity=75 | SourceName=Motor | EventType=application
[2026-08-16 16:17:16.248 (UTC)] warn/application	[Motor] Distance too close (12.1255307950199); rotating motor to 0 degrees | Severity=175 | SourceName=Motor | EventType=application
[2026-08-16 16:17:17.241 (UTC)] info/application	[Motor] Received distance: 12.630295106969 cm | Severity=75 | SourceName=Motor | EventType=application
[2026-08-16 16:17:17.241 (UTC)] warn/application	[Motor] Distance too close (12.630295106969); rotating motor to 0 degrees | Severity=175 | SourceName=Motor | EventType=application
[2026-08-16 16:17:18.250 (UTC)] info/application	[Motor] Received distance: 12.9519136750381 cm | Severity=75 | SourceName=Motor | EventType=application
[2026-08-16 16:17:18.250 (UTC)] warn/application	[Motor] Distance too close (12.9519136750381); rotating motor to 0 degrees | Severity=175 | SourceName=Motor | EventType=application
[2026-08-16 16:17:19.244 (UTC)] info/application	[Motor] Received distance: 13.9088950394229 cm | Severity=75 | SourceName=Motor | EventType=application
[2026-08-16 16:17:19.244 (UTC)] warn/application	[Motor] Distance too close (13.9088950394229); rotating motor to 0 degrees | Severity=175 | SourceName=Motor | EventType=application
[2026-08-16 16:17:20.253 (UTC)] info/application	[Motor] Received distance: 14.0272441434335 cm | Severity=75 | SourceName=Motor | EventType=application
[2026-08-16 16:17:20.253 (UTC)] warn/application	[Motor] Distance too close (14.0272441434335); rotating motor to 0 degrees | Severity=175 | SourceName=Motor | EventType=application
[2026-08-16 16:17:21.235 (UTC)] info/application	[Motor] Received distance: 14.8680842271392 cm | Severity=75 | SourceName=Motor | EventType=application
[2026-08-16 16:17:21.236 (UTC)] warn/application	[Motor] Distance too close (14.8680842271392); rotating motor to 0 degrees | Severity=175 | SourceName=Motor | EventType=application
[2026-08-16 16:17:22.245 (UTC)] info/application	[Motor] Received distance: 14.1380623889333 cm | Severity=75 | SourceName=Motor | EventType=application
[2026-08-16 16:17:22.245 (UTC)] warn/application	[Motor] Distance too close (14.1380623889333); rotating motor to 0 degrees | Severity=175 | SourceName=Motor | EventType=application
[2026-08-16 16:17:23.237 (UTC)] info/application	[Motor] Received distance: 13.291229519663 cm | Severity=75 | SourceName=Motor | EventType=application
[2026-08-16 16:17:23.237 (UTC)] warn/application	[Motor] Distance too close (13.291229519663); rotating motor to 0 degrees | Severity=175 | SourceName=Motor | EventType=application
[2026-08-16 16:17:24.246 (UTC)] info/application	[Motor] Received distance: 12.3410107138758 cm | Severity=75 | SourceName=Motor | EventType=application
[2026-08-16 16:17:24.246 (UTC)] warn/application	[Motor] Distance too close (12.3410107138758); rotating motor to 0 degrees | Severity=175 | SourceName=Motor | EventType=application
[2026-08-16 16:17:25.240 (UTC)] info/application	[Motor] Received distance: 11.4328647663039 cm | Severity=75 | SourceName=Motor | EventType=application
[2026-08-16 16:17:25.240 (UTC)] warn/application	[Motor] Distance too close (11.4328647663039); rotating motor to 0 degrees | Severity=175 | SourceName=Motor | EventType=application
[2026-08-16 16:17:26.249 (UTC)] info/application	[Motor] Received distance: 11.7279434559066 cm | Severity=75 | SourceName=Motor | EventType=application
[2026-08-16 16:17:26.249 (UTC)] warn/application	[Motor] Distance too close (11.7279434559066); rotating motor to 0 degrees | Severity=175 | SourceName=Motor | EventType=application
[2026-08-16 16:17:27.243 (UTC)] info/application	[Motor] Received distance: 10.872355131373 cm | Severity=75 | SourceName=Motor | EventType=application
[2026-08-16 16:17:27.243 (UTC)] warn/application	[Motor] Distance too close (10.872355131373); rotating motor to 0 degrees | Severity=175 | SourceName=Motor | EventType=application
[2026-08-16 16:17:28.235 (UTC)] info/application	[Motor] Received distance: 11.915881138023 cm | Severity=75 | SourceName=Motor | EventType=application
[2026-08-16 16:17:28.235 (UTC)] warn/application	[Motor] Distance too close (11.915881138023); rotating motor to 0 degrees | Severity=175 | SourceName=Motor | EventType=application
[2026-08-16 16:17:29.246 (UTC)] info/application	[Motor] Received distance: 10.893461436915 cm | Severity=75 | SourceName=Motor | EventType=application
[2026-08-16 16:17:29.246 (UTC)] warn/application	[Motor] Distance too close (10.893461436915); rotating motor to 0 degrees | Severity=175 | SourceName=Motor | EventType=application
[2026-08-16 16:17:30.239 (UTC)] info/application	[Motor] Received distance: 10.350976857753 cm | Severity=75 | SourceName=Motor | EventType=application
[2026-08-16 16:17:30.239 (UTC)] warn/application	[Motor] Distance too close (10.350976857753); rotating motor to 0 degrees | Severity=175 | SourceName=Motor | EventType=application
[2026-08-16 16:17:31.249 (UTC)] info/application	[Motor] Received distance: 11.7422265283495 cm | Severity=75 | SourceName=Motor | EventType=application
[2026-08-16 16:17:31.249 (UTC)] warn/application	[Motor] Distance too close (11.7422265283495); rotating motor to 0 degrees | Severity=175 | SourceName=Motor | EventType=application
[2026-08-16 16:17:32.241 (UTC)] info/application	[Motor] Received distance: 12.5732472516006 cm | Severity=75 | SourceName=Motor | EventType=application
[2026-08-16 16:17:32.241 (UTC)] warn/application	[Motor] Distance too close (12.5732472516006); rotating motor to 0 degrees | Severity=175 | SourceName=Motor | EventType=application
[2026-08-16 16:17:33.251 (UTC)] info/application	[Motor] Received distance: 12.0629897867623 cm | Severity=75 | SourceName=Motor | EventType=application
[2026-08-16 16:17:33.251 (UTC)] warn/application	[Motor] Distance too close (12.0629897867623); rotating motor to 0 degrees | Severity=175 | SourceName=Motor | EventType=application
[2026-08-16 16:17:33.251 (UTC)] info/channel	[System] TCP 14	| SC 4	| SecureChannel renewed with a revised lifetime of 600.0s | Severity=75 | SourceName=System | EventType=channel
[2026-08-16 16:17:33.261 (UTC)] info/channel	[System] TCP 8	| SC 2	| SecureChannel renewed with a revised lifetime of 600.0s | Severity=75 | SourceName=System | EventType=channel
[2026-08-16 16:17:34.252 (UTC)] info/application	[Motor] Received distance: 13.4442769647317 cm | Severity=75 | SourceName=Motor | EventType=application
[2026-08-16 16:17:34.252 (UTC)] warn/application	[Motor] Distance too close (13.4442769647317); rotating motor to 0 degrees | Severity=175 | SourceName=Motor | EventType=application
[2026-08-16 16:17:35.235 (UTC)] info/application	[Motor] Received distance: 13.3298596187168 cm | Severity=75 | SourceName=Motor | EventType=application
[2026-08-16 16:17:35.235 (UTC)] warn/application	[Motor] Distance too close (13.3298596187168); rotating motor to 0 degrees | Severity=175 | SourceName=Motor | EventType=application
[2026-08-16 16:17:36.245 (UTC)] info/application	[Motor] Received distance: 14.2683438788021 cm | Severity=75 | SourceName=Motor | EventType=application
[2026-08-16 16:17:36.245 (UTC)] warn/application	[Motor] Distance too close (14.2683438788021); rotating motor to 0 degrees | Severity=175 | SourceName=Motor | EventType=application
[2026-08-16 16:17:37.239 (UTC)] info/application	[Motor] Received distance: 14.1071372894138 cm | Severity=75 | SourceName=Motor | EventType=application
[2026-08-16 16:17:37.239 (UTC)] warn/application	[Motor] Distance too close (14.1071372894138); rotating motor to 0 degrees | Severity=175 | SourceName=Motor | EventType=application
[2026-08-16 16:17:38.248 (UTC)] info/application	[Motor] Received distance: 14.776094933169 cm | Severity=75 | SourceName=Motor | EventType=application
[2026-08-16 16:17:38.248 (UTC)] warn/application	[Motor] Distance too close (14.776094933169); rotating motor to 0 degrees | Severity=175 | SourceName=Motor | EventType=application
[2026-08-16 16:17:39.241 (UTC)] info/application	[Motor] Received distance: 13.7680208369941 cm | Severity=75 | SourceName=Motor | EventType=application
[2026-08-16 16:17:39.241 (UTC)] warn/application	[Motor] Distance too close (13.7680208369941); rotating motor to 0 degrees | Severity=175 | SourceName=Motor | EventType=application
[2026-08-16 16:17:40.250 (UTC)] info/application	[Motor] Received distance: 14.322691328741 cm | Severity=75 | SourceName=Motor | EventType=application
[2026-08-16 16:17:40.250 (UTC)] warn/application	[Motor] Distance too close (14.322691328741); rotating motor to 0 degrees | Severity=175 | SourceName=Motor | EventType=application
[2026-08-16 16:17:41.252 (UTC)] info/application	[Motor] Received distance: 14.4211259933287 cm | Severity=75 | SourceName=Motor | EventType=application
[2026-08-16 16:17:41.252 (UTC)] warn/application	[Motor] Distance too close (14.4211259933287); rotating motor to 0 degrees | Severity=175 | SourceName=Motor | EventType=application
[2026-08-16 16:17:42.254 (UTC)] info/application	[Motor] Received distance: 15.6356476625128 cm | Severity=75 | SourceName=Motor | EventType=application
[2026-08-16 16:17:42.254 (UTC)] warn/application	[Motor] Distance too close (15.6356476625128); rotating motor to 0 degrees | Severity=175 | SourceName=Motor | EventType=application
[2026-08-16 16:17:43.236 (UTC)] info/application	[Motor] Received distance: 16.2414534102387 cm | Severity=75 | SourceName=Motor | EventType=application
[2026-08-16 16:17:43.236 (UTC)] warn/application	[Motor] Distance too close (16.2414534102387); rotating motor to 0 degrees | Severity=175 | SourceName=Motor | EventType=application
[2026-08-16 16:17:44.246 (UTC)] info/application	[Motor] Received distance: 16.9471834299374 cm | Severity=75 | SourceName=Motor | EventType=application
[2026-08-16 16:17:44.246 (UTC)] warn/application	[Motor] Distance too close (16.9471834299374); rotating motor to 0 degrees | Severity=175 | SourceName=Motor | EventType=application
[2026-08-16 16:17:45.239 (UTC)] info/application	[Motor] Received distance: 15.7041795089395 cm | Severity=75 | SourceName=Motor | EventType=application
[2026-08-16 16:17:45.239 (UTC)] warn/application	[Motor] Distance too close (15.7041795089395); rotating motor to 0 degrees | Severity=175 | SourceName=Motor | EventType=application
[2026-08-16 16:17:46.249 (UTC)] info/application	[Motor] Received distance: 15.6317781918365 cm | Severity=75 | SourceName=Motor | EventType=application
[2026-08-16 16:17:46.249 (UTC)] warn/application	[Motor] Distance too close (15.6317781918365); rotating motor to 0 degrees | Severity=175 | SourceName=Motor | EventType=application
[2026-08-16 16:17:47.242 (UTC)] info/application	[Motor] Received distance: 15.2234208049362 cm | Severity=75 | SourceName=Motor | EventType=application
[2026-08-16 16:17:47.242 (UTC)] warn/application	[Motor] Distance too close (15.2234208049362); rotating motor to 0 degrees | Severity=175 | SourceName=Motor | EventType=application
[2026-08-16 16:17:48.251 (UTC)] info/application	[Motor] Received distance: 15.9851811972844 cm | Severity=75 | SourceName=Motor | EventType=application
[2026-08-16 16:17:48.251 (UTC)] warn/application	[Motor] Distance too close (15.9851811972844); rotating motor to 0 degrees | Severity=175 | SourceName=Motor | EventType=application
[2026-08-16 16:17:49.253 (UTC)] info/application	[Motor] Received distance: 14.7343984468535 cm | Severity=75 | SourceName=Motor | EventType=application
[2026-08-16 16:17:49.253 (UTC)] warn/application	[Motor] Distance too close (14.7343984468535); rotating motor to 0 degrees | Severity=175 | SourceName=Motor | EventType=application
[2026-08-16 16:17:50.235 (UTC)] info/application	[Motor] Received distance: 13.783022422941 cm | Severity=75 | SourceName=Motor | EventType=application
[2026-08-16 16:17:50.235 (UTC)] warn/application	[Motor] Distance too close (13.783022422941); rotating motor to 0 degrees | Severity=175 | SourceName=Motor | EventType=application
[2026-08-16 16:17:51.245 (UTC)] info/application	[Motor] Received distance: 13.1631319179028 cm | Severity=75 | SourceName=Motor | EventType=application
[2026-08-16 16:17:51.245 (UTC)] warn/application	[Motor] Distance too close (13.1631319179028); rotating motor to 0 degrees | Severity=175 | SourceName=Motor | EventType=application
[2026-08-16 16:17:52.238 (UTC)] info/application	[Motor] Received distance: 14.2531892525746 cm | Severity=75 | SourceName=Motor | EventType=application
[2026-08-16 16:17:52.238 (UTC)] warn/application	[Motor] Distance too close (14.2531892525746); rotating motor to 0 degrees | Severity=175 | SourceName=Motor | EventType=application
[2026-08-16 16:17:53.248 (UTC)] info/application	[Motor] Received distance: 14.0717913904562 cm | Severity=75 | SourceName=Motor | EventType=application
[2026-08-16 16:17:53.248 (UTC)] warn/application	[Motor] Distance too close (14.0717913904562); rotating motor to 0 degrees | Severity=175 | SourceName=Motor | EventType=application
[2026-08-16 16:17:54.240 (UTC)] info/application	[Motor] Received distance: 14.1050680161478 cm | Severity=75 | SourceName=Motor | EventType=application
[2026-08-16 16:17:54.240 (UTC)] warn/application	[Motor] Distance too close (14.1050680161478); rotating motor to 0 degrees | Severity=175 | SourceName=Motor | EventType=application
[2026-08-16 16:17:55.250 (UTC)] info/application	[Motor] Received distance: 12.7449065436353 cm | Severity=75 | SourceName=Motor | EventType=application
[2026-08-16 16:17:55.250 (UTC)] warn/application	[Motor] Distance too close (12.7449065436353); rotating motor to 0 degrees | Severity=175 | SourceName=Motor | EventType=application
[2026-08-16 16:17:56.243 (UTC)] info/application	[Motor] Received distance: 13.155362733945 cm | Severity=75 | SourceName=Motor | EventType=application
[2026-08-16 16:17:56.243 (UTC)] warn/application	[Motor] Distance too close (13.155362733945); rotating motor to 0 degrees | Severity=175 | SourceName=Motor | EventType=application
[2026-08-16 16:17:57.252 (UTC)] info/application	[Motor] Received distance: 11.9837180492393 cm | Severity=75 | SourceName=Motor | EventType=application
[2026-08-16 16:17:57.252 (UTC)] warn/application	[Motor] Distance too close (11.9837180492393); rotating motor to 0 degrees | Severity=175 | SourceName=Motor | EventType=application
[2026-08-16 16:17:58.236 (UTC)] info/application	[Motor] Received distance: 11.2679682535902 cm | Severity=75 | SourceName=Motor | EventType=application
[2026-08-16 16:17:58.236 (UTC)] warn/application	[Motor] Distance too close (11.2679682535902); rotating motor to 0 degrees | Severity=175 | SourceName=Motor | EventType=application
[2026-08-16 16:17:59.245 (UTC)] info/application	[Motor] Received distance: 11.2219504491528 cm | Severity=75 | SourceName=Motor | EventType=application
[2026-08-16 16:17:59.245 (UTC)] warn/application	[Motor] Distance too close (11.2219504491528); rotating motor to 0 degrees | Severity=175 | SourceName=Motor | EventType=application
[2026-08-16 16:18:00.239 (UTC)] info/application	[Motor] Received distance: 10.5278860633392 cm | Severity=75 | SourceName=Motor | EventType=application
[2026-08-16 16:18:00.239 (UTC)] warn/application	[Motor] Distance too close (10.5278860633392); rotating motor to 0 degrees | Severity=175 | SourceName=Motor | EventType=application
[2026-08-16 16:18:01.248 (UTC)] info/application	[Motor] Received distance: 10.7696516885281 cm | Severity=75 | SourceName=Motor | EventType=application
[2026-08-16 16:18:01.249 (UTC)] warn/application	[Motor] Distance too close (10.7696516885281); rotating motor to 0 degrees | Severity=175 | SourceName=Motor | EventType=application
[2026-08-16 16:18:02.241 (UTC)] info/application	[Motor] Received distance: 10.6148835532902 cm | Severity=75 | SourceName=Motor | EventType=application
[2026-08-16 16:18:02.241 (UTC)] warn/application	[Motor] Distance too close (10.6148835532902); rotating motor to 0 degrees | Severity=175 | SourceName=Motor | EventType=application
[2026-08-16 16:18:03.250 (UTC)] info/application	[Motor] Received distance: 9.25183988933073 cm | Severity=75 | SourceName=Motor | EventType=application
[2026-08-16 16:18:03.250 (UTC)] warn/application	[Motor] Distance too close (9.25183988933073); rotating motor to 0 degrees | Severity=175 | SourceName=Motor | EventType=application
[2026-08-16 16:18:04.244 (UTC)] info/application	[Motor] Received distance: 10.4833480496813 cm | Severity=75 | SourceName=Motor | EventType=application
[2026-08-16 16:18:04.244 (UTC)] warn/application	[Motor] Distance too close (10.4833480496813); rotating motor to 0 degrees | Severity=175 | SourceName=Motor | EventType=application
[2026-08-16 16:18:05.253 (UTC)] info/application	[Motor] Received distance: 10.2098670910159 cm | Severity=75 | SourceName=Motor | EventType=application
[2026-08-16 16:18:05.253 (UTC)] warn/application	[Motor] Distance too close (10.2098670910159); rotating motor to 0 degrees | Severity=175 | SourceName=Motor | EventType=application
[2026-08-16 16:18:06.236 (UTC)] info/application	[Motor] Received distance: 10.2324060810415 cm | Severity=75 | SourceName=Motor | EventType=application
[2026-08-16 16:18:06.236 (UTC)] warn/application	[Motor] Distance too close (10.2324060810415); rotating motor to 0 degrees | Severity=175 | SourceName=Motor | EventType=application
[2026-08-16 16:18:07.245 (UTC)] info/application	[Motor] Received distance: 10.9023985000804 cm | Severity=75 | SourceName=Motor | EventType=application
[2026-08-16 16:18:07.245 (UTC)] warn/application	[Motor] Distance too close (10.9023985000804); rotating motor to 0 degrees | Severity=175 | SourceName=Motor | EventType=application
[2026-08-16 16:18:08.238 (UTC)] info/application	[Motor] Received distance: 11.9677109520267 cm | Severity=75 | SourceName=Motor | EventType=application
[2026-08-16 16:18:08.238 (UTC)] warn/application	[Motor] Distance too close (11.9677109520267); rotating motor to 0 degrees | Severity=175 | SourceName=Motor | EventType=application
[2026-08-16 16:18:09.247 (UTC)] info/application	[Motor] Received distance: 11.1592075858075 cm | Severity=75 | SourceName=Motor | EventType=application
[2026-08-16 16:18:09.247 (UTC)] warn/application	[Motor] Distance too close (11.1592075858075); rotating motor to 0 degrees | Severity=175 | SourceName=Motor | EventType=application
[2026-08-16 16:18:10.240 (UTC)] info/application	[Motor] Received distance: 12.3211259086715 cm | Severity=75 | SourceName=Motor | EventType=application
[2026-08-16 16:18:10.240 (UTC)] warn/application	[Motor] Distance too close (12.3211259086715); rotating motor to 0 degrees | Severity=175 | SourceName=Motor | EventType=application
[2026-08-16 16:18:11.250 (UTC)] info/application	[Motor] Received distance: 12.4411088523647 cm | Severity=75 | SourceName=Motor | EventType=application
[2026-08-16 16:18:11.250 (UTC)] warn/application	[Motor] Distance too close (12.4411088523647); rotating motor to 0 degrees | Severity=175 | SourceName=Motor | EventType=application
[2026-08-16 16:18:12.242 (UTC)] info/application	[Motor] Received distance: 13.2310401507332 cm | Severity=75 | SourceName=Motor | EventType=application
[2026-08-16 16:18:12.242 (UTC)] warn/application	[Motor] Distance too close (13.2310401507332); rotating motor to 0 degrees | Severity=175 | SourceName=Motor | EventType=application
[2026-08-16 16:18:13.251 (UTC)] info/application	[Motor] Received distance: 14.1074801413843 cm | Severity=75 | SourceName=Motor | EventType=application
[2026-08-16 16:18:13.251 (UTC)] warn/application	[Motor] Distance too close (14.1074801413843); rotating motor to 0 degrees | Severity=175 | SourceName=Motor | EventType=application
[2026-08-16 16:18:14.243 (UTC)] info/application	[Motor] Received distance: 13.3332688314064 cm | Severity=75 | SourceName=Motor | EventType=application
[2026-08-16 16:18:14.243 (UTC)] warn/application	[Motor] Distance too close (13.3332688314064); rotating motor to 0 degrees | Severity=175 | SourceName=Motor | EventType=application
[2026-08-16 16:18:15.253 (UTC)] info/application	[Motor] Received distance: 13.3289301480767 cm | Severity=75 | SourceName=Motor | EventType=application
[2026-08-16 16:18:15.253 (UTC)] warn/application	[Motor] Distance too close (13.3289301480767); rotating motor to 0 degrees | Severity=175 | SourceName=Motor | EventType=application
[2026-08-16 16:18:16.235 (UTC)] info/application	[Motor] Received distance: 14.4623662177298 cm | Severity=75 | SourceName=Motor | EventType=application
[2026-08-16 16:18:16.235 (UTC)] warn/application	[Motor] Distance too close (14.4623662177298); rotating motor to 0 degrees | Severity=175 | SourceName=Motor | EventType=application
[2026-08-16 16:18:17.245 (UTC)] info/application	[Motor] Received distance: 15.1157535906489 cm | Severity=75 | SourceName=Motor | EventType=application
[2026-08-16 16:18:17.245 (UTC)] warn/application	[Motor] Distance too close (15.1157535906489); rotating motor to 0 degrees | Severity=175 | SourceName=Motor | EventType=application
[2026-08-16 16:18:18.237 (UTC)] info/application	[Motor] Received distance: 16.2030575204189 cm | Severity=75 | SourceName=Motor | EventType=application
[2026-08-16 16:18:18.237 (UTC)] warn/application	[Motor] Distance too close (16.2030575204189); rotating motor to 0 degrees | Severity=175 | SourceName=Motor | EventType=application
[2026-08-16 16:18:19.246 (UTC)] info/application	[Motor] Received distance: 16.5982539810232 cm | Severity=75 | SourceName=Motor | EventType=application
[2026-08-16 16:18:19.246 (UTC)] warn/application	[Motor] Distance too close (16.5982539810232); rotating motor to 0 degrees | Severity=175 | SourceName=Motor | EventType=application
[2026-08-16 16:18:20.239 (UTC)] info/application	[Motor] Received distance: 17.5008586049084 cm | Severity=75 | SourceName=Motor | EventType=application
[2026-08-16 16:18:20.239 (UTC)] warn/application	[Motor] Distance too close (17.5008586049084); rotating motor to 0 degrees | Severity=175 | SourceName=Motor | EventType=application
[2026-08-16 16:18:21.248 (UTC)] info/application	[Motor] Received distance: 16.136786509369 cm | Severity=75 | SourceName=Motor | EventType=application
[2026-08-16 16:18:21.248 (UTC)] warn/application	[Motor] Distance too close (16.136786509369); rotating motor to 0 degrees | Severity=175 | SourceName=Motor | EventType=application
[2026-08-16 16:18:22.240 (UTC)] info/application	[Motor] Received distance: 17.4120924663321 cm | Severity=75 | SourceName=Motor | EventType=application
[2026-08-16 16:18:22.240 (UTC)] warn/application	[Motor] Distance too close (17.4120924663321); rotating motor to 0 degrees | Severity=175 | SourceName=Motor | EventType=application
[2026-08-16 16:18:23.250 (UTC)] info/application	[Motor] Received distance: 17.904754423492 cm | Severity=75 | SourceName=Motor | EventType=application
[2026-08-16 16:18:23.250 (UTC)] warn/application	[Motor] Distance too close (17.904754423492); rotating motor to 0 degrees | Severity=175 | SourceName=Motor | EventType=application
[2026-08-16 16:18:24.243 (UTC)] info/application	[Motor] Received distance: 17.8592844658342 cm | Severity=75 | SourceName=Motor | EventType=application
[2026-08-16 16:18:24.243 (UTC)] warn/application	[Motor] Distance too close (17.8592844658342); rotating motor to 0 degrees | Severity=175 | SourceName=Motor | EventType=application
[2026-08-16 16:18:25.252 (UTC)] info/application	[Motor] Received distance: 17.6678670470919 cm | Severity=75 | SourceName=Motor | EventType=application
[2026-08-16 16:18:25.252 (UTC)] warn/application	[Motor] Distance too close (17.6678670470919); rotating motor to 0 degrees | Severity=175 | SourceName=Motor | EventType=application
[2026-08-16 16:18:26.235 (UTC)] info/application	[Motor] Received distance: 18.3003675317394 cm | Severity=75 | SourceName=Motor | EventType=application
[2026-08-16 16:18:26.235 (UTC)] warn/application	[Motor] Distance too close (18.3003675317394); rotating motor to 0 degrees | Severity=175 | SourceName=Motor | EventType=application
[2026-08-16 16:18:27.245 (UTC)] info/application	[Motor] Received distance: 17.1653537643912 cm | Severity=75 | SourceName=Motor | EventType=application
[2026-08-16 16:18:27.245 (UTC)] warn/application	[Motor] Distance too close (17.1653537643912); rotating motor to 0 degrees | Severity=175 | SourceName=Motor | EventType=application
[2026-08-16 16:18:28.237 (UTC)] info/application	[Motor] Received distance: 17.3022916609432 cm | Severity=75 | SourceName=Motor | EventType=application
[2026-08-16 16:18:28.237 (UTC)] warn/application	[Motor] Distance too close (17.3022916609432); rotating motor to 0 degrees | Severity=175 | SourceName=Motor | EventType=application
[2026-08-16 16:18:29.246 (UTC)] info/application	[Motor] Received distance: 18.7190423499416 cm | Severity=75 | SourceName=Motor | EventType=application
[2026-08-16 16:18:29.246 (UTC)] warn/application	[Motor] Distance too close (18.7190423499416); rotating motor to 0 degrees | Severity=175 | SourceName=Motor | EventType=application
[2026-08-16 16:18:30.239 (UTC)] info/application	[Motor] Received distance: 19.0380107781561 cm | Severity=75 | SourceName=Motor | EventType=application
[2026-08-16 16:18:30.239 (UTC)] warn/application	[Motor] Distance too close (19.0380107781561); rotating motor to 0 degrees | Severity=175 | SourceName=Motor | EventType=application
[2026-08-16 16:18:31.248 (UTC)] info/application	[Motor] Received distance: 19.9808842902914 cm | Severity=75 | SourceName=Motor | EventType=application
[2026-08-16 16:18:31.248 (UTC)] warn/application	[Motor] Distance too close (19.9808842902914); rotating motor to 0 degrees | Severity=175 | SourceName=Motor | EventType=application
[2026-08-16 16:18:32.241 (UTC)] info/application	[Motor] Received distance: 20.1394006030818 cm | Severity=75 | SourceName=Motor | EventType=application
[2026-08-16 16:18:32.241 (UTC)] info/application	[Motor] Distance safe (20.1394006030818); rotating motor to 90 degrees | Severity=75 | SourceName=Motor | EventType=application
[2026-08-16 16:18:33.250 (UTC)] info/application	[Motor] Received distance: 18.8036008960584 cm | Severity=75 | SourceName=Motor | EventType=application
[2026-08-16 16:18:33.250 (UTC)] warn/application	[Motor] Distance too close (18.8036008960584); rotating motor to 0 degrees | Severity=175 | SourceName=Motor | EventType=application
[2026-08-16 16:18:34.253 (UTC)] info/application	[Motor] Received distance: 19.8834307442342 cm | Severity=75 | SourceName=Motor | EventType=application
[2026-08-16 16:18:34.253 (UTC)] warn/application	[Motor] Distance too close (19.8834307442342); rotating motor to 0 degrees | Severity=175 | SourceName=Motor | EventType=application
[2026-08-16 16:18:35.254 (UTC)] info/application	[Motor] Received distance: 19.7734552159782 cm | Severity=75 | SourceName=Motor | EventType=application
[2026-08-16 16:18:35.254 (UTC)] warn/application	[Motor] Distance too close (19.7734552159782); rotating motor to 0 degrees | Severity=175 | SourceName=Motor | EventType=application
[2026-08-16 16:18:36.236 (UTC)] info/application	[Motor] Received distance: 19.6641745502894 cm | Severity=75 | SourceName=Motor | EventType=application
[2026-08-16 16:18:36.236 (UTC)] warn/application	[Motor] Distance too close (19.6641745502894); rotating motor to 0 degrees | Severity=175 | SourceName=Motor | EventType=application
[2026-08-16 16:18:37.245 (UTC)] info/application	[Motor] Received distance: 19.2665433884908 cm | Severity=75 | SourceName=Motor | EventType=application
[2026-08-16 16:18:37.245 (UTC)] warn/application	[Motor] Distance too close (19.2665433884908); rotating motor to 0 degrees | Severity=175 | SourceName=Motor | EventType=application
[2026-08-16 16:18:38.237 (UTC)] info/application	[Motor] Received distance: 18.3265602778767 cm | Severity=75 | SourceName=Motor | EventType=application
[2026-08-16 16:18:38.237 (UTC)] warn/application	[Motor] Distance too close (18.3265602778767); rotating motor to 0 degrees | Severity=175 | SourceName=Motor | EventType=application
[2026-08-16 16:18:39.246 (UTC)] info/application	[Motor] Received distance: 17.7825920641341 cm | Severity=75 | SourceName=Motor | EventType=application
[2026-08-16 16:18:39.246 (UTC)] warn/application	[Motor] Distance too close (17.7825920641341); rotating motor to 0 degrees | Severity=175 | SourceName=Motor | EventType=application
[2026-08-16 16:18:40.239 (UTC)] info/application	[Motor] Received distance: 18.0764575361165 cm | Severity=75 | SourceName=Motor | EventType=application
[2026-08-16 16:18:40.239 (UTC)] warn/application	[Motor] Distance too close (18.0764575361165); rotating motor to 0 degrees | Severity=175 | SourceName=Motor | EventType=application
[2026-08-16 16:18:41.249 (UTC)] info/application	[Motor] Received distance: 16.7983927469693 cm | Severity=75 | SourceName=Motor | EventType=application
[2026-08-16 16:18:41.249 (UTC)] warn/application	[Motor] Distance too close (16.7983927469693); rotating motor to 0 degrees | Severity=175 | SourceName=Motor | EventType=application
[2026-08-16 16:18:42.241 (UTC)] info/application	[Motor] Received distance: 17.8744074769199 cm | Severity=75 | SourceName=Motor | EventType=application
[2026-08-16 16:18:42.241 (UTC)] warn/application	[Motor] Distance too close (17.8744074769199); rotating motor to 0 degrees | Severity=175 | SourceName=Motor | EventType=application
[2026-08-16 16:18:43.250 (UTC)] info/application	[Motor] Received distance: 17.4582042458738 cm | Severity=75 | SourceName=Motor | EventType=application
[2026-08-16 16:18:43.250 (UTC)] warn/application	[Motor] Distance too close (17.4582042458738); rotating motor to 0 degrees | Severity=175 | SourceName=Motor | EventType=application
[2026-08-16 16:18:44.254 (UTC)] info/application	[Motor] Received distance: 18.5565794473778 cm | Severity=75 | SourceName=Motor | EventType=application
[2026-08-16 16:18:44.254 (UTC)] warn/application	[Motor] Distance too close (18.5565794473778); rotating motor to 0 degrees | Severity=175 | SourceName=Motor | EventType=application
[2026-08-16 16:18:45.244 (UTC)] info/application	[Motor] Received distance: 17.3583828659535 cm | Severity=75 | SourceName=Motor | EventType=application
[2026-08-16 16:18:45.244 (UTC)] warn/application	[Motor] Distance too close (17.3583828659535); rotating motor to 0 degrees | Severity=175 | SourceName=Motor | EventType=application
[2026-08-16 16:18:46.237 (UTC)] info/application	[Motor] Received distance: 18.4378409529747 cm | Severity=75 | SourceName=Motor | EventType=application
[2026-08-16 16:18:46.237 (UTC)] warn/application	[Motor] Distance too close (18.4378409529747); rotating motor to 0 degrees | Severity=175 | SourceName=Motor | EventType=application
[2026-08-16 16:18:47.247 (UTC)] info/application	[Motor] Received distance: 19.1696522241317 cm | Severity=75 | SourceName=Motor | EventType=application
[2026-08-16 16:18:47.247 (UTC)] warn/application	[Motor] Distance too close (19.1696522241317); rotating motor to 0 degrees | Severity=175 | SourceName=Motor | EventType=application
[2026-08-16 16:18:48.241 (UTC)] info/application	[Motor] Received distance: 20.1248430156265 cm | Severity=75 | SourceName=Motor | EventType=application
[2026-08-16 16:18:48.241 (UTC)] info/application	[Motor] Distance safe (20.1248430156265); rotating motor to 90 degrees | Severity=75 | SourceName=Motor | EventType=application
[2026-08-16 16:18:49.250 (UTC)] info/application	[Motor] Received distance: 20.7916050310208 cm | Severity=75 | SourceName=Motor | EventType=application
[2026-08-16 16:18:49.250 (UTC)] info/application	[Motor] Distance safe (20.7916050310208); rotating motor to 90 degrees | Severity=75 | SourceName=Motor | EventType=application
[2026-08-16 16:18:50.244 (UTC)] info/application	[Motor] Received distance: 20.4186127613851 cm | Severity=75 | SourceName=Motor | EventType=application
[2026-08-16 16:18:50.244 (UTC)] info/application	[Motor] Distance safe (20.4186127613851); rotating motor to 90 degrees | Severity=75 | SourceName=Motor | EventType=application
[2026-08-16 16:18:51.235 (UTC)] info/application	[Motor] Received distance: 20.7764081753681 cm | Severity=75 | SourceName=Motor | EventType=application
[2026-08-16 16:18:51.235 (UTC)] info/application	[Motor] Distance safe (20.7764081753681); rotating motor to 90 degrees | Severity=75 | SourceName=Motor | EventType=application
[2026-08-16 16:18:52.245 (UTC)] info/application	[Motor] Received distance: 21.5790980966199 cm | Severity=75 | SourceName=Motor | EventType=application
[2026-08-16 16:18:52.245 (UTC)] info/application	[Motor] Distance safe (21.5790980966199); rotating motor to 90 degrees | Severity=75 | SourceName=Motor | EventType=application
[2026-08-16 16:18:53.239 (UTC)] info/application	[Motor] Received distance: 20.9814117825504 cm | Severity=75 | SourceName=Motor | EventType=application
[2026-08-16 16:18:53.239 (UTC)] info/application	[Motor] Distance safe (20.9814117825504); rotating motor to 90 degrees | Severity=75 | SourceName=Motor | EventType=application
[2026-08-16 16:18:54.248 (UTC)] info/application	[Motor] Received distance: 20.3318691522963 cm | Severity=75 | SourceName=Motor | EventType=application
[2026-08-16 16:18:54.248 (UTC)] info/application	[Motor] Distance safe (20.3318691522963); rotating motor to 90 degrees | Severity=75 | SourceName=Motor | EventType=application
[2026-08-16 16:18:55.242 (UTC)] info/application	[Motor] Received distance: 19.5890891144933 cm | Severity=75 | SourceName=Motor | EventType=application
[2026-08-16 16:18:55.242 (UTC)] warn/application	[Motor] Distance too close (19.5890891144933); rotating motor to 0 degrees | Severity=175 | SourceName=Motor | EventType=application
[2026-08-16 16:18:56.251 (UTC)] info/application	[Motor] Received distance: 20.2999853830785 cm | Severity=75 | SourceName=Motor | EventType=application
[2026-08-16 16:18:56.251 (UTC)] info/application	[Motor] Distance safe (20.2999853830785); rotating motor to 90 degrees | Severity=75 | SourceName=Motor | EventType=application
[2026-08-16 16:18:57.253 (UTC)] info/application	[Motor] Received distance: 21.7829432388688 cm | Severity=75 | SourceName=Motor | EventType=application
[2026-08-16 16:18:57.253 (UTC)] info/application	[Motor] Distance safe (21.7829432388688); rotating motor to 90 degrees | Severity=75 | SourceName=Motor | EventType=application
[2026-08-16 16:18:58.236 (UTC)] info/application	[Motor] Received distance: 21.4051494337177 cm | Severity=75 | SourceName=Motor | EventType=application
[2026-08-16 16:18:58.236 (UTC)] info/application	[Motor] Distance safe (21.4051494337177); rotating motor to 90 degrees | Severity=75 | SourceName=Motor | EventType=application
[2026-08-16 16:18:59.245 (UTC)] info/application	[Motor] Received distance: 20.7529835974579 cm | Severity=75 | SourceName=Motor | EventType=application
[2026-08-16 16:18:59.245 (UTC)] info/application	[Motor] Distance safe (20.7529835974579); rotating motor to 90 degrees | Severity=75 | SourceName=Motor | EventType=application
[2026-08-16 16:19:00.238 (UTC)] info/application	[Motor] Received distance: 22.1526921408496 cm | Severity=75 | SourceName=Motor | EventType=application
[2026-08-16 16:19:00.238 (UTC)] info/application	[Motor] Distance safe (22.1526921408496); rotating motor to 90 degrees | Severity=75 | SourceName=Motor | EventType=application
[2026-08-16 16:19:01.248 (UTC)] info/application	[Motor] Received distance: 23.59386676531 cm | Severity=75 | SourceName=Motor | EventType=application
[2026-08-16 16:19:01.248 (UTC)] info/application	[Motor] Distance safe (23.59386676531); rotating motor to 90 degrees | Severity=75 | SourceName=Motor | EventType=application
[2026-08-16 16:19:02.241 (UTC)] info/application	[Motor] Received distance: 22.3845744397885 cm | Severity=75 | SourceName=Motor | EventType=application
[2026-08-16 16:19:02.241 (UTC)] info/application	[Motor] Distance safe (22.3845744397885); rotating motor to 90 degrees | Severity=75 | SourceName=Motor | EventType=application
[2026-08-16 16:19:03.252 (UTC)] info/application	[Motor] Received distance: 22.4427992959706 cm | Severity=75 | SourceName=Motor | EventType=application
[2026-08-16 16:19:03.252 (UTC)] info/application	[Motor] Distance safe (22.4427992959706); rotating motor to 90 degrees | Severity=75 | SourceName=Motor | EventType=application
[2026-08-16 16:19:04.235 (UTC)] info/application	[Motor] Received distance: 21.0481742120107 cm | Severity=75 | SourceName=Motor | EventType=application
[2026-08-16 16:19:04.235 (UTC)] info/application	[Motor] Distance safe (21.0481742120107); rotating motor to 90 degrees | Severity=75 | SourceName=Motor | EventType=application
[2026-08-16 16:19:05.246 (UTC)] info/application	[Motor] Received distance: 22.418711736062 cm | Severity=75 | SourceName=Motor | EventType=application
[2026-08-16 16:19:05.246 (UTC)] info/application	[Motor] Distance safe (22.418711736062); rotating motor to 90 degrees | Severity=75 | SourceName=Motor | EventType=application
[2026-08-16 16:19:06.240 (UTC)] info/application	[Motor] Received distance: 23.866961063988 cm | Severity=75 | SourceName=Motor | EventType=application
[2026-08-16 16:19:06.240 (UTC)] info/application	[Motor] Distance safe (23.866961063988); rotating motor to 90 degrees | Severity=75 | SourceName=Motor | EventType=application
[2026-08-16 16:19:07.249 (UTC)] info/application	[Motor] Received distance: 23.8630553143393 cm | Severity=75 | SourceName=Motor | EventType=application
[2026-08-16 16:19:07.249 (UTC)] info/application	[Motor] Distance safe (23.8630553143393); rotating motor to 90 degrees | Severity=75 | SourceName=Motor | EventType=application
[2026-08-16 16:19:08.242 (UTC)] info/application	[Motor] Received distance: 23.335961675195 cm | Severity=75 | SourceName=Motor | EventType=application
[2026-08-16 16:19:08.242 (UTC)] info/application	[Motor] Distance safe (23.335961675195); rotating motor to 90 degrees | Severity=75 | SourceName=Motor | EventType=application
[2026-08-16 16:19:09.235 (UTC)] info/application	[Motor] Received distance: 22.344227892507 cm | Severity=75 | SourceName=Motor | EventType=application
[2026-08-16 16:19:09.235 (UTC)] info/application	[Motor] Distance safe (22.344227892507); rotating motor to 90 degrees | Severity=75 | SourceName=Motor | EventType=application
[2026-08-16 16:19:10.245 (UTC)] info/application	[Motor] Received distance: 23.2963539291156 cm | Severity=75 | SourceName=Motor | EventType=application
[2026-08-16 16:19:10.245 (UTC)] info/application	[Motor] Distance safe (23.2963539291156); rotating motor to 90 degrees | Severity=75 | SourceName=Motor | EventType=application
[2026-08-16 16:19:11.240 (UTC)] info/application	[Motor] Received distance: 24.5631257619537 cm | Severity=75 | SourceName=Motor | EventType=application
[2026-08-16 16:19:11.240 (UTC)] info/application	[Motor] Distance safe (24.5631257619537); rotating motor to 90 degrees | Severity=75 | SourceName=Motor | EventType=application
[2026-08-16 16:19:12.250 (UTC)] info/application	[Motor] Received distance: 23.7933271901185 cm | Severity=75 | SourceName=Motor | EventType=application
[2026-08-16 16:19:12.250 (UTC)] info/application	[Motor] Distance safe (23.7933271901185); rotating motor to 90 degrees | Severity=75 | SourceName=Motor | EventType=application
[2026-08-16 16:19:13.243 (UTC)] info/application	[Motor] Received distance: 24.3214679552808 cm | Severity=75 | SourceName=Motor | EventType=application
[2026-08-16 16:19:13.243 (UTC)] info/application	[Motor] Distance safe (24.3214679552808); rotating motor to 90 degrees | Severity=75 | SourceName=Motor | EventType=application
[2026-08-16 16:19:14.235 (UTC)] info/application	[Motor] Received distance: 23.6720365556758 cm | Severity=75 | SourceName=Motor | EventType=application
[2026-08-16 16:19:14.235 (UTC)] info/application	[Motor] Distance safe (23.6720365556758); rotating motor to 90 degrees | Severity=75 | SourceName=Motor | EventType=application
[2026-08-16 16:19:15.237 (UTC)] info/application	[Motor] Received distance: 22.5006131853446 cm | Severity=75 | SourceName=Motor | EventType=application
[2026-08-16 16:19:15.237 (UTC)] info/application	[Motor] Distance safe (22.5006131853446); rotating motor to 90 degrees | Severity=75 | SourceName=Motor | EventType=application
[2026-08-16 16:19:16.247 (UTC)] info/application	[Motor] Received distance: 23.3305573690825 cm | Severity=75 | SourceName=Motor | EventType=application
[2026-08-16 16:19:16.247 (UTC)] info/application	[Motor] Distance safe (23.3305573690825); rotating motor to 90 degrees | Severity=75 | SourceName=Motor | EventType=application
[2026-08-16 16:19:17.241 (UTC)] info/application	[Motor] Received distance: 22.2605840551018 cm | Severity=75 | SourceName=Motor | EventType=application
[2026-08-16 16:19:17.241 (UTC)] info/application	[Motor] Distance safe (22.2605840551018); rotating motor to 90 degrees | Severity=75 | SourceName=Motor | EventType=application
[2026-08-16 16:19:18.250 (UTC)] info/application	[Motor] Received distance: 23.3209719559276 cm | Severity=75 | SourceName=Motor | EventType=application
[2026-08-16 16:19:18.250 (UTC)] info/application	[Motor] Distance safe (23.3209719559276); rotating motor to 90 degrees | Severity=75 | SourceName=Motor | EventType=application
[2026-08-16 16:19:19.254 (UTC)] info/application	[Motor] Received distance: 23.6061069311603 cm | Severity=75 | SourceName=Motor | EventType=application
[2026-08-16 16:19:19.254 (UTC)] info/application	[Motor] Distance safe (23.6061069311603); rotating motor to 90 degrees | Severity=75 | SourceName=Motor | EventType=application
[2026-08-16 16:19:20.244 (UTC)] info/application	[Motor] Received distance: 24.7028956339708 cm | Severity=75 | SourceName=Motor | EventType=application
[2026-08-16 16:19:20.244 (UTC)] info/application	[Motor] Distance safe (24.7028956339708); rotating motor to 90 degrees | Severity=75 | SourceName=Motor | EventType=application
[2026-08-16 16:19:21.235 (UTC)] info/application	[Motor] Received distance: 23.8902912637639 cm | Severity=75 | SourceName=Motor | EventType=application
[2026-08-16 16:19:21.235 (UTC)] info/application	[Motor] Distance safe (23.8902912637639); rotating motor to 90 degrees | Severity=75 | SourceName=Motor | EventType=application
[2026-08-16 16:19:22.245 (UTC)] info/application	[Motor] Received distance: 23.0332216515826 cm | Severity=75 | SourceName=Motor | EventType=application
[2026-08-16 16:19:22.245 (UTC)] info/application	[Motor] Distance safe (23.0332216515826); rotating motor to 90 degrees | Severity=75 | SourceName=Motor | EventType=application
[2026-08-16 16:19:23.238 (UTC)] info/application	[Motor] Received distance: 23.432700274248 cm | Severity=75 | SourceName=Motor | EventType=application
[2026-08-16 16:19:23.238 (UTC)] info/application	[Motor] Distance safe (23.432700274248); rotating motor to 90 degrees | Severity=75 | SourceName=Motor | EventType=application
[2026-08-16 16:19:24.247 (UTC)] info/application	[Motor] Received distance: 23.5224095913686 cm | Severity=75 | SourceName=Motor | EventType=application
[2026-08-16 16:19:24.247 (UTC)] info/application	[Motor] Distance safe (23.5224095913686); rotating motor to 90 degrees | Severity=75 | SourceName=Motor | EventType=application
[2026-08-16 16:19:25.240 (UTC)] info/application	[Motor] Received distance: 23.5157973503302 cm | Severity=75 | SourceName=Motor | EventType=application
[2026-08-16 16:19:25.240 (UTC)] info/application	[Motor] Distance safe (23.5157973503302); rotating motor to 90 degrees | Severity=75 | SourceName=Motor | EventType=application
[2026-08-16 16:19:26.249 (UTC)] info/application	[Motor] Received distance: 24.6724959351926 cm | Severity=75 | SourceName=Motor | EventType=application
[2026-08-16 16:19:26.249 (UTC)] info/application	[Motor] Distance safe (24.6724959351926); rotating motor to 90 degrees | Severity=75 | SourceName=Motor | EventType=application
[2026-08-16 16:19:27.242 (UTC)] info/application	[Motor] Received distance: 23.9731015195014 cm | Severity=75 | SourceName=Motor | EventType=application
[2026-08-16 16:19:27.242 (UTC)] info/application	[Motor] Distance safe (23.9731015195014); rotating motor to 90 degrees | Severity=75 | SourceName=Motor | EventType=application
[2026-08-16 16:19:28.252 (UTC)] info/application	[Motor] Received distance: 23.9494471328563 cm | Severity=75 | SourceName=Motor | EventType=application
[2026-08-16 16:19:28.252 (UTC)] info/application	[Motor] Distance safe (23.9494471328563); rotating motor to 90 degrees | Severity=75 | SourceName=Motor | EventType=application
[2026-08-16 16:19:29.244 (UTC)] info/application	[Motor] Received distance: 23.2283519125676 cm | Severity=75 | SourceName=Motor | EventType=application
[2026-08-16 16:19:29.244 (UTC)] info/application	[Motor] Distance safe (23.2283519125676); rotating motor to 90 degrees | Severity=75 | SourceName=Motor | EventType=application
[2026-08-16 16:19:30.235 (UTC)] info/application	[Motor] Received distance: 23.3767916606166 cm | Severity=75 | SourceName=Motor | EventType=application
[2026-08-16 16:19:30.235 (UTC)] info/application	[Motor] Distance safe (23.3767916606166); rotating motor to 90 degrees | Severity=75 | SourceName=Motor | EventType=application
[2026-08-16 16:19:31.245 (UTC)] info/application	[Motor] Received distance: 23.2528458159663 cm | Severity=75 | SourceName=Motor | EventType=application
[2026-08-16 16:19:31.245 (UTC)] info/application	[Motor] Distance safe (23.2528458159663); rotating motor to 90 degrees | Severity=75 | SourceName=Motor | EventType=application
[2026-08-16 16:19:32.238 (UTC)] info/application	[Motor] Received distance: 22.4729252187409 cm | Severity=75 | SourceName=Motor | EventType=application
[2026-08-16 16:19:32.238 (UTC)] info/application	[Motor] Distance safe (22.4729252187409); rotating motor to 90 degrees | Severity=75 | SourceName=Motor | EventType=application
[2026-08-16 16:19:33.247 (UTC)] info/application	[Motor] Received distance: 22.9120726426654 cm | Severity=75 | SourceName=Motor | EventType=application
[2026-08-16 16:19:33.247 (UTC)] info/application	[Motor] Distance safe (22.9120726426654); rotating motor to 90 degrees | Severity=75 | SourceName=Motor | EventType=application
[2026-08-16 16:19:34.240 (UTC)] info/application	[Motor] Received distance: 24.3463516541973 cm | Severity=75 | SourceName=Motor | EventType=application
[2026-08-16 16:19:34.240 (UTC)] info/application	[Motor] Distance safe (24.3463516541973); rotating motor to 90 degrees | Severity=75 | SourceName=Motor | EventType=application
[2026-08-16 16:19:35.249 (UTC)] info/application	[Motor] Received distance: 23.6718059730119 cm | Severity=75 | SourceName=Motor | EventType=application
[2026-08-16 16:19:35.249 (UTC)] info/application	[Motor] Distance safe (23.6718059730119); rotating motor to 90 degrees | Severity=75 | SourceName=Motor | EventType=application
[2026-08-16 16:19:36.243 (UTC)] info/application	[Motor] Received distance: 23.9814909195907 cm | Severity=75 | SourceName=Motor | EventType=application
[2026-08-16 16:19:36.243 (UTC)] info/application	[Motor] Distance safe (23.9814909195907); rotating motor to 90 degrees | Severity=75 | SourceName=Motor | EventType=application
[2026-08-16 16:19:37.252 (UTC)] info/application	[Motor] Received distance: 25.3640192590486 cm | Severity=75 | SourceName=Motor | EventType=application
[2026-08-16 16:19:37.252 (UTC)] info/application	[Motor] Distance safe (25.3640192590486); rotating motor to 90 degrees | Severity=75 | SourceName=Motor | EventType=application
[2026-08-16 16:19:38.254 (UTC)] info/application	[Motor] Received distance: 26.1855678282145 cm | Severity=75 | SourceName=Motor | EventType=application
[2026-08-16 16:19:38.254 (UTC)] info/application	[Motor] Distance safe (26.1855678282145); rotating motor to 90 degrees | Severity=75 | SourceName=Motor | EventType=application
[2026-08-16 16:19:39.245 (UTC)] info/application	[Motor] Received distance: 27.4681591356491 cm | Severity=75 | SourceName=Motor | EventType=application
[2026-08-16 16:19:39.245 (UTC)] info/application	[Motor] Distance safe (27.4681591356491); rotating motor to 90 degrees | Severity=75 | SourceName=Motor | EventType=application
[2026-08-16 16:19:40.236 (UTC)] info/application	[Motor] Received distance: 26.358953691022 cm | Severity=75 | SourceName=Motor | EventType=application
[2026-08-16 16:19:40.236 (UTC)] info/application	[Motor] Distance safe (26.358953691022); rotating motor to 90 degrees | Severity=75 | SourceName=Motor | EventType=application
[2026-08-16 16:19:41.246 (UTC)] info/application	[Motor] Received distance: 26.6326282967965 cm | Severity=75 | SourceName=Motor | EventType=application
[2026-08-16 16:19:41.246 (UTC)] info/application	[Motor] Distance safe (26.6326282967965); rotating motor to 90 degrees | Severity=75 | SourceName=Motor | EventType=application
[2026-08-16 16:19:42.238 (UTC)] info/application	[Motor] Received distance: 27.6819914356722 cm | Severity=75 | SourceName=Motor | EventType=application
[2026-08-16 16:19:42.238 (UTC)] info/application	[Motor] Distance safe (27.6819914356722); rotating motor to 90 degrees | Severity=75 | SourceName=Motor | EventType=application
[2026-08-16 16:19:43.248 (UTC)] info/application	[Motor] Received distance: 27.3029874192099 cm | Severity=75 | SourceName=Motor | EventType=application
[2026-08-16 16:19:43.248 (UTC)] info/application	[Motor] Distance safe (27.3029874192099); rotating motor to 90 degrees | Severity=75 | SourceName=Motor | EventType=application
[2026-08-16 16:19:44.241 (UTC)] info/application	[Motor] Received distance: 26.6048027887497 cm | Severity=75 | SourceName=Motor | EventType=application
[2026-08-16 16:19:44.241 (UTC)] info/application	[Motor] Distance safe (26.6048027887497); rotating motor to 90 degrees | Severity=75 | SourceName=Motor | EventType=application
[2026-08-16 16:19:45.250 (UTC)] info/application	[Motor] Received distance: 25.5047345266234 cm | Severity=75 | SourceName=Motor | EventType=application
[2026-08-16 16:19:45.250 (UTC)] info/application	[Motor] Distance safe (25.5047345266234); rotating motor to 90 degrees | Severity=75 | SourceName=Motor | EventType=application
[2026-08-16 16:19:46.243 (UTC)] info/application	[Motor] Received distance: 25.4543071398299 cm | Severity=75 | SourceName=Motor | EventType=application
[2026-08-16 16:19:46.243 (UTC)] info/application	[Motor] Distance safe (25.4543071398299); rotating motor to 90 degrees | Severity=75 | SourceName=Motor | EventType=application
[2026-08-16 16:19:47.252 (UTC)] info/application	[Motor] Received distance: 24.0860666931076 cm | Severity=75 | SourceName=Motor | EventType=application
[2026-08-16 16:19:47.253 (UTC)] info/application	[Motor] Distance safe (24.0860666931076); rotating motor to 90 degrees | Severity=75 | SourceName=Motor | EventType=application
[2026-08-16 16:19:48.236 (UTC)] info/application	[Motor] Received distance: 23.4160251183976 cm | Severity=75 | SourceName=Motor | EventType=application
[2026-08-16 16:19:48.236 (UTC)] info/application	[Motor] Distance safe (23.4160251183976); rotating motor to 90 degrees | Severity=75 | SourceName=Motor | EventType=application
[2026-08-16 16:19:49.246 (UTC)] info/application	[Motor] Received distance: 22.9259856310329 cm | Severity=75 | SourceName=Motor | EventType=application
[2026-08-16 16:19:49.246 (UTC)] info/application	[Motor] Distance safe (22.9259856310329); rotating motor to 90 degrees | Severity=75 | SourceName=Motor | EventType=application
[2026-08-16 16:19:50.239 (UTC)] info/application	[Motor] Received distance: 23.3428801595433 cm | Severity=75 | SourceName=Motor | EventType=application
[2026-08-16 16:19:50.239 (UTC)] info/application	[Motor] Distance safe (23.3428801595433); rotating motor to 90 degrees | Severity=75 | SourceName=Motor | EventType=application
[2026-08-16 16:19:51.249 (UTC)] info/application	[Motor] Received distance: 22.2696272862468 cm | Severity=75 | SourceName=Motor | EventType=application
[2026-08-16 16:19:51.249 (UTC)] info/application	[Motor] Distance safe (22.2696272862468); rotating motor to 90 degrees | Severity=75 | SourceName=Motor | EventType=application
[2026-08-16 16:19:52.241 (UTC)] info/application	[Motor] Received distance: 22.4669834300722 cm | Severity=75 | SourceName=Motor | EventType=application
[2026-08-16 16:19:52.241 (UTC)] info/application	[Motor] Distance safe (22.4669834300722); rotating motor to 90 degrees | Severity=75 | SourceName=Motor | EventType=application
[2026-08-16 16:19:53.251 (UTC)] info/application	[Motor] Received distance: 23.5268083464014 cm | Severity=75 | SourceName=Motor | EventType=application
[2026-08-16 16:19:53.251 (UTC)] info/application	[Motor] Distance safe (23.5268083464014); rotating motor to 90 degrees | Severity=75 | SourceName=Motor | EventType=application
[2026-08-16 16:19:54.235 (UTC)] info/application	[Motor] Received distance: 24.3530340957702 cm | Severity=75 | SourceName=Motor | EventType=application
[2026-08-16 16:19:54.235 (UTC)] info/application	[Motor] Distance safe (24.3530340957702); rotating motor to 90 degrees | Severity=75 | SourceName=Motor | EventType=application
[2026-08-16 16:19:55.244 (UTC)] info/application	[Motor] Received distance: 23.1400995553192 cm | Severity=75 | SourceName=Motor | EventType=application
[2026-08-16 16:19:55.244 (UTC)] info/application	[Motor] Distance safe (23.1400995553192); rotating motor to 90 degrees | Severity=75 | SourceName=Motor | EventType=application
[2026-08-16 16:19:56.238 (UTC)] info/application	[Motor] Received distance: 22.693312229213 cm | Severity=75 | SourceName=Motor | EventType=application
[2026-08-16 16:19:56.238 (UTC)] info/application	[Motor] Distance safe (22.693312229213); rotating motor to 90 degrees | Severity=75 | SourceName=Motor | EventType=application
[2026-08-16 16:19:57.248 (UTC)] info/application	[Motor] Received distance: 23.1762365620473 cm | Severity=75 | SourceName=Motor | EventType=application
[2026-08-16 16:19:57.248 (UTC)] info/application	[Motor] Distance safe (23.1762365620473); rotating motor to 90 degrees | Severity=75 | SourceName=Motor | EventType=application
[2026-08-16 16:19:58.241 (UTC)] info/application	[Motor] Received distance: 22.7639076059051 cm | Severity=75 | SourceName=Motor | EventType=application
[2026-08-16 16:19:58.241 (UTC)] info/application	[Motor] Distance safe (22.7639076059051); rotating motor to 90 degrees | Severity=75 | SourceName=Motor | EventType=application
[2026-08-16 16:19:59.251 (UTC)] info/application	[Motor] Received distance: 23.7934658931538 cm | Severity=75 | SourceName=Motor | EventType=application
[2026-08-16 16:19:59.251 (UTC)] info/application	[Motor] Distance safe (23.7934658931538); rotating motor to 90 degrees | Severity=75 | SourceName=Motor | EventType=application
[2026-08-16 16:20:00.244 (UTC)] info/application	[Motor] Received distance: 25.0552950056993 cm | Severity=75 | SourceName=Motor | EventType=application
[2026-08-16 16