# ============================================================================
# anomaly.log 異常標記版  —  場景：topo3_R_only_r5_20260817_010340
# 行首 '>>>' = 異常。行尾 '# ⚠ [類別] 說明'。
#   [R] = Repudiation 否認：冒充他人(motor)寫入、事後無法歸屬的偽造操作 log
# grep： grep '^>>>' anomaly_marked.log ；grep '\[R\]'
# ============================================================================

Waiting for Aggregation Server to come online...
[2026-08-17 03:29:54.524 (UTC+0800)] [32minfo/network[0m	TCP 8	| Opening a connection to "127.0.0.1" on port 4840
[2026-08-17 03:29:55.630 (UTC+0800)] [32minfo/channel[0m	TCP 8	| SC 6	| SecureChannel opened with SecurityMode None for SecurityPolicy http://opcfoundation.org/UA/SecurityPolicy#None and a revised lifetime of 600.0s
[2026-08-17 03:29:55.631 (UTC+0800)] [32minfo/client[0m	Client Status: ChannelState: Open, SessionState: Closed, ConnectStatus: Good
[2026-08-17 03:29:55.632 (UTC+0800)] [32minfo/client[0m	The initially defined EndpointURL opc.tcp://127.0.0.1:4840 is valid for the server
[2026-08-17 03:29:55.633 (UTC+0800)] [33mwarn/client[0m	The server returned Endpoints with a different EndpointUrl opc.tcp://MSI:4840 than was used to initialize the connection: opc.tcp://127.0.0.1:4840. Some servers require a complete match of the EndpointUrl/DiscoveryUrl (including the path) to return all endpoints.
[2026-08-17 03:29:55.633 (UTC+0800)] [32minfo/client[0m	Endpoint 0: Best endpoint so far with UserTokenPolicy open62541-anonymous-policy-none#None
[2026-08-17 03:29:55.633 (UTC+0800)] [32minfo/client[0m	Endpoint 0 selected with SecurityMode None, SecurityPolicy http://opcfoundation.org/UA/SecurityPolicy#None and UserTokenPolicy open62541-anonymous-policy-none#None
[2026-08-17 03:29:55.633 (UTC+0800)] [32minfo/client[0m	CreateSession: Using UserTokenPolicy open62541-anonymous-policy-none#None
[2026-08-17 03:29:55.634 (UTC+0800)] [32minfo/client[0m	Client Status: ChannelState: Open, SessionState: Created, ConnectStatus: Good
[2026-08-17 03:29:55.634 (UTC+0800)] [32minfo/client[0m	ActivateSession: Using UserTokenPolicy open62541-anonymous-policy-none#None
[2026-08-17 03:29:55.634 (UTC+0800)] [32minfo/client[0m	Client Status: ChannelState: Open, SessionState: Activated, ConnectStatus: Good
Connected to Aggregation Server; forwarding logs to the AIOps model...
[Anomaly Input] [2026-08-16 19:29:53.556 (UTC)] info/application	[Sensor] Updated distance: 26.8689074941766 cm | Severity=75 | SourceName=Sensor2 | EventType=application | SourceNode=ns=1;s=SensorSource2
[Anomaly Input] [2026-08-16 19:29:53.556 (UTC)] info/application	[Sensor] Updated distance: 26.8983695527531 cm | Severity=75 | SourceName=Sensor3 | EventType=application | SourceNode=ns=1;s=SensorSource3
[Anomaly Input] [2026-08-16 19:29:53.557 (UTC)] info/application	[Sensor] Updated distance: 25.348116652038 cm | Severity=75 | SourceName=Sensor | EventType=application | SourceNode=ns=1;s=SensorSource
[Anomaly Input] [2026-08-16 19:29:53.557 (UTC)] info/network	[System] TCP 16	| Connection opened from "127.0.0.1" via the server socket 8 | Severity=75 | SourceName=System | EventType=network | SourceNode=ns=1;s=SensorSource
[Anomaly Input] [2026-08-16 19:29:53.557 (UTC)] info/channel	[System] TCP 16	| SC 1	| SecureChannel created | Severity=75 | SourceName=System | EventType=channel | SourceNode=ns=1;s=SensorSource
[Anomaly Input] [2026-08-16 19:29:53.577 (UTC)] info/channel	[System] TCP 16	| SC 1	| OpenSecureChannel: Channel opened with SecurityMode None for SecurityPolicy http://opcfoundation.org/UA/SecurityPolicy#None and a revised lifetime of 600.0s | Severity=75 | SourceName=System | EventType=channel | SourceNode=ns=1;s=SensorSource
[Anomaly Input] [2026-08-16 19:29:53.598 (UTC)] warn/client	[System] Removing a UserTokenPolicy that would allow the password to be transmitted without encryption (Can be enabled via config->allowNonePolicyPassword) | Severity=175 | SourceName=System | EventType=client | SourceNode=ns=1;s=SensorSource
[Anomaly Input] [2026-08-16 19:29:53.598 (UTC)] warn/client	[System] Removing a UserTokenPolicy that would allow the password to be transmitted without encryption (Can be enabled via config->allowNonePolicyPassword) | Severity=175 | SourceName=System | EventType=client | SourceNode=ns=1;s=SensorSource
[Anomaly Input] [2026-08-16 19:29:53.608 (UTC)] warn/client	[System] Removing a UserTokenPolicy that would allow the password to be transmitted without encryption (Can be enabled via config->allowNonePolicyPassword) | Severity=175 | SourceName=System | EventType=client | SourceNode=ns=1;s=SensorSource
[Anomaly Input] [2026-08-16 19:29:53.608 (UTC)] warn/client	[System] Removing a UserTokenPolicy that would allow the password to be transmitted without encryption (Can be enabled via config->allowNonePolicyPassword) | Severity=175 | SourceName=System | EventType=client | SourceNode=ns=1;s=SensorSource
[Anomaly Input] [2026-08-16 19:29:54.527 (UTC)] info/network	[System] TCP 16	| Connection opened from "127.0.0.1" via the server socket 8 | Severity=75 | SourceName=System | EventType=network | SourceNode=ns=1;s=SensorSource2
[Anomaly Input] [2026-08-16 19:29:54.527 (UTC)] info/network	[System] TCP 16	| Connection opened from "127.0.0.1" via the server socket 8 | Severity=75 | SourceName=System | EventType=network | SourceNode=ns=1;s=SensorSource3
[Anomaly Input] [2026-08-16 19:29:54.527 (UTC)] info/channel	[System] TCP 16	| SC 1	| SecureChannel created | Severity=75 | SourceName=System | EventType=channel | SourceNode=ns=1;s=SensorSource2
[Anomaly Input] [2026-08-16 19:29:54.527 (UTC)] info/channel	[System] TCP 16	| SC 1	| SecureChannel created | Severity=75 | SourceName=System | EventType=channel | SourceNode=ns=1;s=SensorSource3
[Anomaly Input] [2026-08-16 19:29:53.609 (UTC)] info/session	[System] TCP 16	| SC 1	| Session "ns=1;g=33c55a32-56e8-7237-f7df-2d423ff37f17"	| Session created | Severity=75 | SourceName=System | EventType=session | SourceNode=ns=1;s=SensorSource
[Anomaly Input] [2026-08-16 19:29:55.640 (UTC)] info/application	[Sensor] Updated distance: 26.8857752144736 cm | Severity=75 | SourceName=Sensor2 | EventType=application | SourceNode=ns=1;s=SensorSource2
[Anomaly Input] [2026-08-16 19:29:55.640 (UTC)] info/application	[Sensor] Updated distance: 25.8516131829711 cm | Severity=75 | SourceName=Sensor3 | EventType=application | SourceNode=ns=1;s=SensorSource3
[Anomaly Input] [2026-08-16 19:29:53.619 (UTC)] info/session	[System] TCP 16	| SC 1	| Session "ns=1;g=33c55a32-56e8-7237-f7df-2d423ff37f17"	| ActivateSession: Session activated with ClientUserId "" | Severity=75 | SourceName=System | EventType=session | SourceNode=ns=1;s=SensorSource
[Anomaly Input] [2026-08-16 19:29:55.660 (UTC)] info/channel	[System] TCP 16	| SC 1	| OpenSecureChannel: Channel opened with SecurityMode None for SecurityPolicy http://opcfoundation.org/UA/SecurityPolicy#None and a revised lifetime of 600.0s | Severity=75 | SourceName=System | EventType=channel | SourceNode=ns=1;s=SensorSource2
[Anomaly Input] [2026-08-16 19:29:55.660 (UTC)] info/channel	[System] TCP 16	| SC 1	| OpenSecureChannel: Channel opened with SecurityMode None for SecurityPolicy http://opcfoundation.org/UA/SecurityPolicy#None and a revised lifetime of 600.0s | Severity=75 | SourceName=System | EventType=channel | SourceNode=ns=1;s=SensorSource3
[Anomaly Input] [2026-08-16 19:29:55.640 (UTC)] info/application	[Sensor] Updated distance: 24.9259029747573 cm | Severity=75 | SourceName=Sensor | EventType=application | SourceNode=ns=1;s=SensorSource
[Anomaly Input] [2026-08-16 19:29:55.663 (UTC)] info/channel	[System] TCP 8	| SC 2	| SecureChannel opened with SecurityMode None for SecurityPolicy http://opcfoundation.org/UA/SecurityPolicy#None and a revised lifetime of 600.0s | Severity=75 | SourceName=System | EventType=channel | SourceNode=ns=1;s=MotorSource
[Anomaly Input] [2026-08-16 19:29:55.664 (UTC)] info/channel	[System] TCP 8	| SC 1	| SecureChannel opened with SecurityMode None for SecurityPolicy http://opcfoundation.org/UA/SecurityPolicy#None and a revised lifetime of 600.0s | Severity=75 | SourceName=System | EventType=channel | SourceNode=ns=1;s=MotorSource2
[Anomaly Input] [2026-08-16 19:29:55.664 (UTC)] info/channel	[System] TCP 8	| SC 1	| SecureChannel opened with SecurityMode None for SecurityPolicy http://opcfoundation.org/UA/SecurityPolicy#None and a revised lifetime of 600.0s | Severity=75 | SourceName=System | EventType=channel | SourceNode=ns=1;s=MotorSource3
[Anomaly Input] [2026-08-16 19:29:55.640 (UTC)] info/session	[System] TCP 16	| SC 1	| Session "ns=1;g=33c55a32-56e8-7237-f7df-2d423ff37f17"	| Subscription 1 | Subscription created (Publishing interval 500.0ms, max 1000 notifications per publish) | Severity=75 | SourceName=System | EventType=session | SourceNode=ns=1;s=SensorSource
[Anomaly Input] [2026-08-16 19:29:55.681 (UTC)] warn/client	[System] Removing a UserTokenPolicy that would allow the password to be transmitted without encryption (Can be enabled via config->allowNonePolicyPassword) | Severity=175 | SourceName=System | EventType=client | SourceNode=ns=1;s=SensorSource2
[Anomaly Input] [2026-08-16 19:29:55.681 (UTC)] warn/client	[System] Removing a UserTokenPolicy that would allow the password to be transmitted without encryption (Can be enabled via config->allowNonePolicyPassword) | Severity=175 | SourceName=System | EventType=client | SourceNode=ns=1;s=SensorSource3
[Anomaly Input] [2026-08-16 19:29:55.640 (UTC)] info/network	[System] TCP 17	| Connection opened from "127.0.0.1" via the server socket 8 | Severity=75 | SourceName=System | EventType=network | SourceNode=ns=1;s=SensorSource
[Anomaly Input] [2026-08-16 19:29:55.683 (UTC)] warn/client	[System] The server returned Endpoints with a different EndpointUrl opc.tcp://MSI:4842 than was used to initialize the connection: opc.tcp://127.0.0.1:4842. Some servers require a complete match of the EndpointUrl/DiscoveryUrl (including the path) to return all endpoints. | Severity=175 | SourceName=System | EventType=client | SourceNode=ns=1;s=MotorSource
[Anomaly Input] [2026-08-16 19:29:55.684 (UTC)] warn/client	[System] The server returned Endpoints with a different EndpointUrl opc.tcp://MSI:4843 than was used to initialize the connection: opc.tcp://127.0.0.1:4843. Some servers require a complete match of the EndpointUrl/DiscoveryUrl (including the path) to return all endpoints. | Severity=175 | SourceName=System | EventType=client | SourceNode=ns=1;s=MotorSource2
[Anomaly Input] [2026-08-16 19:29:55.685 (UTC)] warn/client	[System] The server returned Endpoints with a different EndpointUrl opc.tcp://MSI:4844 than was used to initialize the connection: opc.tcp://127.0.0.1:4844. Some servers require a complete match of the EndpointUrl/DiscoveryUrl (including the path) to return all endpoints. | Severity=175 | SourceName=System | EventType=client | SourceNode=ns=1;s=MotorSource3
[Anomaly Input] [2026-08-16 19:29:55.681 (UTC)] warn/client	[System] Removing a UserTokenPolicy that would allow the password to be transmitted without encryption (Can be enabled via config->allowNonePolicyPassword) | Severity=175 | SourceName=System | EventType=client | SourceNode=ns=1;s=SensorSource2
[Anomaly Input] [2026-08-16 19:29:55.681 (UTC)] warn/client	[System] Removing a UserTokenPolicy that would allow the password to be transmitted without encryption (Can be enabled via config->allowNonePolicyPassword) | Severity=175 | SourceName=System | EventType=client | SourceNode=ns=1;s=SensorSource3
[Anomaly Input] [2026-08-16 19:29:55.640 (UTC)] info/channel	[System] TCP 17	| SC 2	| SecureChannel created | Severity=75 | SourceName=System | EventType=channel | SourceNode=ns=1;s=SensorSource
[Anomaly Input] [2026-08-16 19:29:55.691 (UTC)] warn/client	[System] Removing a UserTokenPolicy that would allow the password to be transmitted without encryption (Can be enabled via config->allowNonePolicyPassword) | Severity=175 | SourceName=System | EventType=client | SourceNode=ns=1;s=SensorSource2
[Anomaly Input] [2026-08-16 19:29:55.691 (UTC)] warn/client	[System] Removing a UserTokenPolicy that would allow the password to be transmitted without encryption (Can be enabled via config->allowNonePolicyPassword) | Severity=175 | SourceName=System | EventType=client | SourceNode=ns=1;s=SensorSource3
[Anomaly Input] [2026-08-16 19:29:55.660 (UTC)] info/channel	[System] TCP 17	| SC 2	| OpenSecureChannel: Channel opened with SecurityMode None for SecurityPolicy http://opcfoundation.org/UA/SecurityPolicy#None and a revised lifetime of 600.0s | Severity=75 | SourceName=System | EventType=channel | SourceNode=ns=1;s=SensorSource
[Anomaly Input] [2026-08-16 19:29:55.691 (UTC)] warn/client	[System] Removing a UserTokenPolicy that would allow the password to be transmitted without encryption (Can be enabled via config->allowNonePolicyPassword) | Severity=175 | SourceName=System | EventType=client | SourceNode=ns=1;s=SensorSource3
[Anomaly Input] [2026-08-16 19:29:55.691 (UTC)] warn/client	[System] Removing a UserTokenPolicy that would allow the password to be transmitted without encryption (Can be enabled via config->allowNonePolicyPassword) | Severity=175 | SourceName=System | EventType=client | SourceNode=ns=1;s=SensorSource2
[Anomaly Input] [2026-08-16 19:29:55.681 (UTC)] warn/client	[System] Removing a UserTokenPolicy that would allow the password to be transmitted without encryption (Can be enabled via config->allowNonePolicyPassword) | Severity=175 | SourceName=System | EventType=client | SourceNode=ns=1;s=SensorSource
[Anomaly Input] [2026-08-16 19:29:55.692 (UTC)] info/session	[System] TCP 16	| SC 1	| Session "ns=1;g=9e532d39-1b9b-7a4e-6b56-a53aa38a5845"	| Session created | Severity=75 | SourceName=System | EventType=session | SourceNode=ns=1;s=SensorSource3
[Anomaly Input] [2026-08-16 19:29:55.691 (UTC)] info/session	[System] TCP 16	| SC 1	| Session "ns=1;g=06d09b3d-6380-ea45-2fd2-8d8878a77a27"	| Session created | Severity=75 | SourceName=System | EventType=session | SourceNode=ns=1;s=SensorSource2
[Anomaly Input] [2026-08-16 19:29:55.681 (UTC)] warn/client	[System] Removing a UserTokenPolicy that would allow the password to be transmitted without encryption (Can be enabled via config->allowNonePolicyPassword) | Severity=175 | SourceName=System | EventType=client | SourceNode=ns=1;s=SensorSource
[Anomaly Input] [2026-08-16 19:29:55.702 (UTC)] info/session	[System] TCP 16	| SC 1	| Session "ns=1;g=9e532d39-1b9b-7a4e-6b56-a53aa38a5845"	| ActivateSession: Session activated with ClientUserId "" | Severity=75 | SourceName=System | EventType=session | SourceNode=ns=1;s=SensorSource3
[Anomaly Input] [2026-08-16 19:29:55.702 (UTC)] info/session	[System] TCP 16	| SC 1	| Session "ns=1;g=06d09b3d-6380-ea45-2fd2-8d8878a77a27"	| ActivateSession: Session activated with ClientUserId "" | Severity=75 | SourceName=System | EventType=session | SourceNode=ns=1;s=SensorSource2
[Anomaly Input] [2026-08-16 19:29:55.691 (UTC)] warn/client	[System] Removing a UserTokenPolicy that would allow the password to be transmitted without encryption (Can be enabled via config->allowNonePolicyPassword) | Severity=175 | SourceName=System | EventType=client | SourceNode=ns=1;s=SensorSource
[Anomaly Input] [2026-08-16 19:29:55.691 (UTC)] warn/client	[System] Removing a UserTokenPolicy that would allow the password to be transmitted without encryption (Can be enabled via config->allowNonePolicyPassword) | Severity=175 | SourceName=System | EventType=client | SourceNode=ns=1;s=SensorSource
[Anomaly Input] [2026-08-16 19:29:55.692 (UTC)] info/session	[System] TCP 17	| SC 2	| Session "ns=1;g=b8a4aec5-15a1-56d3-43d4-dd1d1801b0ab"	| Session created | Severity=75 | SourceName=System | EventType=session | SourceNode=ns=1;s=SensorSource
[Anomaly Input] [2026-08-16 19:29:55.702 (UTC)] info/session	[System] TCP 17	| SC 2	| Session "ns=1;g=b8a4aec5-15a1-56d3-43d4-dd1d1801b0ab"	| ActivateSession: Session activated with ClientUserId "" | Severity=75 | SourceName=System | EventType=session | SourceNode=ns=1;s=SensorSource
[Anomaly Input] [2026-08-16 19:29:56.087 (UTC)] info/session	[System] TCP 16	| SC 1	| Session "ns=1;g=9e532d39-1b9b-7a4e-6b56-a53aa38a5845"	| Subscription 1 | Subscription created (Publishing interval 500.0ms, max 1000 notifications per publish) | Severity=75 | SourceName=System | EventType=session | SourceNode=ns=1;s=SensorSource3
[Anomaly Input] [2026-08-16 19:29:56.087 (UTC)] info/session	[System] TCP 16	| SC 1	| Session "ns=1;g=06d09b3d-6380-ea45-2fd2-8d8878a77a27"	| Subscription 1 | Subscription created (Publishing interval 500.0ms, max 1000 notifications per publish) | Severity=75 | SourceName=System | EventType=session | SourceNode=ns=1;s=SensorSource2
[Anomaly Input] [2026-08-16 19:29:56.087 (UTC)] info/session	[System] TCP 17	| SC 2	| Session "ns=1;g=b8a4aec5-15a1-56d3-43d4-dd1d1801b0ab"	| Subscription 2 | Subscription created (Publishing interval 500.0ms, max 1000 notifications per publish) | Severity=75 | SourceName=System | EventType=session | SourceNode=ns=1;s=SensorSource
[Anomaly Input] [2026-08-16 19:29:56.107 (UTC)] info/session	[System] TCP 16	| SC 1	| Session "ns=1;g=9e532d39-1b9b-7a4e-6b56-a53aa38a5845"	| Subscription 1 | MonitoredItem 1 | Created the MonitoredItem (Sampling Interval: 250.0ms, Queue Size: 1) | Severity=75 | SourceName=System | EventType=session | SourceNode=ns=1;s=SensorSource3
[Anomaly Input] [2026-08-16 19:29:56.107 (UTC)] info/session	[System] TCP 16	| SC 1	| Session "ns=1;g=06d09b3d-6380-ea45-2fd2-8d8878a77a27"	| Subscription 1 | MonitoredItem 1 | Created the MonitoredItem (Sampling Interval: 250.0ms, Queue Size: 1) | Severity=75 | SourceName=System | EventType=session | SourceNode=ns=1;s=SensorSource2
[Anomaly Input] [2026-08-16 19:29:56.080 (UTC)] info/application	Connected to sensor backend; subscribing to distance updates | Severity=75 | SourceName=Motor3 | EventType=application | SourceNode=ns=1;s=MotorSource3
[Anomaly Input] [2026-08-16 19:29:56.080 (UTC)] info/application	Connected to sensor backend; subscribing to distance updates | Severity=75 | SourceName=Motor2 | EventType=application | SourceNode=ns=1;s=MotorSource2
[Anomaly Input] [2026-08-16 19:29:56.107 (UTC)] info/session	[System] TCP 17	| SC 2	| Session "ns=1;g=b8a4aec5-15a1-56d3-43d4-dd1d1801b0ab"	| Subscription 2 | MonitoredItem 1 | Created the MonitoredItem (Sampling Interval: 250.0ms, Queue Size: 1) | Severity=75 | SourceName=System | EventType=session | SourceNode=ns=1;s=SensorSource
[Anomaly Input] [2026-08-16 19:29:56.079 (UTC)] info/application	Connected to sensor backend; subscribing to distance updates | Severity=75 | SourceName=Motor | EventType=application | SourceNode=ns=1;s=MotorSource
[Anomaly Input] [2026-08-16 19:29:56.643 (UTC)] info/application	[Sensor] Updated distance: 25.8224260612961 cm | Severity=75 | SourceName=Sensor2 | EventType=application | SourceNode=ns=1;s=SensorSource2
[Anomaly Input] [2026-08-16 19:29:56.643 (UTC)] info/application	[Sensor] Updated distance: 24.8613855738013 cm | Severity=75 | SourceName=Sensor | EventType=application | SourceNode=ns=1;s=SensorSource
[Anomaly Input] [2026-08-16 19:29:56.643 (UTC)] info/application	[Sensor] Updated distance: 25.2990807694379 cm | Severity=75 | SourceName=Sensor3 | EventType=application | SourceNode=ns=1;s=SensorSource3
[Anomaly Input] [2026-08-16 19:29:56.647 (UTC)] info/application	[Motor] Received distance: 24.9259029747573 cm | Severity=75 | SourceName=Motor | EventType=application | SourceNode=ns=1;s=MotorSource
[Anomaly Input] [2026-08-16 19:29:56.648 (UTC)] info/application	[Motor] Received distance: 26.8857752144736 cm | Severity=75 | SourceName=Motor2 | EventType=application | SourceNode=ns=1;s=MotorSource2
[Anomaly Input] [2026-08-16 19:29:56.649 (UTC)] info/application	[Motor] Received distance: 25.8516131829711 cm | Severity=75 | SourceName=Motor3 | EventType=application | SourceNode=ns=1;s=MotorSource3
[Anomaly Input] [2026-08-16 19:29:56.647 (UTC)] info/application	[Motor] Distance safe (24.9259029747573); rotating motor to 90 degrees | Severity=75 | SourceName=Motor | EventType=application | SourceNode=ns=1;s=MotorSource
[Anomaly Input] [2026-08-16 19:29:56.648 (UTC)] info/application	[Motor] Distance safe (26.8857752144736); rotating motor to 90 degrees | Severity=75 | SourceName=Motor2 | EventType=application | SourceNode=ns=1;s=MotorSource2
[Anomaly Input] [2026-08-16 19:29:56.649 (UTC)] info/application	[Motor] Distance safe (25.8516131829711); rotating motor to 90 degrees | Severity=75 | SourceName=Motor3 | EventType=application | SourceNode=ns=1;s=MotorSource3
[Anomaly Input] [2026-08-16 19:29:57.156 (UTC)] info/application	[Motor] Received distance: 24.8613855738013 cm | Severity=75 | SourceName=Motor | EventType=application | SourceNode=ns=1;s=MotorSource
[Anomaly Input] [2026-08-16 19:29:57.157 (UTC)] info/application	[Motor] Received distance: 25.8224260612961 cm | Severity=75 | SourceName=Motor2 | EventType=application | SourceNode=ns=1;s=MotorSource2
[Anomaly Input] [2026-08-16 19:29:57.158 (UTC)] info/application	[Motor] Received distance: 25.2990807694379 cm | Severity=75 | SourceName=Motor3 | EventType=application | SourceNode=ns=1;s=MotorSource3
[Anomaly Input] [2026-08-16 19:29:57.156 (UTC)] info/application	[Motor] Distance safe (24.8613855738013); rotating motor to 90 degrees | Severity=75 | SourceName=Motor | EventType=application | SourceNode=ns=1;s=MotorSource
[Anomaly Input] [2026-08-16 19:29:57.158 (UTC)] info/application	[Motor] Distance safe (25.8224260612961); rotating motor to 90 degrees | Severity=75 | SourceName=Motor2 | EventType=application | SourceNode=ns=1;s=MotorSource2
[Anomaly Input] [2026-08-16 19:29:57.158 (UTC)] info/application	[Motor] Distance safe (25.2990807694379); rotating motor to 90 degrees | Severity=75 | SourceName=Motor3 | EventType=application | SourceNode=ns=1;s=MotorSource3
[Anomaly Input] [2026-08-16 19:29:57.643 (UTC)] info/application	[Sensor] Updated distance: 25.7360536496789 cm | Severity=75 | SourceName=Sensor | EventType=application | SourceNode=ns=1;s=SensorSource
[Anomaly Input] [2026-08-16 19:29:57.643 (UTC)] info/application	[Sensor] Updated distance: 25.7882940987071 cm | Severity=75 | SourceName=Sensor3 | EventType=application | SourceNode=ns=1;s=SensorSource3
[Anomaly Input] [2026-08-16 19:29:57.643 (UTC)] info/application	[Sensor] Updated distance: 26.4987117543345 cm | Severity=75 | SourceName=Sensor2 | EventType=application | SourceNode=ns=1;s=SensorSource2
[Anomaly Input] [2026-08-16 19:29:58.148 (UTC)] info/application	[Motor] Received distance: 25.7882940987071 cm | Severity=75 | SourceName=Motor3 | EventType=application | SourceNode=ns=1;s=MotorSource3
[Anomaly Input] [2026-08-16 19:29:58.148 (UTC)] info/application	[Motor] Received distance: 25.7360536496789 cm | Severity=75 | SourceName=Motor | EventType=application | SourceNode=ns=1;s=MotorSource
[Anomaly Input] [2026-08-16 19:29:58.148 (UTC)] info/application	[Motor] Received distance: 26.4987117543345 cm | Severity=75 | SourceName=Motor2 | EventType=application | SourceNode=ns=1;s=MotorSource2
[Anomaly Input] [2026-08-16 19:29:58.148 (UTC)] info/application	[Motor] Distance safe (25.7882940987071); rotating motor to 90 degrees | Severity=75 | SourceName=Motor3 | EventType=application | SourceNode=ns=1;s=MotorSource3
[Anomaly Input] [2026-08-16 19:29:58.148 (UTC)] info/application	[Motor] Distance safe (25.7360536496789); rotating motor to 90 degrees | Severity=75 | SourceName=Motor | EventType=application | SourceNode=ns=1;s=MotorSource
[Anomaly Input] [2026-08-16 19:29:58.148 (UTC)] info/application	[Motor] Distance safe (26.4987117543345); rotating motor to 90 degrees | Severity=75 | SourceName=Motor2 | EventType=application | SourceNode=ns=1;s=MotorSource2
[Anomaly Input] [2026-08-16 19:29:58.643 (UTC)] info/application	[Sensor] Updated distance: 24.7795583518592 cm | Severity=75 | SourceName=Sensor | EventType=application | SourceNode=ns=1;s=SensorSource
[Anomaly Input] [2026-08-16 19:29:58.643 (UTC)] info/application	[Sensor] Updated distance: 26.7721738132053 cm | Severity=75 | SourceName=Sensor3 | EventType=application | SourceNode=ns=1;s=SensorSource3
[Anomaly Input] [2026-08-16 19:29:58.643 (UTC)] info/application	[Sensor] Updated distance: 27.2638822429645 cm | Severity=75 | SourceName=Sensor2 | EventType=application | SourceNode=ns=1;s=SensorSource2
[Anomaly Input] [2026-08-16 19:29:59.149 (UTC)] info/application	[Motor] Received distance: 27.2638822429645 cm | Severity=75 | SourceName=Motor2 | EventType=application | SourceNode=ns=1;s=MotorSource2
[Anomaly Input] [2026-08-16 19:29:59.149 (UTC)] info/application	[Motor] Received distance: 26.7721738132053 cm | Severity=75 | SourceName=Motor3 | EventType=application | SourceNode=ns=1;s=MotorSource3
[Anomaly Input] [2026-08-16 19:29:59.157 (UTC)] info/application	[Motor] Received distance: 24.7795583518592 cm | Severity=75 | SourceName=Motor | EventType=application | SourceNode=ns=1;s=MotorSource
[Anomaly Input] [2026-08-16 19:29:59.149 (UTC)] info/application	[Motor] Distance safe (27.2638822429645); rotating motor to 90 degrees | Severity=75 | SourceName=Motor2 | EventType=application | SourceNode=ns=1;s=MotorSource2
[Anomaly Input] [2026-08-16 19:29:59.149 (UTC)] info/application	[Motor] Distance safe (26.7721738132053); rotating motor to 90 degrees | Severity=75 | SourceName=Motor3 | EventType=application | SourceNode=ns=1;s=MotorSource3
[Anomaly Input] [2026-08-16 19:29:59.157 (UTC)] info/application	[Motor] Distance safe (24.7795583518592); rotating motor to 90 degrees | Severity=75 | SourceName=Motor | EventType=application | SourceNode=ns=1;s=MotorSource
[Anomaly Input] [2026-08-16 19:29:59.643 (UTC)] info/application	[Sensor] Updated distance: 24.6601165773627 cm | Severity=75 | SourceName=Sensor | EventType=application | SourceNode=ns=1;s=SensorSource
[Anomaly Input] [2026-08-16 19:29:59.643 (UTC)] info/application	[Sensor] Updated distance: 26.4135383467253 cm | Severity=75 | SourceName=Sensor3 | EventType=application | SourceNode=ns=1;s=SensorSource3
[Anomaly Input] [2026-08-16 19:29:59.643 (UTC)] info/application	[Sensor] Updated distance: 26.2697580295008 cm | Severity=75 | SourceName=Sensor2 | EventType=application | SourceNode=ns=1;s=SensorSource2
[Anomaly Input] [2026-08-16 19:30:00.148 (UTC)] info/application	[Motor] Received distance: 24.6601165773627 cm | Severity=75 | SourceName=Motor | EventType=application | SourceNode=ns=1;s=MotorSource
[Anomaly Input] [2026-08-16 19:30:00.158 (UTC)] info/application	[Motor] Received distance: 26.2697580295008 cm | Severity=75 | SourceName=Motor2 | EventType=application | SourceNode=ns=1;s=MotorSource2
[Anomaly Input] [2026-08-16 19:30:00.158 (UTC)] info/application	[Motor] Received distance: 26.4135383467253 cm | Severity=75 | SourceName=Motor3 | EventType=application | SourceNode=ns=1;s=MotorSource3
[Anomaly Input] [2026-08-16 19:30:00.148 (UTC)] info/application	[Motor] Distance safe (24.6601165773627); rotating motor to 90 degrees | Severity=75 | SourceName=Motor | EventType=application | SourceNode=ns=1;s=MotorSource
[Anomaly Input] [2026-08-16 19:30:00.158 (UTC)] info/application	[Motor] Distance safe (26.2697580295008); rotating motor to 90 degrees | Severity=75 | SourceName=Motor2 | EventType=application | SourceNode=ns=1;s=MotorSource2
[Anomaly Input] [2026-08-16 19:30:00.158 (UTC)] info/application	[Motor] Distance safe (26.4135383467253); rotating motor to 90 degrees | Severity=75 | SourceName=Motor3 | EventType=application | SourceNode=ns=1;s=MotorSource3
[Anomaly Input] [2026-08-16 19:30:00.643 (UTC)] info/application	[Sensor] Updated distance: 26.7410968356957 cm | Severity=75 | SourceName=Sensor3 | EventType=application | SourceNode=ns=1;s=SensorSource3
[Anomaly Input] [2026-08-16 19:30:00.643 (UTC)] info/application	[Sensor] Updated distance: 23.9446158234238 cm | Severity=75 | SourceName=Sensor | EventType=application | SourceNode=ns=1;s=SensorSource
[Anomaly Input] [2026-08-16 19:30:00.643 (UTC)] info/application	[Sensor] Updated distance: 25.3185460855339 cm | Severity=75 | SourceName=Sensor2 | EventType=application | SourceNode=ns=1;s=SensorSource2
[Anomaly Input] [2026-08-16 19:30:01.149 (UTC)] info/application	[Motor] Received distance: 25.3185460855339 cm | Severity=75 | SourceName=Motor2 | EventType=application | SourceNode=ns=1;s=MotorSource2
[Anomaly Input] [2026-08-16 19:30:01.149 (UTC)] info/application	[Motor] Received distance: 26.7410968356957 cm | Severity=75 | SourceName=Motor3 | EventType=application | SourceNode=ns=1;s=MotorSource3
[Anomaly Input] [2026-08-16 19:30:01.157 (UTC)] info/application	[Motor] Received distance: 23.9446158234238 cm | Severity=75 | SourceName=Motor | EventType=application | SourceNode=ns=1;s=MotorSource
[Anomaly Input] [2026-08-16 19:30:01.149 (UTC)] info/application	[Motor] Distance safe (25.3185460855339); rotating motor to 90 degrees | Severity=75 | SourceName=Motor2 | EventType=application | SourceNode=ns=1;s=MotorSource2
[Anomaly Input] [2026-08-16 19:30:01.149 (UTC)] info/application	[Motor] Distance safe (26.7410968356957); rotating motor to 90 degrees | Severity=75 | SourceName=Motor3 | EventType=application | SourceNode=ns=1;s=MotorSource3
[Anomaly Input] [2026-08-16 19:30:01.157 (UTC)] info/application	[Motor] Distance safe (23.9446158234238); rotating motor to 90 degrees | Severity=75 | SourceName=Motor | EventType=application | SourceNode=ns=1;s=MotorSource
[Anomaly Input] [2026-08-16 19:30:01.644 (UTC)] info/application	[Sensor] Updated distance: 25.4174249043769 cm | Severity=75 | SourceName=Sensor | EventType=application | SourceNode=ns=1;s=SensorSource
[Anomaly Input] [2026-08-16 19:30:01.644 (UTC)] info/application	[Sensor] Updated distance: 25.4970071928096 cm | Severity=75 | SourceName=Sensor3 | EventType=application | SourceNode=ns=1;s=SensorSource3
[Anomaly Input] [2026-08-16 19:30:01.644 (UTC)] info/application	[Sensor] Updated distance: 24.6844018104879 cm | Severity=75 | SourceName=Sensor2 | EventType=application | SourceNode=ns=1;s=SensorSource2
[Anomaly Input] [2026-08-16 19:30:02.150 (UTC)] info/application	[Motor] Received distance: 25.4970071928096 cm | Severity=75 | SourceName=Motor3 | EventType=application | SourceNode=ns=1;s=MotorSource3
[Anomaly Input] [2026-08-16 19:30:02.150 (UTC)] info/application	[Motor] Received distance: 25.4174249043769 cm | Severity=75 | SourceName=Motor | EventType=application | SourceNode=ns=1;s=MotorSource
[Anomaly Input] [2026-08-16 19:30:02.157 (UTC)] info/application	[Motor] Received distance: 24.6844018104879 cm | Severity=75 | SourceName=Motor2 | EventType=application | SourceNode=ns=1;s=MotorSource2
[Anomaly Input] [2026-08-16 19:30:02.150 (UTC)] info/application	[Motor] Distance safe (25.4970071928096); rotating motor to 90 degrees | Severity=75 | SourceName=Motor3 | EventType=application | SourceNode=ns=1;s=MotorSource3
[Anomaly Input] [2026-08-16 19:30:02.150 (UTC)] info/application	[Motor] Distance safe (25.4174249043769); rotating motor to 90 degrees | Severity=75 | SourceName=Motor | EventType=application | SourceNode=ns=1;s=MotorSource
[Anomaly Input] [2026-08-16 19:30:02.157 (UTC)] info/application	[Motor] Distance safe (24.6844018104879); rotating motor to 90 degrees | Severity=75 | SourceName=Motor2 | EventType=application | SourceNode=ns=1;s=MotorSource2
[Anomaly Input] [2026-08-16 19:30:02.645 (UTC)] info/application	[Sensor] Updated distance: 26.8858047697627 cm | Severity=75 | SourceName=Sensor | EventType=application | SourceNode=ns=1;s=SensorSource
[Anomaly Input] [2026-08-16 19:30:02.645 (UTC)] info/application	[Sensor] Updated distance: 25.3227336494358 cm | Severity=75 | SourceName=Sensor2 | EventType=application | SourceNode=ns=1;s=SensorSource2
[Anomaly Input] [2026-08-16 19:30:02.645 (UTC)] info/application	[Sensor] Updated distance: 26.8158014683592 cm | Severity=75 | SourceName=Sensor3 | EventType=application | SourceNode=ns=1;s=SensorSource3
[Anomaly Input] [2026-08-16 19:30:03.141 (UTC)] info/application	[Motor] Received distance: 26.8158014683592 cm | Severity=75 | SourceName=Motor3 | EventType=application | SourceNode=ns=1;s=MotorSource3
[Anomaly Input] [2026-08-16 19:30:03.141 (UTC)] info/application	[Motor] Received distance: 26.8858047697627 cm | Severity=75 | SourceName=Motor | EventType=application | SourceNode=ns=1;s=MotorSource
[Anomaly Input] [2026-08-16 19:30:03.147 (UTC)] info/application	[Motor] Received distance: 25.3227336494358 cm | Severity=75 | SourceName=Motor2 | EventType=application | SourceNode=ns=1;s=MotorSource2
[Anomaly Input] [2026-08-16 19:30:03.141 (UTC)] info/application	[Motor] Distance safe (26.8158014683592); rotating motor to 90 degrees | Severity=75 | SourceName=Motor3 | EventType=application | SourceNode=ns=1;s=MotorSource3
[Anomaly Input] [2026-08-16 19:30:03.141 (UTC)] info/application	[Motor] Distance safe (26.8858047697627); rotating motor to 90 degrees | Severity=75 | SourceName=Motor | EventType=application | SourceNode=ns=1;s=MotorSource
[Anomaly Input] [2026-08-16 19:30:03.147 (UTC)] info/application	[Motor] Distance safe (25.3227336494358); rotating motor to 90 degrees | Severity=75 | SourceName=Motor2 | EventType=application | SourceNode=ns=1;s=MotorSource2
[Anomaly Input] [2026-08-16 19:30:03.646 (UTC)] info/application	[Sensor] Updated distance: 26.8824989771855 cm | Severity=75 | SourceName=Sensor3 | EventType=application | SourceNode=ns=1;s=SensorSource3
[Anomaly Input] [2026-08-16 19:30:03.646 (UTC)] info/application	[Sensor] Updated distance: 26.7375696658798 cm | Severity=75 | SourceName=Sensor | EventType=application | SourceNode=ns=1;s=SensorSource
[Anomaly Input] [2026-08-16 19:30:03.646 (UTC)] info/application	[Sensor] Updated distance: 26.7728407256179 cm | Severity=75 | SourceName=Sensor2 | EventType=application | SourceNode=ns=1;s=SensorSource2
[Anomaly Input] [2026-08-16 19:30:04.146 (UTC)] info/application	[Motor] Received distance: 26.7375696658798 cm | Severity=75 | SourceName=Motor | EventType=application | SourceNode=ns=1;s=MotorSource
[Anomaly Input] [2026-08-16 19:30:04.147 (UTC)] info/application	[Motor] Received distance: 26.7728407256179 cm | Severity=75 | SourceName=Motor2 | EventType=application | SourceNode=ns=1;s=MotorSource2
[Anomaly Input] [2026-08-16 19:30:04.148 (UTC)] info/application	[Motor] Received distance: 26.8824989771855 cm | Severity=75 | SourceName=Motor3 | EventType=application | SourceNode=ns=1;s=MotorSource3
[Anomaly Input] [2026-08-16 19:30:04.146 (UTC)] info/application	[Motor] Distance safe (26.7375696658798); rotating motor to 90 degrees | Severity=75 | SourceName=Motor | EventType=application | SourceNode=ns=1;s=MotorSource
[Anomaly Input] [2026-08-16 19:30:04.147 (UTC)] info/application	[Motor] Distance safe (26.7728407256179); rotating motor to 90 degrees | Severity=75 | SourceName=Motor2 | EventType=application | SourceNode=ns=1;s=MotorSource2
[Anomaly Input] [2026-08-16 19:30:04.148 (UTC)] info/application	[Motor] Distance safe (26.8824989771855); rotating motor to 90 degrees | Severity=75 | SourceName=Motor3 | EventType=application | SourceNode=ns=1;s=MotorSource3
[Anomaly Input] [2026-08-16 19:30:04.646 (UTC)] info/application	[Sensor] Updated distance: 28.1720559339375 cm | Severity=75 | SourceName=Sensor3 | EventType=application | SourceNode=ns=1;s=SensorSource3
[Anomaly Input] [2026-08-16 19:30:04.646 (UTC)] info/application	[Sensor] Updated distance: 26.5982080344568 cm | Severity=75 | SourceName=Sensor | EventType=application | SourceNode=ns=1;s=SensorSource
[Anomaly Input] [2026-08-16 19:30:04.646 (UTC)] info/application	[Sensor] Updated distance: 26.5992891700469 cm | Severity=75 | SourceName=Sensor2 | EventType=application | SourceNode=ns=1;s=SensorSource2
[Anomaly Input] [2026-08-16 19:30:05.147 (UTC)] info/application	[Motor] Received distance: 26.5982080344568 cm | Severity=75 | SourceName=Motor | EventType=application | SourceNode=ns=1;s=MotorSource
[Anomaly Input] [2026-08-16 19:30:05.148 (UTC)] info/application	[Motor] Received distance: 26.5992891700469 cm | Severity=75 | SourceName=Motor2 | EventType=application | SourceNode=ns=1;s=MotorSource2
[Anomaly Input] [2026-08-16 19:30:05.148 (UTC)] info/application	[Motor] Received distance: 28.1720559339375 cm | Severity=75 | SourceName=Motor3 | EventType=application | SourceNode=ns=1;s=MotorSource3
[Anomaly Input] [2026-08-16 19:30:05.147 (UTC)] info/application	[Motor] Distance safe (26.5982080344568); rotating motor to 90 degrees | Severity=75 | SourceName=Motor | EventType=application | SourceNode=ns=1;s=MotorSource
[Anomaly Input] [2026-08-16 19:30:05.148 (UTC)] info/application	[Motor] Distance safe (26.5992891700469); rotating motor to 90 degrees | Severity=75 | SourceName=Motor2 | EventType=application | SourceNode=ns=1;s=MotorSource2
[Anomaly Input] [2026-08-16 19:30:05.148 (UTC)] info/application	[Motor] Distance safe (28.1720559339375); rotating motor to 90 degrees | Severity=75 | SourceName=Motor3 | EventType=application | SourceNode=ns=1;s=MotorSource3
[Anomaly Input] [2026-08-16 19:30:05.646 (UTC)] info/application	[Sensor] Updated distance: 29.360648126975 cm | Severity=75 | SourceName=Sensor3 | EventType=application | SourceNode=ns=1;s=SensorSource3
[Anomaly Input] [2026-08-16 19:30:05.646 (UTC)] info/application	[Sensor] Updated distance: 27.3256763635788 cm | Severity=75 | SourceName=Sensor2 | EventType=application | SourceNode=ns=1;s=SensorSource2
[Anomaly Input] [2026-08-16 19:30:05.646 (UTC)] info/application	[Sensor] Updated distance: 25.3729995895983 cm | Severity=75 | SourceName=Sensor | EventType=application | SourceNode=ns=1;s=SensorSource
[Anomaly Input] [2026-08-16 19:30:06.147 (UTC)] info/application	[Motor] Received distance: 25.3729995895983 cm | Severity=75 | SourceName=Motor | EventType=application | SourceNode=ns=1;s=MotorSource
[Anomaly Input] [2026-08-16 19:30:06.148 (UTC)] info/application	[Motor] Received distance: 27.3256763635788 cm | Severity=75 | SourceName=Motor2 | EventType=application | SourceNode=ns=1;s=MotorSource2
[Anomaly Input] [2026-08-16 19:30:06.148 (UTC)] info/application	[Motor] Received distance: 29.360648126975 cm | Severity=75 | SourceName=Motor3 | EventType=application | SourceNode=ns=1;s=MotorSource3
[Anomaly Input] [2026-08-16 19:30:06.147 (UTC)] info/application	[Motor] Distance safe (25.3729995895983); rotating motor to 90 degrees | Severity=75 | SourceName=Motor | EventType=application | SourceNode=ns=1;s=MotorSource
[Anomaly Input] [2026-08-16 19:30:06.148 (UTC)] info/application	[Motor] Distance safe (27.3256763635788); rotating motor to 90 degrees | Severity=75 | SourceName=Motor2 | EventType=application | SourceNode=ns=1;s=MotorSource2
[Anomaly Input] [2026-08-16 19:30:06.148 (UTC)] info/application	[Motor] Distance safe (29.360648126975); rotating motor to 90 degrees | Severity=75 | SourceName=Motor3 | EventType=application | SourceNode=ns=1;s=MotorSource3
[Anomaly Input] [2026-08-16 19:30:06.646 (UTC)] info/application	[Sensor] Updated distance: 30.0524276646564 cm | Severity=75 | SourceName=Sensor3 | EventType=application | SourceNode=ns=1;s=SensorSource3
[Anomaly Input] [2026-08-16 19:30:06.647 (UTC)] info/application	[Sensor] Updated distance: 24.3921377974991 cm | Severity=75 | SourceName=Sensor | EventType=application | SourceNode=ns=1;s=SensorSource
[Anomaly Input] [2026-08-16 19:30:06.647 (UTC)] info/application	[Sensor] Updated distance: 27.9198002919647 cm | Severity=75 | SourceName=Sensor2 | EventType=application | SourceNode=ns=1;s=SensorSource2
[Anomaly Input] [2026-08-16 19:30:07.142 (UTC)] info/application	[Motor] Received distance: 27.9198002919647 cm | Severity=75 | SourceName=Motor2 | EventType=application | SourceNode=ns=1;s=MotorSource2
[Anomaly Input] [2026-08-16 19:30:07.147 (UTC)] info/application	[Motor] Received distance: 24.3921377974991 cm | Severity=75 | SourceName=Motor | EventType=application | SourceNode=ns=1;s=MotorSource
[Anomaly Input] [2026-08-16 19:30:07.149 (UTC)] info/application	[Motor] Received distance: 30.0524276646564 cm | Severity=75 | SourceName=Motor3 | EventType=application | SourceNode=ns=1;s=MotorSource3
[Anomaly Input] [2026-08-16 19:30:07.142 (UTC)] info/application	[Motor] Distance safe (27.9198002919647); rotating motor to 90 degrees | Severity=75 | SourceName=Motor2 | EventType=application | SourceNode=ns=1;s=MotorSource2
[Anomaly Input] [2026-08-16 19:30:07.147 (UTC)] info/application	[Motor] Distance safe (24.3921377974991); rotating motor to 90 degrees | Severity=75 | SourceName=Motor | EventType=application | SourceNode=ns=1;s=MotorSource
[Anomaly Input] [2026-08-16 19:30:07.149 (UTC)] info/application	[Motor] Distance safe (30.0524276646564); rotating motor to 90 degrees | Severity=75 | SourceName=Motor3 | EventType=application | SourceNode=ns=1;s=MotorSource3
[Anomaly Input] [2026-08-16 19:30:07.647 (UTC)] info/application	[Sensor] Updated distance: 24.7473222863615 cm | Severity=75 | SourceName=Sensor | EventType=application | SourceNode=ns=1;s=SensorSource
[Anomaly Input] [2026-08-16 19:30:07.647 (UTC)] info/application	[Sensor] Updated distance: 29.243122013399 cm | Severity=75 | SourceName=Sensor3 | EventType=application | SourceNode=ns=1;s=SensorSource3
[Anomaly Input] [2026-08-16 19:30:07.647 (UTC)] info/application	[Sensor] Updated distance: 26.9437127606681 cm | Severity=75 | SourceName=Sensor2 | EventType=application | SourceNode=ns=1;s=SensorSource2
[Anomaly Input] [2026-08-16 19:30:08.142 (UTC)] info/application	[Motor] Received distance: 24.7473222863615 cm | Severity=75 | SourceName=Motor | EventType=application | SourceNode=ns=1;s=MotorSource
[Anomaly Input] [2026-08-16 19:30:08.147 (UTC)] info/application	[Motor] Received distance: 26.9437127606681 cm | Severity=75 | SourceName=Motor2 | EventType=application | SourceNode=ns=1;s=MotorSource2
[Anomaly Input] [2026-08-16 19:30:08.149 (UTC)] info/application	[Motor] Received distance: 29.243122013399 cm | Severity=75 | SourceName=Motor3 | EventType=application | SourceNode=ns=1;s=MotorSource3
[Anomaly Input] [2026-08-16 19:30:08.142 (UTC)] info/application	[Motor] Distance safe (24.7473222863615); rotating motor to 90 degrees | Severity=75 | SourceName=Motor | EventType=application | SourceNode=ns=1;s=MotorSource
[Anomaly Input] [2026-08-16 19:30:08.147 (UTC)] info/application	[Motor] Distance safe (26.9437127606681); rotating motor to 90 degrees | Severity=75 | SourceName=Motor2 | EventType=application | SourceNode=ns=1;s=MotorSource2
[Anomaly Input] [2026-08-16 19:30:08.149 (UTC)] info/application	[Motor] Distance safe (29.243122013399); rotating motor to 90 degrees | Severity=75 | SourceName=Motor3 | EventType=application | SourceNode=ns=1;s=MotorSource3
[Anomaly Input] [2026-08-16 19:30:08.647 (UTC)] info/application	[Sensor] Updated distance: 29.1533306206825 cm | Severity=75 | SourceName=Sensor3 | EventType=application | SourceNode=ns=1;s=SensorSource3
[Anomaly Input] [2026-08-16 19:30:08.648 (UTC)] info/application	[Sensor] Updated distance: 26.3585638179716 cm | Severity=75 | SourceName=Sensor2 | EventType=application | SourceNode=ns=1;s=SensorSource2
[Anomaly Input] [2026-08-16 19:30:08.648 (UTC)] info/application	[Sensor] Updated distance: 23.6772244270785 cm | Severity=75 | SourceName=Sensor | EventType=application | SourceNode=ns=1;s=SensorSource
[Anomaly Input] [2026-08-16 19:30:09.143 (UTC)] info/application	[Motor] Received distance: 29.1533306206825 cm | Severity=75 | SourceName=Motor3 | EventType=application | SourceNode=ns=1;s=MotorSource3
[Anomaly Input] [2026-08-16 19:30:09.146 (UTC)] info/application	[Motor] Received distance: 23.6772244270785 cm | Severity=75 | SourceName=Motor | EventType=application | SourceNode=ns=1;s=MotorSource
[Anomaly Input] [2026-08-16 19:30:09.148 (UTC)] info/application	[Motor] Received distance: 26.3585638179716 cm | Severity=75 | SourceName=Motor2 | EventType=application | SourceNode=ns=1;s=MotorSource2
[Anomaly Input] [2026-08-16 19:30:09.143 (UTC)] info/application	[Motor] Distance safe (29.1533306206825); rotating motor to 90 degrees | Severity=75 | SourceName=Motor3 | EventType=application | SourceNode=ns=1;s=MotorSource3
[Anomaly Input] [2026-08-16 19:30:09.146 (UTC)] info/application	[Motor] Distance safe (23.6772244270785); rotating motor to 90 degrees | Severity=75 | SourceName=Motor | EventType=application | SourceNode=ns=1;s=MotorSource
[Anomaly Input] [2026-08-16 19:30:09.148 (UTC)] info/application	[Motor] Distance safe (26.3585638179716); rotating motor to 90 degrees | Severity=75 | SourceName=Motor2 | EventType=application | SourceNode=ns=1;s=MotorSource2
[Anomaly Input] [2026-08-16 19:30:09.648 (UTC)] info/application	[Sensor] Updated distance: 30.4393370786865 cm | Severity=75 | SourceName=Sensor3 | EventType=application | SourceNode=ns=1;s=SensorSource3
[Anomaly Input] [2026-08-16 19:30:09.648 (UTC)] info/application	[Sensor] Updated distance: 23.614472535725 cm | Severity=75 | SourceName=Sensor | EventType=application | SourceNode=ns=1;s=SensorSource
[Anomaly Input] [2026-08-16 19:30:09.648 (UTC)] info/application	[Sensor] Updated distance: 27.7062905359577 cm | Severity=75 | SourceName=Sensor2 | EventType=application | SourceNode=ns=1;s=SensorSource2
[Anomaly Input] [2026-08-16 19:30:10.147 (UTC)] info/application	[Motor] Received distance: 30.4393370786865 cm | Severity=75 | SourceName=Motor3 | EventType=application | SourceNode=ns=1;s=MotorSource3
[Anomaly Input] [2026-08-16 19:30:10.147 (UTC)] info/application	[Motor] Received distance: 23.614472535725 cm | Severity=75 | SourceName=Motor | EventType=application | SourceNode=ns=1;s=MotorSource
[Anomaly Input] [2026-08-16 19:30:10.148 (UTC)] info/application	[Motor] Received distance: 27.7062905359577 cm | Severity=75 | SourceName=Motor2 | EventType=application | SourceNode=ns=1;s=MotorSource2
[Anomaly Input] [2026-08-16 19:30:10.147 (UTC)] info/application	[Motor] Distance safe (30.4393370786865); rotating motor to 90 degrees | Severity=75 | SourceName=Motor3 | EventType=application | SourceNode=ns=1;s=MotorSource3
[Anomaly Input] [2026-08-16 19:30:10.147 (UTC)] info/application	[Motor] Distance safe (23.614472535725); rotating motor to 90 degrees | Severity=75 | SourceName=Motor | EventType=application | SourceNode=ns=1;s=MotorSource
[Anomaly Input] [2026-08-16 19:30:10.148 (UTC)] info/application	[Motor] Distance safe (27.7062905359577); rotating motor to 90 degrees | Severity=75 | SourceName=Motor2 | EventType=application | SourceNode=ns=1;s=MotorSource2
[Anomaly Input] [2026-08-16 19:30:10.649 (UTC)] info/application	[Sensor] Updated distance: 26.8653938785965 cm | Severity=75 | SourceName=Sensor2 | EventType=application | SourceNode=ns=1;s=SensorSource2
[Anomaly Input] [2026-08-16 19:30:10.649 (UTC)] info/application	[Sensor] Updated distance: 29.0258095555593 cm | Severity=75 | SourceName=Sensor3 | EventType=application | SourceNode=ns=1;s=SensorSource3
[Anomaly Input] [2026-08-16 19:30:10.649 (UTC)] info/application	[Sensor] Updated distance: 24.8456536006861 cm | Severity=75 | SourceName=Sensor | EventType=application | SourceNode=ns=1;s=SensorSource
[Anomaly Input] [2026-08-16 19:30:11.144 (UTC)] info/application	[Motor] Received distance: 26.8653938785965 cm | Severity=75 | SourceName=Motor2 | EventType=application | SourceNode=ns=1;s=MotorSource2
[Anomaly Input] [2026-08-16 19:30:11.148 (UTC)] info/application	[Motor] Received distance: 24.8456536006861 cm | Severity=75 | SourceName=Motor | EventType=application | SourceNode=ns=1;s=MotorSource
[Anomaly Input] [2026-08-16 19:30:11.148 (UTC)] info/application	[Motor] Received distance: 29.0258095555593 cm | Severity=75 | SourceName=Motor3 | EventType=application | SourceNode=ns=1;s=MotorSource3
[Anomaly Input] [2026-08-16 19:30:11.144 (UTC)] info/application	[Motor] Distance safe (26.8653938785965); rotating motor to 90 degrees | Severity=75 | SourceName=Motor2 | EventType=application | SourceNode=ns=1;s=MotorSource2
[Anomaly Input] [2026-08-16 19:30:11.148 (UTC)] info/application	[Motor] Distance safe (24.8456536006861); rotating motor to 90 degrees | Severity=75 | SourceName=Motor | EventType=application | SourceNode=ns=1;s=MotorSource
[Anomaly Input] [2026-08-16 19:30:11.148 (UTC)] info/application	[Motor] Distance safe (29.0258095555593); rotating motor to 90 degrees | Severity=75 | SourceName=Motor3 | EventType=application | SourceNode=ns=1;s=MotorSource3
[Anomaly Input] [2026-08-16 19:30:11.649 (UTC)] info/application	[Sensor] Updated distance: 27.7317201950269 cm | Severity=75 | SourceName=Sensor2 | EventType=application | SourceNode=ns=1;s=SensorSource2
[Anomaly Input] [2026-08-16 19:30:11.649 (UTC)] info/application	[Sensor] Updated distance: 29.7127600064095 cm | Severity=75 | SourceName=Sensor3 | EventType=application | SourceNode=ns=1;s=SensorSource3
[Anomaly Input] [2026-08-16 19:30:11.649 (UTC)] info/application	[Sensor] Updated distance: 24.4012061135849 cm | Severity=75 | SourceName=Sensor | EventType=application | SourceNode=ns=1;s=SensorSource
[Anomaly Input] [2026-08-16 19:30:12.148 (UTC)] info/application	[Motor] Received distance: 24.4012061135849 cm | Severity=75 | SourceName=Motor | EventType=application | SourceNode=ns=1;s=MotorSource
[Anomaly Input] [2026-08-16 19:30:12.148 (UTC)] info/application	[Motor] Received distance: 27.7317201950269 cm | Severity=75 | SourceName=Motor2 | EventType=application | SourceNode=ns=1;s=MotorSource2
[Anomaly Input] [2026-08-16 19:30:12.148 (UTC)] info/application	[Motor] Received distance: 29.7127600064095 cm | Severity=75 | SourceName=Motor3 | EventType=application | SourceNode=ns=1;s=MotorSource3
[Anomaly Input] [2026-08-16 19:30:12.148 (UTC)] info/application	[Motor] Distance safe (24.4012061135849); rotating motor to 90 degrees | Severity=75 | SourceName=Motor | EventType=application | SourceNode=ns=1;s=MotorSource
[Anomaly Input] [2026-08-16 19:30:12.148 (UTC)] info/application	[Motor] Distance safe (27.7317201950269); rotating motor to 90 degrees | Severity=75 | SourceName=Motor2 | EventType=application | SourceNode=ns=1;s=MotorSource2
[Anomaly Input] [2026-08-16 19:30:12.148 (UTC)] info/application	[Motor] Distance safe (29.7127600064095); rotating motor to 90 degrees | Severity=75 | SourceName=Motor3 | EventType=application | SourceNode=ns=1;s=MotorSource3
[Anomaly Input] [2026-08-16 19:30:12.650 (UTC)] info/application	[Sensor] Updated distance: 24.1020301611172 cm | Severity=75 | SourceName=Sensor | EventType=application | SourceNode=ns=1;s=SensorSource
[Anomaly Input] [2026-08-16 19:30:12.650 (UTC)] info/application	[Sensor] Updated distance: 27.750318146893 cm | Severity=75 | SourceName=Sensor2 | EventType=application | SourceNode=ns=1;s=SensorSource2
[Anomaly Input] [2026-08-16 19:30:12.650 (UTC)] info/application	[Sensor] Updated distance: 30.0828191882851 cm | Severity=75 | SourceName=Sensor3 | EventType=application | SourceNode=ns=1;s=SensorSource3
[Anomaly Input] [2026-08-16 19:30:13.148 (UTC)] info/application	[Motor] Received distance: 24.1020301611172 cm | Severity=75 | SourceName=Motor | EventType=application | SourceNode=ns=1;s=MotorSource
[Anomaly Input] [2026-08-16 19:30:13.148 (UTC)] info/application	[Motor] Received distance: 27.750318146893 cm | Severity=75 | SourceName=Motor2 | EventType=application | SourceNode=ns=1;s=MotorSource2
[Anomaly Input] [2026-08-16 19:30:13.148 (UTC)] info/application	[Motor] Received distance: 30.0828191882851 cm | Severity=75 | SourceName=Motor3 | EventType=application | SourceNode=ns=1;s=MotorSource3
[Anomaly Input] [2026-08-16 19:30:13.148 (UTC)] info/application	[Motor] Distance safe (24.1020301611172); rotating motor to 90 degrees | Severity=75 | SourceName=Motor | EventType=application | SourceNode=ns=1;s=MotorSource
[Anomaly Input] [2026-08-16 19:30:13.148 (UTC)] info/application	[Motor] Distance safe (27.750318146893); rotating motor to 90 degrees | Severity=75 | SourceName=Motor2 | EventType=application | SourceNode=ns=1;s=MotorSource2
[Anomaly Input] [2026-08-16 19:30:13.148 (UTC)] info/application	[Motor] Distance safe (30.0828191882851); rotating motor to 90 degrees | Severity=75 | SourceName=Motor3 | EventType=application | SourceNode=ns=1;s=MotorSource3
[Anomaly Input] [2026-08-16 19:30:13.640 (UTC)] info/application	[Sensor] Updated distance: 24.5668187209251 cm | Severity=75 | SourceName=Sensor | EventType=application | SourceNode=ns=1;s=SensorSource
[Anomaly Input] [2026-08-16 19:30:13.640 (UTC)] info/application	[Sensor] Updated distance: 30.2069517593863 cm | Severity=75 | SourceName=Sensor3 | EventType=application | SourceNode=ns=1;s=SensorSource3
[Anomaly Input] [2026-08-16 19:30:13.640 (UTC)] info/application	[Sensor] Updated distance: 28.043934762964 cm | Severity=75 | SourceName=Sensor2 | EventType=application | SourceNode=ns=1;s=SensorSource2
[Anomaly Input] [2026-08-16 19:30:14.145 (UTC)] info/application	[Motor] Received distance: 24.5668187209251 cm | Severity=75 | SourceName=Motor | EventType=application | SourceNode=ns=1;s=MotorSource
[Anomaly Input] [2026-08-16 19:30:14.149 (UTC)] info/application	[Motor] Received distance: 30.2069517593863 cm | Severity=75 | SourceName=Motor3 | EventType=application | SourceNode=ns=1;s=MotorSource3
[Anomaly Input] [2026-08-16 19:30:14.149 (UTC)] info/application	[Motor] Received distance: 28.043934762964 cm | Severity=75 | SourceName=Motor2 | EventType=application | SourceNode=ns=1;s=MotorSource2
[Anomaly Input] [2026-08-16 19:30:14.145 (UTC)] info/application	[Motor] Distance safe (24.5668187209251); rotating motor to 90 degrees | Severity=75 | SourceName=Motor | EventType=application | SourceNode=ns=1;s=MotorSource
[Anomaly Input] [2026-08-16 19:30:14.149 (UTC)] info/application	[Motor] Distance safe (28.043934762964); rotating motor to 90 degrees | Severity=75 | SourceName=Motor2 | EventType=application | SourceNode=ns=1;s=MotorSource2
[Anomaly Input] [2026-08-16 19:30:14.149 (UTC)] info/application	[Motor] Distance safe (30.2069517593863); rotating motor to 90 degrees | Severity=75 | SourceName=Motor3 | EventType=application | SourceNode=ns=1;s=MotorSource3
[Anomaly Input] [2026-08-16 19:30:14.640 (UTC)] info/application	[Sensor] Updated distance: 31.4255823953662 cm | Severity=75 | SourceName=Sensor3 | EventType=application | SourceNode=ns=1;s=SensorSource3
[Anomaly Input] [2026-08-16 19:30:14.640 (UTC)] info/application	[Sensor] Updated distance: 28.3702866713844 cm | Severity=75 | SourceName=Sensor2 | EventType=application | SourceNode=ns=1;s=SensorSource2
[Anomaly Input] [2026-08-16 19:30:14.640 (UTC)] info/application	[Sensor] Updated distance: 24.0097748178569 cm | Severity=75 | SourceName=Sensor | EventType=application | SourceNode=ns=1;s=SensorSource
[Anomaly Input] [2026-08-16 19:30:15.146 (UTC)] info/application	[Motor] Received distance: 28.3702866713844 cm | Severity=75 | SourceName=Motor2 | EventType=application | SourceNode=ns=1;s=MotorSource2
[Anomaly Input] [2026-08-16 19:30:15.147 (UTC)] info/application	[Motor] Received distance: 24.0097748178569 cm | Severity=75 | SourceName=Motor | EventType=application | SourceNode=ns=1;s=MotorSource
[Anomaly Input] [2026-08-16 19:30:15.149 (UTC)] info/application	[Motor] Received distance: 31.4255823953662 cm | Severity=75 | SourceName=Motor3 | EventType=application | SourceNode=ns=1;s=MotorSource3
[Anomaly Input] [2026-08-16 19:30:15.146 (UTC)] info/application	[Motor] Distance safe (28.3702866713844); rotating motor to 90 degrees | Severity=75 | SourceName=Motor2 | EventType=application | SourceNode=ns=1;s=MotorSource2
[Anomaly Input] [2026-08-16 19:30:15.147 (UTC)] info/application	[Motor] Distance safe (24.0097748178569); rotating motor to 90 degrees | Severity=75 | SourceName=Motor | EventType=application | SourceNode=ns=1;s=MotorSource
[Anomaly Input] [2026-08-16 19:30:15.149 (UTC)] info/application	[Motor] Distance safe (31.4255823953662); rotating motor to 90 degrees | Severity=75 | SourceName=Motor3 | EventType=application | SourceNode=ns=1;s=MotorSource3
[Anomaly Input] [2026-08-16 19:30:15.641 (UTC)] info/application	[Sensor] Updated distance: 29.0839997693356 cm | Severity=75 | SourceName=Sensor2 | EventType=application | SourceNode=ns=1;s=SensorSource2
[Anomaly Input] [2026-08-16 19:30:15.641 (UTC)] info/application	[Sensor] Updated distance: 24.5085674247279 cm | Severity=75 | SourceName=Sensor | EventType=application | SourceNode=ns=1;s=SensorSource
[Anomaly Input] [2026-08-16 19:30:15.650 (UTC)] info/application	[Sensor] Updated distance: 30.8945758519203 cm | Severity=75 | SourceName=Sensor3 | EventType=application | SourceNode=ns=1;s=SensorSource3
[Anomaly Input] [2026-08-16 19:30:16.147 (UTC)] info/application	[Motor] Received distance: 24.5085674247279 cm | Severity=75 | SourceName=Motor | EventType=application | SourceNode=ns=1;s=MotorSource
[Anomaly Input] [2026-08-16 19:30:16.147 (UTC)] info/application	[Motor] Received distance: 29.0839997693356 cm | Severity=75 | SourceName=Motor2 | EventType=application | SourceNode=ns=1;s=MotorSource2
[Anomaly Input] [2026-08-16 19:30:16.149 (UTC)] info/application	[Motor] Received distance: 30.8945758519203 cm | Severity=75 | SourceName=Motor3 | EventType=application | SourceNode=ns=1;s=MotorSource3
[Anomaly Input] [2026-08-16 19:30:16.147 (UTC)] info/application	[Motor] Distance safe (24.5085674247279); rotating motor to 90 degrees | Severity=75 | SourceName=Motor | EventType=application | SourceNode=ns=1;s=MotorSource
[Anomaly Input] [2026-08-16 19:30:16.147 (UTC)] info/application	[Motor] Distance safe (29.0839997693356); rotating motor to 90 degrees | Severity=75 | SourceName=Motor2 | EventType=application | SourceNode=ns=1;s=MotorSource2
[Anomaly Input] [2026-08-16 19:30:16.149 (UTC)] info/application	[Motor] Distance safe (30.8945758519203); rotating motor to 90 degrees | Severity=75 | SourceName=Motor3 | EventType=application | SourceNode=ns=1;s=MotorSource3
[Anomaly Input] [2026-08-16 19:30:16.640 (UTC)] info/application	[Sensor] Updated distance: 29.7259043051051 cm | Severity=75 | SourceName=Sensor3 | EventType=application | SourceNode=ns=1;s=SensorSource3
[Anomaly Input] [2026-08-16 19:30:16.641 (UTC)] info/application	[Sensor] Updated distance: 24.133735168089 cm | Severity=75 | SourceName=Sensor | EventType=application | SourceNode=ns=1;s=SensorSource
[Anomaly Input] [2026-08-16 19:30:16.641 (UTC)] info/application	[Sensor] Updated distance: 30.5597325489203 cm | Severity=75 | SourceName=Sensor2 | EventType=application | SourceNode=ns=1;s=SensorSource2
[Anomaly Input] [2026-08-16 19:30:17.147 (UTC)] info/application	[Motor] Received distance: 24.133735168089 cm | Severity=75 | SourceName=Motor | EventType=application | SourceNode=ns=1;s=MotorSource
[Anomaly Input] [2026-08-16 19:30:17.148 (UTC)] info/application	[Motor] Received distance: 30.5597325489203 cm | Severity=75 | SourceName=Motor2 | EventType=application | SourceNode=ns=1;s=MotorSource2
[Anomaly Input] [2026-08-16 19:30:17.149 (UTC)] info/application	[Motor] Received distance: 29.7259043051051 cm | Severity=75 | SourceName=Motor3 | EventType=application | SourceNode=ns=1;s=MotorSource3
[Anomaly Input] [2026-08-16 19:30:17.147 (UTC)] info/application	[Motor] Distance safe (24.133735168089); rotating motor to 90 degrees | Severity=75 | SourceName=Motor | EventType=application | SourceNode=ns=1;s=MotorSource
[Anomaly Input] [2026-08-16 19:30:17.148 (UTC)] info/application	[Motor] Distance safe (30.5597325489203); rotating motor to 90 degrees | Severity=75 | SourceName=Motor2 | EventType=application | SourceNode=ns=1;s=MotorSource2
[Anomaly Input] [2026-08-16 19:30:17.150 (UTC)] info/application	[Motor] Distance safe (29.7259043051051); rotating motor to 90 degrees | Severity=75 | SourceName=Motor3 | EventType=application | SourceNode=ns=1;s=MotorSource3
[Anomaly Input] [2026-08-16 19:30:17.641 (UTC)] info/application	[Sensor] Updated distance: 22.9969990607337 cm | Severity=75 | SourceName=Sensor | EventType=application | SourceNode=ns=1;s=SensorSource
[Anomaly Input] [2026-08-16 19:30:17.641 (UTC)] info/application	[Sensor] Updated distance: 29.9531100573731 cm | Severity=75 | SourceName=Sensor3 | EventType=application | SourceNode=ns=1;s=SensorSource3
[Anomaly Input] [2026-08-16 19:30:17.641 (UTC)] info/application	[Sensor] Updated distance: 31.6012333271099 cm | Severity=75 | SourceName=Sensor2 | EventType=application | SourceNode=ns=1;s=SensorSource2
[Anomaly Input] [2026-08-16 19:30:18.146 (UTC)] info/application	[Motor] Received distance: 29.9531100573731 cm | Severity=75 | SourceName=Motor3 | EventType=application | SourceNode=ns=1;s=MotorSource3
[Anomaly Input] [2026-08-16 19:30:18.148 (UTC)] info/application	[Motor] Received distance: 31.6012333271099 cm | Severity=75 | SourceName=Motor2 | EventType=application | SourceNode=ns=1;s=MotorSource2
[Anomaly Input] [2026-08-16 19:30:18.156 (UTC)] info/application	[Motor] Received distance: 22.9969990607337 cm | Severity=75 | SourceName=Motor | EventType=application | SourceNode=ns=1;s=MotorSource
[Anomaly Input] [2026-08-16 19:30:18.146 (UTC)] info/application	[Motor] Distance safe (29.9531100573731); rotating motor to 90 degrees | Severity=75 | SourceName=Motor3 | EventType=application | SourceNode=ns=1;s=MotorSource3
[Anomaly Input] [2026-08-16 19:30:18.148 (UTC)] info/application	[Motor] Distance safe (31.6012333271099); rotating motor to 90 degrees | Severity=75 | SourceName=Motor2 | EventType=application | SourceNode=ns=1;s=MotorSource2
[Anomaly Input] [2026-08-16 19:30:18.156 (UTC)] info/application	[Motor] Distance safe (22.9969990607337); rotating motor to 90 degrees | Severity=75 | SourceName=Motor | EventType=application | SourceNode=ns=1;s=MotorSource
[Anomaly Input] [2026-08-16 19:30:18.641 (UTC)] info/application	[Sensor] Updated distance: 22.9880167122409 cm | Severity=75 | SourceName=Sensor | EventType=application | SourceNode=ns=1;s=SensorSource
[Anomaly Input] [2026-08-16 19:30:18.641 (UTC)] info/application	[Sensor] Updated distance: 30.7942585685729 cm | Severity=75 | SourceName=Sensor3 | EventType=application | SourceNode=ns=1;s=SensorSource3
[Anomaly Input] [2026-08-16 19:30:18.641 (UTC)] info/application	[Sensor] Updated distance: 31.2434010285621 cm | Severity=75 | SourceName=Sensor2 | EventType=application | SourceNode=ns=1;s=SensorSource2
[Anomaly Input] [2026-08-16 19:30:19.146 (UTC)] info/application	[Motor] Received distance: 22.9880167122409 cm | Severity=75 | SourceName=Motor | EventType=application | SourceNode=ns=1;s=MotorSource
[Anomaly Input] [2026-08-16 19:30:19.148 (UTC)] info/application	[Motor] Received distance: 30.7942585685729 cm | Severity=75 | SourceName=Motor3 | EventType=application | SourceNode=ns=1;s=MotorSource3
[Anomaly Input] [2026-08-16 19:30:19.148 (UTC)] info/application	[Motor] Received distance: 31.2434010285621 cm | Severity=75 | SourceName=Motor2 | EventType=application | SourceNode=ns=1;s=MotorSource2
[Anomaly Input] [2026-08-16 19:30:19.146 (UTC)] info/application	[Motor] Distance safe (22.9880167122409); rotating motor to 90 degrees | Severity=75 | SourceName=Motor | EventType=application | SourceNode=ns=1;s=MotorSource
[Anomaly Input] [2026-08-16 19:30:19.148 (UTC)] info/application	[Motor] Distance safe (30.7942585685729); rotating motor to 90 degrees | Severity=75 | SourceName=Motor3 | EventType=application | SourceNode=ns=1;s=MotorSource3
[Anomaly Input] [2026-08-16 19:30:19.148 (UTC)] info/application	[Motor] Distance safe (31.2434010285621); rotating motor to 90 degrees | Severity=75 | SourceName=Motor2 | EventType=application | SourceNode=ns=1;s=MotorSource2
[Anomaly Input] [2026-08-16 19:30:19.640 (UTC)] info/application	[Sensor] Updated distance: 24.2197895702998 cm | Severity=75 | SourceName=Sensor | EventType=application | SourceNode=ns=1;s=SensorSource
[Anomaly Input] [2026-08-16 19:30:19.641 (UTC)] info/application	[Sensor] Updated distance: 32.0831905287146 cm | Severity=75 | SourceName=Sensor2 | EventType=application | SourceNode=ns=1;s=SensorSource2
[Anomaly Input] [2026-08-16 19:30:19.641 (UTC)] info/application	[Sensor] Updated distance: 31.2518412900399 cm | Severity=75 | SourceName=Sensor3 | EventType=application | SourceNode=ns=1;s=SensorSource3
[Anomaly Input] [2026-08-16 19:30:20.147 (UTC)] info/application	[Motor] Received distance: 24.2197895702998 cm | Severity=75 | SourceName=Motor | EventType=application | SourceNode=ns=1;s=MotorSource
[Anomaly Input] [2026-08-16 19:30:20.148 (UTC)] info/application	[Motor] Received distance: 31.2518412900399 cm | Severity=75 | SourceName=Motor3 | EventType=application | SourceNode=ns=1;s=MotorSource3
[Anomaly Input] [2026-08-16 19:30:20.148 (UTC)] info/application	[Motor] Received distance: 32.0831905287146 cm | Severity=75 | SourceName=Motor2 | EventType=application | SourceNode=ns=1;s=MotorSource2
[Anomaly Input] [2026-08-16 19:30:20.147 (UTC)] info/application	[Motor] Distance safe (24.2197895702998); rotating motor to 90 degrees | Severity=75 | SourceName=Motor | EventType=application | SourceNode=ns=1;s=MotorSource
[Anomaly Input] [2026-08-16 19:30:20.148 (UTC)] info/application	[Motor] Distance safe (31.2518412900399); rotating motor to 90 degrees | Severity=75 | SourceName=Motor3 | EventType=application | SourceNode=ns=1;s=MotorSource3
[Anomaly Input] [2026-08-16 19:30:20.148 (UTC)] info/application	[Motor] Distance safe (32.0831905287146); rotating motor to 90 degrees | Severity=75 | SourceName=Motor2 | EventType=application | SourceNode=ns=1;s=MotorSource2
[Anomaly Input] [2026-08-16 19:30:20.641 (UTC)] info/application	[Sensor] Updated distance: 23.594127295117 cm | Severity=75 | SourceName=Sensor | EventType=application | SourceNode=ns=1;s=SensorSource
[Anomaly Input] [2026-08-16 19:30:20.641 (UTC)] info/application	[Sensor] Updated distance: 32.9863261280052 cm | Severity=75 | SourceName=Sensor2 | EventType=application | SourceNode=ns=1;s=SensorSource2
[Anomaly Input] [2026-08-16 19:30:20.641 (UTC)] info/application	[Sensor] Updated distance: 30.6893645083482 cm | Severity=75 | SourceName=Sensor3 | EventType=application | SourceNode=ns=1;s=SensorSource3
[Anomaly Input] [2026-08-16 19:30:21.147 (UTC)] info/application	[Motor] Received distance: 32.9863261280052 cm | Severity=75 | SourceName=Motor2 | EventType=application | SourceNode=ns=1;s=MotorSource2
[Anomaly Input] [2026-08-16 19:30:21.148 (UTC)] info/application	[Motor] Received distance: 23.594127295117 cm | Severity=75 | SourceName=Motor | EventType=application | SourceNode=ns=1;s=MotorSource
[Anomaly Input] [2026-08-16 19:30:21.148 (UTC)] info/application	[Motor] Received distance: 30.6893645083482 cm | Severity=75 | SourceName=Motor3 | EventType=application | SourceNode=ns=1;s=MotorSource3
[Anomaly Input] [2026-08-16 19:30:21.147 (UTC)] info/application	[Motor] Distance safe (32.9863261280052); rotating motor to 90 degrees | Severity=75 | SourceName=Motor2 | EventType=application | SourceNode=ns=1;s=MotorSource2
[Anomaly Input] [2026-08-16 19:30:21.148 (UTC)] info/application	[Motor] Distance safe (23.594127295117); rotating motor to 90 degrees | Severity=75 | SourceName=Motor | EventType=application | SourceNode=ns=1;s=MotorSource
[Anomaly Input] [2026-08-16 19:30:21.148 (UTC)] info/application	[Motor] Distance safe (30.6893645083482); rotating motor to 90 degrees | Severity=75 | SourceName=Motor3 | EventType=application | SourceNode=ns=1;s=MotorSource3
[Anomaly Input] [2026-08-16 19:30:21.640 (UTC)] info/application	[Sensor] Updated distance: 23.8336603710585 cm | Severity=75 | SourceName=Sensor | EventType=application | SourceNode=ns=1;s=SensorSource
[Anomaly Input] [2026-08-16 19:30:21.642 (UTC)] info/application	[Sensor] Updated distance: 33.7437363237812 cm | Severity=75 | SourceName=Sensor2 | EventType=application | SourceNode=ns=1;s=SensorSource2
[Anomaly Input] [2026-08-16 19:30:21.642 (UTC)] info/application	[Sensor] Updated distance: 30.520738256872 cm | Severity=75 | SourceName=Sensor3 | EventType=application | SourceNode=ns=1;s=SensorSource3
[Anomaly Input] [2026-08-16 19:30:22.147 (UTC)] info/application	[Motor] Received distance: 33.7437363237812 cm | Severity=75 | SourceName=Motor2 | EventType=application | SourceNode=ns=1;s=MotorSource2
[Anomaly Input] [2026-08-16 19:30:22.148 (UTC)] info/application	[Motor] Received distance: 30.520738256872 cm | Severity=75 | SourceName=Motor3 | EventType=application | SourceNode=ns=1;s=MotorSource3
[Anomaly Input] [2026-08-16 19:30:22.148 (UTC)] info/application	[Motor] Received distance: 23.8336603710585 cm | Severity=75 | SourceName=Motor | EventType=application | SourceNode=ns=1;s=MotorSource
[Anomaly Input] [2026-08-16 19:30:22.147 (UTC)] info/application	[Motor] Distance safe (33.7437363237812); rotating motor to 90 degrees | Severity=75 | SourceName=Motor2 | EventType=application | SourceNode=ns=1;s=MotorSource2
[Anomaly Input] [2026-08-16 19:30:22.148 (UTC)] info/application	[Motor] Distance safe (30.520738256872); rotating motor to 90 degrees | Severity=75 | SourceName=Motor3 | EventType=application | SourceNode=ns=1;s=MotorSource3
[Anomaly Input] [2026-08-16 19:30:22.148 (UTC)] info/application	[Motor] Distance safe (23.8336603710585); rotating motor to 90 degrees | Severity=75 | SourceName=Motor | EventType=application | SourceNode=ns=1;s=MotorSource
[Anomaly Input] [2026-08-16 19:30:22.640 (UTC)] info/application	[Sensor] Updated distance: 22.3447628877334 cm | Severity=75 | SourceName=Sensor | EventType=application | SourceNode=ns=1;s=SensorSource
[Anomaly Input] [2026-08-16 19:30:22.642 (UTC)] info/application	[Sensor] Updated distance: 32.7674045843386 cm | Severity=75 | SourceName=Sensor2 | EventType=application | SourceNode=ns=1;s=SensorSource2
[Anomaly Input] [2026-08-16 19:30:22.642 (UTC)] info/application	[Sensor] Updated distance: 31.5732520372017 cm | Severity=75 | SourceName=Sensor3 | EventType=application | SourceNode=ns=1;s=SensorSource3
[Anomaly Input] [2026-08-16 19:30:23.145 (UTC)] info/application	[Motor] Received distance: 22.3447628877334 cm | Severity=75 | SourceName=Motor | EventType=application | SourceNode=ns=1;s=MotorSource
[Anomaly Input] [2026-08-16 19:30:23.148 (UTC)] info/application	[Motor] Received distance: 31.5732520372017 cm | Severity=75 | SourceName=Motor3 | EventType=application | SourceNode=ns=1;s=MotorSource3
[Anomaly Input] [2026-08-16 19:30:23.148 (UTC)] info/application	[Motor] Received distance: 32.7674045843386 cm | Severity=75 | SourceName=Motor2 | EventType=application | SourceNode=ns=1;s=MotorSource2
[Anomaly Input] [2026-08-16 19:30:23.145 (UTC)] info/application	[Motor] Distance safe (22.3447628877334); rotating motor to 90 degrees | Severity=75 | SourceName=Motor | EventType=application | SourceNode=ns=1;s=MotorSource
[Anomaly Input] [2026-08-16 19:30:23.148 (UTC)] info/application	[Motor] Distance safe (31.5732520372017); rotating motor to 90 degrees | Severity=75 | SourceName=Motor3 | EventType=application | SourceNode=ns=1;s=MotorSource3
[Anomaly Input] [2026-08-16 19:30:23.148 (UTC)] info/application	[Motor] Distance safe (32.7674045843386); rotating motor to 90 degrees | Severity=75 | SourceName=Motor2 | EventType=application | SourceNode=ns=1;s=MotorSource2
[Anomaly Input] [2026-08-16 19:30:23.642 (UTC)] info/application	[Sensor] Updated distance: 32.3313573791326 cm | Severity=75 | SourceName=Sensor3 | EventType=application | SourceNode=ns=1;s=SensorSource3
[Anomaly Input] [2026-08-16 19:30:23.642 (UTC)] info/application	[Sensor] Updated distance: 32.9193130517003 cm | Severity=75 | SourceName=Sensor2 | EventType=application | SourceNode=ns=1;s=SensorSource2
[Anomaly Input] [2026-08-16 19:30:23.650 (UTC)] info/application	[Sensor] Updated distance: 21.8937397780333 cm | Severity=75 | SourceName=Sensor | EventType=application | SourceNode=ns=1;s=SensorSource
[Anomaly Input] [2026-08-16 19:30:24.146 (UTC)] info/application	[Motor] Received distance: 21.8937397780333 cm | Severity=75 | SourceName=Motor | EventType=application | SourceNode=ns=1;s=MotorSource
[Anomaly Input] [2026-08-16 19:30:24.148 (UTC)] info/application	[Motor] Received distance: 32.9193130517003 cm | Severity=75 | SourceName=Motor2 | EventType=application | SourceNode=ns=1;s=MotorSource2
[Anomaly Input] [2026-08-16 19:30:24.149 (UTC)] info/application	[Motor] Received distance: 32.3313573791326 cm | Severity=75 | SourceName=Motor3 | EventType=application | SourceNode=ns=1;s=MotorSource3
[Anomaly Input] [2026-08-16 19:30:24.146 (UTC)] info/application	[Motor] Distance safe (21.8937397780333); rotating motor to 90 degrees | Severity=75 | SourceName=Motor | EventType=application | SourceNode=ns=1;s=MotorSource
[Anomaly Input] [2026-08-16 19:30:24.148 (UTC)] info/application	[Motor] Distance safe (32.9193130517003); rotating motor to 90 degrees | Severity=75 | SourceName=Motor2 | EventType=application | SourceNode=ns=1;s=MotorSource2
[Anomaly Input] [2026-08-16 19:30:24.149 (UTC)] info/application	[Motor] Distance safe (32.3313573791326); rotating motor to 90 degrees | Severity=75 | SourceName=Motor3 | EventType=application | SourceNode=ns=1;s=MotorSource3
[Anomaly Input] [2026-08-16 19:30:24.642 (UTC)] info/application	[Sensor] Updated distance: 31.2165526052548 cm | Severity=75 | SourceName=Sensor3 | EventType=application | SourceNode=ns=1;s=SensorSource3
[Anomaly Input] [2026-08-16 19:30:24.643 (UTC)] info/application	[Sensor] Updated distance: 31.6801241343748 cm | Severity=75 | SourceName=Sensor2 | EventType=application | SourceNode=ns=1;s=SensorSource2
[Anomaly Input] [2026-08-16 19:30:24.650 (UTC)] info/application	[Sensor] Updated distance: 22.0952477732651 cm | Severity=75 | SourceName=Sensor | EventType=application | SourceNode=ns=1;s=SensorSource
[Anomaly Input] [2026-08-16 19:30:25.146 (UTC)] info/application	[Motor] Received distance: 22.0952477732651 cm | Severity=75 | SourceName=Motor | EventType=application | SourceNode=ns=1;s=MotorSource
[Anomaly Input] [2026-08-16 19:30:25.148 (UTC)] info/application	[Motor] Received distance: 31.6801241343748 cm | Severity=75 | SourceName=Motor2 | EventType=application | SourceNode=ns=1;s=MotorSource2
[Anomaly Input] [2026-08-16 19:30:25.148 (UTC)] info/application	[Motor] Received distance: 31.2165526052548 cm | Severity=75 | SourceName=Motor3 | EventType=application | SourceNode=ns=1;s=MotorSource3
[Anomaly Input] [2026-08-16 19:30:25.146 (UTC)] info/application	[Motor] Distance safe (22.0952477732651); rotating motor to 90 degrees | Severity=75 | SourceName=Motor | EventType=application | SourceNode=ns=1;s=MotorSource
[Anomaly Input] [2026-08-16 19:30:25.148 (UTC)] info/application	[Motor] Distance safe (31.6801241343748); rotating motor to 90 degrees | Severity=75 | SourceName=Motor2 | EventType=application | SourceNode=ns=1;s=MotorSource2
[Anomaly Input] [2026-08-16 19:30:25.148 (UTC)] info/application	[Motor] Distance safe (31.2165526052548); rotating motor to 90 degrees | Severity=75 | SourceName=Motor3 | EventType=application | SourceNode=ns=1;s=MotorSource3
[Anomaly Input] [2026-08-16 19:30:25.642 (UTC)] info/application	[Sensor] Updated distance: 31.6674359369406 cm | Severity=75 | SourceName=Sensor3 | EventType=application | SourceNode=ns=1;s=SensorSource3
[Anomaly Input] [2026-08-16 19:30:25.642 (UTC)] info/application	[Sensor] Updated distance: 33.0726998891089 cm | Severity=75 | SourceName=Sensor2 | EventType=application | SourceNode=ns=1;s=SensorSource2
[Anomaly Input] [2026-08-16 19:30:25.649 (UTC)] info/application	[Sensor] Updated distance: 21.4544669433751 cm | Severity=75 | SourceName=Sensor | EventType=application | SourceNode=ns=1;s=SensorSource
[Anomaly Input] [2026-08-16 19:30:26.146 (UTC)] info/application	[Motor] Received distance: 21.4544669433751 cm | Severity=75 | SourceName=Motor | EventType=application | SourceNode=ns=1;s=MotorSource
[Anomaly Input] [2026-08-16 19:30:26.148 (UTC)] info/application	[Motor] Received distance: 33.0726998891089 cm | Severity=75 | SourceName=Motor2 | EventType=application | SourceNode=ns=1;s=MotorSource2
[Anomaly Input] [2026-08-16 19:30:26.148 (UTC)] info/application	[Motor] Received distance: 31.6674359369406 cm | Severity=75 | SourceName=Motor3 | EventType=application | SourceNode=ns=1;s=MotorSource3
[Anomaly Input] [2026-08-16 19:30:26.146 (UTC)] info/application	[Motor] Distance safe (21.4544669433751); rotating motor to 90 degrees | Severity=75 | SourceName=Motor | EventType=application | SourceNode=ns=1;s=MotorSource
[Anomaly Input] [2026-08-16 19:30:26.148 (UTC)] info/application	[Motor] Distance safe (33.0726998891089); rotating motor to 90 degrees | Severity=75 | SourceName=Motor2 | EventType=application | SourceNode=ns=1;s=MotorSource2
[Anomaly Input] [2026-08-16 19:30:26.148 (UTC)] info/application	[Motor] Distance safe (31.6674359369406); rotating motor to 90 degrees | Severity=75 | SourceName=Motor3 | EventType=application | SourceNode=ns=1;s=MotorSource3
[Anomaly Input] [2026-08-16 19:30:26.642 (UTC)] info/application	[Sensor] Updated distance: 32.8787849090895 cm | Severity=75 | SourceName=Sensor3 | EventType=application | SourceNode=ns=1;s=SensorSource3
[Anomaly Input] [2026-08-16 19:30:26.642 (UTC)] info/application	[Sensor] Updated distance: 31.7414760753705 cm | Severity=75 | SourceName=Sensor2 | EventType=application | SourceNode=ns=1;s=SensorSource2
[Anomaly Input] [2026-08-16 19:30:26.649 (UTC)] info/application	[Sensor] Updated distance: 22.0812301563943 cm | Severity=75 | SourceName=Sensor | EventType=application | SourceNode=ns=1;s=SensorSource
[Anomaly Input] [2026-08-16 19:30:27.146 (UTC)] info/application	[Motor] Received distance: 22.0812301563943 cm | Severity=75 | SourceName=Motor | EventType=application | SourceNode=ns=1;s=MotorSource
[Anomaly Input] [2026-08-16 19:30:27.148 (UTC)] info/application	[Motor] Received distance: 32.8787849090895 cm | Severity=75 | SourceName=Motor3 | EventType=application | SourceNode=ns=1;s=MotorSource3
[Anomaly Input] [2026-08-16 19:30:27.149 (UTC)] info/application	[Motor] Received distance: 31.7414760753705 cm | Severity=75 | SourceName=Motor2 | EventType=application | SourceNode=ns=1;s=MotorSource2
[Anomaly Input] [2026-08-16 19:30:27.146 (UTC)] info/application	[Motor] Distance safe (22.0812301563943); rotating motor to 90 degrees | Severity=75 | SourceName=Motor | EventType=application | SourceNode=ns=1;s=MotorSource
[Anomaly Input] [2026-08-16 19:30:27.148 (UTC)] info/application	[Motor] Distance safe (32.8787849090895); rotating motor to 90 degrees | Severity=75 | SourceName=Motor3 | EventType=application | SourceNode=ns=1;s=MotorSource3
[Anomaly Input] [2026-08-16 19:30:27.149 (UTC)] info/application	[Motor] Distance safe (31.7414760753705); rotating motor to 90 degrees | Severity=75 | SourceName=Motor2 | EventType=application | SourceNode=ns=1;s=MotorSource2
[Anomaly Input] [2026-08-16 19:30:27.643 (UTC)] info/application	[Sensor] Updated distance: 30.9389380062646 cm | Severity=75 | SourceName=Sensor2 | EventType=application | SourceNode=ns=1;s=SensorSource2
[Anomaly Input] [2026-08-16 19:30:27.643 (UTC)] info/application	[Sensor] Updated distance: 32.7114477216785 cm | Severity=75 | SourceName=Sensor3 | EventType=application | SourceNode=ns=1;s=SensorSource3
[Anomaly Input] [2026-08-16 19:30:27.649 (UTC)] info/application	[Sensor] Updated distance: 20.7182207492731 cm | Severity=75 | SourceName=Sensor | EventType=application | SourceNode=ns=1;s=SensorSource
[Anomaly Input] [2026-08-16 19:30:28.147 (UTC)] info/application	[Motor] Received distance: 20.7182207492731 cm | Severity=75 | SourceName=Motor | EventType=application | SourceNode=ns=1;s=MotorSource
[Anomaly Input] [2026-08-16 19:30:28.149 (UTC)] info/application	[Motor] Received distance: 32.7114477216785 cm | Severity=75 | SourceName=Motor3 | EventType=application | SourceNode=ns=1;s=MotorSource3
[Anomaly Input] [2026-08-16 19:30:28.157 (UTC)] info/application	[Motor] Received distance: 30.9389380062646 cm | Severity=75 | SourceName=Motor2 | EventType=application | SourceNode=ns=1;s=MotorSource2
[Anomaly Input] [2026-08-16 19:30:28.147 (UTC)] info/application	[Motor] Distance safe (20.7182207492731); rotating motor to 90 degrees | Severity=75 | SourceName=Motor | EventType=application | SourceNode=ns=1;s=MotorSource
[Anomaly Input] [2026-08-16 19:30:28.149 (UTC)] info/application	[Motor] Distance safe (32.7114477216785); rotating motor to 90 degrees | Severity=75 | SourceName=Motor3 | EventType=application | SourceNode=ns=1;s=MotorSource3
[Anomaly Input] [2026-08-16 19:30:28.157 (UTC)] info/application	[Motor] Distance safe (30.9389380062646); rotating motor to 90 degrees | Severity=75 | SourceName=Motor2 | EventType=application | SourceNode=ns=1;s=MotorSource2
[Anomaly Input] [2026-08-16 19:30:28.643 (UTC)] info/application	[Sensor] Updated distance: 32.1515443812364 cm | Severity=75 | SourceName=Sensor3 | EventType=application | SourceNode=ns=1;s=SensorSource3
[Anomaly Input] [2026-08-16 19:30:28.643 (UTC)] info/application	[Sensor] Updated distance: 31.50779945264 cm | Severity=75 | SourceName=Sensor2 | EventType=application | SourceNode=ns=1;s=SensorSource2
[Anomaly Input] [2026-08-16 19:30:28.649 (UTC)] info/application	[Sensor] Updated distance: 19.4521079938636 cm | Severity=75 | SourceName=Sensor | EventType=application | SourceNode=ns=1;s=SensorSource
[Anomaly Input] [2026-08-16 19:30:29.147 (UTC)] info/application	[Motor] Received distance: 19.4521079938636 cm | Severity=75 | SourceName=Motor | EventType=application | SourceNode=ns=1;s=MotorSource
[Anomaly Input] [2026-08-16 19:30:29.148 (UTC)] info/application	[Motor] Received distance: 31.50779945264 cm | Severity=75 | SourceName=Motor2 | EventType=application | SourceNode=ns=1;s=MotorSource2
[Anomaly Input] [2026-08-16 19:30:29.149 (UTC)] info/application	[Motor] Received distance: 32.1515443812364 cm | Severity=75 | SourceName=Motor3 | EventType=application | SourceNode=ns=1;s=MotorSource3
[Anomaly Input] [2026-08-16 19:30:29.147 (UTC)] warn/application	[Motor] Distance too close (19.4521079938636); rotating motor to 0 degrees | Severity=175 | SourceName=Motor | EventType=application | SourceNode=ns=1;s=MotorSource
[Anomaly Input] [2026-08-16 19:30:29.148 (UTC)] info/application	[Motor] Distance safe (31.50779945264); rotating motor to 90 degrees | Severity=75 | SourceName=Motor2 | EventType=application | SourceNode=ns=1;s=MotorSource2
[Anomaly Input] [2026-08-16 19:30:29.149 (UTC)] info/application	[Motor] Distance safe (32.1515443812364); rotating motor to 90 degrees | Severity=75 | SourceName=Motor3 | EventType=application | SourceNode=ns=1;s=MotorSource3
[Anomaly Input] [2026-08-16 19:30:29.643 (UTC)] info/application	[Sensor] Updated distance: 32.8467730664866 cm | Severity=75 | SourceName=Sensor3 | EventType=application | SourceNode=ns=1;s=SensorSource3
[Anomaly Input] [2026-08-16 19:30:29.643 (UTC)] info/application	[Sensor] Updated distance: 32.4417461275317 cm | Severity=75 | SourceName=Sensor2 | EventType=application | SourceNode=ns=1;s=SensorSource2
[Anomaly Input] [2026-08-16 19:30:29.649 (UTC)] info/application	[Sensor] Updated distance: 20.6223759090632 cm | Severity=75 | SourceName=Sensor | EventType=application | SourceNode=ns=1;s=SensorSource
[Anomaly Input] [2026-08-16 19:30:30.147 (UTC)] info/application	[Motor] Received distance: 20.6223759090632 cm | Severity=75 | SourceName=Motor | EventType=application | SourceNode=ns=1;s=MotorSource
[Anomaly Input] [2026-08-16 19:30:30.157 (UTC)] info/application	[Motor] Received distance: 32.8467730664866 cm | Severity=75 | SourceName=Motor3 | EventType=application | SourceNode=ns=1;s=MotorSource3
[Anomaly Input] [2026-08-16 19:30:30.157 (UTC)] info/application	[Motor] Received distance: 32.4417461275317 cm | Severity=75 | SourceName=Motor2 | EventType=application | SourceNode=ns=1;s=MotorSource2
[Anomaly Input] [2026-08-16 19:30:30.147 (UTC)] info/application	[Motor] Distance safe (20.6223759090632); rotating motor to 90 degrees | Severity=75 | SourceName=Motor | EventType=application | SourceNode=ns=1;s=MotorSource
[Anomaly Input] [2026-08-16 19:30:30.157 (UTC)] info/application	[Motor] Distance safe (32.8467730664866); rotating motor to 90 degrees | Severity=75 | SourceName=Motor3 | EventType=application | SourceNode=ns=1;s=MotorSource3
[Anomaly Input] [2026-08-16 19:30:30.157 (UTC)] info/application	[Motor] Distance safe (32.4417461275317); rotating motor to 90 degrees | Severity=75 | SourceName=Motor2 | EventType=application | SourceNode=ns=1;s=MotorSource2
[Anomaly Input] [2026-08-16 19:30:30.643 (UTC)] info/application	[Sensor] Updated distance: 33.8208004139926 cm | Severity=75 | SourceName=Sensor3 | EventType=application | SourceNode=ns=1;s=SensorSource3
[Anomaly Input] [2026-08-16 19:30:30.644 (UTC)] info/application	[Sensor] Updated distance: 32.1450838449621 cm | Severity=75 | SourceName=Sensor2 | EventType=application | SourceNode=ns=1;s=SensorSource2
[Anomaly Input] [2026-08-16 19:30:30.649 (UTC)] info/application	[Sensor] Updated distance: 20.6399247274454 cm | Severity=75 | SourceName=Sensor | EventType=application | SourceNode=ns=1;s=SensorSource
[Anomaly Input] [2026-08-16 19:30:31.148 (UTC)] info/application	[Motor] Received distance: 20.6399247274454 cm | Severity=75 | SourceName=Motor | EventType=application | SourceNode=ns=1;s=MotorSource
[Anomaly Input] [2026-08-16 19:30:31.149 (UTC)] info/application	[Motor] Received distance: 33.8208004139926 cm | Severity=75 | SourceName=Motor3 | EventType=application | SourceNode=ns=1;s=MotorSource3
[Anomaly Input] [2026-08-16 19:30:31.149 (UTC)] info/application	[Motor] Received distance: 32.1450838449621 cm | Severity=75 | SourceName=Motor2 | EventType=application | SourceNode=ns=1;s=MotorSource2
[Anomaly Input] [2026-08-16 19:30:31.148 (UTC)] info/application	[Motor] Distance safe (20.6399247274454); rotating motor to 90 degrees | Severity=75 | SourceName=Motor | EventType=application | SourceNode=ns=1;s=MotorSource
[Anomaly Input] [2026-08-16 19:30:31.149 (UTC)] info/application	[Motor] Distance safe (33.8208004139926); rotating motor to 90 degrees | Severity=75 | SourceName=Motor3 | EventType=application | SourceNode=ns=1;s=MotorSource3
[Anomaly Input] [2026-08-16 19:30:31.149 (UTC)] info/application	[Motor] Distance safe (32.1450838449621); rotating motor to 90 degrees | Severity=75 | SourceName=Motor2 | EventType=application | SourceNode=ns=1;s=MotorSource2
[Anomaly Input] [2026-08-16 19:30:31.644 (UTC)] info/application	[Sensor] Updated distance: 35.088455562521 cm | Severity=75 | SourceName=Sensor3 | EventType=application | SourceNode=ns=1;s=SensorSource3
[Anomaly Input] [2026-08-16 19:30:31.644 (UTC)] info/application	[Sensor] Updated distance: 33.2627333473706 cm | Severity=75 | SourceName=Sensor2 | EventType=application | SourceNode=ns=1;s=SensorSource2
[Anomaly Input] [2026-08-16 19:30:31.649 (UTC)] info/application	[Sensor] Updated distance: 20.158311218097 cm | Severity=75 | SourceName=Sensor | EventType=application | SourceNode=ns=1;s=SensorSource
[Anomaly Input] [2026-08-16 19:30:32.143 (UTC)] info/application	[Motor] Received distance: 20.158311218097 cm | Severity=75 | SourceName=Motor | EventType=application | SourceNode=ns=1;s=MotorSource
[Anomaly Input] [2026-08-16 19:30:32.149 (UTC)] info/application	[Motor] Received distance: 35.088455562521 cm | Severity=75 | SourceName=Motor3 | EventType=application | SourceNode=ns=1;s=MotorSource3
[Anomaly Input] [2026-08-16 19:30:32.157 (UTC)] info/application	[Motor] Received distance: 33.2627333473706 cm | Severity=75 | SourceName=Motor2 | EventType=application | SourceNode=ns=1;s=MotorSource2
[Anomaly Input] [2026-08-16 19:30:32.143 (UTC)] info/application	[Motor] Distance safe (20.158311218097); rotating motor to 90 degrees | Severity=75 | SourceName=Motor | EventType=application | SourceNode=ns=1;s=MotorSource
[Anomaly Input] [2026-08-16 19:30:32.149 (UTC)] info/application	[Motor] Distance safe (35.088455562521); rotating motor to 90 degrees | Severity=75 | SourceName=Motor3 | EventType=application | SourceNode=ns=1;s=MotorSource3
[Anomaly Input] [2026-08-16 19:30:32.157 (UTC)] info/application	[Motor] Distance safe (33.2627333473706); rotating motor to 90 degrees | Severity=75 | SourceName=Motor2 | EventType=application | SourceNode=ns=1;s=MotorSource2
[Anomaly Input] [2026-08-16 19:30:32.644 (UTC)] info/application	[Sensor] Updated distance: 36.039594604885 cm | Severity=75 | SourceName=Sensor3 | EventType=application | SourceNode=ns=1;s=SensorSource3
[Anomaly Input] [2026-08-16 19:30:32.644 (UTC)] info/application	[Sensor] Updated distance: 32.0625357458193 cm | Severity=75 | SourceName=Sensor2 | EventType=application | SourceNode=ns=1;s=SensorSource2
[Anomaly Input] [2026-08-16 19:30:32.648 (UTC)] info/application	[Sensor] Updated distance: 21.3013882142498 cm | Severity=75 | SourceName=Sensor | EventType=application | SourceNode=ns=1;s=SensorSource
[Anomaly Input] [2026-08-16 19:30:33.147 (UTC)] info/application	[Motor] Received distance: 21.3013882142498 cm | Severity=75 | SourceName=Motor | EventType=application | SourceNode=ns=1;s=MotorSource
[Anomaly Input] [2026-08-16 19:30:33.149 (UTC)] info/application	[Motor] Received distance: 32.0625357458193 cm | Severity=75 | SourceName=Motor2 | EventType=application | SourceNode=ns=1;s=MotorSource2
[Anomaly Input] [2026-08-16 19:30:33.157 (UTC)] info/application	[Motor] Received distance: 36.039594604885 cm | Severity=75 | SourceName=Motor3 | EventType=application | SourceNode=ns=1;s=MotorSource3
[Anomaly Input] [2026-08-16 19:30:33.147 (UTC)] info/application	[Motor] Distance safe (21.3013882142498); rotating motor to 90 degrees | Severity=75 | SourceName=Motor | EventType=application | SourceNode=ns=1;s=MotorSource
[Anomaly Input] [2026-08-16 19:30:33.149 (UTC)] info/application	[Motor] Distance safe (32.0625357458193); rotating motor to 90 degrees | Severity=75 | SourceName=Motor2 | EventType=application | SourceNode=ns=1;s=MotorSource2
[Anomaly Input] [2026-08-16 19:30:33.157 (UTC)] info/application	[Motor] Distance safe (36.039594604885); rotating motor to 90 degrees | Severity=75 | SourceName=Motor3 | EventType=application | SourceNode=ns=1;s=MotorSource3
[Anomaly Input] [2026-08-16 19:30:33.644 (UTC)] info/application	[Sensor] Updated distance: 30.9042053008006 cm | Severity=75 | SourceName=Sensor2 | EventType=application | SourceNode=ns=1;s=SensorSource2
[Anomaly Input] [2026-08-16 19:30:33.644 (UTC)] info/application	[Sensor] Updated distance: 36.8324162265437 cm | Severity=75 | SourceName=Sensor3 | EventType=application | SourceNode=ns=1;s=SensorSource3
[Anomaly Input] [2026-08-16 19:30:33.648 (UTC)] info/application	[Sensor] Updated distance: 21.2873168966208 cm | Severity=75 | SourceName=Sensor | EventType=application | SourceNode=ns=1;s=SensorSource
[Anomaly Input] [2026-08-16 19:30:34.147 (UTC)] info/application	[Motor] Received distance: 21.2873168966208 cm | Severity=75 | SourceName=Motor | EventType=application | SourceNode=ns=1;s=MotorSource
[Anomaly Input] [2026-08-16 19:30:34.150 (UTC)] info/application	[Motor] Received distance: 36.8324162265437 cm | Severity=75 | SourceName=Motor3 | EventType=application | SourceNode=ns=1;s=MotorSource3
[Anomaly Input] [2026-08-16 19:30:34.158 (UTC)] info/application	[Motor] Received distance: 30.9042053008006 cm | Severity=75 | SourceName=Motor2 | EventType=application | SourceNode=ns=1;s=MotorSource2
[Anomaly Input] [2026-08-16 19:30:34.147 (UTC)] info/application	[Motor] Distance safe (21.2873168966208); rotating motor to 90 degrees | Severity=75 | SourceName=Motor | EventType=application | SourceNode=ns=1;s=MotorSource
[Anomaly Input] [2026-08-16 19:30:34.150 (UTC)] info/application	[Motor] Distance safe (36.8324162265437); rotating motor to 90 degrees | Severity=75 | SourceName=Motor3 | EventType=application | SourceNode=ns=1;s=MotorSource3
[Anomaly Input] [2026-08-16 19:30:34.158 (UTC)] info/application	[Motor] Distance safe (30.9042053008006); rotating motor to 90 degrees | Severity=75 | SourceName=Motor2 | EventType=application | SourceNode=ns=1;s=MotorSource2
[Anomaly Input] [2026-08-16 19:30:34.644 (UTC)] info/application	[Sensor] Updated distance: 31.9719618779942 cm | Severity=75 | SourceName=Sensor2 | EventType=application | SourceNode=ns=1;s=SensorSource2
[Anomaly Input] [2026-08-16 19:30:34.644 (UTC)] info/application	[Sensor] Updated distance: 36.6667688825013 cm | Severity=75 | SourceName=Sensor3 | EventType=application | SourceNode=ns=1;s=SensorSource3
[Anomaly Input] [2026-08-16 19:30:34.648 (UTC)] info/application	[Sensor] Updated distance: 22.1574682833895 cm | Severity=75 | SourceName=Sensor | EventType=application | SourceNode=ns=1;s=SensorSource
[Anomaly Input] [2026-08-16 19:30:35.147 (UTC)] info/application	[Motor] Received distance: 22.1574682833895 cm | Severity=75 | SourceName=Motor | EventType=application | SourceNode=ns=1;s=MotorSource
[Anomaly Input] [2026-08-16 19:30:35.150 (UTC)] info/application	[Motor] Received distance: 31.9719618779942 cm | Severity=75 | SourceName=Motor2 | EventType=application | SourceNode=ns=1;s=MotorSource2
[Anomaly Input] [2026-08-16 19:30:35.158 (UTC)] info/application	[Motor] Received distance: 36.6667688825013 cm | Severity=75 | SourceName=Motor3 | EventType=application | SourceNode=ns=1;s=MotorSource3
[Anomaly Input] [2026-08-16 19:30:35.147 (UTC)] info/application	[Motor] Distance safe (22.1574682833895); rotating motor to 90 degrees | Severity=75 | SourceName=Motor | EventType=application | SourceNode=ns=1;s=MotorSource
[Anomaly Input] [2026-08-16 19:30:35.150 (UTC)] info/application	[Motor] Distance safe (31.9719618779942); rotating motor to 90 degrees | Severity=75 | SourceName=Motor2 | EventType=application | SourceNode=ns=1;s=MotorSource2
[Anomaly Input] [2026-08-16 19:30:35.158 (UTC)] info/application	[Motor] Distance safe (36.6667688825013); rotating motor to 90 degrees | Severity=75 | SourceName=Motor3 | EventType=application | SourceNode=ns=1;s=MotorSource3
[Anomaly Input] [2026-08-16 19:30:35.645 (UTC)] info/application	[Sensor] Updated distance: 37.4074648816173 cm | Severity=75 | SourceName=Sensor3 | EventType=application | SourceNode=ns=1;s=SensorSource3
[Anomaly Input] [2026-08-16 19:30:35.645 (UTC)] info/application	[Sensor] Updated distance: 32.098212720872 cm | Severity=75 | SourceName=Sensor2 | EventType=application | SourceNode=ns=1;s=SensorSource2
[Anomaly Input] [2026-08-16 19:30:35.648 (UTC)] info/application	[Sensor] Updated distance: 21.6611836467223 cm | Severity=75 | SourceName=Sensor | EventType=application | SourceNode=ns=1;s=SensorSource
[Anomaly Input] [2026-08-16 19:30:36.140 (UTC)] info/application	[Motor] Received distance: 32.098212720872 cm | Severity=75 | SourceName=Motor2 | EventType=application | SourceNode=ns=1;s=MotorSource2
[Anomaly Input] [2026-08-16 19:30:36.147 (UTC)] info/application	[Motor] Received distance: 37.4074648816173 cm | Severity=75 | SourceName=Motor3 | EventType=application | SourceNode=ns=1;s=MotorSource3
[Anomaly Input] [2026-08-16 19:30:36.147 (UTC)] info/application	[Motor] Received distance: 21.6611836467223 cm | Severity=75 | SourceName=Motor | EventType=application | SourceNode=ns=1;s=MotorSource
[Anomaly Input] [2026-08-16 19:30:36.140 (UTC)] info/application	[Motor] Distance safe (32.098212720872); rotating motor to 90 degrees | Severity=75 | SourceName=Motor2 | EventType=application | SourceNode=ns=1;s=MotorSource2
[Anomaly Input] [2026-08-16 19:30:36.147 (UTC)] info/application	[Motor] Distance safe (37.4074648816173); rotating motor to 90 degrees | Severity=75 | SourceName=Motor3 | EventType=application | SourceNode=ns=1;s=MotorSource3
[Anomaly Input] [2026-08-16 19:30:36.147 (UTC)] info/application	[Motor] Distance safe (21.6611836467223); rotating motor to 90 degrees | Severity=75 | SourceName=Motor | EventType=application | SourceNode=ns=1;s=MotorSource
[Anomaly Input] [2026-08-16 19:30:36.645 (UTC)] info/application	[Sensor] Updated distance: 33.1662694693851 cm | Severity=75 | SourceName=Sensor2 | EventType=application | SourceNode=ns=1;s=SensorSource2
[Anomaly Input] [2026-08-16 19:30:36.645 (UTC)] info/application	[Sensor] Updated distance: 37.8888786963135 cm | Severity=75 | SourceName=Sensor3 | EventType=application | SourceNode=ns=1;s=SensorSource3
[Anomaly Input] [2026-08-16 19:30:36.648 (UTC)] info/application	[Sensor] Updated distance: 21.9219038842348 cm | Severity=75 | SourceName=Sensor | EventType=application | SourceNode=ns=1;s=SensorSource
[Anomaly Input] [2026-08-16 19:30:37.147 (UTC)] info/application	[Motor] Received distance: 33.1662694693851 cm | Severity=75 | SourceName=Motor2 | EventType=application | SourceNode=ns=1;s=MotorSource2
[Anomaly Input] [2026-08-16 19:30:37.147 (UTC)] info/application	[Motor] Received distance: 21.9219038842348 cm | Severity=75 | SourceName=Motor | EventType=application | SourceNode=ns=1;s=MotorSource
[Anomaly Input] [2026-08-16 19:30:37.148 (UTC)] info/application	[Motor] Received distance: 37.8888786963135 cm | Severity=75 | SourceName=Motor3 | EventType=application | SourceNode=ns=1;s=MotorSource3
[Anomaly Input] [2026-08-16 19:30:37.147 (UTC)] info/application	[Motor] Distance safe (33.1662694693851); rotating motor to 90 degrees | Severity=75 | SourceName=Motor2 | EventType=application | SourceNode=ns=1;s=MotorSource2
[Anomaly Input] [2026-08-16 19:30:37.147 (UTC)] info/application	[Motor] Distance safe (21.9219038842348); rotating motor to 90 degrees | Severity=75 | SourceName=Motor | EventType=application | SourceNode=ns=1;s=MotorSource
[Anomaly Input] [2026-08-16 19:30:37.148 (UTC)] info/application	[Motor] Distance safe (37.8888786963135); rotating motor to 90 degrees | Severity=75 | SourceName=Motor3 | EventType=application | SourceNode=ns=1;s=MotorSource3
[Anomaly Input] [2026-08-16 19:30:37.646 (UTC)] info/application	[Sensor] Updated distance: 36.9150108885555 cm | Severity=75 | SourceName=Sensor3 | EventType=application | SourceNode=ns=1;s=SensorSource3
[Anomaly Input] [2026-08-16 19:30:37.646 (UTC)] info/application	[Sensor] Updated distance: 33.3281499749646 cm | Severity=75 | SourceName=Sensor2 | EventType=application | SourceNode=ns=1;s=SensorSource2
[Anomaly Input] [2026-08-16 19:30:37.648 (UTC)] info/application	[Sensor] Updated distance: 23.3111934789043 cm | Severity=75 | SourceName=Sensor | EventType=application | SourceNode=ns=1;s=SensorSource
[Anomaly Input] [2026-08-16 19:30:38.148 (UTC)] info/application	[Motor] Received distance: 33.3281499749646 cm | Severity=75 | SourceName=Motor2 | EventType=application | SourceNode=ns=1;s=MotorSource2
[Anomaly Input] [2026-08-16 19:30:38.147 (UTC)] info/application	[Motor] Received distance: 23.3111934789043 cm | Severity=75 | SourceName=Motor | EventType=application | SourceNode=ns=1;s=MotorSource
[Anomaly Input] [2026-08-16 19:30:38.148 (UTC)] info/application	[Motor] Received distance: 36.9150108885555 cm | Severity=75 | SourceName=Motor3 | EventType=application | SourceNode=ns=1;s=MotorSource3
[Anomaly Input] [2026-08-16 19:30:38.148 (UTC)] info/application	[Motor] Distance safe (23.3111934789043); rotating motor to 90 degrees | Severity=75 | SourceName=Motor | EventType=application | SourceNode=ns=1;s=MotorSource
[Anomaly Input] [2026-08-16 19:30:38.148 (UTC)] info/application	[Motor] Distance safe (33.3281499749646); rotating motor to 90 degrees | Severity=75 | SourceName=Motor2 | EventType=application | SourceNode=ns=1;s=MotorSource2
[Anomaly Input] [2026-08-16 19:30:38.148 (UTC)] info/application	[Motor] Distance safe (36.9150108885555); rotating motor to 90 degrees | Severity=75 | SourceName=Motor3 | EventType=application | SourceNode=ns=1;s=MotorSource3
[Anomaly Input] [2026-08-16 19:30:38.646 (UTC)] info/application	[Sensor] Updated distance: 38.3464012364142 cm | Severity=75 | SourceName=Sensor3 | EventType=application | SourceNode=ns=1;s=SensorSource3
[Anomaly Input] [2026-08-16 19:30:38.646 (UTC)] info/application	[Sensor] Updated distance: 33.9783132879428 cm | Severity=75 | SourceName=Sensor2 | EventType=application | SourceNode=ns=1;s=SensorSource2
[Anomaly Input] [2026-08-16 19:30:38.648 (UTC)] info/application	[Sensor] Updated distance: 24.6700933310995 cm | Severity=75 | SourceName=Sensor | EventType=application | SourceNode=ns=1;s=SensorSource
[Anomaly Input] [2026-08-16 19:30:39.148 (UTC)] info/application	[Motor] Received distance: 24.6700933310995 cm | Severity=75 | SourceName=Motor | EventType=application | SourceNode=ns=1;s=MotorSource
[Anomaly Input] [2026-08-16 19:30:39.148 (UTC)] info/application	[Motor] Received distance: 33.9783132879428 cm | Severity=75 | SourceName=Motor2 | EventType=application | SourceNode=ns=1;s=MotorSource2
[Anomaly Input] [2026-08-16 19:30:39.148 (UTC)] info/application	[Motor] Received distance: 38.3464012364142 cm | Severity=75 | SourceName=Motor3 | EventType=application | SourceNode=ns=1;s=MotorSource3
[Anomaly Input] [2026-08-16 19:30:39.148 (UTC)] info/application	[Motor] Distance safe (24.6700933310995); rotating motor to 90 degrees | Severity=75 | SourceName=Motor | EventType=application | SourceNode=ns=1;s=MotorSource
[Anomaly Input] [2026-08-16 19:30:39.148 (UTC)] info/application	[Motor] Distance safe (33.9783132879428); rotating motor to 90 degrees | Severity=75 | SourceName=Motor2 | EventType=application | SourceNode=ns=1;s=MotorSource2
[Anomaly Input] [2026-08-16 19:30:39.148 (UTC)] info/application	[Motor] Distance safe (38.3464012364142); rotating motor to 90 degrees | Severity=75 | SourceName=Motor3 | EventType=application | SourceNode=ns=1;s=MotorSource3
[Anomaly Input] [2026-08-16 19:30:39.646 (UTC)] info/application	[Sensor] Updated distance: 32.9612210937595 cm | Severity=75 | SourceName=Sensor2 | EventType=application | SourceNode=ns=1;s=SensorSource2
[Anomaly Input] [2026-08-16 19:30:39.646 (UTC)] info/application	[Sensor] Updated distance: 37.2380236569969 cm | Severity=75 | SourceName=Sensor3 | EventType=application | SourceNode=ns=1;s=SensorSource3
[Anomaly Input] [2026-08-16 19:30:39.648 (UTC)] info/application	[Sensor] Updated distance: 25.360715710726 cm | Severity=75 | SourceName=Sensor | EventType=application | SourceNode=ns=1;s=SensorSource
[Anomaly Input] [2026-08-16 19:30:40.143 (UTC)] info/application	[Motor] Received distance: 25.360715710726 cm | Severity=75 | SourceName=Motor | EventType=application | SourceNode=ns=1;s=MotorSource
[Anomaly Input] [2026-08-16 19:30:40.149 (UTC)] info/application	[Motor] Received distance: 32.9612210937595 cm | Severity=75 | SourceName=Motor2 | EventType=application | SourceNode=ns=1;s=MotorSource2
[Anomaly Input] [2026-08-16 19:30:40.149 (UTC)] info/application	[Motor] Received distance: 37.2380236569969 cm | Severity=75 | SourceName=Motor3 | EventType=application | SourceNode=ns=1;s=MotorSource3
[Anomaly Input] [2026-08-16 19:30:40.143 (UTC)] info/application	[Motor] Distance safe (25.360715710726); rotating motor to 90 degrees | Severity=75 | SourceName=Motor | EventType=application | SourceNode=ns=1;s=MotorSource
[Anomaly Input] [2026-08-16 19:30:40.149 (UTC)] info/application	[Motor] Distance safe (32.9612210937595); rotating motor to 90 degrees | Severity=75 | SourceName=Motor2 | EventType=application | SourceNode=ns=1;s=MotorSource2
[Anomaly Input] [2026-08-16 19:30:40.149 (UTC)] info/application	[Motor] Distance safe (37.2380236569969); rotating motor to 90 degrees | Severity=75 | SourceName=Motor3 | EventType=application | SourceNode=ns=1;s=MotorSource3
[Anomaly Input] [2026-08-16 19:30:40.647 (UTC)] info/application	[Sensor] Updated distance: 36.0501623058459 cm | Severity=75 | SourceName=Sensor3 | EventType=application | SourceNode=ns=1;s=SensorSource3
[Anomaly Input] [2026-08-16 19:30:40.647 (UTC)] info/application	[Sensor] Updated distance: 32.970828315928 cm | Severity=75 | SourceName=Sensor2 | EventType=application | SourceNode=ns=1;s=SensorSource2
[Anomaly Input] [2026-08-16 19:30:40.648 (UTC)] info/application	[Sensor] Updated distance: 25.187253414042 cm | Severity=75 | SourceName=Sensor | EventType=application | SourceNode=ns=1;s=SensorSource
[Anomaly Input] [2026-08-16 19:30:41.142 (UTC)] info/application	[Motor] Received distance: 32.970828315928 cm | Severity=75 | SourceName=Motor2 | EventType=application | SourceNode=ns=1;s=MotorSource2
[Anomaly Input] [2026-08-16 19:30:41.146 (UTC)] info/application	[Motor] Received distance: 25.187253414042 cm | Severity=75 | SourceName=Motor | EventType=application | SourceNode=ns=1;s=MotorSource
[Anomaly Input] [2026-08-16 19:30:41.149 (UTC)] info/application	[Motor] Received distance: 36.0501623058459 cm | Severity=75 | SourceName=Motor3 | EventType=application | SourceNode=ns=1;s=MotorSource3
[Anomaly Input] [2026-08-16 19:30:41.142 (UTC)] info/application	[Motor] Distance safe (32.970828315928); rotating motor to 90 degrees | Severity=75 | SourceName=Motor2 | EventType=application | SourceNode=ns=1;s=MotorSource2
[Anomaly Input] [2026-08-16 19:30:41.146 (UTC)] info/application	[Motor] Distance safe (25.187253414042); rotating motor to 90 degrees | Severity=75 | SourceName=Motor | EventType=application | SourceNode=ns=1;s=MotorSource
[Anomaly Input] [2026-08-16 19:30:41.149 (UTC)] info/application	[Motor] Distance safe (36.0501623058459); rotating motor to 90 degrees | Severity=75 | SourceName=Motor3 | EventType=application | SourceNode=ns=1;s=MotorSource3
[Anomaly Input] [2026-08-16 19:30:41.647 (UTC)] info/application	[Sensor] Updated distance: 34.2800949715451 cm | Severity=75 | SourceName=Sensor2 | EventType=application | SourceNode=ns=1;s=SensorSource2
[Anomaly Input] [2026-08-16 19:30:41.647 (UTC)] info/application	[Sensor] Updated distance: 34.5680251305774 cm | Severity=75 | SourceName=Sensor3 | EventType=application | SourceNode=ns=1;s=SensorSource3
[Anomaly Input] [2026-08-16 19:30:41.648 (UTC)] info/application	[Sensor] Updated distance: 26.2773343298013 cm | Severity=75 | SourceName=Sensor | EventType=application | SourceNode=ns=1;s=SensorSource
[Anomaly Input] [2026-08-16 19:30:42.143 (UTC)] info/application	[Motor] Received distance: 34.5680251305774 cm | Severity=75 | SourceName=Motor3 | EventType=application | SourceNode=ns=1;s=MotorSource3
[Anomaly Input] [2026-08-16 19:30:42.147 (UTC)] info/application	[Motor] Received distance: 34.2800949715451 cm | Severity=75 | SourceName=Motor2 | EventType=application | SourceNode=ns=1;s=MotorSource2
[Anomaly Input] [2026-08-16 19:30:42.147 (UTC)] info/application	[Motor] Received distance: 26.2773343298013 cm | Severity=75 | SourceName=Motor | EventType=application | SourceNode=ns=1;s=MotorSource
[Anomaly Input] [2026-08-16 19:30:42.143 (UTC)] info/application	[Motor] Distance safe (34.5680251305774); rotating motor to 90 degrees | Severity=75 | SourceName=Motor3 | EventType=application | SourceNode=ns=1;s=MotorSource3
[Anomaly Input] [2026-08-16 19:30:42.147 (UTC)] info/application	[Motor] Distance safe (34.2800949715451); rotating motor to 90 degrees | Severity=75 | SourceName=Motor2 | EventType=application | SourceNode=ns=1;s=MotorSource2
[Anomaly Input] [2026-08-16 19:30:42.147 (UTC)] info/application	[Motor] Distance safe (26.2773343298013); rotating motor to 90 degrees | Severity=75 | SourceName=Motor | EventType=application | SourceNode=ns=1;s=MotorSource
[Anomaly Input] [2026-08-16 19:30:42.648 (UTC)] info/application	[Sensor] Updated distance: 35.6293290937922 cm | Severity=75 | SourceName=Sensor2 | EventType=application | SourceNode=ns=1;s=SensorSource2
[Anomaly Input] [2026-08-16 19:30:42.648 (UTC)] info/application	[Sensor] Updated distance: 35.6465980020103 cm | Severity=75 | SourceName=Sensor3 | EventType=application | SourceNode=ns=1;s=SensorSource3
[Anomaly Input] [2026-08-16 19:30:42.648 (UTC)] info/application	[Sensor] Updated distance: 25.0235092209296 cm | Severity=75 | SourceName=Sensor | EventType=application | SourceNode=ns=1;s=SensorSource
[Anomaly Input] [2026-08-16 19:30:43.148 (UTC)] info/application	[Motor] Received distance: 35.6465980020103 cm | Severity=75 | SourceName=Motor3 | EventType=application | SourceNode=ns=1;s=MotorSource3
[Anomaly Input] [2026-08-16 19:30:43.148 (UTC)] info/application	[Motor] Received distance: 25.0235092209296 cm | Severity=75 | SourceName=Motor | EventType=application | SourceNode=ns=1;s=MotorSource
[Anomaly Input] [2026-08-16 19:30:43.148 (UTC)] info/application	[Motor] Received distance: 35.6293290937922 cm | Severity=75 | SourceName=Motor2 | EventType=application | SourceNode=ns=1;s=MotorSource2
[Anomaly Input] [2026-08-16 19:30:43.148 (UTC)] info/application	[Motor] Distance safe (35.6465980020103); rotating motor to 90 degrees | Severity=75 | SourceName=Motor3 | EventType=application | SourceNode=ns=1;s=MotorSource3
[Anomaly Input] [2026-08-16 19:30:43.148 (UTC)] info/application	[Motor] Distance safe (25.0235092209296); rotating motor to 90 degrees | Severity=75 | SourceName=Motor | EventType=application | SourceNode=ns=1;s=MotorSource
[Anomaly Input] [2026-08-16 19:30:43.148 (UTC)] info/application	[Motor] Distance safe (35.6293290937922); rotating motor to 90 degrees | Severity=75 | SourceName=Motor2 | EventType=application | SourceNode=ns=1;s=MotorSource2
[Anomaly Input] [2026-08-16 19:30:43.649 (UTC)] info/application	[Sensor] Updated distance: 26.0508709717779 cm | Severity=75 | SourceName=Sensor | EventType=application | SourceNode=ns=1;s=SensorSource
[Anomaly Input] [2026-08-16 19:30:43.649 (UTC)] info/application	[Sensor] Updated distance: 34.1575342664297 cm | Severity=75 | SourceName=Sensor2 | EventType=application | SourceNode=ns=1;s=SensorSource2
[Anomaly Input] [2026-08-16 19:30:43.649 (UTC)] info/application	[Sensor] Updated distance: 36.3287958327349 cm | Severity=75 | SourceName=Sensor3 | EventType=application | SourceNode=ns=1;s=SensorSource3
[Anomaly Input] [2026-08-16 19:30:44.144 (UTC)] info/application	[Motor] Received distance: 26.0508709717779 cm | Severity=75 | SourceName=Motor | EventType=application | SourceNode=ns=1;s=MotorSource
[Anomaly Input] [2026-08-16 19:30:44.148 (UTC)] info/application	[Motor] Received distance: 34.1575342664297 cm | Severity=75 | SourceName=Motor2 | EventType=application | SourceNode=ns=1;s=MotorSource2
[Anomaly Input] [2026-08-16 19:30:44.148 (UTC)] info/application	[Motor] Received distance: 36.3287958327349 cm | Severity=75 | SourceName=Motor3 | EventType=application | SourceNode=ns=1;s=MotorSource3
[Anomaly Input] [2026-08-16 19:30:44.144 (UTC)] info/application	[Motor] Distance safe (26.0508709717779); rotating motor to 90 degrees | Severity=75 | SourceName=Motor | EventType=application | SourceNode=ns=1;s=MotorSource
[Anomaly Input] [2026-08-16 19:30:44.148 (UTC)] info/application	[Motor] Distance safe (34.1575342664297); rotating motor to 90 degrees | Severity=75 | SourceName=Motor2 | EventType=application | SourceNode=ns=1;s=MotorSource2
[Anomaly Input] [2026-08-16 19:30:44.148 (UTC)] info/application	[Motor] Distance safe (36.3287958327349); rotating motor to 90 degrees | Severity=75 | SourceName=Motor3 | EventType=application | SourceNode=ns=1;s=MotorSource3
[Anomaly Input] [2026-08-16 19:30:44.650 (UTC)] info/application	[Sensor] Updated distance: 36.4707912285676 cm | Severity=75 | SourceName=Sensor3 | EventType=application | SourceNode=ns=1;s=SensorSource3
[Anomaly Input] [2026-08-16 19:30:44.650 (UTC)] info/application	[Sensor] Updated distance: 26.1057404459481 cm | Severity=75 | SourceName=Sensor | EventType=application | SourceNode=ns=1;s=SensorSource
[Anomaly Input] [2026-08-16 19:30:44.650 (UTC)] info/application	[Sensor] Updated distance: 34.2604175381178 cm | Severity=75 | SourceName=Sensor2 | EventType=application | SourceNode=ns=1;s=SensorSource2
[Anomaly Input] [2026-08-16 19:30:45.147 (UTC)] info/application	[Motor] Received distance: 26.1057404459481 cm | Severity=75 | SourceName=Motor | EventType=application | SourceNode=ns=1;s=MotorSource
[Anomaly Input] [2026-08-16 19:30:45.149 (UTC)] info/application	[Motor] Received distance: 34.2604175381178 cm | Severity=75 | SourceName=Motor2 | EventType=application | SourceNode=ns=1;s=MotorSource2
[Anomaly Input] [2026-08-16 19:30:45.149 (UTC)] info/application	[Motor] Received distance: 36.4707912285676 cm | Severity=75 | SourceName=Motor3 | EventType=application | SourceNode=ns=1;s=MotorSource3
[Anomaly Input] [2026-08-16 19:30:45.147 (UTC)] info/application	[Motor] Distance safe (26.1057404459481); rotating motor to 90 degrees | Severity=75 | SourceName=Motor | EventType=application | SourceNode=ns=1;s=MotorSource
[Anomaly Input] [2026-08-16 19:30:45.149 (UTC)] info/application	[Motor] Distance safe (34.2604175381178); rotating motor to 90 degrees | Severity=75 | SourceName=Motor2 | EventType=application | SourceNode=ns=1;s=MotorSource2
[Anomaly Input] [2026-08-16 19:30:45.149 (UTC)] info/application	[Motor] Distance safe (36.4707912285676); rotating motor to 90 degrees | Severity=75 | SourceName=Motor3 | EventType=application | SourceNode=ns=1;s=MotorSource3
[Anomaly Input] [2026-08-16 19:30:45.640 (UTC)] info/application	[Sensor] Updated distance: 25.7948714354052 cm | Severity=75 | SourceName=Sensor | EventType=application | SourceNode=ns=1;s=SensorSource
[Anomaly Input] [2026-08-16 19:30:45.640 (UTC)] info/application	[Sensor] Updated distance: 37.2679947359804 cm | Severity=75 | SourceName=Sensor3 | EventType=application | SourceNode=ns=1;s=SensorSource3
[Anomaly Input] [2026-08-16 19:30:45.640 (UTC)] info/application	[Sensor] Updated distance: 34.4360035673883 cm | Severity=75 | SourceName=Sensor2 | EventType=application | SourceNode=ns=1;s=SensorSource2
[Anomaly Input] [2026-08-16 19:30:46.146 (UTC)] info/application	[Motor] Received distance: 34.4360035673883 cm | Severity=75 | SourceName=Motor2 | EventType=application | SourceNode=ns=1;s=MotorSource2
[Anomaly Input] [2026-08-16 19:30:46.147 (UTC)] info/application	[Motor] Received distance: 25.7948714354052 cm | Severity=75 | SourceName=Motor | EventType=application | SourceNode=ns=1;s=MotorSource
[Anomaly Input] [2026-08-16 19:30:46.149 (UTC)] info/application	[Motor] Received distance: 37.2679947359804 cm | Severity=75 | SourceName=Motor3 | EventType=application | SourceNode=ns=1;s=MotorSource3
[Anomaly Input] [2026-08-16 19:30:46.146 (UTC)] info/application	[Motor] Distance safe (34.4360035673883); rotating motor to 90 degrees | Severity=75 | SourceName=Motor2 | EventType=application | SourceNode=ns=1;s=MotorSource2
[Anomaly Input] [2026-08-16 19:30:46.147 (UTC)] info/application	[Motor] Distance safe (25.7948714354052); rotating motor to 90 degrees | Severity=75 | SourceName=Motor | EventType=application | SourceNode=ns=1;s=MotorSource
[Anomaly Input] [2026-08-16 19:30:46.149 (UTC)] info/application	[Motor] Distance safe (37.2679947359804); rotating motor to 90 degrees | Severity=75 | SourceName=Motor3 | EventType=application | SourceNode=ns=1;s=MotorSource3
[Anomaly Input] [2026-08-16 19:30:46.641 (UTC)] info/application	[Sensor] Updated distance: 35.9191860218622 cm | Severity=75 | SourceName=Sensor3 | EventType=application | SourceNode=ns=1;s=SensorSource3
[Anomaly Input] [2026-08-16 19:30:46.641 (UTC)] info/application	[Sensor] Updated distance: 35.1779218379771 cm | Severity=75 | SourceName=Sensor2 | EventType=application | SourceNode=ns=1;s=SensorSource2
[Anomaly Input] [2026-08-16 19:30:46.641 (UTC)] info/application	[Sensor] Updated distance: 25.8210257917275 cm | Severity=75 | SourceName=Sensor | EventType=application | SourceNode=ns=1;s=SensorSource
[Anomaly Input] [2026-08-16 19:30:47.146 (UTC)] info/application	[Motor] Received distance: 35.9191860218622 cm | Severity=75 | SourceName=Motor3 | EventType=application | SourceNode=ns=1;s=MotorSource3
[Anomaly Input] [2026-08-16 19:30:47.147 (UTC)] info/application	[Motor] Received distance: 25.8210257917275 cm | Severity=75 | SourceName=Motor | EventType=application | SourceNode=ns=1;s=MotorSource
[Anomaly Input] [2026-08-16 19:30:47.147 (UTC)] info/application	[Motor] Received distance: 35.1779218379771 cm | Severity=75 | SourceName=Motor2 | EventType=application | SourceNode=ns=1;s=MotorSource2
[Anomaly Input] [2026-08-16 19:30:47.146 (UTC)] info/application	[Motor] Distance safe (35.9191860218622); rotating motor to 90 degrees | Severity=75 | SourceName=Motor3 | EventType=application | SourceNode=ns=1;s=MotorSource3
[Anomaly Input] [2026-08-16 19:30:47.147 (UTC)] info/application	[Motor] Distance safe (25.8210257917275); rotating motor to 90 degrees | Severity=75 | SourceName=Motor | EventType=application | SourceNode=ns=1;s=MotorSource
[Anomaly Input] [2026-08-16 19:30:47.147 (UTC)] info/application	[Motor] Distance safe (35.1779218379771); rotating motor to 90 degrees | Severity=75 | SourceName=Motor2 | EventType=application | SourceNode=ns=1;s=MotorSource2
[Anomaly Input] [2026-08-16 19:30:47.641 (UTC)] info/application	[Sensor] Updated distance: 36.3925098708796 cm | Severity=75 | SourceName=Sensor3 | EventType=application | SourceNode=ns=1;s=SensorSource3
[Anomaly Input] [2026-08-16 19:30:47.641 (UTC)] info/application	[Sensor] Updated distance: 27.0010630106558 cm | Severity=75 | SourceName=Sensor | EventType=application | SourceNode=ns=1;s=SensorSource
[Anomaly Input] [2026-08-16 19:30:47.642 (UTC)] info/application	[Sensor] Updated distance: 35.2565378878529 cm | Severity=75 | SourceName=Sensor2 | EventType=application | SourceNode=ns=1;s=SensorSource2
[Anomaly Input] [2026-08-16 19:30:48.148 (UTC)] info/application	[Motor] Received distance: 36.3925098708796 cm | Severity=75 | SourceName=Motor3 | EventType=application | SourceNode=ns=1;s=MotorSource3
[Anomaly Input] [2026-08-16 19:30:48.148 (UTC)] info/application	[Motor] Received distance: 35.2565378878529 cm | Severity=75 | SourceName=Motor2 | EventType=application | SourceNode=ns=1;s=MotorSource2
[Anomaly Input] [2026-08-16 19:30:48.148 (UTC)] info/application	[Motor] Received distance: 27.0010630106558 cm | Severity=75 | SourceName=Motor | EventType=application | SourceNode=ns=1;s=MotorSource
[Anomaly Input] [2026-08-16 19:30:48.148 (UTC)] info/application	[Motor] Distance safe (36.3925098708796); rotating motor to 90 degrees | Severity=75 | SourceName=Motor3 | EventType=application | SourceNode=ns=1;s=MotorSource3
[Anomaly Input] [2026-08-16 19:30:48.148 (UTC)] info/application	[Motor] Distance safe (35.2565378878529); rotating motor to 90 degrees | Severity=75 | SourceName=Motor2 | EventType=application | SourceNode=ns=1;s=MotorSource2
[Anomaly Input] [2026-08-16 19:30:48.148 (UTC)] info/application	[Motor] Distance safe (27.0010630106558); rotating motor to 90 degrees | Severity=75 | SourceName=Motor | EventType=application | SourceNode=ns=1;s=MotorSource
[Anomaly Input] [2026-08-16 19:30:48.642 (UTC)] info/application	[Sensor] Updated distance: 34.973624693916 cm | Severity=75 | SourceName=Sensor2 | EventType=application | SourceNode=ns=1;s=SensorSource2
[Anomaly Input] [2026-08-16 19:30:48.642 (UTC)] info/application	[Sensor] Updated distance: 35.9169191291634 cm | Severity=75 | SourceName=Sensor3 | EventType=application | SourceNode=ns=1;s=SensorSource3
[Anomaly Input] [2026-08-16 19:30:48.642 (UTC)] info/application	[Sensor] Updated distance: 27.0534578927576 cm | Severity=75 | SourceName=Sensor | EventType=application | SourceNode=ns=1;s=SensorSource
[Anomaly Input] [2026-08-16 19:30:49.148 (UTC)] info/application	[Motor] Received distance: 34.973624693916 cm | Severity=75 | SourceName=Motor2 | EventType=application | SourceNode=ns=1;s=MotorSource2
[Anomaly Input] [2026-08-16 19:30:49.148 (UTC)] info/application	[Motor] Received distance: 35.9169191291634 cm | Severity=75 | SourceName=Motor3 | EventType=application | SourceNode=ns=1;s=MotorSource3
[Anomaly Input] [2026-08-16 19:30:49.156 (UTC)] info/application	[Motor] Received distance: 27.0534578927576 cm | Severity=75 | SourceName=Motor | EventType=application | SourceNode=ns=1;s=MotorSource
[Anomaly Input] [2026-08-16 19:30:49.148 (UTC)] info/application	[Motor] Distance safe (34.973624693916); rotating motor to 90 degrees | Severity=75 | SourceName=Motor2 | EventType=application | SourceNode=ns=1;s=MotorSource2
[Anomaly Input] [2026-08-16 19:30:49.148 (UTC)] info/application	[Motor] Distance safe (35.9169191291634); rotating motor to 90 degrees | Severity=75 | SourceName=Motor3 | EventType=application | SourceNode=ns=1;s=MotorSource3
[Anomaly Input] [2026-08-16 19:30:49.156 (UTC)] info/application	[Motor] Distance safe (27.0534578927576); rotating motor to 90 degrees | Severity=75 | SourceName=Motor | EventType=application | SourceNode=ns=1;s=MotorSource
[Anomaly Input] [2026-08-16 19:30:49.642 (UTC)] info/application	[Sensor] Updated distance: 33.8577106645599 cm | Severity=75 | SourceName=Sensor2 | EventType=application | SourceNode=ns=1;s=SensorSource2
[Anomaly Input] [2026-08-16 19:30:49.642 (UTC)] info/application	[Sensor] Updated distance: 25.5706299005871 cm | Severity=75 | SourceName=Sensor | EventType=application | SourceNode=ns=1;s=SensorSource
[Anomaly Input] [2026-08-16 19:30:49.643 (UTC)] info/application	[Sensor] Updated distance: 36.909258926245 cm | Severity=75 | SourceName=Sensor3 | EventType=application | SourceNode=ns=1;s=SensorSource3
[Anomaly Input] [2026-08-16 19:30:50.148 (UTC)] info/application	[Motor] Received distance: 25.5706299005871 cm | Severity=75 | SourceName=Motor | EventType=application | SourceNode=ns=1;s=MotorSource
[Anomaly Input] [2026-08-16 19:30:50.149 (UTC)] info/application	[Motor] Received distance: 36.909258926245 cm | Severity=75 | SourceName=Motor3 | EventType=application | SourceNode=ns=1;s=MotorSource3
[Anomaly Input] [2026-08-16 19:30:50.149 (UTC)] info/application	[Motor] Received distance: 33.8577106645599 cm | Severity=75 | SourceName=Motor2 | EventType=application | SourceNode=ns=1;s=MotorSource2
[Anomaly Input] [2026-08-16 19:30:50.148 (UTC)] info/application	[Motor] Distance safe (25.5706299005871); rotating motor to 90 degrees | Severity=75 | SourceName=Motor | EventType=application | SourceNode=ns=1;s=MotorSource
[Anomaly Input] [2026-08-16 19:30:50.149 (UTC)] info/application	[Motor] Distance safe (36.909258926245); rotating motor to 90 degrees | Severity=75 | SourceName=Motor3 | EventType=application | SourceNode=ns=1;s=MotorSource3
[Anomaly Input] [2026-08-16 19:30:50.149 (UTC)] info/application	[Motor] Distance safe (33.8577106645599); rotating motor to 90 degrees | Severity=75 | SourceName=Motor2 | EventType=application | SourceNode=ns=1;s=MotorSource2
[Anomaly Input] [2026-08-16 19:30:50.643 (UTC)] info/application	[Sensor] Updated distance: 33.2761162131913 cm | Severity=75 | SourceName=Sensor2 | EventType=application | SourceNode=ns=1;s=SensorSource2
[Anomaly Input] [2026-08-16 19:30:50.643 (UTC)] info/application	[Sensor] Updated distance: 36.3401654953324 cm | Severity=75 | SourceName=Sensor3 | EventType=application | SourceNode=ns=1;s=SensorSource3
[Anomaly Input] [2026-08-16 19:30:50.643 (UTC)] info/application	[Sensor] Updated distance: 26.4824399761774 cm | Severity=75 | SourceName=Sensor | EventType=application | SourceNode=ns=1;s=SensorSource
[Anomaly Input] [2026-08-16 19:30:51.149 (UTC)] info/application	[Motor] Received distance: 36.3401654953324 cm | Severity=75 | SourceName=Motor3 | EventType=application | SourceNode=ns=1;s=MotorSource3
[Anomaly Input] [2026-08-16 19:30:51.156 (UTC)] info/application	[Motor] Received distance: 26.4824399761774 cm | Severity=75 | SourceName=Motor | EventType=application | SourceNode=ns=1;s=MotorSource
[Anomaly Input] [2026-08-16 19:30:51.157 (UTC)] info/application	[Motor] Received distance: 33.2761162131913 cm | Severity=75 | SourceName=Motor2 | EventType=application | SourceNode=ns=1;s=MotorSource2
[Anomaly Input] [2026-08-16 19:30:51.149 (UTC)] info/application	[Motor] Distance safe (36.3401654953324); rotating motor to 90 degrees | Severity=75 | SourceName=Motor3 | EventType=application | SourceNode=ns=1;s=MotorSource3
[Anomaly Input] [2026-08-16 19:30:51.156 (UTC)] info/application	[Motor] Distance safe (26.4824399761774); rotating motor to 90 degrees | Severity=75 | SourceName=Motor | EventType=application | SourceNode=ns=1;s=MotorSource
[Anomaly Input] [2026-08-16 19:30:51.157 (UTC)] info/application	[Motor] Distance safe (33.2761162131913); rotating motor to 90 degrees | Severity=75 | SourceName=Motor2 | EventType=application | SourceNode=ns=1;s=MotorSource2
[Anomaly Input] [2026-08-16 19:30:51.643 (UTC)] info/application	[Sensor] Updated distance: 32.396338617148 cm | Severity=75 | SourceName=Sensor2 | EventType=application | SourceNode=ns=1;s=SensorSource2
[Anomaly Input] [2026-08-16 19:30:51.643 (UTC)] info/application	[Sensor] Updated distance: 27.4091725830963 cm | Severity=75 | SourceName=Sensor | EventType=application | SourceNode=ns=1;s=SensorSource
[Anomaly Input] [2026-08-16 19:30:51.643 (UTC)] info/application	[Sensor] Updated distance: 36.8020979719246 cm | Severity=75 | SourceName=Sensor3 | EventType=application | SourceNode=ns=1;s=SensorSource3
[Anomaly Input] [2026-08-16 19:30:52.148 (UTC)] info/application	[Motor] Received distance: 32.396338617148 cm | Severity=75 | SourceName=Motor2 | EventType=application | SourceNode=ns=1;s=MotorSource2
[Anomaly Input] [2026-08-16 19:30:52.148 (UTC)] info/application	[Motor] Received distance: 27.4091725830963 cm | Severity=75 | SourceName=Motor | EventType=application | SourceNode=ns=1;s=MotorSource
[Anomaly Input] [2026-08-16 19:30:52.149 (UTC)] info/application	[Motor] Received distance: 36.8020979719246 cm | Severity=75 | SourceName=Motor3 | EventType=application | SourceNode=ns=1;s=MotorSource3
[Anomaly Input] [2026-08-16 19:30:52.148 (UTC)] info/application	[Motor] Distance safe (32.396338617148); rotating motor to 90 degrees | Severity=75 | SourceName=Motor2 | EventType=application | SourceNode=ns=1;s=MotorSource2
[Anomaly Input] [2026-08-16 19:30:52.148 (UTC)] info/application	[Motor] Distance safe (27.4091725830963); rotating motor to 90 degrees | Severity=75 | SourceName=Motor | EventType=application | SourceNode=ns=1;s=MotorSource
[Anomaly Input] [2026-08-16 19:30:52.149 (UTC)] info/application	[Motor] Distance safe (36.8020979719246); rotating motor to 90 degrees | Severity=75 | SourceName=Motor3 | EventType=application | SourceNode=ns=1;s=MotorSource3
[Anomaly Input] [2026-08-16 19:30:52.643 (UTC)] info/application	[Sensor] Updated distance: 33.537834783568 cm | Severity=75 | SourceName=Sensor2 | EventType=application | SourceNode=ns=1;s=SensorSource2
[Anomaly Input] [2026-08-16 19:30:52.643 (UTC)] info/application	[Sensor] Updated distance: 27.6658776668673 cm | Severity=75 | SourceName=Sensor | EventType=application | SourceNode=ns=1;s=SensorSource
[Anomaly Input] [2026-08-16 19:30:52.643 (UTC)] info/application	[Sensor] Updated distance: 36.12581151753 cm | Severity=75 | SourceName=Sensor3 | EventType=application | SourceNode=ns=1;s=SensorSource3
[Anomaly Input] [2026-08-16 19:30:53.149 (UTC)] info/application	[Motor] Received distance: 33.537834783568 cm | Severity=75 | SourceName=Motor2 | EventType=application | SourceNode=ns=1;s=MotorSource2
[Anomaly Input] [2026-08-16 19:30:53.149 (UTC)] info/application	[Motor] Received distance: 36.12581151753 cm | Severity=75 | SourceName=Motor3 | EventType=application | SourceNode=ns=1;s=MotorSource3
[Anomaly Input] [2026-08-16 19:30:53.157 (UTC)] info/application	[Motor] Received distance: 27.6658776668673 cm | Severity=75 | SourceName=Motor | EventType=application | SourceNode=ns=1;s=MotorSource
[Anomaly Input] [2026-08-16 19:30:53.149 (UTC)] info/application	[Motor] Distance safe (33.537834783568); rotating motor to 90 degrees | Severity=75 | SourceName=Motor2 | EventType=application | SourceNode=ns=1;s=MotorSource2
[Anomaly Input] [2026-08-16 19:30:53.149 (UTC)] info/application	[Motor] Distance safe (36.12581151753); rotating motor to 90 degrees | Severity=75 | SourceName=Motor3 | EventType=application | SourceNode=ns=1;s=MotorSource3
[Anomaly Input] [2026-08-16 19:30:53.157 (UTC)] info/application	[Motor] Distance safe (27.6658776668673); rotating motor to 90 degrees | Severity=75 | SourceName=Motor | EventType=application | SourceNode=ns=1;s=MotorSource
[Anomaly Input] [2026-08-16 19:30:53.644 (UTC)] info/application	[Sensor] Updated distance: 33.4799085927568 cm | Severity=75 | SourceName=Sensor2 | EventType=application | SourceNode=ns=1;s=SensorSource2
[Anomaly Input] [2026-08-16 19:30:53.644 (UTC)] info/application	[Sensor] Updated distance: 35.10923186555 cm | Severity=75 | SourceName=Sensor3 | EventType=application | SourceNode=ns=1;s=SensorSource3
[Anomaly Input] [2026-08-16 19:30:53.644 (UTC)] info/application	[Sensor] Updated distance: 28.5887902591325 cm | Severity=75 | SourceName=Sensor | EventType=application | SourceNode=ns=1;s=SensorSource
[Anomaly Input] [2026-08-16 19:30:54.149 (UTC)] info/application	[Motor] Received distance: 28.5887902591325 cm | Severity=75 | SourceName=Motor | EventType=application | SourceNode=ns=1;s=MotorSource
[Anomaly Input] [2026-08-16 19:30:54.149 (UTC)] info/application	[Motor] Received distance: 35.10923186555 cm | Severity=75 | SourceName=Motor3 | EventType=application | SourceNode=ns=1;s=MotorSource3
[Anomaly Input] [2026-08-16 19:30:54.157 (UTC)] info/application	[Motor] Received distance: 33.4799085927568 cm | Severity=75 | SourceName=Motor2 | EventType=application | SourceNode=ns=1;s=MotorSource2
[Anomaly Input] [2026-08-16 19:30:54.149 (UTC)] info/application	[Motor] Distance safe (28.5887902591325); rotating motor to 90 degrees | Severity=75 | SourceName=Motor | EventType=application | SourceNode=ns=1;s=MotorSource
[Anomaly Input] [2026-08-16 19:30:54.149 (UTC)] info/application	[Motor] Distance safe (35.10923186555); rotating motor to 90 degrees | Severity=75 | SourceName=Motor3 | EventType=application | SourceNode=ns=1;s=MotorSource3
[Anomaly Input] [2026-08-16 19:30:54.157 (UTC)] info/application	[Motor] Distance safe (33.4799085927568); rotating motor to 90 degrees | Severity=75 | SourceName=Motor2 | EventType=application | SourceNode=ns=1;s=MotorSource2
[Anomaly Input] [2026-08-16 19:30:54.644 (UTC)] info/application	[Sensor] Updated distance: 27.5644997549544 cm | Severity=75 | SourceName=Sensor | EventType=application | SourceNode=ns=1;s=SensorSource
[Anomaly Input] [2026-08-16 19:30:54.644 (UTC)] info/application	[Sensor] Updated distance: 34.2520394640751 cm | Severity=75 | SourceName=Sensor2 | EventType=application | SourceNode=ns=1;s=SensorSource2
[Anomaly Input] [2026-08-16 19:30:54.644 (UTC)] info/application	[Sensor] Updated distance: 34.8292696826762 cm | Severity=75 | SourceName=Sensor3 | EventType=application | SourceNode=ns=1;s=SensorSource3
[Anomaly Input] [2026-08-16 19:30:55.140 (UTC)] info/application	[Motor] Received distance: 27.5644997549544 cm | Severity=75 | SourceName=Motor | EventType=application | SourceNode=ns=1;s=MotorSource
[Anomaly Input] [2026-08-16 19:30:55.150 (UTC)] info/application	[Motor] Received distance: 34.2520394640751 cm | Severity=75 | SourceName=Motor2 | EventType=application | SourceNode=ns=1;s=MotorSource2
[Anomaly Input] [2026-08-16 19:30:55.158 (UTC)] info/application	[Motor] Received distance: 34.8292696826762 cm | Severity=75 | SourceName=Motor3 | EventType=application | SourceNode=ns=1;s=MotorSource3
[Anomaly Input] [2026-08-16 19:30:55.140 (UTC)] info/application	[Motor] Distance safe (27.5644997549544); rotating motor to 90 degrees | Severity=75 | SourceName=Motor | EventType=application | SourceNode=ns=1;s=MotorSource
[Anomaly Input] [2026-08-16 19:30:55.150 (UTC)] info/application	[Motor] Distance safe (34.2520394640751); rotating motor to 90 degrees | Severity=75 | SourceName=Motor2 | EventType=application | SourceNode=ns=1;s=MotorSource2
[Anomaly Input] [2026-08-16 19:30:55.158 (UTC)] info/application	[Motor] Distance safe (34.8292696826762); rotating motor to 90 degrees | Severity=75 | SourceName=Motor3 | EventType=application | SourceNode=ns=1;s=MotorSource3
[Anomaly Input] [2026-08-16 19:30:55.645 (UTC)] info/application	[Sensor] Updated distance: 34.5381784544038 cm | Severity=75 | SourceName=Sensor3 | EventType=application | SourceNode=ns=1;s=SensorSource3
[Anomaly Input] [2026-08-16 19:30:55.645 (UTC)] info/application	[Sensor] Updated distance: 35.6543467145666 cm | Severity=75 | SourceName=Sensor2 | EventType=application | SourceNode=ns=1;s=SensorSource2
[Anomaly Input] [2026-08-16 19:30:55.645 (UTC)] info/application	[Sensor] Updated distance: 26.5227128325602 cm | Severity=75 | SourceName=Sensor | EventType=application | SourceNode=ns=1;s=SensorSource
[Anomaly Input] [2026-08-16 19:30:56.140 (UTC)] info/application	[Motor] Received distance: 35.6543467145666 cm | Severity=75 | SourceName=Motor2 | EventType=application | SourceNode=ns=1;s=MotorSource2
[Anomaly Input] [2026-08-16 19:30:56.146 (UTC)] info/application	[Motor] Received distance: 26.5227128325602 cm | Severity=75 | SourceName=Motor | EventType=application | SourceNode=ns=1;s=MotorSource
[Anomaly Input] [2026-08-16 19:30:56.147 (UTC)] info/application	[Motor] Received distance: 34.5381784544038 cm | Severity=75 | SourceName=Motor3 | EventType=application | SourceNode=ns=1;s=MotorSource3
[Anomaly Input] [2026-08-16 19:30:56.140 (UTC)] info/application	[Motor] Distance safe (35.6543467145666); rotating motor to 90 degrees | Severity=75 | SourceName=Motor2 | EventType=application | SourceNode=ns=1;s=MotorSource2
[Anomaly Input] [2026-08-16 19:30:56.146 (UTC)] info/application	[Motor] Distance safe (26.5227128325602); rotating motor to 90 degrees | Severity=75 | SourceName=Motor | EventType=application | SourceNode=ns=1;s=MotorSource
[Anomaly Input] [2026-08-16 19:30:56.147 (UTC)] info/application	[Motor] Distance safe (34.5381784544038); rotating motor to 90 degrees | Severity=75 | SourceName=Motor3 | EventType=application | SourceNode=ns=1;s=MotorSource3
[Anomaly Input] [2026-08-16 19:30:56.646 (UTC)] info/application	[Sensor] Updated distance: 35.4889962770925 cm | Severity=75 | SourceName=Sensor2 | EventType=application | SourceNode=ns=1;s=SensorSource2
[Anomaly Input] [2026-08-16 19:30:56.646 (UTC)] info/application	[Sensor] Updated distance: 35.4724821341096 cm | Severity=75 | SourceName=Sensor3 | EventType=application | SourceNode=ns=1;s=SensorSource3
[Anomaly Input] [2026-08-16 19:30:56.646 (UTC)] info/application	[Sensor] Updated distance: 25.3048445935384 cm | Severity=75 | SourceName=Sensor | EventType=application | SourceNode=ns=1;s=SensorSource
[Anomaly Input] [2026-08-16 19:30:57.146 (UTC)] info/application	[Motor] Received distance: 25.3048445935384 cm | Severity=75 | SourceName=Motor | EventType=application | SourceNode=ns=1;s=MotorSource
[Anomaly Input] [2026-08-16 19:30:57.147 (UTC)] info/application	[Motor] Received distance: 35.4889962770925 cm | Severity=75 | SourceName=Motor2 | EventType=application | SourceNode=ns=1;s=MotorSource2
[Anomaly Input] [2026-08-16 19:30:57.148 (UTC)] info/application	[Motor] Received distance: 35.4724821341096 cm | Severity=75 | SourceName=Motor3 | EventType=application | SourceNode=ns=1;s=MotorSource3
[Anomaly Input] [2026-08-16 19:30:57.146 (UTC)] info/application	[Motor] Distance safe (25.3048445935384); rotating motor to 90 degrees | Severity=75 | SourceName=Motor | EventType=application | SourceNode=ns=1;s=MotorSource
[Anomaly Input] [2026-08-16 19:30:57.147 (UTC)] info/application	[Motor] Distance safe (35.4889962770925); rotating motor to 90 degrees | Severity=75 | SourceName=Motor2 | EventType=application | SourceNode=ns=1;s=MotorSource2
[Anomaly Input] [2026-08-16 19:30:57.148 (UTC)] info/application	[Motor] Distance safe (35.4724821341096); rotating motor to 90 degrees | Severity=75 | SourceName=Motor3 | EventType=application | SourceNode=ns=1;s=MotorSource3
[Anomaly Input] [2026-08-16 19:30:57.646 (UTC)] info/application	[Sensor] Updated distance: 34.9038689219876 cm | Severity=75 | SourceName=Sensor3 | EventType=application | SourceNode=ns=1;s=SensorSource3
[Anomaly Input] [2026-08-16 19:30:57.646 (UTC)] info/application	[Sensor] Updated distance: 36.4299033346725 cm | Severity=75 | SourceName=Sensor2 | EventType=application | SourceNode=ns=1;s=SensorSource2
[Anomaly Input] [2026-08-16 19:30:57.646 (UTC)] info/application	[Sensor] Updated distance: 26.4073173037764 cm | Severity=75 | SourceName=Sensor | EventType=application | SourceNode=ns=1;s=SensorSource
[Anomaly Input] [2026-08-16 19:30:58.147 (UTC)] info/application	[Motor] Received distance: 26.4073173037764 cm | Severity=75 | SourceName=Motor | EventType=application | SourceNode=ns=1;s=MotorSource
[Anomaly Input] [2026-08-16 19:30:58.147 (UTC)] info/application	[Motor] Received distance: 36.4299033346725 cm | Severity=75 | SourceName=Motor2 | EventType=application | SourceNode=ns=1;s=MotorSource2
[Anomaly Input] [2026-08-16 19:30:58.148 (UTC)] info/application	[Motor] Received distance: 34.9038689219876 cm | Severity=75 | SourceName=Motor3 | EventType=application | SourceNode=ns=1;s=MotorSource3
[Anomaly Input] [2026-08-16 19:30:58.147 (UTC)] info/application	[Motor] Distance safe (26.4073173037764); rotating motor to 90 degrees | Severity=75 | SourceName=Motor | EventType=application | SourceNode=ns=1;s=MotorSource
[Anomaly Input] [2026-08-16 19:30:58.147 (UTC)] info/application	[Motor] Distance safe (36.4299033346725); rotating motor to 90 degrees | Severity=75 | SourceName=Motor2 | EventType=application | SourceNode=ns=1;s=MotorSource2
[Anomaly Input] [2026-08-16 19:30:58.148 (UTC)] info/application	[Motor] Distance safe (34.9038689219876); rotating motor to 90 degrees | Severity=75 | SourceName=Motor3 | EventType=application | SourceNode=ns=1;s=MotorSource3
[Anomaly Input] [2026-08-16 19:30:58.647 (UTC)] info/application	[Sensor] Updated distance: 25.502520975658 cm | Severity=75 | SourceName=Sensor | EventType=application | SourceNode=ns=1;s=SensorSource
[Anomaly Input] [2026-08-16 19:30:58.647 (UTC)] info/application	[Sensor] Updated distance: 35.529672514661 cm | Severity=75 | SourceName=Sensor2 | EventType=application | SourceNode=ns=1;s=SensorSource2
[Anomaly Input] [2026-08-16 19:30:58.647 (UTC)] info/application	[Sensor] Updated distance: 35.9454405063043 cm | Severity=75 | SourceName=Sensor3 | EventType=application | SourceNode=ns=1;s=SensorSource3
[Anomaly Input] [2026-08-16 19:30:59.147 (UTC)] info/application	[Motor] Received distance: 25.502520975658 cm | Severity=75 | SourceName=Motor | EventType=application | SourceNode=ns=1;s=MotorSource
[Anomaly Input] [2026-08-16 19:30:59.148 (UTC)] info/application	[Motor] Received distance: 35.529672514661 cm | Severity=75 | SourceName=Motor2 | EventType=application | SourceNode=ns=1;s=MotorSource2
[Anomaly Input] [2026-08-16 19:30:59.149 (UTC)] info/application	[Motor] Received distance: 35.9454405063043 cm | Severity=75 | SourceName=Motor3 | EventType=application | SourceNode=ns=1;s=MotorSource3
[Anomaly Input] [2026-08-16 19:30:59.147 (UTC)] info/application	[Motor] Distance safe (25.502520975658); rotating motor to 90 degrees | Severity=75 | SourceName=Motor | EventType=application | SourceNode=ns=1;s=MotorSource
[Anomaly Input] [2026-08-16 19:30:59.148 (UTC)] info/application	[Motor] Distance safe (35.529672514661); rotating motor to 90 degrees | Severity=75 | SourceName=Motor2 | EventType=application | SourceNode=ns=1;s=MotorSource2
[Anomaly Input] [2026-08-16 19:30:59.149 (UTC)] info/application	[Motor] Distance safe (35.9454405063043); rotating motor to 90 degrees | Severity=75 | SourceName=Motor3 | EventType=application | SourceNode=ns=1;s=MotorSource3
[Anomaly Input] [2026-08-16 19:30:59.647 (UTC)] info/application	[Sensor] Updated distance: 34.4331835235623 cm | Severity=75 | SourceName=Sensor2 | EventType=application | SourceNode=ns=1;s=SensorSource2
[Anomaly Input] [2026-08-16 19:30:59.647 (UTC)] info/application	[Sensor] Updated distance: 24.5185399812267 cm | Severity=75 | SourceName=Sensor | EventType=application | SourceNode=ns=1;s=SensorSource
[Anomaly Input] [2026-08-16 19:30:59.647 (UTC)] info/application	[Sensor] Updated distance: 34.819840844171 cm | Severity=75 | SourceName=Sensor3 | EventType=application | SourceNode=ns=1;s=SensorSource3
[Anomaly Input] [2026-08-16 19:31:00.143 (UTC)] info/application	[Motor] Received distance: 24.5185399812267 cm | Severity=75 | SourceName=Motor | EventType=application | SourceNode=ns=1;s=MotorSource
[Anomaly Input] [2026-08-16 19:31:00.149 (UTC)] info/application	[Motor] Received distance: 34.4331835235623 cm | Severity=75 | SourceName=Motor2 | EventType=application | SourceNode=ns=1;s=MotorSource2
[Anomaly Input] [2026-08-16 19:31:00.149 (UTC)] info/application	[Motor] Received distance: 34.819840844171 cm | Severity=75 | SourceName=Motor3 | EventType=application | SourceNode=ns=1;s=MotorSource3
[Anomaly Input] [2026-08-16 19:31:00.143 (UTC)] info/application	[Motor] Distance safe (24.5185399812267); rotating motor to 90 degrees | Severity=75 | SourceName=Motor | EventType=application | SourceNode=ns=1;s=MotorSource
[Anomaly Input] [2026-08-16 19:31:00.149 (UTC)] info/application	[Motor] Distance safe (34.4331835235623); rotating motor to 90 degrees | Severity=75 | SourceName=Motor2 | EventType=application | SourceNode=ns=1;s=MotorSource2
[Anomaly Input] [2026-08-16 19:31:00.149 (UTC)] info/application	[Motor] Distance safe (34.819840844171); rotating motor to 90 degrees | Severity=75 | SourceName=Motor3 | EventType=application | SourceNode=ns=1;s=MotorSource3
[Anomaly Input] [2026-08-16 19:31:00.648 (UTC)] info/application	[Sensor] Updated distance: 33.4464563172992 cm | Severity=75 | SourceName=Sensor3 | EventType=application | SourceNode=ns=1;s=SensorSource3
[Anomaly Input] [2026-08-16 19:31:00.648 (UTC)] info/application	[Sensor] Updated distance: 25.2912806052674 cm | Severity=75 | SourceName=Sensor | EventType=application | SourceNode=ns=1;s=SensorSource
[Anomaly Input] [2026-08-16 19:31:00.648 (UTC)] info/application	[Sensor] Updated distance: 34.8080372546371 cm | Severity=75 | SourceName=Sensor2 | EventType=application | SourceNode=ns=1;s=SensorSource2
[Anomaly Input] [2026-08-16 19:31:01.144 (UTC)] info/application	[Motor] Received distance: 34.8080372546371 cm | Severity=75 | SourceName=Motor2 | EventType=application | SourceNode=ns=1;s=MotorSource2
[Anomaly Input] [2026-08-16 19:31:01.146 (UTC)] info/application	[Motor] Received distance: 25.2912806052674 cm | Severity=75 | SourceName=Motor | EventType=application | SourceNode=ns=1;s=MotorSource
[Anomaly Input] [2026-08-16 19:31:01.149 (UTC)] info/application	[Motor] Received distance: 33.4464563172992 cm | Severity=75 | SourceName=Motor3 | EventType=application | SourceNode=ns=1;s=MotorSource3
[Anomaly Input] [2026-08-16 19:31:01.144 (UTC)] info/application	[Motor] Distance safe (34.8080372546371); rotating motor to 90 degrees | Severity=75 | SourceName=Motor2 | EventType=application | SourceNode=ns=1;s=MotorSource2
[Anomaly Input] [2026-08-16 19:31:01.146 (UTC)] info/application	[Motor] Distance safe (25.2912806052674); rotating motor to 90 degrees | Severity=75 | SourceName=Motor | EventType=application | SourceNode=ns=1;s=MotorSource
[Anomaly Input] [2026-08-16 19:31:01.149 (UTC)] info/application	[Motor] Distance safe (33.4464563172992); rotating motor to 90 degrees | Severity=75 | SourceName=Motor3 | EventType=application | SourceNode=ns=1;s=MotorSource3
[Anomaly Input] [2026-08-16 19:31:01.649 (UTC)] info/application	[Sensor] Updated distance: 25.9040330955312 cm | Severity=75 | SourceName=Sensor | EventType=application | SourceNode=ns=1;s=SensorSource
[Anomaly Input] [2026-08-16 19:31:01.650 (UTC)] info/application	[Sensor] Updated distance: 35.111144152056 cm | Severity=75 | SourceName=Sensor2 | EventType=application | SourceNode=ns=1;s=SensorSource2
[Anomaly Input] [2026-08-16 19:31:01.650 (UTC)] info/application	[Sensor] Updated distance: 33.962055247725 cm | Severity=75 | SourceName=Sensor3 | EventType=application | SourceNode=ns=1;s=SensorSource3
[Anomaly Input] [2026-08-16 19:31:02.145 (UTC)] info/application	[Motor] Received distance: 33.962055247725 cm | Severity=75 | SourceName=Motor3 | EventType=application | SourceNode=ns=1;s=MotorSource3
[Anomaly Input] [2026-08-16 19:31:02.147 (UTC)] info/application	[Motor] Received distance: 25.9040330955312 cm | Severity=75 | SourceName=Motor | EventType=application | SourceNode=ns=1;s=MotorSource
[Anomaly Input] [2026-08-16 19:31:02.147 (UTC)] info/application	[Motor] Received distance: 35.111144152056 cm | Severity=75 | SourceName=Motor2 | EventType=application | SourceNode=ns=1;s=MotorSource2
[Anomaly Input] [2026-08-16 19:31:02.145 (UTC)] info/application	[Motor] Distance safe (33.962055247725); rotating motor to 90 degrees | Severity=75 | SourceName=Motor3 | EventType=application | SourceNode=ns=1;s=MotorSource3
[Anomaly Input] [2026-08-16 19:31:02.147 (UTC)] info/application	[Motor] Distance safe (25.9040330955312); rotating motor to 90 degrees | Severity=75 | SourceName=Motor | EventType=application | SourceNode=ns=1;s=MotorSource
[Anomaly Input] [2026-08-16 19:31:02.147 (UTC)] info/application	[Motor] Distance safe (35.111144152056); rotating motor to 90 degrees | Severity=75 | SourceName=Motor2 | EventType=application | SourceNode=ns=1;s=MotorSource2
[Anomaly Input] [2026-08-16 19:31:02.650 (UTC)] info/application	[Sensor] Updated distance: 25.9384385931485 cm | Severity=75 | SourceName=Sensor | EventType=application | SourceNode=ns=1;s=SensorSource
[Anomaly Input] [2026-08-16 19:31:02.650 (UTC)] info/application	[Sensor] Updated distance: 33.6323046619688 cm | Severity=75 | SourceName=Sensor2 | EventType=application | SourceNode=ns=1;s=SensorSource2
[Anomaly Input] [2026-08-16 19:31:02.650 (UTC)] info/application	[Sensor] Updated distance: 32.6041107327231 cm | Severity=75 | SourceName=Sensor3 | EventType=application | SourceNode=ns=1;s=SensorSource3
[Anomaly Input] [2026-08-16 19:31:03.147 (UTC)] info/application	[Motor] Received distance: 25.9384385931485 cm | Severity=75 | SourceName=Motor | EventType=application | SourceNode=ns=1;s=MotorSource
[Anomaly Input] [2026-08-16 19:31:03.148 (UTC)] info/application	[Motor] Received distance: 33.6323046619688 cm | Severity=75 | SourceName=Motor2 | EventType=application | SourceNode=ns=1;s=MotorSource2
[Anomaly Input] [2026-08-16 19:31:03.148 (UTC)] info/application	[Motor] Received distance: 32.6041107327231 cm | Severity=75 | SourceName=Motor3 | EventType=application | SourceNode=ns=1;s=MotorSource3
[Anomaly Input] [2026-08-16 19:31:03.147 (UTC)] info/application	[Motor] Distance safe (25.9384385931485); rotating motor to 90 degrees | Severity=75 | SourceName=Motor | EventType=application | SourceNode=ns=1;s=MotorSource
[Anomaly Input] [2026-08-16 19:31:03.148 (UTC)] info/application	[Motor] Distance safe (33.6323046619688); rotating motor to 90 degrees | Severity=75 | SourceName=Motor2 | EventType=application | SourceNode=ns=1;s=MotorSource2
[Anomaly Input] [2026-08-16 19:31:03.148 (UTC)] info/application	[Motor] Distance safe (32.6041107327231); rotating motor to 90 degrees | Severity=75 | SourceName=Motor3 | EventType=application | SourceNode=ns=1;s=MotorSource3
[Anomaly Input] [2026-08-16 19:31:03.640 (UTC)] info/application	[Sensor] Updated distance: 33.6818652482153 cm | Severity=75 | SourceName=Sensor3 | EventType=application | SourceNode=ns=1;s=SensorSource3
[Anomaly Input] [2026-08-16 19:31:03.640 (UTC)] info/application	[Sensor] Updated distance: 34.3069607914923 cm | Severity=75 | SourceName=Sensor2 | EventType=application | SourceNode=ns=1;s=SensorSource2
[Anomaly Input] [2026-08-16 19:31:03.640 (UTC)] info/application	[Sensor] Updated distance: 26.354256211945 cm | Severity=75 | SourceName=Sensor | EventType=application | SourceNode=ns=1;s=SensorSource
[Anomaly Input] [2026-08-16 19:31:04.146 (UTC)] info/application	[Motor] Received distance: 34.3069607914923 cm | Severity=75 | SourceName=Motor2 | EventType=application | SourceNode=ns=1;s=MotorSource2
[Anomaly Input] [2026-08-16 19:31:04.147 (UTC)] info/application	[Motor] Received distance: 26.354256211945 cm | Severity=75 | SourceName=Motor | EventType=application | SourceNode=ns=1;s=MotorSource
[Anomaly Input] [2026-08-16 19:31:04.149 (UTC)] info/application	[Motor] Received distance: 33.6818652482153 cm | Severity=75 | SourceName=Motor3 | EventType=application | SourceNode=ns=1;s=MotorSource3
[Anomaly Input] [2026-08-16 19:31:04.146 (UTC)] info/application	[Motor] Distance safe (34.3069607914923); rotating motor to 90 degrees | Severity=75 | SourceName=Motor2 | EventType=application | SourceNode=ns=1;s=MotorSource2
[Anomaly Input] [2026-08-16 19:31:04.147 (UTC)] info/application	[Motor] Distance safe (26.354256211945); rotating motor to 90 degrees | Severity=75 | SourceName=Motor | EventType=application | SourceNode=ns=1;s=MotorSource
[Anomaly Input] [2026-08-16 19:31:04.149 (UTC)] info/application	[Motor] Distance safe (33.6818652482153); rotating motor to 90 degrees | Severity=75 | SourceName=Motor3 | EventType=application | SourceNode=ns=1;s=MotorSource3
[Anomaly Input] [2026-08-16 19:31:04.641 (UTC)] info/application	[Sensor] Updated distance: 33.4902858002997 cm | Severity=75 | SourceName=Sensor3 | EventType=application | SourceNode=ns=1;s=SensorSource3
[Anomaly Input] [2026-08-16 19:31:04.641 (UTC)] info/application	[Sensor] Updated distance: 25.4529373845798 cm | Severity=75 | SourceName=Sensor | EventType=application | SourceNode=ns=1;s=SensorSource
[Anomaly Input] [2026-08-16 19:31:04.641 (UTC)] info/application	[Sensor] Updated distance: 34.9517372438925 cm | Severity=75 | SourceName=Sensor2 | EventType=application | SourceNode=ns=1;s=SensorSource2
[Anomaly Input] [2026-08-16 19:31:05.148 (UTC)] info/application	[Motor] Received distance: 25.4529373845798 cm | Severity=75 | SourceName=Motor | EventType=application | SourceNode=ns=1;s=MotorSource
[Anomaly Input] [2026-08-16 19:31:05.148 (UTC)] info/application	[Motor] Received distance: 34.9517372438925 cm | Severity=75 | SourceName=Motor2 | EventType=application | SourceNode=ns=1;s=MotorSource2
[Anomaly Input] [2026-08-16 19:31:05.149 (UTC)] info/application	[Motor] Received distance: 33.4902858002997 cm | Severity=75 | SourceName=Motor3 | EventType=application | SourceNode=ns=1;s=MotorSource3
[Anomaly Input] [2026-08-16 19:31:05.148 (UTC)] info/application	[Motor] Distance safe (25.4529373845798); rotating motor to 90 degrees | Severity=75 | SourceName=Motor | EventType=application | SourceNode=ns=1;s=MotorSource
[Anomaly Input] [2026-08-16 19:31:05.148 (UTC)] info/application	[Motor] Distance safe (34.9517372438925); rotating motor to 90 degrees | Severity=75 | SourceName=Motor2 | EventType=application | SourceNode=ns=1;s=MotorSource2
[Anomaly Input] [2026-08-16 19:31:05.149 (UTC)] info/application	[Motor] Distance safe (33.4902858002997); rotating motor to 90 degrees | Severity=75 | SourceName=Motor3 | EventType=application | SourceNode=ns=1;s=MotorSource3
[Anomaly Input] [2026-08-16 19:31:05.641 (UTC)] info/application	[Sensor] Updated distance: 33.4666939412554 cm | Severity=75 | SourceName=Sensor3 | EventType=application | SourceNode=ns=1;s=SensorSource3
[Anomaly Input] [2026-08-16 19:31:05.641 (UTC)] info/application	[Sensor] Updated distance: 24.8574942675687 cm | Severity=75 | SourceName=Sensor | EventType=application | SourceNode=ns=1;s=SensorSource
[Anomaly Input] [2026-08-16 19:31:05.642 (UTC)] info/application	[Sensor] Updated distance: 36.0406543323959 cm | Severity=75 | SourceName=Sensor2 | EventType=application | SourceNode=ns=1;s=SensorSource2
[Anomaly Input] [2026-08-16 19:31:06.149 (UTC)] info/application	[Motor] Received distance: 36.0406543323959 cm | Severity=75 | SourceName=Motor2 | EventType=application | SourceNode=ns=1;s=MotorSource2
[Anomaly Input] [2026-08-16 19:31:06.149 (UTC)] info/application	[Motor] Received distance: 33.4666939412554 cm | Severity=75 | SourceName=Motor3 | EventType=application | SourceNode=ns=1;s=MotorSource3
[Anomaly Input] [2026-08-16 19:31:06.156 (UTC)] info/application	[Motor] Received distance: 24.8574942675687 cm | Severity=75 | SourceName=Motor | EventType=application | SourceNode=ns=1;s=MotorSource
[Anomaly Input] [2026-08-16 19:31:06.149 (UTC)] info/application	[Motor] Distance safe (36.0406543323959); rotating motor to 90 degrees | Severity=75 | SourceName=Motor2 | EventType=application | SourceNode=ns=1;s=MotorSource2
[Anomaly Input] [2026-08-16 19:31:06.149 (UTC)] info/application	[Motor] Distance safe (33.4666939412554); rotating motor to 90 degrees | Severity=75 | SourceName=Motor3 | EventType=application | SourceNode=ns=1;s=MotorSource3
[Anomaly Input] [2026-08-16 19:31:06.156 (UTC)] info/application	[Motor] Distance safe (24.8574942675687); rotating motor to 90 degrees | Severity=75 | SourceName=Motor | EventType=application | SourceNode=ns=1;s=MotorSource
[Anomaly Input] [2026-08-16 19:31:06.641 (UTC)] info/application	[Sensor] Updated distance: 33.7851444544667 cm | Severity=75 | SourceName=Sensor3 | EventType=application | SourceNode=ns=1;s=SensorSource3
[Anomaly Input] [2026-08-16 19:31:06.641 (UTC)] info/application	[Sensor] Updated distance: 26.2770272496981 cm | Severity=75 | SourceName=Sensor | EventType=application | SourceNode=ns=1;s=SensorSource
[Anomaly Input] [2026-08-16 19:31:06.643 (UTC)] info/application	[Sensor] Updated distance: 35.3415613047972 cm | Severity=75 | SourceName=Sensor2 | EventType=application | SourceNode=ns=1;s=SensorSource2
[Anomaly Input] [2026-08-16 19:31:07.147 (UTC)] info/application	[Motor] Received distance: 33.7851444544667 cm | Severity=75 | SourceName=Motor3 | EventType=application | SourceNode=ns=1;s=MotorSource3
[Anomaly Input] [2026-08-16 19:31:07.147 (UTC)] info/application	[Motor] Received distance: 26.2770272496981 cm | Severity=75 | SourceName=Motor | EventType=application | SourceNode=ns=1;s=MotorSource
[Anomaly Input] [2026-08-16 19:31:07.158 (UTC)] info/application	[Motor] Received distance: 35.3415613047972 cm | Severity=75 | SourceName=Motor2 | EventType=application | SourceNode=ns=1;s=MotorSource2
[Anomaly Input] [2026-08-16 19:31:07.147 (UTC)] info/application	[Motor] Distance safe (33.7851444544667); rotating motor to 90 degrees | Severity=75 | SourceName=Motor3 | EventType=application | SourceNode=ns=1;s=MotorSource3
[Anomaly Input] [2026-08-16 19:31:07.147 (UTC)] info/application	[Motor] Distance safe (26.2770272496981); rotating motor to 90 degrees | Severity=75 | SourceName=Motor | EventType=application | SourceNode=ns=1;s=MotorSource
[Anomaly Input] [2026-08-16 19:31:07.158 (UTC)] info/application	[Motor] Distance safe (35.3415613047972); rotating motor to 90 degrees | Severity=75 | SourceName=Motor2 | EventType=application | SourceNode=ns=1;s=MotorSource2
[Anomaly Input] [2026-08-16 19:31:07.642 (UTC)] info/application	[Sensor] Updated distance: 27.1364286598454 cm | Severity=75 | SourceName=Sensor | EventType=application | SourceNode=ns=1;s=SensorSource
[Anomaly Input] [2026-08-16 19:31:07.642 (UTC)] info/application	[Sensor] Updated distance: 32.5749788198504 cm | Severity=75 | SourceName=Sensor3 | EventType=application | SourceNode=ns=1;s=SensorSource3
[Anomaly Input] [2026-08-16 19:31:07.643 (UTC)] info/application	[Sensor] Updated distance: 35.5543945057105 cm | Severity=75 | SourceName=Sensor2 | EventType=application | SourceNode=ns=1;s=SensorSource2
[Anomaly Input] [2026-08-16 19:31:08.147 (UTC)] info/application	[Motor] Received distance: 27.1364286598454 cm | Severity=75 | SourceName=Motor | EventType=application | SourceNode=ns=1;s=MotorSource
[Anomaly Input] [2026-08-16 19:31:08.148 (UTC)] info/application	[Motor] Received distance: 35.5543945057105 cm | Severity=75 | SourceName=Motor2 | EventType=application | SourceNode=ns=1;s=MotorSource2
[Anomaly Input] [2026-08-16 19:31:08.148 (UTC)] info/application	[Motor] Received distance: 32.5749788198504 cm | Severity=75 | SourceName=Motor3 | EventType=application | SourceNode=ns=1;s=MotorSource3
[Anomaly Input] [2026-08-16 19:31:08.147 (UTC)] info/application	[Motor] Distance safe (27.1364286598454); rotating motor to 90 degrees | Severity=75 | SourceName=Motor | EventType=application | SourceNode=ns=1;s=MotorSource
[Anomaly Input] [2026-08-16 19:31:08.148 (UTC)] info/application	[Motor] Distance safe (35.5543945057105); rotating motor to 90 degrees | Severity=75 | SourceName=Motor2 | EventType=application | SourceNode=ns=1;s=MotorSource2
[Anomaly Input] [2026-08-16 19:31:08.148 (UTC)] info/application	[Motor] Distance safe (32.5749788198504); rotating motor to 90 degrees | Severity=75 | SourceName=Motor3 | EventType=application | SourceNode=ns=1;s=MotorSource3
[Anomaly Input] [2026-08-16 19:31:08.642 (UTC)] info/application	[Sensor] Updated distance: 33.077519154445 cm | Severity=75 | SourceName=Sensor3 | EventType=application | SourceNode=ns=1;s=SensorSource3
[Anomaly Input] [2026-08-16 19:31:08.642 (UTC)] info/application	[Sensor] Updated distance: 26.4302751375038 cm | Severity=75 | SourceName=Sensor | EventType=application | SourceNode=ns=1;s=SensorSource
[Anomaly Input] [2026-08-16 19:31:08.643 (UTC)] info/application	[Sensor] Updated distance: 35.3051920983964 cm | Severity=75 | SourceName=Sensor2 | EventType=application | SourceNode=ns=1;s=SensorSource2
[Anomaly Input] [2026-08-16 19:31:09.149 (UTC)] info/application	[Motor] Received distance: 33.077519154445 cm | Severity=75 | SourceName=Motor3 | EventType=application | SourceNode=ns=1;s=MotorSource3
[Anomaly Input] [2026-08-16 19:31:09.149 (UTC)] info/application	[Motor] Received distance: 35.3051920983964 cm | Severity=75 | SourceName=Motor2 | EventType=application | SourceNode=ns=1;s=MotorSource2
[Anomaly Input] [2026-08-16 19:31:09.156 (UTC)] info/application	[Motor] Received distance: 26.4302751375038 cm | Severity=75 | SourceName=Motor | EventType=application | SourceNode=ns=1;s=MotorSource
[Anomaly Input] [2026-08-16 19:31:09.149 (UTC)] info/application	[Motor] Distance safe (33.077519154445); rotating motor to 90 degrees | Severity=75 | SourceName=Motor3 | EventType=application | SourceNode=ns=1;s=MotorSource3
[Anomaly Input] [2026-08-16 19:31:09.149 (UTC)] info/application	[Motor] Distance safe (35.3051920983964); rotating motor to 90 degrees | Severity=75 | SourceName=Motor2 | EventType=application | SourceNode=ns=1;s=MotorSource2
[Anomaly Input] [2026-08-16 19:31:09.156 (UTC)] info/application	[Motor] Distance safe (26.4302751375038); rotating motor to 90 degrees | Severity=75 | SourceName=Motor | EventType=application | SourceNode=ns=1;s=MotorSource
[Anomaly Input] [2026-08-16 19:31:09.642 (UTC)] info/application	[Sensor] Updated distance: 33.3273600155149 cm | Severity=75 | SourceName=Sensor3 | EventType=application | SourceNode=ns=1;s=SensorSource3
[Anomaly Input] [2026-08-16 19:31:09.642 (UTC)] info/application	[Sensor] Updated distance: 27.7087079704314 cm | Severity=75 | SourceName=Sensor | EventType=application | SourceNode=ns=1;s=SensorSource
[Anomaly Input] [2026-08-16 19:31:09.643 (UTC)] info/application	[Sensor] Updated distance: 36.7562623837759 cm | Severity=75 | SourceName=Sensor2 | EventType=application | SourceNode=ns=1;s=SensorSource2
[Anomaly Input] [2026-08-16 19:31:10.147 (UTC)] info/application	[Motor] Received distance: 27.7087079704314 cm | Severity=75 | SourceName=Motor | EventType=application | SourceNode=ns=1;s=MotorSource
[Anomaly Input] [2026-08-16 19:31:10.149 (UTC)] info/application	[Motor] Received distance: 33.3273600155149 cm | Severity=75 | SourceName=Motor3 | EventType=application | SourceNode=ns=1;s=MotorSource3
[Anomaly Input] [2026-08-16 19:31:10.157 (UTC)] info/application	[Motor] Received distance: 36.7562623837759 cm | Severity=75 | SourceName=Motor2 | EventType=application | SourceNode=ns=1;s=MotorSource2
[Anomaly Input] [2026-08-16 19:31:10.147 (UTC)] info/application	[Motor] Distance safe (27.7087079704314); rotating motor to 90 degrees | Severity=75 | SourceName=Motor | EventType=application | SourceNode=ns=1;s=MotorSource
[Anomaly Input] [2026-08-16 19:31:10.149 (UTC)] info/application	[Motor] Distance safe (33.3273600155149); rotating motor to 90 degrees | Severity=75 | SourceName=Motor3 | EventType=application | SourceNode=ns=1;s=MotorSource3
[Anomaly Input] [2026-08-16 19:31:10.157 (UTC)] info/application	[Motor] Distance safe (36.7562623837759); rotating motor to 90 degrees | Severity=75 | SourceName=Motor2 | EventType=application | SourceNode=ns=1;s=MotorSource2
[Anomaly Input] [2026-08-16 19:31:10.643 (UTC)] info/application	[Sensor] Updated distance: 27.7587317588081 cm | Severity=75 | SourceName=Sensor | EventType=application | SourceNode=ns=1;s=SensorSource
[Anomaly Input] [2026-08-16 19:31:10.643 (UTC)] info/application	[Sensor] Updated distance: 32.5088168014813 cm | Severity=75 | SourceName=Sensor3 | EventType=application | SourceNode=ns=1;s=SensorSource3
[Anomaly Input] [2026-08-16 19:31:10.643 (UTC)] info/application	[Sensor] Updated distance: 37.4520033905059 cm | Severity=75 | SourceName=Sensor2 | EventType=application | SourceNode=ns=1;s=SensorSource2
[Anomaly Input] [2026-08-16 19:31:11.149 (UTC)] info/application	[Motor] Received distance: 27.7587317588081 cm | Severity=75 | SourceName=Motor | EventType=application | SourceNode=ns=1;s=MotorSource
[Anomaly Input] [2026-08-16 19:31:11.149 (UTC)] info/application	[Motor] Received distance: 37.4520033905059 cm | Severity=75 | SourceName=Motor2 | EventType=application | SourceNode=ns=1;s=MotorSource2
[Anomaly Input] [2026-08-16 19:31:11.157 (UTC)] info/application	[Motor] Received distance: 32.5088168014813 cm | Severity=75 | SourceName=Motor3 | EventType=application | SourceNode=ns=1;s=MotorSource3
[Anomaly Input] [2026-08-16 19:31:11.149 (UTC)] info/application	[Motor] Distance safe (27.7587317588081); rotating motor to 90 degrees | Severity=75 | SourceName=Motor | EventType=application | SourceNode=ns=1;s=MotorSource
[Anomaly Input] [2026-08-16 19:31:11.149 (UTC)] info/application	[Motor] Distance safe (37.4520033905059); rotating motor to 90 degrees | Severity=75 | SourceName=Motor2 | EventType=application | SourceNode=ns=1;s=MotorSource2
[Anomaly Input] [2026-08-16 19:31:11.157 (UTC)] info/application	[Motor] Distance safe (32.5088168014813); rotating motor to 90 degrees | Severity=75 | SourceName=Motor3 | EventType=application | SourceNode=ns=1;s=MotorSource3
[Anomaly Input] [2026-08-16 19:31:11.644 (UTC)] info/application	[Sensor] Updated distance: 28.3791159397825 cm | Severity=75 | SourceName=Sensor | EventType=application | SourceNode=ns=1;s=SensorSource
[Anomaly Input] [2026-08-16 19:31:11.644 (UTC)] info/application	[Sensor] Updated distance: 38.7124082053603 cm | Severity=75 | SourceName=Sensor2 | EventType=application | SourceNode=ns=1;s=SensorSource2
[Anomaly Input] [2026-08-16 19:31:11.644 (UTC)] info/application	[Sensor] Updated distance: 33.3234957849251 cm | Severity=75 | SourceName=Sensor3 | EventType=application | SourceNode=ns=1;s=SensorSource3
[Anomaly Input] [2026-08-16 19:31:12.149 (UTC)] info/application	[Motor] Received distance: 33.3234957849251 cm | Severity=75 | SourceName=Motor3 | EventType=application | SourceNode=ns=1;s=MotorSource3
[Anomaly Input] [2026-08-16 19:31:12.157 (UTC)] info/application	[Motor] Received distance: 28.3791159397825 cm | Severity=75 | SourceName=Motor | EventType=application | SourceNode=ns=1;s=MotorSource
[Anomaly Input] [2026-08-16 19:31:12.157 (UTC)] info/application	[Motor] Received distance: 38.7124082053603 cm | Severity=75 | SourceName=Motor2 | EventType=application | SourceNode=ns=1;s=MotorSource2
[Anomaly Input] [2026-08-16 19:31:12.149 (UTC)] info/application	[Motor] Distance safe (33.3234957849251); rotating motor to 90 degrees | Severity=75 | SourceName=Motor3 | EventType=application | SourceNode=ns=1;s=MotorSource3
[Anomaly Input] [2026-08-16 19:31:12.157 (UTC)] info/application	[Motor] Distance safe (28.3791159397825); rotating motor to 90 degrees | Severity=75 | SourceName=Motor | EventType=application | SourceNode=ns=1;s=MotorSource
[Anomaly Input] [2026-08-16 19:31:12.157 (UTC)] info/application	[Motor] Distance safe (38.7124082053603); rotating motor to 90 degrees | Severity=75 | SourceName=Motor2 | EventType=application | SourceNode=ns=1;s=MotorSource2
[Anomaly Input] [2026-08-16 19:31:12.644 (UTC)] info/application	[Sensor] Updated distance: 39.9727451449598 cm | Severity=75 | SourceName=Sensor2 | EventType=application | SourceNode=ns=1;s=SensorSource2
[Anomaly Input] [2026-08-16 19:31:12.644 (UTC)] info/application	[Sensor] Updated distance: 33.5911994707264 cm | Severity=75 | SourceName=Sensor3 | EventType=application | SourceNode=ns=1;s=SensorSource3
[Anomaly Input] [2026-08-16 19:31:12.644 (UTC)] info/application	[Sensor] Updated distance: 29.2476296870726 cm | Severity=75 | SourceName=Sensor | EventType=application | SourceNode=ns=1;s=SensorSource
[Anomaly Input] [2026-08-16 19:31:13.146 (UTC)] info/application	[Motor] Received distance: 29.2476296870726 cm | Severity=75 | SourceName=Motor | EventType=application | SourceNode=ns=1;s=MotorSource
[Anomaly Input] [2026-08-16 19:31:13.150 (UTC)] info/application	[Motor] Received distance: 39.9727451449598 cm | Severity=75 | SourceName=Motor2 | EventType=application | SourceNode=ns=1;s=MotorSource2
[Anomaly Input] [2026-08-16 19:31:13.158 (UTC)] info/application	[Motor] Received distance: 33.5911994707264 cm | Severity=75 | SourceName=Motor3 | EventType=application | SourceNode=ns=1;s=MotorSource3
[Anomaly Input] [2026-08-16 19:31:13.146 (UTC)] info/application	[Motor] Distance safe (29.2476296870726); rotating motor to 90 degrees | Severity=75 | SourceName=Motor | EventType=application | SourceNode=ns=1;s=MotorSource
[Anomaly Input] [2026-08-16 19:31:13.150 (UTC)] info/application	[Motor] Distance safe (39.9727451449598); rotating motor to 90 degrees | Severity=75 | SourceName=Motor2 | EventType=application | SourceNode=ns=1;s=MotorSource2
[Anomaly Input] [2026-08-16 19:31:13.158 (UTC)] info/application	[Motor] Distance safe (33.5911994707264); rotating motor to 90 degrees | Severity=75 | SourceName=Motor3 | EventType=application | SourceNode=ns=1;s=MotorSource3
[Anomaly Input] [2026-08-16 19:31:13.645 (UTC)] info/application	[Sensor] Updated distance: 32.3512291281257 cm | Severity=75 | SourceName=Sensor3 | EventType=application | SourceNode=ns=1;s=SensorSource3
[Anomaly Input] [2026-08-16 19:31:13.645 (UTC)] info/application	[Sensor] Updated distance: 40.5177202725399 cm | Severity=75 | SourceName=Sensor2 | EventType=application | SourceNode=ns=1;s=SensorSource2
[Anomaly Input] [2026-08-16 19:31:13.645 (UTC)] info/application	[Sensor] Updated distance: 29.5438283679745 cm | Severity=75 | SourceName=Sensor | EventType=application | SourceNode=ns=1;s=SensorSource
[Anomaly Input] [2026-08-16 19:31:14.141 (UTC)] info/application	[Motor] Received distance: 40.5177202725399 cm | Severity=75 | SourceName=Motor2 | EventType=application | SourceNode=ns=1;s=MotorSource2
[Anomaly Input] [2026-08-16 19:31:14.147 (UTC)] info/application	[Motor] Received distance: 29.5438283679745 cm | Severity=75 | SourceName=Motor | EventType=application | SourceNode=ns=1;s=MotorSource
[Anomaly Input] [2026-08-16 19:31:14.147 (UTC)] info/application	[Motor] Received distance: 32.3512291281257 cm | Severity=75 | SourceName=Motor3 | EventType=application | SourceNode=ns=1;s=MotorSource3
[Anomaly Input] [2026-08-16 19:31:14.141 (UTC)] info/application	[Motor] Distance safe (40.5177202725399); rotating motor to 90 degrees | Severity=75 | SourceName=Motor2 | EventType=application | SourceNode=ns=1;s=MotorSource2
[Anomaly Input] [2026-08-16 19:31:14.147 (UTC)] info/application	[Motor] Distance safe (29.5438283679745); rotating motor to 90 degrees | Severity=75 | SourceName=Motor | EventType=application | SourceNode=ns=1;s=MotorSource
[Anomaly Input] [2026-08-16 19:31:14.147 (UTC)] info/application	[Motor] Distance safe (32.3512291281257); rotating motor to 90 degrees | Severity=75 | SourceName=Motor3 | EventType=application | SourceNode=ns=1;s=MotorSource3
[Anomaly Input] [2026-08-16 19:31:14.646 (UTC)] info/application	[Sensor] Updated distance: 41.806330260032 cm | Severity=75 | SourceName=Sensor2 | EventType=application | SourceNode=ns=1;s=SensorSource2
[Anomaly Input] [2026-08-16 19:31:14.646 (UTC)] info/application	[Sensor] Updated distance: 32.348105942294 cm | Severity=75 | SourceName=Sensor3 | EventType=application | SourceNode=ns=1;s=SensorSource3
[Anomaly Input] [2026-08-16 19:31:14.646 (UTC)] info/application	[Sensor] Updated distance: 29.6915742984002 cm | Severity=75 | SourceName=Sensor | EventType=application | SourceNode=ns=1;s=SensorSource
[Anomaly Input] [2026-08-16 19:31:15.148 (UTC)] info/application	[Motor] Received distance: 41.806330260032 cm | Severity=75 | SourceName=Motor2 | EventType=application | SourceNode=ns=1;s=MotorSource2
[Anomaly Input] [2026-08-16 19:31:15.148 (UTC)] info/application	[Motor] Received distance: 29.6915742984002 cm | Severity=75 | SourceName=Motor | EventType=application | SourceNode=ns=1;s=MotorSource
[Anomaly Input] [2026-08-16 19:31:15.148 (UTC)] info/application	[Motor] Received distance: 32.348105942294 cm | Severity=75 | SourceName=Motor3 | EventType=application | SourceNode=ns=1;s=MotorSource3
[Anomaly Input] [2026-08-16 19:31:15.148 (UTC)] info/application	[Motor] Distance safe (41.806330260032); rotating motor to 90 degrees | Severity=75 | SourceName=Motor2 | EventType=application | SourceNode=ns=1;s=MotorSource2
[Anomaly Input] [2026-08-16 19:31:15.148 (UTC)] info/application	[Motor] Distance safe (29.6915742984002); rotating motor to 90 degrees | Severity=75 | SourceName=Motor | EventType=application | SourceNode=ns=1;s=MotorSource
[Anomaly Input] [2026-08-16 19:31:15.148 (UTC)] info/application	[Motor] Distance safe (32.348105942294); rotating motor to 90 degrees | Severity=75 | SourceName=Motor3 | EventType=application | SourceNode=ns=1;s=MotorSource3
[Anomaly Input] [2026-08-16 19:31:15.647 (UTC)] info/application	[Sensor] Updated distance: 29.1149575198605 cm | Severity=75 | SourceName=Sensor | EventType=application | SourceNode=ns=1;s=SensorSource
[Anomaly Input] [2026-08-16 19:31:15.647 (UTC)] info/application	[Sensor] Updated distance: 31.2578050225311 cm | Severity=75 | SourceName=Sensor3 | EventType=application | SourceNode=ns=1;s=SensorSource3
[Anomaly Input] [2026-08-16 19:31:15.647 (UTC)] info/application	[Sensor] Updated distance: 41.6695504699226 cm | Severity=75 | SourceName=Sensor2 | EventType=application | SourceNode=ns=1;s=SensorSource2
[Anomaly Input] [2026-08-16 19:31:16.142 (UTC)] info/application	[Motor] Received distance: 29.1149575198605 cm | Severity=75 | SourceName=Motor | EventType=application | SourceNode=ns=1;s=MotorSource
[Anomaly Input] [2026-08-16 19:31:16.148 (UTC)] info/application	[Motor] Received distance: 41.6695504699226 cm | Severity=75 | SourceName=Motor2 | EventType=application | SourceNode=ns=1;s=MotorSource2
[Anomaly Input] [2026-08-16 19:31:16.148 (UTC)] info/application	[Motor] Received distance: 31.2578050225311 cm | Severity=75 | SourceName=Motor3 | EventType=application | SourceNode=ns=1;s=MotorSource3
[Anomaly Input] [2026-08-16 19:31:16.142 (UTC)] info/application	[Motor] Distance safe (29.1149575198605); rotating motor to 90 degrees | Severity=75 | SourceName=Motor | EventType=application | SourceNode=ns=1;s=MotorSource
[Anomaly Input] [2026-08-16 19:31:16.148 (UTC)] info/application	[Motor] Distance safe (41.6695504699226); rotating motor to 90 degrees | Severity=75 | SourceName=Motor2 | EventType=application | SourceNode=ns=1;s=MotorSource2
[Anomaly Input] [2026-08-16 19:31:16.148 (UTC)] info/application	[Motor] Distance safe (31.2578050225311); rotating motor to 90 degrees | Severity=75 | SourceName=Motor3 | EventType=application | SourceNode=ns=1;s=MotorSource3
[Anomaly Input] [2026-08-16 19:31:16.647 (UTC)] info/application	[Sensor] Updated distance: 40.8901116253762 cm | Severity=75 | SourceName=Sensor2 | EventType=application | SourceNode=ns=1;s=SensorSource2
[Anomaly Input] [2026-08-16 19:31:16.647 (UTC)] info/application	[Sensor] Updated distance: 32.3150381873432 cm | Severity=75 | SourceName=Sensor3 | EventType=application | SourceNode=ns=1;s=SensorSource3
[Anomaly Input] [2026-08-16 19:31:16.647 (UTC)] info/application	[Sensor] Updated distance: 30.6002871902195 cm | Severity=75 | SourceName=Sensor | EventType=application | SourceNode=ns=1;s=SensorSource
[Anomaly Input] [2026-08-16 19:31:17.142 (UTC)] info/application	[Motor] Received distance: 40.8901116253762 cm | Severity=75 | SourceName=Motor2 | EventType=application | SourceNode=ns=1;s=MotorSource2
[Anomaly Input] [2026-08-16 19:31:17.147 (UTC)] info/application	[Motor] Received distance: 30.6002871902195 cm | Severity=75 | SourceName=Motor | EventType=application | SourceNode=ns=1;s=MotorSource
[Anomaly Input] [2026-08-16 19:31:17.149 (UTC)] info/application	[Motor] Received distance: 32.3150381873432 cm | Severity=75 | SourceName=Motor3 | EventType=application | SourceNode=ns=1;s=MotorSource3
[Anomaly Input] [2026-08-16 19:31:17.142 (UTC)] info/application	[Motor] Distance safe (40.8901116253762); rotating motor to 90 degrees | Severity=75 | SourceName=Motor2 | EventType=application | SourceNode=ns=1;s=MotorSource2
[Anomaly Input] [2026-08-16 19:31:17.147 (UTC)] info/application	[Motor] Distance safe (30.6002871902195); rotating motor to 90 degrees | Severity=75 | SourceName=Motor | EventType=application | SourceNode=ns=1;s=MotorSource
[Anomaly Input] [2026-08-16 19:31:17.149 (UTC)] info/application	[Motor] Distance safe (32.3150381873432); rotating motor to 90 degrees | Severity=75 | SourceName=Motor3 | EventType=application | SourceNode=ns=1;s=MotorSource3
[Anomaly Input] [2026-08-16 19:31:17.647 (UTC)] info/application	[Sensor] Updated distance: 32.4631062873933 cm | Severity=75 | SourceName=Sensor3 | EventType=application | SourceNode=ns=1;s=SensorSource3
[Anomaly Input] [2026-08-16 19:31:17.647 (UTC)] info/application	[Sensor] Updated distance: 41.42063988206 cm | Severity=75 | SourceName=Sensor2 | EventType=application | SourceNode=ns=1;s=SensorSource2
[Anomaly Input] [2026-08-16 19:31:17.647 (UTC)] info/application	[Sensor] Updated distance: 29.2741874755706 cm | Severity=75 | SourceName=Sensor | EventType=application | SourceNode=ns=1;s=SensorSource
[Anomaly Input] [2026-08-16 19:31:18.147 (UTC)] info/application	[Motor] Received distance: 41.42063988206 cm | Severity=75 | SourceName=Motor2 | EventType=application | SourceNode=ns=1;s=MotorSource2
[Anomaly Input] [2026-08-16 19:31:18.147 (UTC)] info/application	[Motor] Received distance: 29.2741874755706 cm | Severity=75 | SourceName=Motor | EventType=application | SourceNode=ns=1;s=MotorSource
[Anomaly Input] [2026-08-16 19:31:18.149 (UTC)] info/application	[Motor] Received distance: 32.4631062873933 cm | Severity=75 | SourceName=Motor3 | EventType=application | SourceNode=ns=1;s=MotorSource3
[Anomaly Input] [2026-08-16 19:31:18.147 (UTC)] info/application	[Motor] Distance safe (41.42063988206); rotating motor to 90 degrees | Severity=75 | SourceName=Motor2 | EventType=application | SourceNode=ns=1;s=MotorSource2
[Anomaly Input] [2026-08-16 19:31:18.147 (UTC)] info/application	[Motor] Distance safe (29.2741874755706); rotating motor to 90 degrees | Severity=75 | SourceName=Motor | EventType=application | SourceNode=ns=1;s=MotorSource
[Anomaly Input] [2026-08-16 19:31:18.149 (UTC)] info/application	[Motor] Distance safe (32.4631062873933); rotating motor to 90 degrees | Severity=75 | SourceName=Motor3 | EventType=application | SourceNode=ns=1;s=MotorSource3
[Anomaly Input] [2026-08-16 19:31:18.647 (UTC)] info/application	[Sensor] Updated distance: 33.3461292180447 cm | Severity=75 | SourceName=Sensor3 | EventType=application | SourceNode=ns=1;s=SensorSource3
[Anomaly Input] [2026-08-16 19:31:18.647 (UTC)] info/application	[Sensor] Updated distance: 42.8624761432234 cm | Severity=75 | SourceName=Sensor2 | EventType=application | SourceNode=ns=1;s=SensorSource2
[Anomaly Input] [2026-08-16 19:31:18.647 (UTC)] info/application	[Sensor] Updated distance: 28.3776079145622 cm | Severity=75 | SourceName=Sensor | EventType=application | SourceNode=ns=1;s=SensorSource
[Anomaly Input] [2026-08-16 19:31:19.148 (UTC)] info/application	[Motor] Received distance: 28.3776079145622 cm | Severity=75 | SourceName=Motor | EventType=application | SourceNode=ns=1;s=MotorSource
[Anomaly Input] [2026-08-16 19:31:19.148 (UTC)] info/application	[Motor] Received distance: 42.8624761432234 cm | Severity=75 | SourceName=Motor2 | EventType=application | SourceNode=ns=1;s=MotorSource2
[Anomaly Input] [2026-08-16 19:31:19.149 (UTC)] info/application	[Motor] Received distance: 33.3461292180447 cm | Severity=75 | SourceName=Motor3 | EventType=application | SourceNode=ns=1;s=MotorSource3
[Anomaly Input] [2026-08-16 19:31:19.148 (UTC)] info/application	[Motor] Distance safe (28.3776079145622); rotating motor to 90 degrees | Severity=75 | SourceName=Motor | EventType=application | SourceNode=ns=1;s=MotorSource
[Anomaly Input] [2026-08-16 19:31:19.148 (UTC)] info/application	[Motor] Distance safe (42.8624761432234); rotating motor to 90 degrees | Severity=75 | SourceName=Motor2 | EventType=application | SourceNode=ns=1;s=MotorSource2
[Anomaly Input] [2026-08-16 19:31:19.149 (UTC)] info/application	[Motor] Distance safe (33.3461292180447); rotating motor to 90 degrees | Severity=75 | SourceName=Motor3 | EventType=application | SourceNode=ns=1;s=MotorSource3
[Anomaly Input] [2026-08-16 19:31:19.647 (UTC)] info/application	[Sensor] Updated distance: 32.4277716397437 cm | Severity=75 | SourceName=Sensor3 | EventType=application | SourceNode=ns=1;s=SensorSource3
[Anomaly Input] [2026-08-16 19:31:19.648 (UTC)] info/application	[Sensor] Updated distance: 43.3001241061371 cm | Severity=75 | SourceName=Sensor2 | EventType=application | SourceNode=ns=1;s=SensorSource2
[Anomaly Input] [2026-08-16 19:31:19.648 (UTC)] info/application	[Sensor] Updated distance: 28.415332465626 cm | Severity=75 | SourceName=Sensor | EventType=application | SourceNode=ns=1;s=SensorSource
[Anomaly Input] [2026-08-16 19:31:20.143 (UTC)] info/application	[Motor] Received distance: 32.4277716397437 cm | Severity=75 | SourceName=Motor3 | EventType=application | SourceNode=ns=1;s=MotorSource3
[Anomaly Input] [2026-08-16 19:31:20.143 (UTC)] info/application	[Motor] Received distance: 28.415332465626 cm | Severity=75 | SourceName=Motor | EventType=application | SourceNode=ns=1;s=MotorSource
[Anomaly Input] [2026-08-16 19:31:20.149 (UTC)] info/application	[Motor] Received distance: 43.3001241061371 cm | Severity=75 | SourceName=Motor2 | EventType=application | SourceNode=ns=1;s=MotorSource2
[Anomaly Input] [2026-08-16 19:31:20.143 (UTC)] info/application	[Motor] Distance safe (32.4277716397437); rotating motor to 90 degrees | Severity=75 | SourceName=Motor3 | EventType=application | SourceNode=ns=1;s=MotorSource3
[Anomaly Input] [2026-08-16 19:31:20.143 (UTC)] info/application	[Motor] Distance safe (28.415332465626); rotating motor to 90 degrees | Severity=75 | SourceName=Motor | EventType=application | SourceNode=ns=1;s=MotorSource
[Anomaly Input] [2026-08-16 19:31:20.149 (UTC)] info/application	[Motor] Distance safe (43.3001241061371); rotating motor to 90 degrees | Severity=75 | SourceName=Motor2 | EventType=application | SourceNode=ns=1;s=MotorSource2
[Anomaly Input] [2026-08-16 19:31:20.647 (UTC)] info/application	[Sensor] Updated distance: 44.2147383334649 cm | Severity=75 | SourceName=Sensor2 | EventType=application | SourceNode=ns=1;s=SensorSource2
[Anomaly Input] [2026-08-16 19:31:20.647 (UTC)] info/application	[Sensor] Updated distance: 32.0681795368754 cm | Severity=75 | SourceName=Sensor3 | EventType=application | SourceNode=ns=1;s=SensorSource3
[Anomaly Input] [2026-08-16 19:31:20.648 (UTC)] info/application	[Sensor] Updated distance: 27.1064047588065 cm | Severity=75 | SourceName=Sensor | EventType=application | SourceNode=ns=1;s=SensorSource
[Anomaly Input] [2026-08-16 19:31:21.143 (UTC)] info/application	[Motor] Received distance: 44.2147383334649 cm | Severity=75 | SourceName=Motor2 | EventType=application | SourceNode=ns=1;s=MotorSource2
[Anomaly Input] [2026-08-16 19:31:21.146 (UTC)] info/application	[Motor] Received distance: 27.1064047588065 cm | Severity=75 | SourceName=Motor | EventType=application | SourceNode=ns=1;s=MotorSource
[Anomaly Input] [2026-08-16 19:31:21.148 (UTC)] info/application	[Motor] Received distance: 32.0681795368754 cm | Severity=75 | SourceName=Motor3 | EventType=application | SourceNode=ns=1;s=MotorSource3
[Anomaly Input] [2026-08-16 19:31:21.143 (UTC)] info/application	[Motor] Distance safe (44.2147383334649); rotating motor to 90 degrees | Severity=75 | SourceName=Motor2 | EventType=application | SourceNode=ns=1;s=MotorSource2
[Anomaly Input] [2026-08-16 19:31:21.146 (UTC)] info/application	[Motor] Distance safe (27.1064047588065); rotating motor to 90 degrees | Severity=75 | SourceName=Motor | EventType=application | SourceNode=ns=1;s=MotorSource
[Anomaly Input] [2026-08-16 19:31:21.148 (UTC)] info/application	[Motor] Distance safe (32.0681795368754); rotating motor to 90 degrees | Severity=75 | SourceName=Motor3 | EventType=application | SourceNode=ns=1;s=MotorSource3
[Anomaly Input] [2026-08-16 19:31:21.648 (UTC)] info/application	[Sensor] Updated distance: 25.6216352719914 cm | Severity=75 | SourceName=Sensor | EventType=application | SourceNode=ns=1;s=SensorSource
[Anomaly Input] [2026-08-16 19:31:21.648 (UTC)] info/application	[Sensor] Updated distance: 43.5749801418627 cm | Severity=75 | SourceName=Sensor2 | EventType=application | SourceNode=ns=1;s=SensorSource2
[Anomaly Input] [2026-08-16 19:31:21.649 (UTC)] info/application	[Sensor] Updated distance: 30.8821090352173 cm | Severity=75 | SourceName=Sensor3 | EventType=application | SourceNode=ns=1;s=SensorSource3
[Anomaly Input] [2026-08-16 19:31:22.147 (UTC)] info/application	[Motor] Received distance: 25.6216352719914 cm | Severity=75 | SourceName=Motor | EventType=application | SourceNode=ns=1;s=MotorSource
[Anomaly Input] [2026-08-16 19:31:22.148 (UTC)] info/application	[Motor] Received distance: 30.8821090352173 cm | Severity=75 | SourceName=Motor3 | EventType=application | SourceNode=ns=1;s=MotorSource3
[Anomaly Input] [2026-08-16 19:31:22.148 (UTC)] info/application	[Motor] Received distance: 43.5749801418627 cm | Severity=75 | SourceName=Motor2 | EventType=application | SourceNode=ns=1;s=MotorSource2
[Anomaly Input] [2026-08-16 19:31:22.147 (UTC)] info/application	[Motor] Distance safe (25.6216352719914); rotating motor to 90 degrees | Severity=75 | SourceName=Motor | EventType=application | SourceNode=ns=1;s=MotorSource
[Anomaly Input] [2026-08-16 19:31:22.148 (UTC)] info/application	[Motor] Distance safe (30.8821090352173); rotating motor to 90 degrees | Severity=75 | SourceName=Motor3 | EventType=application | SourceNode=ns=1;s=MotorSource3
[Anomaly Input] [2026-08-16 19:31:22.148 (UTC)] info/application	[Motor] Distance safe (43.5749801418627); rotating motor to 90 degrees | Severity=75 | SourceName=Motor2 | EventType=application | SourceNode=ns=1;s=MotorSource2
[Anomaly Input] [2026-08-16 19:31:22.649 (UTC)] info/application	[Sensor] Updated distance: 31.9256839349054 cm | Severity=75 | SourceName=Sensor3 | EventType=application | SourceNode=ns=1;s=SensorSource3
[Anomaly Input] [2026-08-16 19:31:22.649 (UTC)] info/application	[Sensor] Updated distance: 44.6328505087331 cm | Severity=75 | SourceName=Sensor2 | EventType=application | SourceNode=ns=1;s=SensorSource2
[Anomaly Input] [2026-08-16 19:31:22.649 (UTC)] info/application	[Sensor] Updated distance: 25.0860924299742 cm | Severity=75 | SourceName=Sensor | EventType=application | SourceNode=ns=1;s=SensorSource
[Anomaly Input] [2026-08-16 19:31:23.147 (UTC)] info/application	[Motor] Received distance: 25.0860924299742 cm | Severity=75 | SourceName=Motor | EventType=application | SourceNode=ns=1;s=MotorSource
[Anomaly Input] [2026-08-16 19:31:23.148 (UTC)] info/application	[Motor] Received distance: 44.6328505087331 cm | Severity=75 | SourceName=Motor2 | EventType=application | SourceNode=ns=1;s=MotorSource2
[Anomaly Input] [2026-08-16 19:31:23.148 (UTC)] info/application	[Motor] Received distance: 31.9256839349054 cm | Severity=75 | SourceName=Motor3 | EventType=application | SourceNode=ns=1;s=MotorSource3
[Anomaly Input] [2026-08-16 19:31:23.147 (UTC)] info/application	[Motor] Distance safe (25.0860924299742); rotating motor to 90 degrees | Severity=75 | SourceName=Motor | EventType=application | SourceNode=ns=1;s=MotorSource
[Anomaly Input] [2026-08-16 19:31:23.148 (UTC)] info/application	[Motor] Distance safe (44.6328505087331); rotating motor to 90 degrees | Severity=75 | SourceName=Motor2 | EventType=application | SourceNode=ns=1;s=MotorSource2
[Anomaly Input] [2026-08-16 19:31:23.148 (UTC)] info/application	[Motor] Distance safe (31.9256839349054); rotating motor to 90 degrees | Severity=75 | SourceName=Motor3 | EventType=application | SourceNode=ns=1;s=MotorSource3
[Anomaly Input] [2026-08-16 19:31:23.640 (UTC)] info/application	[Sensor] Updated distance: 25.5338698069257 cm | Severity=75 | SourceName=Sensor | EventType=application | SourceNode=ns=1;s=SensorSource
[Anomaly Input] [2026-08-16 19:31:23.650 (UTC)] info/application	[Sensor] Updated distance: 45.1889609010838 cm | Severity=75 | SourceName=Sensor2 | EventType=application | SourceNode=ns=1;s=SensorSource2
[Anomaly Input] [2026-08-16 19:31:23.650 (UTC)] info/application	[Sensor] Updated distance: 32.3898053776425 cm | Severity=75 | SourceName=Sensor3 | EventType=application | SourceNode=ns=1;s=SensorSource3
[Anomaly Input] [2026-08-16 19:31:24.147 (UTC)] info/application	[Motor] Received distance: 25.5338698069257 cm | Severity=75 | SourceName=Motor | EventType=application | SourceNode=ns=1;s=MotorSource
[Anomaly Input] [2026-08-16 19:31:24.148 (UTC)] info/application	[Motor] Received distance: 32.3898053776425 cm | Severity=75 | SourceName=Motor3 | EventType=application | SourceNode=ns=1;s=MotorSource3
[Anomaly Input] [2026-08-16 19:31:24.148 (UTC)] info/application	[Motor] Received distance: 45.1889609010838 cm | Severity=75 | SourceName=Motor2 | EventType=application | SourceNode=ns=1;s=MotorSource2
[Anomaly Input] [2026-08-16 19:31:24.147 (UTC)] info/application	[Motor] Distance safe (25.5338698069257); rotating motor to 90 degrees | Severity=75 | SourceName=Motor | EventType=application | SourceNode=ns=1;s=MotorSource
[Anomaly Input] [2026-08-16 19:31:24.148 (UTC)] info/application	[Motor] Distance safe (32.3898053776425); rotating motor to 90 degrees | Severity=75 | SourceName=Motor3 | EventType=application | SourceNode=ns=1;s=MotorSource3
[Anomaly Input] [2026-08-16 19:31:24.148 (UTC)] info/application	[Motor] Distance safe (45.1889609010838); rotating motor to 90 degrees | Severity=75 | SourceName=Motor2 | EventType=application | SourceNode=ns=1;s=MotorSource2
[Anomaly Input] [2026-08-16 19:31:24.640 (UTC)] info/application	[Sensor] Updated distance: 26.4720129123759 cm | Severity=75 | SourceName=Sensor | EventType=application | SourceNode=ns=1;s=SensorSource
[Anomaly Input] [2026-08-16 19:31:24.640 (UTC)] info/application	[Sensor] Updated distance: 31.6871552254013 cm | Severity=75 | SourceName=Sensor3 | EventType=application | SourceNode=ns=1;s=SensorSource3
[Anomaly Input] [2026-08-16 19:31:24.640 (UTC)] info/application	[Sensor] Updated distance: 45.9912765200675 cm | Severity=75 | SourceName=Sensor2 | EventType=application | SourceNode=ns=1;s=SensorSource2
[Anomaly Input] [2026-08-16 19:31:25.146 (UTC)] info/application	[Motor] Received distance: 45.9912765200675 cm | Severity=75 | SourceName=Motor2 | EventType=application | SourceNode=ns=1;s=MotorSource2
[Anomaly Input] [2026-08-16 19:31:25.146 (UTC)] info/application	[Motor] Received distance: 26.4720129123759 cm | Severity=75 | SourceName=Motor | EventType=application | SourceNode=ns=1;s=MotorSource
[Anomaly Input] [2026-08-16 19:31:25.149 (UTC)] info/application	[Motor] Received distance: 31.6871552254013 cm | Severity=75 | SourceName=Motor3 | EventType=application | SourceNode=ns=1;s=MotorSource3
[Anomaly Input] [2026-08-16 19:31:25.146 (UTC)] info/application	[Motor] Distance safe (45.9912765200675); rotating motor to 90 degrees | Severity=75 | SourceName=Motor2 | EventType=application | SourceNode=ns=1;s=MotorSource2
[Anomaly Input] [2026-08-16 19:31:25.146 (UTC)] info/application	[Motor] Distance safe (26.4720129123759); rotating motor to 90 degrees | Severity=75 | SourceName=Motor | EventType=application | SourceNode=ns=1;s=MotorSource
[Anomaly Input] [2026-08-16 19:31:25.149 (UTC)] info/application	[Motor] Distance safe (31.6871552254013); rotating motor to 90 degrees | Severity=75 | SourceName=Motor3 | EventType=application | SourceNode=ns=1;s=MotorSource3
[Anomaly Input] [2026-08-16 19:31:25.642 (UTC)] info/application	[Sensor] Updated distance: 46.3212777582562 cm | Severity=75 | SourceName=Sensor2 | EventType=application | SourceNode=ns=1;s=SensorSource2
[Anomaly Input] [2026-08-16 19:31:25.642 (UTC)] info/application	[Sensor] Updated distance: 30.9507679408187 cm | Severity=75 | SourceName=Sensor3 | EventType=application | SourceNode=ns=1;s=SensorSource3
[Anomaly Input] [2026-08-16 19:31:25.642 (UTC)] info/application	[Sensor] Updated distance: 26.4121795661804 cm | Severity=75 | SourceName=Sensor | EventType=application | SourceNode=ns=1;s=SensorSource
[Anomaly Input] [2026-08-16 19:31:26.147 (UTC)] info/application	[Motor] Received distance: 30.9507679408187 cm | Severity=75 | SourceName=Motor3 | EventType=application | SourceNode=ns=1;s=MotorSource3
[Anomaly Input] [2026-08-16 19:31:26.148 (UTC)] info/application	[Motor] Received distance: 26.4121795661804 cm | Severity=75 | SourceName=Motor | EventType=application | SourceNode=ns=1;s=MotorSource
[Anomaly Input] [2026-08-16 19:31:26.148 (UTC)] info/application	[Motor] Received distance: 46.3212777582562 cm | Severity=75 | SourceName=Motor2 | EventType=application | SourceNode=ns=1;s=MotorSource2
[Anomaly Input] [2026-08-16 19:31:26.147 (UTC)] info/application	[Motor] Distance safe (30.9507679408187); rotating motor to 90 degrees | Severity=75 | SourceName=Motor3 | EventType=application | SourceNode=ns=1;s=MotorSource3
[Anomaly Input] [2026-08-16 19:31:26.148 (UTC)] info/application	[Motor] Distance safe (26.4121795661804); rotating motor to 90 degrees | Severity=75 | SourceName=Motor | EventType=application | SourceNode=ns=1;s=MotorSource
[Anomaly Input] [2026-08-16 19:31:26.148 (UTC)] info/application	[Motor] Distance safe (46.3212777582562); rotating motor to 90 degrees | Severity=75 | SourceName=Motor2 | EventType=application | SourceNode=ns=1;s=MotorSource2
[Anomaly Input] [2026-08-16 19:31:26.643 (UTC)] info/application	[Sensor] Updated distance: 29.6237981538865 cm | Severity=75 | SourceName=Sensor3 | EventType=application | SourceNode=ns=1;s=SensorSource3
[Anomaly Input] [2026-08-16 19:31:26.643 (UTC)] info/application	[Sensor] Updated distance: 27.3181700221348 cm | Severity=75 | SourceName=Sensor | EventType=application | SourceNode=ns=1;s=SensorSource
[Anomaly Input] [2026-08-16 19:31:26.643 (UTC)] info/application	[Sensor] Updated distance: 46.7796953997014 cm | Severity=75 | SourceName=Sensor2 | EventType=application | SourceNode=ns=1;s=SensorSource2
[Anomaly Input] [2026-08-16 19:31:27.149 (UTC)] info/application	[Motor] Received distance: 46.7796953997014 cm | Severity=75 | SourceName=Motor2 | EventType=application | SourceNode=ns=1;s=MotorSource2
[Anomaly Input] [2026-08-16 19:31:27.149 (UTC)] info/application	[Motor] Received distance: 29.6237981538865 cm | Severity=75 | SourceName=Motor3 | EventType=application | SourceNode=ns=1;s=MotorSource3
[Anomaly Input] [2026-08-16 19:31:27.157 (UTC)] info/application	[Motor] Received distance: 27.3181700221348 cm | Severity=75 | SourceName=Motor | EventType=application | SourceNode=ns=1;s=MotorSource
[Anomaly Input] [2026-08-16 19:31:27.149 (UTC)] info/application	[Motor] Distance safe (46.7796953997014); rotating motor to 90 degrees | Severity=75 | SourceName=Motor2 | EventType=application | SourceNode=ns=1;s=MotorSource2
[Anomaly Input] [2026-08-16 19:31:27.149 (UTC)] info/application	[Motor] Distance safe (29.6237981538865); rotating motor to 90 degrees | Severity=75 | SourceName=Motor3 | EventType=application | SourceNode=ns=1;s=MotorSource3
[Anomaly Input] [2026-08-16 19:31:27.157 (UTC)] info/application	[Motor] Distance safe (27.3181700221348); rotating motor to 90 degrees | Severity=75 | SourceName=Motor | EventType=application | SourceNode=ns=1;s=MotorSource
[Anomaly Input] [2026-08-16 19:31:27.643 (UTC)] info/application	[Sensor] Updated distance: 28.5384448899601 cm | Severity=75 | SourceName=Sensor | EventType=application | SourceNode=ns=1;s=SensorSource
[Anomaly Input] [2026-08-16 19:31:27.643 (UTC)] info/application	[Sensor] Updated distance: 45.9166605798139 cm | Severity=75 | SourceName=Sensor2 | EventType=application | SourceNode=ns=1;s=SensorSource2
[Anomaly Input] [2026-08-16 19:31:27.643 (UTC)] info/application	[Sensor] Updated distance: 28.355451679954 cm | Severity=75 | SourceName=Sensor3 | EventType=application | SourceNode=ns=1;s=SensorSource3
[Anomaly Input] [2026-08-16 19:31:28.149 (UTC)] info/application	[Motor] Received distance: 28.5384448899601 cm | Severity=75 | SourceName=Motor | EventType=application | SourceNode=ns=1;s=MotorSource
[Anomaly Input] [2026-08-16 19:31:28.149 (UTC)] info/application	[Motor] Received distance: 28.355451679954 cm | Severity=75 | SourceName=Motor3 | EventType=application | SourceNode=ns=1;s=MotorSource3
[Anomaly Input] [2026-08-16 19:31:28.158 (UTC)] info/application	[Motor] Received distance: 45.9166605798139 cm | Severity=75 | SourceName=Motor2 | EventType=application | SourceNode=ns=1;s=MotorSource2
[Anomaly Input] [2026-08-16 19:31:28.149 (UTC)] info/application	[Motor] Distance safe (28.5384448899601); rotating motor to 90 degrees | Severity=75 | SourceName=Motor | EventType=application | SourceNode=ns=1;s=MotorSource
[Anomaly Input] [2026-08-16 19:31:28.149 (UTC)] info/application	[Motor] Distance safe (28.355451679954); rotating motor to 90 degrees | Severity=75 | SourceName=Motor3 | EventType=application | SourceNode=ns=1;s=MotorSource3
[Anomaly Input] [2026-08-16 19:31:28.158 (UTC)] info/application	[Motor] Distance safe (45.9166605798139); rotating motor to 90 degrees | Severity=75 | SourceName=Motor2 | EventType=application | SourceNode=ns=1;s=MotorSource2
[Anomaly Input] [2026-08-16 19:31:28.644 (UTC)] info/application	[Sensor] Updated distance: 28.0810842526057 cm | Severity=75 | SourceName=Sensor | EventType=application | SourceNode=ns=1;s=SensorSource
[Anomaly Input] [2026-08-16 19:31:28.644 (UTC)] info/application	[Sensor] Updated distance: 45.6875688741857 cm | Severity=75 | SourceName=Sensor2 | EventType=application | SourceNode=ns=1;s=SensorSource2
[Anomaly Input] [2026-08-16 19:31:28.644 (UTC)] info/application	[Sensor] Updated distance: 28.5504511846464 cm | Severity=75 | SourceName=Sensor3 | EventType=application | SourceNode=ns=1;s=SensorSource3
[Anomaly Input] [2026-08-16 19:31:29.149 (UTC)] info/application	[Motor] Received distance: 45.6875688741857 cm | Severity=75 | SourceName=Motor2 | EventType=application | SourceNode=ns=1;s=MotorSource2
[Anomaly Input] [2026-08-16 19:31:29.157 (UTC)] info/application	[Motor] Received distance: 28.0810842526057 cm | Severity=75 | SourceName=Motor | EventType=application | SourceNode=ns=1;s=MotorSource
[Anomaly Input] [2026-08-16 19:31:29.158 (UTC)] info/application	[Motor] Received distance: 28.5504511846464 cm | Severity=75 | SourceName=Motor3 | EventType=application | SourceNode=ns=1;s=MotorSource3
[Anomaly Input] [2026-08-16 19:31:29.150 (UTC)] info/application	[Motor] Distance safe (45.6875688741857); rotating motor to 90 degrees | Severity=75 | SourceName=Motor2 | EventType=application | SourceNode=ns=1;s=MotorSource2
[Anomaly Input] [2026-08-16 19:31:29.157 (UTC)] info/application	[Motor] Distance safe (28.0810842526057); rotating motor to 90 degrees | Severity=75 | SourceName=Motor | EventType=application | SourceNode=ns=1;s=MotorSource
[Anomaly Input] [2026-08-16 19:31:29.158 (UTC)] info/application	[Motor] Distance safe (28.5504511846464); rotating motor to 90 degrees | Severity=75 | SourceName=Motor3 | EventType=application | SourceNode=ns=1;s=MotorSource3
[Anomaly Input] [2026-08-16 19:31:29.645 (UTC)] info/application	[Sensor] Updated distance: 29.7650529820309 cm | Severity=75 | SourceName=Sensor3 | EventType=application | SourceNode=ns=1;s=SensorSource3
[Anomaly Input] [2026-08-16 19:31:29.645 (UTC)] info/application	[Sensor] Updated distance: 26.5822783790446 cm | Severity=75 | SourceName=Sensor | EventType=application | SourceNode=ns=1;s=SensorSource
[Anomaly Input] [2026-08-16 19:31:29.645 (UTC)] info/application	[Sensor] Updated distance: 46.7457556956195 cm | Severity=75 | SourceName=Sensor2 | EventType=application | SourceNode=ns=1;s=SensorSource2
[Anomaly Input] [2026-08-16 19:31:30.140 (UTC)] info/application	[Motor] Received distance: 46.7457556956195 cm | Severity=75 | SourceName=Motor2 | EventType=application | SourceNode=ns=1;s=MotorSource2
[Anomaly Input] [2026-08-16 19:31:30.147 (UTC)] info/application	[Motor] Received distance: 26.5822783790446 cm | Severity=75 | SourceName=Motor | EventType=application | SourceNode=ns=1;s=MotorSource
[Anomaly Input] [2026-08-16 19:31:30.147 (UTC)] info/application	[Motor] Received distance: 29.7650529820309 cm | Severity=75 | SourceName=Motor3 | EventType=application | SourceNode=ns=1;s=MotorSource3
[Anomaly Input] [2026-08-16 19:31:30.140 (UTC)] info/application	[Motor] Distance safe (46.7457556956195); rotating motor to 90 degrees | Severity=75 | SourceName=Motor2 | EventType=application | SourceNode=ns=1;s=MotorSource2
[Anomaly Input] [2026-08-16 19:31:30.147 (UTC)] info/application	[Motor] Distance safe (26.5822783790446); rotating motor to 90 degrees | Severity=75 | SourceName=Motor | EventType=application | SourceNode=ns=1;s=MotorSource
[Anomaly Input] [2026-08-16 19:31:30.147 (UTC)] info/application	[Motor] Distance safe (29.7650529820309); rotating motor to 90 degrees | Severity=75 | SourceName=Motor3 | EventType=application | SourceNode=ns=1;s=MotorSource3
[Anomaly Input] [2026-08-16 19:31:30.646 (UTC)] info/application	[Sensor] Updated distance: 46.2862318846333 cm | Severity=75 | SourceName=Sensor2 | EventType=application | SourceNode=ns=1;s=SensorSource2
[Anomaly Input] [2026-08-16 19:31:30.646 (UTC)] info/application	[Sensor] Updated distance: 25.3185722510417 cm | Severity=75 | SourceName=Sensor | EventType=application | SourceNode=ns=1;s=SensorSource
[Anomaly Input] [2026-08-16 19:31:30.646 (UTC)] info/application	[Sensor] Updated distance: 28.8711068473622 cm | Severity=75 | SourceName=Sensor3 | EventType=application | SourceNode=ns=1;s=SensorSource3
[Anomaly Input] [2026-08-16 19:31:31.147 (UTC)] info/application	[Motor] Received distance: 25.3185722510417 cm | Severity=75 | SourceName=Motor | EventType=application | SourceNode=ns=1;s=MotorSource
[Anomaly Input] [2026-08-16 19:31:31.148 (UTC)] info/application	[Motor] Received distance: 46.2862318846333 cm | Severity=75 | SourceName=Motor2 | EventType=application | SourceNode=ns=1;s=MotorSource2
[Anomaly Input] [2026-08-16 19:31:31.148 (UTC)] info/application	[Motor] Received distance: 28.8711068473622 cm | Severity=75 | SourceName=Motor3 | EventType=application | SourceNode=ns=1;s=MotorSource3
[Anomaly Input] [2026-08-16 19:31:31.147 (UTC)] info/application	[Motor] Distance safe (25.3185722510417); rotating motor to 90 degrees | Severity=75 | SourceName=Motor | EventType=application | SourceNode=ns=1;s=MotorSource
[Anomaly Input] [2026-08-16 19:31:31.148 (UTC)] info/application	[Motor] Distance safe (46.2862318846333); rotating motor to 90 degrees | Severity=75 | SourceName=Motor2 | EventType=application | SourceNode=ns=1;s=MotorSource2
[Anomaly Input] [2026-08-16 19:31:31.148 (UTC)] info/application	[Motor] Distance safe (28.8711068473622); rotating motor to 90 degrees | Severity=75 | SourceName=Motor3 | EventType=application | SourceNode=ns=1;s=MotorSource3
[Anomaly Input] [2026-08-16 19:31:31.647 (UTC)] info/application	[Sensor] Updated distance: 44.9319939100798 cm | Severity=75 | SourceName=Sensor2 | EventType=application | SourceNode=ns=1;s=SensorSource2
[Anomaly Input] [2026-08-16 19:31:31.647 (UTC)] info/application	[Sensor] Updated distance: 24.133952237728 cm | Severity=75 | SourceName=Sensor | EventType=application | SourceNode=ns=1;s=SensorSource
[Anomaly Input] [2026-08-16 19:31:31.647 (UTC)] info/application	[Sensor] Updated distance: 29.1927218251828 cm | Severity=75 | SourceName=Sensor3 | EventType=application | SourceNode=ns=1;s=SensorSource3
[Anomaly Input] [2026-08-16 19:31:32.143 (UTC)] info/application	[Motor] Received distance: 24.133952237728 cm | Severity=75 | SourceName=Motor | EventType=application | SourceNode=ns=1;s=MotorSource
[Anomaly Input] [2026-08-16 19:31:32.148 (UTC)] info/application	[Motor] Received distance: 44.9319939100798 cm | Severity=75 | SourceName=Motor2 | EventType=application | SourceNode=ns=1;s=MotorSource2
[Anomaly Input] [2026-08-16 19:31:32.149 (UTC)] info/application	[Motor] Received distance: 29.1927218251828 cm | Severity=75 | SourceName=Motor3 | EventType=application | SourceNode=ns=1;s=MotorSource3
[Anomaly Input] [2026-08-16 19:31:32.143 (UTC)] info/application	[Motor] Distance safe (24.133952237728); rotating motor to 90 degrees | Severity=75 | SourceName=Motor | EventType=application | SourceNode=ns=1;s=MotorSource
[Anomaly Input] [2026-08-16 19:31:32.148 (UTC)] info/application	[Motor] Distance safe (44.9319939100798); rotating motor to 90 degrees | Severity=75 | SourceName=Motor2 | EventType=application | SourceNode=ns=1;s=MotorSource2
[Anomaly Input] [2026-08-16 19:31:32.149 (UTC)] info/application	[Motor] Distance safe (29.1927218251828); rotating motor to 90 degrees | Severity=75 | SourceName=Motor3 | EventType=application | SourceNode=ns=1;s=MotorSource3
[Anomaly Input] [2026-08-16 19:31:32.647 (UTC)] info/application	[Sensor] Updated distance: 44.7932876275355 cm | Severity=75 | SourceName=Sensor2 | EventType=application | SourceNode=ns=1;s=SensorSource2
[Anomaly Input] [2026-08-16 19:31:32.647 (UTC)] info/application	[Sensor] Updated distance: 29.422922552993 cm | Severity=75 | SourceName=Sensor3 | EventType=application | SourceNode=ns=1;s=SensorSource3
[Anomaly Input] [2026-08-16 19:31:32.647 (UTC)] info/application	[Sensor] Updated distance: 24.7478988544307 cm | Severity=75 | SourceName=Sensor | EventType=application | SourceNode=ns=1;s=SensorSource
[Anomaly Input] [2026-08-16 19:31:33.142 (UTC)] info/application	[Motor] Received distance: 44.7932876275355 cm | Severity=75 | SourceName=Motor2 | EventType=application | SourceNode=ns=1;s=MotorSource2
[Anomaly Input] [2026-08-16 19:31:33.146 (UTC)] info/application	[Motor] Received distance: 24.7478988544307 cm | Severity=75 | SourceName=Motor | EventType=application | SourceNode=ns=1;s=MotorSource
[Anomaly Input] [2026-08-16 19:31:33.149 (UTC)] info/application	[Motor] Received distance: 29.422922552993 cm | Severity=75 | SourceName=Motor3 | EventType=application | SourceNode=ns=1;s=MotorSource3
[Anomaly Input] [2026-08-16 19:31:33.142 (UTC)] info/application	[Motor] Distance safe (44.7932876275355); rotating motor to 90 degrees | Severity=75 | SourceName=Motor2 | EventType=application | SourceNode=ns=1;s=MotorSource2
[Anomaly Input] [2026-08-16 19:31:33.146 (UTC)] info/application	[Motor] Distance safe (24.7478988544307); rotating motor to 90 degrees | Severity=75 | SourceName=Motor | EventType=application | SourceNode=ns=1;s=MotorSource
[Anomaly Input] [2026-08-16 19:31:33.149 (UTC)] info/application	[Motor] Distance safe (29.422922552993); rotating motor to 90 degrees | Severity=75 | SourceName=Motor3 | EventType=application | SourceNode=ns=1;s=MotorSource3
[Anomaly Input] [2026-08-16 19:31:33.647 (UTC)] info/application	[Sensor] Updated distance: 44.3549243278591 cm | Severity=75 | SourceName=Sensor2 | EventType=application | SourceNode=ns=1;s=SensorSource2
[Anomaly Input] [2026-08-16 19:31:33.647 (UTC)] info/application	[Sensor] Updated distance: 25.0185982240451 cm | Severity=75 | SourceName=Sensor | EventType=application | SourceNode=ns=1;s=SensorSource
[Anomaly Input] [2026-08-16 19:31:33.647 (UTC)] info/application	[Sensor] Updated distance: 28.6710319033223 cm | Severity=75 | SourceName=Sensor3 | EventType=application | SourceNode=ns=1;s=SensorSource3
[Anomaly Input] [2026-08-16 19:31:34.147 (UTC)] info/application	[Motor] Received distance: 44.3549243278591 cm | Severity=75 | SourceName=Motor2 | EventType=application | SourceNode=ns=1;s=MotorSource2
[Anomaly Input] [2026-08-16 19:31:34.147 (UTC)] info/application	[Motor] Received distance: 25.0185982240451 cm | Severity=75 | SourceName=Motor | EventType=application | SourceNode=ns=1;s=MotorSource
[Anomaly Input] [2026-08-16 19:31:34.149 (UTC)] info/application	[Motor] Received distance: 28.6710319033223 cm | Severity=75 | SourceName=Motor3 | EventType=application | SourceNode=ns=1;s=MotorSource3
[Anomaly Input] [2026-08-16 19:31:34.147 (UTC)] info/application	[Motor] Distance safe (44.3549243278591); rotating motor to 90 degrees | Severity=75 | SourceName=Motor2 | EventType=application | SourceNode=ns=1;s=MotorSource2
[Anomaly Input] [2026-08-16 19:31:34.147 (UTC)] info/application	[Motor] Distance safe (25.0185982240451); rotating motor to 90 degrees | Severity=75 | SourceName=Motor | EventType=application | SourceNode=ns=1;s=MotorSource
[Anomaly Input] [2026-08-16 19:31:34.149 (UTC)] info/application	[Motor] Distance safe (28.6710319033223); rotating motor to 90 degrees | Severity=75 | SourceName=Motor3 | EventType=application | SourceNode=ns=1;s=MotorSource3
[Anomaly Input] [2026-08-16 19:31:34.647 (UTC)] info/application	[Sensor] Updated distance: 45.1753424828291 cm | Severity=75 | SourceName=Sensor2 | EventType=application | SourceNode=ns=1;s=SensorSource2
[Anomaly Input] [2026-08-16 19:31:34.647 (UTC)] info/application	[Sensor] Updated distance: 28.5704013952382 cm | Severity=75 | SourceName=Sensor3 | EventType=application | SourceNode=ns=1;s=SensorSource3
[Anomaly Input] [2026-08-16 19:31:34.647 (UTC)] info/application	[Sensor] Updated distance: 25.7497958295279 cm | Severity=75 | SourceName=Sensor | EventType=application | SourceNode=ns=1;s=SensorSource
[Anomaly Input] [2026-08-16 19:31:35.148 (UTC)] info/application	[Motor] Received distance: 45.1753424828291 cm | Severity=75 | SourceName=Motor2 | EventType=application | SourceNode=ns=1;s=MotorSource2
[Anomaly Input] [2026-08-16 19:31:35.148 (UTC)] info/application	[Motor] Received distance: 25.7497958295279 cm | Severity=75 | SourceName=Motor | EventType=application | SourceNode=ns=1;s=MotorSource
[Anomaly Input] [2026-08-16 19:31:35.149 (UTC)] info/application	[Motor] Received distance: 28.5704013952382 cm | Severity=75 | SourceName=Motor3 | EventType=application | SourceNode=ns=1;s=MotorSource3
[Anomaly Input] [2026-08-16 19:31:35.148 (UTC)] info/application	[Motor] Distance safe (45.1753424828291); rotating motor to 90 degrees | Severity=75 | SourceName=Motor2 | EventType=application | SourceNode=ns=1;s=MotorSource2
[Anomaly Input] [2026-08-16 19:31:35.148 (UTC)] info/application	[Motor] Distance safe (25.7497958295279); rotating motor to 90 degrees | Severity=75 | SourceName=Motor | EventType=application | SourceNode=ns=1;s=MotorSource
[Anomaly Input] [2026-08-16 19:31:35.149 (UTC)] info/application	[Motor] Distance safe (28.5704013952382); rotating motor to 90 degrees | Severity=75 | SourceName=Motor3 | EventType=application | SourceNode=ns=1;s=MotorSource3
[Anomaly Input] [2026-08-16 19:31:35.646 (UTC)] info/application	[Sensor] Updated distance: 44.181412652685 cm | Severity=75 | SourceName=Sensor2 | EventType=application | SourceNode=ns=1;s=SensorSource2
[Anomaly Input] [2026-08-16 19:31:35.647 (UTC)] info/application	[Sensor] Updated distance: 27.1090226737359 cm | Severity=75 | SourceName=Sensor3 | EventType=application | SourceNode=ns=1;s=SensorSource3
[Anomaly Input] [2026-08-16 19:31:35.647 (UTC)] info/application	[Sensor] Updated distance: 26.9624236188654 cm | Severity=75 | SourceName=Sensor | EventType=application | SourceNode=ns=1;s=SensorSource
[Anomaly Input] [2026-08-16 19:31:36.142 (UTC)] info/application	[Motor] Received distance: 26.9624236188654 cm | Severity=75 | SourceName=Motor | EventType=application | SourceNode=ns=1;s=MotorSource
[Anomaly Input] [2026-08-16 19:31:36.148 (UTC)] info/application	[Motor] Received distance: 44.181412652685 cm | Severity=75 | SourceName=Motor2 | EventType=application | SourceNode=ns=1;s=MotorSource2
[Anomaly Input] [2026-08-16 19:31:36.149 (UTC)] info/application	[Motor] Received distance: 27.1090226737359 cm | Severity=75 | SourceName=Motor3 | EventType=application | SourceNode=ns=1;s=MotorSource3
[Anomaly Input] [2026-08-16 19:31:36.142 (UTC)] info/application	[Motor] Distance safe (26.9624236188654); rotating motor to 90 degrees | Severity=75 | SourceName=Motor | EventType=application | SourceNode=ns=1;s=MotorSource
[Anomaly Input] [2026-08-16 19:31:36.148 (UTC)] info/application	[Motor] Distance safe (44.181412652685); rotating motor to 90 degrees | Severity=75 | SourceName=Motor2 | EventType=application | SourceNode=ns=1;s=MotorSource2
[Anomaly Input] [2026-08-16 19:31:36.149 (UTC)] info/application	[Motor] Distance safe (27.1090226737359); rotating motor to 90 degrees | Severity=75 | SourceName=Motor3 | EventType=application | SourceNode=ns=1;s=MotorSource3
[Anomaly Input] [2026-08-16 19:31:36.647 (UTC)] info/application	[Sensor] Updated distance: 43.3319664401151 cm | Severity=75 | SourceName=Sensor2 | EventType=application | SourceNode=ns=1;s=SensorSource2
[Anomaly Input] [2026-08-16 19:31:36.647 (UTC)] info/application	[Sensor] Updated distance: 27.8335401664178 cm | Severity=75 | SourceName=Sensor3 | EventType=application | SourceNode=ns=1;s=SensorSource3
[Anomaly Input] [2026-08-16 19:31:36.648 (UTC)] info/application	[Sensor] Updated distance: 28.1376798728657 cm | Severity=75 | SourceName=Sensor | EventType=application | SourceNode=ns=1;s=SensorSource
[Anomaly Input] [2026-08-16 19:31:37.147 (UTC)] info/application	[Motor] Received distance: 28.1376798728657 cm | Severity=75 | SourceName=Motor | EventType=application | SourceNode=ns=1;s=MotorSource
[Anomaly Input] [2026-08-16 19:31:37.148 (UTC)] info/application	[Motor] Received distance: 43.3319664401151 cm | Severity=75 | SourceName=Motor2 | EventType=application | SourceNode=ns=1;s=MotorSource2
[Anomaly Input] [2026-08-16 19:31:37.149 (UTC)] info/application	[Motor] Received distance: 27.8335401664178 cm | Severity=75 | SourceName=Motor3 | EventType=application | SourceNode=ns=1;s=MotorSource3
[Anomaly Input] [2026-08-16 19:31:37.147 (UTC)] info/application	[Motor] Distance safe (28.1376798728657); rotating motor to 90 degrees | Severity=75 | SourceName=Motor | EventType=application | SourceNode=ns=1;s=MotorSource
[Anomaly Input] [2026-08-16 19:31:37.148 (UTC)] info/application	[Motor] Distance safe (43.3319664401151); rotating motor to 90 degrees | Severity=75 | SourceName=Motor2 | EventType=application | SourceNode=ns=1;s=MotorSource2
[Anomaly Input] [2026-08-16 19:31:37.149 (UTC)] info/application	[Motor] Distance safe (27.8335401664178); rotating motor to 90 degrees | Severity=75 | SourceName=Motor3 | EventType=application | SourceNode=ns=1;s=MotorSource3
[Anomaly Input] [2026-08-16 19:31:37.647 (UTC)] info/application	[Sensor] Updated distance: 26.551360171545 cm | Severity=75 | SourceName=Sensor3 | EventType=application | SourceNode=ns=1;s=SensorSource3
[Anomaly Input] [2026-08-16 19:31:37.648 (UTC)] info/application	[Sensor] Updated distance: 28.7884104604779 cm | Severity=75 | SourceName=Sensor | EventType=application | SourceNode=ns=1;s=SensorSource
[Anomaly Input] [2026-08-16 19:31:37.648 (UTC)] info/application	[Sensor] Updated distance: 41.9532915660894 cm | Severity=75 | SourceName=Sensor2 | EventType=application | SourceNode=ns=1;s=SensorSource2
[Anomaly Input] [2026-08-16 19:31:38.147 (UTC)] info/application	[Motor] Received distance: 28.7884104604779 cm | Severity=75 | SourceName=Motor | EventType=application | SourceNode=ns=1;s=MotorSource
[Anomaly Input] [2026-08-16 19:31:38.148 (UTC)] info/application	[Motor] Received distance: 41.9532915660894 cm | Severity=75 | SourceName=Motor2 | EventType=application | SourceNode=ns=1;s=MotorSource2
[Anomaly Input] [2026-08-16 19:31:38.149 (UTC)] info/application	[Motor] Received distance: 26.551360171545 cm | Severity=75 | SourceName=Motor3 | EventType=application | SourceNode=ns=1;s=MotorSource3
[Anomaly Input] [2026-08-16 19:31:38.147 (UTC)] info/application	[Motor] Distance safe (28.7884104604779); rotating motor to 90 degrees | Severity=75 | SourceName=Motor | EventType=application | SourceNode=ns=1;s=MotorSource
[Anomaly Input] [2026-08-16 19:31:38.148 (UTC)] info/application	[Motor] Distance safe (41.9532915660894); rotating motor to 90 degrees | Severity=75 | SourceName=Motor2 | EventType=application | SourceNode=ns=1;s=MotorSource2
[Anomaly Input] [2026-08-16 19:31:38.149 (UTC)] info/application	[Motor] Distance safe (26.551360171545); rotating motor to 90 degrees | Severity=75 | SourceName=Motor3 | EventType=application | SourceNode=ns=1;s=MotorSource3
[Anomaly Input] [2026-08-16 19:31:38.647 (UTC)] info/application	[Sensor] Updated distance: 42.6721949368585 cm | Severity=75 | SourceName=Sensor2 | EventType=application | SourceNode=ns=1;s=SensorSource2
[Anomaly Input] [2026-08-16 19:31:38.647 (UTC)] info/application	[Sensor] Updated distance: 25.3798158154263 cm | Severity=75 | SourceName=Sensor3 | EventType=application | SourceNode=ns=1;s=SensorSource3
[Anomaly Input] [2026-08-16 19:31:38.648 (UTC)] info/application	[Sensor] Updated distance: 29.3604396599627 cm | Severity=75 | SourceName=Sensor | EventType=application | SourceNode=ns=1;s=SensorSource
[Anomaly Input] [2026-08-16 19:31:39.148 (UTC)] info/application	[Motor] Received distance: 29.3604396599627 cm | Severity=75 | SourceName=Motor | EventType=application | SourceNode=ns=1;s=MotorSource
[Anomaly Input] [2026-08-16 19:31:39.149 (UTC)] info/application	[Motor] Received distance: 42.6721949368585 cm | Severity=75 | SourceName=Motor2 | EventType=application | SourceNode=ns=1;s=MotorSource2
[Anomaly Input] [2026-08-16 19:31:39.149 (UTC)] info/application	[Motor] Received distance: 25.3798158154263 cm | Severity=75 | SourceName=Motor3 | EventType=application | SourceNode=ns=1;s=MotorSource3
[Anomaly Input] [2026-08-16 19:31:39.148 (UTC)] info/application	[Motor] Distance safe (29.3604396599627); rotating motor to 90 degrees | Severity=75 | SourceName=Motor | EventType=application | SourceNode=ns=1;s=MotorSource
[Anomaly Input] [2026-08-16 19:31:39.149 (UTC)] info/application	[Motor] Distance safe (42.6721949368585); rotating motor to 90 degrees | Severity=75 | SourceName=Motor2 | EventType=application | SourceNode=ns=1;s=MotorSource2
[Anomaly Input] [2026-08-16 19:31:39.149 (UTC)] info/application	[Motor] Distance safe (25.3798158154263); rotating motor to 90 degrees | Severity=75 | SourceName=Motor3 | EventType=application | SourceNode=ns=1;s=MotorSource3
[Anomaly Input] [2026-08-16 19:31:39.648 (UTC)] info/application	[Sensor] Updated distance: 43.0735463169746 cm | Severity=75 | SourceName=Sensor2 | EventType=application | SourceNode=ns=1;s=SensorSource2
[Anomaly Input] [2026-08-16 19:31:39.648 (UTC)] info/application	[Sensor] Updated distance: 28.3295423902243 cm | Severity=75 | SourceName=Sensor | EventType=application | SourceNode=ns=1;s=SensorSource
[Anomaly Input] [2026-08-16 19:31:39.648 (UTC)] info/application	[Sensor] Updated distance: 25.106873641306 cm | Severity=75 | SourceName=Sensor3 | EventType=application | SourceNode=ns=1;s=SensorSource3
[Anomaly Input] [2026-08-16 19:31:40.143 (UTC)] info/application	[Motor] Received distance: 43.0735463169746 cm | Severity=75 | SourceName=Motor2 | EventType=application | SourceNode=ns=1;s=MotorSource2
[Anomaly Input] [2026-08-16 19:31:40.143 (UTC)] info/application	[Motor] Received distance: 28.3295423902243 cm | Severity=75 | SourceName=Motor | EventType=application | SourceNode=ns=1;s=MotorSource
[Anomaly Input] [2026-08-16 19:31:40.149 (UTC)] info/application	[Motor] Received distance: 25.106873641306 cm | Severity=75 | SourceName=Motor3 | EventType=application | SourceNode=ns=1;s=MotorSource3
[Anomaly Input] [2026-08-16 19:31:40.143 (UTC)] info/application	[Motor] Distance safe (43.0735463169746); rotating motor to 90 degrees | Severity=75 | SourceName=Motor2 | EventType=application | SourceNode=ns=1;s=MotorSource2
[Anomaly Input] [2026-08-16 19:31:40.143 (UTC)] info/application	[Motor] Distance safe (28.3295423902243); rotating motor to 90 degrees | Severity=75 | SourceName=Motor | EventType=application | SourceNode=ns=1;s=MotorSource
[Anomaly Input] [2026-08-16 19:31:40.149 (UTC)] info/application	[Motor] Distance safe (25.106873641306); rotating motor to 90 degrees | Severity=75 | SourceName=Motor3 | EventType=application | SourceNode=ns=1;s=MotorSource3
[Anomaly Input] [2026-08-16 19:31:40.648 (UTC)] info/application	[Sensor] Updated distance: 41.6459417269313 cm | Severity=75 | SourceName=Sensor2 | EventType=application | SourceNode=ns=1;s=SensorSource2
[Anomaly Input] [2026-08-16 19:31:40.648 (UTC)] info/application	[Sensor] Updated distance: 25.574534507503 cm | Severity=75 | SourceName=Sensor3 | EventType=application | SourceNode=ns=1;s=SensorSource3
[Anomaly Input] [2026-08-16 19:31:40.648 (UTC)] info/application	[Sensor] Updated distance: 28.7587058093672 cm | Severity=75 | SourceName=Sensor | EventType=application | SourceNode=ns=1;s=SensorSource
[Anomaly Input] [2026-08-16 19:31:41.143 (UTC)] info/application	[Motor] Received distance: 25.574534507503 cm | Severity=75 | SourceName=Motor3 | EventType=application | SourceNode=ns=1;s=MotorSource3
[Anomaly Input] [2026-08-16 19:31:41.146 (UTC)] info/application	[Motor] Received distance: 28.7587058093672 cm | Severity=75 | SourceName=Motor | EventType=application | SourceNode=ns=1;s=MotorSource
[Anomaly Input] [2026-08-16 19:31:41.147 (UTC)] info/application	[Motor] Received distance: 41.6459417269313 cm | Severity=75 | SourceName=Motor2 | EventType=application | SourceNode=ns=1;s=MotorSource2
[Anomaly Input] [2026-08-16 19:31:41.143 (UTC)] info/application	[Motor] Distance safe (25.574534507503); rotating motor to 90 degrees | Severity=75 | SourceName=Motor3 | EventType=application | SourceNode=ns=1;s=MotorSource3
[Anomaly Input] [2026-08-16 19:31:41.146 (UTC)] info/application	[Motor] Distance safe (28.7587058093672); rotating motor to 90 degrees | Severity=75 | SourceName=Motor | EventType=application | SourceNode=ns=1;s=MotorSource
[Anomaly Input] [2026-08-16 19:31:41.147 (UTC)] info/application	[Motor] Distance safe (41.6459417269313); rotating motor to 90 degrees | Severity=75 | SourceName=Motor2 | EventType=application | SourceNode=ns=1;s=MotorSource2
>>> [Anomaly Input] [2026-08-16 19:31:41.184 (UTC)] warn/application	[Motor] Distance too close (3.2); rotating motor to 0 degrees | Severity=175 | SourceName=Motor2 | EventType=application | SourceNode=null   # ⚠ [R] Repudiation 否認：冒充他人(motor)寫入、事後無法歸屬的偽造操作 log
>>> [Anomaly Input] [2026-08-16 19:31:41.185 (UTC)] warn/application	[Motor] Distance too close (3.2); rotating motor to 0 degrees | Severity=175 | SourceName=Motor | EventType=application | SourceNode=null   # ⚠ [R] Repudiation 否認：冒充他人(motor)寫入、事後無法歸屬的偽造操作 log
>>> [Anomaly Input] [2026-08-16 19:31:41.185 (UTC)] warn/application	[Motor] Distance too close (3.2); rotating motor to 0 degrees | Severity=175 | SourceName=Motor3 | EventType=application | SourceNode=null   # ⚠ [R] Repudiation 否認：冒充他人(motor)寫入、事後無法歸屬的偽造操作 log
[Anomaly Input] [2026-08-16 19:31:41.648 (UTC)] info/application	[Sensor] Updated distance: 41.5605861030335 cm | Severity=75 | SourceName=Sensor2 | EventType=application | SourceNode=ns=1;s=SensorSource2
[Anomaly Input] [2026-08-16 19:31:41.648 (UTC)] info/application	[Sensor] Updated distance: 25.0844469373508 cm | Severity=75 | SourceName=Sensor3 | EventType=application | SourceNode=ns=1;s=SensorSource3
[Anomaly Input] [2026-08-16 19:31:41.648 (UTC)] info/application	[Sensor] Updated distance: 27.8807587958317 cm | Severity=75 | SourceName=Sensor | EventType=application | SourceNode=ns=1;s=SensorSource
[Anomaly Input] [2026-08-16 19:31:42.146 (UTC)] info/application	[Motor] Received distance: 27.8807587958317 cm | Severity=75 | SourceName=Motor | EventType=application | SourceNode=ns=1;s=MotorSource
[Anomaly Input] [2026-08-16 19:31:42.147 (UTC)] info/application	[Motor] Received distance: 25.0844469373508 cm | Severity=75 | SourceName=Motor3 | EventType=application | SourceNode=ns=1;s=MotorSource3
[Anomaly Input] [2026-08-16 19:31:42.147 (UTC)] info/application	[Motor] Received distance: 41.5605861030335 cm | Severity=75 | SourceName=Motor2 | EventType=application | SourceNode=ns=1;s=MotorSource2
[Anomaly Input] [2026-08-16 19:31:42.146 (UTC)] info/application	[Motor] Distance safe (27.8807587958317); rotating motor to 90 degrees | Severity=75 | SourceName=Motor | EventType=application | SourceNode=ns=1;s=MotorSource
[Anomaly Input] [2026-08-16 19:31:42.147 (UTC)] info/application	[Motor] Distance safe (25.0844469373508); rotating motor to 90 degrees | Severity=75 | SourceName=Motor3 | EventType=application | SourceNode=ns=1;s=MotorSource3
[Anomaly Input] [2026-08-16 19:31:42.147 (UTC)] info/application	[Motor] Distance safe (41.5605861030335); rotating motor to 90 degrees | Severity=75 | SourceName=Motor2 | EventType=application | SourceNode=ns=1;s=MotorSource2
[Anomaly Input] [2026-08-16 19:31:42.648 (UTC)] info/application	[Sensor] Updated distance: 41.722342296607 cm | Severity=75 | SourceName=Sensor2 | EventType=application | SourceNode=ns=1;s=SensorSource2
[Anomaly Input] [2026-08-16 19:31:42.648 (UTC)] info/application	[Sensor] Updated distance: 24.1261837452772 cm | Severity=75 | SourceName=Sensor3 | EventType=application | SourceNode=ns=1;s=SensorSource3
[Anomaly Input] [2026-08-16 19:31:42.648 (UTC)] info/application	[Sensor] Updated distance: 28.9702457070678 cm | Severity=75 | SourceName=Sensor | EventType=application | SourceNode=ns=1;s=SensorSource
[Anomaly Input] [2026-08-16 19:31:43.147 (UTC)] info/application	[Motor] Received distance: 28.9702457070678 cm | Severity=75 | SourceName=Motor | EventType=application | SourceNode=ns=1;s=MotorSource
[Anomaly Input] [2026-08-16 19:31:43.147 (UTC)] info/application	[Motor] Received distance: 24.1261837452772 cm | Severity=75 | SourceName=Motor3 | EventType=application | SourceNode=ns=1;s=MotorSource3
[Anomaly Input] [2026-08-16 19:31:43.148 (UTC)] info/application	[Motor] Received distance: 41.722342296607 cm | Severity=75 | SourceName=Motor2 | EventType=application | SourceNode=ns=1;s=MotorSource2
[Anomaly Input] [2026-08-16 19:31:43.147 (UTC)] info/application	[Motor] Distance safe (28.9702457070678); rotating motor to 90 degrees | Severity=75 | SourceName=Motor | EventType=application | SourceNode=ns=1;s=MotorSource
[Anomaly Input] [2026-08-16 19:31:43.147 (UTC)] info/application	[Motor] Distance safe (24.1261837452772); rotating motor to 90 degrees | Severity=75 | SourceName=Motor3 | EventType=application | SourceNode=ns=1;s=MotorSource3
[Anomaly Input] [2026-08-16 19:31:43.148 (UTC)] info/application	[Motor] Distance safe (41.722342296607); rotating motor to 90 degrees | Severity=75 | SourceName=Motor2 | EventType=application | SourceNode=ns=1;s=MotorSource2
[Anomaly Input] [2026-08-16 19:31:43.648 (UTC)] info/application	[Sensor] Updated distance: 43.0550746475603 cm | Severity=75 | SourceName=Sensor2 | EventType=application | SourceNode=ns=1;s=SensorSource2
[Anomaly Input] [2026-08-16 19:31:43.649 (UTC)] info/application	[Sensor] Updated distance: 23.3615482958786 cm | Severity=75 | SourceName=Sensor3 | EventType=application | SourceNode=ns=1;s=SensorSource3
[Anomaly Input] [2026-08-16 19:31:43.649 (UTC)] info/application	[Sensor] Updated distance: 28.7679228735007 cm | Severity=75 | SourceName=Sensor | EventType=application | SourceNode=ns=1;s=SensorSource
[Anomaly Input] [2026-08-16 19:31:44.147 (UTC)] info/application	[Motor] Received distance: 23.3615482958786 cm | Severity=75 | SourceName=Motor3 | EventType=application | SourceNode=ns=1;s=MotorSource3
[Anomaly Input] [2026-08-16 19:31:44.148 (UTC)] info/application	[Motor] Received distance: 43.0550746475603 cm | Severity=75 | SourceName=Motor2 | EventType=application | SourceNode=ns=1;s=MotorSource2
[Anomaly Input] [2026-08-16 19:31:44.148 (UTC)] info/application	[Motor] Received distance: 28.7679228735007 cm | Severity=75 | SourceName=Motor | EventType=application | SourceNode=ns=1;s=MotorSource
[Anomaly Input] [2026-08-16 19:31:44.147 (UTC)] info/application	[Motor] Distance safe (23.3615482958786); rotating motor to 90 degrees | Severity=75 | SourceName=Motor3 | EventType=application | SourceNode=ns=1;s=MotorSource3
[Anomaly Input] [2026-08-16 19:31:44.148 (UTC)] info/application	[Motor] Distance safe (43.0550746475603); rotating motor to 90 degrees | Severity=75 | SourceName=Motor2 | EventType=application | SourceNode=ns=1;s=MotorSource2
[Anomaly Input] [2026-08-16 19:31:44.148 (UTC)] info/application	[Motor] Distance safe (28.7679228735007); rotating motor to 90 degrees | Severity=75 | SourceName=Motor | EventType=application | SourceNode=ns=1;s=MotorSource
[Anomaly Input] [2026-08-16 19:31:44.648 (UTC)] info/application	[Sensor] Updated distance: 42.0146941498456 cm | Severity=75 | SourceName=Sensor2 | EventType=application | SourceNode=ns=1;s=SensorSource2
[Anomaly Input] [2026-08-16 19:31:44.649 (UTC)] info/application	[Sensor] Updated distance: 29.6861745408672 cm | Severity=75 | SourceName=Sensor | EventType=application | SourceNode=ns=1;s=SensorSource
[Anomaly Input] [2026-08-16 19:31:44.649 (UTC)] info/application	[Sensor] Updated distance: 23.1314903831256 cm | Severity=75 | SourceName=Sensor3 | EventType=application | SourceNode=ns=1;s=SensorSource3
[Anomaly Input] [2026-08-16 19:31:45.144 (UTC)] info/application	[Motor] Received distance: 29.6861745408672 cm | Severity=75 | SourceName=Motor | EventType=application | SourceNode=ns=1;s=MotorSource
[Anomaly Input] [2026-08-16 19:31:45.148 (UTC)] info/application	[Motor] Received distance: 23.1314903831256 cm | Severity=75 | SourceName=Motor3 | EventType=application | SourceNode=ns=1;s=MotorSource3
[Anomaly Input] [2026-08-16 19:31:45.149 (UTC)] info/application	[Motor] Received distance: 42.0146941498456 cm | Severity=75 | SourceName=Motor2 | EventType=application | SourceNode=ns=1;s=MotorSource2
[Anomaly Input] [2026-08-16 19:31:45.144 (UTC)] info/application	[Motor] Distance safe (29.6861745408672); rotating motor to 90 degrees | Severity=75 | SourceName=Motor | EventType=application | SourceNode=ns=1;s=MotorSource
[Anomaly Input] [2026-08-16 19:31:45.148 (UTC)] info/application	[Motor] Distance safe (23.1314903831256); rotating motor to 90 degrees | Severity=75 | SourceName=Motor3 | EventType=application | SourceNode=ns=1;s=MotorSource3
[Anomaly Input] [2026-08-16 19:31:45.149 (UTC)] info/application	[Motor] Distance safe (42.0146941498456); rotating motor to 90 degrees | Severity=75 | SourceName=Motor2 | EventType=application | SourceNode=ns=1;s=MotorSource2
[Anomaly Input] [2026-08-16 19:31:45.648 (UTC)] info/application	[Sensor] Updated distance: 41.9650603295141 cm | Severity=75 | SourceName=Sensor2 | EventType=application | SourceNode=ns=1;s=SensorSource2
[Anomaly Input] [2026-08-16 19:31:45.649 (UTC)] info/application	[Sensor] Updated distance: 23.6701040052204 cm | Severity=75 | SourceName=Sensor3 | EventType=application | SourceNode=ns=1;s=SensorSource3
[Anomaly Input] [2026-08-16 19:31:45.649 (UTC)] info/application	[Sensor] Updated distance: 29.423407381132 cm | Severity=75 | SourceName=Sensor | EventType=application | SourceNode=ns=1;s=SensorSource
[Anomaly Input] [2026-08-16 19:31:46.146 (UTC)] info/application	[Motor] Received distance: 29.423407381132 cm | Severity=75 | SourceName=Motor | EventType=application | SourceNode=ns=1;s=MotorSource
[Anomaly Input] [2026-08-16 19:31:46.148 (UTC)] info/application	[Motor] Received distance: 23.6701040052204 cm | Severity=75 | SourceName=Motor3 | EventType=application | SourceNode=ns=1;s=MotorSource3
[Anomaly Input] [2026-08-16 19:31:46.148 (UTC)] info/application	[Motor] Received distance: 41.9650603295141 cm | Severity=75 | SourceName=Motor2 | EventType=application | SourceNode=ns=1;s=MotorSource2
[Anomaly Input] [2026-08-16 19:31:46.146 (UTC)] info/application	[Motor] Distance safe (29.423407381132); rotating motor to 90 degrees | Severity=75 | SourceName=Motor | EventType=application | SourceNode=ns=1;s=MotorSource
[Anomaly Input] [2026-08-16 19:31:46.148 (UTC)] info/application	[Motor] Distance safe (23.6701040052204); rotating motor to 90 degrees | Severity=75 | SourceName=Motor3 | EventType=application | SourceNode=ns=1;s=MotorSource3
[Anomaly Input] [2026-08-16 19:31:46.148 (UTC)] info/application	[Motor] Distance safe (41.9650603295141); rotating motor to 90 degrees | Severity=75 | SourceName=Motor2 | EventType=application | SourceNode=ns=1;s=MotorSource2
[Anomaly Input] [2026-08-16 19:31:46.647 (UTC)] info/application	[Sensor] Updated distance: 41.661012888961 cm | Severity=75 | SourceName=Sensor2 | EventType=application | SourceNode=ns=1;s=SensorSource2
[Anomaly Input] [2026-08-16 19:31:46.648 (UTC)] info/application	[Sensor] Updated distance: 23.3151676360588 cm | Severity=75 | SourceName=Sensor3 | EventType=application | SourceNode=ns=1;s=SensorSource3
[Anomaly Input] [2026-08-16 19:31:46.649 (UTC)] info/application	[Sensor] Updated distance: 30.1444677690251 cm | Severity=75 | SourceName=Sensor | EventType=application | SourceNode=ns=1;s=SensorSource
[Anomaly Input] [2026-08-16 19:31:47.147 (UTC)] info/application	[Motor] Received distance: 30.1444677690251 cm | Severity=75 | SourceName=Motor | EventType=application | SourceNode=ns=1;s=MotorSource
[Anomaly Input] [2026-08-16 19:31:47.147 (UTC)] info/application	[Motor] Received distance: 23.3151676360588 cm | Severity=75 | SourceName=Motor3 | EventType=application | SourceNode=ns=1;s=MotorSource3
[Anomaly Input] [2026-08-16 19:31:47.148 (UTC)] info/application	[Motor] Received distance: 41.661012888961 cm | Severity=75 | SourceName=Motor2 | EventType=application | SourceNode=ns=1;s=MotorSource2
[Anomaly Input] [2026-08-16 19:31:47.147 (UTC)] info/application	[Motor] Distance safe (30.1444677690251); rotating motor to 90 degrees | Severity=75 | SourceName=Motor | EventType=application | SourceNode=ns=1;s=MotorSource
[Anomaly Input] [2026-08-16 19:31:47.147 (UTC)] info/application	[Motor] Distance safe (23.3151676360588); rotating motor to 90 degrees | Severity=75 | SourceName=Motor3 | EventType=application | SourceNode=ns=1;s=MotorSource3
[Anomaly Input] [2026-08-16 19:31:47.148 (UTC)] info/application	[Motor] Distance safe (41.661012888961); rotating motor to 90 degrees | Severity=75 | SourceName=Motor2 | EventType=application | SourceNode=ns=1;s=MotorSource2
[Anomaly Input] [2026-08-16 19:31:47.647 (UTC)] info/application	[Sensor] Updated distance: 41.3411935466999 cm | Severity=75 | SourceName=Sensor2 | EventType=application | SourceNode=ns=1;s=SensorSource2
[Anomaly Input] [2026-08-16 19:31:47.648 (UTC)] info/application	[Sensor] Updated distance: 22.6423428867209 cm | Severity=75 | SourceName=Sensor3 | EventType=application | SourceNode=ns=1;s=SensorSource3
[Anomaly Input] [2026-08-16 19:31:47.649 (UTC)] info/application	[Sensor] Updated distance: 31.0480491053537 cm | Severity=75 | SourceName=Sensor | EventType=application | SourceNode=ns=1;s=SensorSource
[Anomaly Input] [2026-08-16 19:31:48.143 (UTC)] info/application	[Motor] Received distance: 41.3411935466999 cm | Severity=75 | SourceName=Motor2 | EventType=application | SourceNode=ns=1;s=MotorSource2
[Anomaly Input] [2026-08-16 19:31:48.147 (UTC)] info/application	[Motor] Received distance: 31.0480491053537 cm | Severity=75 | SourceName=Motor | EventType=application | SourceNode=ns=1;s=MotorSource
[Anomaly Input] [2026-08-16 19:31:48.147 (UTC)] info/application	[Motor] Received distance: 22.6423428867209 cm | Severity=75 | SourceName=Motor3 | EventType=application | SourceNode=ns=1;s=MotorSource3
[Anomaly Input] [2026-08-16 19:31:48.143 (UTC)] info/application	[Motor] Distance safe (41.3411935466999); rotating motor to 90 degrees | Severity=75 | SourceName=Motor2 | EventType=application | SourceNode=ns=1;s=MotorSource2
[Anomaly Input] [2026-08-16 19:31:48.147 (UTC)] info/application	[Motor] Distance safe (31.0480491053537); rotating motor to 90 degrees | Severity=75 | SourceName=Motor | EventType=application | SourceNode=ns=1;s=MotorSource
[Anomaly Input] [2026-08-16 19:31:48.147 (UTC)] info/application	[Motor] Distance safe (22.6423428867209); rotating motor to 90 degrees | Severity=75 | SourceName=Motor3 | EventType=application | SourceNode=ns=1;s=MotorSource3
[Anomaly Input] [2026-08-16 19:31:48.648 (UTC)] info/application	[Sensor] Updated distance: 40.3220879816553 cm | Severity=75 | SourceName=Sensor2 | EventType=application | SourceNode=ns=1;s=SensorSource2
[Anomaly Input] [2026-08-16 19:31:48.648 (UTC)] info/application	[Sensor] Updated distance: 21.8290246088659 cm | Severity=75 | SourceName=Sensor3 | EventType=application | SourceNode=ns=1;s=SensorSource3
[Anomaly Input] [2026-08-16 19:31:48.649 (UTC)] info/application	[Sensor] Updated distance: 30.9591822309695 cm | Severity=75 | SourceName=Sensor | EventType=application | SourceNode=ns=1;s=SensorSource
[Anomaly Input] [2026-08-16 19:31:49.147 (UTC)] info/application	[Motor] Received distance: 30.9591822309695 cm | Severity=75 | SourceName=Motor | EventType=application | SourceNode=ns=1;s=MotorSource
[Anomaly Input] [2026-08-16 19:31:49.147 (UTC)] info/application	[Motor] Received distance: 40.3220879816553 cm | Severity=75 | SourceName=Motor2 | EventType=application | SourceNode=ns=1;s=MotorSource2
[Anomaly Input] [2026-08-16 19:31:49.148 (UTC)] info/application	[Motor] Received distance: 21.8290246088659 cm | Severity=75 | SourceName=Motor3 | EventType=application | SourceNode=ns=1;s=MotorSource3
[Anomaly Input] [2026-08-16 19:31:49.147 (UTC)] info/application	[Motor] Distance safe (30.9591822309695); rotating motor to 90 degrees | Severity=75 | SourceName=Motor | EventType=application | SourceNode=ns=1;s=MotorSource
[Anomaly Input] [2026-08-16 19:31:49.147 (UTC)] info/application	[Motor] Distance safe (40.3220879816553); rotating motor to 90 degrees | Severity=75 | SourceName=Motor2 | EventType=application | SourceNode=ns=1;s=MotorSource2
[Anomaly Input] [2026-08-16 19:31:49.148 (UTC)] info/application	[Motor] Distance safe (21.8290246088659); rotating motor to 90 degrees | Severity=75 | SourceName=Motor3 | EventType=application | SourceNode=ns=1;s=MotorSource3
[Anomaly Input] [2026-08-16 19:31:49.647 (UTC)] info/application	[Sensor] Updated distance: 20.8571111689588 cm | Severity=75 | SourceName=Sensor3 | EventType=application | SourceNode=ns=1;s=SensorSource3
[Anomaly Input] [2026-08-16 19:31:49.647 (UTC)] info/application	[Sensor] Updated distance: 39.9598768008686 cm | Severity=75 | SourceName=Sensor2 | EventType=application | SourceNode=ns=1;s=SensorSource2
[Anomaly Input] [2026-08-16 19:31:49.648 (UTC)] info/application	[Sensor] Updated distance: 32.2836630578543 cm | Severity=75 | SourceName=Sensor | EventType=application | SourceNode=ns=1;s=SensorSource
[Anomaly Input] [2026-08-16 19:31:50.144 (UTC)] info/application	[Motor] Received distance: 32.2836630578543 cm | Severity=75 | SourceName=Motor | EventType=application | SourceNode=ns=1;s=MotorSource
[Anomaly Input] [2026-08-16 19:31:50.148 (UTC)] info/application	[Motor] Received distance: 39.9598768008686 cm | Severity=75 | SourceName=Motor2 | EventType=application | SourceNode=ns=1;s=MotorSource2
[Anomaly Input] [2026-08-16 19:31:50.148 (UTC)] info/application	[Motor] Received distance: 20.8571111689588 cm | Severity=75 | SourceName=Motor3 | EventType=application | SourceNode=ns=1;s=MotorSource3
[Anomaly Input] [2026-08-16 19:31:50.144 (UTC)] info/application	[Motor] Distance safe (32.2836630578543); rotating motor to 90 degrees | Severity=75 | SourceName=Motor | EventType=application | SourceNode=ns=1;s=MotorSource
[Anomaly Input] [2026-08-16 19:31:50.148 (UTC)] info/application	[Motor] Distance safe (39.9598768008686); rotating motor to 90 degrees | Severity=75 | SourceName=Motor2 | EventType=application | SourceNode=ns=1;s=MotorSource2
[Anomaly Input] [2026-08-16 19:31:50.148 (UTC)] info/application	[Motor] Distance safe (20.8571111689588); rotating motor to 90 degrees | Severity=75 | SourceName=Motor3 | EventType=application | SourceNode=ns=1;s=MotorSource3
[Anomaly Input] [2026-08-16 19:31:50.648 (UTC)] info/application	[Sensor] Updated distance: 38.5777054201242 cm | Severity=75 | SourceName=Sensor2 | EventType=application | SourceNode=ns=1;s=SensorSource2
[Anomaly Input] [2026-08-16 19:31:50.648 (UTC)] info/application	[Sensor] Updated distance: 20.7659288427168 cm | Severity=75 | SourceName=Sensor3 | EventType=application | SourceNode=ns=1;s=SensorSource3
[Anomaly Input] [2026-08-16 19:31:50.648 (UTC)] info/application	[Sensor] Updated distance: 31.7249689452467 cm | Severity=75 | SourceName=Sensor | EventType=application | SourceNode=ns=1;s=SensorSource
[Anomaly Input] [2026-08-16 19:31:51.146 (UTC)] info/application	[Motor] Received distance: 31.7249689452467 cm | Severity=75 | SourceName=Motor | EventType=application | SourceNode=ns=1;s=MotorSource
[Anomaly Input] [2026-08-16 19:31:51.148 (UTC)] info/application	[Motor] Received distance: 20.7659288427168 cm | Severity=75 | SourceName=Motor3 | EventType=application | SourceNode=ns=1;s=MotorSource3
[Anomaly Input] [2026-08-16 19:31:51.149 (UTC)] info/application	[Motor] Received distance: 38.5777054201242 cm | Severity=75 | SourceName=Motor2 | EventType=application | SourceNode=ns=1;s=MotorSource2
[Anomaly Input] [2026-08-16 19:31:51.146 (UTC)] info/application	[Motor] Distance safe (31.7249689452467); rotating motor to 90 degrees | Severity=75 | SourceName=Motor | EventType=application | SourceNode=ns=1;s=MotorSource
[Anomaly Input] [2026-08-16 19:31:51.148 (UTC)] info/application	[Motor] Distance safe (20.7659288427168); rotating motor to 90 degrees | Severity=75 | SourceName=Motor3 | EventType=application | SourceNode=ns=1;s=MotorSource3
[Anomaly Input] [2026-08-16 19:31:51.149 (UTC)] info/application	[Motor] Distance safe (38.5777054201242); rotating motor to 90 degrees | Severity=75 | SourceName=Motor2 | EventType=application | SourceNode=ns=1;s=MotorSource2
[Anomaly Input] [2026-08-16 19:31:51.647 (UTC)] info/application	[Sensor] Updated distance: 39.9732140824074 cm | Severity=75 | SourceName=Sensor2 | EventType=application | SourceNode=ns=1;s=SensorSource2
[Anomaly Input] [2026-08-16 19:31:51.648 (UTC)] info/application	[Sensor] Updated distance: 21.0930184619934 cm | Severity=75 | SourceName=Sensor3 | EventType=application | SourceNode=ns=1;s=SensorSource3
[Anomaly Input] [2026-08-16 19:31:51.648 (UTC)] info/application	[Sensor] Updated distance: 31.82717436544 cm | Severity=75 | SourceName=Sensor | EventType=application | SourceNode=ns=1;s=SensorSource
[Anomaly Input] [2026-08-16 19:31:52.142 (UTC)] info/application	[Motor] Received distance: 39.9732140824074 cm | Severity=75 | SourceName=Motor2 | EventType=application | SourceNode=ns=1;s=MotorSource2
[Anomaly Input] [2026-08-16 19:31:52.146 (UTC)] info/application	[Motor] Received distance: 31.82717436544 cm | Severity=75 | SourceName=Motor | EventType=application | SourceNode=ns=1;s=MotorSource
[Anomaly Input] [2026-08-16 19:31:52.149 (UTC)] info/application	[Motor] Received distance: 21.0930184619934 cm | Severity=75 | SourceName=Motor3 | EventType=application | SourceNode=ns=1;s=MotorSource3
[Anomaly Input] [2026-08-16 19:31:52.142 (UTC)] info/application	[Motor] Distance safe (39.9732140824074); rotating motor to 90 degrees | Severity=75 | SourceName=Motor2 | EventType=application | SourceNode=ns=1;s=MotorSource2
[Anomaly Input] [2026-08-16 19:31:52.146 (UTC)] info/application	[Motor] Distance safe (31.82717436544); rotating motor to 90 degrees | Severity=75 | SourceName=Motor | EventType=application | SourceNode=ns=1;s=MotorSource
[Anomaly Input] [2026-08-16 19:31:52.149 (UTC)] info/application	[Motor] Distance safe (21.0930184619934); rotating motor to 90 degrees | Severity=75 | SourceName=Motor3 | EventType=application | SourceNode=ns=1;s=MotorSource3
[Anomaly Input] [2026-08-16 19:31:52.647 (UTC)] info/application	[Sensor] Updated distance: 40.4712447114155 cm | Severity=75 | SourceName=Sensor2 | EventType=application | SourceNode=ns=1;s=SensorSource2
[Anomaly Input] [2026-08-16 19:31:52.647 (UTC)] info/application	[Sensor] Updated distance: 20.4350345218252 cm | Severity=75 | SourceName=Sensor3 | EventType=application | SourceNode=ns=1;s=SensorSource3
[Anomaly Input] [2026-08-16 19:31:52.648 (UTC)] info/application	[Sensor] Updated distance: 33.1668857055097 cm | Severity=75 | SourceName=Sensor | EventType=application | SourceNode=ns=1;s=SensorSource
[Anomaly Input] [2026-08-16 19:31:53.147 (UTC)] info/application	[Motor] Received distance: 33.1668857055097 cm | Severity=75 | SourceName=Motor | EventType=application | SourceNode=ns=1;s=MotorSource
[Anomaly Input] [2026-08-16 19:31:53.148 (UTC)] info/application	[Motor] Received distance: 40.4712447114155 cm | Severity=75 | SourceName=Motor2 | EventType=application | SourceNode=ns=1;s=MotorSource2
[Anomaly Input] [2026-08-16 19:31:53.149 (UTC)] info/application	[Motor] Received distance: 20.4350345218252 cm | Severity=75 | SourceName=Motor3 | EventType=application | SourceNode=ns=1;s=MotorSource3
[Anomaly Input] [2026-08-16 19:31:53.147 (UTC)] info/application	[Motor] Distance safe (33.1668857055097); rotating motor to 90 degrees | Severity=75 | SourceName=Motor | EventType=application | SourceNode=ns=1;s=MotorSource
[Anomaly Input] [2026-08-16 19:31:53.148 (UTC)] info/application	[Motor] Distance safe (40.4712447114155); rotating motor to 90 degrees | Severity=75 | SourceName=Motor2 | EventType=application | SourceNode=ns=1;s=MotorSource2
[Anomaly Input] [2026-08-16 19:31:53.149 (UTC)] info/application	[Motor] Distance safe (20.4350345218252); rotating motor to 90 degrees | Severity=75 | SourceName=Motor3 | EventType=application | SourceNode=ns=1;s=MotorSource3
[Anomaly Input] [2026-08-16 19:31:53.647 (UTC)] info/application	[Sensor] Updated distance: 41.6469436989384 cm | Severity=75 | SourceName=Sensor2 | EventType=application | SourceNode=ns=1;s=SensorSource2
[Anomaly Input] [2026-08-16 19:31:53.647 (UTC)] info/application	[Sensor] Updated distance: 19.8874270938744 cm | Severity=75 | SourceName=Sensor3 | EventType=application | SourceNode=ns=1;s=SensorSource3
[Anomaly Input] [2026-08-16 19:31:53.648 (UTC)] info/application	[Sensor] Updated distance: 33.5726487508848 cm | Severity=75 | SourceName=Sensor | EventType=application | SourceNode=ns=1;s=SensorSource
[Anomaly Input] [2026-08-16 19:31:54.147 (UTC)] info/application	[Motor] Received distance: 33.5726487508848 cm | Severity=75 | SourceName=Motor | EventType=application | SourceNode=ns=1;s=MotorSource
[Anomaly Input] [2026-08-16 19:31:54.148 (UTC)] info/application	[Motor] Received distance: 41.6469436989384 cm | Severity=75 | SourceName=Motor2 | EventType=application | SourceNode=ns=1;s=MotorSource2
[Anomaly Input] [2026-08-16 19:31:54.148 (UTC)] info/application	[Motor] Received distance: 19.8874270938744 cm | Severity=75 | SourceName=Motor3 | EventType=application | SourceNode=ns=1;s=MotorSource3
[Anomaly Input] [2026-08-16 19:31:54.147 (UTC)] info/application	[Motor] Distance safe (33.5726487508848); rotating motor to 90 degrees | Severity=75 | SourceName=Motor | EventType=application | SourceNode=ns=1;s=MotorSource
[Anomaly Input] [2026-08-16 19:31:54.148 (UTC)] info/application	[Motor] Distance safe (41.6469436989384); rotating motor to 90 degrees | Severity=75 | SourceName=Motor2 | EventType=application | SourceNode=ns=1;s=MotorSource2
[Anomaly Input] [2026-08-16 19:31:54.148 (UTC)] warn/application	[Motor] Distance too close (19.8874270938744); rotating motor to 0 degrees | Severity=175 | SourceName=Motor3 | EventType=application | SourceNode=ns=1;s=MotorSource3
[Anomaly Input] [2026-08-16 19:31:54.647 (UTC)] info/application	[Sensor] Updated distance: 42.0985627521754 cm | Severity=75 | SourceName=Sensor2 | EventType=application | SourceNode=ns=1;s=SensorSource2
[Anomaly Input] [2026-08-16 19:31:54.647 (UTC)] info/application	[Sensor] Updated distance: 19.1786381544911 cm | Severity=75 | SourceName=Sensor3 | EventType=application | SourceNode=ns=1;s=SensorSource3
[Anomaly Input] [2026-08-16 19:31:54.648 (UTC)] info/application	[Sensor] Updated distance: 32.6226315466327 cm | Severity=75 | SourceName=Sensor | EventType=application | SourceNode=ns=1;s=SensorSource
[Anomaly Input] [2026-08-16 19:31:55.148 (UTC)] info/application	[Motor] Received distance: 32.6226315466327 cm | Severity=75 | SourceName=Motor | EventType=application | SourceNode=ns=1;s=MotorSource
[Anomaly Input] [2026-08-16 19:31:55.148 (UTC)] info/application	[Motor] Received distance: 42.0985627521754 cm | Severity=75 | SourceName=Motor2 | EventType=application | SourceNode=ns=1;s=MotorSource2
[Anomaly Input] [2026-08-16 19:31:55.148 (UTC)] info/application	[Motor] Received distance: 19.1786381544911 cm | Severity=75 | SourceName=Motor3 | EventType=application | SourceNode=ns=1;s=MotorSource3
[Anomaly Input] [2026-08-16 19:31:55.148 (UTC)] info/application	[Motor] Distance safe (32.6226315466327); rotating motor to 90 degrees | Severity=75 | SourceName=Motor | EventType=application | SourceNode=ns=1;s=MotorSource
[Anomaly Input] [2026-08-16 19:31:55.148 (UTC)] info/application	[Motor] Distance safe (42.0985627521754); rotating motor to 90 degrees | Severity=75 | SourceName=Motor2 | EventType=application | SourceNode=ns=1;s=MotorSource2
[Anomaly Input] [2026-08-16 19:31:55.148 (UTC)] warn/application	[Motor] Distance too close (19.1786381544911); rotating motor to 0 degrees | Severity=175 | SourceName=Motor3 | EventType=application | SourceNode=ns=1;s=MotorSource3
[Anomaly Input] [2026-08-16 19:31:55.646 (UTC)] info/application	[Sensor] Updated distance: 41.8989089987701 cm | Severity=75 | SourceName=Sensor2 | EventType=application | SourceNode=ns=1;s=SensorSource2
[Anomaly Input] [2026-08-16 19:31:55.647 (UTC)] info/application	[Sensor] Updated distance: 19.3180040620817 cm | Severity=75 | SourceName=Sensor3 | EventType=application | SourceNode=ns=1;s=SensorSource3
[Anomaly Input] [2026-08-16 19:31:55.648 (UTC)] info/application	[Sensor] Updated distance: 33.4004859907555 cm | Severity=75 | SourceName=Sensor | EventType=application | SourceNode=ns=1;s=SensorSource
[Anomaly Input] [2026-08-16 19:31:56.142 (UTC)] info/application	[Motor] Received distance: 41.8989089987701 cm | Severity=75 | SourceName=Motor2 | EventType=application | SourceNode=ns=1;s=MotorSource2
[Anomaly Input] [2026-08-16 19:31:56.143 (UTC)] info/application	[Motor] Received distance: 33.4004859907555 cm | Severity=75 | SourceName=Motor | EventType=application | SourceNode=ns=1;s=MotorSource
[Anomaly Input] [2026-08-16 19:31:56.149 (UTC)] info/application	[Motor] Received distance: 19.3180040620817 cm | Severity=75 | SourceName=Motor3 | EventType=application | SourceNode=ns=1;s=MotorSource3
[Anomaly Input] [2026-08-16 19:31:56.142 (UTC)] info/application	[Motor] Distance safe (41.8989089987701); rotating motor to 90 degrees | Severity=75 | SourceName=Motor2 | EventType=application | SourceNode=ns=1;s=MotorSource2
[Anomaly Input] [2026-08-16 19:31:56.143 (UTC)] info/application	[Motor] Distance safe (33.4004859907555); rotating motor to 90 degrees | Severity=75 | SourceName=Motor | EventType=application | SourceNode=ns=1;s=MotorSource
[Anomaly Input] [2026-08-16 19:31:56.149 (UTC)] warn/application	[Motor] Distance too close (19.3180040620817); rotating motor to 0 degrees | Severity=175 | SourceName=Motor3 | EventType=application | SourceNode=ns=1;s=MotorSource3
[Anomaly Input] [2026-08-16 19:31:56.646 (UTC)] info/application	[Sensor] Updated distance: 41.9046092230848 cm | Severity=75 | SourceName=Sensor2 | EventType=application | SourceNode=ns=1;s=SensorSource2
[Anomaly Input] [2026-08-16 19:31:56.646 (UTC)] info/application	[Sensor] Updated distance: 19.5340093495483 cm | Severity=75 | SourceName=Sensor3 | EventType=application | SourceNode=ns=1;s=SensorSource3
[Anomaly Input] [2026-08-16 19:31:56.648 (UTC)] info/application	[Sensor] Updated distance: 32.2464156885382 cm | Severity=75 | SourceName=Sensor | EventType=application | SourceNode=ns=1;s=SensorSource
[Anomaly Input] [2026-08-16 19:31:57.146 (UTC)] info/application	[Motor] Received distance: 32.2464156885382 cm | Severity=75 | SourceName=Motor | EventType=application | SourceNode=ns=1;s=MotorSource
[Anomaly Input] [2026-08-16 19:31:57.147 (UTC)] info/application	[Motor] Received distance: 41.9046092230848 cm | Severity=75 | SourceName=Motor2 | EventType=application | SourceNode=ns=1;s=MotorSource2
[Anomaly Input] [2026-08-16 19:31:57.149 (UTC)] info/application	[Motor] Received distance: 19.5340093495483 cm | Severity=75 | SourceName=Motor3 | EventType=application | SourceNode=ns=1;s=MotorSource3
[Anomaly Input] [2026-08-16 19:31:57.146 (UTC)] info/application	[Motor] Distance safe (32.2464156885382); rotating motor to 90 degrees | Severity=75 | SourceName=Motor | EventType=application | SourceNode=ns=1;s=MotorSource
[Anomaly Input] [2026-08-16 19:31:57.147 (UTC)] info/application	[Motor] Distance safe (41.9046092230848); rotating motor to 90 degrees | Severity=75 | SourceName=Motor2 | EventType=application | SourceNode=ns=1;s=MotorSource2
[Anomaly Input] [2026-08-16 19:31:57.149 (UTC)] warn/application	[Motor] Distance too close (19.5340093495483); rotating motor to 0 degrees | Severity=175 | SourceName=Motor3 | EventType=application | SourceNode=ns=1;s=MotorSource3
[Anomaly Input] [2026-08-16 19:31:57.646 (UTC)] info/application	[Sensor] Updated distance: 41.314645917767 cm | Severity=75 | SourceName=Sensor2 | EventType=application | SourceNode=ns=1;s=SensorSource2
[Anomaly Input] [2026-08-16 19:31:57.646 (UTC)] info/application	[Sensor] Updated distance: 18.9982506232328 cm | Severity=75 | SourceName=Sensor3 | EventType=application | SourceNode=ns=1;s=SensorSource3
[Anomaly Input] [2026-08-16 19:31:57.648 (UTC)] info/application	[Sensor] Updated distance: 33.7023889402405 cm | Severity=75 | SourceName=Sensor | EventType=application | SourceNode=ns=1;s=SensorSource
[Anomaly Input] [2026-08-16 19:31:58.146 (UTC)] info/application	[Motor] Received distance: 33.7023889402405 cm | Severity=75 | SourceName=Motor | EventType=application | SourceNode=ns=1;s=MotorSource
[Anomaly Input] [2026-08-16 19:31:58.147 (UTC)] info/application	[Motor] Received distance: 41.314645917767 cm | Severity=75 | SourceName=Motor2 | EventType=application | SourceNode=ns=1;s=MotorSource2
[Anomaly Input] [2026-08-16 19:31:58.149 (UTC)] info/application	[Motor] Received distance: 18.9982506232328 cm | Severity=75 | SourceName=Motor3 | EventType=application | SourceNode=ns=1;s=MotorSource3
[Anomaly Input] [2026-08-16 19:31:58.146 (UTC)] info/application	[Motor] Distance safe (33.7023889402405); rotating motor to 90 degrees | Severity=75 | SourceName=Motor | EventType=application | SourceNode=ns=1;s=MotorSource
[Anomaly Input] [2026-08-16 19:31:58.147 (UTC)] info/application	[Motor] Distance safe (41.314645917767); rotating motor to 90 degrees | Severity=75 | SourceName=Motor2 | EventType=application | SourceNode=ns=1;s=MotorSource2
[Anomaly Input] [2026-08-16 19:31:58.149 (UTC)] warn/application	[Motor] Distance too close (18.9982506232328); rotating motor to 0 degrees | Severity=175 | SourceName=Motor3 | EventType=application | SourceNode=ns=1;s=MotorSource3
[Anomaly Input] [2026-08-16 19:31:58.646 (UTC)] info/application	[Sensor] Updated distance: 19.3692700568909 cm | Severity=75 | SourceName=Sensor3 | EventType=application | SourceNode=ns=1;s=SensorSource3
[Anomaly Input] [2026-08-16 19:31:58.646 (UTC)] info/application	[Sensor] Updated distance: 41.7519573444742 cm | Severity=75 | SourceName=Sensor2 | EventType=application | SourceNode=ns=1;s=SensorSource2
[Anomaly Input] [2026-08-16 19:31:58.648 (UTC)] info/application	[Sensor] Updated distance: 34.2005182507916 cm | Severity=75 | SourceName=Sensor | EventType=application | SourceNode=ns=1;s=SensorSource
[Anomaly Input] [2026-08-16 19:31:59.140 (UTC)] info/application	[Motor] Received distance: 19.3692700568909 cm | Severity=75 | SourceName=Motor3 | EventType=application | SourceNode=ns=1;s=MotorSource3
[Anomaly Input] [2026-08-16 19:31:59.146 (UTC)] info/application	[Motor] Received distance: 34.2005182507916 cm | Severity=75 | SourceName=Motor | EventType=application | SourceNode=ns=1;s=MotorSource
[Anomaly Input] [2026-08-16 19:31:59.148 (UTC)] info/application	[Motor] Received distance: 41.7519573444742 cm | Severity=75 | SourceName=Motor2 | EventType=application | SourceNode=ns=1;s=MotorSource2
[Anomaly Input] [2026-08-16 19:31:59.140 (UTC)] warn/application	[Motor] Distance too close (19.3692700568909); rotating motor to 0 degrees | Severity=175 | SourceName=Motor3 | EventType=application | SourceNode=ns=1;s=MotorSource3
[Anomaly Input] [2026-08-16 19:31:59.146 (UTC)] info/application	[Motor] Distance safe (34.2005182507916); rotating motor to 90 degrees | Severity=75 | SourceName=Motor | EventType=application | SourceNode=ns=1;s=MotorSource
[Anomaly Input] [2026-08-16 19:31:59.148 (UTC)] info/application	[Motor] Distance safe (41.7519573444742); rotating motor to 90 degrees | Severity=75 | SourceName=Motor2 | EventType=application | SourceNode=ns=1;s=MotorSource2
[Anomaly Input] [2026-08-16 19:31:59.645 (UTC)] info/application	[Sensor] Updated distance: 18.2802748476529 cm | Severity=75 | SourceName=Sensor3 | EventType=application | SourceNode=ns=1;s=SensorSource3
[Anomaly Input] [2026-08-16 19:31:59.646 (UTC)] info/application	[Sensor] Updated distance: 43.0285658631607 cm | Severity=75 | SourceName=Sensor2 | EventType=application | SourceNode=ns=1;s=SensorSource2
[Anomaly Input] [2026-08-16 19:31:59.647 (UTC)] info/application	[Sensor] Updated distance: 34.0890873126169 cm | Severity=75 | SourceName=Sensor | EventType=application | SourceNode=ns=1;s=SensorSource
[Anomaly Input] [2026-08-16 19:32:00.147 (UTC)] info/application	[Motor] Received distance: 34.0890873126169 cm | Severity=75 | SourceName=Motor | EventType=application | SourceNode=ns=1;s=MotorSource
[Anomaly Input] [2026-08-16 19:32:00.148 (UTC)] info/application	[Motor] Received distance: 18.2802748476529 cm | Severity=75 | SourceName=Motor3 | EventType=application | SourceNode=ns=1;s=MotorSource3
[Anomaly Input] [2026-08-16 19:32:00.148 (UTC)] info/application	[Motor] Received distance: 43.0285658631607 cm | Severity=75 | SourceName=Motor2 | EventType=application | SourceNode=ns=1;s=MotorSource2
[Anomaly Input] [2026-08-16 19:32:00.147 (UTC)] info/application	[Motor] Distance safe (34.0890873126169); rotating motor to 90 degrees | Severity=75 | SourceName=Motor | EventType=application | SourceNode=ns=1;s=MotorSource
[Anomaly Input] [2026-08-16 19:32:00.148 (UTC)] info/application	[Motor] Distance safe (43.0285658631607); rotating motor to 90 degrees | Severity=75 | SourceName=Motor2 | EventType=application | SourceNode=ns=1;s=MotorSource2
[Anomaly Input] [2026-08-16 19:32:00.148 (UTC)] warn/application	[Motor] Distance too close (18.2802748476529); rotating motor to 0 degrees | Severity=175 | SourceName=Motor3 | EventType=application | SourceNode=ns=1;s=MotorSource3
[Anomaly Input] [2026-08-16 19:32:00.646 (UTC)] info/application	[Sensor] Updated distance: 17.4591179173249 cm | Severity=75 | SourceName=Sensor3 | EventType=application | SourceNode=ns=1;s=SensorSource3
[Anomaly Input] [2026-08-16 19:32:00.647 (UTC)] info/application	[Sensor] Updated distance: 41.9967893778797 cm | Severity=75 | SourceName=Sensor2 | EventType=application | SourceNode=ns=1;s=SensorSource2
[Anomaly Input] [2026-08-16 19:32:00.647 (UTC)] info/application	[Sensor] Updated distance: 35.5462546907581 cm | Severity=75 | SourceName=Sensor | EventType=application | SourceNode=ns=1;s=SensorSource
[Anomaly Input] [2026-08-16 19:32:01.148 (UTC)] info/application	[Motor] Received distance: 35.5462546907581 cm | Severity=75 | SourceName=Motor | EventType=application | SourceNode=ns=1;s=MotorSource
[Anomaly Input] [2026-08-16 19:32:01.148 (UTC)] info/application	[Motor] Received distance: 41.9967893778797 cm | Severity=75 | SourceName=Motor2 | EventType=application | SourceNode=ns=1;s=MotorSource2
[Anomaly Input] [2026-08-16 19:32:01.148 (UTC)] info/application	[Motor] Received distance: 17.4591179173249 cm | Severity=75 | SourceName=Motor3 | EventType=application | SourceNode=ns=1;s=MotorSource3
[Anomaly Input] [2026-08-16 19:32:01.148 (UTC)] info/application	[Motor] Distance safe (35.5462546907581); rotating motor to 90 degrees | Severity=75 | SourceName=Motor | EventType=application | SourceNode=ns=1;s=MotorSource
[Anomaly Input] [2026-08-16 19:32:01.148 (UTC)] info/application	[Motor] Distance safe (41.9967893778797); rotating motor to 90 degrees | Severity=75 | SourceName=Motor2 | EventType=application | SourceNode=ns=1;s=MotorSource2
[Anomaly Input] [2026-08-16 19:32:01.148 (UTC)] warn/application	[Motor] Distance too close (17.4591179173249); rotating motor to 0 degrees | Severity=175 | SourceName=Motor3 | EventType=application | SourceNode=ns=1;s=MotorSource3
[Anomaly Input] [2026-08-16 19:32:01.646 (UTC)] info/application	[Sensor] Updated distance: 18.4361912163143 cm | Severity=75 | SourceName=Sensor3 | EventType=application | SourceNode=ns=1;s=SensorSource3
[Anomaly Input] [2026-08-16 19:32:01.647 (UTC)] info/application	[Sensor] Updated distance: 43.4745769949977 cm | Severity=75 | SourceName=Sensor2 | EventType=application | SourceNode=ns=1;s=SensorSource2
[Anomaly Input] [2026-08-16 19:32:01.647 (UTC)] info/application	[Sensor] Updated distance: 36.2806778747033 cm | Severity=75 | SourceName=Sensor | EventType=application | SourceNode=ns=1;s=SensorSource
[Anomaly Input] [2026-08-16 19:32:02.142 (UTC)] info/application	[Motor] Received distance: 36.2806778747033 cm | Severity=75 | SourceName=Motor | EventType=application | SourceNode=ns=1;s=MotorSource
[Anomaly Input] [2026-08-16 19:32:02.149 (UTC)] info/application	[Motor] Received distance: 18.4361912163143 cm | Severity=75 | SourceName=Motor3 | EventType=application | SourceNode=ns=1;s=MotorSource3
[Anomaly Input] [2026-08-16 19:32:02.149 (UTC)] info/application	[Motor] Received distance: 43.4745769949977 cm | Severity=75 | SourceName=Motor2 | EventType=application | SourceNode=ns=1;s=MotorSource2
[Anomaly Input] [2026-08-16 19:32:02.142 (UTC)] info/application	[Motor] Distance safe (36.2806778747033); rotating motor to 90 degrees | Severity=75 | SourceName=Motor | EventType=application | SourceNode=ns=1;s=MotorSource
[Anomaly Input] [2026-08-16 19:32:02.149 (UTC)] warn/application	[Motor] Distance too close (18.4361912163143); rotating motor to 0 degrees | Severity=175 | SourceName=Motor3 | EventType=application | SourceNode=ns=1;s=MotorSource3
[Anomaly Input] [2026-08-16 19:32:02.149 (UTC)] info/application	[Motor] Distance safe (43.4745769949977); rotating motor to 90 degrees | Severity=75 | SourceName=Motor2 | EventType=application | SourceNode=ns=1;s=MotorSource2
>>> [Anomaly Input] [2026-08-16 19:32:02.196 (UTC)] warn/application	[Motor] Distance too close (6.4); rotating motor to 0 degrees | Severity=175 | SourceName=Motor | EventType=application | SourceNode=null   # ⚠ [R] Repudiation 否認：冒充他人(motor)寫入、事後無法歸屬的偽造操作 log
>>> [Anomaly Input] [2026-08-16 19:32:02.196 (UTC)] warn/application	[Motor] Distance too close (6.4); rotating motor to 0 degrees | Severity=175 | SourceName=Motor2 | EventType=application | SourceNode=null   # ⚠ [R] Repudiation 否認：冒充他人(motor)寫入、事後無法歸屬的偽造操作 log
>>> [Anomaly Input] [2026-08-16 19:32:02.197 (UTC)] warn/application	[Motor] Distance too close (6.4); rotating motor to 0 degrees | Severity=175 | SourceName=Motor3 | EventType=application | SourceNode=null   # ⚠ [R] Repudiation 否認：冒充他人(motor)寫入、事後無法歸屬的偽造操作 log
[Anomaly Input] [2026-08-16 19:32:02.647 (UTC)] info/application	[Sensor] Updated distance: 19.1688109848969 cm | Severity=75 | SourceName=Sensor3 | EventType=application | SourceNode=ns=1;s=SensorSource3
[Anomaly Input] [2026-08-16 19:32:02.647 (UTC)] info/application	[Sensor] Updated distance: 44.8969475391306 cm | Severity=75 | SourceName=Sensor2 | EventType=application | SourceNode=ns=1;s=SensorSource2
[Anomaly Input] [2026-08-16 19:32:02.647 (UTC)] info/application	[Sensor] Updated distance: 36.484626923215 cm | Severity=75 | SourceName=Sensor | EventType=application | SourceNode=ns=1;s=SensorSource
[Anomaly Input] [2026-08-16 19:32:03.142 (UTC)] info/application	[Motor] Received distance: 19.1688109848969 cm | Severity=75 | SourceName=Motor3 | EventType=application | SourceNode=ns=1;s=MotorSource3
[Anomaly Input] [2026-08-16 19:32:03.142 (UTC)] info/application	[Motor] Received distance: 44.8969475391306 cm | Severity=75 | SourceName=Motor2 | EventType=application | SourceNode=ns=1;s=MotorSource2
[Anomaly Input] [2026-08-16 19:32:03.147 (UTC)] info/application	[Motor] Received distance: 36.484626923215 cm | Severity=75 | SourceName=Motor | EventType=application | SourceNode=ns=1;s=MotorSource
[Anomaly Input] [2026-08-16 19:32:03.142 (UTC)] info/application	[Motor] Distance safe (44.8969475391306); rotating motor to 90 degrees | Severity=75 | SourceName=Motor2 | EventType=application | SourceNode=ns=1;s=MotorSource2
[Anomaly Input] [2026-08-16 19:32:03.142 (UTC)] warn/application	[Motor] Distance too close (19.1688109848969); rotating motor to 0 degrees | Severity=175 | SourceName=Motor3 | EventType=application | SourceNode=ns=1;s=MotorSource3
[Anomaly Input] [2026-08-16 19:32:03.147 (UTC)] info/application	[Motor] Distance safe (36.484626923215); rotating motor to 90 degrees | Severity=75 | SourceName=Motor | EventType=application | SourceNode=ns=1;s=MotorSource
[Anomaly Input] [2026-08-16 19:32:03.648 (UTC)] info/application	[Sensor] Updated distance: 45.2264647727024 cm | Severity=75 | SourceName=Sensor2 | EventType=application | SourceNode=ns=1;s=SensorSource2
[Anomaly Input] [2026-08-16 19:32:03.648 (UTC)] info/application	[Sensor] Updated distance: 37.0557409180588 cm | Severity=75 | SourceName=Sensor | EventType=application | SourceNode=ns=1;s=SensorSource
[Anomaly Input] [2026-08-16 19:32:03.648 (UTC)] info/application	[Sensor] Updated distance: 20.0778547823792 cm | Severity=75 | SourceName=Sensor3 | EventType=application | SourceNode=ns=1;s=SensorSource3
[Anomaly Input] [2026-08-16 19:32:04.149 (UTC)] info/application	[Motor] Received distance: 37.0557409180588 cm | Severity=75 | SourceName=Motor | EventType=application | SourceNode=ns=1;s=MotorSource
[Anomaly Input] [2026-08-16 19:32:04.149 (UTC)] info/application	[Motor] Received distance: 20.0778547823792 cm | Severity=75 | SourceName=Motor3 | EventType=application | SourceNode=ns=1;s=MotorSource3
[Anomaly Input] [2026-08-16 19:32:04.149 (UTC)] info/application	[Motor] Received distance: 45.2264647727024 cm | Severity=75 | SourceName=Motor2 | EventType=application | SourceNode=ns=1;s=MotorSource2
[Anomaly Input] [2026-08-16 19:32:04.149 (UTC)] info/application	[Motor] Distance safe (37.0557409180588); rotating motor to 90 degrees | Severity=75 | SourceName=Motor | EventType=application | SourceNode=ns=1;s=MotorSource
[Anomaly Input] [2026-08-16 19:32:04.149 (UTC)] info/application	[Motor] Distance safe (20.0778547823792); rotating motor to 90 degrees | Severity=75 | SourceName=Motor3 | EventType=application | SourceNode=ns=1;s=MotorSource3
[Anomaly Input] [2026-08-16 19:32:04.149 (UTC)] info/application	[Motor] Distance safe (45.2264647727024); rotating motor to 90 degrees | Severity=75 | SourceName=Motor2 | EventType=application | SourceNode=ns=1;s=MotorSource2
[Anomaly Input] [2026-08-16 19:32:04.649 (UTC)] info/application	[Sensor] Updated distance: 44.765889088747 cm | Severity=75 | SourceName=Sensor2 | EventType=application | SourceNode=ns=1;s=SensorSource2
[Anomaly Input] [2026-08-16 19:32:04.649 (UTC)] info/application	[Sensor] Updated distance: 36.5608634702214 cm | Severity=75 | SourceName=Sensor | EventType=application | SourceNode=ns=1;s=SensorSource
[Anomaly Input] [2026-08-16 19:32:04.649 (UTC)] info/application	[Sensor] Updated distance: 18.8030374316978 cm | Severity=75 | SourceName=Sensor3 | EventType=application | SourceNode=ns=1;s=SensorSource3
[Anomaly Input] [2026-08-16 19:32:05.144 (UTC)] info/application	[Motor] Received distance: 44.765889088747 cm | Severity=75 | SourceName=Motor2 | EventType=application | SourceNode=ns=1;s=MotorSource2
[Anomaly Input] [2026-08-16 19:32:05.144 (UTC)] info/application	[Motor] Received distance: 36.5608634702214 cm | Severity=75 | SourceName=Motor | EventType=application | SourceNode=ns=1;s=MotorSource
[Anomaly Input] [2026-08-16 19:32:05.150 (UTC)] info/application	[Motor] Received distance: 18.8030374316978 cm | Severity=75 | SourceName=Motor3 | EventType=application | SourceNode=ns=1;s=MotorSource3
[Anomaly Input] [2026-08-16 19:32:05.144 (UTC)] info/application	[Motor] Distance safe (44.765889088747); rotating motor to 90 degrees | Severity=75 | SourceName=Motor2 | EventType=application | SourceNode=ns=1;s=MotorSource2
[Anomaly Input] [2026-08-16 19:32:05.144 (UTC)] info/application	[Motor] Distance safe (36.5608634702214); rotating motor to 90 degrees | Severity=75 | SourceName=Motor | EventType=application | SourceNode=ns=1;s=MotorSource
[Anomaly Input] [2026-08-16 19:32:05.150 (UTC)] warn/application	[Motor] Distance too close (18.8030374316978); rotating motor to 0 degrees | Severity=175 | SourceName=Motor3 | EventType=application | SourceNode=ns=1;s=MotorSource3
[Anomaly Input] [2026-08-16 19:32:05.640 (UTC)] info/application	[Sensor] Updated distance: 35.9960101228189 cm | Severity=75 | SourceName=Sensor | EventType=application | SourceNode=ns=1;s=SensorSource
[Anomaly Input] [2026-08-16 19:32:05.650 (UTC)] info/application	[Sensor] Updated distance: 17.9350266921963 cm | Severity=75 | SourceName=Sensor3 | EventType=application | SourceNode=ns=1;s=SensorSource3
[Anomaly Input] [2026-08-16 19:32:05.650 (UTC)] info/application	[Sensor] Updated distance: 45.50867778785 cm | Severity=75 | SourceName=Sensor2 | EventType=application | SourceNode=ns=1;s=SensorSource2
[Anomaly Input] [2026-08-16 19:32:06.146 (UTC)] info/application	[Motor] Received distance: 17.9350266921963 cm | Severity=75 | SourceName=Motor3 | EventType=application | SourceNode=ns=1;s=MotorSource3
[Anomaly Input] [2026-08-16 19:32:06.147 (UTC)] info/application	[Motor] Received distance: 35.9960101228189 cm | Severity=75 | SourceName=Motor | EventType=application | SourceNode=ns=1;s=MotorSource
[Anomaly Input] [2026-08-16 19:32:06.147 (UTC)] info/application	[Motor] Received distance: 45.50867778785 cm | Severity=75 | SourceName=Motor2 | EventType=application | SourceNode=ns=1;s=MotorSource2
[Anomaly Input] [2026-08-16 19:32:06.146 (UTC)] warn/application	[Motor] Distance too close (17.9350266921963); rotating motor to 0 degrees | Severity=175 | SourceName=Motor3 | EventType=application | SourceNode=ns=1;s=MotorSource3
[Anomaly Input] [2026-08-16 19:32:06.147 (UTC)] info/application	[Motor] Distance safe (35.9960101228189); rotating motor to 90 degrees | Severity=75 | SourceName=Motor | EventType=application | SourceNode=ns=1;s=MotorSource
[Anomaly Input] [2026-08-16 19:32:06.147 (UTC)] info/application	[Motor] Distance safe (45.50867778785); rotating motor to 90 degrees | Severity=75 | SourceName=Motor2 | EventType=application | SourceNode=ns=1;s=MotorSource2
[Anomaly Input] [2026-08-16 19:32:06.641 (UTC)] info/application	[Sensor] Updated distance: 46.3442651912776 cm | Severity=75 | SourceName=Sensor2 | EventType=application | SourceNode=ns=1;s=SensorSource2
[Anomaly Input] [2026-08-16 19:32:06.641 (UTC)] info/application	[Sensor] Updated distance: 18.8826917681762 cm | Severity=75 | SourceName=Sensor3 | EventType=application | SourceNode=ns=1;s=SensorSource3
[Anomaly Input] [2026-08-16 19:32:06.641 (UTC)] info/application	[Sensor] Updated distance: 36.2797519056032 cm | Severity=75 | SourceName=Sensor | EventType=application | SourceNode=ns=1;s=SensorSource
[Anomaly Input] [2026-08-16 19:32:07.148 (UTC)] info/application	[Motor] Received distance: 46.3442651912776 cm | Severity=75 | SourceName=Motor2 | EventType=application | SourceNode=ns=1;s=MotorSource2
[Anomaly Input] [2026-08-16 19:32:07.148 (UTC)] info/application	[Motor] Received distance: 36.2797519056032 cm | Severity=75 | SourceName=Motor | EventType=application | SourceNode=ns=1;s=MotorSource
[Anomaly Input] [2026-08-16 19:32:07.148 (UTC)] info/application	[Motor] Received distance: 18.8826917681762 cm | Severity=75 | SourceName=Motor3 | EventType=application | SourceNode=ns=1;s=MotorSource3
[Anomaly Input] [2026-08-16 19:32:07.148 (UTC)] info/application	[Motor] Distance safe (46.3442651912776); rotating motor to 90 degrees | Severity=75 | SourceName=Motor2 | EventType=application | SourceNode=ns=1;s=MotorSource2
[Anomaly Input] [2026-08-16 19:32:07.148 (UTC)] info/application	[Motor] Distance safe (36.2797519056032); rotating motor to 90 degrees | Severity=75 | SourceName=Motor | EventType=application | SourceNode=ns=1;s=MotorSource
[Anomaly Input] [2026-08-16 19:32:07.148 (UTC)] warn/application	[Motor] Distance too close (18.8826917681762); rotating motor to 0 degrees | Severity=175 | SourceName=Motor3 | EventType=application | SourceNode=ns=1;s=MotorSource3
[Anomaly Input] [2026-08-16 19:32:07.641 (UTC)] info/application	[Sensor] Updated distance: 46.5342432947523 cm | Severity=75 | SourceName=Sensor2 | EventType=application | SourceNode=ns=1;s=SensorSource2
[Anomaly Input] [2026-08-16 19:32:07.641 (UTC)] info/application	[Sensor] Updated distance: 19.8323919101769 cm | Severity=75 | SourceName=Sensor3 | EventType=application | SourceNode=ns=1;s=SensorSource3
[Anomaly Input] [2026-08-16 19:32:07.641 (UTC)] info/application	[Sensor] Updated distance: 35.4601307103691 cm | Severity=75 | SourceName=Sensor | EventType=application | SourceNode=ns=1;s=SensorSource
[Anomaly Input] [2026-08-16 19:32:08.149 (UTC)] info/application	[Motor] Received distance: 46.5342432947523 cm | Severity=75 | SourceName=Motor2 | EventType=application | SourceNode=ns=1;s=MotorSource2
[Anomaly Input] [2026-08-16 19:32:08.149 (UTC)] info/application	[Motor] Received distance: 19.8323919101769 cm | Severity=75 | SourceName=Motor3 | EventType=application | SourceNode=ns=1;s=MotorSource3
[Anomaly Input] [2026-08-16 19:32:08.157 (UTC)] info/application	[Motor] Received distance: 35.4601307103691 cm | Severity=75 | SourceName=Motor | EventType=application | SourceNode=ns=1;s=MotorSource
[Anomaly Input] [2026-08-16 19:32:08.149 (UTC)] info/application	[Motor] Distance safe (46.5342432947523); rotating motor to 90 degrees | Severity=75 | SourceName=Motor2 | EventType=application | SourceNode=ns=1;s=MotorSource2
[Anomaly Input] [2026-08-16 19:32:08.149 (UTC)] warn/application	[Motor] Distance too close (19.8323919101769); rotating motor to 0 degrees | Severity=175 | SourceName=Motor3 | EventType=application | SourceNode=ns=1;s=MotorSource3
[Anomaly Input] [2026-08-16 19:32:08.157 (UTC)] info/application	[Motor] Distance safe (35.4601307103691); rotating motor to 90 degrees | Severity=75 | SourceName=Motor | EventType=application | SourceNode=ns=1;s=MotorSource
[Anomaly Input] [2026-08-16 19:32:08.642 (UTC)] info/application	[Sensor] Updated distance: 47.3983571198295 cm | Severity=75 | SourceName=Sensor2 | EventType=application | SourceNode=ns=1;s=SensorSource2
[Anomaly Input] [2026-08-16 19:32:08.642 (UTC)] info/application	[Sensor] Updated distance: 19.1822011758025 cm | Severity=75 | SourceName=Sensor3 | EventType=application | SourceNode=ns=1;s=SensorSource3
[Anomaly Input] [2026-08-16 19:32:08.642 (UTC)] info/application	[Sensor] Updated distance: 34.0460079491819 cm | Severity=75 | SourceName=Sensor | EventType=application | SourceNode=ns=1;s=SensorSource
[Anomaly Input] [2026-08-16 19:32:09.147 (UTC)] info/application	[Motor] Received distance: 47.3983571198295 cm | Severity=75 | SourceName=Motor2 | EventType=application | SourceNode=ns=1;s=MotorSource2
[Anomaly Input] [2026-08-16 19:32:09.147 (UTC)] info/application	[Motor] Received distance: 19.1822011758025 cm | Severity=75 | SourceName=Motor3 | EventType=application | SourceNode=ns=1;s=MotorSource3
[Anomaly Input] [2026-08-16 19:32:09.148 (UTC)] info/application	[Motor] Received distance: 34.0460079491819 cm | Severity=75 | SourceName=Motor | EventType=application | SourceNode=ns=1;s=MotorSource
[Anomaly Input] [2026-08-16 19:32:09.147 (UTC)] info/application	[Motor] Distance safe (47.3983571198295); rotating motor to 90 degrees | Severity=75 | SourceName=Motor2 | EventType=application | SourceNode=ns=1;s=MotorSource2
[Anomaly Input] [2026-08-16 19:32:09.147 (UTC)] warn/application	[Motor] Distance too close (19.1822011758025); rotating motor to 0 degrees | Severity=175 | SourceName=Motor3 | EventType=application | SourceNode=ns=1;s=MotorSource3
[Anomaly Input] [2026-08-16 19:32:09.148 (UTC)] info/application	[Motor] Distance safe (34.0460079491819); rotating motor to 90 degrees | Severity=75 | SourceName=Motor | EventType=application | SourceNode=ns=1;s=MotorSource
[Anomaly Input] [2026-08-16 19:32:09.642 (UTC)] info/application	[Sensor] Updated distance: 47.4528478926293 cm | Severity=75 | SourceName=Sensor2 | EventType=application | SourceNode=ns=1;s=SensorSource2
[Anomaly Input] [2026-08-16 19:32:09.642 (UTC)] info/application	[Sensor] Updated distance: 20.4583218956638 cm | Severity=75 | SourceName=Sensor3 | EventType=application | SourceNode=ns=1;s=SensorSource3
[Anomaly Input] [2026-08-16 19:32:09.642 (UTC)] info/application	[Sensor] Updated distance: 33.401778930054 cm | Severity=75 | SourceName=Sensor | EventType=application | SourceNode=ns=1;s=SensorSource
[Anomaly Input] [2026-08-16 19:32:10.148 (UTC)] info/application	[Motor] Received distance: 47.4528478926293 cm | Severity=75 | SourceName=Motor2 | EventType=application | SourceNode=ns=1;s=MotorSource2
[Anomaly Input] [2026-08-16 19:32:10.148 (UTC)] info/application	[Motor] Received distance: 33.401778930054 cm | Severity=75 | SourceName=Motor | EventType=application | SourceNode=ns=1;s=MotorSource
[Anomaly Input] [2026-08-16 19:32:10.148 (UTC)] info/application	[Motor] Received distance: 20.4583218956638 cm | Severity=75 | SourceName=Motor3 | EventType=application | SourceNode=ns=1;s=MotorSource3
[Anomaly Input] [2026-08-16 19:32:10.148 (UTC)] info/application	[Motor] Distance safe (47.4528478926293); rotating motor to 90 degrees | Severity=75 | SourceName=Motor2 | EventType=application | SourceNode=ns=1;s=MotorSource2
[Anomaly Input] [2026-08-16 19:32:10.148 (UTC)] info/application	[Motor] Distance safe (33.401778930054); rotating motor to 90 degrees | Severity=75 | SourceName=Motor | EventType=application | SourceNode=ns=1;s=MotorSource
[Anomaly Input] [2026-08-16 19:32:10.148 (UTC)] info/application	[Motor] Distance safe (20.4583218956638); rotating motor to 90 degrees | Severity=75 | SourceName=Motor3 | EventType=application | SourceNode=ns=1;s=MotorSource3
[Anomaly Input] [2026-08-16 19:32:10.642 (UTC)] info/application	[Sensor] Updated distance: 19.6350798621471 cm | Severity=75 | SourceName=Sensor3 | EventType=application | SourceNode=ns=1;s=SensorSource3
[Anomaly Input] [2026-08-16 19:32:10.643 (UTC)] info/application	[Sensor] Updated distance: 46.5441773748231 cm | Severity=75 | SourceName=Sensor2 | EventType=application | SourceNode=ns=1;s=SensorSource2
[Anomaly Input] [2026-08-16 19:32:10.643 (UTC)] info/application	[Sensor] Updated distance: 33.0512604650815 cm | Severity=75 | SourceName=Sensor | EventType=application | SourceNode=ns=1;s=SensorSource
[Anomaly Input] [2026-08-16 19:32:11.148 (UTC)] info/application	[Motor] Received distance: 46.5441773748231 cm | Severity=75 | SourceName=Motor2 | EventType=application | SourceNode=ns=1;s=MotorSource2
[Anomaly Input] [2026-08-16 19:32:11.148 (UTC)] info/application	[Motor] Received distance: 19.6350798621471 cm | Severity=75 | SourceName=Motor3 | EventType=application | SourceNode=ns=1;s=MotorSource3
[Anomaly Input] [2026-08-16 19:32:11.157 (UTC)] info/application	[Motor] Received distance: 33.0512604650815 cm | Severity=75 | SourceName=Motor | EventType=application | SourceNode=ns=1;s=MotorSource
[Anomaly Input] [2026-08-16 19:32:11.148 (UTC)] info/application	[Motor] Distance safe (46.5441773748231); rotating motor to 90 degrees | Severity=75 | SourceName=Motor2 | EventType=application | SourceNode=ns=1;s=MotorSource2
[Anomaly Input] [2026-08-16 19:32:11.148 (UTC)] warn/application	[Motor] Distance too close (19.6350798621471); rotating motor to 0 degrees | Severity=175 | SourceName=Motor3 | EventType=application | SourceNode=ns=1;s=MotorSource3
[Anomaly Input] [2026-08-16 19:32:11.157 (UTC)] info/application	[Motor] Distance safe (33.0512604650815); rotating motor to 90 degrees | Severity=75 | SourceName=Motor | EventType=application | SourceNode=ns=1;s=MotorSource
[Anomaly Input] [2026-08-16 19:32:11.643 (UTC)] info/application	[Sensor] Updated distance: 47.4806866112541 cm | Severity=75 | SourceName=Sensor2 | EventType=application | SourceNode=ns=1;s=SensorSource2
[Anomaly Input] [2026-08-16 19:32:11.643 (UTC)] info/application	[Sensor] Updated distance: 20.9525499939697 cm | Severity=75 | SourceName=Sensor3 | EventType=application | SourceNode=ns=1;s=SensorSource3
[Anomaly Input] [2026-08-16 19:32:11.643 (UTC)] info/application	[Sensor] Updated distance: 33.5663011244341 cm | Severity=75 | SourceName=Sensor | EventType=application | SourceNode=ns=1;s=SensorSource
[Anomaly Input] [2026-08-16 19:32:12.148 (UTC)] info/application	[Motor] Received distance: 33.5663011244341 cm | Severity=75 | SourceName=Motor | EventType=application | SourceNode=ns=1;s=MotorSource
[Anomaly Input] [2026-08-16 19:32:12.148 (UTC)] info/application	[Motor] Received distance: 47.4806866112541 cm | Severity=75 | SourceName=Motor2 | EventType=application | SourceNode=ns=1;s=MotorSource2
[Anomaly Input] [2026-08-16 19:32:12.149 (UTC)] info/application	[Motor] Received distance: 20.9525499939697 cm | Severity=75 | SourceName=Motor3 | EventType=application | SourceNode=ns=1;s=MotorSource3
[Anomaly Input] [2026-08-16 19:32:12.148 (UTC)] info/application	[Motor] Distance safe (33.5663011244341); rotating motor to 90 degrees | Severity=75 | SourceName=Motor | EventType=application | SourceNode=ns=1;s=MotorSource
[Anomaly Input] [2026-08-16 19:32:12.148 (UTC)] info/application	[Motor] Distance safe (47.4806866112541); rotating motor to 90 degrees | Severity=75 | SourceName=Motor2 | EventType=application | SourceNode=ns=1;s=MotorSource2
[Anomaly Input] [2026-08-16 19:32:12.149 (UTC)] info/application	[Motor] Distance safe (20.9525499939697); rotating motor to 90 degrees | Severity=75 | SourceName=Motor3 | EventType=application | SourceNode=ns=1;s=MotorSource3
[Anomaly Input] [2026-08-16 19:32:12.643 (UTC)] info/application	[Sensor] Updated distance: 20.2385831436788 cm | Severity=75 | SourceName=Sensor3 | EventType=application | SourceNode=ns=1;s=SensorSource3
[Anomaly Input] [2026-08-16 19:32:12.643 (UTC)] info/application	[Sensor] Updated distance: 48.9498217601561 cm | Severity=75 | SourceName=Sensor2 | EventType=application | SourceNode=ns=1;s=SensorSource2
[Anomaly Input] [2026-08-16 19:32:12.643 (UTC)] info/application	[Sensor] Updated distance: 33.5441250931677 cm | Severity=75 | SourceName=Sensor | EventType=application | SourceNode=ns=1;s=SensorSource
[Anomaly Input] [2026-08-16 19:32:13.149 (UTC)] info/application	[Motor] Received distance: 20.2385831436788 cm | Severity=75 | SourceName=Motor3 | EventType=application | SourceNode=ns=1;s=MotorSource3
[Anomaly Input] [2026-08-16 19:32:13.149 (UTC)] info/application	[Motor] Received distance: 48.9498217601561 cm | Severity=75 | SourceName=Motor2 | EventType=application | SourceNode=ns=1;s=MotorSource2
[Anomaly Input] [2026-08-16 19:32:13.157 (UTC)] info/application	[Motor] Received distance: 33.5441250931677 cm | Severity=75 | SourceName=Motor | EventType=application | SourceNode=ns=1;s=MotorSource
[Anomaly Input] [2026-08-16 19:32:13.149 (UTC)] info/application	[Motor] Distance safe (20.2385831436788); rotating motor to 90 degrees | Severity=75 | SourceName=Motor3 | EventType=application | SourceNode=ns=1;s=MotorSource3
[Anomaly Input] [2026-08-16 19:32:13.149 (UTC)] info/application	[Motor] Distance safe (48.9498217601561); rotating motor to 90 degrees | Severity=75 | SourceName=Motor2 | EventType=application | SourceNode=ns=1;s=MotorSource2
[Anomaly Input] [2026-08-16 19:32:13.157 (UTC)] info/application	[Motor] Distance safe (33.5441250931677); rotating motor to 90 degrees | Severity=75 | SourceName=Motor | EventType=application | SourceNode=ns=1;s=MotorSource
[Anomaly Input] [2026-08-16 19:32:13.643 (UTC)] info/application	[Sensor] Updated distance: 32.7830935380343 cm | Severity=75 | SourceName=Sensor | EventType=application | SourceNode=ns=1;s=SensorSource
[Anomaly Input] [2026-08-16 19:32:13.643 (UTC)] info/application	[Sensor] Updated distance: 19.9570779180886 cm | Severity=75 | SourceName=Sensor3 | EventType=application | SourceNode=ns=1;s=SensorSource3
[Anomaly Input] [2026-08-16 19:32:13.643 (UTC)] info/application	[Sensor] Updated distance: 49.7029074359233 cm | Severity=75 | SourceName=Sensor2 | EventType=application | SourceNode=ns=1;s=SensorSource2
[Anomaly Input] [2026-08-16 19:32:14.148 (UTC)] info/application	[Motor] Received distance: 32.7830935380343 cm | Severity=75 | SourceName=Motor | EventType=application | SourceNode=ns=1;s=MotorSource
[Anomaly Input] [2026-08-16 19:32:14.157 (UTC)] info/application	[Motor] Received distance: 49.7029074359233 cm | Severity=75 | SourceName=Motor2 | EventType=application | SourceNode=ns=1;s=MotorSource2
[Anomaly Input] [2026-08-16 19:32:14.158 (UTC)] info/application	[Motor] Received distance: 19.9570779180886 cm | Severity=75 | SourceName=Motor3 | EventType=application | SourceNode=ns=1;s=MotorSource3
[Anomaly Input] [2026-08-16 19:32:14.148 (UTC)] info/application	[Motor] Distance safe (32.7830935380343); rotating motor to 90 degrees | Severity=75 | SourceName=Motor | EventType=application | SourceNode=ns=1;s=MotorSource
[Anomaly Input] [2026-08-16 19:32:14.157 (UTC)] info/application	[Motor] Distance safe (49.7029074359233); rotating motor to 90 degrees | Severity=75 | SourceName=Motor2 | EventType=application | SourceNode=ns=1;s=MotorSource2
[Anomaly Input] [2026-08-16 19:32:14.158 (UTC)] warn/application	[Motor] Distance too close (19.9570779180886); rotating motor to 0 degrees | Severity=175 | SourceName=Motor3 | EventType=application | SourceNode=ns=1;s=MotorSource3
[Anomaly Input] [2026-08-16 19:32:14.643 (UTC)] info/application	[Sensor] Updated distance: 31.5958113624229 cm | Severity=75 | SourceName=Sensor | EventType=application | SourceNode=ns=1;s=SensorSource
[Anomaly Input] [2026-08-16 19:32:14.643 (UTC)] info/application	[Sensor] Updated distance: 19.0099125991156 cm | Severity=75 | SourceName=Sensor3 | EventType=application | SourceNode=ns=1;s=SensorSource3
[Anomaly Input] [2026-08-16 19:32:14.643 (UTC)] info/application	[Sensor] Updated distance: 49.5278509780895 cm | Severity=75 | SourceName=Sensor2 | EventType=application | SourceNode=ns=1;s=SensorSource2
[Anomaly Input] [2026-08-16 19:32:15.148 (UTC)] info/application	[Motor] Received distance: 19.0099125991156 cm | Severity=75 | SourceName=Motor3 | EventType=application | SourceNode=ns=1;s=MotorSource3
[Anomaly Input] [2026-08-16 19:32:15.148 (UTC)] info/application	[Motor] Received distance: 49.5278509780895 cm | Severity=75 | SourceName=Motor2 | EventType=application | SourceNode=ns=1;s=MotorSource2
[Anomaly Input] [2026-08-16 19:32:15.156 (UTC)] info/application	[Motor] Received distance: 31.5958113624229 cm | Severity=75 | SourceName=Motor | EventType=application | SourceNode=ns=1;s=MotorSource
[Anomaly Input] [2026-08-16 19:32:15.148 (UTC)] warn/application	[Motor] Distance too close (19.0099125991156); rotating motor to 0 degrees | Severity=175 | SourceName=Motor3 | EventType=application | SourceNode=ns=1;s=MotorSource3
[Anomaly Input] [2026-08-16 19:32:15.148 (UTC)] info/application	[Motor] Distance safe (49.5278509780895); rotating motor to 90 degrees | Severity=75 | SourceName=Motor2 | EventType=application | SourceNode=ns=1;s=MotorSource2
[Anomaly Input] [2026-08-16 19:32:15.156 (UTC)] info/application	[Motor] Distance safe (31.5958113624229); rotating motor to 90 degrees | Severity=75 | SourceName=Motor | EventType=application | SourceNode=ns=1;s=MotorSource
[Anomaly Input] [2026-08-16 19:32:15.643 (UTC)] info/application	[Sensor] Updated distance: 30.991886997126 cm | Severity=75 | SourceName=Sensor | EventType=application | SourceNode=ns=1;s=SensorSource
[Anomaly Input] [2026-08-16 19:32:15.643 (UTC)] info/application	[Sensor] Updated distance: 48.4566056278798 cm | Severity=75 | SourceName=Sensor2 | EventType=application | SourceNode=ns=1;s=SensorSource2
[Anomaly Input] [2026-08-16 19:32:15.643 (UTC)] info/application	[Sensor] Updated distance: 19.5658878360716 cm | Severity=75 | SourceName=Sensor3 | EventType=application | SourceNode=ns=1;s=SensorSource3
[Anomaly Input] [2026-08-16 19:32:16.149 (UTC)] info/application	[Motor] Received distance: 30.991886997126 cm | Severity=75 | SourceName=Motor | EventType=application | SourceNode=ns=1;s=MotorSource
[Anomaly Input] [2026-08-16 19:32:16.149 (UTC)] info/application	[Motor] Received distance: 19.5658878360716 cm | Severity=75 | SourceName=Motor3 | EventType=application | SourceNode=ns=1;s=MotorSource3
[Anomaly Input] [2026-08-16 19:32:16.156 (UTC)] info/application	[Motor] Received distance: 48.4566056278798 cm | Severity=75 | SourceName=Motor2 | EventType=application | SourceNode=ns=1;s=MotorSource2
[Anomaly Input] [2026-08-16 19:32:16.149 (UTC)] info/application	[Motor] Distance safe (30.991886997126); rotating motor to 90 degrees | Severity=75 | SourceName=Motor | EventType=application | SourceNode=ns=1;s=MotorSource
[Anomaly Input] [2026-08-16 19:32:16.149 (UTC)] warn/application	[Motor] Distance too close (19.5658878360716); rotating motor to 0 degrees | Severity=175 | SourceName=Motor3 | EventType=application | SourceNode=ns=1;s=MotorSource3
[Anomaly Input] [2026-08-16 19:32:16.156 (UTC)] info/application	[Motor] Distance safe (48.4566056278798); rotating motor to 90 degrees | Severity=75 | SourceName=Motor2 | EventType=application | SourceNode=ns=1;s=MotorSource2
[Anomaly Input] [2026-08-16 19:32:16.644 (UTC)] info/application	[Sensor] Updated distance: 47.6600574819185 cm | Severity=75 | SourceName=Sensor2 | EventType=application | SourceNode=ns=1;s=SensorSource2
[Anomaly Input] [2026-08-16 19:32:16.644 (UTC)] info/application	[Sensor] Updated distance: 18.3229962325762 cm | Severity=75 | SourceName=Sensor3 | EventType=application | SourceNode=ns=1;s=SensorSource3
[Anomaly Input] [2026-08-16 19:32:16.644 (UTC)] info/application	[Sensor] Updated distance: 31.4680882822574 cm | Severity=75 | SourceName=Sensor | EventType=application | SourceNode=ns=1;s=SensorSource
[Anomaly Input] [2026-08-16 19:32:17.149 (UTC)] info/application	[Motor] Received distance: 47.6600574819185 cm | Severity=75 | SourceName=Motor2 | EventType=application | SourceNode=ns=1;s=MotorSource2
[Anomaly Input] [2026-08-16 19:32:17.158 (UTC)] info/application	[Motor] Received distance: 31.4680882822574 cm | Severity=75 | SourceName=Motor | EventType=application | SourceNode=ns=1;s=MotorSource
[Anomaly Input] [2026-08-16 19:32:17.158 (UTC)] info/application	[Motor] Received distance: 18.3229962325762 cm | Severity=75 | SourceName=Motor3 | EventType=application | SourceNode=ns=1;s=MotorSource3
[Anomaly Input] [2026-08-16 19:32:17.149 (UTC)] info/application	[Motor] Distance safe (47.6600574819185); rotating motor to 90 degrees | Severity=75 | SourceName=Motor2 | EventType=application | SourceNode=ns=1;s=MotorSource2
[Anomaly Input] [2026-08-16 19:32:17.158 (UTC)] info/application	[Motor] Distance safe (31.4680882822574); rotating motor to 90 degrees | Severity=75 | SourceName=Motor | EventType=application | SourceNode=ns=1;s=MotorSource
[Anomaly Input] [2026-08-16 19:32:17.158 (UTC)] warn/application	[Motor] Distance too close (18.3229962325762); rotating motor to 0 degrees | Severity=175 | SourceName=Motor3 | EventType=application | SourceNode=ns=1;s=MotorSource3
[Anomaly Input] [2026-08-16 19:32:17.644 (UTC)] info/application	[Sensor] Updated distance: 46.6252516259557 cm | Severity=75 | SourceName=Sensor2 | EventType=application | SourceNode=ns=1;s=SensorSource2
[Anomaly Input] [2026-08-16 19:32:17.644 (UTC)] info/application	[Sensor] Updated distance: 18.5208945444417 cm | Severity=75 | SourceName=Sensor3 | EventType=application | SourceNode=ns=1;s=SensorSource3
[Anomaly Input] [2026-08-16 19:32:17.644 (UTC)] info/application	[Sensor] Updated distance: 32.5018664945392 cm | Severity=75 | SourceName=Sensor | EventType=application | SourceNode=ns=1;s=SensorSource
[Anomaly Input] [2026-08-16 19:32:18.149 (UTC)] info/application	[Motor] Received distance: 18.5208945444417 cm | Severity=75 | SourceName=Motor3 | EventType=application | SourceNode=ns=1;s=MotorSource3
[Anomaly Input] [2026-08-16 19:32:18.150 (UTC)] info/application	[Motor] Received distance: 32.5018664945392 cm | Severity=75 | SourceName=Motor | EventType=application | SourceNode=ns=1;s=MotorSource
[Anomaly Input] [2026-08-16 19:32:18.157 (UTC)] info/application	[Motor] Received distance: 46.6252516259557 cm | Severity=75 | SourceName=Motor2 | EventType=application | SourceNode=ns=1;s=MotorSource2
[Anomaly Input] [2026-08-16 19:32:18.149 (UTC)] warn/application	[Motor] Distance too close (18.5208945444417); rotating motor to 0 degrees | Severity=175 | SourceName=Motor3 | EventType=application | SourceNode=ns=1;s=MotorSource3
[Anomaly Input] [2026-08-16 19:32:18.150 (UTC)] info/application	[Motor] Distance safe (32.5018664945392); rotating motor to 90 degrees | Severity=75 | SourceName=Motor | EventType=application | SourceNode=ns=1;s=MotorSource
[Anomaly Input] [2026-08-16 19:32:18.157 (UTC)] info/application	[Motor] Distance safe (46.6252516259557); rotating motor to 90 degrees | Severity=75 | SourceName=Motor2 | EventType=application | SourceNode=ns=1;s=MotorSource2
[Anomaly Input] [2026-08-16 19:32:18.643 (UTC)] info/application	[Sensor] Updated distance: 46.734186933485 cm | Severity=75 | SourceName=Sensor2 | EventType=application | SourceNode=ns=1;s=SensorSource2
[Anomaly Input] [2026-08-16 19:32:18.644 (UTC)] info/application	[Sensor] Updated distance: 19.9040450334568 cm | Severity=75 | SourceName=Sensor3 | EventType=application | SourceNode=ns=1;s=SensorSource3
[Anomaly Input] [2026-08-16 19:32:18.644 (UTC)] info/application	[Sensor] Updated distance: 31.3015234655708 cm | Severity=75 | SourceName=Sensor | EventType=application | SourceNode=ns=1;s=SensorSource
[Anomaly Input] [2026-08-16 19:32:19.149 (UTC)] info/application	[Motor] Received distance: 46.734186933485 cm | Severity=75 | SourceName=Motor2 | EventType=application | SourceNode=ns=1;s=MotorSource2
[Anomaly Input] [2026-08-16 19:32:19.149 (UTC)] info/application	[Motor] Received distance: 19.9040450334568 cm | Severity=75 | SourceName=Motor3 | EventType=application | SourceNode=ns=1;s=MotorSource3
[Anomaly Input] [2026-08-16 19:32:19.157 (UTC)] info/application	[Motor] Received distance: 31.3015234655708 cm | Severity=75 | SourceName=Motor | EventType=application | SourceNode=ns=1;s=MotorSource
[Anomaly Input] [2026-08-16 19:32:19.149 (UTC)] info/application	[Motor] Distance safe (46.734186933485); rotating motor to 90 degrees | Severity=75 | SourceName=Motor2 | EventType=application | SourceNode=ns=1;s=MotorSource2
[Anomaly Input] [2026-08-16 19:32:19.149 (UTC)] warn/application	[Motor] Distance too close (19.9040450334568); rotating motor to 0 degrees | Severity=175 | SourceName=Motor3 | EventType=application | SourceNode=ns=1;s=MotorSource3
[Anomaly Input] [2026-08-16 19:32:19.157 (UTC)] info/application	[Motor] Distance safe (31.3015234655708); rotating motor to 90 degrees | Severity=75 | SourceName=Motor | EventType=application | SourceNode=ns=1;s=MotorSource
[Anomaly Input] [2026-08-16 19:32:19.644 (UTC)] info/application	[Sensor] Updated distance: 46.4185332224791 cm | Severity=75 | SourceName=Sensor2 | EventType=application | SourceNode=ns=1;s=SensorSource2
[Anomaly Input] [2026-08-16 19:32:19.644 (UTC)] info/application	[Sensor] Updated distance: 19.3478351521063 cm | Severity=75 | SourceName=Sensor3 | EventType=application | SourceNode=ns=1;s=SensorSource3
[Anomaly Input] [2026-08-16 19:32:19.644 (UTC)] info/application	[Sensor] Updated distance: 30.188857876318 cm | Severity=75 | SourceName=Sensor | EventType=application | SourceNode=ns=1;s=SensorSource
[Anomaly Input] [2026-08-16 19:32:20.150 (UTC)] info/application	[Motor] Received distance: 30.188857876318 cm | Severity=75 | SourceName=Motor | EventType=application | SourceNode=ns=1;s=MotorSource
[Anomaly Input] [2026-08-16 19:32:20.157 (UTC)] info/application	[Motor] Received distance: 46.4185332224791 cm | Severity=75 | SourceName=Motor2 | EventType=application | SourceNode=ns=1;s=MotorSource2
[Anomaly Input] [2026-08-16 19:32:20.158 (UTC)] info/application	[Motor] Received distance: 19.3478351521063 cm | Severity=75 | SourceName=Motor3 | EventType=application | SourceNode=ns=1;s=MotorSource3
[Anomaly Input] [2026-08-16 19:32:20.150 (UTC)] info/application	[Motor] Distance safe (30.188857876318); rotating motor to 90 degrees | Severity=75 | SourceName=Motor | EventType=application | SourceNode=ns=1;s=MotorSource
[Anomaly Input] [2026-08-16 19:32:20.157 (UTC)] info/application	[Motor] Distance safe (46.4185332224791); rotating motor to 90 degrees | Severity=75 | SourceName=Motor2 | EventType=application | SourceNode=ns=1;s=MotorSource2
[Anomaly Input] [2026-08-16 19:32:20.158 (UTC)] warn/application	[Motor] Distance too close (19.3478351521063); rotating motor to 0 degrees | Severity=175 | SourceName=Motor3 | EventType=application | SourceNode=ns=1;s=MotorSource3
[Anomaly Input] [2026-08-16 19:32:20.644 (UTC)] info/application	[Sensor] Updated distance: 20.0738200254616 cm | Severity=75 | SourceName=Sensor3 | EventType=application | SourceNode=ns=1;s=SensorSource3
[Anomaly Input] [2026-08-16 19:32:20.644 (UTC)] info/application	[Sensor] Updated distance: 46.5215161871266 cm | Severity=75 | SourceName=Sensor2 | EventType=application | SourceNode=ns=1;s=SensorSource2
[Anomaly Input] [2026-08-16 19:32:20.644 (UTC)] info/application	[Sensor] Updated distance: 31.0471169140875 cm | Severity=75 | SourceName=Sensor | EventType=application | SourceNode=ns=1;s=SensorSource
[Anomaly Input] [2026-08-16 19:32:21.149 (UTC)] info/application	[Motor] Received distance: 46.5215161871266 cm | Severity=75 | SourceName=Motor2 | EventType=application | SourceNode=ns=1;s=MotorSource2
[Anomaly Input] [2026-08-16 19:32:21.149 (UTC)] info/application	[Motor] Received distance: 20.0738200254616 cm | Severity=75 | SourceName=Motor3 | EventType=application | SourceNode=ns=1;s=MotorSource3
[Anomaly Input] [2026-08-16 19:32:21.158 (UTC)] info/application	[Motor] Received distance: 31.0471169140875 cm | Severity=75 | SourceName=Motor | EventType=application | SourceNode=ns=1;s=MotorSource
[Anomaly Input] [2026-08-16 19:32:21.149 (UTC)] info/application	[Motor] Distance safe (46.5215161871266); rotating motor to 90 degrees | Severity=75 | SourceName=Motor2 | EventType=application | SourceNode=ns=1;s=MotorSource2
[Anomaly Input] [2026-08-16 19:32:21.149 (UTC)] info/application	[Motor] Distance safe (20.0738200254616); rotating motor to 90 degrees | Severity=75 | SourceName=Motor3 | EventType=application | SourceNode=ns=1;s=MotorSource3
[Anomaly Input] [2026-08-16 19:32:21.158 (UTC)] info/application	[Motor] Distance safe (31.0471169140875); rotating motor to 90 degrees | Severity=75 | SourceName=Motor | EventType=application | SourceNode=ns=1;s=MotorSource
[Anomaly Input] [2026-08-16 19:32:21.645 (UTC)] info/application	[Sensor] Updated distance: 30.7880797725116 cm | Severity=75 | SourceName=Sensor | EventType=application | SourceNode=ns=1;s=SensorSource
[Anomaly Input] [2026-08-16 19:32:21.645 (UTC)] info/application	[Sensor] Updated distance: 19.8657881868378 cm | Severity=75 | SourceName=Sensor3 | EventType=application | SourceNode=ns=1;s=SensorSource3
[Anomaly Input] [2026-08-16 19:32:21.645 (UTC)] info/application	[Sensor] Updated distance: 46.7482801153084 cm | Severity=75 | SourceName=Sensor2 | EventType=application | SourceNode=ns=1;s=SensorSource2
[Anomaly Input] [2026-08-16 19:32:22.140 (UTC)] info/application	[Motor] Received distance: 46.7482801153084 cm | Severity=75 | SourceName=Motor2 | EventType=application | SourceNode=ns=1;s=MotorSource2
[Anomaly Input] [2026-08-16 19:32:22.147 (UTC)] info/application	[Motor] Received distance: 30.7880797725116 cm | Severity=75 | SourceName=Motor | EventType=application | SourceNode=ns=1;s=MotorSource
[Anomaly Input] [2026-08-16 19:32:22.158 (UTC)] info/application	[Motor] Received distance: 19.8657881868378 cm | Severity=75 | SourceName=Motor3 | EventType=application | SourceNode=ns=1;s=MotorSource3
[Anomaly Input] [2026-08-16 19:32:22.140 (UTC)] info/application	[Motor] Distance safe (46.7482801153084); rotating motor to 90 degrees | Severity=75 | SourceName=Motor2 | EventType=application | SourceNode=ns=1;s=MotorSource2
[Anomaly Input] [2026-08-16 19:32:22.147 (UTC)] info/application	[Motor] Distance safe (30.7880797725116); rotating motor to 90 degrees | Severity=75 | SourceName=Motor | EventType=application | SourceNode=ns=1;s=MotorSource
[Anomaly Input] [2026-08-16 19:32:22.158 (UTC)] warn/application	[Motor] Distance too close (19.8657881868378); rotating motor to 0 degrees | Severity=175 | SourceName=Motor3 | EventType=application | SourceNode=ns=1;s=MotorSource3
[Anomaly Input] [2026-08-16 19:32:22.645 (UTC)] info/application	[Sensor] Updated distance: 21.1366679247639 cm | Severity=75 | SourceName=Sensor3 | EventType=application | SourceNode=ns=1;s=SensorSource3
[Anomaly Input] [2026-08-16 19:32:22.645 (UTC)] info/application	[Sensor] Updated distance: 46.3281350651887 cm | Severity=75 | SourceName=Sensor2 | EventType=application | SourceNode=ns=1;s=SensorSource2
[Anomaly Input] [2026-08-16 19:32:22.645 (UTC)] info/application	[Sensor] Updated distance: 31.2776196034521 cm | Severity=75 | SourceName=Sensor | EventType=application | SourceNode=ns=1;s=SensorSource
[Anomaly Input] [2026-08-16 19:32:23.147 (UTC)] info/application	[Motor] Received distance: 31.2776196034521 cm | Severity=75 | SourceName=Motor | EventType=application | SourceNode=ns=1;s=MotorSource
[Anomaly Input] [2026-08-16 19:32:23.147 (UTC)] info/application	[Motor] Received distance: 46.3281350651887 cm | Severity=75 | SourceName=Motor2 | EventType=application | SourceNode=ns=1;s=MotorSource2
[Anomaly Input] [2026-08-16 19:32:23.147 (UTC)] info/application	[Motor] Received distance: 21.1366679247639 cm | Severity=75 | SourceName=Motor3 | EventType=application | SourceNode=ns=1;s=MotorSource3
[Anomaly Input] [2026-08-16 19:32:23.147 (UTC)] info/application	[Motor] Distance safe (31.2776196034521); rotating motor to 90 degrees | Severity=75 | SourceName=Motor | EventType=application | SourceNode=ns=1;s=MotorSource
[Anomaly Input] [2026-08-16 19:32:23.147 (UTC)] info/application	[Motor] Distance safe (46.3281350651887); rotating motor to 90 degrees | Severity=75 | SourceName=Motor2 | EventType=application | SourceNode=ns=1;s=MotorSource2
[Anomaly Input] [2026-08-16 19:32:23.147 (UTC)] info/application	[Motor] Distance safe (21.1366679247639); rotating motor to 90 degrees | Severity=75 | SourceName=Motor3 | EventType=application | SourceNode=ns=1;s=MotorSource3
[Anomaly Input] [2026-08-16 19:32:23.645 (UTC)] info/application	[Sensor] Updated distance: 31.9755899798943 cm | Severity=75 | SourceName=Sensor | EventType=application | SourceNode=ns=1;s=SensorSource
[Anomaly Input] [2026-08-16 19:32:23.645 (UTC)] info/application	[Sensor] Updated distance: 45.4291486574473 cm | Severity=75 | SourceName=Sensor2 | EventType=application | SourceNode=ns=1;s=SensorSource2
[Anomaly Input] [2026-08-16 19:32:23.645 (UTC)] info/application	[Sensor] Updated distance: 19.704668856554 cm | Severity=75 | SourceName=Sensor3 | EventType=application | SourceNode=ns=1;s=SensorSource3
[Anomaly Input] [2026-08-16 19:32:24.147 (UTC)] info/application	[Motor] Received distance: 31.9755899798943 cm | Severity=75 | SourceName=Motor | EventType=application | SourceNode=ns=1;s=MotorSource
[Anomaly Input] [2026-08-16 19:32:24.148 (UTC)] info/application	[Motor] Received distance: 45.4291486574473 cm | Severity=75 | SourceName=Motor2 | EventType=application | SourceNode=ns=1;s=MotorSource2
[Anomaly Input] [2026-08-16 19:32:24.148 (UTC)] info/application	[Motor] Received distance: 19.704668856554 cm | Severity=75 | SourceName=Motor3 | EventType=application | SourceNode=ns=1;s=MotorSource3
[Anomaly Input] [2026-08-16 19:32:24.147 (UTC)] info/application	[Motor] Distance safe (31.9755899798943); rotating motor to 90 degrees | Severity=75 | SourceName=Motor | EventType=application | SourceNode=ns=1;s=MotorSource
[Anomaly Input] [2026-08-16 19:32:24.148 (UTC)] info/application	[Motor] Distance safe (45.4291486574473); rotating motor to 90 degrees | Severity=75 | SourceName=Motor2 | EventType=application | SourceNode=ns=1;s=MotorSource2
[Anomaly Input] [2026-08-16 19:32:24.148 (UTC)] warn/application	[Motor] Distance too close (19.704668856554); rotating motor to 0 degrees | Severity=175 | SourceName=Motor3 | EventType=application | SourceNode=ns=1;s=MotorSource3
[Anomaly Input] [2026-08-16 19:32:24.644 (UTC)] info/application	[Sensor] Updated distance: 45.3316115717551 cm | Severity=75 | SourceName=Sensor2 | EventType=application | SourceNode=ns=1;s=SensorSource2
[Anomaly Input] [2026-08-16 19:32:24.645 (UTC)] info/application	[Sensor] Updated distance: 20.4490295899794 cm | Severity=75 | SourceName=Sensor3 | EventType=application | SourceNode=ns=1;s=SensorSource3
[Anomaly Input] [2026-08-16 19:32:24.645 (UTC)] info/application	[Sensor] Updated distance: 30.6223158822965 cm | Severity=75 | SourceName=Sensor | EventType=application | SourceNode=ns=1;s=SensorSource
[Anomaly Input] [2026-08-16 19:32:25.147 (UTC)] info/application	[Motor] Received distance: 30.6223158822965 cm | Severity=75 | SourceName=Motor | EventType=application | SourceNode=ns=1;s=MotorSource
[Anomaly Input] [2026-08-16 19:32:25.149 (UTC)] info/application	[Motor] Received distance: 20.4490295899794 cm | Severity=75 | SourceName=Motor3 | EventType=application | SourceNode=ns=1;s=MotorSource3
[Anomaly Input] [2026-08-16 19:32:25.150 (UTC)] info/application	[Motor] Received distance: 45.3316115717551 cm | Severity=75 | SourceName=Motor2 | EventType=application | SourceNode=ns=1;s=MotorSource2
[Anomaly Input] [2026-08-16 19:32:25.147 (UTC)] info/application	[Motor] Distance safe (30.6223158822965); rotating motor to 90 degrees | Severity=75 | SourceName=Motor | EventType=application | SourceNode=ns=1;s=MotorSource
[Anomaly Input] [2026-08-16 19:32:25.149 (UTC)] info/application	[Motor] Distance safe (20.4490295899794); rotating motor to 90 degrees | Severity=75 | SourceName=Motor3 | EventType=application | SourceNode=ns=1;s=MotorSource3
[Anomaly Input] [2026-08-16 19:32:25.150 (UTC)] info/application	[Motor] Distance safe (45.3316115717551); rotating motor to 90 degrees | Severity=75 | SourceName=Motor2 | EventType=application | SourceNode=ns=1;s=MotorSource2
[Anomaly Input] [2026-08-16 19:32:25.645 (UTC)] info/application	[Sensor] Updated distance: 43.8630855734754 cm | Severity=75 | SourceName=Sensor2 | EventType=application | SourceNode=ns=1;s=SensorSource2
[Anomaly Input] [2026-08-16 19:32:25.645 (UTC)] info/application	[Sensor] Updated distance: 19.5111203871253 cm | Severity=75 | SourceName=Sensor3 | EventType=application | SourceNode=ns=1;s=SensorSource3
[Anomaly Input] [2026-08-16 19:32:25.645 (UTC)] info/application	[Sensor] Updated distance: 31.661838508985 cm | Severity=75 | SourceName=Sensor | EventType=application | SourceNode=ns=1;s=SensorSource
[Anomaly Input] [2026-08-16 19:32:26.140 (UTC)] info/application	[Motor] Received distance: 19.5111203871253 cm | Severity=75 | SourceName=Motor3 | EventType=application | SourceNode=ns=1;s=MotorSource3
[Anomaly Input] [2026-08-16 19:32:26.148 (UTC)] info/application	[Motor] Received distance: 31.661838508985 cm | Severity=75 | SourceName=Motor | EventType=application | SourceNode=ns=1;s=MotorSource
[Anomaly Input] [2026-08-16 19:32:26.158 (UTC)] info/application	[Motor] Received distance: 43.8630855734754 cm | Severity=75 | SourceName=Motor2 | EventType=application | SourceNode=ns=1;s=MotorSource2
[Anomaly Input] [2026-08-16 19:32:26.140 (UTC)] warn/application	[Motor] Distance too close (19.5111203871253); rotating motor to 0 degrees | Severity=175 | SourceName=Motor3 | EventType=application | SourceNode=ns=1;s=MotorSource3
[Anomaly Input] [2026-08-16 19:32:26.148 (UTC)] info/application	[Motor] Distance safe (31.661838508985); rotating motor to 90 degrees | Severity=75 | SourceName=Motor | EventType=application | SourceNode=ns=1;s=MotorSource
[Anomaly Input] [2026-08-16 19:32:26.158 (UTC)] info/application	[Motor] Distance safe (43.8630855734754); rotating motor to 90 degrees | Severity=75 | SourceName=Motor2 | EventType=application | SourceNode=ns=1;s=MotorSource2
[Anomaly Input] [2026-08-16 19:32:26.645 (UTC)] info/application	[Sensor] Updated distance: 44.2644454123287 cm | Severity=75 | SourceName=Sensor2 | EventType=application | SourceNode=ns=1;s=SensorSource2
[Anomaly Input] [2026-08-16 19:32:26.645 (UTC)] info/application	[Sensor] Updated distance: 19.718487226506 cm | Severity=75 | SourceName=Sensor3 | EventType=application | SourceNode=ns=1;s=SensorSource3
[Anomaly Input] [2026-08-16 19:32:26.645 (UTC)] info/application	[Sensor] Updated distance: 31.6376633281529 cm | Severity=75 | SourceName=Sensor | EventType=application | SourceNode=ns=1;s=SensorSource
[Anomaly Input] [2026-08-16 19:32:27.140 (UTC)] info/application	[Motor] Received distance: 31.6376633281529 cm | Severity=75 | SourceName=Motor | EventType=application | SourceNode=ns=1;s=MotorSource
[Anomaly Input] [2026-08-16 19:32:27.147 (UTC)] info/application	[Motor] Received distance: 44.2644454123287 cm | Severity=75 | SourceName=Motor2 | EventType=application | SourceNode=ns=1;s=MotorSource2
[Anomaly Input] [2026-08-16 19:32:27.148 (UTC)] info/application	[Motor] Received distance: 19.718487226506 cm | Severity=75 | SourceName=Motor3 | EventType=application | SourceNode=ns=1;s=MotorSource3
[Anomaly Input] [2026-08-16 19:32:27.140 (UTC)] info/application	[Motor] Distance safe (31.6376633281529); rotating motor to 90 degrees | Severity=75 | SourceName=Motor | EventType=application | SourceNode=ns=1;s=MotorSource
[Anomaly Input] [2026-08-16 19:32:27.147 (UTC)] info/application	[Motor] Distance safe (44.2644454123287); rotating motor to 90 degrees | Severity=75 | SourceName=Motor2 | EventType=application | SourceNode=ns=1;s=MotorSource2
[Anomaly Input] [2026-08-16 19:32:27.148 (UTC)] warn/application	[Motor] Distance too close (19.718487226506); rotating motor to 0 degrees | Severity=175 | SourceName=Motor3 | EventType=application | SourceNode=ns=1;s=MotorSource3
[Anomaly Input] [2026-08-16 19:32:27.645 (UTC)] info/application	[Sensor] Updated distance: 30.6303189283378 cm | Severity=75 | SourceName=Sensor | EventType=application | SourceNode=ns=1;s=SensorSource
[Anomaly Input] [2026-08-16 19:32:27.645 (UTC)] info/application	[Sensor] Updated distance: 45.6726085509512 cm | Severity=75 | SourceName=Sensor2 | EventType=application | SourceNode=ns=1;s=SensorSource2
[Anomaly Input] [2026-08-16 19:32:27.646 (UTC)] info/application	[Sensor] Updated distance: 19.178853246001 cm | Severity=75 | SourceName=Sensor3 | EventType=application | SourceNode=ns=1;s=SensorSource3
[Anomaly Input] [2026-08-16 19:32:28.146 (UTC)] info/application	[Motor] Received distance: 30.6303189283378 cm | Severity=75 | SourceName=Motor | EventType=application | SourceNode=ns=1;s=MotorSource
[Anomaly Input] [2026-08-16 19:32:28.148 (UTC)] info/application	[Motor] Received distance: 45.6726085509512 cm | Severity=75 | SourceName=Motor2 | EventType=application | SourceNode=ns=1;s=MotorSource2
[Anomaly Input] [2026-08-16 19:32:28.148 (UTC)] info/application	[Motor] Received distance: 19.178853246001 cm | Severity=75 | SourceName=Motor3 | EventType=application | SourceNode=ns=1;s=MotorSource3
[Anomaly Input] [2026-08-16 19:32:28.146 (UTC)] info/application	[Motor] Distance safe (30.6303189283378); rotating motor to 90 degrees | Severity=75 | SourceName=Motor | EventType=application | SourceNode=ns=1;s=MotorSource
[Anomaly Input] [2026-08-16 19:32:28.148 (UTC)] info/application	[Motor] Distance safe (45.6726085509512); rotating motor to 90 degrees | Severity=75 | SourceName=Motor2 | EventType=application | SourceNode=ns=1;s=MotorSource2
[Anomaly Input] [2026-08-16 19:32:28.148 (UTC)] warn/application	[Motor] Distance too close (19.178853246001); rotating motor to 0 degrees | Severity=175 | SourceName=Motor3 | EventType=application | SourceNode=ns=1;s=MotorSource3
[Anomaly Input] [2026-08-16 19:32:28.645 (UTC)] info/application	[Sensor] Updated distance: 19.2051853168314 cm | Severity=75 | SourceName=Sensor3 | EventType=application | SourceNode=ns=1;s=SensorSource3
[Anomaly Input] [2026-08-16 19:32:28.645 (UTC)] info/application	[Sensor] Updated distance: 31.6258148067286 cm | Severity=75 | SourceName=Sensor | EventType=application | SourceNode=ns=1;s=SensorSource
[Anomaly Input] [2026-08-16 19:32:28.645 (UTC)] info/application	[Sensor] Updated distance: 45.1141192473537 cm | Severity=75 | SourceName=Sensor2 | EventType=application | SourceNode=ns=1;s=SensorSource2
[Anomaly Input] [2026-08-16 19:32:29.147 (UTC)] info/application	[Motor] Received distance: 31.6258148067286 cm | Severity=75 | SourceName=Motor | EventType=application | SourceNode=ns=1;s=MotorSource
[Anomaly Input] [2026-08-16 19:32:29.148 (UTC)] info/application	[Motor] Received distance: 45.1141192473537 cm | Severity=75 | SourceName=Motor2 | EventType=application | SourceNode=ns=1;s=MotorSource2
[Anomaly Input] [2026-08-16 19:32:29.148 (UTC)] info/application	[Motor] Received distance: 19.2051853168314 cm | Severity=75 | SourceName=Motor3 | EventType=application | SourceNode=ns=1;s=MotorSource3
[Anomaly Input] [2026-08-16 19:32:29.147 (UTC)] info/application	[Motor] Distance safe (31.6258148067286); rotating motor to 90 degrees | Severity=75 | SourceName=Motor | EventType=application | SourceNode=ns=1;s=MotorSource
[Anomaly Input] [2026-08-16 19:32:29.148 (UTC)] info/application	[Motor] Distance safe (45.1141192473537); rotating motor to 90 degrees | Severity=75 | SourceName=Motor2 | EventType=application | SourceNode=ns=1;s=MotorSource2
[Anomaly Input] [2026-08-16 19:32:29.148 (UTC)] warn/application	[Motor] Distance too close (19.2051853168314); rotating motor to 0 degrees | Severity=175 | SourceName=Motor3 | EventType=application | SourceNode=ns=1;s=MotorSource3
[Anomaly Input] [2026-08-16 19:32:29.645 (UTC)] info/application	[Sensor] Updated distance: 18.2835715884732 cm | Severity=75 | SourceName=Sensor3 | EventType=application | SourceNode=ns=1;s=SensorSource3
[Anomaly Input] [2026-08-16 19:32:29.645 (UTC)] info/application	[Sensor] Updated distance: 30.5997689364477 cm | Severity=75 | SourceName=Sensor | EventType=application | SourceNode=ns=1;s=SensorSource
[Anomaly Input] [2026-08-16 19:32:29.645 (UTC)] info/application	[Sensor] Updated distance: 44.4527905115173 cm | Severity=75 | SourceName=Sensor2 | EventType=application | SourceNode=ns=1;s=SensorSource2
[Anomaly Input] [2026-08-16 19:32:30.147 (UTC)] info/application	[Motor] Received distance: 30.5997689364477 cm | Severity=75 | SourceName=Motor | EventType=application | SourceNode=ns=1;s=MotorSource
[Anomaly Input] [2026-08-16 19:32:30.148 (UTC)] info/application	[Motor] Received distance: 44.4527905115173 cm | Severity=75 | SourceName=Motor2 | EventType=application | SourceNode=ns=1;s=MotorSource2
[Anomaly Input] [2026-08-16 19:32:30.149 (UTC)] info/application	[Motor] Received distance: 18.2835715884732 cm | Severity=75 | SourceName=Motor3 | EventType=application | SourceNode=ns=1;s=MotorSource3
[Anomaly Input] [2026-08-16 19:32:30.147 (UTC)] info/application	[Motor] Distance safe (30.5997689364477); rotating motor to 90 degrees | Severity=75 | SourceName=Motor | EventType=application | SourceNode=ns=1;s=MotorSource
[Anomaly Input] [2026-08-16 19:32:30.148 (UTC)] info/application	[Motor] Distance safe (44.4527905115173); rotating motor to 90 degrees | Severity=75 | SourceName=Motor2 | EventType=application | SourceNode=ns=1;s=MotorSource2
[Anomaly Input] [2026-08-16 19:32:30.149 (UTC)] warn/application	[Motor] Distance too close (18.2835715884732); rotating motor to 0 degrees | Severity=175 | SourceName=Motor3 | EventType=application | SourceNode=ns=1;s=MotorSource3
[Anomaly Input] [2026-08-16 19:32:30.645 (UTC)] info/application	[Sensor] Updated distance: 18.1549424001271 cm | Severity=75 | SourceName=Sensor3 | EventType=application | SourceNode=ns=1;s=SensorSource3
[Anomaly Input] [2026-08-16 19:32:30.646 (UTC)] info/application	[Sensor] Updated distance: 45.6375621674292 cm | Severity=75 | SourceName=Sensor2 | EventType=application | SourceNode=ns=1;s=SensorSource2
[Anomaly Input] [2026-08-16 19:32:30.646 (UTC)] info/application	[Sensor] Updated distance: 30.9809935984579 cm | Severity=75 | SourceName=Sensor | EventType=application | SourceNode=ns=1;s=SensorSource
[Anomaly Input] [2026-08-16 19:32:31.147 (UTC)] info/application	[Motor] Received distance: 30.9809935984579 cm | Severity=75 | SourceName=Motor | EventType=application | SourceNode=ns=1;s=MotorSource
[Anomaly Input] [2026-08-16 19:32:31.147 (UTC)] info/application	[Motor] Received distance: 45.6375621674292 cm | Severity=75 | SourceName=Motor2 | EventType=application | SourceNode=ns=1;s=MotorSource2
[Anomaly Input] [2026-08-16 19:32:31.150 (UTC)] info/application	[Motor] Received distance: 18.1549424001271 cm | Severity=75 | SourceName=Motor3 | EventType=application | SourceNode=ns=1;s=MotorSource3
[Anomaly Input] [2026-08-16 19:32:31.147 (UTC)] info/application	[Motor] Distance safe (30.9809935984579); rotating motor to 90 degrees | Severity=75 | SourceName=Motor | EventType=application | SourceNode=ns=1;s=MotorSource
[Anomaly Input] [2026-08-16 19:32:31.147 (UTC)] info/application	[Motor] Distance safe (45.6375621674292); rotating motor to 90 degrees | Severity=75 | SourceName=Motor2 | EventType=application | SourceNode=ns=1;s=MotorSource2
[Anomaly Input] [2026-08-16 19:32:31.150 (UTC)] warn/application	[Motor] Distance too close (18.1549424001271); rotating motor to 0 degrees | Severity=175 | SourceName=Motor3 | EventType=application | SourceNode=ns=1;s=MotorSource3
[Anomaly Input] [2026-08-16 19:32:31.645 (UTC)] info/application	[Sensor] Updated distance: 18.8601175406296 cm | Severity=75 | SourceName=Sensor3 | EventType=application | SourceNode=ns=1;s=SensorSource3
[Anomaly Input] [2026-08-16 19:32:31.645 (UTC)] info/application	[Sensor] Updated distance: 45.5472963799477 cm | Severity=75 | SourceName=Sensor2 | EventType=application | SourceNode=ns=1;s=SensorSource2
[Anomaly Input] [2026-08-16 19:32:31.646 (UTC)] info/application	[Sensor] Updated distance: 31.9336568535928 cm | Severity=75 | SourceName=Sensor | EventType=application | SourceNode=ns=1;s=SensorSource
[Anomaly Input] [2026-08-16 19:32:32.147 (UTC)] info/application	[Motor] Received distance: 31.9336568535928 cm | Severity=75 | SourceName=Motor | EventType=application | SourceNode=ns=1;s=MotorSource
[Anomaly Input] [2026-08-16 19:32:32.148 (UTC)] info/application	[Motor] Received distance: 45.5472963799477 cm | Severity=75 | SourceName=Motor2 | EventType=application | SourceNode=ns=1;s=MotorSource2
[Anomaly Input] [2026-08-16 19:32:32.159 (UTC)] info/application	[Motor] Received distance: 18.8601175406296 cm | Severity=75 | SourceName=Motor3 | EventType=application | SourceNode=ns=1;s=MotorSource3
[Anomaly Input] [2026-08-16 19:32:32.147 (UTC)] info/application	[Motor] Distance safe (31.9336568535928); rotating motor to 90 degrees | Severity=75 | SourceName=Motor | EventType=application | SourceNode=ns=1;s=MotorSource
[Anomaly Input] [2026-08-16 19:32:32.148 (UTC)] info/application	[Motor] Distance safe (45.5472963799477); rotating motor to 90 degrees | Severity=75 | SourceName=Motor2 | EventType=application | SourceNode=ns=1;s=MotorSource2
[Anomaly Input] [2026-08-16 19:32:32.159 (UTC)] warn/application	[Motor] Distance too close (18.8601175406296); rotating motor to 0 degrees | Severity=175 | SourceName=Motor3 | EventType=application | SourceNode=ns=1;s=MotorSource3
[Anomaly Input] [2026-08-16 19:32:32.645 (UTC)] info/application	[Sensor] Updated distance: 17.4155771112608 cm | Severity=75 | SourceName=Sensor3 | EventType=application | SourceNode=ns=1;s=SensorSource3
[Anomaly Input] [2026-08-16 19:32:32.645 (UTC)] info/application	[Sensor] Updated distance: 44.8637552598323 cm | Severity=75 | SourceName=Sensor2 | EventType=application | SourceNode=ns=1;s=SensorSource2
[Anomaly Input] [2026-08-16 19:32:32.645 (UTC)] info/application	[Sensor] Updated distance: 33.1420341672572 cm | Severity=75 | SourceName=Sensor | EventType=application | SourceNode=ns=1;s=SensorSource
[Anomaly Input] [2026-08-16 19:32:33.140 (UTC)] info/application	[Motor] Received distance: 33.1420341672572 cm | Severity=75 | SourceName=Motor | EventType=application | SourceNode=ns=1;s=MotorSource
[Anomaly Input] [2026-08-16 19:32:33.150 (UTC)] info/application	[Motor] Received distance: 17.4155771112608 cm | Severity=75 | SourceName=Motor3 | EventType=application | SourceNode=ns=1;s=MotorSource3
[Anomaly Input] [2026-08-16 19:32:33.150 (UTC)] info/application	[Motor] Received distance: 44.8637552598323 cm | Severity=75 | SourceName=Motor2 | EventType=application | SourceNode=ns=1;s=MotorSource2
[Anomaly Input] [2026-08-16 19:32:33.140 (UTC)] info/application	[Motor] Distance safe (33.1420341672572); rotating motor to 90 degrees | Severity=75 | SourceName=Motor | EventType=application | SourceNode=ns=1;s=MotorSource
[Anomaly Input] [2026-08-16 19:32:33.150 (UTC)] warn/application	[Motor] Distance too close (17.4155771112608); rotating motor to 0 degrees | Severity=175 | SourceName=Motor3 | EventType=application | SourceNode=ns=1;s=MotorSource3
[Anomaly Input] [2026-08-16 19:32:33.150 (UTC)] info/application	[Motor] Distance safe (44.8637552598323); rotating motor to 90 degrees | Severity=75 | SourceName=Motor2 | EventType=application | SourceNode=ns=1;s=MotorSource2
[Anomaly Input] [2026-08-16 19:32:33.644 (UTC)] info/application	[Sensor] Updated distance: 45.9708974598772 cm | Severity=75 | SourceName=Sensor2 | EventType=application | SourceNode=ns=1;s=SensorSource2
[Anomaly Input] [2026-08-16 19:32:33.644 (UTC)] info/application	[Sensor] Updated distance: 16.5195676901003 cm | Severity=75 | SourceName=Sensor3 | EventType=application | SourceNode=ns=1;s=SensorSource3
[Anomaly Input] [2026-08-16 19:32:33.645 (UTC)] info/application	[Sensor] Updated distance: 32.227207876382 cm | Severity=75 | SourceName=Sensor | EventType=application | SourceNode=ns=1;s=SensorSource
[Anomaly Input] [2026-08-16 19:32:34.150 (UTC)] info/application	[Motor] Received distance: 32.227207876382 cm | Severity=75 | SourceName=Motor | EventType=application | SourceNode=ns=1;s=MotorSource
[Anomaly Input] [2026-08-16 19:32:34.158 (UTC)] info/application	[Motor] Received distance: 16.5195676901003 cm | Severity=75 | SourceName=Motor3 | EventType=application | SourceNode=ns=1;s=MotorSource3
[Anomaly Input] [2026-08-16 19:32:34.158 (UTC)] info/application	[Motor] Received distance: 45.9708974598772 cm | Severity=75 | SourceName=Motor2 | EventType=application | SourceNode=ns=1;s=MotorSource2
[Anomaly Input] [2026-08-16 19:32:34.150 (UTC)] info/application	[Motor] Distance safe (32.227207876382); rotating motor to 90 degrees | Severity=75 | SourceName=Motor | EventType=application | SourceNode=ns=1;s=MotorSource
[Anomaly Input] [2026-08-16 19:32:34.158 (UTC)] warn/application	[Motor] Distance too close (16.5195676901003); rotating motor to 0 degrees | Severity=175 | SourceName=Motor3 | EventType=application | SourceNode=ns=1;s=MotorSource3
[Anomaly Input] [2026-08-16 19:32:34.158 (UTC)] info/application	[Motor] Distance safe (45.9708974598772); rotating motor to 90 degrees | Severity=75 | SourceName=Motor2 | EventType=application | SourceNode=ns=1;s=MotorSource2
[Anomaly Input] [2026-08-16 19:32:34.645 (UTC)] info/application	[Sensor] Updated distance: 32.2509851249638 cm | Severity=75 | SourceName=Sensor | EventType=application | SourceNode=ns=1;s=SensorSource
[Anomaly Input] [2026-08-16 19:32:34.645 (UTC)] info/application	[Sensor] Updated distance: 16.6337866280851 cm | Severity=75 | SourceName=Sensor3 | EventType=application | SourceNode=ns=1;s=SensorSource3
[Anomaly Input] [2026-08-16 19:32:34.645 (UTC)] info/application	[Sensor] Updated distance: 44.7101489045705 cm | Severity=75 | SourceName=Sensor2 | EventType=application | SourceNode=ns=1;s=SensorSource2
[Anomaly Input] [2026-08-16 19:32:35.148 (UTC)] info/application	[Motor] Received distance: 44.7101489045705 cm | Severity=75 | SourceName=Motor2 | EventType=application | SourceNode=ns=1;s=MotorSource2
[Anomaly Input] [2026-08-16 19:32:35.150 (UTC)] info/application	[Motor] Received distance: 16.6337866280851 cm | Severity=75 | SourceName=Motor3 | EventType=application | SourceNode=ns=1;s=MotorSource3
[Anomaly Input] [2026-08-16 19:32:35.158 (UTC)] info/application	[Motor] Received distance: 32.2509851249638 cm | Severity=75 | SourceName=Motor | EventType=application | SourceNode=ns=1;s=MotorSource
[Anomaly Input] [2026-08-16 19:32:35.148 (UTC)] info/application	[Motor] Distance safe (44.7101489045705); rotating motor to 90 degrees | Severity=75 | SourceName=Motor2 | EventType=application | SourceNode=ns=1;s=MotorSource2
[Anomaly Input] [2026-08-16 19:32:35.150 (UTC)] warn/application	[Motor] Distance too close (16.6337866280851); rotating motor to 0 degrees | Severity=175 | SourceName=Motor3 | EventType=application | SourceNode=ns=1;s=MotorSource3
[Anomaly Input] [2026-08-16 19:32:35.158 (UTC)] info/application	[Motor] Distance safe (32.2509851249638); rotating motor to 90 degrees | Severity=75 | SourceName=Motor | EventType=application | SourceNode=ns=1;s=MotorSource
[Anomaly Input] [2026-08-16 19:32:35.645 (UTC)] info/application	[Sensor] Updated distance: 45.0660321004997 cm | Severity=75 | SourceName=Sensor2 | EventType=application | SourceNode=ns=1;s=SensorSource2
[Anomaly Input] [2026-08-16 19:32:35.645 (UTC)] info/application	[Sensor] Updated distance: 15.4144288480349 cm | Severity=75 | SourceName=Sensor3 | EventType=application | SourceNode=ns=1;s=SensorSource3
[Anomaly Input] [2026-08-16 19:32:35.645 (UTC)] info/application	[Sensor] Updated distance: 31.4644849893937 cm | Severity=75 | SourceName=Sensor | EventType=application | SourceNode=ns=1;s=SensorSource
[Anomaly Input] [2026-08-16 19:32:36.140 (UTC)] info/application	[Motor] Received distance: 15.4144288480349 cm | Severity=75 | SourceName=Motor3 | EventType=application | SourceNode=ns=1;s=MotorSource3
[Anomaly Input] [2026-08-16 19:32:36.146 (UTC)] info/application	[Motor] Received distance: 31.4644849893937 cm | Severity=75 | SourceName=Motor | EventType=application | SourceNode=ns=1;s=MotorSource
[Anomaly Input] [2026-08-16 19:32:36.149 (UTC)] info/application	[Motor] Received distance: 45.0660321004997 cm | Severity=75 | SourceName=Motor2 | EventType=application | SourceNode=ns=1;s=MotorSource2
[Anomaly Input] [2026-08-16 19:32:36.140 (UTC)] warn/application	[Motor] Distance too close (15.4144288480349); rotating motor to 0 degrees | Severity=175 | SourceName=Motor3 | EventType=application | SourceNode=ns=1;s=MotorSource3
[Anomaly Input] [2026-08-16 19:32:36.146 (UTC)] info/application	[Motor] Distance safe (31.4644849893937); rotating motor to 90 degrees | Severity=75 | SourceName=Motor | EventType=application | SourceNode=ns=1;s=MotorSource
[Anomaly Input] [2026-08-16 19:32:36.149 (UTC)] info/application	[Motor] Distance safe (45.0660321004997); rotating motor to 90 degrees | Severity=75 | SourceName=Motor2 | EventType=application | SourceNode=ns=1;s=MotorSource2
[Anomaly Input] [2026-08-16 19:32:36.645 (UTC)] info/application	[Sensor] Updated distance: 45.4159629982505 cm | Severity=75 | SourceName=Sensor2 | EventType=application | SourceNode=ns=1;s=SensorSource2
[Anomaly Input] [2026-08-16 19:32:36.645 (UTC)] info/application	[Sensor] Updated distance: 15.1504086873729 cm | Severity=75 | SourceName=Sensor3 | EventType=application | SourceNode=ns=1;s=SensorSource3
[Anomaly Input] [2026-08-16 19:32:36.645 (UTC)] info/application	[Sensor] Updated distance: 31.4848053525131 cm | Severity=75 | SourceName=Sensor | EventType=application | SourceNode=ns=1;s=SensorSource
[Anomaly Input] [2026-08-16 19:32:37.140 (UTC)] info/application	[Motor] Received distance: 45.4159629982505 cm | Severity=75 | SourceName=Motor2 | EventType=application | SourceNode=ns=1;s=MotorSource2
[Anomaly Input] [2026-08-16 19:32:37.147 (UTC)] info/application	[Motor] Received distance: 31.4848053525131 cm | Severity=75 | SourceName=Motor | EventType=application | SourceNode=ns=1;s=MotorSource
[Anomaly Input] [2026-08-16 19:32:37.148 (UTC)] info/application	[Motor] Received distance: 15.1504086873729 cm | Severity=75 | SourceName=Motor3 | EventType=application | SourceNode=ns=1;s=MotorSource3
[Anomaly Input] [2026-08-16 19:32:37.140 (UTC)] info/application	[Motor] Distance safe (45.4159629982505); rotating motor to 90 degrees | Severity=75 | SourceName=Motor2 | EventType=application | SourceNode=ns=1;s=MotorSource2
[Anomaly Input] [2026-08-16 19:32:37.147 (UTC)] info/application	[Motor] Distance safe (31.4848053525131); rotating motor to 90 degrees | Severity=75 | SourceName=Motor | EventType=application | SourceNode=ns=1;s=MotorSource
[Anomaly Input] [2026-08-16 19:32:37.148 (UTC)] warn/application	[Motor] Distance too close (15.1504086873729); rotating motor to 0 degrees | Severity=175 | SourceName=Motor3 | EventType=application | SourceNode=ns=1;s=MotorSource3
[Anomaly Input] [2026-08-16 19:32:37.645 (UTC)] info/application	[Sensor] Updated distance: 46.4908018463714 cm | Severity=75 | SourceName=Sensor2 | EventType=application | SourceNode=ns=1;s=SensorSource2
[Anomaly Input] [2026-08-16 19:32:37.645 (UTC)] info/application	[Sensor] Updated distance: 14.7122926999406 cm | Severity=75 | SourceName=Sensor3 | EventType=application | SourceNode=ns=1;s=SensorSource3
[Anomaly Input] [2026-08-16 19:32:37.645 (UTC)] info/application	[Sensor] Updated distance: 30.2923243838792 cm | Severity=75 | SourceName=Sensor | EventType=application | SourceNode=ns=1;s=SensorSource
[Anomaly Input] [2026-08-16 19:32:38.147 (UTC)] info/application	[Motor] Received distance: 30.2923243838792 cm | Severity=75 | SourceName=Motor | EventType=application | SourceNode=ns=1;s=MotorSource
[Anomaly Input] [2026-08-16 19:32:38.150 (UTC)] info/application	[Motor] Received distance: 46.4908018463714 cm | Severity=75 | SourceName=Motor2 | EventType=application | SourceNode=ns=1;s=MotorSource2
[Anomaly Input] [2026-08-16 19:32:38.150 (UTC)] info/application	[Motor] Received distance: 14.7122926999406 cm | Severity=75 | SourceName=Motor3 | EventType=application | SourceNode=ns=1;s=MotorSource3
[Anomaly Input] [2026-08-16 19:32:38.147 (UTC)] info/application	[Motor] Distance safe (30.2923243838792); rotating motor to 90 degrees | Severity=75 | SourceName=Motor | EventType=application | SourceNode=ns=1;s=MotorSource
[Anomaly Input] [2026-08-16 19:32:38.150 (UTC)] info/application	[Motor] Distance safe (46.4908018463714); rotating motor to 90 degrees | Severity=75 | SourceName=Motor2 | EventType=application | SourceNode=ns=1;s=MotorSource2
[Anomaly Input] [2026-08-16 19:32:38.150 (UTC)] warn/application	[Motor] Distance too close (14.7122926999406); rotating motor to 0 degrees | Severity=175 | SourceName=Motor3 | EventType=application | SourceNode=ns=1;s=MotorSource3
[Anomaly Input] [2026-08-16 19:32:38.644 (UTC)] info/application	[Sensor] Updated distance: 45.5366631443783 cm | Severity=75 | SourceName=Sensor2 | EventType=application | SourceNode=ns=1;s=SensorSource2
[Anomaly Input] [2026-08-16 19:32:38.645 (UTC)] info/application	[Sensor] Updated distance: 15.9426350618911 cm | Severity=75 | SourceName=Sensor3 | EventType=application | SourceNode=ns=1;s=SensorSource3
[Anomaly Input] [2026-08-16 19:32:38.645 (UTC)] info/application	[Sensor] Updated distance: 30.186203054472 cm | Severity=75 | SourceName=Sensor | EventType=application | SourceNode=ns=1;s=SensorSource
[Anomaly Input] [2026-08-16 19:32:39.148 (UTC)] info/application	[Motor] Received distance: 30.186203054472 cm | Severity=75 | SourceName=Motor | EventType=application | SourceNode=ns=1;s=MotorSource
[Anomaly Input] [2026-08-16 19:32:39.159 (UTC)] info/application	[Motor] Received distance: 15.9426350618911 cm | Severity=75 | SourceName=Motor3 | EventType=application | SourceNode=ns=1;s=MotorSource3
[Anomaly Input] [2026-08-16 19:32:39.159 (UTC)] info/application	[Motor] Received distance: 45.5366631443783 cm | Severity=75 | SourceName=Motor2 | EventType=application | SourceNode=ns=1;s=MotorSource2
[Anomaly Input] [2026-08-16 19:32:39.148 (UTC)] info/application	[Motor] Distance safe (30.186203054472); rotating motor to 90 degrees | Severity=75 | SourceName=Motor | EventType=application | SourceNode=ns=1;s=MotorSource
[Anomaly Input] [2026-08-16 19:32:39.159 (UTC)] info/application	[Motor] Distance safe (45.5366631443783); rotating motor to 90 degrees | Severity=75 | SourceName=Motor2 | EventType=application | SourceNode=ns=1;s=MotorSource2
[Anomaly Input] [2026-08-16 19:32:39.159 (UTC)] warn/application	[Motor] Distance too close (15.9426350618911); rotating motor to 0 degrees | Severity=175 | SourceName=Motor3 | EventType=application | SourceNode=ns=1;s=MotorSource3
[Anomaly Input] [2026-08-16 19:32:39.644 (UTC)] info/application	[Sensor] Updated distance: 45.2507078658095 cm | Severity=75 | SourceName=Sensor2 | EventType=application | SourceNode=ns=1;s=SensorSource2
[Anomaly Input] [2026-08-16 19:32:39.645 (UTC)] info/application	[Sensor] Updated distance: 16.5284241668547 cm | Severity=75 | SourceName=Sensor3 | EventType=application | SourceNode=ns=1;s=SensorSource3
[Anomaly Input] [2026-08-16 19:32:39.645 (UTC)] info/application	[Sensor] Updated distance: 30.2924006564042 cm | Severity=75 | SourceName=Sensor | EventType=application | SourceNode=ns=1;s=SensorSource
[Anomaly Input] [2026-08-16 19:32:40.148 (UTC)] info/application	[Motor] Received distance: 30.2924006564042 cm | Severity=75 | SourceName=Motor | EventType=application | SourceNode=ns=1;s=MotorSource
[Anomaly Input] [2026-08-16 19:32:40.150 (UTC)] info/application	[Motor] Received distance: 45.2507078658095 cm | Severity=75 | SourceName=Motor2 | EventType=application | SourceNode=ns=1;s=MotorSource2
[Anomaly Input] [2026-08-16 19:32:40.150 (UTC)] info/application	[Motor] Received distance: 16.5284241668547 cm | Severity=75 | SourceName=Motor3 | EventType=application | SourceNode=ns=1;s=MotorSource3
[Anomaly Input] [2026-08-16 19:32:40.148 (UTC)] info/application	[Motor] Distance safe (30.2924006564042); rotating motor to 90 degrees | Severity=75 | SourceName=Motor | EventType=application | SourceNode=ns=1;s=MotorSource
[Anomaly Input] [2026-08-16 19:32:40.150 (UTC)] info/application	[Motor] Distance safe (45.2507078658095); rotating motor to 90 degrees | Severity=75 | SourceName=Motor2 | EventType=application | SourceNode=ns=1;s=MotorSource2
[Anomaly Input] [2026-08-16 19:32:40.150 (UTC)] warn/application	[Motor] Distance too close (16.5284241668547); rotating motor to 0 degrees | Severity=175 | SourceName=Motor3 | EventType=application | SourceNode=ns=1;s=MotorSource3
[Anomaly Input] [2026-08-16 19:32:40.645 (UTC)] info/application	[Sensor] Updated distance: 44.8800374853332 cm | Severity=75 | SourceName=Sensor2 | EventType=application | SourceNode=ns=1;s=SensorSource2
[Anomaly Input] [2026-08-16 19:32:40.645 (UTC)] info/application	[Sensor] Updated distance: 15.8664288992837 cm | Severity=75 | SourceName=Sensor3 | EventType=application | SourceNode=ns=1;s=SensorSource3
[Anomaly Input] [2026-08-16 19:32:40.645 (UTC)] info/application	[Sensor] Updated distance: 29.9556906686424 cm | Severity=75 | SourceName=Sensor | EventType=application | SourceNode=ns=1;s=SensorSource
[Anomaly Input] [2026-08-16 19:32:41.140 (UTC)] info/application	[Motor] Received distance: 15.8664288992837 cm | Severity=75 | SourceName=Motor3 | EventType=application | SourceNode=ns=1;s=MotorSource3
[Anomaly Input] [2026-08-16 19:32:41.140 (UTC)] info/application	[Motor] Received distance: 44.8800374853332 cm | Severity=75 | SourceName=Motor2 | EventType=application | SourceNode=ns=1;s=MotorSource2
[Anomaly Input] [2026-08-16 19:32:41.148 (UTC)] info/application	[Motor] Received distance: 29.9556906686424 cm | Severity=75 | SourceName=Motor | EventType=application | SourceNode=ns=1;s=MotorSource
[Anomaly Input] [2026-08-16 19:32:41.140 (UTC)] warn/application	[Motor] Distance too close (15.8664288992837); rotating motor to 0 degrees | Severity=175 | SourceName=Motor3 | EventType=application | SourceNode=ns=1;s=MotorSource3
[Anomaly Input] [2026-08-16 19:32:41.140 (UTC)] info/application	[Motor] Distance safe (44.8800374853332); rotating motor to 90 degrees | Severity=75 | SourceName=Motor2 | EventType=application | SourceNode=ns=1;s=MotorSource2
[Anomaly Input] [2026-08-16 19:32:41.148 (UTC)] info/application	[Motor] Distance safe (29.9556906686424); rotating motor to 90 degrees | Severity=75 | SourceName=Motor | EventType=application | SourceNode=ns=1;s=MotorSource
[Anomaly Input] [2026-08-16 19:32:41.645 (UTC)] info/application	[Sensor] Updated distance: 30.9990508742626 cm | Severity=75 | SourceName=Sensor | EventType=application | SourceNode=ns=1;s=SensorSource
[Anomaly Input] [2026-08-16 19:32:41.645 (UTC)] info/application	[Sensor] Updated distance: 44.5172282655338 cm | Severity=75 | SourceName=Sensor2 | EventType=application | SourceNode=ns=1;s=SensorSource2
[Anomaly Input] [2026-08-16 19:32:41.645 (UTC)] info/application	[Sensor] Updated distance: 14.7735292263206 cm | Severity=75 | SourceName=Sensor3 | EventType=application | SourceNode=ns=1;s=SensorSource3
[Anomaly Input] [2026-08-16 19:32:42.140 (UTC)] info/application	[Motor] Received distance: 30.9990508742626 cm | Severity=75 | SourceName=Motor | EventType=application | SourceNode=ns=1;s=MotorSource
[Anomaly Input] [2026-08-16 19:32:42.148 (UTC)] info/application	[Motor] Received distance: 44.5172282655338 cm | Severity=75 | SourceName=Motor2 | EventType=application | SourceNode=ns=1;s=MotorSource2
[Anomaly Input] [2026-08-16 19:32:42.148 (UTC)] info/application	[Motor] Received distance: 14.7735292263206 cm | Severity=75 | SourceName=Motor3 | EventType=application | SourceNode=ns=1;s=MotorSource3
[Anomaly Input] [2026-08-16 19:32:42.140 (UTC)] info/application	[Motor] Distance safe (30.9990508742626); rotating motor to 90 degrees | Severity=75 | SourceName=Motor | EventType=application | SourceNode=ns=1;s=MotorSource
[Anomaly Input] [2026-08-16 19:32:42.148 (UTC)] info/application	[Motor] Distance safe (44.5172282655338); rotating motor to 90 degrees | Severity=75 | SourceName=Motor2 | EventType=application | SourceNode=ns=1;s=MotorSource2
[Anomaly Input] [2026-08-16 19:32:42.148 (UTC)] warn/application	[Motor] Distance too close (14.7735292263206); rotating motor to 0 degrees | Severity=175 | SourceName=Motor3 | EventType=application | SourceNode=ns=1;s=MotorSource3
[Anomaly Input] [2026-08-16 19:32:42.645 (UTC)] info/application	[Sensor] Updated distance: 15.1767884617098 cm | Severity=75 | SourceName=Sensor3 | EventType=application | SourceNode=ns=1;s=SensorSource3
[Anomaly Input] [2026-08-16 19:32:42.645 (UTC)] info/application	[Sensor] Updated distance: 43.667782221999 cm | Severity=75 | SourceName=Sensor2 | EventType=application | SourceNode=ns=1;s=SensorSource2
[Anomaly Input] [2026-08-16 19:32:42.645 (UTC)] info/application	[Sensor] Updated distance: 30.1202891341505 cm | Severity=75 | SourceName=Sensor | EventType=application | SourceNode=ns=1;s=SensorSource
[Anomaly Input] [2026-08-16 19:32:43.147 (UTC)] info/application	[Motor] Received distance: 30.1202891341505 cm | Severity=75 | SourceName=Motor | EventType=application | SourceNode=ns=1;s=MotorSource
[Anomaly Input] [2026-08-16 19:32:43.148 (UTC)] info/application	[Motor] Received distance: 43.667782221999 cm | Severity=75 | SourceName=Motor2 | EventType=application | SourceNode=ns=1;s=MotorSource2
[Anomaly Input] [2026-08-16 19:32:43.148 (UTC)] info/application	[Motor] Received distance: 15.1767884617098 cm | Severity=75 | SourceName=Motor3 | EventType=application | SourceNode=ns=1;s=MotorSource3
[Anomaly Input] [2026-08-16 19:32:43.147 (UTC)] info/application	[Motor] Distance safe (30.1202891341505); rotating motor to 90 degrees | Severity=75 | SourceName=Motor | EventType=application | SourceNode=ns=1;s=MotorSource
[Anomaly Input] [2026-08-16 19:32:43.148 (UTC)] info/application	[Motor] Distance safe (43.667782221999); rotating motor to 90 degrees | Severity=75 | SourceName=Motor2 | EventType=application | SourceNode=ns=1;s=MotorSource2
[Anomaly Input] [2026-08-16 19:32:43.148 (UTC)] warn/application	[Motor] Distance too close (15.1767884617098); rotating motor to 0 degrees | Severity=175 | SourceName=Motor3 | EventType=application | SourceNode=ns=1;s=MotorSource3
[Anomaly Input] [2026-08-16 19:32:43.646 (UTC)] info/application	[Sensor] Updated distance: 15.3008263438478 cm | Severity=75 | SourceName=Sensor3 | EventType=application | SourceNode=ns=1;s=SensorSource3
[Anomaly Input] [2026-08-16 19:32:43.646 (UTC)] info/application	[Sensor] Updated distance: 31.2614031151223 cm | Severity=75 | SourceName=Sensor | EventType=application | SourceNode=ns=1;s=SensorSource
[Anomaly Input] [2026-08-16 19:32:43.647 (UTC)] info/application	[Sensor] Updated distance: 43.2662469890278 cm | Severity=75 | SourceName=Sensor2 | EventType=application | SourceNode=ns=1;s=SensorSource2
[Anomaly Input] [2026-08-16 19:32:44.148 (UTC)] info/application	[Motor] Received distance: 31.2614031151223 cm | Severity=75 | SourceName=Motor | EventType=application | SourceNode=ns=1;s=MotorSource
[Anomaly Input] [2026-08-16 19:32:44.148 (UTC)] info/application	[Motor] Received distance: 43.2662469890278 cm | Severity=75 | SourceName=Motor2 | EventType=application | SourceNode=ns=1;s=MotorSource2
[Anomaly Input] [2026-08-16 19:32:44.148 (UTC)] info/application	[Motor] Received distance: 15.3008263438478 cm | Severity=75 | SourceName=Motor3 | EventType=application | SourceNode=ns=1;s=MotorSource3
[Anomaly Input] [2026-08-16 19:32:44.148 (UTC)] info/application	[Motor] Distance safe (31.2614031151223); rotating motor to 90 degrees | Severity=75 | SourceName=Motor | EventType=application | SourceNode=ns=1;s=MotorSource
[Anomaly Input] [2026-08-16 19:32:44.148 (UTC)] info/application	[Motor] Distance safe (43.2662469890278); rotating motor to 90 degrees | Severity=75 | SourceName=Motor2 | EventType=application | SourceNode=ns=1;s=MotorSource2
[Anomaly Input] [2026-08-16 19:32:44.148 (UTC)] warn/application	[Motor] Distance too close (15.3008263438478); rotating motor to 0 degrees | Severity=175 | SourceName=Motor3 | EventType=application | SourceNode=ns=1;s=MotorSource3
[Anomaly Input] [2026-08-16 19:32:44.646 (UTC)] info/application	[Sensor] Updated distance: 30.0437317656091 cm | Severity=75 | SourceName=Sensor | EventType=application | SourceNode=ns=1;s=SensorSource
[Anomaly Input] [2026-08-16 19:32:44.647 (UTC)] info/application	[Sensor] Updated distance: 42.1565234435986 cm | Severity=75 | SourceName=Sensor2 | EventType=application | SourceNode=ns=1;s=SensorSource2
[Anomaly Input] [2026-08-16 19:32:44.647 (UTC)] info/application	[Sensor] Updated distance: 15.4264214452945 cm | Severity=75 | SourceName=Sensor3 | EventType=application | SourceNode=ns=1;s=SensorSource3
[Anomaly Input] [2026-08-16 19:32:45.142 (UTC)] info/application	[Motor] Received distance: 30.0437317656091 cm | Severity=75 | SourceName=Motor | EventType=application | SourceNode=ns=1;s=MotorSource
[Anomaly Input] [2026-08-16 19:32:45.149 (UTC)] info/application	[Motor] Received distance: 42.1565234435986 cm | Severity=75 | SourceName=Motor2 | EventType=application | SourceNode=ns=1;s=MotorSource2
[Anomaly Input] [2026-08-16 19:32:45.149 (UTC)] info/application	[Motor] Received distance: 15.4264214452945 cm | Severity=75 | SourceName=Motor3 | EventType=application | SourceNode=ns=1;s=MotorSource3
[Anomaly Input] [2026-08-16 19:32:45.142 (UTC)] info/application	[Motor] Distance safe (30.0437317656091); rotating motor to 90 degrees | Severity=75 | SourceName=Motor | EventType=application | SourceNode=ns=1;s=MotorSource
[Anomaly Input] [2026-08-16 19:32:45.149 (UTC)] warn/application	[Motor] Distance too close (15.4264214452945); rotating motor to 0 degrees | Severity=175 | SourceName=Motor3 | EventType=application | SourceNode=ns=1;s=MotorSource3
[Anomaly Input] [2026-08-16 19:32:45.149 (UTC)] info/application	[Motor] Distance safe (42.1565234435986); rotating motor to 90 degrees | Severity=75 | SourceName=Motor2 | EventType=application | SourceNode=ns=1;s=MotorSource2
[Anomaly Input] [2026-08-16 19:32:45.647 (UTC)] info/application	[Sensor] Updated distance: 43.576318986051 cm | Severity=75 | SourceName=Sensor2 | EventType=application | SourceNode=ns=1;s=SensorSource2
[Anomaly Input] [2026-08-16 19:32:45.647 (UTC)] info/application	[Sensor] Updated distance: 29.4776878498857 cm | Severity=75 | SourceName=Sensor | EventType=application | SourceNode=ns=1;s=SensorSource
[Anomaly Input] [2026-08-16 19:32:45.647 (UTC)] info/application	[Sensor] Updated distance: 16.3825153617107 cm | Severity=75 | SourceName=Sensor3 | EventType=application | SourceNode=ns=1;s=SensorSource3
[Anomaly Input] [2026-08-16 19:32:46.142 (UTC)] info/application	[Motor] Received distance: 43.576318986051 cm | Severity=75 | SourceName=Motor2 | EventType=application | SourceNode=ns=1;s=MotorSource2
[Anomaly Input] [2026-08-16 19:32:46.146 (UTC)] info/application	[Motor] Received distance: 29.4776878498857 cm | Severity=75 | SourceName=Motor | EventType=application | SourceNode=ns=1;s=MotorSource
[Anomaly Input] [2026-08-16 19:32:46.149 (UTC)] info/application	[Motor] Received distance: 16.3825153617107 cm | Severity=75 | SourceName=Motor3 | EventType=application | SourceNode=ns=1;s=MotorSource3
[Anomaly Input] [2026-08-16 19:32:46.142 (UTC)] info/application	[Motor] Distance safe (43.576318986051); rotating motor to 90 degrees | Severity=75 | SourceName=Motor2 | EventType=application | SourceNode=ns=1;s=MotorSource2
[Anomaly Input] [2026-08-16 19:32:46.146 (UTC)] info/application	[Motor] Distance safe (29.4776878498857); rotating motor to 90 degrees | Severity=75 | SourceName=Motor | EventType=application | SourceNode=ns=1;s=MotorSource
[Anomaly Input] [2026-08-16 19:32:46.149 (UTC)] warn/application	[Motor] Distance too close (16.3825153617107); rotating motor to 0 degrees | Severity=175 | SourceName=Motor3 | EventType=application | SourceNode=ns=1;s=MotorSource3
[Anomaly Input] [2026-08-16 19:32:46.647 (UTC)] info/application	[Sensor] Updated distance: 43.6035384028701 cm | Severity=75 | SourceName=Sensor2 | EventType=application | SourceNode=ns=1;s=SensorSource2
[Anomaly Input] [2026-08-16 19:32:46.647 (UTC)] info/application	[Sensor] Updated distance: 15.5625284794078 cm | Severity=75 | SourceName=Sensor3 | EventType=application | SourceNode=ns=1;s=SensorSource3
[Anomaly Input] [2026-08-16 19:32:46.647 (UTC)] info/application	[Sensor] Updated distance: 28.5148774655605 cm | Severity=75 | SourceName=Sensor | EventType=application | SourceNode=ns=1;s=SensorSource
[Anomaly Input] [2026-08-16 19:32:47.147 (UTC)] info/application	[Motor] Received distance: 28.5148774655605 cm | Severity=75 | SourceName=Motor | EventType=application | SourceNode=ns=1;s=MotorSource
[Anomaly Input] [2026-08-16 19:32:47.147 (UTC)] info/application	[Motor] Received distance: 43.6035384028701 cm | Severity=75 | SourceName=Motor2 | EventType=application | SourceNode=ns=1;s=MotorSource2
[Anomaly Input] [2026-08-16 19:32:47.149 (UTC)] info/application	[Motor] Received distance: 15.5625284794078 cm | Severity=75 | SourceName=Motor3 | EventType=application | SourceNode=ns=1;s=MotorSource3
[Anomaly Input] [2026-08-16 19:32:47.147 (UTC)] info/application	[Motor] Distance safe (28.5148774655605); rotating motor to 90 degrees | Severity=75 | SourceName=Motor | EventType=application | SourceNode=ns=1;s=MotorSource
[Anomaly Input] [2026-08-16 19:32:47.147 (UTC)] info/application	[Motor] Distance safe (43.6035384028701); rotating motor to 90 degrees | Severity=75 | SourceName=Motor2 | EventType=application | SourceNode=ns=1;s=MotorSource2
[Anomaly Input] [2026-08-16 19:32:47.149 (UTC)] warn/application	[Motor] Distance too close (15.5625284794078); rotating motor to 0 degrees | Severity=175 | SourceName=Motor3 | EventType=application | SourceNode=ns=1;s=MotorSource3
[Anomaly Input] [2026-08-16 19:32:47.647 (UTC)] info/application	[Sensor] Updated distance: 29.2734074011787 cm | Severity=75 | SourceName=Sensor | EventType=application | SourceNode=ns=1;s=SensorSource
[Anomaly Input] [2026-08-16 19:32:47.647 (UTC)] info/application	[Sensor] Updated distance: 15.945231977359 cm | Severity=75 | SourceName=Sensor3 | EventType=application | SourceNode=ns=1;s=SensorSource3
[Anomaly Input] [2026-08-16 19:32:47.647 (UTC)] info/application	[Sensor] Updated distance: 43.1972667114797 cm | Severity=75 | SourceName=Sensor2 | EventType=application | SourceNode=ns=1;s=SensorSource2
[Anomaly Input] [2026-08-16 19:32:48.142 (UTC)] info/application	[Motor] Received distance: 15.945231977359 cm | Severity=75 | SourceName=Motor3 | EventType=application | SourceNode=ns=1;s=MotorSource3
[Anomaly Input] [2026-08-16 19:32:48.147 (UTC)] info/application	[Motor] Received distance: 29.2734074011787 cm | Severity=75 | SourceName=Motor | EventType=application | SourceNode=ns=1;s=MotorSource
[Anomaly Input] [2026-08-16 19:32:48.148 (UTC)] info/application	[Motor] Received distance: 43.1972667114797 cm | Severity=75 | SourceName=Motor2 | EventType=application | SourceNode=ns=1;s=MotorSource2
[Anomaly Input] [2026-08-16 19:32:48.142 (UTC)] warn/application	[Motor] Distance too close (15.945231977359); rotating motor to 0 degrees | Severity=175 | SourceName=Motor3 | EventType=application | SourceNode=ns=1;s=MotorSource3
[Anomaly Input] [2026-08-16 19:32:48.147 (UTC)] info/application	[Motor] Distance safe (29.2734074011787); rotating motor to 90 degrees | Severity=75 | SourceName=Motor | EventType=application | SourceNode=ns=1;s=MotorSource
[Anomaly Input] [2026-08-16 19:32:48.148 (UTC)] info/application	[Motor] Distance safe (43.1972667114797); rotating motor to 90 degrees | Severity=75 | SourceName=Motor2 | EventType=application | SourceNode=ns=1;s=MotorSource2
[Anomaly Input] [2026-08-16 19:32:48.648 (UTC)] info/application	[Sensor] Updated distance: 42.0822563979693 cm | Severity=75 | SourceName=Sensor2 | EventType=application | SourceNode=ns=1;s=SensorSource2
[Anomaly Input] [2026-08-16 19:32:48.648 (UTC)] info/application	[Sensor] Updated distance: 28.24114169634 cm | Severity=75 | SourceName=Sensor | EventType=application | SourceNode=ns=1;s=SensorSource
[Anomaly Input] [2026-08-16 19:32:48.648 (UTC)] info/application	[Sensor] Updated distance: 15.5992242056407 cm | Severity=75 | SourceName=Sensor3 | EventType=application | SourceNode=ns=1;s=SensorSource3
[Anomaly Input] [2026-08-16 19:32:49.148 (UTC)] info/application	[Motor] Received distance: 28.24114169634 cm | Severity=75 | SourceName=Motor | EventType=application | SourceNode=ns=1;s=MotorSource
[Anomaly Input] [2026-08-16 19:32:49.149 (UTC)] info/application	[Motor] Received distance: 42.0822563979693 cm | Severity=75 | SourceName=Motor2 | EventType=application | SourceNode=ns=1;s=MotorSource2
[Anomaly Input] [2026-08-16 19:32:49.149 (UTC)] info/application	[Motor] Received distance: 15.5992242056407 cm | Severity=75 | SourceName=Motor3 | EventType=application | SourceNode=ns=1;s=MotorSource3
[Anomaly Input] [2026-08-16 19:32:49.148 (UTC)] info/application	[Motor] Distance safe (28.24114169634); rotating motor to 90 degrees | Severity=75 | SourceName=Motor | EventType=application | SourceNode=ns=1;s=MotorSource
[Anomaly Input] [2026-08-16 19:32:49.149 (UTC)] info/application	[Motor] Distance safe (42.0822563979693); rotating motor to 90 degrees | Severity=75 | SourceName=Motor2 | EventType=application | SourceNode=ns=1;s=MotorSource2
[Anomaly Input] [2026-08-16 19:32:49.149 (UTC)] warn/application	[Motor] Distance too close (15.5992242056407); rotating motor to 0 degrees | Severity=175 | SourceName=Motor3 | EventType=application | SourceNode=ns=1;s=MotorSource3
[Anomaly Input] [2026-08-16 19:32:49.647 (UTC)] info/application	[Sensor] Updated distance: 27.5779882830465 cm | Severity=75 | SourceName=Sensor | EventType=application | SourceNode=ns=1;s=SensorSource
[Anomaly Input] [2026-08-16 19:32:49.647 (UTC)] info/application	[Sensor] Updated distance: 40.7184111209207 cm | Severity=75 | SourceName=Sensor2 | EventType=application | SourceNode=ns=1;s=SensorSource2
[Anomaly Input] [2026-08-16 19:32:49.647 (UTC)] info/application	[Sensor] Updated distance: 14.6623878109559 cm | Severity=75 | SourceName=Sensor3 | EventType=application | SourceNode=ns=1;s=SensorSource3
[Anomaly Input] [2026-08-16 19:32:50.142 (UTC)] info/application	[Motor] Received distance: 40.7184111209207 cm | Severity=75 | SourceName=Motor2 | EventType=application | SourceNode=ns=1;s=MotorSource2
[Anomaly Input] [2026-08-16 19:32:50.142 (UTC)] info/application	[Motor] Received distance: 27.5779882830465 cm | Severity=75 | SourceName=Motor | EventType=application | SourceNode=ns=1;s=MotorSource
[Anomaly Input] [2026-08-16 19:32:50.143 (UTC)] info/application	[Motor] Received distance: 14.6623878109559 cm | Severity=75 | SourceName=Motor3 | EventType=application | SourceNode=ns=1;s=MotorSource3
[Anomaly Input] [2026-08-16 19:32:50.142 (UTC)] info/application	[Motor] Distance safe (40.7184111209207); rotating motor to 90 degrees | Severity=75 | SourceName=Motor2 | EventType=application | SourceNode=ns=1;s=MotorSource2
[Anomaly Input] [2026-08-16 19:32:50.142 (UTC)] info/application	[Motor] Distance safe (27.5779882830465); rotating motor to 90 degrees | Severity=75 | SourceName=Motor | EventType=application | SourceNode=ns=1;s=MotorSource
[Anomaly Input] [2026-08-16 19:32:50.143 (UTC)] warn/application	[Motor] Distance too close (14.6623878109559); rotating motor to 0 degrees | Severity=175 | SourceName=Motor3 | EventType=application | SourceNode=ns=1;s=MotorSource3
[Anomaly Input] [2026-08-16 19:32:50.647 (UTC)] info/application	[Sensor] Updated distance: 28.7238526294119 cm | Severity=75 | SourceName=Sensor | EventType=application | SourceNode=ns=1;s=SensorSource
[Anomaly Input] [2026-08-16 19:32:50.647 (UTC)] info/application	[Sensor] Updated distance: 41.4964857185244 cm | Severity=75 | SourceName=Sensor2 | EventType=application | SourceNode=ns=1;s=SensorSource2
[Anomaly Input] [2026-08-16 19:32:50.647 (UTC)] info/application	[Sensor] Updated distance: 15.9888814275567 cm | Severity=75 | SourceName=Sensor3 | EventType=application | SourceNode=ns=1;s=SensorSource3
[Anomaly Input] [2026-08-16 19:32:51.146 (UTC)] info/application	[Motor] Received distance: 28.7238526294119 cm | Severity=75 | SourceName=Motor | EventType=application | SourceNode=ns=1;s=MotorSource
[Anomaly Input] [2026-08-16 19:32:51.147 (UTC)] info/application	[Motor] Received distance: 41.4964857185244 cm | Severity=75 | SourceName=Motor2 | EventType=application | SourceNode=ns=1;s=MotorSource2
[Anomaly Input] [2026-08-16 19:32:51.149 (UTC)] info/application	[Motor] Received distance: 15.9888814275567 cm | Severity=75 | SourceName=Motor3 | EventType=application | SourceNode=ns=1;s=MotorSource3
[Anomaly Input] [2026-08-16 19:32:51.146 (UTC)] info/application	[Motor] Distance safe (28.7238526294119); rotating motor to 90 degrees | Severity=75 | SourceName=Motor | EventType=application | SourceNode=ns=1;s=MotorSource
[Anomaly Input] [2026-08-16 19:32:51.147 (UTC)] info/application	[Motor] Distance safe (41.4964857185244); rotating motor to 90 degrees | Severity=75 | SourceName=Motor2 | EventType=application | SourceNode=ns=1;s=MotorSource2
[Anomaly Input] [2026-08-16 19:32:51.149 (UTC)] warn/application	[Motor] Distance too close (15.9888814275567); rotating motor to 0 degrees | Severity=175 | SourceName=Motor3 | EventType=application | SourceNode=ns=1;s=MotorSource3
[Anomaly Input] [2026-08-16 19:32:51.647 (UTC)] info/application	[Sensor] Updated distance: 41.9844583696614 cm | Severity=75 | SourceName=Sensor2 | EventType=application | SourceNode=ns=1;s=SensorSource2
[Anomaly Input] [2026-08-16 19:32:51.647 (UTC)] info/application	[Sensor] Updated distance: 30.0498459623428 cm | Severity=75 | SourceName=Sensor | EventType=application | SourceNode=ns=1;s=SensorSource
[Anomaly Input] [2026-08-16 19:32:51.647 (UTC)] info/application	[Sensor] Updated distance: 14.8688585277967 cm | Severity=75 | SourceName=Sensor3 | EventType=application | SourceNode=ns=1;s=SensorSource3
[Anomaly Input] [2026-08-16 19:32:52.147 (UTC)] info/application	[Motor] Received distance: 30.0498459623428 cm | Severity=75 | SourceName=Motor | EventType=application | SourceNode=ns=1;s=MotorSource
[Anomaly Input] [2026-08-16 19:32:52.148 (UTC)] info/application	[Motor] Received distance: 41.9844583696614 cm | Severity=75 | SourceName=Motor2 | EventType=application | SourceNode=ns=1;s=MotorSource2
[Anomaly Input] [2026-08-16 19:32:52.149 (UTC)] info/application	[Motor] Received distance: 14.8688585277967 cm | Severity=75 | SourceName=Motor3 | EventType=application | SourceNode=ns=1;s=MotorSource3
[Anomaly Input] [2026-08-16 19:32:52.147 (UTC)] info/application	[Motor] Distance safe (30.0498459623428); rotating motor to 90 degrees | Severity=75 | SourceName=Motor | EventType=application | SourceNode=ns=1;s=MotorSource
[Anomaly Input] [2026-08-16 19:32:52.148 (UTC)] info/application	[Motor] Distance safe (41.9844583696614); rotating motor to 90 degrees | Severity=75 | SourceName=Motor2 | EventType=application | SourceNode=ns=1;s=MotorSource2
[Anomaly Input] [2026-08-16 19:32:52.149 (UTC)] warn/application	[Motor] Distance too close (14.8688585277967); rotating motor to 0 degrees | Severity=175 | SourceName=Motor3 | EventType=application | SourceNode=ns=1;s=MotorSource3
[Anomaly Input] [2026-08-16 19:32:52.646 (UTC)] info/application	[Sensor] Updated distance: 42.3473770207947 cm | Severity=75 | SourceName=Sensor2 | EventType=application | SourceNode=ns=1;s=SensorSource2
[Anomaly Input] [2026-08-16 19:32:52.647 (UTC)] info/application	[Sensor] Updated distance: 15.2239902944881 cm | Severity=75 | SourceName=Sensor3 | EventType=application | SourceNode=ns=1;s=SensorSource3
[Anomaly Input] [2026-08-16 19:32:52.647 (UTC)] info/application	[Sensor] Updated distance: 30.6276554074733 cm | Severity=75 | SourceName=Sensor | EventType=application | SourceNode=ns=1;s=SensorSource
[Anomaly Input] [2026-08-16 19:32:53.142 (UTC)] info/application	[Motor] Received distance: 15.2239902944881 cm | Severity=75 | SourceName=Motor3 | EventType=application | SourceNode=ns=1;s=MotorSource3
[Anomaly Input] [2026-08-16 19:32:53.147 (UTC)] info/application	[Motor] Received distance: 30.6276554074733 cm | Severity=75 | SourceName=Motor | EventType=application | SourceNode=ns=1;s=MotorSource
[Anomaly Input] [2026-08-16 19:32:53.147 (UTC)] info/application	[Motor] Received distance: 42.3473770207947 cm | Severity=75 | SourceName=Motor2 | EventType=application | SourceNode=ns=1;s=MotorSource2
[Anomaly Input] [2026-08-16 19:32:53.142 (UTC)] warn/application	[Motor] Distance too close (15.2239902944881); rotating motor to 0 degrees | Severity=175 | SourceName=Motor3 | EventType=application | SourceNode=ns=1;s=MotorSource3
[Anomaly Input] [2026-08-16 19:32:53.147 (UTC)] info/application	[Motor] Distance safe (30.6276554074733); rotating motor to 90 degrees | Severity=75 | SourceName=Motor | EventType=application | SourceNode=ns=1;s=MotorSource
[Anomaly Input] [2026-08-16 19:32:53.147 (UTC)] info/application	[Motor] Distance safe (42.3473770207947); rotating motor to 90 degrees | Severity=75 | SourceName=Motor2 | EventType=application | SourceNode=ns=1;s=MotorSource2
[Anomaly Input] [2026-08-16 19:32:53.645 (UTC)] info/application	[Sensor] Updated distance: 41.2053065668817 cm | Severity=75 | SourceName=Sensor2 | EventType=application | SourceNode=ns=1;s=SensorSource2
[Anomaly Input] [2026-08-16 19:32:53.646 (UTC)] info/application	[Sensor] Updated distance: 16.321363647618 cm | Severity=75 | SourceName=Sensor3 | EventType=application | SourceNode=ns=1;s=SensorSource3
[Anomaly Input] [2026-08-16 19:32:53.647 (UTC)] info/application	[Sensor] Updated distance: 30.7630595833823 cm | Severity=75 | SourceName=Sensor | EventType=application | SourceNode=ns=1;s=SensorSource
[Anomaly Input] [2026-08-16 19:32:54.148 (UTC)] info/application	[Motor] Received distance: 41.2053065668817 cm | Severity=75 | SourceName=Motor2 | EventType=application | SourceNode=ns=1;s=MotorSource2
[Anomaly Input] [2026-08-16 19:32:54.148 (UTC)] info/application	[Motor] Received distance: 30.7630595833823 cm | Severity=75 | SourceName=Motor | EventType=application | SourceNode=ns=1;s=MotorSource
[Anomaly Input] [2026-08-16 19:32:54.148 (UTC)] info/application	[Motor] Received distance: 16.321363647618 cm | Severity=75 | SourceName=Motor3 | EventType=application | SourceNode=ns=1;s=MotorSource3
[Anomaly Input] [2026-08-16 19:32:54.148 (UTC)] info/application	[Motor] Distance safe (41.2053065668817); rotating motor to 90 degrees | Severity=75 | SourceName=Motor2 | EventType=application | SourceNode=ns=1;s=MotorSource2
[Anomaly Input] [2026-08-16 19:32:54.148 (UTC)] info/application	[Motor] Distance safe (30.7630595833823); rotating motor to 90 degrees | Severity=75 | SourceName=Motor | EventType=application | SourceNode=ns=1;s=MotorSource
[Anomaly Input] [2026-08-16 19:32:54.148 (UTC)] warn/application	[Motor] Distance too close (16.321363647618); rotating motor to 0 degrees | Severity=175 | SourceName=Motor3 | EventType=application | SourceNode=ns=1;s=MotorSource3
[Anomaly Input] [2026-08-16 19:32:54.645 (UTC)] info/application	[Sensor] Updated distance: 42.2942928102773 cm | Severity=75 | SourceName=Sensor2 | EventType=application | SourceNode=ns=1;s=SensorSource2
[Anomaly Input] [2026-08-16 19:32:54.646 (UTC)] info/application	[Sensor] Updated distance: 15.2693416796482 cm | Severity=75 | SourceName=Sensor3 | EventType=application | SourceNode=ns=1;s=SensorSource3
[Anomaly Input] [2026-08-16 19:32:54.647 (UTC)] info/application	[Sensor] Updated distance: 31.2870232913583 cm | Severity=75 | SourceName=Sensor | EventType=application | SourceNode=ns=1;s=SensorSource
[Anomaly Input] [2026-08-16 19:32:55.142 (UTC)] info/application	[Motor] Received distance: 31.2870232913583 cm | Severity=75 | SourceName=Motor | EventType=application | SourceNode=ns=1;s=MotorSource
[Anomaly Input] [2026-08-16 19:32:55.149 (UTC)] info/application	[Motor] Received distance: 42.2942928102773 cm | Severity=75 | SourceName=Motor2 | EventType=application | SourceNode=ns=1;s=MotorSource2
[Anomaly Input] [2026-08-16 19:32:55.149 (UTC)] info/application	[Motor] Received distance: 15.2693416796482 cm | Severity=75 | SourceName=Motor3 | EventType=application | SourceNode=ns=1;s=MotorSource3
[Anomaly Input] [2026-08-16 19:32:55.142 (UTC)] info/application	[Motor] Distance safe (31.2870232913583); rotating motor to 90 degrees | Severity=75 | SourceName=Motor | EventType=application | SourceNode=ns=1;s=MotorSource
[Anomaly Input] [2026-08-16 19:32:55.149 (UTC)] info/application	[Motor] Distance safe (42.2942928102773); rotating motor to 90 degrees | Severity=75 | SourceName=Motor2 | EventType=application | SourceNode=ns=1;s=MotorSource2
[Anomaly Input] [2026-08-16 19:32:55.149 (UTC)] warn/application	[Motor] Distance too close (15.2693416796482); rotating motor to 0 degrees | Severity=175 | SourceName=Motor3 | EventType=application | SourceNode=ns=1;s=MotorSource3
[Anomaly Input] [2026-08-16 19:32:55.645 (UTC)] info/application	[Sensor] Updated distance: 41.0596743743214 cm | Severity=75 | SourceName=Sensor2 | EventType=application | SourceNode=ns=1;s=SensorSource2
[Anomaly Input] [2026-08-16 19:32:55.646 (UTC)] info/application	[Sensor] Updated distance: 14.868834178368 cm | Severity=75 | SourceName=Sensor3 | EventType=application | SourceNode=ns=1;s=SensorSource3
[Anomaly Input] [2026-08-16 19:32:55.647 (UTC)] info/application	[Sensor] Updated distance: 32.011558638891 cm | Severity=75 | SourceName=Sensor | EventType=application | SourceNode=ns=1;s=SensorSource
[Anomaly Input] [2026-08-16 19:32:56.140 (UTC)] info/application	[Motor] Received distance: 41.0596743743214 cm | Severity=75 | SourceName=Motor2 | EventType=application | SourceNode=ns=1;s=MotorSource2
[Anomaly Input] [2026-08-16 19:32:56.147 (UTC)] info/application	[Motor] Received distance: 32.011558638891 cm | Severity=75 | SourceName=Motor | EventType=application | SourceNode=ns=1;s=MotorSource
[Anomaly Input] [2026-08-16 19:32:56.149 (UTC)] info/application	[Motor] Received distance: 14.868834178368 cm | Severity=75 | SourceName=Motor3 | EventType=application | SourceNode=ns=1;s=MotorSource3
[Anomaly Input] [2026-08-16 19:32:56.140 (UTC)] info/application	[Motor] Distance safe (41.0596743743214); rotating motor to 90 degrees | Severity=75 | SourceName=Motor2 | EventType=application | SourceNode=ns=1;s=MotorSource2
[Anomaly Input] [2026-08-16 19:32:56.147 (UTC)] info/application	[Motor] Distance safe (32.011558638891); rotating motor to 90 degrees | Severity=75 | SourceName=Motor | EventType=application | SourceNode=ns=1;s=MotorSource
[Anomaly Input] [2026-08-16 19:32:56.149 (UTC)] warn/application	[Motor] Distance too close (14.868834178368); rotating motor to 0 degrees | Severity=175 | SourceName=Motor3 | EventType=application | SourceNode=ns=1;s=MotorSource3
[Anomaly Input] [2026-08-16 19:32:56.645 (UTC)] info/application	[Sensor] Updated distance: 39.9490779235257 cm | Severity=75 | SourceName=Sensor2 | EventType=application | SourceNode=ns=1;s=SensorSource2
[Anomaly Input] [2026-08-16 19:32:56.646 (UTC)] info/application	[Sensor] Updated distance: 13.5282983272468 cm | Severity=75 | SourceName=Sensor3 | EventType=application | SourceNode=ns=1;s=SensorSource3
[Anomaly Input] [2026-08-16 19:32:56.647 (UTC)] info/application	[Sensor] Updated distance: 31.6864854414885 cm | Severity=75 | SourceName=Sensor | EventType=application | SourceNode=ns=1;s=SensorSource
[Anomaly Input] [2026-08-16 19:32:57.141 (UTC)] info/application	[Motor] Received distance: 13.5282983272468 cm | Severity=75 | SourceName=Motor3 | EventType=application | SourceNode=ns=1;s=MotorSource3
[Anomaly Input] [2026-08-16 19:32:57.147 (UTC)] info/application	[Motor] Received distance: 39.9490779235257 cm | Severity=75 | SourceName=Motor2 | EventType=application | SourceNode=ns=1;s=MotorSource2
[Anomaly Input] [2026-08-16 19:32:57.147 (UTC)] info/application	[Motor] Received distance: 31.6864854414885 cm | Severity=75 | SourceName=Motor | EventType=application | SourceNode=ns=1;s=MotorSource
[Anomaly Input] [2026-08-16 19:32:57.141 (UTC)] warn/application	[Motor] Distance too close (13.5282983272468); rotating motor to 0 degrees | Severity=175 | SourceName=Motor3 | EventType=application | SourceNode=ns=1;s=MotorSource3
[Anomaly Input] [2026-08-16 19:32:57.147 (UTC)] info/application	[Motor] Distance safe (39.9490779235257); rotating motor to 90 degrees | Severity=75 | SourceName=Motor2 | EventType=application | SourceNode=ns=1;s=MotorSource2
[Anomaly Input] [2026-08-16 19:32:57.147 (UTC)] info/application	[Motor] Distance safe (31.6864854414885); rotating motor to 90 degrees | Severity=75 | SourceName=Motor | EventType=application | SourceNode=ns=1;s=MotorSource
[Anomaly Input] [2026-08-16 19:32:57.645 (UTC)] info/application	[Sensor] Updated distance: 39.9394240043776 cm | Severity=75 | SourceName=Sensor2 | EventType=application | SourceNode=ns=1;s=SensorSource2
[Anomaly Input] [2026-08-16 19:32:57.645 (UTC)] info/application	[Sensor] Updated distance: 14.1836431986576 cm | Severity=75 | SourceName=Sensor3 | EventType=application | SourceNode=ns=1;s=SensorSource3
[Anomaly Input] [2026-08-16 19:32:57.646 (UTC)] info/application	[Sensor] Updated distance: 30.6862739686325 cm | Severity=75 | SourceName=Sensor | EventType=application | SourceNode=ns=1;s=SensorSource
[Anomaly Input] [2026-08-16 19:32:58.148 (UTC)] info/application	[Motor] Received distance: 30.6862739686325 cm | Severity=75 | SourceName=Motor | EventType=application | SourceNode=ns=1;s=MotorSource
[Anomaly Input] [2026-08-16 19:32:58.148 (UTC)] info/application	[Motor] Received distance: 14.1836431986576 cm | Severity=75 | SourceName=Motor3 | EventType=application | SourceNode=ns=1;s=MotorSource3
[Anomaly Input] [2026-08-16 19:32:58.148 (UTC)] info/application	[Motor] Received distance: 39.9394240043776 cm | Severity=75 | SourceName=Motor2 | EventType=application | SourceNode=ns=1;s=MotorSource2
[Anomaly Input] [2026-08-16 19:32:58.148 (UTC)] info/application	[Motor] Distance safe (30.6862739686325); rotating motor to 90 degrees | Severity=75 | SourceName=Motor | EventType=application | SourceNode=ns=1;s=MotorSource
[Anomaly Input] [2026-08-16 19:32:58.148 (UTC)] info/application	[Motor] Distance safe (39.9394240043776); rotating motor to 90 degrees | Severity=75 | SourceName=Motor2 | EventType=application | SourceNode=ns=1;s=MotorSource2
[Anomaly Input] [2026-08-16 19:32:58.148 (UTC)] warn/application	[Motor] Distance too close (14.1836431986576); rotating motor to 0 degrees | Severity=175 | SourceName=Motor3 | EventType=application | SourceNode=ns=1;s=MotorSource3
[Anomaly Input] [2026-08-16 19:32:58.645 (UTC)] info/application	[Sensor] Updated distance: 38.6129687056472 cm | Severity=75 | SourceName=Sensor2 | EventType=application | SourceNode=ns=1;s=SensorSource2
[Anomaly Input] [2026-08-16 19:32:58.645 (UTC)] info/application	[Sensor] Updated distance: 14.7435017182694 cm | Severity=75 | SourceName=Sensor3 | EventType=application | SourceNode=ns=1;s=SensorSource3
[Anomaly Input] [2026-08-16 19:32:58.646 (UTC)] info/application	[Sensor] Updated distance: 31.9034649163501 cm | Severity=75 | SourceName=Sensor | EventType=application | SourceNode=ns=1;s=SensorSource
[Anomaly Input] [2026-08-16 19:32:59.141 (UTC)] info/application	[Motor] Received distance: 31.9034649163501 cm | Severity=75 | SourceName=Motor | EventType=application | SourceNode=ns=1;s=MotorSource
[Anomaly Input] [2026-08-16 19:32:59.148 (UTC)] info/application	[Motor] Received distance: 14.7435017182694 cm | Severity=75 | SourceName=Motor3 | EventType=application | SourceNode=ns=1;s=MotorSource3
[Anomaly Input] [2026-08-16 19:32:59.149 (UTC)] info/application	[Motor] Received distance: 38.6129687056472 cm | Severity=75 | SourceName=Motor2 | EventType=application | SourceNode=ns=1;s=MotorSource2
[Anomaly Input] [2026-08-16 19:32:59.141 (UTC)] info/application	[Motor] Distance safe (31.9034649163501); rotating motor to 90 degrees | Severity=75 | SourceName=Motor | EventType=application | SourceNode=ns=1;s=MotorSource
[Anomaly Input] [2026-08-16 19:32:59.148 (UTC)] warn/application	[Motor] Distance too close (14.7435017182694); rotating motor to 0 degrees | Severity=175 | SourceName=Motor3 | EventType=application | SourceNode=ns=1;s=MotorSource3
[Anomaly Input] [2026-08-16 19:32:59.149 (UTC)] info/application	[Motor] Distance safe (38.6129687056472); rotating motor to 90 degrees | Severity=75 | SourceName=Motor2 | EventType=application | SourceNode=ns=1;s=MotorSource2
[Anomaly Input] [2026-08-16 19:32:59.646 (UTC)] info/application	[Sensor] Updated distance: 38.443882951254 cm | Severity=75 | SourceName=Sensor2 | EventType=application | SourceNode=ns=1;s=SensorSource2
[Anomaly Input] [2026-08-16 19:32:59.646 (UTC)] info/application	[Sensor] Updated distance: 31.0738875959413 cm | Severity=75 | SourceName=Sensor | EventType=application | SourceNode=ns=1;s=SensorSource
[Anomaly Input] [2026-08-16 19:32:59.646 (UTC)] info/application	[Sensor] Updated distance: 14.9292979379787 cm | Severity=75 | SourceName=Sensor3 | EventType=application | SourceNode=ns=1;s=SensorSource3
[Anomaly Input] [2026-08-16 19:33:00.141 (UTC)] info/application	[Motor] Received distance: 38.443882951254 cm | Severity=75 | SourceName=Motor2 | EventType=application | SourceNode=ns=1;s=MotorSource2
[Anomaly Input] [2026-08-16 19:33:00.146 (UTC)] info/application	[Motor] Received distance: 31.0738875959413 cm | Severity=75 | SourceName=Motor | EventType=application | SourceNode=ns=1;s=MotorSource
[Anomaly Input] [2026-08-16 19:33:00.149 (UTC)] info/application	[Motor] Received distance: 14.9292979379787 cm | Severity=75 | SourceName=Motor3 | EventType=application | SourceNode=ns=1;s=MotorSource3
[Anomaly Input] [2026-08-16 19:33:00.141 (UTC)] info/application	[Motor] Distance safe (38.443882951254); rotating motor to 90 degrees | Severity=75 | SourceName=Motor2 | EventType=application | SourceNode=ns=1;s=MotorSource2
[Anomaly Input] [2026-08-16 19:33:00.146 (UTC)] info/application	[Motor] Distance safe (31.0738875959413); rotating motor to 90 degrees | Severity=75 | SourceName=Motor | EventType=application | SourceNode=ns=1;s=MotorSource
[Anomaly Input] [2026-08-16 19:33:00.149 (UTC)] warn/application	[Motor] Distance too close (14.9292979379787); rotating motor to 0 degrees | Severity=175 | SourceName=Motor3 | EventType=application | SourceNode=ns=1;s=MotorSource3
[Anomaly Input] [2026-08-16 19:33:00.646 (UTC)] info/application	[Sensor] Updated distance: 39.2729002962694 cm | Severity=75 | SourceName=Sensor2 | EventType=application | SourceNode=ns=1;s=SensorSource2
[Anomaly Input] [2026-08-16 19:33:00.646 (UTC)] info/application	[Sensor] Updated distance: 16.1630290810312 cm | Severity=75 | SourceName=Sensor3 | EventType=application | SourceNode=ns=1;s=SensorSource3
[Anomaly Input] [2026-08-16 19:33:00.646 (UTC)] info/application	[Sensor] Updated distance: 30.5476302528045 cm | Severity=75 | SourceName=Sensor | EventType=application | SourceNode=ns=1;s=SensorSource
[Anomaly Input] [2026-08-16 19:33:01.147 (UTC)] info/application	[Motor] Received distance: 30.5476302528045 cm | Severity=75 | SourceName=Motor | EventType=application | SourceNode=ns=1;s=MotorSource
[Anomaly Input] [2026-08-16 19:33:01.148 (UTC)] info/application	[Motor] Received distance: 39.2729002962694 cm | Severity=75 | SourceName=Motor2 | EventType=application | SourceNode=ns=1;s=MotorSource2
[Anomaly Input] [2026-08-16 19:33:01.149 (UTC)] info/application	[Motor] Received distance: 16.1630290810312 cm | Severity=75 | SourceName=Motor3 | EventType=application | SourceNode=ns=1;s=MotorSource3
[Anomaly Input] [2026-08-16 19:33:01.147 (UTC)] info/application	[Motor] Distance safe (30.5476302528045); rotating motor to 90 degrees | Severity=75 | SourceName=Motor | EventType=application | SourceNode=ns=1;s=MotorSource
[Anomaly Input] [2026-08-16 19:33:01.148 (UTC)] info/application	[Motor] Distance safe (39.2729002962694); rotating motor to 90 degrees | Severity=75 | SourceName=Motor2 | EventType=application | SourceNode=ns=1;s=MotorSource2
[Anomaly Input] [2026-08-16 19:33:01.149 (UTC)] warn/application	[Motor] Distance too close (16.1630290810312); rotating motor to 0 degrees | Severity=175 | SourceName=Motor3 | EventType=application | SourceNode=ns=1;s=MotorSource3
[Anomaly Input] [2026-08-16 19:33:01.646 (UTC)] info/application	[Sensor] Updated distance: 40.631216654848 cm | Severity=75 | SourceName=Sensor2 | EventType=application | SourceNode=ns=1;s=SensorSource2
[Anomaly Input] [2026-08-16 19:33:01.647 (UTC)] info/application	[Sensor] Updated distance: 15.0942584109 cm | Severity=75 | SourceName=Sensor3 | EventType=application | SourceNode=ns=1;s=SensorSource3
[Anomaly Input] [2026-08-16 19:33:01.647 (UTC)] info/application	[Sensor] Updated distance: 30.6460458625323 cm | Severity=75 | SourceName=Sensor | EventType=application | SourceNode=ns=1;s=SensorSource
[Anomaly Input] [2026-08-16 19:33:02.141 (UTC)] info/application	[Motor] Received distance: 15.0942584109 cm | Severity=75 | SourceName=Motor3 | EventType=application | SourceNode=ns=1;s=MotorSource3
[Anomaly Input] [2026-08-16 19:33:02.142 (UTC)] info/application	[Motor] Received distance: 30.6460458625323 cm | Severity=75 | SourceName=Motor | EventType=application | SourceNode=ns=1;s=MotorSource
[Anomaly Input] [2026-08-16 19:33:02.147 (UTC)] info/application	[Motor] Received distance: 40.631216654848 cm | Severity=75 | SourceName=Motor2 | EventType=application | SourceNode=ns=1;s=MotorSource2
[Anomaly Input] [2026-08-16 19:33:02.141 (UTC)] warn/application	[Motor] Distance too close (15.0942584109); rotating motor to 0 degrees | Severity=175 | SourceName=Motor3 | EventType=application | SourceNode=ns=1;s=MotorSource3
[Anomaly Input] [2026-08-16 19:33:02.142 (UTC)] info/application	[Motor] Distance safe (30.6460458625323); rotating motor to 90 degrees | Severity=75 | SourceName=Motor | EventType=application | SourceNode=ns=1;s=MotorSource
[Anomaly Input] [2026-08-16 19:33:02.147 (UTC)] info/application	[Motor] Distance safe (40.631216654848); rotating motor to 90 degrees | Severity=75 | SourceName=Motor2 | EventType=application | SourceNode=ns=1;s=MotorSource2
[Anomaly Input] [2026-08-16 19:33:02.646 (UTC)] info/application	[Sensor] Updated distance: 29.2691317958614 cm | Severity=75 | SourceName=Sensor | EventType=application | SourceNode=ns=1;s=SensorSource
[Anomaly Input] [2026-08-16 19:33:02.646 (UTC)] info/application	[Sensor] Updated distance: 41.8718651129734 cm | Severity=75 | SourceName=Sensor2 | EventType=application | SourceNode=ns=1;s=SensorSource2
[Anomaly Input] [2026-08-16 19:33:02.647 (UTC)] info/application	[Sensor] Updated distance: 14.4852297711117 cm | Severity=75 | SourceName=Sensor3 | EventType=application | SourceNode=ns=1;s=SensorSource3
[Anomaly Input] [2026-08-16 19:33:03.147 (UTC)] info/application	[Motor] Received distance: 29.2691317958614 cm | Severity=75 | SourceName=Motor | EventType=application | SourceNode=ns=1;s=MotorSource
[Anomaly Input] [2026-08-16 19:33:03.148 (UTC)] info/application	[Motor] Received distance: 41.8718651129734 cm | Severity=75 | SourceName=Motor2 | EventType=application | SourceNode=ns=1;s=MotorSource2
[Anomaly Input] [2026-08-16 19:33:03.148 (UTC)] info/application	[Motor] Received distance: 14.4852297711117 cm | Severity=75 | SourceName=Motor3 | EventType=application | SourceNode=ns=1;s=MotorSource3
[Anomaly Input] [2026-08-16 19:33:03.147 (UTC)] info/application	[Motor] Distance safe (29.2691317958614); rotating motor to 90 degrees | Severity=75 | SourceName=Motor | EventType=application | SourceNode=ns=1;s=MotorSource
[Anomaly Input] [2026-08-16 19:33:03.148 (UTC)] info/application	[Motor] Distance safe (41.8718651129734); rotating motor to 90 degrees | Severity=75 | SourceName=Motor2 | EventType=application | SourceNode=ns=1;s=MotorSource2
[Anomaly Input] [2026-08-16 19:33:03.148 (UTC)] warn/application	[Motor] Distance too close (14.4852297711117); rotating motor to 0 degrees | Severity=175 | SourceName=Motor3 | EventType=application | SourceNode=ns=1;s=MotorSource3
[Anomaly Input] [2026-08-16 19:33:03.646 (UTC)] info/application	[Sensor] Updated distance: 28.4512517649919 cm | Severity=75 | SourceName=Sensor | EventType=application | SourceNode=ns=1;s=SensorSource
[Anomaly Input] [2026-08-16 19:33:03.646 (UTC)] info/application	[Sensor] Updated distance: 15.7744204847954 cm | Severity=75 | SourceName=Sensor3 | EventType=application | SourceNode=ns=1;s=SensorSource3
[Anomaly Input] [2026-08-16 19:33:03.647 (UTC)] info/application	[Sensor] Updated distance: 40.5173413378733 cm | Severity=75 | SourceName=Sensor2 | EventType=application | SourceNode=ns=1;s=SensorSource2
[Anomaly Input] [2026-08-16 19:33:04.147 (UTC)] info/application	[Motor] Received distance: 28.4512517649919 cm | Severity=75 | SourceName=Motor | EventType=application | SourceNode=ns=1;s=MotorSource
[Anomaly Input] [2026-08-16 19:33:04.147 (UTC)] info/application	[Motor] Received distance: 40.5173413378733 cm | Severity=75 | SourceName=Motor2 | EventType=application | SourceNode=ns=1;s=MotorSource2
[Anomaly Input] [2026-08-16 19:33:04.148 (UTC)] info/application	[Motor] Received distance: 15.7744204847954 cm | Severity=75 | SourceName=Motor3 | EventType=application | SourceNode=ns=1;s=MotorSource3
[Anomaly Input] [2026-08-16 19:33:04.147 (UTC)] info/application	[Motor] Distance safe (28.4512517649919); rotating motor to 90 degrees | Severity=75 | SourceName=Motor | EventType=application | SourceNode=ns=1;s=MotorSource
[Anomaly Input] [2026-08-16 19:33:04.147 (UTC)] info/application	[Motor] Distance safe (40.5173413378733); rotating motor to 90 degrees | Severity=75 | SourceName=Motor2 | EventType=application | SourceNode=ns=1;s=MotorSource2
[Anomaly Input] [2026-08-16 19:33:04.148 (UTC)] warn/application	[Motor] Distance too close (15.7744204847954); rotating motor to 0 degrees | Severity=175 | SourceName=Motor3 | EventType=application | SourceNode=ns=1;s=MotorSource3
[Anomaly Input] [2026-08-16 19:33:04.646 (UTC)] info/application	[Sensor] Updated distance: 41.4827998950998 cm | Severity=75 | SourceName=Sensor2 | EventType=application | SourceNode=ns=1;s=SensorSource2
[Anomaly Input] [2026-08-16 19:33:04.646 (UTC)] info/application	[Sensor] Updated distance: 15.3096403935038 cm | Severity=75 | SourceName=Sensor3 | EventType=application | SourceNode=ns=1;s=SensorSource3
[Anomaly Input] [2026-08-16 19:33:04.647 (UTC)] info/application	[Sensor] Updated distance: 29.1348410838446 cm | Severity=75 | SourceName=Sensor | EventType=application | SourceNode=ns=1;s=SensorSource
[Anomaly Input] [2026-08-16 19:33:05.148 (UTC)] info/application	[Motor] Received distance: 41.4827998950998 cm | Severity=75 | SourceName=Motor2 | EventType=application | SourceNode=ns=1;s=MotorSource2
[Anomaly Input] [2026-08-16 19:33:05.148 (UTC)] info/application	[Motor] Received distance: 29.1348410838446 cm | Severity=75 | SourceName=Motor | EventType=application | SourceNode=ns=1;s=MotorSource
[Anomaly Input] [2026-08-16 19:33:05.148 (UTC)] info/application	[Motor] Received distance: 15.3096403935038 cm | Severity=75 | SourceName=Motor3 | EventType=application | SourceNode=ns=1;s=MotorSource3
[Anomaly Input] [2026-08-16 19:33:05.148 (UTC)] info/application	[Motor] Distance safe (41.4827998950998); rotating motor to 90 degrees | Severity=75 | SourceName=Motor2 | EventType=application | SourceNode=ns=1;s=MotorSource2
[Anomaly Input] [2026-08-16 19:33:05.148 (UTC)] info/application	[Motor] Distance safe (29.1348410838446); rotating motor to 90 degrees | Severity=75 | SourceName=Motor | EventType=application | SourceNode=ns=1;s=MotorSource
[Anomaly Input] [2026-08-16 19:33:05.148 (UTC)] warn/application	[Motor] Distance too close (15.3096403935038); rotating motor to 0 degrees | Severity=175 | SourceName=Motor3 | EventType=application | SourceNode=ns=1;s=MotorSource3
[Anomaly Input] [2026-08-16 19:33:05.646 (UTC)] info/application	[Sensor] Updated distance: 42.9626997979185 cm | Severity=75 | SourceName=Sensor2 | EventType=application | SourceNode=ns=1;s=SensorSource2
[Anomaly Input] [2026-08-16 19:33:05.646 (UTC)] info/application	[Sensor] Updated distance: 16.3148306917002 cm | Severity=75 | SourceName=Sensor3 | EventType=application | SourceNode=ns=1;s=SensorSource3
[Anomaly Input] [2026-08-16 19:33:05.647 (UTC)] info/application	[Sensor] Updated distance: 29.2817042671525 cm | Severity=75 | SourceName=Sensor | EventType=application | SourceNode=ns=1;s=SensorSource
[Anomaly Input] [2026-08-16 19:33:06.142 (UTC)] info/application	[Motor] Received distance: 29.2817042671525 cm | Severity=75 | SourceName=Motor | EventType=application | SourceNode=ns=1;s=MotorSource
[Anomaly Input] [2026-08-16 19:33:06.148 (UTC)] info/application	[Motor] Received distance: 42.9626997979185 cm | Severity=75 | SourceName=Motor2 | EventType=application | SourceNode=ns=1;s=MotorSource2
[Anomaly Input] [2026-08-16 19:33:06.149 (UTC)] info/application	[Motor] Received distance: 16.3148306917002 cm | Severity=75 | SourceName=Motor3 | EventType=application | SourceNode=ns=1;s=MotorSource3
[Anomaly Input] [2026-08-16 19:33:06.142 (UTC)] info/application	[Motor] Distance safe (29.2817042671525); rotating motor to 90 degrees | Severity=75 | SourceName=Motor | EventType=application | SourceNode=ns=1;s=MotorSource
[Anomaly Input] [2026-08-16 19:33:06.148 (UTC)] info/application	[Motor] Distance safe (42.9626997979185); rotating motor to 90 degrees | Severity=75 | SourceName=Motor2 | EventType=application | SourceNode=ns=1;s=MotorSource2
[Anomaly Input] [2026-08-16 19:33:06.149 (UTC)] warn/application	[Motor] Distance too close (16.3148306917002); rotating motor to 0 degrees | Severity=175 | SourceName=Motor3 | EventType=application | SourceNode=ns=1;s=MotorSource3
[Anomaly Input] [2026-08-16 19:33:06.646 (UTC)] info/application	[Sensor] Updated distance: 43.4640592187476 cm | Severity=75 | SourceName=Sensor2 | EventType=application | SourceNode=ns=1;s=SensorSource2
[Anomaly Input] [2026-08-16 19:33:06.646 (UTC)] info/application	[Sensor] Updated distance: 29.177324100713 cm | Severity=75 | SourceName=Sensor | EventType=application | SourceNode=ns=1;s=SensorSource
[Anomaly Input] [2026-08-16 19:33:06.647 (UTC)] info/application	[Sensor] Updated distance: 14.8846636239368 cm | Severity=75 | SourceName=Sensor3 | EventType=application | SourceNode=ns=1;s=SensorSource3
[Anomaly Input] [2026-08-16 19:33:07.141 (UTC)] info/application	[Motor] Received distance: 43.4640592187476 cm | Severity=75 | SourceName=Motor2 | EventType=application | SourceNode=ns=1;s=MotorSource2
[Anomaly Input] [2026-08-16 19:33:07.146 (UTC)] info/application	[Motor] Received distance: 29.177324100713 cm | Severity=75 | SourceName=Motor | EventType=application | SourceNode=ns=1;s=MotorSource
[Anomaly Input] [2026-08-16 19:33:07.149 (UTC)] info/application	[Motor] Received distance: 14.8846636239368 cm | Severity=75 | SourceName=Motor3 | EventType=application | SourceNode=ns=1;s=MotorSource3
[Anomaly Input] [2026-08-16 19:33:07.141 (UTC)] info/application	[Motor] Distance safe (43.4640592187476); rotating motor to 90 degrees | Severity=75 | SourceName=Motor2 | EventType=application | SourceNode=ns=1;s=MotorSource2
[Anomaly Input] [2026-08-16 19:33:07.146 (UTC)] info/application	[Motor] Distance safe (29.177324100713); rotating motor to 90 degrees | Severity=75 | SourceName=Motor | EventType=application | SourceNode=ns=1;s=MotorSource
[Anomaly Input] [2026-08-16 19:33:07.149 (UTC)] warn/application	[Motor] Distance too close (14.8846636239368); rotating motor to 0 degrees | Severity=175 | SourceName=Motor3 | EventType=application | SourceNode=ns=1;s=MotorSource3
[Anomaly Input] [2026-08-16 19:33:07.647 (UTC)] info/application	[Sensor] Updated distance: 43.2794486723279 cm | Severity=75 | SourceName=Sensor2 | EventType=application | SourceNode=ns=1;s=SensorSource2
[Anomaly Input] [2026-08-16 19:33:07.647 (UTC)] info/application	[Sensor] Updated distance: 15.6558633733801 cm | Severity=75 | SourceName=Sensor3 | EventType=application | SourceNode=ns=1;s=SensorSource3
[Anomaly Input] [2026-08-16 19:33:07.647 (UTC)] info/application	[Sensor] Updated distance: 28.381233781288 cm | Severity=75 | SourceName=Sensor | EventType=application | SourceNode=ns=1;s=SensorSource
[Anomaly Input] [2026-08-16 19:33:08.146 (UTC)] info/application	[Motor] Received distance: 28.381233781288 cm | Severity=75 | SourceName=Motor | EventType=application | SourceNode=ns=1;s=MotorSource
[Anomaly Input] [2026-08-16 19:33:08.148 (UTC)] info/application	[Motor] Received distance: 43.2794486723279 cm | Severity=75 | SourceName=Motor2 | EventType=application | SourceNode=ns=1;s=MotorSource2
[Anomaly Input] [2026-08-16 19:33:08.149 (UTC)] info/application	[Motor] Received distance: 15.6558633733801 cm | Severity=75 | SourceName=Motor3 | EventType=application | SourceNode=ns=1;s=MotorSource3
[Anomaly Input] [2026-08-16 19:33:08.146 (UTC)] info/application	[Motor] Distance safe (28.381233781288); rotating motor to 90 degrees | Severity=75 | SourceName=Motor | EventType=application | SourceNode=ns=1;s=MotorSource
[Anomaly Input] [2026-08-16 19:33:08.148 (UTC)] info/application	[Motor] Distance safe (43.2794486723279); rotating motor to 90 degrees | Severity=75 | SourceName=Motor2 | EventType=application | SourceNode=ns=1;s=MotorSource2
[Anomaly Input] [2026-08-16 19:33:08.149 (UTC)] warn/application	[Motor] Distance too close (15.6558633733801); rotating motor to 0 degrees | Severity=175 | SourceName=Motor3 | EventType=application | SourceNode=ns=1;s=MotorSource3
[Anomaly Input] [2026-08-16 19:33:08.647 (UTC)] info/application	[Sensor] Updated distance: 44.3341874218705 cm | Severity=75 | SourceName=Sensor2 | EventType=application | SourceNode=ns=1;s=SensorSource2
[Anomaly Input] [2026-08-16 19:33:08.647 (UTC)] info/application	[Sensor] Updated distance: 28.835615995962 cm | Severity=75 | SourceName=Sensor | EventType=application | SourceNode=ns=1;s=SensorSource
[Anomaly Input] [2026-08-16 19:33:08.647 (UTC)] info/application	[Sensor] Updated distance: 14.7229376827473 cm | Severity=75 | SourceName=Sensor3 | EventType=application | SourceNode=ns=1;s=SensorSource3
[Anomaly Input] [2026-08-16 19:33:09.142 (UTC)] info/application	[Motor] Received distance: 14.7229376827473 cm | Severity=75 | SourceName=Motor3 | EventType=application | SourceNode=ns=1;s=MotorSource3
[Anomaly Input] [2026-08-16 19:33:09.147 (UTC)] info/application	[Motor] Received distance: 28.835615995962 cm | Severity=75 | SourceName=Motor | EventType=application | SourceNode=ns=1;s=MotorSource
[Anomaly Input] [2026-08-16 19:33:09.148 (UTC)] info/application	[Motor] Received distance: 44.3341874218705 cm | Severity=75 | SourceName=Motor2 | EventType=application | SourceNode=ns=1;s=MotorSource2
[Anomaly Input] [2026-08-16 19:33:09.142 (UTC)] warn/application	[Motor] Distance too close (14.7229376827473); rotating motor to 0 degrees | Severity=175 | SourceName=Motor3 | EventType=application | SourceNode=ns=1;s=MotorSource3
[Anomaly Input] [2026-08-16 19:33:09.147 (UTC)] info/application	[Motor] Distance safe (28.835615995962); rotating motor to 90 degrees | Severity=75 | SourceName=Motor | EventType=application | SourceNode=ns=1;s=MotorSource
[Anomaly Input] [2026-08-16 19:33:09.148 (UTC)] info/application	[Motor] Distance safe (44.3341874218705); rotating motor to 90 degrees | Severity=75 | SourceName=Motor2 | EventType=application | SourceNode=ns=1;s=MotorSource2
[Anomaly Input] [2026-08-16 19:33:09.647 (UTC)] info/application	[Sensor] Updated distance: 30.1251145001152 cm | Severity=75 | SourceName=Sensor | EventType=application | SourceNode=ns=1;s=SensorSource
[Anomaly Input] [2026-08-16 19:33:09.647 (UTC)] info/application	[Sensor] Updated distance: 45.3814081421036 cm | Severity=75 | SourceName=Sensor2 | EventType=application | SourceNode=ns=1;s=SensorSource2
[Anomaly Input] [2026-08-16 19:33:09.647 (UTC)] info/application	[Sensor] Updated distance: 16.0231129769343 cm | Severity=75 | SourceName=Sensor3 | EventType=application | SourceNode=ns=1;s=SensorSource3
[Anomaly Input] [2026-08-16 19:33:10.147 (UTC)] info/application	[Motor] Received distance: 30.1251145001152 cm | Severity=75 | SourceName=Motor | EventType=application | SourceNode=ns=1;s=MotorSource
[Anomaly Input] [2026-08-16 19:33:10.148 (UTC)] info/application	[Motor] Received distance: 45.3814081421036 cm | Severity=75 | SourceName=Motor2 | EventType=application | SourceNode=ns=1;s=MotorSource2
[Anomaly Input] [2026-08-16 19:33:10.148 (UTC)] info/application	[Motor] Received distance: 16.0231129769343 cm | Severity=75 | SourceName=Motor3 | EventType=application | SourceNode=ns=1;s=MotorSource3
[Anomaly Input] [2026-08-16 19:33:10.147 (UTC)] info/application	[Motor] Distance safe (30.1251145001152); rotating motor to 90 degrees | Severity=75 | SourceName=Motor | EventType=application | SourceNode=ns=1;s=MotorSource
[Anomaly Input] [2026-08-16 19:33:10.148 (UTC)] info/application	[Motor] Distance safe (45.3814081421036); rotating motor to 90 degrees | Severity=75 | SourceName=Motor2 | EventType=application | SourceNode=ns=1;s=MotorSource2
[Anomaly Input] [2026-08-16 19:33:10.148 (UTC)] warn/application	[Motor] Distance too close (16.0231129769343); rotating motor to 0 degrees | Severity=175 | SourceName=Motor3 | EventType=application | SourceNode=ns=1;s=MotorSource3
[Anomaly Input] [2026-08-16 19:33:10.648 (UTC)] info/application	[Sensor] Updated distance: 30.9352217840195 cm | Severity=75 | SourceName=Sensor | EventType=application | SourceNode=ns=1;s=SensorSource
[Anomaly Input] [2026-08-16 19:33:10.648 (UTC)] info/application	[Sensor] Updated distance: 46.410842317115 cm | Severity=75 | SourceName=Sensor2 | EventType=application | SourceNode=ns=1;s=SensorSource2
[Anomaly Input] [2026-08-16 19:33:10.648 (UTC)] info/application	[Sensor] Updated distance: 15.8801018299442 cm | Severity=75 | SourceName=Sensor3 | EventType=application | SourceNode=ns=1;s=SensorSource3
[Anomaly Input] [2026-08-16 19:33:11.148 (UTC)] info/application	[Motor] Received distance: 46.410842317115 cm | Severity=75 | SourceName=Motor2 | EventType=application | SourceNode=ns=1;s=MotorSource2
[Anomaly Input] [2026-08-16 19:33:11.148 (UTC)] info/application	[Motor] Received distance: 30.9352217840195 cm | Severity=75 | SourceName=Motor | EventType=application | SourceNode=ns=1;s=MotorSource
[Anomaly Input] [2026-08-16 19:33:11.148 (UTC)] info/application	[Motor] Received distance: 15.8801018299442 cm | Severity=75 | SourceName=Motor3 | EventType=application | SourceNode=ns=1;s=MotorSource3
[Anomaly Input] [2026-08-16 19:33:11.148 (UTC)] info/application	[Motor] Distance safe (46.410842317115); rotating motor to 90 degrees | Severity=75 | SourceName=Motor2 | EventType=application | SourceNode=ns=1;s=MotorSource2
[Anomaly Input] [2026-08-16 19:33:11.148 (UTC)] warn/application	[Motor] Distance too close (15.8801018299442); rotating motor to 0 degrees | Severity=175 | SourceName=Motor3 | EventType=application | SourceNode=ns=1;s=MotorSource3
[Anomaly Input] [2026-08-16 19:33:11.148 (UTC)] info/application	[Motor] Distance safe (30.9352217840195); rotating motor to 90 degrees | Severity=75 | SourceName=Motor | EventType=application | SourceNode=ns=1;s=MotorSource
[Anomaly Input] [2026-08-16 19:33:11.648 (UTC)] info/application	[Sensor] Updated distance: 45.5949106847844 cm | Severity=75 | SourceName=Sensor2 | EventType=application | SourceNode=ns=1;s=SensorSource2
[Anomaly Input] [2026-08-16 19:33:11.648 (UTC)] info/application	[Sensor] Updated distance: 29.5528940095347 cm | Severity=75 | SourceName=Sensor | EventType=application | SourceNode=ns=1;s=SensorSource
[Anomaly Input] [2026-08-16 19:33:11.648 (UTC)] info/application	[Sensor] Updated distance: 15.7851808717405 cm | Severity=75 | SourceName=Sensor3 | EventType=application | SourceNode=ns=1;s=SensorSource3
[Anomaly Input] [2026-08-16 19:33:12.144 (UTC)] info/application	[Motor] Received distance: 29.5528940095347 cm | Severity=75 | SourceName=Motor | EventType=application | SourceNode=ns=1;s=MotorSource
[Anomaly Input] [2026-08-16 19:33:12.144 (UTC)] info/application	[Motor] Received distance: 45.5949106847844 cm | Severity=75 | SourceName=Motor2 | EventType=application | SourceNode=ns=1;s=MotorSource2
[Anomaly Input] [2026-08-16 19:33:12.149 (UTC)] info/application	[Motor] Received distance: 15.7851808717405 cm | Severity=75 | SourceName=Motor3 | EventType=application | SourceNode=ns=1;s=MotorSource3
[Anomaly Input] [2026-08-16 19:33:12.144 (UTC)] info/application	[Motor] Distance safe (29.5528940095347); rotating motor to 90 degrees | Severity=75 | SourceName=Motor | EventType=application | SourceNode=ns=1;s=MotorSource
[Anomaly Input] [2026-08-16 19:33:12.144 (UTC)] info/application	[Motor] Distance safe (45.5949106847844); rotating motor to 90 degrees | Severity=75 | SourceName=Motor2 | EventType=application | SourceNode=ns=1;s=MotorSource2
[Anomaly Input] [2026-08-16 19:33:12.149 (UTC)] warn/application	[Motor] Distance too close (15.7851808717405); rotating motor to 0 degrees | Severity=175 | SourceName=Motor3 | EventType=application | SourceNode=ns=1;s=MotorSource3
[Anomaly Input] [2026-08-16 19:33:12.648 (UTC)] info/application	[Sensor] Updated distance: 14.4924564915674 cm | Severity=75 | SourceName=Sensor3 | EventType=application | SourceNode=ns=1;s=SensorSource3
[Anomaly Input] [2026-08-16 19:33:12.649 (UTC)] info/application	[Sensor] Updated distance: 44.7793221838211 cm | Severity=75 | SourceName=Sensor2 | EventType=application | SourceNode=ns=1;s=SensorSource2
[Anomaly Input] [2026-08-16 19:33:12.649 (UTC)] info/application	[Sensor] Updated distance: 30.3857527193082 cm | Severity=75 | SourceName=Sensor | EventType=application | SourceNode=ns=1;s=SensorSource
[Anomaly Input] [2026-08-16 19:33:13.146 (UTC)] info/application	[Motor] Received distance: 30.3857527193082 cm | Severity=75 | SourceName=Motor | EventType=application | SourceNode=ns=1;s=MotorSource
[Anomaly Input] [2026-08-16 19:33:13.147 (UTC)] info/application	[Motor] Received distance: 44.7793221838211 cm | Severity=75 | SourceName=Motor2 | EventType=application | SourceNode=ns=1;s=MotorSource2
[Anomaly Input] [2026-08-16 19:33:13.149 (UTC)] info/application	[Motor] Received distance: 14.4924564915674 cm | Severity=75 | SourceName=Motor3 | EventType=application | SourceNode=ns=1;s=MotorSource3
[Anomaly Input] [2026-08-16 19:33:13.146 (UTC)] info/application	[Motor] Distance safe (30.3857527193082); rotating motor to 90 degrees | Severity=75 | SourceName=Motor | EventType=application | SourceNode=ns=1;s=MotorSource
[Anomaly Input] [2026-08-16 19:33:13.147 (UTC)] info/application	[Motor] Distance safe (44.7793221838211); rotating motor to 90 degrees | Severity=75 | SourceName=Motor2 | EventType=application | SourceNode=ns=1;s=MotorSource2
[Anomaly Input] [2026-08-16 19:33:13.149 (UTC)] warn/application	[Motor] Distance too close (14.4924564915674); rotating motor to 0 degrees | Severity=175 | SourceName=Motor3 | EventType=application | SourceNode=ns=1;s=MotorSource3
[Anomaly Input] [2026-08-16 19:33:13.649 (UTC)] info/application	[Sensor] Updated distance: 31.8170982631003 cm | Severity=75 | SourceName=Sensor | EventType=application | SourceNode=ns=1;s=SensorSource
[Anomaly Input] [2026-08-16 19:33:13.649 (UTC)] info/application	[Sensor] Updated distance: 43.4593103152976 cm | Severity=75 | SourceName=Sensor2 | EventType=application | SourceNode=ns=1;s=SensorSource2
[Anomaly Input] [2026-08-16 19:33:13.649 (UTC)] info/application	[Sensor] Updated distance: 13.2527045799665 cm | Severity=75 | SourceName=Sensor3 | EventType=application | SourceNode=ns=1;s=SensorSource3
[Anomaly Input] [2026-08-16 19:33:14.147 (UTC)] info/application	[Motor] Received distance: 31.8170982631003 cm | Severity=75 | SourceName=Motor | EventType=application | SourceNode=ns=1;s=MotorSource
[Anomaly Input] [2026-08-16 19:33:14.148 (UTC)] info/application	[Motor] Received distance: 43.4593103152976 cm | Severity=75 | SourceName=Motor2 | EventType=application | SourceNode=ns=1;s=MotorSource2
[Anomaly Input] [2026-08-16 19:33:14.148 (UTC)] info/application	[Motor] Received distance: 13.2527045799665 cm | Severity=75 | SourceName=Motor3 | EventType=application | SourceNode=ns=1;s=MotorSource3
[Anomaly Input] [2026-08-16 19:33:14.147 (UTC)] info/application	[Motor] Distance safe (31.8170982631003); rotating motor to 90 degrees | Severity=75 | SourceName=Motor | EventType=application | SourceNode=ns=1;s=MotorSource
[Anomaly Input] [2026-08-16 19:33:14.148 (UTC)] info/application	[Motor] Distance safe (43.4593103152976); rotating motor to 90 degrees | Severity=75 | SourceName=Motor2 | EventType=application | SourceNode=ns=1;s=MotorSource2
[Anomaly Input] [2026-08-16 19:33:14.148 (UTC)] warn/application	[Motor] Distance too close (13.2527045799665); rotating motor to 0 degrees | Severity=175 | SourceName=Motor3 | EventType=application | SourceNode=ns=1;s=MotorSource3
[Anomaly Input] [2026-08-16 19:33:14.649 (UTC)] info/application	[Sensor] Updated distance: 43.7418434499958 cm | Severity=75 | SourceName=Sensor2 | EventType=application | SourceNode=ns=1;s=SensorSource2
[Anomaly Input] [2026-08-16 19:33:14.650 (UTC)] info/application	[Sensor] Updated distance: 11.7818215025038 cm | Severity=75 | SourceName=Sensor3 | EventType=application | SourceNode=ns=1;s=SensorSource3
[Anomaly Input] [2026-08-16 19:33:14.650 (UTC)] info/application	[Sensor] Updated distance: 33.0758844709843 cm | Severity=75 | SourceName=Sensor | EventType=application | SourceNode=ns=1;s=SensorSource
[Anomaly Input] [2026-08-16 19:33:15.147 (UTC)] info/application	[Motor] Received distance: 33.0758844709843 cm | Severity=75 | SourceName=Motor | EventType=application | SourceNode=ns=1;s=MotorSource
[Anomaly Input] [2026-08-16 19:33:15.148 (UTC)] info/application	[Motor] Received distance: 43.7418434499958 cm | Severity=75 | SourceName=Motor2 | EventType=application | SourceNode=ns=1;s=MotorSource2
[Anomaly Input] [2026-08-16 19:33:15.148 (UTC)] info/application	[Motor] Received distance: 11.7818215025038 cm | Severity=75 | SourceName=Motor3 | EventType=application | SourceNode=ns=1;s=MotorSource3
[Anomaly Input] [2026-08-16 19:33:15.147 (UTC)] info/application	[Motor] Distance safe (33.0758844709843); rotating motor to 90 degrees | Severity=75 | SourceName=Motor | EventType=application | SourceNode=ns=1;s=MotorSource
[Anomaly Input] [2026-08-16 19:33:15.148 (UTC)] info/application	[Motor] Distance safe (43.7418434499958); rotating motor to 90 degrees | Severity=75 | SourceName=Motor2 | EventType=application | SourceNode=ns=1;s=MotorSource2
[Anomaly Input] [2026-08-16 19:33:15.148 (UTC)] warn/application	[Motor] Distance too close (11.7818215025038); rotating motor to 0 degrees | Severity=175 | SourceName=Motor3 | EventType=application | SourceNode=ns=1;s=MotorSource3
[Anomaly Input] [2026-08-16 19:33:15.649 (UTC)] info/application	[Sensor] Updated distance: 43.3165314050003 cm | Severity=75 | SourceName=Sensor2 | EventType=application | SourceNode=ns=1;s=SensorSource2
[Anomaly Input] [2026-08-16 19:33:15.649 (UTC)] info/application	[Sensor] Updated distance: 34.1910718312446 cm | Severity=75 | SourceName=Sensor | EventType=application | SourceNode=ns=1;s=SensorSource
[Anomaly Input] [2026-08-16 19:33:15.650 (UTC)] info/application	[Sensor] Updated distance: 12.1146922251744 cm | Severity=75 | SourceName=Sensor3 | EventType=application | SourceNode=ns=1;s=SensorSource3
[Anomaly Input] [2026-08-16 19:33:16.144 (UTC)] info/application	[Motor] Received distance: 43.3165314050003 cm | Severity=75 | SourceName=Motor2 | EventType=application | SourceNode=ns=1;s=MotorSource2
[Anomaly Input] [2026-08-16 19:33:16.145 (UTC)] info/application	[Motor] Received distance: 34.1910718312446 cm | Severity=75 | SourceName=Motor | EventType=application | SourceNode=ns=1;s=MotorSource
[Anomaly Input] [2026-08-16 19:33:16.149 (UTC)] info/application	[Motor] Received distance: 12.1146922251744 cm | Severity=75 | SourceName=Motor3 | EventType=application | SourceNode=ns=1;s=MotorSource3
[Anomaly Input] [2026-08-16 19:33:16.144 (UTC)] info/application	[Motor] Distance safe (43.3165314050003); rotating motor to 90 degrees | Severity=75 | SourceName=Motor2 | EventType=application | SourceNode=ns=1;s=MotorSource2
[Anomaly Input] [2026-08-16 19:33:16.145 (UTC)] info/application	[Motor] Distance safe (34.1910718312446); rotating motor to 90 degrees | Severity=75 | SourceName=Motor | EventType=application | SourceNode=ns=1;s=MotorSource
[Anomaly Input] [2026-08-16 19:33:16.149 (UTC)] warn/application	[Motor] Distance too close (12.1146922251744); rotating motor to 0 degrees | Severity=175 | SourceName=Motor3 | EventType=application | SourceNode=ns=1;s=MotorSource3
[Anomaly Input] [2026-08-16 19:33:16.649 (UTC)] info/application	[Sensor] Updated distance: 41.9163150775323 cm | Severity=75 | SourceName=Sensor2 | EventType=application | SourceNode=ns=1;s=SensorSource2
[Anomaly Input] [2026-08-16 19:33:16.649 (UTC)] info/application	[Sensor] Updated distance: 33.5563734593132 cm | Severity=75 | SourceName=Sensor | EventType=application | SourceNode=ns=1;s=SensorSource
[Anomaly Input] [2026-08-16 19:33:16.650 (UTC)] info/application	[Sensor] Updated distance: 13.3310342299896 cm | Severity=75 | SourceName=Sensor3 | EventType=application | SourceNode=ns=1;s=SensorSource3
[Anomaly Input] [2026-08-16 19:33:17.146 (UTC)] info/application	[Motor] Received distance: 33.5563734593132 cm | Severity=75 | SourceName=Motor | EventType=application | SourceNode=ns=1;s=MotorSource
[Anomaly Input] [2026-08-16 19:33:17.147 (UTC)] info/application	[Motor] Received distance: 41.9163150775323 cm | Severity=75 | SourceName=Motor2 | EventType=application | SourceNode=ns=1;s=MotorSource2
[Anomaly Input] [2026-08-16 19:33:17.148 (UTC)] info/application	[Motor] Received distance: 13.3310342299896 cm | Severity=75 | SourceName=Motor3 | EventType=application | SourceNode=ns=1;s=MotorSource3
[Anomaly Input] [2026-08-16 19:33:17.146 (UTC)] info/application	[Motor] Distance safe (33.5563734593132); rotating motor to 90 degrees | Severity=75 | SourceName=Motor | EventType=application | SourceNode=ns=1;s=MotorSource
[Anomaly Input] [2026-08-16 19:33:17.147 (UTC)] info/application	[Motor] Distance safe (41.9163150775323); rotating motor to 90 degrees | Severity=75 | SourceName=Motor2 | EventType=application | SourceNode=ns=1;s=MotorSource2
[Anomaly Input] [2026-08-16 19:33:17.148 (UTC)] warn/application	[Motor] Distance too close (13.3310342299896); rotating motor to 0 degrees | Severity=175 | SourceName=Motor3 | EventType=application | SourceNode=ns=1;s=MotorSource3
[Anomaly Input] [2026-08-16 19:33:17.649 (UTC)] info/application	[Sensor] Updated distance: 40.7260676276526 cm | Severity=75 | SourceName=Sensor2 | EventType=application | SourceNode=ns=1;s=SensorSource2
[Anomaly Input] [2026-08-16 19:33:17.649 (UTC)] info/application	[Sensor] Updated distance: 32.3523492814751 cm | Severity=75 | SourceName=Sensor | EventType=application | SourceNode=ns=1;s=SensorSource
[Anomaly Input] [2026-08-16 19:33:17.649 (UTC)] info/application	[Sensor] Updated distance: 12.5401642716211 cm | Severity=75 | SourceName=Sensor3 | EventType=application | SourceNode=ns=1;s=SensorSource3
[Anomaly Input] [2026-08-16 19:33:18.147 (UTC)] info/application	[Motor] Received distance: 32.3523492814751 cm | Severity=75 | SourceName=Motor | EventType=application | SourceNode=ns=1;s=MotorSource
[Anomaly Input] [2026-08-16 19:33:18.148 (UTC)] info/application	[Motor] Received distance: 12.5401642716211 cm | Severity=75 | SourceName=Motor3 | EventType=application | SourceNode=ns=1;s=MotorSource3
[Anomaly Input] [2026-08-16 19:33:18.148 (UTC)] info/application	[Motor] Received distance: 40.7260676276526 cm | Severity=75 | SourceName=Motor2 | EventType=application | SourceNode=ns=1;s=MotorSource2
[Anomaly Input] [2026-08-16 19:33:18.147 (UTC)] info/application	[Motor] Distance safe (32.3523492814751); rotating motor to 90 degrees | Severity=75 | SourceName=Motor | EventType=application | SourceNode=ns=1;s=MotorSource
[Anomaly Input] [2026-08-16 19:33:18.148 (UTC)] warn/application	[Motor] Distance too close (12.5401642716211); rotating motor to 0 degrees | Severity=175 | SourceName=Motor3 | EventType=application | SourceNode=ns=1;s=MotorSource3
[Anomaly Input] [2026-08-16 19:33:18.148 (UTC)] info/application	[Motor] Distance safe (40.7260676276526); rotating motor to 90 degrees | Severity=75 | SourceName=Motor2 | EventType=application | SourceNode=ns=1;s=MotorSource2
[Anomaly Input] [2026-08-16 19:33:18.649 (UTC)] info/application	[Sensor] Updated distance: 32.7260665759566 cm | Severity=75 | SourceName=Sensor | EventType=application | SourceNode=ns=1;s=SensorSource
[Anomaly Input] [2026-08-16 19:33:18.649 (UTC)] info/application	[Sensor] Updated distance: 41.3944838912667 cm | Severity=75 | SourceName=Sensor2 | EventType=application | SourceNode=ns=1;s=SensorSource2
[Anomaly Input] [2026-08-16 19:33:18.649 (UTC)] info/application	[Sensor] Updated distance: 11.7557384908459 cm | Severity=75 | SourceName=Sensor3 | EventType=application | SourceNode=ns=1;s=SensorSource3
[Anomaly Input] [2026-08-16 19:33:19.148 (UTC)] info/application	[Motor] Received distance: 32.7260665759566 cm | Severity=75 | SourceName=Motor | EventType=application | SourceNode=ns=1;s=MotorSource
[Anomaly Input] [2026-08-16 19:33:19.148 (UTC)] info/application	[Motor] Received distance: 11.7557384908459 cm | Severity=75 | SourceName=Motor3 | EventType=application | SourceNode=ns=1;s=MotorSource3
[Anomaly Input] [2026-08-16 19:33:19.148 (UTC)] info/application	[Motor] Received distance: 41.3944838912667 cm | Severity=75 | SourceName=Motor2 | EventType=application | SourceNode=ns=1;s=MotorSource2
[Anomaly Input] [2026-08-16 19:33:19.148 (UTC)] info/application	[Motor] Distance safe (32.7260665759566); rotating motor to 90 degrees | Severity=75 | SourceName=Motor | EventType=application | SourceNode=ns=1;s=MotorSource
[Anomaly Input] [2026-08-16 19:33:19.148 (UTC)] warn/application	[Motor] Distance too close (11.7557384908459); rotating motor to 0 degrees | Severity=175 | SourceName=Motor3 | EventType=application | SourceNode=ns=1;s=MotorSource3
[Anomaly Input] [2026-08-16 19:33:19.148 (UTC)] info/application	[Motor] Distance safe (41.3944838912667); rotating motor to 90 degrees | Severity=75 | SourceName=Motor2 | EventType=application | SourceNode=ns=1;s=MotorSource2
[Anomaly Input] [2026-08-16 19:33:19.649 (UTC)] info/application	[Sensor] Updated distance: 11.1260727225458 cm | Severity=75 | SourceName=Sensor3 | EventType=application | SourceNode=ns=1;s=SensorSource3
[Anomaly Input] [2026-08-16 19:33:19.649 (UTC)] info/application	[Sensor] Updated distance: 32.5591024991866 cm | Severity=75 | SourceName=Sensor | EventType=application | SourceNode=ns=1;s=SensorSource
[Anomaly Input] [2026-08-16 19:33:19.649 (UTC)] info/application	[Sensor] Updated distance: 40.3792572502882 cm | Severity=75 | SourceName=Sensor2 | EventType=application | SourceNode=ns=1;s=SensorSource2
[Anomaly Input] [2026-08-16 19:33:20.145 (UTC)] info/application	[Motor] Received distance: 40.3792572502882 cm | Severity=75 | SourceName=Motor2 | EventType=application | SourceNode=ns=1;s=MotorSource2
[Anomaly Input] [2026-08-16 19:33:20.148 (UTC)] info/application	[Motor] Received distance: 32.5591024991866 cm | Severity=75 | SourceName=Motor | EventType=application | SourceNode=ns=1;s=MotorSource
[Anomaly Input] [2026-08-16 19:33:20.149 (UTC)] info/application	[Motor] Received distance: 11.1260727225458 cm | Severity=75 | SourceName=Motor3 | EventType=application | SourceNode=ns=1;s=MotorSource3
[Anomaly Input] [2026-08-16 19:33:20.145 (UTC)] info/application	[Motor] Distance safe (40.3792572502882); rotating motor to 90 degrees | Severity=75 | SourceName=Motor2 | EventType=application | SourceNode=ns=1;s=MotorSource2
[Anomaly Input] [2026-08-16 19:33:20.148 (UTC)] info/application	[Motor] Distance safe (32.5591024991866); rotating motor to 90 degrees | Severity=75 | SourceName=Motor | EventType=application | SourceNode=ns=1;s=MotorSource
[Anomaly Input] [2026-08-16 19:33:20.149 (UTC)] warn/application	[Motor] Distance too close (11.1260727225458); rotating motor to 0 degrees | Severity=175 | SourceName=Motor3 | EventType=application | SourceNode=ns=1;s=MotorSource3
[Anomaly Input] [2026-08-16 19:33:20.649 (UTC)] info/application	[Sensor] Updated distance: 10.8983663694925 cm | Severity=75 | SourceName=Sensor3 | EventType=application | SourceNode=ns=1;s=SensorSource3
[Anomaly Input] [2026-08-16 19:33:20.650 (UTC)] info/application	[Sensor] Updated distance: 32.191924908055 cm | Severity=75 | SourceName=Sensor | EventType=application | SourceNode=ns=1;s=SensorSource
[Anomaly Input] [2026-08-16 19:33:20.650 (UTC)] info/application	[Sensor] Updated distance: 39.325164524757 cm | Severity=75 | SourceName=Sensor2 | EventType=application | SourceNode=ns=1;s=SensorSource2
[Anomaly Input] [2026-08-16 19:33:21.145 (UTC)] info/application	[Motor] Received distance: 32.191924908055 cm | Severity=75 | SourceName=Motor | EventType=application | SourceNode=ns=1;s=MotorSource
[Anomaly Input] [2026-08-16 19:33:21.147 (UTC)] info/application	[Motor] Received distance: 39.325164524757 cm | Severity=75 | SourceName=Motor2 | EventType=application | SourceNode=ns=1;s=MotorSource2
[Anomaly Input] [2026-08-16 19:33:21.149 (UTC)] info/application	[Motor] Received distance: 10.8983663694925 cm | Severity=75 | SourceName=Motor3 | EventType=application | SourceNode=ns=1;s=MotorSource3
[Anomaly Input] [2026-08-16 19:33:21.145 (UTC)] info/application	[Motor] Distance safe (32.191924908055); rotating motor to 90 degrees | Severity=75 | SourceName=Motor | EventType=application | SourceNode=ns=1;s=MotorSource
[Anomaly Input] [2026-08-16 19:33:21.147 (UTC)] info/application	[Motor] Distance safe (39.325164524757); rotating motor to 90 degrees | Severity=75 | SourceName=Motor2 | EventType=application | SourceNode=ns=1;s=MotorSource2
[Anomaly Input] [2026-08-16 19:33:21.149 (UTC)] warn/application	[Motor] Distance too close (10.8983663694925); rotating motor to 0 degrees | Severity=175 | SourceName=Motor3 | EventType=application | SourceNode=ns=1;s=MotorSource3
[Anomaly Input] [2026-08-16 19:33:21.640 (UTC)] info/application	[Sensor] Updated distance: 32.2115065489018 cm | Severity=75 | SourceName=Sensor | EventType=application | SourceNode=ns=1;s=SensorSource
[Anomaly Input] [2026-08-16 19:33:21.648 (UTC)] info/application	[Sensor] Updated distance: 9.94043420531806 cm | Severity=75 | SourceName=Sensor3 | EventType=application | SourceNode=ns=1;s=SensorSource3
[Anomaly Input] [2026-08-16 19:33:21.650 (UTC)] info/application	[Sensor] Updated distance: 39.2716553859747 cm | Severity=75 | SourceName=Sensor2 | EventType=application | SourceNode=ns=1;s=SensorSource2
[Anomaly Input] [2026-08-16 19:33:22.143 (UTC)] info/application	[Motor] Received distance: 9.94043420531806 cm | Severity=75 | SourceName=Motor3 | EventType=application | SourceNode=ns=1;s=MotorSource3
[Anomaly Input] [2026-08-16 19:33:22.147 (UTC)] info/application	[Motor] Received distance: 39.2716553859747 cm | Severity=75 | SourceName=Motor2 | EventType=application | SourceNode=ns=1;s=MotorSource2
[Anomaly Input] [2026-08-16 19:33:22.147 (UTC)] info/application	[Motor] Received distance: 32.2115065489018 cm | Severity=75 | SourceName=Motor | EventType=application | SourceNode=ns=1;s=MotorSource
[Anomaly Input] [2026-08-16 19:33:22.143 (UTC)] warn/application	[Motor] Distance too close (9.94043420531806); rotating motor to 0 degrees | Severity=175 | SourceName=Motor3 | EventType=application | SourceNode=ns=1;s=MotorSource3
[Anomaly Input] [2026-08-16 19:33:22.147 (UTC)] info/application	[Motor] Distance safe (39.2716553859747); rotating motor to 90 degrees | Severity=75 | SourceName=Motor2 | EventType=application | SourceNode=ns=1;s=MotorSource2
[Anomaly Input] [2026-08-16 19:33:22.147 (UTC)] info/application	[Motor] Distance safe (32.2115065489018); rotating motor to 90 degrees | Severity=75 | SourceName=Motor | EventType=application | SourceNode=ns=1;s=MotorSource
[Anomaly Input] [2026-08-16 19:33:22.640 (UTC)] info/application	[Sensor] Updated distance: 31.8705358050627 cm | Severity=75 | SourceName=Sensor | EventType=application | SourceNode=ns=1;s=SensorSource
[Anomaly Input] [2026-08-16 19:33:22.641 (UTC)] info/application	[Sensor] Updated distance: 40.2444013961332 cm | Severity=75 | SourceName=Sensor2 | EventType=application | SourceNode=ns=1;s=SensorSource2
[Anomaly Input] [2026-08-16 19:33:22.648 (UTC)] info/application	[Sensor] Updated distance: 9.69074553725809 cm | Severity=75 | SourceName=Sensor3 | EventType=application | SourceNode=ns=1;s=SensorSource3
[Anomaly Input] [2026-08-16 19:33:23.148 (UTC)] info/application	[Motor] Received distance: 40.2444013961332 cm | Severity=75 | SourceName=Motor2 | EventType=application | SourceNode=ns=1;s=MotorSource2
[Anomaly Input] [2026-08-16 19:33:23.148 (UTC)] info/application	[Motor] Received distance: 9.69074553725809 cm | Severity=75 | SourceName=Motor3 | EventType=application | SourceNode=ns=1;s=MotorSource3
[Anomaly Input] [2026-08-16 19:33:23.148 (UTC)] info/application	[Motor] Received distance: 31.8705358050627 cm | Severity=75 | SourceName=Motor | EventType=application | SourceNode=ns=1;s=MotorSource
[Anomaly Input] [2026-08-16 19:33:23.148 (UTC)] info/application	[Motor] Distance safe (40.2444013961332); rotating motor to 90 degrees | Severity=75 | SourceName=Motor2 | EventType=application | SourceNode=ns=1;s=MotorSource2
[Anomaly Input] [2026-08-16 19:33:23.148 (UTC)] warn/application	[Motor] Distance too close (9.69074553725809); rotating motor to 0 degrees | Severity=175 | SourceName=Motor3 | EventType=application | SourceNode=ns=1;s=MotorSource3
[Anomaly Input] [2026-08-16 19:33:23.148 (UTC)] info/application	[Motor] Distance safe (31.8705358050627); rotating motor to 90 degrees | Severity=75 | SourceName=Motor | EventType=application | SourceNode=ns=1;s=MotorSource
[Anomaly Input] [2026-08-16 19:33:23.641 (UTC)] info/application	[Sensor] Updated distance: 30.5811676576646 cm | Severity=75 | SourceName=Sensor | EventType=application | SourceNode=ns=1;s=SensorSource
[Anomaly Input] [2026-08-16 19:33:23.641 (UTC)] info/application	[Sensor] Updated distance: 41.0532273217353 cm | Severity=75 | SourceName=Sensor2 | EventType=application | SourceNode=ns=1;s=SensorSource2
[Anomaly Input] [2026-08-16 19:33:23.648 (UTC)] info/application	[Sensor] Updated distance: 8.31817095089618 cm | Severity=75 | SourceName=Sensor3 | EventType=application | SourceNode=ns=1;s=SensorSource3
[Anomaly Input] [2026-08-16 19:33:24.148 (UTC)] info/application	[Motor] Received distance: 41.0532273217353 cm | Severity=75 | SourceName=Motor2 | EventType=application | SourceNode=ns=1;s=MotorSource2
[Anomaly Input] [2026-08-16 19:33:24.149 (UTC)] info/application	[Motor] Received distance: 8.31817095089618 cm | Severity=75 | SourceName=Motor3 | EventType=application | SourceNode=ns=1;s=MotorSource3
[Anomaly Input] [2026-08-16 19:33:24.157 (UTC)] info/application	[Motor] Received distance: 30.5811676576646 cm | Severity=75 | SourceName=Motor | EventType=application | SourceNode=ns=1;s=MotorSource
[Anomaly Input] [2026-08-16 19:33:24.148 (UTC)] info/application	[Motor] Distance safe (41.0532273217353); rotating motor to 90 degrees | Severity=75 | SourceName=Motor2 | EventType=application | SourceNode=ns=1;s=MotorSource2
[Anomaly Input] [2026-08-16 19:33:24.149 (UTC)] warn/application	[Motor] Distance too close (8.31817095089618); rotating motor to 0 degrees | Severity=175 | SourceName=Motor3 | EventType=application | SourceNode=ns=1;s=MotorSource3
[Anomaly Input] [2026-08-16 19:33:24.157 (UTC)] info/application	[Motor] Distance safe (30.5811676576646); rotating motor to 90 degrees | Severity=75 | SourceName=Motor | EventType=application | SourceNode=ns=1;s=MotorSource
[Anomaly Input] [2026-08-16 19:33:24.641 (UTC)] info/application	[Sensor] Updated distance: 41.35764772904 cm | Severity=75 | SourceName=Sensor2 | EventType=application | SourceNode=ns=1;s=SensorSource2
[Anomaly Input] [2026-08-16 19:33:24.642 (UTC)] info/application	[Sensor] Updated distance: 29.2361534730234 cm | Severity=75 | SourceName=Sensor | EventType=application | SourceNode=ns=1;s=SensorSource
[Anomaly Input] [2026-08-16 19:33:24.648 (UTC)] info/application	[Sensor] Updated distance: 6.95761213845461 cm | Severity=75 | SourceName=Sensor3 | EventType=application | SourceNode=ns=1;s=SensorSource3
[Anomaly Input] [2026-08-16 19:33:25.147 (UTC)] info/application	[Motor] Received distance: 29.2361534730234 cm | Severity=75 | SourceName=Motor | EventType=application | SourceNode=ns=1;s=MotorSource
[Anomaly Input] [2026-08-16 19:33:25.148 (UTC)] info/application	[Motor] Received distance: 41.35764772904 cm | Severity=75 | SourceName=Motor2 | EventType=application | SourceNode=ns=1;s=MotorSource2
[Anomaly Input] [2026-08-16 19:33:25.149 (UTC)] info/application	[Motor] Received distance: 6.95761213845461 cm | Severity=75 | SourceName=Motor3 | EventType=application | SourceNode=ns=1;s=MotorSource3
[Anomaly Input] [2026-08-16 19:33:25.147 (UTC)] info/application	[Motor] Distance safe (29.2361534730234); rotating motor to 90 degrees | Severity=75 | SourceName=Motor | EventType=application | SourceNode=ns=1;s=MotorSource
[Anomaly Input] [2026-08-16 19:33:25.148 (UTC)] info/application	[Motor] Distance safe (41.35764772904); rotating motor to 90 degrees | Severity=75 | SourceName=Motor2 | EventType=application | SourceNode=ns=1;s=MotorSource2
[Anomaly Input] [2026-08-16 19:33:25.149 (UTC)] warn/application	[Motor] Distance too close (6.95761213845461); rotating motor to 0 degrees | Severity=175 | SourceName=Motor3 | EventType=application | SourceNode=ns=1;s=MotorSource3
[Anomaly Input] [2026-08-16 19:33:25.641 (UTC)] info/application	[Sensor] Updated distance: 41.9193799811972 cm | Severity=75 | SourceName=Sensor2 | EventType=application | SourceNode=ns=1;s=SensorSource2
[Anomaly Input] [2026-08-16 19:33:25.642 (UTC)] info/application	[Sensor] Updated distance: 27.9191464357633 cm | Severity=75 | SourceName=Sensor | EventType=application | SourceNode=ns=1;s=SensorSource
[Anomaly Input] [2026-08-16 19:33:25.648 (UTC)] info/application	[Sensor] Updated distance: 7.1559015024248 cm | Severity=75 | SourceName=Sensor3 | EventType=application | SourceNode=ns=1;s=SensorSource3
[Anomaly Input] [2026-08-16 19:33:26.147 (UTC)] info/application	[Motor] Received distance: 27.9191464357633 cm | Severity=75 | SourceName=Motor | EventType=application | SourceNode=ns=1;s=MotorSource
[Anomaly Input] [2026-08-16 19:33:26.148 (UTC)] info/application	[Motor] Received distance: 41.9193799811972 cm | Severity=75 | SourceName=Motor2 | EventType=application | SourceNode=ns=1;s=MotorSource2
[Anomaly Input] [2026-08-16 19:33:26.149 (UTC)] info/application	[Motor] Received distance: 7.1559015024248 cm | Severity=75 | SourceName=Motor3 | EventType=application | SourceNode=ns=1;s=MotorSource3
[Anomaly Input] [2026-08-16 19:33:26.147 (UTC)] info/application	[Motor] Distance safe (27.9191464357633); rotating motor to 90 degrees | Severity=75 | SourceName=Motor | EventType=application | SourceNode=ns=1;s=MotorSource
[Anomaly Input] [2026-08-16 19:33:26.148 (UTC)] info/application	[Motor] Distance safe (41.9193799811972); rotating motor to 90 degrees | Severity=75 | SourceName=Motor2 | EventType=application | SourceNode=ns=1;s=MotorSource2
[Anomaly Input] [2026-08-16 19:33:26.149 (UTC)] warn/application	[Motor] Distance too close (7.1559015024248); rotating motor to 0 degrees | Severity=175 | SourceName=Motor3 | EventType=application | SourceNode=ns=1;s=MotorSource3
[Anomaly Input] [2026-08-16 19:33:26.641 (UTC)] info/application	[Sensor] Updated distance: 42.9935874722403 cm | Severity=75 | SourceName=Sensor2 | EventType=application | SourceNode=ns=1;s=SensorSource2
[Anomaly Input] [2026-08-16 19:33:26.642 (UTC)] info/application	[Sensor] Updated distance: 28.854313635898 cm | Severity=75 | SourceName=Sensor | EventType=application | SourceNode=ns=1;s=SensorSource
[Anomaly Input] [2026-08-16 19:33:26.648 (UTC)] info/application	[Sensor] Updated distance: 6.88281941478271 cm | Severity=75 | SourceName=Sensor3 | EventType=application | SourceNode=ns=1;s=SensorSource3
[Anomaly Input] [2026-08-16 19:33:27.147 (UTC)] info/application	[Motor] Received distance: 28.854313635898 cm | Severity=75 | SourceName=Motor | EventType=application | SourceNode=ns=1;s=MotorSource
[Anomaly Input] [2026-08-16 19:33:27.148 (UTC)] info/application	[Motor] Received distance: 42.9935874722403 cm | Severity=75 | SourceName=Motor2 | EventType=application | SourceNode=ns=1;s=MotorSource2
[Anomaly Input] [2026-08-16 19:33:27.149 (UTC)] info/application	[Motor] Received distance: 6.88281941478271 cm | Severity=75 | SourceName=Motor3 | EventType=application | SourceNode=ns=1;s=MotorSource3
[Anomaly Input] [2026-08-16 19:33:27.147 (UTC)] info/application	[Motor] Distance safe (28.854313635898); rotating motor to 90 degrees | Severity=75 | SourceName=Motor | EventType=application | SourceNode=ns=1;s=MotorSource
[Anomaly Input] [2026-08-16 19:33:27.148 (UTC)] info/application	[Motor] Distance safe (42.9935874722403); rotating motor to 90 degrees | Severity=75 | SourceName=Motor2 | EventType=application | SourceNode=ns=1;s=MotorSource2
[Anomaly Input] [2026-08-16 19:33:27.149 (UTC)] warn/application	[Motor] Distance too close (6.88281941478271); rotating motor to 0 degrees | Severity=175 | SourceName=Motor3 | EventType=application | SourceNode=ns=1;s=MotorSource3
[Anomaly Input] [2026-08-16 19:33:27.641 (UTC)] info/application	[Sensor] Updated distance: 43.6874114287493 cm | Severity=75 | SourceName=Sensor2 | EventType=application | SourceNode=ns=1;s=SensorSource2
[Anomaly Input] [2026-08-16 19:33:27.642 (UTC)] info/application	[Sensor] Updated distance: 28.6842262538542 cm | Severity=75 | SourceName=Sensor | EventType=application | SourceNode=ns=1;s=SensorSource
[Anomaly Input] [2026-08-16 19:33:27.648 (UTC)] info/application	[Sensor] Updated distance: 5.68172475261693 cm | Severity=75 | SourceName=Sensor3 | EventType=application | SourceNode=ns=1;s=SensorSource3
[Anomaly Input] [2026-08-16 19:33:28.148 (UTC)] info/application	[Motor] Received distance: 43.6874114287493 cm | Severity=75 | SourceName=Motor2 | EventType=application | SourceNode=ns=1;s=MotorSource2
[Anomaly Input] [2026-08-16 19:33:28.149 (UTC)] info/application	[Motor] Received distance: 28.6842262538542 cm | Severity=75 | SourceName=Motor | EventType=application | SourceNode=ns=1;s=MotorSource
[Anomaly Input] [2026-08-16 19:33:28.149 (UTC)] info/application	[Motor] Received distance: 5.68172475261693 cm | Severity=75 | SourceName=Motor3 | EventType=application | SourceNode=ns=1;s=MotorSource3
[Anomaly Input] [2026-08-16 19:33:28.148 (UTC)] info/application	[Motor] Distance safe (43.6874114287493); rotating motor to 90 degrees | Severity=75 | SourceName=Motor2 | EventType=application | SourceNode=ns=1;s=MotorSource2
[Anomaly Input] [2026-08-16 19:33:28.149 (UTC)] info/application	[Motor] Distance safe (28.6842262538542); rotating motor to 90 degrees | Severity=75 | SourceName=Motor | EventType=application | SourceNode=ns=1;s=MotorSource
[Anomaly Input] [2026-08-16 19:33:28.149 (UTC)] warn/application	[Motor] Distance too close (5.68172475261693); rotating motor to 0 degrees | Severity=175 | SourceName=Motor3 | EventType=application | SourceNode=ns=1;s=MotorSource3
[Anomaly Input] [2026-08-16 19:33:28.641 (UTC)] info/application	[Sensor] Updated distance: 42.7394897603614 cm | Severity=75 | SourceName=Sensor2 | EventType=application | SourceNode=ns=1;s=SensorSource2
[Anomaly Input] [2026-08-16 19:33:28.642 (UTC)] info/application	[Sensor] Updated distance: 27.8670077437381 cm | Severity=75 | SourceName=Sensor | EventType=application | SourceNode=ns=1;s=SensorSource
[Anomaly Input] [2026-08-16 19:33:28.648 (UTC)] info/application	[Sensor] Updated distance: 5.03535898660093 cm | Severity=75 | SourceName=Sensor3 | EventType=application | SourceNode=ns=1;s=SensorSource3
[Anomaly Input] [2026-08-16 19:33:29.143 (UTC)] info/application	[Motor] Received distance: 5.03535898660093 cm | Severity=75 | SourceName=Motor3 | EventType=application | SourceNode=ns=1;s=MotorSource3
[Anomaly Input] [2026-08-16 19:33:29.147 (UTC)] info/application	[Motor] Received distance: 27.8670077437381 cm | Severity=75 | SourceName=Motor | EventType=application | SourceNode=ns=1;s=MotorSource
[Anomaly Input] [2026-08-16 19:33:29.148 (UTC)] info/application	[Motor] Received distance: 42.7394897603614 cm | Severity=75 | SourceName=Motor2 | EventType=application | SourceNode=ns=1;s=MotorSource2
[Anomaly Input] [2026-08-16 19:33:29.143 (UTC)] warn/application	[Motor] Distance too close (5.03535898660093); rotating motor to 0 degrees | Severity=175 | SourceName=Motor3 | EventType=application | SourceNode=ns=1;s=MotorSource3
[Anomaly Input] [2026-08-16 19:33:29.147 (UTC)] info/application	[Motor] Distance safe (27.8670077437381); rotating motor to 90 degrees | Severity=75 | SourceName=Motor | EventType=application | SourceNode=ns=1;s=MotorSource
[Anomaly Input] [2026-08-16 19:33:29.148 (UTC)] info/application	[Motor] Distance safe (42.7394897603614); rotating motor to 90 degrees | Severity=75 | SourceName=Motor2 | EventType=application | SourceNode=ns=1;s=MotorSource2
[Anomaly Input] [2026-08-16 19:33:29.641 (UTC)] info/application	[Sensor] Updated distance: 43.9872419526742 cm | Severity=75 | SourceName=Sensor2 | EventType=application | SourceNode=ns=1;s=SensorSource2
[Anomaly Input] [2026-08-16 19:33:29.642 (UTC)] info/application	[Sensor] Updated distance: 28.5193658901934 cm | Severity=75 | SourceName=Sensor | EventType=application | SourceNode=ns=1;s=SensorSource
[Anomaly Input] [2026-08-16 19:33:29.648 (UTC)] info/application	[Sensor] Updated distance: 3.82213541717367 cm | Severity=75 | SourceName=Sensor3 | EventType=application | SourceNode=ns=1;s=SensorSource3
[Anomaly Input] [2026-08-16 19:33:30.147 (UTC)] info/application	[Motor] Received distance: 28.5193658901934 cm | Severity=75 | SourceName=Motor | EventType=application | SourceNode=ns=1;s=MotorSource
[Anomaly Input] [2026-08-16 19:33:30.148 (UTC)] info/application	[Motor] Received distance: 3.82213541717367 cm | Severity=75 | SourceName=Motor3 | EventType=application | SourceNode=ns=1;s=MotorSource3
[Anomaly Input] [2026-08-16 19:33:30.149 (UTC)] info/application	[Motor] Received distance: 43.9872419526742 cm | Severity=75 | SourceName=Motor2 | EventType=application | SourceNode=ns=1;s=MotorSource2
[Anomaly Input] [2026-08-16 19:33:30.147 (UTC)] info/application	[Motor] Distance safe (28.5193658901934); rotating motor to 90 degrees | Severity=75 | SourceName=Motor | EventType=application | SourceNode=ns=1;s=MotorSource
[Anomaly Input] [2026-08-16 19:33:30.148 (UTC)] warn/application	[Motor] Distance too close (3.82213541717367); rotating motor to 0 degrees | Severity=175 | SourceName=Motor3 | EventType=application | SourceNode=ns=1;s=MotorSource3
[Anomaly Input] [2026-08-16 19:33:30.149 (UTC)] info/application	[Motor] Distance safe (43.9872419526742); rotating motor to 90 degrees | Severity=75 | SourceName=Motor2 | EventType=application | SourceNode=ns=1;s=MotorSource2
[Anomaly Input] [2026-08-16 19:33:30.642 (UTC)] info/application	[Sensor] Updated distance: 43.01198015479 cm | Severity=75 | SourceName=Sensor2 | EventType=application | SourceNode=ns=1;s=SensorSource2
[Anomaly Input] [2026-08-16 19:33:30.642 (UTC)] info/application	[Sensor] Updated distance: 29.0197011877409 cm | Severity=75 | SourceName=Sensor | EventType=application | SourceNode=ns=1;s=SensorSource
[Anomaly Input] [2026-08-16 19:33:30.648 (UTC)] info/application	[Sensor] Updated distance: 4.30683697471713 cm | Severity=75 | SourceName=Sensor3 | EventType=application | SourceNode=ns=1;s=SensorSource3
[Anomaly Input] [2026-08-16 19:33:31.148 (UTC)] info/application	[Motor] Received distance: 29.0197011877409 cm | Severity=75 | SourceName=Motor | EventType=application | SourceNode=ns=1;s=MotorSource
[Anomaly Input] [2026-08-16 19:33:31.148 (UTC)] info/application	[Motor] Received distance: 4.30683697471713 cm | Severity=75 | SourceName=Motor3 | EventType=application | SourceNode=ns=1;s=MotorSource3
[Anomaly Input] [2026-08-16 19:33:31.157 (UTC)] info/application	[Motor] Received distance: 43.01198015479 cm | Severity=75 | SourceName=Motor2 | EventType=application | SourceNode=ns=1;s=MotorSource2
[Anomaly Input] [2026-08-16 19:33:31.148 (UTC)] info/application	[Motor] Distance safe (29.0197011877409); rotating motor to 90 degrees | Severity=75 | SourceName=Motor | EventType=application | SourceNode=ns=1;s=MotorSource
[Anomaly Input] [2026-08-16 19:33:31.148 (UTC)] warn/application	[Motor] Distance too close (4.30683697471713); rotating motor to 0 degrees | Severity=175 | SourceName=Motor3 | EventType=application | SourceNode=ns=1;s=MotorSource3
[Anomaly Input] [2026-08-16 19:33:31.157 (UTC)] info/application	[Motor] Distance safe (43.01198015479); rotating motor to 90 degrees | Severity=75 | SourceName=Motor2 | EventType=application | SourceNode=ns=1;s=MotorSource2
[Anomaly Input] [2026-08-16 19:33:31.642 (UTC)] info/application	[Sensor] Updated distance: 29.176225334488 cm | Severity=75 | SourceName=Sensor | EventType=application | SourceNode=ns=1;s=SensorSource
[Anomaly Input] [2026-08-16 19:33:31.642 (UTC)] info/application	[Sensor] Updated distance: 44.3930758328145 cm | Severity=75 | SourceName=Sensor2 | EventType=application | SourceNode=ns=1;s=SensorSource2
[Anomaly Input] [2026-08-16 19:33:31.648 (UTC)] info/application	[Sensor] Updated distance: 3.39420235175369 cm | Severity=75 | SourceName=Sensor3 | EventType=application | SourceNode=ns=1;s=SensorSource3
[Anomaly Input] [2026-08-16 19:33:32.148 (UTC)] info/application	[Motor] Received distance: 44.3930758328145 cm | Severity=75 | SourceName=Motor2 | EventType=application | SourceNode=ns=1;s=MotorSource2
[Anomaly Input] [2026-08-16 19:33:32.148 (UTC)] info/application	[Motor] Received distance: 3.39420235175369 cm | Severity=75 | SourceName=Motor3 | EventType=application | SourceNode=ns=1;s=MotorSource3
[Anomaly Input] [2026-08-16 19:33:32.156 (UTC)] info/application	[Motor] Received distance: 29.176225334488 cm | Severity=75 | SourceName=Motor | EventType=application | SourceNode=ns=1;s=MotorSource
[Anomaly Input] [2026-08-16 19:33:32.148 (UTC)] info/application	[Motor] Distance safe (44.3930758328145); rotating motor to 90 degrees | Severity=75 | SourceName=Motor2 | EventType=application | SourceNode=ns=1;s=MotorSource2
[Anomaly Input] [2026-08-16 19:33:32.148 (UTC)] warn/application	[Motor] Distance too close (3.39420235175369); rotating motor to 0 degrees | Severity=175 | SourceName=Motor3 | EventType=application | SourceNode=ns=1;s=MotorSource3
[Anomaly Input] [2026-08-16 19:33:32.156 (UTC)] info/application	[Motor] Distance safe (29.176225334488); rotating motor to 90 degrees | Severity=75 | SourceName=Motor | EventType=application | SourceNode=ns=1;s=MotorSource
[Anomaly Input] [2026-08-16 19:33:32.642 (UTC)] info/application	[Sensor] Updated distance: 28.4269990892741 cm | Severity=75 | SourceName=Sensor | EventType=application | SourceNode=ns=1;s=SensorSource
[Anomaly Input] [2026-08-16 19:33:32.643 (UTC)] info/application	[Sensor] Updated distance: 45.4991443823088 cm | Severity=75 | SourceName=Sensor2 | EventType=application | SourceNode=ns=1;s=SensorSource2
[Anomaly Input] [2026-08-16 19:33:32.648 (UTC)] info/application	[Sensor] Updated distance: 2.61220811219522 cm | Severity=75 | SourceName=Sensor3 | EventType=application | SourceNode=ns=1;s=SensorSource3
[Anomaly Input] [2026-08-16 19:33:33.147 (UTC)] info/application	[Motor] Received distance: 28.4269990892741 cm | Severity=75 | SourceName=Motor | EventType=application | SourceNode=ns=1;s=MotorSource
[Anomaly Input] [2026-08-16 19:33:33.148 (UTC)] info/application	[Motor] Received distance: 45.4991443823088 cm | Severity=75 | SourceName=Motor2 | EventType=application | SourceNode=ns=1;s=MotorSource2
[Anomaly Input] [2026-08-16 19:33:33.148 (UTC)] info/application	[Motor] Received distance: 2.61220811219522 cm | Severity=75 | SourceName=Motor3 | EventType=application | SourceNode=ns=1;s=MotorSource3
[Anomaly Input] [2026-08-16 19:33:33.148 (UTC)] info/application	[Motor] Distance safe (28.4269990892741); rotating motor to 90 degrees | Severity=75 | SourceName=Motor | EventType=application | SourceNode=ns=1;s=MotorSource
[Anomaly Input] [2026-08-16 19:33:33.148 (UTC)] info/application	[Motor] Distance safe (45.4991443823088); rotating motor to 90 degrees | Severity=75 | SourceName=Motor2 | EventType=application | SourceNode=ns=1;s=MotorSource2
[Anomaly Input] [2026-08-16 19:33:33.148 (UTC)] warn/application	[Motor] Distance too close (2.61220811219522); rotating motor to 0 degrees | Severity=175 | SourceName=Motor3 | EventType=application | SourceNode=ns=1;s=MotorSource3
[Anomaly Input] [2026-08-16 19:33:33.642 (UTC)] info/application	[Sensor] Updated distance: 29.0504203215476 cm | Severity=75 | SourceName=Sensor | EventType=application | SourceNode=ns=1;s=SensorSource
[Anomaly Input] [2026-08-16 19:33:33.643 (UTC)] info/application	[Sensor] Updated distance: 44.2645310411531 cm | Severity=75 | SourceName=Sensor2 | EventType=application | SourceNode=ns=1;s=SensorSource2
[Anomaly Input] [2026-08-16 19:33:33.647 (UTC)] info/application	[Sensor] Updated distance: 3.98788102995039 cm | Severity=75 | SourceName=Sensor3 | EventType=application | SourceNode=ns=1;s=SensorSource3
[Anomaly Input] [2026-08-16 19:33:34.148 (UTC)] info/application	[Motor] Received distance: 3.98788102995039 cm | Severity=75 | SourceName=Motor3 | EventType=application | SourceNode=ns=1;s=MotorSource3
[Anomaly Input] [2026-08-16 19:33:34.148 (UTC)] info/application	[Motor] Received distance: 29.0504203215476 cm | Severity=75 | SourceName=Motor | EventType=application | SourceNode=ns=1;s=MotorSource
[Anomaly Input] [2026-08-16 19:33:34.148 (UTC)] info/application	[Motor] Received distance: 44.2645310411531 cm | Severity=75 | SourceName=Motor2 | EventType=application | SourceNode=ns=1;s=MotorSource2
[Anomaly Input] [2026-08-16 19:33:34.148 (UTC)] warn/application	[Motor] Distance too close (3.98788102995039); rotating motor to 0 degrees | Severity=175 | SourceName=Motor3 | EventType=application | SourceNode=ns=1;s=MotorSource3
[Anomaly Input] [2026-08-16 19:33:34.148 (UTC)] info/application	[Motor] Distance safe (29.0504203215476); rotating motor to 90 degrees | Severity=75 | SourceName=Motor | EventType=application | SourceNode=ns=1;s=MotorSource
[Anomaly Input] [2026-08-16 19:33:34.148 (UTC)] info/application	[Motor] Distance safe (44.2645310411531); rotating motor to 90 degrees | Severity=75 | SourceName=Motor2 | EventType=application | SourceNode=ns=1;s=MotorSource2
[Anomaly Input] [2026-08-16 19:33:34.643 (UTC)] info/application	[Sensor] Updated distance: 29.8890644374253 cm | Severity=75 | SourceName=Sensor | EventType=application | SourceNode=ns=1;s=SensorSource
[Anomaly Input] [2026-08-16 19:33:34.644 (UTC)] info/application	[Sensor] Updated distance: 42.7911029426806 cm | Severity=75 | SourceName=Sensor2 | EventType=application | SourceNode=ns=1;s=SensorSource2
[Anomaly Input] [2026-08-16 19:33:34.647 (UTC)] info/application	[Sensor] Updated distance: 2.86443711927367 cm | Severity=75 | SourceName=Sensor3 | EventType=application | SourceNode=ns=1;s=SensorSource3
[Anomaly Input] [2026-08-16 19:33:35.148 (UTC)] info/application	[Motor] Received distance: 2.86443711927367 cm | Severity=75 | SourceName=Motor3 | EventType=application | SourceNode=ns=1;s=MotorSource3
[Anomaly Input] [2026-08-16 19:33:35.157 (UTC)] info/application	[Motor] Received distance: 29.8890644374253 cm | Severity=75 | SourceName=Motor | EventType=application | SourceNode=ns=1;s=MotorSource
[Anomaly Input] [2026-08-16 19:33:35.157 (UTC)] info/application	[Motor] Received distance: 42.7911029426806 cm | Severity=75 | SourceName=Motor2 | EventType=application | SourceNode=ns=1;s=MotorSource2
[Anomaly Input] [2026-08-16 19:33:35.148 (UTC)] warn/application	[Motor] Distance too close (2.86443711927367); rotating motor to 0 degrees | Severity=175 | SourceName=Motor3 | EventType=application | SourceNode=ns=1;s=MotorSource3
[Anomaly Input] [2026-08-16 19:33:35.157 (UTC)] info/application	[Motor] Distance safe (29.8890644374253); rotating motor to 90 degrees | Severity=75 | SourceName=Motor | EventType=application | SourceNode=ns=1;s=MotorSource
[Anomaly Input] [2026-08-16 19:33:35.157 (UTC)] info/application	[Motor] Distance safe (42.7911029426806); rotating motor to 90 degrees | Severity=75 | SourceName=Motor2 | EventType=application | SourceNode=ns=1;s=MotorSource2
[Anomaly Input] [2026-08-16 19:33:35.643 (UTC)] info/application	[Sensor] Updated distance: 31.3234275124611 cm | Severity=75 | SourceName=Sensor | EventType=application | SourceNode=ns=1;s=SensorSource
[Anomaly Input] [2026-08-16 19:33:35.644 (UTC)] info/application	[Sensor] Updated distance: 43.3626300480043 cm | Severity=75 | SourceName=Sensor2 | EventType=application | SourceNode=ns=1;s=SensorSource2
[Anomaly Input] [2026-08-16 19:33:35.647 (UTC)] info/application	[Sensor] Updated distance: 3.11766278982053 cm | Severity=75 | SourceName=Sensor3 | EventType=application | SourceNode=ns=1;s=SensorSource3
[Anomaly Input] [2026-08-16 19:33:36.148 (UTC)] info/application	[Motor] Received distance: 3.11766278982053 cm | Severity=75 | SourceName=Motor3 | EventType=application | SourceNode=ns=1;s=MotorSource3
[Anomaly Input] [2026-08-16 19:33:36.148 (UTC)] info/application	[Motor] Received distance: 31.3234275124611 cm | Severity=75 | SourceName=Motor | EventType=application | SourceNode=ns=1;s=MotorSource
[Anomaly Input] [2026-08-16 19:33:36.149 (UTC)] info/application	[Motor] Received distance: 43.3626300480043 cm | Severity=75 | SourceName=Motor2 | EventType=application | SourceNode=ns=1;s=MotorSource2
[Anomaly Input] [2026-08-16 19:33:36.148 (UTC)] warn/application	[Motor] Distance too close (3.11766278982053); rotating motor to 0 degrees | Severity=175 | SourceName=Motor3 | EventType=application | SourceNode=ns=1;s=MotorSource3
[Anomaly Input] [2026-08-16 19:33:36.148 (UTC)] info/application	[Motor] Distance safe (31.3234275124611); rotating motor to 90 degrees | Severity=75 | SourceName=Motor | EventType=application | SourceNode=ns=1;s=MotorSource
[Anomaly Input] [2026-08-16 19:33:36.149 (UTC)] info/application	[Motor] Distance safe (43.3626300480043); rotating motor to 90 degrees | Severity=75 | SourceName=Motor2 | EventType=application | SourceNode=ns=1;s=MotorSource2
[Anomaly Input] [2026-08-16 19:33:36.643 (UTC)] info/application	[Sensor] Updated distance: 30.5937119266455 cm | Severity=75 | SourceName=Sensor | EventType=application | SourceNode=ns=1;s=SensorSource
[Anomaly Input] [2026-08-16 19:33:36.644 (UTC)] info/application	[Sensor] Updated distance: 42.1079166096672 cm | Severity=75 | SourceName=Sensor2 | EventType=application | SourceNode=ns=1;s=SensorSource2
[Anomaly Input] [2026-08-16 19:33:36.647 (UTC)] info/application	[Sensor] Updated distance: 3.9985260043752 cm | Severity=75 | SourceName=Sensor3 | EventType=application | SourceNode=ns=1;s=SensorSource3
[Anomaly Input] [2026-08-16 19:33:37.148 (UTC)] info/application	[Motor] Received distance: 3.9985260043752 cm | Severity=75 | SourceName=Motor3 | EventType=application | SourceNode=ns=1;s=MotorSource3
[Anomaly Input] [2026-08-16 19:33:37.156 (UTC)] info/application	[Motor] Received distance: 30.5937119266455 cm | Severity=75 | SourceName=Motor | EventType=application | SourceNode=ns=1;s=MotorSource
[Anomaly Input] [2026-08-16 19:33:37.157 (UTC)] info/application	[Motor] Received distance: 42.1079166096672 cm | Severity=75 | SourceName=Motor2 | EventType=application | SourceNode=ns=1;s=MotorSource2
[Anomaly Input] [2026-08-16 19:33:37.148 (UTC)] warn/application	[Motor] Distance too close (3.9985260043752); rotating motor to 0 degrees | Severity=175 | SourceName=Motor3 | EventType=application | SourceNode=ns=1;s=MotorSource3
[Anomaly Input] [2026-08-16 19:33:37.156 (UTC)] info/application	[Motor] Distance safe (30.5937119266455); rotating motor to 90 degrees | Severity=75 | SourceName=Motor | EventType=application | SourceNode=ns=1;s=MotorSource
[Anomaly Input] [2026-08-16 19:33:37.157 (UTC)] info/application	[Motor] Distance safe (42.1079166096672); rotating motor to 90 degrees | Severity=75 | SourceName=Motor2 | EventType=application | SourceNode=ns=1;s=MotorSource2
[Anomaly Input] [2026-08-16 19:33:37.642 (UTC)] info/application	[Sensor] Updated distance: 29.8279758760836 cm | Severity=75 | SourceName=Sensor | EventType=application | SourceNode=ns=1;s=SensorSource
[Anomaly Input] [2026-08-16 19:33:37.644 (UTC)] info/application	[Sensor] Updated distance: 42.6358479320239 cm | Severity=75 | SourceName=Sensor2 | EventType=application | SourceNode=ns=1;s=SensorSource2
[Anomaly Input] [2026-08-16 19:33:37.647 (UTC)] info/application	[Sensor] Updated distance: 2.94491502733198 cm | Severity=75 | SourceName=Sensor3 | EventType=application | SourceNode=ns=1;s=SensorSource3
[Anomaly Input] [2026-08-16 19:33:38.147 (UTC)] info/application	[Motor] Received distance: 2.94491502733198 cm | Severity=75 | SourceName=Motor3 | EventType=application | SourceNode=ns=1;s=MotorSource3
[Anomaly Input] [2026-08-16 19:33:38.148 (UTC)] info/application	[Motor] Received distance: 29.8279758760836 cm | Severity=75 | SourceName=Motor | EventType=application | SourceNode=ns=1;s=MotorSource
[Anomaly Input] [2026-08-16 19:33:38.149 (UTC)] info/application	[Motor] Received distance: 42.6358479320239 cm | Severity=75 | SourceName=Motor2 | EventType=application | SourceNode=ns=1;s=MotorSource2
[Anomaly Input] [2026-08-16 19:33:38.147 (UTC)] warn/application	[Motor] Distance too close (2.94491502733198); rotating motor to 0 degrees | Severity=175 | SourceName=Motor3 | EventType=application | SourceNode=ns=1;s=MotorSource3
[Anomaly Input] [2026-08-16 19:33:38.148 (UTC)] info/application	[Motor] Distance safe (29.8279758760836); rotating motor to 90 degrees | Severity=75 | SourceName=Motor | EventType=application | SourceNode=ns=1;s=MotorSource
[Anomaly Input] [2026-08-16 19:33:38.149 (UTC)] info/application	[Motor] Distance safe (42.6358479320239); rotating motor to 90 degrees | Severity=75 | SourceName=Motor2 | EventType=application | SourceNode=ns=1;s=MotorSource2
[Anomaly Input] [2026-08-16 19:33:38.643 (UTC)] info/application	[Sensor] Updated distance: 28.9662486302975 cm | Severity=75 | SourceName=Sensor | EventType=application | SourceNode=ns=1;s=SensorSource
[Anomaly Input] [2026-08-16 19:33:38.644 (UTC)] info/application	[Sensor] Updated distance: 41.522764489531 cm | Severity=75 | SourceName=Sensor2 | EventType=application | SourceNode=ns=1;s=SensorSource2
[Anomaly Input] [2026-08-16 19:33:38.646 (UTC)] info/application	[Sensor] Updated distance: 2.46934044592517 cm | Severity=75 | SourceName=Sensor3 | EventType=application | SourceNode=ns=1;s=SensorSource3
[Anomaly Input] [2026-08-16 19:33:39.147 (UTC)] info/application	[Motor] Received distance: 2.46934044592517 cm | Severity=75 | SourceName=Motor3 | EventType=application | SourceNode=ns=1;s=MotorSource3
[Anomaly Input] [2026-08-16 19:33:39.156 (UTC)] info/application	[Motor] Received distance: 28.9662486302975 cm | Severity=75 | SourceName=Motor | EventType=application | SourceNode=ns=1;s=MotorSource
[Anomaly Input] [2026-08-16 19:33:39.157 (UTC)] info/application	[Motor] Received distance: 41.522764489531 cm | Severity=75 | SourceName=Motor2 | EventType=application | SourceNode=ns=1;s=MotorSource2
[Anomaly Input] [2026-08-16 19:33:39.147 (UTC)] warn/application	[Motor] Distance too close (2.46934044592517); rotating motor to 0 degrees | Severity=175 | SourceName=Motor3 | EventType=application | SourceNode=ns=1;s=MotorSource3
[Anomaly Input] [2026-08-16 19:33:39.156 (UTC)] info/application	[Motor] Distance safe (28.9662486302975); rotating motor to 90 degrees | Severity=75 | SourceName=Motor | EventType=application | SourceNode=ns=1;s=MotorSource
[Anomaly Input] [2026-08-16 19:33:39.157 (UTC)] info/application	[Motor] Distance safe (41.522764489531); rotating motor to 90 degrees | Severity=75 | SourceName=Motor2 | EventType=application | SourceNode=ns=1;s=MotorSource2
[Anomaly Input] [2026-08-16 19:33:39.643 (UTC)] info/application	[Sensor] Updated distance: 30.1909152591559 cm | Severity=75 | SourceName=Sensor | EventType=application | SourceNode=ns=1;s=SensorSource
[Anomaly Input] [2026-08-16 19:33:39.643 (UTC)] info/application	[Sensor] Updated distance: 42.8227898007365 cm | Severity=75 | SourceName=Sensor2 | EventType=application | SourceNode=ns=1;s=SensorSource2
[Anomaly Input] [2026-08-16 19:33:39.645 (UTC)] info/application	[Sensor] Updated distance: 3.91727797124407 cm | Severity=75 | SourceName=Sensor3 | EventType=application | SourceNode=ns=1;s=SensorSource3
[Anomaly Input] [2026-08-16 19:33:40.147 (UTC)] info/application	[Motor] Received distance: 3.91727797124407 cm | Severity=75 | SourceName=Motor3 | EventType=application | SourceNode=ns=1;s=MotorSource3
[Anomaly Input] [2026-08-16 19:33:40.148 (UTC)] info/application	[Motor] Received distance: 42.8227898007365 cm | Severity=75 | SourceName=Motor2 | EventType=application | SourceNode=ns=1;s=MotorSource2
[Anomaly Input] [2026-08-16 19:33:40.148 (UTC)] info/application	[Motor] Received distance: 30.1909152591559 cm | Severity=75 | SourceName=Motor | EventType=application | SourceNode=ns=1;s=MotorSource
[Anomaly Input] [2026-08-16 19:33:40.147 (UTC)] warn/application	[Motor] Distance too close (3.91727797124407); rotating motor to 0 degrees | Severity=175 | SourceName=Motor3 | EventType=application | SourceNode=ns=1;s=MotorSource3
[Anomaly Input] [2026-08-16 19:33:40.148 (UTC)] info/application	[Motor] Distance safe (42.8227898007365); rotating motor to 90 degrees | Severity=75 | SourceName=Motor2 | EventType=application | SourceNode=ns=1;s=MotorSource2
[Anomaly Input] [2026-08-16 19:33:40.148 (UTC)] info/application	[Motor] Distance safe (30.1909152591559); rotating motor to 90 degrees | Severity=75 | SourceName=Motor | EventType=application | SourceNode=ns=1;s=MotorSource
[Anomaly Input] [2026-08-16 19:33:40.643 (UTC)] info/application	[Sensor] Updated distance: 29.2146777113502 cm | Severity=75 | SourceName=Sensor | EventType=application | SourceNode=ns=1;s=SensorSource
[Anomaly Input] [2026-08-16 19:33:40.643 (UTC)] info/application	[Sensor] Updated distance: 42.8979418419292 cm | Severity=75 | SourceName=Sensor2 | EventType=application | SourceNode=ns=1;s=SensorSource2
[Anomaly Input] [2026-08-16 19:33:40.645 (UTC)] info/application	[Sensor] Updated distance: 2.66384228699087 cm | Severity=75 | SourceName=Sensor3 | EventType=application | SourceNode=ns=1;s=SensorSource3
[Anomaly Input] [2026-08-16 19:33:41.149 (UTC)] info/application	[Motor] Received distance: 42.8979418419292 cm | Severity=75 | SourceName=Motor2 | EventType=application | SourceNode=ns=1;s=MotorSource2
[Anomaly Input] [2026-08-16 19:33:41.150 (UTC)] info/application	[Motor] Received distance: 2.66384228699087 cm | Severity=75 | SourceName=Motor3 | EventType=application | SourceNode=ns=1;s=MotorSource3
[Anomaly Input] [2026-08-16 19:33:41.157 (UTC)] info/application	[Motor] Received distance: 29.2146777113502 cm | Severity=75 | SourceName=Motor | EventType=application | SourceNode=ns=1;s=MotorSource
[Anomaly Input] [2026-08-16 19:33:41.149 (UTC)] info/application	[Motor] Distance safe (42.8979418419292); rotating motor to 90 degrees | Severity=75 | SourceName=Motor2 | EventType=application | SourceNode=ns=1;s=MotorSource2
[Anomaly Input] [2026-08-16 19:33:41.150 (UTC)] warn/application	[Motor] Distance too close (2.66384228699087); rotating motor to 0 degrees | Severity=175 | SourceName=Motor3 | EventType=application | SourceNode=ns=1;s=MotorSource3
[Anomaly Input] [2026-08-16 19:33:41.157 (UTC)] info/application	[Motor] Distance safe (29.2146777113502); rotating motor to 90 degrees | Severity=75 | SourceName=Motor | EventType=application | SourceNode=ns=1;s=MotorSource
[Anomaly Input] [2026-08-16 19:33:41.643 (UTC)] info/application	[Sensor] Updated distance: 30.6630577494684 cm | Severity=75 | SourceName=Sensor | EventType=application | SourceNode=ns=1;s=SensorSource
[Anomaly Input] [2026-08-16 19:33:41.643 (UTC)] info/application	[Sensor] Updated distance: 44.3142925758447 cm | Severity=75 | SourceName=Sensor2 | EventType=application | SourceNode=ns=1;s=SensorSource2
[Anomaly Input] [2026-08-16 19:33:41.645 (UTC)] info/application	[Sensor] Updated distance: 3.54525655859394 cm | Severity=75 | SourceName=Sensor3 | EventType=application | SourceNode=ns=1;s=SensorSource3
[Anomaly Input] [2026-08-16 19:33:42.149 (UTC)] info/application	[Motor] Received distance: 30.6630577494684 cm | Severity=75 | SourceName=Motor | EventType=application | SourceNode=ns=1;s=MotorSource
[Anomaly Input] [2026-08-16 19:33:42.157 (UTC)] info/application	[Motor] Received distance: 44.3142925758447 cm | Severity=75 | SourceName=Motor2 | EventType=application | SourceNode=ns=1;s=MotorSource2
[Anomaly Input] [2026-08-16 19:33:42.159 (UTC)] info/application	[Motor] Received distance: 3.54525655859394 cm | Severity=75 | SourceName=Motor3 | EventType=application | SourceNode=ns=1;s=MotorSource3
[Anomaly Input] [2026-08-16 19:33:42.149 (UTC)] info/application	[Motor] Distance safe (30.6630577494684); rotating motor to 90 degrees | Severity=75 | SourceName=Motor | EventType=application | SourceNode=ns=1;s=MotorSource
[Anomaly Input] [2026-08-16 19:33:42.157 (UTC)] info/application	[Motor] Distance safe (44.3142925758447); rotating motor to 90 degrees | Severity=75 | SourceName=Motor2 | EventType=application | SourceNode=ns=1;s=MotorSource2
[Anomaly Input] [2026-08-16 19:33:42.159 (UTC)] warn/application	[Motor] Distance too close (3.54525655859394); rotating motor to 0 degrees | Severity=175 | SourceName=Motor3 | EventType=application | SourceNode=ns=1;s=MotorSource3
[Anomaly Input] [2026-08-16 19:33:42.644 (UTC)] info/application	[Sensor] Updated distance: 43.2983862547197 cm | Severity=75 | SourceName=Sensor2 | EventType=application | SourceNode=ns=1;s=SensorSource2
[Anomaly Input] [2026-08-16 19:33:42.644 (UTC)] info/application	[Sensor] Updated distance: 32.005396603842 cm | Severity=75 | SourceName=Sensor | EventType=application | SourceNode=ns=1;s=SensorSource
[Anomaly Input] [2026-08-16 19:33:42.644 (UTC)] info/application	[Sensor] Updated distance: 3.39827312431217 cm | Severity=75 | SourceName=Sensor3 | EventType=application | SourceNode=ns=1;s=SensorSource3
[Anomaly Input] [2026-08-16 19:33:43.149 (UTC)] info/application	[Motor] Received distance: 3.39827312431217 cm | Severity=75 | SourceName=Motor3 | EventType=application | SourceNode=ns=1;s=MotorSource3
[Anomaly Input] [2026-08-16 19:33:43.149 (UTC)] info/application	[Motor] Received distance: 43.2983862547197 cm | Severity=75 | SourceName=Motor2 | EventType=application | SourceNode=ns=1;s=MotorSource2
[Anomaly Input] [2026-08-16 19:33:43.157 (UTC)] info/application	[Motor] Received distance: 32.005396603842 cm | Severity=75 | SourceName=Motor | EventType=application | SourceNode=ns=1;s=MotorSource
[Anomaly Input] [2026-08-16 19:33:43.149 (UTC)] warn/application	[Motor] Distance too close (3.39827312431217); rotating motor to 0 degrees | Severity=175 | SourceName=Motor3 | EventType=application | SourceNode=ns=1;s=MotorSource3
[Anomaly Input] [2026-08-16 19:33:43.149 (UTC)] info/application	[Motor] Distance safe (43.2983862547197); rotating motor to 90 degrees | Severity=75 | SourceName=Motor2 | EventType=application | SourceNode=ns=1;s=MotorSource2
[Anomaly Input] [2026-08-16 19:33:43.157 (UTC)] info/application	[Motor] Distance safe (32.005396603842); rotating motor to 90 degrees | Severity=75 | SourceName=Motor | EventType=application | SourceNode=ns=1;s=MotorSource
[Anomaly Input] [2026-08-16 19:33:43.645 (UTC)] info/application	[Sensor] Updated distance: 33.3620177658098 cm | Severity=75 | SourceName=Sensor | EventType=application | SourceNode=ns=1;s=SensorSource
[Anomaly Input] [2026-08-16 19:33:43.645 (UTC)] info/application	[Sensor] Updated distance: 2.35211306128283 cm | Severity=75 | SourceName=Sensor3 | EventType=application | SourceNode=ns=1;s=SensorSource3
[Anomaly Input] [2026-08-16 19:33:43.645 (UTC)] info/application	[Sensor] Updated distance: 44.057949796346 cm | Severity=75 | SourceName=Sensor2 | EventType=application | SourceNode=ns=1;s=SensorSource2
[Anomaly Input] [2026-08-16 19:33:44.150 (UTC)] info/application	[Motor] Received distance: 33.3620177658098 cm | Severity=75 | SourceName=Motor | EventType=application | SourceNode=ns=1;s=MotorSource
[Anomaly Input] [2026-08-16 19:33:44.158 (UTC)] info/application	[Motor] Received distance: 2.35211306128283 cm | Severity=75 | SourceName=Motor3 | EventType=application | SourceNode=ns=1;s=MotorSource3
[Anomaly Input] [2026-08-16 19:33:44.158 (UTC)] info/application	[Motor] Received distance: 44.057949796346 cm | Severity=75 | SourceName=Motor2 | EventType=application | SourceNode=ns=1;s=MotorSource2
[Anomaly Input] [2026-08-16 19:33:44.150 (UTC)] info/application	[Motor] Distance safe (33.3620177658098); rotating motor to 90 degrees | Severity=75 | SourceName=Motor | EventType=application | SourceNode=ns=1;s=MotorSource
[Anomaly Input] [2026-08-16 19:33:44.158 (UTC)] warn/application	[Motor] Distance too close (2.35211306128283); rotating motor to 0 degrees | Severity=175 | SourceName=Motor3 | EventType=application | SourceNode=ns=1;s=MotorSource3
[Anomaly Input] [2026-08-16 19:33:44.158 (UTC)] info/application	[Motor] Distance safe (44.057949796346); rotating motor to 90 degrees | Severity=75 | SourceName=Motor2 | EventType=application | SourceNode=ns=1;s=MotorSource2
[Anomaly Input] [2026-08-16 19:33:44.645 (UTC)] info/application	[Sensor] Updated distance: 42.6542886603411 cm | Severity=75 | SourceName=Sensor2 | EventType=application | SourceNode=ns=1;s=SensorSource2
[Anomaly Input] [2026-08-16 19:33:44.645 (UTC)] info/application	[Sensor] Updated distance: 3.49377542128496 cm | Severity=75 | SourceName=Sensor3 | EventType=application | SourceNode=ns=1;s=SensorSource3
[Anomaly Input] [2026-08-16 19:33:44.645 (UTC)] info/application	[Sensor] Updated distance: 34.7417433477201 cm | Severity=75 | SourceName=Sensor | EventType=application | SourceNode=ns=1;s=SensorSource
[Anomaly Input] [2026-08-16 19:33:45.140 (UTC)] info/application	[Motor] Received distance: 34.7417433477201 cm | Severity=75 | SourceName=Motor | EventType=application | SourceNode=ns=1;s=MotorSource
[Anomaly Input] [2026-08-16 19:33:45.147 (UTC)] info/application	[Motor] Received distance: 42.6542886603411 cm | Severity=75 | SourceName=Motor2 | EventType=application | SourceNode=ns=1;s=MotorSource2
[Anomaly Input] [2026-08-16 19:33:45.147 (UTC)] info/application	[Motor] Received distance: 3.49377542128496 cm | Severity=75 | SourceName=Motor3 | EventType=application | SourceNode=ns=1;s=MotorSource3
[Anomaly Input] [2026-08-16 19:33:45.140 (UTC)] info/application	[Motor] Distance safe (34.7417433477201); rotating motor to 90 degrees | Severity=75 | SourceName=Motor | EventType=application | SourceNode=ns=1;s=MotorSource
[Anomaly Input] [2026-08-16 19:33:45.147 (UTC)] info/application	[Motor] Distance safe (42.6542886603411); rotating motor to 90 degrees | Severity=75 | SourceName=Motor2 | EventType=application | SourceNode=ns=1;s=MotorSource2
[Anomaly Input] [2026-08-16 19:33:45.147 (UTC)] warn/application	[Motor] Distance too close (3.49377542128496); rotating motor to 0 degrees | Severity=175 | SourceName=Motor3 | EventType=application | SourceNode=ns=1;s=MotorSource3
[Anomaly Input] [2026-08-16 19:33:45.645 (UTC)] info/application	[Sensor] Updated distance: 3.37590891093756 cm | Severity=75 | SourceName=Sensor3 | EventType=application | SourceNode=ns=1;s=SensorSource3
[Anomaly Input] [2026-08-16 19:33:45.645 (UTC)] info/application	[Sensor] Updated distance: 35.8428684085807 cm | Severity=75 | SourceName=Sensor | EventType=application | SourceNode=ns=1;s=SensorSource
[Anomaly Input] [2026-08-16 19:33:45.646 (UTC)] info/application	[Sensor] Updated distance: 43.4209154739142 cm | Severity=75 | SourceName=Sensor2 | EventType=application | SourceNode=ns=1;s=SensorSource2
[Anomaly Input] [2026-08-16 19:33:46.147 (UTC)] info/application	[Motor] Received distance: 35.8428684085807 cm | Severity=75 | SourceName=Motor | EventType=application | SourceNode=ns=1;s=MotorSource
[Anomaly Input] [2026-08-16 19:33:46.148 (UTC)] info/application	[Motor] Received distance: 3.37590891093756 cm | Severity=75 | SourceName=Motor3 | EventType=application | SourceNode=ns=1;s=MotorSource3
[Anomaly Input] [2026-08-16 19:33:46.148 (UTC)] info/application	[Motor] Received distance: 43.4209154739142 cm | Severity=75 | SourceName=Motor2 | EventType=application | SourceNode=ns=1;s=MotorSource2
[Anomaly Input] [2026-08-16 19:33:46.147 (UTC)] info/application	[Motor] Distance safe (35.8428684085807); rotating motor to 90 degrees | Severity=75 | SourceName=Motor | EventType=application | SourceNode=ns=1;s=MotorSource
[Anomaly Input] [2026-08-16 19:33:46.148 (UTC)] warn/application	[Motor] Distance too close (3.37590891093756); rotating motor to 0 degrees | Severity=175 | SourceName=Motor3 | EventType=application | SourceNode=ns=1;s=MotorSource3
[Anomaly Input] [2026-08-16 19:33:46.148 (UTC)] info/application	[Motor] Distance safe (43.4209154739142); rotating motor to 90 degrees | Severity=75 | SourceName=Motor2 | EventType=application | SourceNode=ns=1;s=MotorSource2
[Anomaly Input] [2026-08-16 19:33:46.646 (UTC)] info/application	[Sensor] Updated distance: 4.16261957057873 cm | Severity=75 | SourceName=Sensor3 | EventType=application | SourceNode=ns=1;s=SensorSource3
[Anomaly Input] [2026-08-16 19:33:46.646 (UTC)] info/application	[Sensor] Updated distance: 36.8146769294118 cm | Severity=75 | SourceName=Sensor | EventType=application | SourceNode=ns=1;s=SensorSource
[Anomaly Input] [2026-08-16 19:33:46.647 (UTC)] info/application	[Sensor] Updated distance: 42.2551669691481 cm | Severity=75 | SourceName=Sensor2 | EventType=application | SourceNode=ns=1;s=SensorSource2
[Anomaly Input] [2026-08-16 19:33:47.148 (UTC)] info/application	[Motor] Received distance: 36.8146769294118 cm | Severity=75 | SourceName=Motor | EventType=application | SourceNode=ns=1;s=MotorSource
[Anomaly Input] [2026-08-16 19:33:47.148 (UTC)] info/application	[Motor] Received distance: 4.16261957057873 cm | Severity=75 | SourceName=Motor3 | EventType=application | SourceNode=ns=1;s=MotorSource3
[Anomaly Input] [2026-08-16 19:33:47.148 (UTC)] info/application	[Motor] Received distance: 42.2551669691481 cm | Severity=75 | SourceName=Motor2 | EventType=application | SourceNode=ns=1;s=MotorSource2
[Anomaly Input] [2026-08-16 19:33:47.148 (UTC)] info/application	[Motor] Distance safe (36.8146769294118); rotating motor to 90 degrees | Severity=75 | SourceName=Motor | EventType=application | SourceNode=ns=1;s=MotorSource
[Anomaly Input] [2026-08-16 19:33:47.148 (UTC)] warn/application	[Motor] Distance too close (4.16261957057873); rotating motor to 0 degrees | Severity=175 | SourceName=Motor3 | EventType=application | SourceNode=ns=1;s=MotorSource3
[Anomaly Input] [2026-08-16 19:33:47.148 (UTC)] info/application	[Motor] Distance safe (42.2551669691481); rotating motor to 90 degrees | Severity=75 | SourceName=Motor2 | EventType=application | SourceNode=ns=1;s=MotorSource2
[Anomaly Input] [2026-08-16 19:33:47.647 (UTC)] info/application	[Sensor] Updated distance: 40.9512895056751 cm | Severity=75 | SourceName=Sensor2 | EventType=application | SourceNode=ns=1;s=SensorSource2
[Anomaly Input] [2026-08-16 19:33:47.647 (UTC)] info/application	[Sensor] Updated distance: 5.02062393539613 cm | Severity=75 | SourceName=Sensor3 | EventType=application | SourceNode=ns=1;s=SensorSource3
[Anomaly Input] [2026-08-16 19:33:47.647 (UTC)] info/application	[Sensor] Updated distance: 36.0597041379938 cm | Severity=75 | SourceName=Sensor | EventType=application | SourceNode=ns=1;s=SensorSource
[Anomaly Input] [2026-08-16 19:33:48.142 (UTC)] info/application	[Motor] Received distance: 40.9512895056751 cm | Severity=75 | SourceName=Motor2 | EventType=application | SourceNode=ns=1;s=MotorSource2
[Anomaly Input] [2026-08-16 19:33:48.142 (UTC)] info/application	[Motor] Received distance: 36.0597041379938 cm | Severity=75 | SourceName=Motor | EventType=application | SourceNode=ns=1;s=MotorSource
[Anomaly Input] [2026-08-16 19:33:48.149 (UTC)] info/application	[Motor] Received distance: 5.02062393539613 cm | Severity=75 | SourceName=Motor3 | EventType=application | SourceNode=ns=1;s=MotorSource3
[Anomaly Input] [2026-08-16 19:33:48.142 (UTC)] info/application	[Motor] Distance safe (40.9512895056751); rotating motor to 90 degrees | Severity=75 | SourceName=Motor2 | EventType=application | SourceNode=ns=1;s=MotorSource2
[Anomaly Input] [2026-08-16 19:33:48.142 (UTC)] info/application	[Motor] Distance safe (36.0597041379938); rotating motor to 90 degrees | Severity=75 | SourceName=Motor | EventType=application | SourceNode=ns=1;s=MotorSource
[Anomaly Input] [2026-08-16 19:33:48.149 (UTC)] warn/application	[Motor] Distance too close (5.02062393539613); rotating motor to 0 degrees | Severity=175 | SourceName=Motor3 | EventType=application | SourceNode=ns=1;s=MotorSource3
[Anomaly Input] [2026-08-16 19:33:48.647 (UTC)] info/application	[Sensor] Updated distance: 5.6118874666802 cm | Severity=75 | SourceName=Sensor3 | EventType=application | SourceNode=ns=1;s=SensorSource3
[Anomaly Input] [2026-08-16 19:33:48.647 (UTC)] info/application	[Sensor] Updated distance: 37.4568050210163 cm | Severity=75 | SourceName=Sensor | EventType=application | SourceNode=ns=1;s=SensorSource
[Anomaly Input] [2026-08-16 19:33:48.647 (UTC)] info/application	[Sensor] Updated distance: 42.0276688707656 cm | Severity=75 | SourceName=Sensor2 | EventType=application | SourceNode=ns=1;s=SensorSource2
[Anomaly Input] [2026-08-16 19:33:49.147 (UTC)] info/application	[Motor] Received distance: 37.4568050210163 cm | Severity=75 | SourceName=Motor | EventType=application | SourceNode=ns=1;s=MotorSource
[Anomaly Input] [2026-08-16 19:33:49.147 (UTC)] info/application	[Motor] Received distance: 42.0276688707656 cm | Severity=75 | SourceName=Motor2 | EventType=application | SourceNode=ns=1;s=MotorSource2
[Anomaly Input] [2026-08-16 19:33:49.149 (UTC)] info/application	[Motor] Received distance: 5.6118874666802 cm | Severity=75 | SourceName=Motor3 | EventType=application | SourceNode=ns=1;s=MotorSource3
[Anomaly Input] [2026-08-16 19:33:49.147 (UTC)] info/application	[Motor] Distance safe (37.4568050210163); rotating motor to 90 degrees | Severity=75 | SourceName=Motor | EventType=application | SourceNode=ns=1;s=MotorSource
[Anomaly Input] [2026-08-16 19:33:49.147 (UTC)] info/application	[Motor] Distance safe (42.0276688707656); rotating motor to 90 degrees | Severity=75 | SourceName=Motor2 | EventType=application | SourceNode=ns=1;s=MotorSource2
[Anomaly Input] [2026-08-16 19:33:49.149 (UTC)] warn/application	[Motor] Distance too close (5.6118874666802); rotating motor to 0 degrees | Severity=175 | SourceName=Motor3 | EventType=application | SourceNode=ns=1;s=MotorSource3
[Anomaly Input] [2026-08-16 19:33:49.648 (UTC)] info/application	[Sensor] Updated distance: 43.0303366296135 cm | Severity=75 | SourceName=Sensor2 | EventType=application | SourceNode=ns=1;s=SensorSource2
[Anomaly Input] [2026-08-16 19:33:49.648 (UTC)] info/application	[Sensor] Updated distance: 37.3023308363288 cm | Severity=75 | SourceName=Sensor | EventType=application | SourceNode=ns=1;s=SensorSource
[Anomaly Input] [2026-08-16 19:33:49.648 (UTC)] info/application	[Sensor] Updated distance: 4.11417234414916 cm | Severity=75 | SourceName=Sensor3 | EventType=application | SourceNode=ns=1;s=SensorSource3
[Anomaly Input] [2026-08-16 19:33:50.144 (UTC)] info/application	[Motor] Received distance: 4.11417234414916 cm | Severity=75 | SourceName=Motor3 | EventType=application | SourceNode=ns=1;s=MotorSource3
[Anomaly Input] [2026-08-16 19:33:50.148 (UTC)] info/application	[Motor] Received distance: 43.0303366296135 cm | Severity=75 | SourceName=Motor2 | EventType=application | SourceNode=ns=1;s=MotorSource2
[Anomaly Input] [2026-08-16 19:33:50.148 (UTC)] info/application	[Motor] Received distance: 37.3023308363288 cm | Severity=75 | SourceName=Motor | EventType=application | SourceNode=ns=1;s=MotorSource
[Anomaly Input] [2026-08-16 19:33:50.144 (UTC)] warn/application	[Motor] Distance too close (4.11417234414916); rotating motor to 0 degrees | Severity=175 | SourceName=Motor3 | EventType=application | SourceNode=ns=1;s=MotorSource3
[Anomaly Input] [2026-08-16 19:33:50.148 (UTC)] info/application	[Motor] Distance safe (43.0303366296135); rotating motor to 90 degrees | Severity=75 | SourceName=Motor2 | EventType=application | SourceNode=ns=1;s=MotorSource2
[Anomaly Input] [2026-08-16 19:33:50.148 (UTC)] info/application	[Motor] Distance safe (37.3023308363288); rotating motor to 90 degrees | Severity=75 | SourceName=Motor | EventType=application | SourceNode=ns=1;s=MotorSource
[Anomaly Input] [2026-08-16 19:33:50.649 (UTC)] info/application	[Sensor] Updated distance: 2.84251093926956 cm | Severity=75 | SourceName=Sensor3 | EventType=application | SourceNode=ns=1;s=SensorSource3
[Anomaly Input] [2026-08-16 19:33:50.649 (UTC)] info/application	[Sensor] Updated distance: 42.2112325265591 cm | Severity=75 | SourceName=Sensor2 | EventType=application | SourceNode=ns=1;s=SensorSource2
[Anomaly Input] [2026-08-16 19:33:50.649 (UTC)] info/application	[Sensor] Updated distance: 37.8803939681409 cm | Severity=75 | SourceName=Sensor | EventType=application | SourceNode=ns=1;s=SensorSource
[Anomaly Input] [2026-08-16 19:33:51.144 (UTC)] info/application	[Motor] Received distance: 37.8803939681409 cm | Severity=75 | SourceName=Motor | EventType=application | SourceNode=ns=1;s=MotorSource
[Anomaly Input] [2026-08-16 19:33:51.147 (UTC)] info/application	[Motor] Received distance: 2.84251093926956 cm | Severity=75 | SourceName=Motor3 | EventType=application | SourceNode=ns=1;s=MotorSource3
[Anomaly Input] [2026-08-16 19:33:51.148 (UTC)] info/application	[Motor] Received distance: 42.2112325265591 cm | Severity=75 | SourceName=Motor2 | EventType=application | SourceNode=ns=1;s=MotorSource2
[Anomaly Input] [2026-08-16 19:33:51.144 (UTC)] info/application	[Motor] Distance safe (37.8803939681409); rotating motor to 90 degrees | Severity=75 | SourceName=Motor | EventType=application | SourceNode=ns=1;s=MotorSource
[Anomaly Input] [2026-08-16 19:33:51.147 (UTC)] warn/application	[Motor] Distance too close (2.84251093926956); rotating motor to 0 degrees | Severity=175 | SourceName=Motor3 | EventType=application | SourceNode=ns=1;s=MotorSource3
[Anomaly Input] [2026-08-16 19:33:51.148 (UTC)] info/application	[Motor] Distance safe (42.2112325265591); rotating motor to 90 degrees | Severity=75 | SourceName=Motor2 | EventType=application | SourceNode=ns=1;s=MotorSource2
[Anomaly Input] [2026-08-16 19:33:51.649 (UTC)] info/application	[Sensor] Updated distance: 37.4103172586348 cm | Severity=75 | SourceName=Sensor | EventType=application | SourceNode=ns=1;s=SensorSource
[Anomaly Input] [2026-08-16 19:33:51.649 (UTC)] info/application	[Sensor] Updated distance: 2.29393188389668 cm | Severity=75 | SourceName=Sensor3 | EventType=application | SourceNode=ns=1;s=SensorSource3
[Anomaly Input] [2026-08-16 19:33:51.649 (UTC)] info/application	[Sensor] Updated distance: 40.7335191647213 cm | Severity=75 | SourceName=Sensor2 | EventType=application | SourceNode=ns=1;s=SensorSource2
[Anomaly Input] [2026-08-16 19:33:52.147 (UTC)] info/application	[Motor] Received distance: 37.4103172586348 cm | Severity=75 | SourceName=Motor | EventType=application | SourceNode=ns=1;s=MotorSource
[Anomaly Input] [2026-08-16 19:33:52.148 (UTC)] info/application	[Motor] Received distance: 2.29393188389668 cm | Severity=75 | SourceName=Motor3 | EventType=application | SourceNode=ns=1;s=MotorSource3
[Anomaly Input] [2026-08-16 19:33:52.149 (UTC)] info/application	[Motor] Received distance: 40.7335191647213 cm | Severity=75 | SourceName=Motor2 | EventType=application | SourceNode=ns=1;s=MotorSource2
[Anomaly Input] [2026-08-16 19:33:52.147 (UTC)] info/application	[Motor] Distance safe (37.4103172586348); rotating motor to 90 degrees | Severity=75 | SourceName=Motor | EventType=application | SourceNode=ns=1;s=MotorSource
[Anomaly Input] [2026-08-16 19:33:52.148 (UTC)] warn/application	[Motor] Distance too close (2.29393188389668); rotating motor to 0 degrees | Severity=175 | SourceName=Motor3 | EventType=application | SourceNode=ns=1;s=MotorSource3
[Anomaly Input] [2026-08-16 19:33:52.149 (UTC)] info/application	[Motor] Distance safe (40.7335191647213); rotating motor to 90 degrees | Severity=75 | SourceName=Motor2 | EventType=application | SourceNode=ns=1;s=MotorSource2
[Anomaly Input] [2026-08-16 19:33:52.640 (UTC)] info/application	[Sensor] Updated distance: 2.66171540280883 cm | Severity=75 | SourceName=Sensor3 | EventType=application | SourceNode=ns=1;s=SensorSource3
[Anomaly Input] [2026-08-16 19:33:52.640 (UTC)] info/application	[Sensor] Updated distance: 38.7754247147941 cm | Severity=75 | SourceName=Sensor | EventType=application | SourceNode=ns=1;s=SensorSource
[Anomaly Input] [2026-08-16 19:33:52.640 (UTC)] info/application	[Sensor] Updated distance: 40.1826777833899 cm | Severity=75 | SourceName=Sensor2 | EventType=application | SourceNode=ns=1;s=SensorSource2
[Anomaly Input] [2026-08-16 19:33:53.146 (UTC)] info/application	[Motor] Received distance: 40.1826777833899 cm | Severity=75 | SourceName=Motor2 | EventType=application | SourceNode=ns=1;s=MotorSource2
[Anomaly Input] [2026-08-16 19:33:53.148 (UTC)] info/application	[Motor] Received distance: 38.7754247147941 cm | Severity=75 | SourceName=Motor | EventType=application | SourceNode=ns=1;s=MotorSource
[Anomaly Input] [2026-08-16 19:33:53.148 (UTC)] info/application	[Motor] Received distance: 2.66171540280883 cm | Severity=75 | SourceName=Motor3 | EventType=application | SourceNode=ns=1;s=MotorSource3
[Anomaly Input] [2026-08-16 19:33:53.146 (UTC)] info/application	[Motor] Distance safe (40.1826777833899); rotating motor to 90 degrees | Severity=75 | SourceName=Motor2 | EventType=application | SourceNode=ns=1;s=MotorSource2
[Anomaly Input] [2026-08-16 19:33:53.148 (UTC)] info/application	[Motor] Distance safe (38.7754247147941); rotating motor to 90 degrees | Severity=75 | SourceName=Motor | EventType=application | SourceNode=ns=1;s=MotorSource
[Anomaly Input] [2026-08-16 19:33:53.148 (UTC)] warn/application	[Motor] Distance too close (2.66171540280883); rotating motor to 0 degrees | Severity=175 | SourceName=Motor3 | EventType=application | SourceNode=ns=1;s=MotorSource3
[Anomaly Input] [2026-08-16 19:33:53.641 (UTC)] info/application	[Sensor] Updated distance: 38.8363196890971 cm | Severity=75 | SourceName=Sensor2 | EventType=application | SourceNode=ns=1;s=SensorSource2
[Anomaly Input] [2026-08-16 19:33:53.641 (UTC)] info/application	[Sensor] Updated distance: 37.51251710137 cm | Severity=75 | SourceName=Sensor | EventType=application | SourceNode=ns=1;s=SensorSource
[Anomaly Input] [2026-08-16 19:33:53.641 (UTC)] info/application	[Sensor] Updated distance: 2.64036533126624 cm | Severity=75 | SourceName=Sensor3 | EventType=application | SourceNode=ns=1;s=SensorSource3
[Anomaly Input] [2026-08-16 19:33:54.147 (UTC)] info/application	[Motor] Received distance: 38.8363196890971 cm | Severity=75 | SourceName=Motor2 | EventType=application | SourceNode=ns=1;s=MotorSource2
[Anomaly Input] [2026-08-16 19:33:54.147 (UTC)] info/application	[Motor] Received distance: 2.64036533126624 cm | Severity=75 | SourceName=Motor3 | EventType=application | SourceNode=ns=1;s=MotorSource3
[Anomaly Input] [2026-08-16 19:33:54.148 (UTC)] info/application	[Motor] Received distance: 37.51251710137 cm | Severity=75 | SourceName=Motor | EventType=application | SourceNode=ns=1;s=MotorSource
[Anomaly Input] [2026-08-16 19:33:54.147 (UTC)] info/application	[Motor] Distance safe (38.8363196890971); rotating motor to 90 degrees | Severity=75 | SourceName=Motor2 | EventType=application | SourceNode=ns=1;s=MotorSource2
[Anomaly Input] [2026-08-16 19:33:54.147 (UTC)] warn/application	[Motor] Distance too close (2.64036533126624); rotating motor to 0 degrees | Severity=175 | SourceName=Motor3 | EventType=application | SourceNode=ns=1;s=MotorSource3
[Anomaly Input] [2026-08-16 19:33:54.148 (UTC)] info/application	[Motor] Distance safe (37.51251710137); rotating motor to 90 degrees | Severity=75 | SourceName=Motor | EventType=application | SourceNode=ns=1;s=MotorSource
[Anomaly Input] [2026-08-16 19:33:54.642 (UTC)] info/application	[Sensor] Updated distance: 37.2530722444659 cm | Severity=75 | SourceName=Sensor | EventType=application | SourceNode=ns=1;s=SensorSource
[Anomaly Input] [2026-08-16 19:33:54.642 (UTC)] info/application	[Sensor] Updated distance: 2.36865207826191 cm | Severity=75 | SourceName=Sensor3 | EventType=application | SourceNode=ns=1;s=SensorSource3
[Anomaly Input] [2026-08-16 19:33:54.642 (UTC)] info/application	[Sensor] Updated distance: 39.6674322528613 cm | Severity=75 | SourceName=Sensor2 | EventType=application | SourceNode=ns=1;s=SensorSource2
[Anomaly Input] [2026-08-16 19:33:55.148 (UTC)] info/application	[Motor] Received distance: 39.6674322528613 cm | Severity=75 | SourceName=Motor2 | EventType=application | SourceNode=ns=1;s=MotorSource2
[Anomaly Input] [2026-08-16 19:33:55.148 (UTC)] info/application	[Motor] Received distance: 2.36865207826191 cm | Severity=75 | SourceName=Motor3 | EventType=application | SourceNode=ns=1;s=MotorSource3
[Anomaly Input] [2026-08-16 19:33:55.156 (UTC)] info/application	[Motor] Received distance: 37.2530722444659 cm | Severity=75 | SourceName=Motor | EventType=application | SourceNode=ns=1;s=MotorSource
[Anomaly Input] [2026-08-16 19:33:55.148 (UTC)] info/application	[Motor] Distance safe (39.6674322528613); rotating motor to 90 degrees | Severity=75 | SourceName=Motor2 | EventType=application | SourceNode=ns=1;s=MotorSource2
[Anomaly Input] [2026-08-16 19:33:55.148 (UTC)] warn/application	[Motor] Distance too close (2.36865207826191); rotating motor to 0 degrees | Severity=175 | SourceName=Motor3 | EventType=application | SourceNode=ns=1;s=MotorSource3
[Anomaly Input] [2026-08-16 19:33:55.156 (UTC)] info/application	[Motor] Distance safe (37.2530722444659); rotating motor to 90 degrees | Severity=75 | SourceName=Motor | EventType=application | SourceNode=ns=1;s=MotorSource
[Anomaly Input] [2026-08-16 19:33:55.643 (UTC)] info/application	[Sensor] Updated distance: 35.773165514587 cm | Severity=75 | SourceName=Sensor | EventType=application | SourceNode=ns=1;s=SensorSource
[Anomaly Input] [2026-08-16 19:33:55.643 (UTC)] info/application	[Sensor] Updated distance: 2.44755401948818 cm | Severity=75 | SourceName=Sensor3 | EventType=application | SourceNode=ns=1;s=SensorSource3
[Anomaly Input] [2026-08-16 19:33:55.643 (UTC)] info/application	[Sensor] Updated distance: 40.9210112802317 cm | Severity=75 | SourceName=Sensor2 | EventType=application | SourceNode=ns=1;s=SensorSource2
[Anomaly Input] [2026-08-16 19:33:56.148 (UTC)] info/application	[Motor] Received distance: 35.773165514587 cm | Severity=75 | SourceName=Motor | EventType=application | SourceNode=ns=1;s=MotorSource
[Anomaly Input] [2026-08-16 19:33:56.148 (UTC)] info/application	[Motor] Received distance: 2.44755401948818 cm | Severity=75 | SourceName=Motor3 | EventType=application | SourceNode=ns=1;s=MotorSource3
[Anomaly Input] [2026-08-16 19:33:56.148 (UTC)] info/application	[Motor] Received distance: 40.9210112802317 cm | Severity=75 | SourceName=Motor2 | EventType=application | SourceNode=ns=1;s=MotorSource2
[Anomaly Input] [2026-08-16 19:33:56.148 (UTC)] info/application	[Motor] Distance safe (35.773165514587); rotating motor to 90 degrees | Severity=75 | SourceName=Motor | EventType=application | SourceNode=ns=1;s=MotorSource
[Anomaly Input] [2026-08-16 19:33:56.148 (UTC)] warn/application	[Motor] Distance too close (2.44755401948818); rotating motor to 0 degrees | Severity=175 | SourceName=Motor3 | EventType=application | SourceNode=ns=1;s=MotorSource3
[Anomaly Input] [2026-08-16 19:33:56.148 (UTC)] info/application	[Motor] Distance safe (40.9210112802317); rotating motor to 90 degrees | Severity=75 | SourceName=Motor2 | EventType=application | SourceNode=ns=1;s=MotorSource2
[Anomaly Input] [2026-08-16 19:33:56.643 (UTC)] info/application	[Sensor] Updated distance: 34.6932508652998 cm | Severity=75 | SourceName=Sensor | EventType=application | SourceNode=ns=1;s=SensorSource
[Anomaly Input] [2026-08-16 19:33:56.643 (UTC)] info/application	[Sensor] Updated distance: 2.87550668948122 cm | Severity=75 | SourceName=Sensor3 | EventType=application | SourceNode=ns=1;s=SensorSource3
[Anomaly Input] [2026-08-16 19:33:56.643 (UTC)] info/application	[Sensor] Updated distance: 41.636385439493 cm | Severity=75 | SourceName=Sensor2 | EventType=application | SourceNode=ns=1;s=SensorSource2
[Anomaly Input] [2026-08-16 19:33:57.148 (UTC)] info/application	[Motor] Received distance: 41.636385439493 cm | Severity=75 | SourceName=Motor2 | EventType=application | SourceNode=ns=1;s=MotorSource2
[Anomaly Input] [2026-08-16 19:33:57.148 (UTC)] info/application	[Motor] Received distance: 2.87550668948122 cm | Severity=75 | SourceName=Motor3 | EventType=application | SourceNode=ns=1;s=MotorSource3
[Anomaly Input] [2026-08-16 19:33:57.156 (UTC)] info/application	[Motor] Received distance: 34.6932508652998 cm | Severity=75 | SourceName=Motor | EventType=application | SourceNode=ns=1;s=MotorSource
[Anomaly Input] [2026-08-16 19:33:57.148 (UTC)] info/application	[Motor] Distance safe (41.636385439493); rotating motor to 90 degrees | Severity=75 | SourceName=Motor2 | EventType=application | SourceNode=ns=1;s=MotorSource2
[Anomaly Input] [2026-08-16 19:33:57.148 (UTC)] warn/application	[Motor] Distance too close (2.87550668948122); rotating motor to 0 degrees | Severity=175 | SourceName=Motor3 | EventType=application | SourceNode=ns=1;s=MotorSource3
[Anomaly Input] [2026-08-16 19:33:57.156 (UTC)] info/application	[Motor] Distance safe (34.6932508652998); rotating motor to 90 degrees | Severity=75 | SourceName=Motor | EventType=application | SourceNode=ns=1;s=MotorSource
[Anomaly Input] [2026-08-16 19:33:57.643 (UTC)] info/application	[Sensor] Updated distance: 33.8689732071334 cm | Severity=75 | SourceName=Sensor | EventType=application | SourceNode=ns=1;s=SensorSource
[Anomaly Input] [2026-08-16 19:33:57.643 (UTC)] info/application	[Sensor] Updated distance: 3.09340719370797 cm | Severity=75 | SourceName=Sensor3 | EventType=application | SourceNode=ns=1;s=SensorSource3
[Anomaly Input] [2026-08-16 19:33:57.643 (UTC)] info/application	[Sensor] Updated distance: 42.0417054929034 cm | Severity=75 | SourceName=Sensor2 | EventType=application | SourceNode=ns=1;s=SensorSource2
[Anomaly Input] [2026-08-16 19:33:58.148 (UTC)] info/application	[Motor] Received distance: 33.8689732071334 cm | Severity=75 | SourceName=Motor | EventType=application | SourceNode=ns=1;s=MotorSource
[Anomaly Input] [2026-08-16 19:33:58.149 (UTC)] info/application	[Motor] Received distance: 3.09340719370797 cm | Severity=75 | SourceName=Motor3 | EventType=application | SourceNode=ns=1;s=MotorSource3
[Anomaly Input] [2026-08-16 19:33:58.156 (UTC)] info/application	[Motor] Received distance: 42.0417054929034 cm | Severity=75 | SourceName=Motor2 | EventType=application | SourceNode=ns=1;s=MotorSource2
[Anomaly Input] [2026-08-16 19:33:58.148 (UTC)] info/application	[Motor] Distance safe (33.8689732071334); rotating motor to 90 degrees | Severity=75 | SourceName=Motor | EventType=application | SourceNode=ns=1;s=MotorSource
[Anomaly Input] [2026-08-16 19:33:58.149 (UTC)] warn/application	[Motor] Distance too close (3.09340719370797); rotating motor to 0 degrees | Severity=175 | SourceName=Motor3 | EventType=application | SourceNode=ns=1;s=MotorSource3
[Anomaly Input] [2026-08-16 19:33:58.156 (UTC)] info/application	[Motor] Distance safe (42.0417054929034); rotating motor to 90 degrees | Severity=75 | SourceName=Motor2 | EventType=application | SourceNode=ns=1;s=MotorSource2
[Anomaly Input] [2026-08-16 19:33:58.643 (UTC)] info/application	[Sensor] Updated distance: 33.7189790966078 cm | Severity=75 | SourceName=Sensor | EventType=application | SourceNode=ns=1;s=SensorSource
[Anomaly Input] [2026-08-16 19:33:58.643 (UTC)] info/application	[Sensor] Updated distance: 2.5761064337921 cm | Severity=75 | SourceName=Sensor3 | EventType=application | SourceNode=ns=1;s=SensorSource3
[Anomaly Input] [2026-08-16 19:33:58.643 (UTC)] info/application	[Sensor] Updated distance: 42.4891084753858 cm | Severity=75 | SourceName=Sensor2 | EventType=application | SourceNode=ns=1;s=SensorSource2
[Anomaly Input] [2026-08-16 19:33:59.149 (UTC)] info/application	[Motor] Received distance: 42.4891084753858 cm | Severity=75 | SourceName=Motor2 | EventType=application | SourceNode=ns=1;s=MotorSource2
[Anomaly Input] [2026-08-16 19:33:59.149 (UTC)] info/application	[Motor] Received distance: 2.5761064337921 cm | Severity=75 | SourceName=Motor3 | EventType=application | SourceNode=ns=1;s=MotorSource3
[Anomaly Input] [2026-08-16 19:33:59.156 (UTC)] info/application	[Motor] Received distance: 33.7189790966078 cm | Severity=75 | SourceName=Motor | EventType=application | SourceNode=ns=1;s=MotorSource
[Anomaly Input] [2026-08-16 19:33:59.149 (UTC)] info/application	[Motor] Distance safe (42.4891084753858); rotating motor to 90 degrees | Severity=75 | SourceName=Motor2 | EventType=application | SourceNode=ns=1;s=MotorSource2
[Anomaly Input] [2026-08-16 19:33:59.149 (UTC)] warn/application	[Motor] Distance too close (2.5761064337921); rotating motor to 0 degrees | Severity=175 | SourceName=Motor3 | EventType=application | SourceNode=ns=1;s=MotorSource3
[Anomaly Input] [2026-08-16 19:33:59.157 (UTC)] info/application	[Motor] Distance safe (33.7189790966078); rotating motor to 90 degrees | Severity=75 | SourceName=Motor | EventType=application | SourceNode=ns=1;s=MotorSource
[Anomaly Input] [2026-08-16 19:33:59.643 (UTC)] info/application	[Sensor] Updated distance: 33.3218459372045 cm | Severity=75 | SourceName=Sensor | EventType=application | SourceNode=ns=1;s=SensorSource
[Anomaly Input] [2026-08-16 19:33:59.643 (UTC)] info/application	[Sensor] Updated distance: 2.10667996020368 cm | Severity=75 | SourceName=Sensor3 | EventType=application | SourceNode=ns=1;s=SensorSource3
[Anomaly Input] [2026-08-16 19:33:59.643 (UTC)] info/application	[Sensor] Updated distance: 43.7565609662592 cm | Severity=75 | SourceName=Sensor2 | EventType=application | SourceNode=ns=1;s=SensorSource2
[Anomaly Input] [2026-08-16 19:34:00.149 (UTC)] info/application	[Motor] Received distance: 33.3218459372045 cm | Severity=75 | SourceName=Motor | EventType=application | SourceNode=ns=1;s=MotorSource
[Anomaly Input] [2026-08-16 19:34:00.149 (UTC)] info/application	[Motor] Received distance: 2.10667996020368 cm | Severity=75 | SourceName=Motor3 | EventType=application | SourceNode=ns=1;s=MotorSource3
[Anomaly Input] [2026-08-16 19:34:00.157 (UTC)] info/application	[Motor] Received distance: 43.7565609662592 cm | Severity=75 | SourceName=Motor2 | EventType=application | SourceNode=ns=1;s=MotorSource2
[Anomaly Input] [2026-08-16 19:34:00.149 (UTC)] info/application	[Motor] Distance safe (33.3218459372045); rotating motor to 90 degrees | Severity=75 | SourceName=Motor | EventType=application | SourceNode=ns=1;s=MotorSource
[Anomaly Input] [2026-08-16 19:34:00.149 (UTC)] warn/application	[Motor] Distance too close (2.10667996020368); rotating motor to 0 degrees | Severity=175 | SourceName=Motor3 | EventType=application | SourceNode=ns=1;s=MotorSource3
[Anomaly Input] [2026-08-16 19:34:00.157 (UTC)] info/application	[Motor] Distance safe (43.7565609662592); rotating motor to 90 degrees | Severity=75 | SourceName=Motor2 | EventType=application | SourceNode=ns=1;s=MotorSource2
[Anomaly Input] [2026-08-16 19:34:00.643 (UTC)] info/application	[Sensor] Updated distance: 2.61135689500318 cm | Severity=75 | SourceName=Sensor3 | EventType=application | SourceNode=ns=1;s=SensorSource3
[Anomaly Input] [2026-08-16 19:34:00.644 (UTC)] info/application	[Sensor] Updated distance: 34.6499264268903 cm | Severity=75 | SourceName=Sensor | EventType=application | SourceNode=ns=1;s=SensorSource
[Anomaly Input] [2026-08-16 19:34:00.644 (UTC)] info/application	[Sensor] Updated distance: 43.9096332119823 cm | Severity=75 | SourceName=Sensor2 | EventType=application | SourceNode=ns=1;s=SensorSource2
[Anomaly Input] [2026-08-16 19:34:01.149 (UTC)] info/application	[Motor] Received distance: 2.61135689500318 cm | Severity=75 | SourceName=Motor3 | EventType=application | SourceNode=ns=1;s=MotorSource3
[Anomaly Input] [2026-08-16 19:34:01.149 (UTC)] info/application	[Motor] Received distance: 43.9096332119823 cm | Severity=75 | SourceName=Motor2 | EventType=application | SourceNode=ns=1;s=MotorSource2
[Anomaly Input] [2026-08-16 19:34:01.157 (UTC)] info/application	[Motor] Received distance: 34.6499264268903 cm | Severity=75 | SourceName=Motor | EventType=application | SourceNode=ns=1;s=MotorSource
[Anomaly Input] [2026-08-16 19:34:01.149 (UTC)] warn/application	[Motor] Distance too close (2.61135689500318); rotating motor to 0 degrees | Severity=175 | SourceName=Motor3 | EventType=application | SourceNode=ns=1;s=MotorSource3
[Anomaly Input] [2026-08-16 19:34:01.149 (UTC)] info/application	[Motor] Distance safe (43.9096332119823); rotating motor to 90 degrees | Severity=75 | SourceName=Motor2 | EventType=application | SourceNode=ns=1;s=MotorSource2
[Anomaly Input] [2026-08-16 19:34:01.157 (UTC)] info/application	[Motor] Distance safe (34.6499264268903); rotating motor to 90 degrees | Severity=75 | SourceName=Motor | EventType=application | SourceNode=ns=1;s=MotorSource
[Anomaly Input] [2026-08-16 19:34:01.644 (UTC)] info/application	[Sensor] Updated distance: 4.07875769263076 cm | Severity=75 | SourceName=Sensor3 | EventType=application | SourceNode=ns=1;s=SensorSource3
[Anomaly Input] [2026-08-16 19:34:01.644 (UTC)] info/application	[Sensor] Updated distance: 33.5002676125151 cm | Severity=75 | SourceName=Sensor | EventType=application | SourceNode=ns=1;s=SensorSource
[Anomaly Input] [2026-08-16 19:34:01.644 (UTC)] info/application	[Sensor] Updated distance: 44.8817743965806 cm | Severity=75 | SourceName=Sensor2 | EventType=application | SourceNode=ns=1;s=SensorSource2
[Anomaly Input] [2026-08-16 19:34:02.149 (UTC)] info/application	[Motor] Received distance: 33.5002676125151 cm | Severity=75 | SourceName=Motor | EventType=application | SourceNode=ns=1;s=MotorSource
[Anomaly Input] [2026-08-16 19:34:02.158 (UTC)] info/application	[Motor] Received distance: 4.07875769263076 cm | Severity=75 | SourceName=Motor3 | EventType=application | SourceNode=ns=1;s=MotorSource3
[Anomaly Input] [2026-08-16 19:34:02.158 (UTC)] info/application	[Motor] Received distance: 44.8817743965806 cm | Severity=75 | SourceName=Motor2 | EventType=application | SourceNode=ns=1;s=MotorSource2
[Anomaly Input] [2026-08-16 19:34:02.149 (UTC)] info/application	[Motor] Distance safe (33.5002676125151); rotating motor to 90 degrees | Severity=75 | SourceName=Motor | EventType=application | SourceNode=ns=1;s=MotorSource
[Anomaly Input] [2026-08-16 19:34:02.158 (UTC)] warn/application	[Motor] Distance too close (4.07875769263076); rotating motor to 0 degrees | Severity=175 | SourceName=Motor3 | EventType=application | SourceNode=ns=1;s=MotorSource3
[Anomaly Input] [2026-08-16 19:34:02.158 (UTC)] info/application	[Motor] Distance safe (44.8817743965806); rotating motor to 90 degrees | Severity=75 | SourceName=Motor2 | EventType=application | SourceNode=ns=1;s=MotorSource2
[Anomaly Input] [2026-08-16 19:34:02.644 (UTC)] info/application	[Sensor] Updated distance: 4.19669659607891 cm | Severity=75 | SourceName=Sensor3 | EventType=application | SourceNode=ns=1;s=SensorSource3
[Anomaly Input] [2026-08-16 19:34:02.644 (UTC)] info/application	[Sensor] Updated distance: 46.0303225640815 cm | Severity=75 | SourceName=Sensor2 | EventType=application | SourceNode=ns=1;s=SensorSource2
[Anomaly Input] [2026-08-16 19:34:02.644 (UTC)] info/application	[Sensor] Updated distance: 34.7596586012559 cm | Severity=75 | SourceName=Sensor | EventType=application | SourceNode=ns=1;s=SensorSource
[Anomaly Input] [2026-08-16 19:34:03.149 (UTC)] info/application	[Motor] Received distance: 4.19669659607891 cm | Severity=75 | SourceName=Motor3 | EventType=application | SourceNode=ns=1;s=MotorSource3
[Anomaly Input] [2026-08-16 19:34:03.150 (UTC)] info/application	[Motor] Received distance: 46.0303225640815 cm | Severity=75 | SourceName=Motor2 | EventType=application | SourceNode=ns=1;s=MotorSource2
[Anomaly Input] [2026-08-16 19:34:03.158 (UTC)] info/application	[Motor] Received distance: 34.7596586012559 cm | Severity=75 | SourceName=Motor | EventType=application | SourceNode=ns=1;s=MotorSource
[Anomaly Input] [2026-08-16 19:34:03.149 (UTC)] warn/application	[Motor] Distance too close (4.19669659607891); rotating motor to 0 degrees | Severity=175 | SourceName=Motor3 | EventType=application | SourceNode=ns=1;s=MotorSource3
[Anomaly Input] [2026-08-16 19:34:03.150 (UTC)] info/application	[Motor] Distance safe (46.0303225640815); rotating motor to 90 degrees | Severity=75 | SourceName=Motor2 | EventType=application | SourceNode=ns=1;s=MotorSource2
[Anomaly Input] [2026-08-16 19:34:03.158 (UTC)] info/application	[Motor] Distance safe (34.7596586012559); rotating motor to 90 degrees | Severity=75 | SourceName=Motor | EventType=application | SourceNode=ns=1;s=MotorSource
[Anomaly Input] [2026-08-16 19:34:03.644 (UTC)] info/application	[Sensor] Updated distance: 45.7894633579019 cm | Severity=75 | SourceName=Sensor2 | EventType=application | SourceNode=ns=1;s=SensorSource2
[Anomaly Input] [2026-08-16 19:34:03.644 (UTC)] info/application	[Sensor] Updated distance: 5.41937929271692 cm | Severity=75 | SourceName=Sensor3 | EventType=application | SourceNode=ns=1;s=SensorSource3
[Anomaly Input] [2026-08-16 19:34:03.644 (UTC)] info/application	[Sensor] Updated distance: 33.8385128443309 cm | Severity=75 | SourceName=Sensor | EventType=application | SourceNode=ns=1;s=SensorSource
[Anomaly Input] [2026-08-16 19:34:04.140 (UTC)] info/application	[Motor] Received distance: 5.41937929271692 cm | Severity=75 | SourceName=Motor3 | EventType=application | SourceNode=ns=1;s=MotorSource3
[Anomaly Input] [2026-08-16 19:34:04.147 (UTC)] info/application	[Motor] Received distance: 33.8385128443309 cm | Severity=75 | SourceName=Motor | EventType=application | SourceNode=ns=1;s=MotorSource
[Anomaly Input] [2026-08-16 19:34:04.157 (UTC)] info/application	[Motor] Received distance: 45.7894633579019 cm | Severity=75 | SourceName=Motor2 | EventType=application | SourceNode=ns=1;s=MotorSource2
[Anomaly Input] [2026-08-16 19:34:04.140 (UTC)] warn/application	[Motor] Distance too close (5.41937929271692); rotating motor to 0 degrees | Severity=175 | SourceName=Motor3 | EventType=application | SourceNode=ns=1;s=MotorSource3
[Anomaly Input] [2026-08-16 19:34:04.147 (UTC)] info/application	[Motor] Distance safe (33.8385128443309); rotating motor to 90 degrees | Severity=75 | SourceName=Motor | EventType=application | SourceNode=ns=1;s=MotorSource
[Anomaly Input] [2026-08-16 19:34:04.157 (UTC)] info/application	[Motor] Distance safe (45.7894633579019); rotating motor to 90 degrees | Severity=75 | SourceName=Motor2 | EventType=application | SourceNode=ns=1;s=MotorSource2
[Anomaly Input] [2026-08-16 19:34:04.645 (UTC)] info/application	[Sensor] Updated distance: 47.0269912027414 cm | Severity=75 | SourceName=Sensor2 | EventType=application | SourceNode=ns=1;s=SensorSource2
[Anomaly Input] [2026-08-16 19:34:04.645 (UTC)] info/application	[Sensor] Updated distance: 34.8122752622293 cm | Severity=75 | SourceName=Sensor | EventType=application | SourceNode=ns=1;s=SensorSource
[Anomaly Input] [2026-08-16 19:34:04.645 (UTC)] info/application	[Sensor] Updated distance: 6.76245300809968 cm | Severity=75 | SourceName=Sensor3 | EventType=application | SourceNode=ns=1;s=SensorSource3
[Anomaly Input] [2026-08-16 19:34:05.146 (UTC)] info/application	[Motor] Received distance: 47.0269912027414 cm | Severity=75 | SourceName=Motor2 | EventType=application | SourceNode=ns=1;s=MotorSource2
[Anomaly Input] [2026-08-16 19:34:05.148 (UTC)] info/application	[Motor] Received distance: 34.8122752622293 cm | Severity=75 | SourceName=Motor | EventType=application | SourceNode=ns=1;s=MotorSource
[Anomaly Input] [2026-08-16 19:34:05.149 (UTC)] info/application	[Motor] Received distance: 6.76245300809968 cm | Severity=75 | SourceName=Motor3 | EventType=application | SourceNode=ns=1;s=MotorSource3
[Anomaly Input] [2026-08-16 19:34:05.146 (UTC)] info/application	[Motor] Distance safe (47.0269912027414); rotating motor to 90 degrees | Severity=75 | SourceName=Motor2 | EventType=application | SourceNode=ns=1;s=MotorSource2
[Anomaly Input] [2026-08-16 19:34:05.148 (UTC)] info/application	[Motor] Distance safe (34.8122752622293); rotating motor to 90 degrees | Severity=75 | SourceName=Motor | EventType=application | SourceNode=ns=1;s=MotorSource
[Anomaly Input] [2026-08-16 19:34:05.149 (UTC)] warn/application	[Motor] Distance too close (6.76245300809968); rotating motor to 0 degrees | Severity=175 | SourceName=Motor3 | EventType=application | SourceNode=ns=1;s=MotorSource3
[Anomaly Input] [2026-08-16 19:34:05.646 (UTC)] info/application	[Sensor] Updated distance: 7.25694800087109 cm | Severity=75 | SourceName=Sensor3 | EventType=application | SourceNode=ns=1;s=SensorSource3
[Anomaly Input] [2026-08-16 19:34:05.646 (UTC)] info/application	[Sensor] Updated distance: 48.2021112717698 cm | Severity=75 | SourceName=Sensor2 | EventType=application | SourceNode=ns=1;s=SensorSource2
[Anomaly Input] [2026-08-16 19:34:05.646 (UTC)] info/application	[Sensor] Updated distance: 35.4103103654507 cm | Severity=75 | SourceName=Sensor | EventType=application | SourceNode=ns=1;s=SensorSource
[Anomaly Input] [2026-08-16 19:34:06.148 (UTC)] info/application	[Motor] Received distance: 48.2021112717698 cm | Severity=75 | SourceName=Motor2 | EventType=application | SourceNode=ns=1;s=MotorSource2
[Anomaly Input] [2026-08-16 19:34:06.148 (UTC)] info/application	[Motor] Received distance: 35.4103103654507 cm | Severity=75 | SourceName=Motor | EventType=application | SourceNode=ns=1;s=MotorSource
[Anomaly Input] [2026-08-16 19:34:06.148 (UTC)] info/application	[Motor] Received distance: 7.25694800087109 cm | Severity=75 | SourceName=Motor3 | EventType=application | SourceNode=ns=1;s=MotorSource3
[Anomaly Input] [2026-08-16 19:34:06.148 (UTC)] info/application	[Motor] Distance safe (48.2021112717698); rotating motor to 90 degrees | Severity=75 | SourceName=Motor2 | EventType=application | SourceNode=ns=1;s=MotorSource2
[Anomaly Input] [2026-08-16 19:34:06.148 (UTC)] info/application	[Motor] Distance safe (35.4103103654507); rotating motor to 90 degrees | Severity=75 | SourceName=Motor | EventType=application | SourceNode=ns=1;s=MotorSource
[Anomaly Input] [2026-08-16 19:34:06.148 (UTC)] warn/application	[Motor] Distance too close (7.25694800087109); rotating motor to 0 degrees | Severity=175 | SourceName=Motor3 | EventType=application | SourceNode=ns=1;s=MotorSource3
[Anomaly Input] [2026-08-16 19:34:06.647 (UTC)] info/application	[Sensor] Updated distance: 34.4235276821645 cm | Severity=75 | SourceName=Sensor | EventType=application | SourceNode=ns=1;s=SensorSource
[Anomaly Input] [2026-08-16 19:34:06.647 (UTC)] info/application	[Sensor] Updated distance: 47.032779170914 cm | Severity=75 | SourceName=Sensor2 | EventType=application | SourceNode=ns=1;s=SensorSource2
[Anomaly Input] [2026-08-16 19:34:06.647 (UTC)] info/application	[Sensor] Updated distance: 7.23285636665899 cm | Severity=75 | SourceName=Sensor3 | EventType=application | SourceNode=ns=1;s=SensorSource3
[Anomaly Input] [2026-08-16 19:34:07.142 (UTC)] info/application	[Motor] Received distance: 34.4235276821645 cm | Severity=75 | SourceName=Motor | EventType=application | SourceNode=ns=1;s=MotorSource
[Anomaly Input] [2026-08-16 19:34:07.148 (UTC)] info/application	[Motor] Received distance: 47.032779170914 cm | Severity=75 | SourceName=Motor2 | EventType=application | SourceNode=ns=1;s=MotorSource2
[Anomaly Input] [2026-08-16 19:34:07.148 (UTC)] info/application	[Motor] Received distance: 7.23285636665899 cm | Severity=75 | SourceName=Motor3 | EventType=application | SourceNode=ns=1;s=MotorSource3
[Anomaly Input] [2026-08-16 19:34:07.142 (UTC)] info/application	[Motor] Distance safe (34.4235276821645); rotating motor to 90 degrees | Severity=75 | SourceName=Motor | EventType=application | SourceNode=ns=1;s=MotorSource
[Anomaly Input] [2026-08-16 19:34:07.148 (UTC)] info/application	[Motor] Distance safe (47.032779170914); rotating motor to 90 degrees | Severity=75 | SourceName=Motor2 | EventType=application | SourceNode=ns=1;s=MotorSource2
[Anomaly Input] [2026-08-16 19:34:07.148 (UTC)] warn/application	[Motor] Distance too close (7.23285636665899); rotating motor to 0 degrees | Severity=175 | SourceName=Motor3 | EventType=application | SourceNode=ns=1;s=MotorSource3
[Anomaly Input] [2026-08-16 19:34:07.647 (UTC)] info/application	[Sensor] Updated distance: 48.5155935774165 cm | Severity=75 | SourceName=Sensor2 | EventType=application | SourceNode=ns=1;s=SensorSource2
[Anomaly Input] [2026-08-16 19:34:07.647 (UTC)] info/application	[Sensor] Updated distance: 7.95679329519943 cm | Severity=75 | SourceName=Sensor3 | EventType=application | SourceNode=ns=1;s=SensorSource3
[Anomaly Input] [2026-08-16 19:34:07.647 (UTC)] info/application	[Sensor] Updated distance: 33.1675745128503 cm | Severity=75 | SourceName=Sensor | EventType=application | SourceNode=ns=1;s=SensorSource
[Anomaly Input] [2026-08-16 19:34:08.147 (UTC)] info/application	[Motor] Received distance: 33.1675745128503 cm | Severity=75 | SourceName=Motor | EventType=application | SourceNode=ns=1;s=MotorSource
[Anomaly Input] [2026-08-16 19:34:08.149 (UTC)] info/application	[Motor] Received distance: 7.95679329519943 cm | Severity=75 | SourceName=Motor3 | EventType=application | SourceNode=ns=1;s=MotorSource3
[Anomaly Input] [2026-08-16 19:34:08.149 (UTC)] info/application	[Motor] Received distance: 48.5155935774165 cm | Severity=75 | SourceName=Motor2 | EventType=application | SourceNode=ns=1;s=MotorSource2
[Anomaly Input] [2026-08-16 19:34:08.147 (UTC)] info/application	[Motor] Distance safe (33.1675745128503); rotating motor to 90 degrees | Severity=75 | SourceName=Motor | EventType=application | SourceNode=ns=1;s=MotorSource
[Anomaly Input] [2026-08-16 19:34:08.149 (UTC)] warn/application	[Motor] Distance too close (7.95679329519943); rotating motor to 0 degrees | Severity=175 | SourceName=Motor3 | EventType=application | SourceNode=ns=1;s=MotorSource3
[Anomaly Input] [2026-08-16 19:34:08.149 (UTC)] info/application	[Motor] Distance safe (48.5155935774165); rotating motor to 90 degrees | Severity=75 | SourceName=Motor2 | EventType=application | SourceNode=ns=1;s=MotorSource2
[Anomaly Input] [2026-08-16 19:34:08.648 (UTC)] info/application	[Sensor] Updated distance: 48.7186449688015 cm | Severity=75 | SourceName=Sensor2 | EventType=application | SourceNode=ns=1;s=SensorSource2
[Anomaly Input] [2026-08-16 19:34:08.648 (UTC)] info/application	[Sensor] Updated distance: 8.89767731092763 cm | Severity=75 | SourceName=Sensor3 | EventType=application | SourceNode=ns=1;s=SensorSource3
[Anomaly Input] [2026-08-16 19:34:08.648 (UTC)] info/application	[Sensor] Updated distance: 34.4998735655099 cm | Severity=75 | SourceName=Sensor | EventType=application | SourceNode=ns=1;s=SensorSource
[Anomaly Input] [2026-08-16 19:34:09.143 (UTC)] info/application	[Motor] Received distance: 48.7186449688015 cm | Severity=75 | SourceName=Motor2 | EventType=application | SourceNode=ns=1;s=MotorSource2
[Anomaly Input] [2026-08-16 19:34:09.147 (UTC)] info/application	[Motor] Received distance: 34.4998735655099 cm | Severity=75 | SourceName=Motor | EventType=application | SourceNode=ns=1;s=MotorSource
[Anomaly Input] [2026-08-16 19:34:09.149 (UTC)] info/application	[Motor] Received distance: 8.89767731092763 cm | Severity=75 | SourceName=Motor3 | EventType=application | SourceNode=ns=1;s=MotorSource3
[Anomaly Input] [2026-08-16 19:34:09.143 (UTC)] info/application	[Motor] Distance safe (48.7186449688015); rotating motor to 90 degrees | Severity=75 | SourceName=Motor2 | EventType=application | SourceNode=ns=1;s=MotorSource2
[Anomaly Input] [2026-08-16 19:34:09.147 (UTC)] info/application	[Motor] Distance safe (34.4998735655099); rotating motor to 90 degrees | Severity=75 | SourceName=Motor | EventType=application | SourceNode=ns=1;s=MotorSource
[Anomaly Input] [2026-08-16 19:34:09.149 (UTC)] warn/application	[Motor] Distance too close (8.89767731092763); rotating motor to 0 degrees | Severity=175 | SourceName=Motor3 | EventType=application | SourceNode=ns=1;s=MotorSource3
[Anomaly Input] [2026-08-16 19:34:09.648 (UTC)] info/application	[Sensor] Updated distance: 9.89801109530871 cm | Severity=75 | SourceName=Sensor3 | EventType=application | SourceNode=ns=1;s=SensorSource3
[Anomaly Input] [2026-08-16 19:34:09.648 (UTC)] info/application	[Sensor] Updated distance: 34.1513636378345 cm | Severity=75 | SourceName=Sensor | EventType=application | SourceNode=ns=1;s=SensorSource
[Anomaly Input] [2026-08-16 19:34:09.648 (UTC)] info/application	[Sensor] Updated distance: 47.9362294254528 cm | Severity=75 | SourceName=Sensor2 | EventType=application | SourceNode=ns=1;s=SensorSource2
[Anomaly Input] [2026-08-16 19:34:10.143 (UTC)] info/application	[Motor] Received distance: 34.1513636378345 cm | Severity=75 | SourceName=Motor | EventType=application | SourceNode=ns=1;s=MotorSource
[Anomaly Input] [2026-08-16 19:34:10.147 (UTC)] info/application	[Motor] Received distance: 47.9362294254528 cm | Severity=75 | SourceName=Motor2 | EventType=application | SourceNode=ns=1;s=MotorSource2
[Anomaly Input] [2026-08-16 19:34:10.149 (UTC)] info/application	[Motor] Received distance: 9.89801109530871 cm | Severity=75 | SourceName=Motor3 | EventType=application | SourceNode=ns=1;s=MotorSource3
[Anomaly Input] [2026-08-16 19:34:10.143 (UTC)] info/application	[Motor] Distance safe (34.1513636378345); rotating motor to 90 degrees | Severity=75 | SourceName=Motor | EventType=application | SourceNode=ns=1;s=MotorSource
[Anomaly Input] [2026-08-16 19:34:10.147 (UTC)] info/application	[Motor] Distance safe (47.9362294254528); rotating motor to 90 degrees | Severity=75 | SourceName=Motor2 | EventType=application | SourceNode=ns=1;s=MotorSource2
[Anomaly Input] [2026-08-16 19:34:10.149 (UTC)] warn/application	[Motor] Distance too close (9.89801109530871); rotating motor to 0 degrees | Severity=175 | SourceName=Motor3 | EventType=application | SourceNode=ns=1;s=MotorSource3
[Anomaly Input] [2026-08-16 19:34:10.649 (UTC)] info/application	[Sensor] Updated distance: 35.6200770973787 cm | Severity=75 | SourceName=Sensor | EventType=application | SourceNode=ns=1;s=SensorSource
[Anomaly Input] [2026-08-16 19:34:10.649 (UTC)] info/application	[Sensor] Updated distance: 49.2190691417638 cm | Severity=75 | SourceName=Sensor2 | EventType=application | SourceNode=ns=1;s=SensorSource2
[Anomaly Input] [2026-08-16 19:34:10.649 (UTC)] info/application	[Sensor] Updated distance: 10.5698855477711 cm | Severity=75 | SourceName=Sensor3 | EventType=application | SourceNode=ns=1;s=SensorSource3
[Anomaly Input] [2026-08-16 19:34:11.146 (UTC)] info/application	[Motor] Received distance: 35.6200770973787 cm | Severity=75 | SourceName=Motor | EventType=application | SourceNode=ns=1;s=MotorSource
[Anomaly Input] [2026-08-16 19:34:11.147 (UTC)] info/application	[Motor] Received distance: 49.2190691417638 cm | Severity=75 | SourceName=Motor2 | EventType=application | SourceNode=ns=1;s=MotorSource2
[Anomaly Input] [2026-08-16 19:34:11.148 (UTC)] info/application	[Motor] Received distance: 10.5698855477711 cm | Severity=75 | SourceName=Motor3 | EventType=application | SourceNode=ns=1;s=MotorSource3
[Anomaly Input] [2026-08-16 19:34:11.146 (UTC)] info/application	[Motor] Distance safe (35.6200770973787); rotating motor to 90 degrees | Severity=75 | SourceName=Motor | EventType=application | SourceNode=ns=1;s=MotorSource
[Anomaly Input] [2026-08-16 19:34:11.147 (UTC)] info/application	[Motor] Distance safe (49.2190691417638); rotating motor to 90 degrees | Severity=75 | SourceName=Motor2 | EventType=application | SourceNode=ns=1;s=MotorSource2
[Anomaly Input] [2026-08-16 19:34:11.148 (UTC)] warn/application	[Motor] Distance too close (10.5698855477711); rotating motor to 0 degrees | Severity=175 | SourceName=Motor3 | EventType=application | SourceNode=ns=1;s=MotorSource3
[Anomaly Input] [2026-08-16 19:34:11.649 (UTC)] info/application	[Sensor] Updated distance: 11.7573338806431 cm | Severity=75 | SourceName=Sensor3 | EventType=application | SourceNode=ns=1;s=SensorSource3
[Anomaly Input] [2026-08-16 19:34:11.649 (UTC)] info/application	[Sensor] Updated distance: 47.9972725729446 cm | Severity=75 | SourceName=Sensor2 | EventType=application | SourceNode=ns=1;s=SensorSource2
[Anomaly Input] [2026-08-16 19:34:11.649 (UTC)] info/application	[Sensor] Updated distance: 34.4761386022326 cm | Severity=75 | SourceName=Sensor | EventType=application | SourceNode=ns=1;s=SensorSource
[Anomaly Input] [2026-08-16 19:34:12.147 (UTC)] info/application	[Motor] Received distance: 47.9972725729446 cm | Severity=75 | SourceName=Motor2 | EventType=application | SourceNode=ns=1;s=MotorSource2
[Anomaly Input] [2026-08-16 19:34:12.147 (UTC)] info/application	[Motor] Received distance: 34.4761386022326 cm | Severity=75 | SourceName=Motor | EventType=application | SourceNode=ns=1;s=MotorSource
[Anomaly Input] [2026-08-16 19:34:12.148 (UTC)] info/application	[Motor] Received distance: 11.7573338806431 cm | Severity=75 | SourceName=Motor3 | EventType=application | SourceNode=ns=1;s=MotorSource3
[Anomaly Input] [2026-08-16 19:34:12.147 (UTC)] info/application	[Motor] Distance safe (47.9972725729446); rotating motor to 90 degrees | Severity=75 | SourceName=Motor2 | EventType=application | SourceNode=ns=1;s=MotorSource2
[Anomaly Input] [2026-08-16 19:34:12.147 (UTC)] info/application	[Motor] Distance safe (34.4761386022326); rotating motor to 90 degrees | Severity=75 | SourceName=Motor | EventType=application | SourceNode=ns=1;s=MotorSource
[Anomaly Input] [2026-08-16 19:34:12.148 (UTC)] warn/application	[Motor] Distance too close (11.7573338806431); rotating motor to 0 degrees | Severity=175 | SourceName=Motor3 | EventType=application | SourceNode=ns=1;s=MotorSource3
[Anomaly Input] [2026-08-16 19:34:12.649 (UTC)] info/application	[Sensor] Updated distance: 12.1390819352302 cm | Severity=75 | SourceName=Sensor3 | EventType=application | SourceNode=ns=1;s=SensorSource3
[Anomaly Input] [2026-08-16 19:34:12.649 (UTC)] info/application	[Sensor] Updated distance: 34.0760087112785 cm | Severity=75 | SourceName=Sensor | EventType=application | SourceNode=ns=1;s=SensorSource
[Anomaly Input] [2026-08-16 19:34:12.650 (UTC)] info/application	[Sensor] Updated distance: 47.1312077621144 cm | Severity=75 | SourceName=Sensor2 | EventType=application | SourceNode=ns=1;s=SensorSource2
[Anomaly Input] [2026-08-16 19:34:13.145 (UTC)] info/application	[Motor] Received distance: 34.0760087112785 cm | Severity=75 | SourceName=Motor | EventType=application | SourceNode=ns=1;s=MotorSource
[Anomaly Input] [2026-08-16 19:34:13.148 (UTC)] info/application	[Motor] Received distance: 47.1312077621144 cm | Severity=75 | SourceName=Motor2 | EventType=application | SourceNode=ns=1;s=MotorSource2
[Anomaly Input] [2026-08-16 19:34:13.148 (UTC)] info/application	[Motor] Received distance: 12.1390819352302 cm | Severity=75 | SourceName=Motor3 | EventType=application | SourceNode=ns=1;s=MotorSource3
[Anomaly Input] [2026-08-16 19:34:13.145 (UTC)] info/application	[Motor] Distance safe (34.0760087112785); rotating motor to 90 degrees | Severity=75 | SourceName=Motor | EventType=application | SourceNode=ns=1;s=MotorSource
[Anomaly Input] [2026-08-16 19:34:13.148 (UTC)] info/application	[Motor] Distance safe (47.1312077621144); rotating motor to 90 degrees | Severity=75 | SourceName=Motor2 | EventType=application | SourceNode=ns=1;s=MotorSource2
[Anomaly Input] [2026-08-16 19:34:13.148 (UTC)] warn/application	[Motor] Distance too close (12.1390819352302); rotating motor to 0 degrees | Severity=175 | SourceName=Motor3 | EventType=application | SourceNode=ns=1;s=MotorSource3
[Anomaly Input] [2026-08-16 19:34:13.649 (UTC)] info/application	[Sensor] Updated distance: 45.8981411559034 cm | Severity=75 | SourceName=Sensor2 | EventType=application | SourceNode=ns=1;s=SensorSource2
[Anomaly Input] [2026-08-16 19:34:13.649 (UTC)] info/application	[Sensor] Updated distance: 11.1639729534108 cm | Severity=75 | SourceName=Sensor3 | EventType=application | SourceNode=ns=1;s=SensorSource3
[Anomaly Input] [2026-08-16 19:34:13.650 (UTC)] info/application	[Sensor] Updated distance: 35.3870610251963 cm | Severity=75 | SourceName=Sensor | EventType=application | SourceNode=ns=1;s=SensorSource
[Anomaly Input] [2026-08-16 19:34:14.147 (UTC)] info/application	[Motor] Received distance: 35.3870610251963 cm | Severity=75 | SourceName=Motor | EventType=application | SourceNode=ns=1;s=MotorSource
[Anomaly Input] [2026-08-16 19:34:14.148 (UTC)] info/application	[Motor] Received distance: 11.1639729534108 cm | Severity=75 | SourceName=Motor3 | EventType=application | SourceNode=ns=1;s=MotorSource3
[Anomaly Input] [2026-08-16 19:34:14.148 (UTC)] info/application	[Motor] Received distance: 45.8981411559034 cm | Severity=75 | SourceName=Motor2 | EventType=application | SourceNode=ns=1;s=MotorSource2
[Anomaly Input] [2026-08-16 19:34:14.147 (UTC)] info/application	[Motor] Distance safe (35.3870610251963); rotating motor to 90 degrees | Severity=75 | SourceName=Motor | EventType=application | SourceNode=ns=1;s=MotorSource
[Anomaly Input] [2026-08-16 19:34:14.148 (UTC)] warn/application	[Motor] Distance too close (11.1639729534108); rotating motor to 0 degrees | Severity=175 | SourceName=Motor3 | EventType=application | SourceNode=ns=1;s=MotorSource3
[Anomaly Input] [2026-08-16 19:34:14.148 (UTC)] info/application	[Motor] Distance safe (45.8981411559034); rotating motor to 90 degrees | Severity=75 | SourceName=Motor2 | EventType=application | SourceNode=ns=1;s=MotorSource2
[Anomaly Input] [2026-08-16 19:34:14.640 (UTC)] info/application	[Sensor] Updated distance: 34.099743690621 cm | Severity=75 | SourceName=Sensor | EventType=application | SourceNode=ns=1;s=SensorSource
[Anomaly Input] [2026-08-16 19:34:14.640 (UTC)] info/application	[Sensor] Updated distance: 46.9359081287105 cm | Severity=75 | SourceName=Sensor2 | EventType=application | SourceNode=ns=1;s=SensorSource2
[Anomaly Input] [2026-08-16 19:34:14.640 (UTC)] info/application	[Sensor] Updated distance: 9.80526122185647 cm | Severity=75 | SourceName=Sensor3 | EventType=application | SourceNode=ns=1;s=SensorSource3
[Anomaly Input] [2026-08-16 19:34:15.146 (UTC)] info/application	[Motor] Received distance: 46.9359081287105 cm | Severity=75 | SourceName=Motor2 | EventType=application | SourceNode=ns=1;s=MotorSource2
[Anomaly Input] [2026-08-16 19:34:15.147 (UTC)] info/application	[Motor] Received distance: 34.099743690621 cm | Severity=75 | SourceName=Motor | EventType=application | SourceNode=ns=1;s=MotorSource
[Anomaly Input] [2026-08-16 19:34:15.148 (UTC)] info/application	[Motor] Received distance: 9.80526122185647 cm | Severity=75 | SourceName=Motor3 | EventType=application | SourceNode=ns=1;s=MotorSource3
[Anomaly Input] [2026-08-16 19:34:15.146 (UTC)] info/application	[Motor] Distance safe (46.9359081287105); rotating motor to 90 degrees | Severity=75 | SourceName=Motor2 | EventType=application | SourceNode=ns=1;s=MotorSource2
[Anomaly Input] [2026-08-16 19:34:15.147 (UTC)] info/application	[Motor] Distance safe (34.099743690621); rotating motor to 90 degrees | Severity=75 | SourceName=Motor | EventType=application | SourceNode=ns=1;s=MotorSource
[Anomaly Input] [2026-08-16 19:34:15.148 (UTC)] warn/application	[Motor] Distance too close (9.80526122185647); rotating motor to 0 degrees | Severity=175 | SourceName=Motor3 | EventType=application | SourceNode=ns=1;s=MotorSource3
[Anomaly Input] [2026-08-16 19:34:15.641 (UTC)] info/application	[Sensor] Updated distance: 33.5793393801802 cm | Severity=75 | SourceName=Sensor | EventType=application | SourceNode=ns=1;s=SensorSource
[Anomaly Input] [2026-08-16 19:34:15.641 (UTC)] info/application	[Sensor] Updated distance: 46.1661821818754 cm | Severity=75 | SourceName=Sensor2 | EventType=application | SourceNode=ns=1;s=SensorSource2
[Anomaly Input] [2026-08-16 19:34:15.641 (UTC)] info/application	[Sensor] Updated distance: 9.82867163644577 cm | Severity=75 | SourceName=Sensor3 | EventType=application | SourceNode=ns=1;s=SensorSource3
[Anomaly Input] [2026-08-16 19:34:16.148 (UTC)] info/application	[Motor] Received distance: 46.1661821818754 cm | Severity=75 | SourceName=Motor2 | EventType=application | SourceNode=ns=1;s=MotorSource2
[Anomaly Input] [2026-08-16 19:34:16.148 (UTC)] info/application	[Motor] Received distance: 33.5793393801802 cm | Severity=75 | SourceName=Motor | EventType=application | SourceNode=ns=1;s=MotorSource
[Anomaly Input] [2026-08-16 19:34:16.149 (UTC)] info/application	[Motor] Received distance: 9.82867163644577 cm | Severity=75 | SourceName=Motor3 | EventType=application | SourceNode=ns=1;s=MotorSource3
[Anomaly Input] [2026-08-16 19:34:16.148 (UTC)] info/application	[Motor] Distance safe (46.1661821818754); rotating motor to 90 degrees | Severity=75 | SourceName=Motor2 | EventType=application | SourceNode=ns=1;s=MotorSource2
[Anomaly Input] [2026-08-16 19:34:16.148 (UTC)] info/application	[Motor] Distance safe (33.5793393801802); rotating motor to 90 degrees | Severity=75 | SourceName=Motor | EventType=application | SourceNode=ns=1;s=MotorSource
[Anomaly Input] [2026-08-16 19:34:16.149 (UTC)] warn/application	[Motor] Distance too close (9.82867163644577); rotating motor to 0 degrees | Severity=175 | SourceName=Motor3 | EventType=application | SourceNode=ns=1;s=MotorSource3
[Anomaly Input] [2026-08-16 19:34:16.641 (UTC)] info/application	[Sensor] Updated distance: 34.4915167535616 cm | Severity=75 | SourceName=Sensor | EventType=application | SourceNode=ns=1;s=SensorSource
[Anomaly Input] [2026-08-16 19:34:16.641 (UTC)] info/application	[Sensor] Updated distance: 10.235696144279 cm | Severity=75 | SourceName=Sensor3 | EventType=application | SourceNode=ns=1;s=SensorSource3
[Anomaly Input] [2026-08-16 19:34:16.641 (UTC)] info/application	[Sensor] Updated distance: 47.1997423906344 cm | Severity=75 | SourceName=Sensor2 | EventType=application | SourceNode=ns=1;s=SensorSource2
[Anomaly Input] [2026-08-16 19:34:17.147 (UTC)] info/application	[Motor] Received distance: 34.4915167535616 cm | Severity=75 | SourceName=Motor | EventType=application | SourceNode=ns=1;s=MotorSource
[Anomaly Input] [2026-08-16 19:34:17.148 (UTC)] info/application	[Motor] Received distance: 47.1997423906344 cm | Severity=75 | SourceName=Motor2 | EventType=application | SourceNode=ns=1;s=MotorSource2
[Anomaly Input] [2026-08-16 19:34:17.148 (UTC)] info/application	[Motor] Received distance: 10.235696144279 cm | Severity=75 | SourceName=Motor3 | EventType=application | SourceNode=ns=1;s=MotorSource3
[Anomaly Input] [2026-08-16 19:34:17.147 (UTC)] info/application	[Motor] Distance safe (34.4915167535616); rotating motor to 90 degrees | Severity=75 | SourceName=Motor | EventType=application | SourceNode=ns=1;s=MotorSource
[Anomaly Input] [2026-08-16 19:34:17.148 (UTC)] info/application	[Motor] Distance safe (47.1997423906344); rotating motor to 90 degrees | Severity=75 | SourceName=Motor2 | EventType=application | SourceNode=ns=1;s=MotorSource2
[Anomaly Input] [2026-08-16 19:34:17.148 (UTC)] warn/application	[Motor] Distance too close (10.235696144279); rotating motor to 0 degrees | Severity=175 | SourceName=Motor3 | EventType=application | SourceNode=ns=1;s=MotorSource3
[Anomaly Input] [2026-08-16 19:34:17.642 (UTC)] info/application	[Sensor] Updated distance: 11.1636950723658 cm | Severity=75 | SourceName=Sensor3 | EventType=application | SourceNode=ns=1;s=SensorSource3
[Anomaly Input] [2026-08-16 19:34:17.642 (UTC)] info/application	[Sensor] Updated distance: 35.6760079412144 cm | Severity=75 | SourceName=Sensor | EventType=application | SourceNode=ns=1;s=SensorSource
[Anomaly Input] [2026-08-16 19:34:17.642 (UTC)] info/application	[Sensor] Updated distance: 48.5717608586754 cm | Severity=75 | SourceName=Sensor2 | EventType=application | SourceNode=ns=1;s=SensorSource2
[Anomaly Input] [2026-08-16 19:34:18.148 (UTC)] info/application	[Motor] Received distance: 35.6760079412144 cm | Severity=75 | SourceName=Motor | EventType=application | SourceNode=ns=1;s=MotorSource
[Anomaly Input] [2026-08-16 19:34:18.148 (UTC)] info/application	[Motor] Received distance: 48.5717608586754 cm | Severity=75 | SourceName=Motor2 | EventType=application | SourceNode=ns=1;s=MotorSource2
[Anomaly Input] [2026-08-16 19:34:18.149 (UTC)] info/application	[Motor] Received distance: 11.1636950723658 cm | Severity=75 | SourceName=Motor3 | EventType=application | SourceNode=ns=1;s=MotorSource3
[Anomaly Input] [2026-08-16 19:34:18.148 (UTC)] info/application	[Motor] Distance safe (35.6760079412144); rotating motor to 90 degrees | Severity=75 | SourceName=Motor | EventType=application | SourceNode=ns=1;s=MotorSource
[Anomaly Input] [2026-08-16 19:34:18.148 (UTC)] info/application	[Motor] Distance safe (48.5717608586754); rotating motor to 90 degrees | Severity=75 | SourceName=Motor2 | EventType=application | SourceNode=ns=1;s=MotorSource2
[Anomaly Input] [2026-08-16 19:34:18.149 (UTC)] warn/application	[Motor] Distance too close (11.1636950723658); rotating motor to 0 degrees | Severity=175 | SourceName=Motor3 | EventType=application | SourceNode=ns=1;s=MotorSource3
[Anomaly Input] [2026-08-16 19:34:18.642 (UTC)] info/application	[Sensor] Updated distance: 10.5451098503755 cm | Severity=75 | SourceName=Sensor3 | EventType=application | SourceNode=ns=1;s=SensorSource3
[Anomaly Input] [2026-08-16 19:34:18.642 (UTC)] info/application	[Sensor] Updated distance: 47.9981574497643 cm | Severity=75 | SourceName=Sensor2 | EventType=application | SourceNode=ns=1;s=SensorSource2
[Anomaly Input] [2026-08-16 19:34:18.642 (UTC)] info/application	[Sensor] Updated distance: 35.9006308393556 cm | Severity=75 | SourceName=Sensor | EventType=application | SourceNode=ns=1;s=SensorSource
[Anomaly Input] [2026-08-16 19:34:19.148 (UTC)] info/application	[Motor] Received distance: 47.9981574497643 cm | Severity=75 | SourceName=Motor2 | EventType=application | SourceNode=ns=1;s=MotorSource2
[Anomaly Input] [2026-08-16 19:34:19.149 (UTC)] info/application	[Motor] Received distance: 10.5451098503755 cm | Severity=75 | SourceName=Motor3 | EventType=application | SourceNode=ns=1;s=MotorSource3
[Anomaly Input] [2026-08-16 19:34:19.156 (UTC)] info/application	[Motor] Received distance: 35.9006308393556 cm | Severity=75 | SourceName=Motor | EventType=application | SourceNode=ns=1;s=MotorSource
[Anomaly Input] [2026-08-16 19:34:19.148 (UTC)] info/application	[Motor] Distance safe (47.9981574497643); rotating motor to 90 degrees | Severity=75 | SourceName=Motor2 | EventType=application | SourceNode=ns=1;s=MotorSource2
[Anomaly Input] [2026-08-16 19:34:19.149 (UTC)] warn/application	[Motor] Distance too close (10.5451098503755); rotating motor to 0 degrees | Severity=175 | SourceName=Motor3 | EventType=application | SourceNode=ns=1;s=MotorSource3
[Anomaly Input] [2026-08-16 19:34:19.156 (UTC)] info/application	[Motor] Distance safe (35.9006308393556); rotating motor to 90 degrees | Severity=75 | SourceName=Motor | EventType=application | SourceNode=ns=1;s=MotorSource
[Anomaly Input] [2026-08-16 19:34:19.641 (UTC)] info/application	[Sensor] Updated distance: 10.0433978880958 cm | Severity=75 | SourceName=Sensor3 | EventType=application | SourceNode=ns=1;s=SensorSource3
[Anomaly Input] [2026-08-16 19:34:19.642 (UTC)] info/application	[Sensor] Updated distance: 48.6080970222169 cm | Severity=75 | SourceName=Sensor2 | EventType=application | SourceNode=ns=1;s=SensorSource2
[Anomaly Input] [2026-08-16 19:34:19.642 (UTC)] info/application	[Sensor] Updated distance: 36.7099090957595 cm | Severity=75 | SourceName=Sensor | EventType=application | SourceNode=ns=1;s=SensorSource
[Anomaly Input] [2026-08-16 19:34:20.147 (UTC)] info/application	[Motor] Received distance: 36.7099090957595 cm | Severity=75 | SourceName=Motor | EventType=application | SourceNode=ns=1;s=MotorSource
[Anomaly Input] [2026-08-16 19:34:20.148 (UTC)] info/application	[Motor] Received distance: 48.6080970222169 cm | Severity=75 | SourceName=Motor2 | EventType=application | SourceNode=ns=1;s=MotorSource2
[Anomaly Input] [2026-08-16 19:34:20.148 (UTC)] info/application	[Motor] Received distance: 10.0433978880958 cm | Severity=75 | SourceName=Motor3 | EventType=application | SourceNode=ns=1;s=MotorSource3
[Anomaly Input] [2026-08-16 19:34:20.147 (UTC)] info/application	[Motor] Distance safe (36.7099090957595); rotating motor to 90 degrees | Severity=75 | SourceName=Motor | EventType=application | SourceNode=ns=1;s=MotorSource
[Anomaly Input] [2026-08-16 19:34:20.148 (UTC)] info/application	[Motor] Distance safe (48.6080970222169); rotating motor to 90 degrees | Severity=75 | SourceName=Motor2 | EventType=application | SourceNode=ns=1;s=MotorSource2
[Anomaly Input] [2026-08-16 19:34:20.148 (UTC)] warn/application	[Motor] Distance too close (10.0433978880958); rotating motor to 0 degrees | Severity=175 | SourceName=Motor3 | EventType=application | SourceNode=ns=1;s=MotorSource3
[Anomaly Input] [2026-08-16 19:34:20.642 (UTC)] info/application	[Sensor] Updated distance: 10.9736816936516 cm | Severity=75 | SourceName=Sensor3 | EventType=application | SourceNode=ns=1;s=SensorSource3
[Anomaly Input] [2026-08-16 19:34:20.642 (UTC)] info/application	[Sensor] Updated distance: 49.4827832491057 cm | Severity=75 | SourceName=Sensor2 | EventType=application | SourceNode=ns=1;s=SensorSource2
[Anomaly Input] [2026-08-16 19:34:20.642 (UTC)] info/application	[Sensor] Updated distance: 36.2399260973278 cm | Severity=75 | SourceName=Sensor | EventType=application | SourceNode=ns=1;s=SensorSource
[Anomaly Input] [2026-08-16 19:34:21.148 (UTC)] info/application	[Motor] Received distance: 36.2399260973278 cm | Severity=75 | SourceName=Motor | EventType=application | SourceNode=ns=1;s=MotorSource
[Anomaly Input] [2026-08-16 19:34:21.148 (UTC)] info/application	[Motor] Received distance: 49.4827832491057 cm | Severity=75 | SourceName=Motor2 | EventType=application | SourceNode=ns=1;s=MotorSource2
[Anomaly Input] [2026-08-16 19:34:21.148 (UTC)] info/application	[Motor] Received distance: 10.9736816936516 cm | Severity=75 | SourceName=Motor3 | EventType=application | SourceNode=ns=1;s=MotorSource3
[Anomaly Input] [2026-08-16 19:34:21.148 (UTC)] info/application	[Motor] Distance safe (36.2399260973278); rotating motor to 90 degrees | Severity=75 | SourceName=Motor | EventType=application | SourceNode=ns=1;s=MotorSource
[Anomaly Input] [2026-08-16 19:34:21.148 (UTC)] info/application	[Motor] Distance safe (49.4827832491057); rotating motor to 90 degrees | Severity=75 | SourceName=Motor2 | EventType=application | SourceNode=ns=1;s=MotorSource2
[Anomaly Input] [2026-08-16 19:34:21.148 (UTC)] warn/application	[Motor] Distance too close (10.9736816936516); rotating motor to 0 degrees | Severity=175 | SourceName=Motor3 | EventType=application | SourceNode=ns=1;s=MotorSource3
[Anomaly Input] [2026-08-16 19:34:21.642 (UTC)] info/application	[Sensor] Updated distance: 10.5834350667817 cm | Severity=75 | SourceName=Sensor3 | EventType=application | SourceNode=ns=1;s=SensorSource3
[Anomaly Input] [2026-08-16 19:34:21.642 (UTC)] info/application	[Sensor] Updated distance: 49.5900757371402 cm | Severity=75 | SourceName=Sensor2 | EventType=application | SourceNode=ns=1;s=SensorSource2
[Anomaly Input] [2026-08-16 19:34:21.642 (UTC)] info/application	[Sensor] Updated distance: 35.5426121272811 cm | Severity=75 | SourceName=Sensor | EventType=application | SourceNode=ns=1;s=SensorSource
[Anomaly Input] [2026-08-16 19:34:22.148 (UTC)] info/application	[Motor] Received distance: 49.5900757371402 cm | Severity=75 | SourceName=Motor2 | EventType=application | SourceNode=ns=1;s=MotorSource2
[Anomaly Input] [2026-08-16 19:34:22.148 (UTC)] info/application	[Motor] Received distance: 10.5834350667817 cm | Severity=75 | SourceName=Motor3 | EventType=application | SourceNode=ns=1;s=MotorSource3
[Anomaly Input] [2026-08-16 19:34:22.156 (UTC)] info/application	[Motor] Received distance: 35.5426121272811 cm | Severity=75 | SourceName=Motor | EventType=application | SourceNode=ns=1;s=MotorSource
[Anomaly Input] [2026-08-16 19:34:22.148 (UTC)] info/application	[Motor] Distance safe (49.5900757371402); rotating motor to 90 degrees | Severity=75 | SourceName=Motor2 | EventType=application | SourceNode=ns=1;s=MotorSource2
[Anomaly Input] [2026-08-16 19:34:22.148 (UTC)] warn/application	[Motor] Distance too close (10.5834350667817); rotating motor to 0 degrees | Severity=175 | SourceName=Motor3 | EventType=application | SourceNode=ns=1;s=MotorSource3
[Anomaly Input] [2026-08-16 19:34:22.156 (UTC)] info/application	[Motor] Distance safe (35.5426121272811); rotating motor to 90 degrees | Severity=75 | SourceName=Motor | EventType=application | SourceNode=ns=1;s=MotorSource
[Anomaly Input] [2026-08-16 19:34:22.642 (UTC)] info/application	[Sensor] Updated distance: 10.4452802813357 cm | Severity=75 | SourceName=Sensor3 | EventType=application | SourceNode=ns=1;s=SensorSource3
[Anomaly Input] [2026-08-16 19:34:22.642 (UTC)] info/application	[Sensor] Updated distance: 49.777698052245 cm | Severity=75 | SourceName=Sensor2 | EventType=application | SourceNode=ns=1;s=SensorSource2
[Anomaly Input] [2026-08-16 19:34:22.642 (UTC)] info/application	[Sensor] Updated distance: 34.3818136727818 cm | Severity=75 | SourceName=Sensor | EventType=application | SourceNode=ns=1;s=SensorSource
[Anomaly Input] [2026-08-16 19:34:23.147 (UTC)] info/application	[Motor] Received distance: 34.3818136727818 cm | Severity=75 | SourceName=Motor | EventType=application | SourceNode=ns=1;s=MotorSource
[Anomaly Input] [2026-08-16 19:34:23.149 (UTC)] info/application	[Motor] Received distance: 10.4452802813357 cm | Severity=75 | SourceName=Motor3 | EventType=application | SourceNode=ns=1;s=MotorSource3
[Anomaly Input] [2026-08-16 19:34:23.157 (UTC)] info/application	[Motor] Received distance: 49.777698052245 cm | Severity=75 | SourceName=Motor2 | EventType=application | SourceNode=ns=1;s=MotorSource2
[Anomaly Input] [2026-08-16 19:34:23.147 (UTC)] info/application	[Motor] Distance safe (34.3818136727818); rotating motor to 90 degrees | Severity=75 | SourceName=Motor | EventType=application | SourceNode=ns=1;s=MotorSource
[Anomaly Input] [2026-08-16 19:34:23.149 (UTC)] warn/application	[Motor] Distance too close (10.4452802813357); rotating motor to 0 degrees | Severity=175 | SourceName=Motor3 | EventType=application | SourceNode=ns=1;s=MotorSource3
[Anomaly Input] [2026-08-16 19:34:23.157 (UTC)] info/application	[Motor] Distance safe (49.777698052245); rotating motor to 90 degrees | Severity=75 | SourceName=Motor2 | EventType=application | SourceNode=ns=1;s=MotorSource2
[Anomaly Input] [2026-08-16 19:34:23.642 (UTC)] info/application	[Sensor] Updated distance: 33.7769381291126 cm | Severity=75 | SourceName=Sensor | EventType=application | SourceNode=ns=1;s=SensorSource
[Anomaly Input] [2026-08-16 19:34:23.642 (UTC)] info/application	[Sensor] Updated distance: 48.6015428964055 cm | Severity=75 | SourceName=Sensor2 | EventType=application | SourceNode=ns=1;s=SensorSource2
[Anomaly Input] [2026-08-16 19:34:23.642 (UTC)] info/application	[Sensor] Updated distance: 11.919916801583 cm | Severity=75 | SourceName=Sensor3 | EventType=application | SourceNode=ns=1;s=SensorSource3
[Anomaly Input] [2026-08-16 19:34:24.147 (UTC)] info/application	[Motor] Received distance: 48.6015428964055 cm | Severity=75 | SourceName=Motor2 | EventType=application | SourceNode=ns=1;s=MotorSource2
[Anomaly Input] [2026-08-16 19:34:24.148 (UTC)] info/application	[Motor] Received distance: 33.7769381291126 cm | Severity=75 | SourceName=Motor | EventType=application | SourceNode=ns=1;s=MotorSource
[Anomaly Input] [2026-08-16 19:34:24.149 (UTC)] info/application	[Motor] Received distance: 11.919916801583 cm | Severity=75 | SourceName=Motor3 | EventType=application | SourceNode=ns=1;s=MotorSource3
[Anomaly Input] [2026-08-16 19:34:24.147 (UTC)] info/application	[Motor] Distance safe (48.6015428964055); rotating motor to 90 degrees | Severity=75 | SourceName=Motor2 | EventType=application | SourceNode=ns=1;s=MotorSource2
[Anomaly Input] [2026-08-16 19:34:24.148 (UTC)] info/application	[Motor] Distance safe (33.7769381291126); rotating motor to 90 degrees | Severity=75 | SourceName=Motor | EventType=application | SourceNode=ns=1;s=MotorSource
[Anomaly Input] [2026-08-16 19:34:24.149 (UTC)] warn/application	[Motor] Distance too close (11.919916801583); rotating motor to 0 degrees | Severity=175 | SourceName=Motor3 | EventType=application | SourceNode=ns=1;s=MotorSource3
[Anomaly Input] [2026-08-16 19:34:24.642 (UTC)] info/application	[Sensor] Updated distance: 48.8624772901471 cm | Severity=75 | SourceName=Sensor2 | EventType=application | SourceNode=ns=1;s=SensorSource2
[Anomaly Input] [2026-08-16 19:34:24.642 (UTC)] info/application	[Sensor] Updated distance: 33.3167165456418 cm | Severity=75 | SourceName=Sensor | EventType=application | SourceNode=ns=1;s=SensorSource
[Anomaly Input] [2026-08-16 19:34:24.642 (UTC)] info/application	[Sensor] Updated distance: 13.0083201031705 cm | Severity=75 | SourceName=Sensor3 | EventType=application | SourceNode=ns=1;s=SensorSource3
[Anomaly Input] [2026-08-16 19:34:25.147 (UTC)] info/application	[Motor] Received distance: 48.8624772901471 cm | Severity=75 | SourceName=Motor2 | EventType=application | SourceNode=ns=1;s=MotorSource2
[Anomaly Input] [2026-08-16 19:34:25.149 (UTC)] info/application	[Motor] Received distance: 13.0083201031705 cm | Severity=75 | SourceName=Motor3 | EventType=application | SourceNode=ns=1;s=MotorSource3
[Anomaly Input] [2026-08-16 19:34:25.156 (UTC)] info/application	[Motor] Received distance: 33.3167165456418 cm | Severity=75 | SourceName=Motor | EventType=application | SourceNode=ns=1;s=MotorSource
[Anomaly Input] [2026-08-16 19:34:25.147 (UTC)] info/application	[Motor] Distance safe (48.8624772901471); rotating motor to 90 degrees | Severity=75 | SourceName=Motor2 | EventType=application | SourceNode=ns=1;s=MotorSource2
[Anomaly Input] [2026-08-16 19:34:25.149 (UTC)] warn/application	[Motor] Distance too close (13.0083201031705); rotating motor to 0 degrees | Severity=175 | SourceName=Motor3 | EventType=application | SourceNode=ns=1;s=MotorSource3
[Anomaly Input] [2026-08-16 19:34:25.156 (UTC)] info/application	[Motor] Distance safe (33.3167165456418); rotating motor to 90 degrees | Severity=75 | SourceName=Motor | EventType=application | SourceNode=ns=1;s=MotorSource
[Anomaly Input] [2026-08-16 19:34:25.642 (UTC)] info/application	[Sensor] Updated distance: 13.3611479095934 cm | Severity=75 | SourceName=Sensor3 | EventType=application | SourceNode=ns=1;s=SensorSource3
[Anomaly Input] [2026-08-16 19:34:25.642 (UTC)] info/application	[Sensor] Updated distance: 48.8258160631292 cm | Severity=75 | SourceName=Sensor2 | EventType=application | SourceNode=ns=1;s=SensorSource2
[Anomaly Input] [2026-08-16 19:34:25.643 (UTC)] info/application	[Sensor] Updated distance: 33.3964732356353 cm | Severity=75 | SourceName=Sensor | EventType=application | SourceNode=ns=1;s=SensorSource
[Anomaly Input] [2026-08-16 19:34:26.147 (UTC)] info/application	[Motor] Received distance: 13.3611479095934 cm | Severity=75 | SourceName=Motor3 | EventType=application | SourceNode=ns=1;s=MotorSource3
[Anomaly Input] [2026-08-16 19:34:26.148 (UTC)] info/application	[Motor] Received distance: 48.8258160631292 cm | Severity=75 | SourceName=Motor2 | EventType=application | SourceNode=ns=1;s=MotorSource2
[Anomaly Input] [2026-08-16 19:34:26.148 (UTC)] info/application	[Motor] Received distance: 33.3964732356353 cm | Severity=75 | SourceName=Motor | EventType=application | SourceNode=ns=1;s=MotorSource
[Anomaly Input] [2026-08-16 19:34:26.147 (UTC)] warn/application	[Motor] Distance too close (13.3611479095934); rotating motor to 0 degrees | Severity=175 | SourceName=Motor3 | EventType=application | SourceNode=ns=1;s=MotorSource3
[Anomaly Input] [2026-08-16 19:34:26.148 (UTC)] info/application	[Motor] Distance safe (48.8258160631292); rotating motor to 90 degrees | Severity=75 | SourceName=Motor2 | EventType=application | SourceNode=ns=1;s=MotorSource2
[Anomaly Input] [2026-08-16 19:34:26.148 (UTC)] info/application	[Motor] Distance safe (33.3964732356353); rotating motor to 90 degrees | Severity=75 | SourceName=Motor | EventType=application | SourceNode=ns=1;s=MotorSource
[Anomaly Input] [2026-08-16 19:34:26.642 (UTC)] info/application	[Sensor] Updated distance: 47.4032399332631 cm | Severity=75 | SourceName=Sensor2 | EventType=application | SourceNode=ns=1;s=SensorSource2
[Anomaly Input] [2026-08-16 19:34:26.642 (UTC)] info/application	[Sensor] Updated distance: 12.5195783306936 cm | Severity=75 | SourceName=Sensor3 | EventType=application | SourceNode=ns=1;s=SensorSource3
[Anomaly Input] [2026-08-16 19:34:26.642 (UTC)] info/application	[Sensor] Updated distance: 32.8116909620872 cm | Severity=75 | SourceName=Sensor | EventType=application | SourceNode=ns=1;s=SensorSource
[Anomaly Input] [2026-08-16 19:34:27.148 (UTC)] info/application	[Motor] Received distance: 12.5195783306936 cm | Severity=75 | SourceName=Motor3 | EventType=application | SourceNode=ns=1;s=MotorSource3
[Anomaly Input] [2026-08-16 19:34:27.148 (UTC)] info/application	[Motor] Received distance: 47.4032399332631 cm | Severity=75 | SourceName=Motor2 | EventType=application | SourceNode=ns=1;s=MotorSource2
[Anomaly Input] [2026-08-16 19:34:27.156 (UTC)] info/application	[Motor] Received distance: 32.8116909620872 cm | Severity=75 | SourceName=Motor | EventType=application | SourceNode=ns=1;s=MotorSource
[Anomaly Input] [2026-08-16 19:34:27.148 (UTC)] warn/application	[Motor] Distance too close (12.5195783306936); rotating motor to 0 degrees | Severity=175 | SourceName=Motor3 | EventType=application | SourceNode=ns=1;s=MotorSource3
[Anomaly Input] [2026-08-16 19:34:27.148 (UTC)] info/application	[Motor] Distance safe (47.4032399332631); rotating motor to 90 degrees | Severity=75 | SourceName=Motor2 | EventType=application | SourceNode=ns=1;s=MotorSource2
[Anomaly Input] [2026-08-16 19:34:27.156 (UTC)] info/application	[Motor] Distance safe (32.8116909620872); rotating motor to 90 degrees | Severity=75 | SourceName=Motor | EventType=application | SourceNode=ns=1;s=MotorSource
[Anomaly Input] [2026-08-16 19:34:27.642 (UTC)] info/application	[Sensor] Updated distance: 13.7849209247087 cm | Severity=75 | SourceName=Sensor3 | EventType=application | SourceNode=ns=1;s=SensorSource3
[Anomaly Input] [2026-08-16 19:34:27.642 (UTC)] info/application	[Sensor] Updated distance: 46.879548484869 cm | Severity=75 | SourceName=Sensor2 | EventType=application | SourceNode=ns=1;s=SensorSource2
[Anomaly Input] [2026-08-16 19:34:27.642 (UTC)] info/application	[Sensor] Updated distance: 32.7715547293292 cm | Severity=75 | SourceName=Sensor | EventType=application | SourceNode=ns=1;s=SensorSource
[Anomaly Input] [2026-08-16 19:34:28.147 (UTC)] info/application	[Motor] Received distance: 46.879548484869 cm | Severity=75 | SourceName=Motor2 | EventType=application | SourceNode=ns=1;s=MotorSource2
[Anomaly Input] [2026-08-16 19:34:28.148 (UTC)] info/application	[Motor] Received distance: 32.7715547293292 cm | Severity=75 | SourceName=Motor | EventType=application | SourceNode=ns=1;s=MotorSource
[Anomaly Input] [2026-08-16 19:34:28.148 (UTC)] info/application	[Motor] Received distance: 13.7849209247087 cm | Severity=75 | SourceName=Motor3 | EventType=application | SourceNode=ns=1;s=MotorSource3
[Anomaly Input] [2026-08-16 19:34:28.147 (UTC)] info/application	[Motor] Distance safe (46.879548484869); rotating motor to 90 degrees | Severity=75 | SourceName=Motor2 | EventType=application | SourceNode=ns=1;s=MotorSource2
[Anomaly Input] [2026-08-16 19:34:28.148 (UTC)] info/application	[Motor] Distance safe (32.7715547293292); rotating motor to 90 degrees | Severity=75 | SourceName=Motor | EventType=application | SourceNode=ns=1;s=MotorSource
[Anomaly Input] [2026-08-16 19:34:28.148 (UTC)] warn/application	[Motor] Distance too close (13.7849209247087); rotating motor to 0 degrees | Severity=175 | SourceName=Motor3 | EventType=application | SourceNode=ns=1;s=MotorSource3
[Anomaly Input] [2026-08-16 19:34:28.642 (UTC)] info/application	[Sensor] Updated distance: 12.8556492339613 cm | Severity=75 | SourceName=Sensor3 | EventType=application | SourceNode=ns=1;s=SensorSource3
[Anomaly Input] [2026-08-16 19:34:28.642 (UTC)] info/application	[Sensor] Updated distance: 45.7482073112615 cm | Severity=75 | SourceName=Sensor2 | EventType=application | SourceNode=ns=1;s=SensorSource2
[Anomaly Input] [2026-08-16 19:34:28.643 (UTC)] info/application	[Sensor] Updated distance: 33.5270337611563 cm | Severity=75 | SourceName=Sensor | EventType=application | SourceNode=ns=1;s=SensorSource
[Anomaly Input] [2026-08-16 19:34:29.148 (UTC)] info/application	[Motor] Received distance: 33.5270337611563 cm | Severity=75 | SourceName=Motor | EventType=application | SourceNode=ns=1;s=MotorSource
[Anomaly Input] [2026-08-16 19:34:29.148 (UTC)] info/application	[Motor] Received distance: 12.8556492339613 cm | Severity=75 | SourceName=Motor3 | EventType=application | SourceNode=ns=1;s=MotorSource3
[Anomaly Input] [2026-08-16 19:34:29.148 (UTC)] info/application	[Motor] Received distance: 45.7482073112615 cm | Severity=75 | SourceName=Motor2 | EventType=application | SourceNode=ns=1;s=MotorSource2
[Anomaly Input] [2026-08-16 19:34:29.148 (UTC)] info/application	[Motor] Distance safe (33.5270337611563); rotating motor to 90 degrees | Severity=75 | SourceName=Motor | EventType=application | SourceNode=ns=1;s=MotorSource
[Anomaly Input] [2026-08-16 19:34:29.148 (UTC)] info/application	[Motor] Distance safe (45.7482073112615); rotating motor to 90 degrees | Severity=75 | SourceName=Motor2 | EventType=application | SourceNode=ns=1;s=MotorSource2
[Anomaly Input] [2026-08-16 19:34:29.148 (UTC)] warn/application	[Motor] Distance too close (12.8556492339613); rotating motor to 0 degrees | Severity=175 | SourceName=Motor3 | EventType=application | SourceNode=ns=1;s=MotorSource3
[Anomaly Input] [2026-08-16 19:34:29.642 (UTC)] info/application	[Sensor] Updated distance: 12.9967788951457 cm | Severity=75 | SourceName=Sensor3 | EventType=application | SourceNode=ns=1;s=SensorSource3
[Anomaly Input] [2026-08-16 19:34:29.642 (UTC)] info/application	[Sensor] Updated distance: 46.2730341652748 cm | Severity=75 | SourceName=Sensor2 | EventType=application | SourceNode=ns=1;s=SensorSource2
[Anomaly Input] [2026-08-16 19:34:29.643 (UTC)] info/application	[Sensor] Updated distance: 34.2922573770826 cm | Severity=75 | SourceName=Sensor | EventType=application | SourceNode=ns=1;s=SensorSource
[Anomaly Input] [2026-08-16 19:34:30.149 (UTC)] info/application	[Motor] Received distance: 12.9967788951457 cm | Severity=75 | SourceName=Motor3 | EventType=application | SourceNode=ns=1;s=MotorSource3
[Anomaly Input] [2026-08-16 19:34:30.157 (UTC)] info/application	[Motor] Received distance: 34.2922573770826 cm | Severity=75 | SourceName=Motor | EventType=application | SourceNode=ns=1;s=MotorSource
[Anomaly Input] [2026-08-16 19:34:30.157 (UTC)] info/application	[Motor] Received distance: 46.2730341652748 cm | Severity=75 | SourceName=Motor2 | EventType=application | SourceNode=ns=1;s=MotorSource2
[Anomaly Input] [2026-08-16 19:34:30.149 (UTC)] warn/application	[Motor] Distance too close (12.9967788951457); rotating motor to 0 degrees | Severity=175 | SourceName=Motor3 | EventType=application | SourceNode=ns=1;s=MotorSource3
[Anomaly Input] [2026-08-16 19:34:30.157 (UTC)] info/application	[Motor] Distance safe (34.2922573770826); rotating motor to 90 degrees | Severity=75 | SourceName=Motor | EventType=application | SourceNode=ns=1;s=MotorSource
[Anomaly Input] [2026-08-16 19:34:30.157 (UTC)] info/application	[Motor] Distance safe (46.2730341652748); rotating motor to 90 degrees | Severity=75 | SourceName=Motor2 | EventType=application | SourceNode=ns=1;s=MotorSource2
[Anomaly Input] [2026-08-16 19:34:30.642 (UTC)] info/application	[Sensor] Updated distance: 12.2926950141754 cm | Severity=75 | SourceName=Sensor3 | EventType=application | SourceNode=ns=1;s=SensorSource3
[Anomaly Input] [2026-08-16 19:34:30.642 (UTC)] info/application	[Sensor] Updated distance: 45.5167952077541 cm | Severity=75 | SourceName=Sensor2 | EventType=application | SourceNode=ns=1;s=SensorSource2
[Anomaly Input] [2026-08-16 19:34:30.643 (UTC)] info/application	[Sensor] Updated distance: 35.3549879863183 cm | Severity=75 | SourceName=Sensor | EventType=application | SourceNode=ns=1;s=SensorSource
[Anomaly Input] [2026-08-16 19:34:31.148 (UTC)] info/application	[Motor] Received distance: 45.5167952077541 cm | Severity=75 | SourceName=Motor2 | EventType=application | SourceNode=ns=1;s=MotorSource2
[Anomaly Input] [2026-08-16 19:34:31.148 (UTC)] info/application	[Motor] Received distance: 35.3549879863183 cm | Severity=75 | SourceName=Motor | EventType=application | SourceNode=ns=1;s=MotorSource
[Anomaly Input] [2026-08-16 19:34:31.149 (UTC)] info/application	[Motor] Received distance: 12.2926950141754 cm | Severity=75 | SourceName=Motor3 | EventType=application | SourceNode=ns=1;s=MotorSource3
[Anomaly Input] [2026-08-16 19:34:31.148 (UTC)] info/application	[Motor] Distance safe (45.5167952077541); rotating motor to 90 degrees | Severity=75 | SourceName=Motor2 | EventType=application | SourceNode=ns=1;s=MotorSource2
[Anomaly Input] [2026-08-16 19:34:31.148 (UTC)] info/application	[Motor] Distance safe (35.3549879863183); rotating motor to 90 degrees | Severity=75 | SourceName=Motor | EventType=application | SourceNode=ns=1;s=MotorSource
[Anomaly Input] [2026-08-16 19:34:31.149 (UTC)] warn/application	[Motor] Distance too close (12.2926950141754); rotating motor to 0 degrees | Severity=175 | SourceName=Motor3 | EventType=application | SourceNode=ns=1;s=MotorSource3
[Anomaly Input] [2026-08-16 19:34:31.643 (UTC)] info/application	[Sensor] Updated distance: 46.0385262798697 cm | Severity=75 | SourceName=Sensor2 | EventType=application | SourceNode=ns=1;s=SensorSource2
[Anomaly Input] [2026-08-16 19:34:31.643 (UTC)] info/application	[Sensor] Updated distance: 13.3681002582275 cm | Severity=75 | SourceName=Sensor3 | EventType=application | SourceNode=ns=1;s=SensorSource3
[Anomaly Input] [2026-08-16 19:34:31.643 (UTC)] info/application	[Sensor] Updated distance: 35.9385475064342 cm | Severity=75 | SourceName=Sensor | EventType=application | SourceNode=ns=1;s=SensorSource
[Anomaly Input] [2026-08-16 19:34:32.149 (UTC)] info/application	[Motor] Received distance: 46.0385262798697 cm | Severity=75 | SourceName=Motor2 | EventType=application | SourceNode=ns=1;s=MotorSource2
[Anomaly Input] [2026-08-16 19:34:32.149 (UTC)] info/application	[Motor] Received distance: 13.3681002582275 cm | Severity=75 | SourceName=Motor3 | EventType=application | SourceNode=ns=1;s=MotorSource3
[Anomaly Input] [2026-08-16 19:34:32.157 (UTC)] info/application	[Motor] Received distance: 35.9385475064342 cm | Severity=75 | SourceName=Motor | EventType=application | SourceNode=ns=1;s=MotorSource
[Anomaly Input] [2026-08-16 19:34:32.149 (UTC)] info/application	[Motor] Distance safe (46.0385262798697); rotating motor to 90 degrees | Severity=75 | SourceName=Motor2 | EventType=application | SourceNode=ns=1;s=MotorSource2
[Anomaly Input] [2026-08-16 19:34:32.149 (UTC)] warn/application	[Motor] Distance too close (13.3681002582275); rotating motor to 0 degrees | Severity=175 | SourceName=Motor3 | EventType=application | SourceNode=ns=1;s=MotorSource3
[Anomaly Input] [2026-08-16 19:34:32.157 (UTC)] info/application	[Motor] Distance safe (35.9385475064342); rotating motor to 90 degrees | Severity=75 | SourceName=Motor | EventType=application | SourceNode=ns=1;s=MotorSource
[Anomaly Input] [2026-08-16 19:34:32.643 (UTC)] info/application	[Sensor] Updated distance: 13.4766307156424 cm | Severity=75 | SourceName=Sensor3 | EventType=application | SourceNode=ns=1;s=SensorSource3
[Anomaly Input] [2026-08-16 19:34:32.643 (UTC)] info/application	[Sensor] Updated distance: 46.0354943170842 cm | Severity=75 | SourceName=Sensor2 | EventType=application | SourceNode=ns=1;s=SensorSource2
[Anomaly Input] [2026-08-16 19:34:32.644 (UTC)] info/application	[Sensor] Updated distance: 37.0541123093824 cm | Severity=75 | SourceName=Sensor | EventType=application | SourceNode=ns=1;s=SensorSource
[Anomaly Input] [2026-08-16 19:34:33.149 (UTC)] info/application	[Motor] Received distance: 13.4766307156424 cm | Severity=75 | SourceName=Motor3 | EventType=application | SourceNode=ns=1;s=MotorSource3
[Anomaly Input] [2026-08-16 19:34:33.149 (UTC)] info/application	[Motor] Received distance: 37.0541123093824 cm | Severity=75 | SourceName=Motor | EventType=application | SourceNode=ns=1;s=MotorSource
[Anomaly Input] [2026-08-16 19:34:33.157 (UTC)] info/application	[Motor] Received distance: 46.0354943170842 cm | Severity=75 | SourceName=Motor2 | EventType=application | SourceNode=ns=1;s=MotorSource2
[Anomaly Input] [2026-08-16 19:34:33.149 (UTC)] warn/application	[Motor] Distance too close (13.4766307156424); rotating motor to 0 degrees | Severity=175 | SourceName=Motor3 | EventType=application | SourceNode=ns=1;s=MotorSource3
[Anomaly Input] [2026-08-16 19:34:33.149 (UTC)] info/application	[Motor] Distance safe (37.0541123093824); rotating motor to 90 degrees | Severity=75 | SourceName=Motor | EventType=application | SourceNode=ns=1;s=MotorSource
[Anomaly Input] [2026-08-16 19:34:33.157 (UTC)] info/application	[Motor] Distance safe (46.0354943170842); rotating motor to 90 degrees | Severity=75 | SourceName=Motor2 | EventType=application | SourceNode=ns=1;s=MotorSource2
[Anomaly Input] [2026-08-16 19:34:33.643 (UTC)] info/application	[Sensor] Updated distance: 44.9278035256675 cm | Severity=75 | SourceName=Sensor2 | EventType=application | SourceNode=ns=1;s=SensorSource2
[Anomaly Input] [2026-08-16 19:34:33.643 (UTC)] info/application	[Sensor] Updated distance: 14.3904857381203 cm | Severity=75 | SourceName=Sensor3 | EventType=application | SourceNode=ns=1;s=SensorSource3
[Anomaly Input] [2026-08-16 19:34:33.643 (UTC)] info/application	[Sensor] Updated distance: 37.8762339059619 cm | Severity=75 | SourceName=Sensor | EventType=application | SourceNode=ns=1;s=SensorSource
[Anomaly Input] [2026-08-16 19:34:34.149 (UTC)] info/application	[Motor] Received distance: 44.9278035256675 cm | Severity=75 | SourceName=Motor2 | EventType=application | SourceNode=ns=1;s=MotorSource2
[Anomaly Input] [2026-08-16 19:34:34.149 (UTC)] info/application	[Motor] Received distance: 14.3904857381203 cm | Severity=75 | SourceName=Motor3 | EventType=application | SourceNode=ns=1;s=MotorSource3
[Anomaly Input] [2026-08-16 19:34:34.157 (UTC)] info/application	[Motor] Received distance: 37.8762339059619 cm | Severity=75 | SourceName=Motor | EventType=application | SourceNode=ns=1;s=MotorSource
[Anomaly Input] [2026-08-16 19:34:34.149 (UTC)] info/application	[Motor] Distance safe (44.9278035256675); rotating motor to 90 degrees | Severity=75 | SourceName=Motor2 | EventType=application | SourceNode=ns=1;s=MotorSource2
[Anomaly Input] [2026-08-16 19:34:34.149 (UTC)] warn/application	[Motor] Distance too close (14.3904857381203); rotating motor to 0 degrees | Severity=175 | SourceName=Motor3 | EventType=application | SourceNode=ns=1;s=MotorSource3
[Anomaly Input] [2026-08-16 19:34:34.157 (UTC)] info/application	[Motor] Distance safe (37.8762339059619); rotating motor to 90 degrees | Severity=75 | SourceName=Motor | EventType=application | SourceNode=ns=1;s=MotorSource
[Anomaly Input] [2026-08-16 19:34:34.644 (UTC)] info/application	[Sensor] Updated distance: 43.7086753902065 cm | Severity=75 | SourceName=Sensor2 | EventType=application | SourceNode=ns=1;s=SensorSource2
[Anomaly Input] [2026-08-16 19:34:34.644 (UTC)] info/application	[Sensor] Updated distance: 39.0386476705497 cm | Severity=75 | SourceName=Sensor | EventType=application | SourceNode=ns=1;s=SensorSource
[Anomaly Input] [2026-08-16 19:34:34.644 (UTC)] info/application	[Sensor] Updated distance: 15.1885736774134 cm | Severity=75 | SourceName=Sensor3 | EventType=application | SourceNode=ns=1;s=SensorSource3
[Anomaly Input] [2026-08-16 19:34:35.149 (UTC)] info/application	[Motor] Received distance: 39.0386476705497 cm | Severity=75 | SourceName=Motor | EventType=application | SourceNode=ns=1;s=MotorSource
[Anomaly Input] [2026-08-16 19:34:35.149 (UTC)] info/application	[Motor] Received distance: 15.1885736774134 cm | Severity=75 | SourceName=Motor3 | EventType=application | SourceNode=ns=1;s=MotorSource3
[Anomaly Input] [2026-08-16 19:34:35.157 (UTC)] info/application	[Motor] Received distance: 43.7086753902065 cm | Severity=75 | SourceName=Motor2 | EventType=application | SourceNode=ns=1;s=MotorSource2
[Anomaly Input] [2026-08-16 19:34:35.149 (UTC)] info/application	[Motor] Distance safe (39.0386476705497); rotating motor to 90 degrees | Severity=75 | SourceName=Motor | EventType=application | SourceNode=ns=1;s=MotorSource
[Anomaly Input] [2026-08-16 19:34:35.149 (UTC)] warn/application	[Motor] Distance too close (15.1885736774134); rotating motor to 0 degrees | Severity=175 | SourceName=Motor3 | EventType=application | SourceNode=ns=1;s=MotorSource3
[Anomaly Input] [2026-08-16 19:34:35.157 (UTC)] info/application	[Motor] Distance safe (43.7086753902065); rotating motor to 90 degrees | Severity=75 | SourceName=Motor2 | EventType=application | SourceNode=ns=1;s=MotorSource2
[Anomaly Input] [2026-08-16 19:34:35.645 (UTC)] info/application	[Sensor] Updated distance: 39.6279748899993 cm | Severity=75 | SourceName=Sensor | EventType=application | SourceNode=ns=1;s=SensorSource
[Anomaly Input] [2026-08-16 19:34:35.645 (UTC)] info/application	[Sensor] Updated distance: 43.4431712708636 cm | Severity=75 | SourceName=Sensor2 | EventType=application | SourceNode=ns=1;s=SensorSource2
[Anomaly Input] [2026-08-16 19:34:35.645 (UTC)] info/application	[Sensor] Updated distance: 15.1401778488141 cm | Severity=75 | SourceName=Sensor3 | EventType=application | SourceNode=ns=1;s=SensorSource3
[Anomaly Input] [2026-08-16 19:34:36.150 (UTC)] info/application	[Motor] Received distance: 43.4431712708636 cm | Severity=75 | SourceName=Motor2 | EventType=application | SourceNode=ns=1;s=MotorSource2
[Anomaly Input] [2026-08-16 19:34:36.158 (UTC)] info/application	[Motor] Received distance: 15.1401778488141 cm | Severity=75 | SourceName=Motor3 | EventType=application | SourceNode=ns=1;s=MotorSource3
[Anomaly Input] [2026-08-16 19:34:36.158 (UTC)] info/application	[Motor] Received distance: 39.6279748899993 cm | Severity=75 | SourceName=Motor | EventType=application | SourceNode=ns=1;s=MotorSource
[Anomaly Input] [2026-08-16 19:34:36.150 (UTC)] info/application	[Motor] Distance safe (43.4431712708636); rotating motor to 90 degrees | Severity=75 | SourceName=Motor2 | EventType=application | SourceNode=ns=1;s=MotorSource2
[Anomaly Input] [2026-08-16 19:34:36.158 (UTC)] warn/application	[Motor] Distance too close (15.1401778488141); rotating motor to 0 degrees | Severity=175 | SourceName=Motor3 | EventType=application | SourceNode=ns=1;s=MotorSource3
[Anomaly Input] [2026-08-16 19:34:36.158 (UTC)] info/application	[Motor] Distance safe (39.6279748899993); rotating motor to 90 degrees | Severity=75 | SourceName=Motor | EventType=application | SourceNode=ns=1;s=MotorSource
[Anomaly Input] [2026-08-16 19:34:36.644 (UTC)] info/application	[Sensor] Updated distance: 15.0485278626664 cm | Severity=75 | SourceName=Sensor3 | EventType=application | SourceNode=ns=1;s=SensorSource3
[Anomaly Input] [2026-08-16 19:34:36.644 (UTC)] info/application	[Sensor] Updated distance: 42.0106005484753 cm | Severity=75 | SourceName=Sensor2 | EventType=application | SourceNode=ns=1;s=SensorSource2
[Anomaly Input] [2026-08-16 19:34:36.645 (UTC)] info/application	[Sensor] Updated distance: 39.5481315884032 cm | Severity=75 | SourceName=Sensor | EventType=application | SourceNode=ns=1;s=SensorSource
[Anomaly Input] [2026-08-16 19:34:37.150 (UTC)] info/application	[Motor] Received distance: 15.0485278626664 cm | Severity=75 | SourceName=Motor3 | EventType=application | SourceNode=ns=1;s=MotorSource3
[Anomaly Input] [2026-08-16 19:34:37.150 (UTC)] info/application	[Motor] Received distance: 39.5481315884032 cm | Severity=75 | SourceName=Motor | EventType=application | SourceNode=ns=1;s=MotorSource
[Anomaly Input] [2026-08-16 19:34:37.158 (UTC)] info/application	[Motor] Received distance: 42.0106005484753 cm | Severity=75 | SourceName=Motor2 | EventType=application | SourceNode=ns=1;s=MotorSource2
[Anomaly Input] [2026-08-16 19:34:37.150 (UTC)] warn/application	[Motor] Distance too close (15.0485278626664); rotating motor to 0 degrees | Severity=175 | SourceName=Motor3 | EventType=application | SourceNode=ns=1;s=MotorSource3
[Anomaly Input] [2026-08-16 19:34:37.150 (UTC)] info/application	[Motor] Distance safe (39.5481315884032); rotating motor to 90 degrees | Severity=75 | SourceName=Motor | EventType=application | SourceNode=ns=1;s=MotorSource
[Anomaly Input] [2026-08-16 19:34:37.158 (UTC)] info/application	[Motor] Distance safe (42.0106005484753); rotating motor to 90 degrees | Severity=75 | SourceName=Motor2 | EventType=application | SourceNode=ns=1;s=MotorSource2
[Anomaly Input] [2026-08-16 19:34:37.645 (UTC)] info/application	[Sensor] Updated distance: 41.1221403121585 cm | Severity=75 | SourceName=Sensor2 | EventType=application | SourceNode=ns=1;s=SensorSource2
[Anomaly Input] [2026-08-16 19:34:37.645 (UTC)] info/application	[Sensor] Updated distance: 38.2237626683078 cm | Severity=75 | SourceName=Sensor | EventType=application | SourceNode=ns=1;s=SensorSource
[Anomaly Input] [2026-08-16 19:34:37.645 (UTC)] info/application	[Sensor] Updated distance: 14.3225241663505 cm | Severity=75 | SourceName=Sensor3 | EventType=application | SourceNode=ns=1;s=SensorSource3
[Anomaly Input] [2026-08-16 19:34:38.140 (UTC)] info/application	[Motor] Received distance: 14.3225241663505 cm | Severity=75 | SourceName=Motor3 | EventType=application | SourceNode=ns=1;s=MotorSource3
[Anomaly Input] [2026-08-16 19:34:38.141 (UTC)] info/application	[Motor] Received distance: 38.2237626683078 cm | Severity=75 | SourceName=Motor | EventType=application | SourceNode=ns=1;s=MotorSource
[Anomaly Input] [2026-08-16 19:34:38.150 (UTC)] info/application	[Motor] Received distance: 41.1221403121585 cm | Severity=75 | SourceName=Motor2 | EventType=application | SourceNode=ns=1;s=MotorSource2
[Anomaly Input] [2026-08-16 19:34:38.140 (UTC)] warn/application	[Motor] Distance too close (14.3225241663505); rotating motor to 0 degrees | Severity=175 | SourceName=Motor3 | EventType=application | SourceNode=ns=1;s=MotorSource3
[Anomaly Input] [2026-08-16 19:34:38.141 (UTC)] info/application	[Motor] Distance safe (38.2237626683078); rotating motor to 90 degrees | Severity=75 | SourceName=Motor | EventType=application | SourceNode=ns=1;s=MotorSource
[Anomaly Input] [2026-08-16 19:34:38.150 (UTC)] info/application	[Motor] Distance safe (41.1221403121585); rotating motor to 90 degrees | Severity=75 | SourceName=Motor2 | EventType=application | SourceNode=ns=1;s=MotorSource2
[Anomaly Input] [2026-08-16 19:34:38.644 (UTC)] info/application	[Sensor] Updated distance: 40.8394505979211 cm | Severity=75 | SourceName=Sensor2 | EventType=application | SourceNode=ns=1;s=SensorSource2
[Anomaly Input] [2026-08-16 19:34:38.645 (UTC)] info/application	[Sensor] Updated distance: 13.4980652662916 cm | Severity=75 | SourceName=Sensor3 | EventType=application | SourceNode=ns=1;s=SensorSource3
[Anomaly Input] [2026-08-16 19:34:38.645 (UTC)] info/application	[Sensor] Updated distance: 39.0571367198402 cm | Severity=75 | SourceName=Sensor | EventType=application | SourceNode=ns=1;s=SensorSource
[Anomaly Input] [2026-08-16 19:34:39.146 (UTC)] info/application	[Motor] Received distance: 39.0571367198402 cm | Severity=75 | SourceName=Motor | EventType=application | SourceNode=ns=1;s=MotorSource
[Anomaly Input] [2026-08-16 19:34:39.148 (UTC)] info/application	[Motor] Received distance: 13.4980652662916 cm | Severity=75 | SourceName=Motor3 | EventType=application | SourceNode=ns=1;s=MotorSource3
[Anomaly Input] [2026-08-16 19:34:39.158 (UTC)] info/application	[Motor] Received distance: 40.8394505979211 cm | Severity=75 | SourceName=Motor2 | EventType=application | SourceNode=ns=1;s=MotorSource2
[Anomaly Input] [2026-08-16 19:34:39.146 (UTC)] info/application	[Motor] Distance safe (39.0571367198402); rotating motor to 90 degrees | Severity=75 | SourceName=Motor | EventType=application | SourceNode=ns=1;s=MotorSource
[Anomaly Input] [2026-08-16 19:34:39.148 (UTC)] warn/application	[Motor] Distance too close (13.4980652662916); rotating motor to 0 degrees | Severity=175 | SourceName=Motor3 | EventType=application | SourceNode=ns=1;s=MotorSource3
[Anomaly Input] [2026-08-16 19:34:39.158 (UTC)] info/application	[Motor] Distance safe (40.8394505979211); rotating motor to 90 degrees | Severity=75 | SourceName=Motor2 | EventType=application | SourceNode=ns=1;s=MotorSource2
[Anomaly Input] [2026-08-16 19:34:39.645 (UTC)] info/application	[Sensor] Updated distance: 41.1099312669177 cm | Severity=75 | SourceName=Sensor2 | EventType=application | SourceNode=ns=1;s=SensorSource2
[Anomaly Input] [2026-08-16 19:34:39.645 (UTC)] info/application	[Sensor] Updated distance: 12.8472992958721 cm | Severity=75 | SourceName=Sensor3 | EventType=application | SourceNode=ns=1;s=SensorSource3
[Anomaly Input] [2026-08-16 19:34:39.645 (UTC)] info/application	[Sensor] Updated distance: 38.8095924709037 cm | Severity=75 | SourceName=Sensor | EventType=application | SourceNode=ns=1;s=SensorSource
[Anomaly Input] [2026-08-16 19:34:40.147 (UTC)] info/application	[Motor] Received distance: 41.1099312669177 cm | Severity=75 | SourceName=Motor2 | EventType=application | SourceNode=ns=1;s=MotorSource2
[Anomaly Input] [2026-08-16 19:34:40.147 (UTC)] info/application	[Motor] Received distance: 38.8095924709037 cm | Severity=75 | SourceName=Motor | EventType=application | SourceNode=ns=1;s=MotorSource
[Anomaly Input] [2026-08-16 19:34:40.150 (UTC)] info/application	[Motor] Received distance: 12.8472992958721 cm | Severity=75 | SourceName=Motor3 | EventType=application | SourceNode=ns=1;s=MotorSource3
[Anomaly Input] [2026-08-16 19:34:40.147 (UTC)] info/application	[Motor] Distance safe (41.1099312669177); rotating motor to 90 degrees | Severity=75 | SourceName=Motor2 | EventType=application | SourceNode=ns=1;s=MotorSource2
[Anomaly Input] [2026-08-16 19:34:40.147 (UTC)] info/application	[Motor] Distance safe (38.8095924709037); rotating motor to 90 degrees | Severity=75 | SourceName=Motor | EventType=application | SourceNode=ns=1;s=MotorSource
[Anomaly Input] [2026-08-16 19:34:40.150 (UTC)] warn/application	[Motor] Distance too close (12.8472992958721); rotating motor to 0 degrees | Severity=175 | SourceName=Motor3 | EventType=application | SourceNode=ns=1;s=MotorSource3
[Anomaly Input] [2026-08-16 19:34:40.645 (UTC)] info/application	[Sensor] Updated distance: 40.9390554886492 cm | Severity=75 | SourceName=Sensor2 | EventType=application | SourceNode=ns=1;s=SensorSource2
[Anomaly Input] [2026-08-16 19:34:40.645 (UTC)] info/application	[Sensor] Updated distance: 38.6367136231329 cm | Severity=75 | SourceName=Sensor | EventType=application | SourceNode=ns=1;s=SensorSource
[Anomaly Input] [2026-08-16 19:34:40.645 (UTC)] info/application	[Sensor] Updated distance: 11.6216293825403 cm | Severity=75 | SourceName=Sensor3 | EventType=application | SourceNode=ns=1;s=SensorSource3
[Anomaly Input] [2026-08-16 19:34:41.141 (UTC)] info/application	[Motor] Received distance: 11.6216293825403 cm | Severity=75 | SourceName=Motor3 | EventType=application | SourceNode=ns=1;s=MotorSource3
[Anomaly Input] [2026-08-16 19:34:41.148 (UTC)] info/application	[Motor] Received distance: 40.9390554886492 cm | Severity=75 | SourceName=Motor2 | EventType=application | SourceNode=ns=1;s=MotorSource2
[Anomaly Input] [2026-08-16 19:34:41.148 (UTC)] info/application	[Motor] Received distance: 38.6367136231329 cm | Severity=75 | SourceName=Motor | EventType=application | SourceNode=ns=1;s=MotorSource
[Anomaly Input] [2026-08-16 19:34:41.141 (UTC)] warn/application	[Motor] Distance too close (11.6216293825403); rotating motor to 0 degrees | Severity=175 | SourceName=Motor3 | EventType=application | SourceNode=ns=1;s=MotorSource3
[Anomaly Input] [2026-08-16 19:34:41.148 (UTC)] info/application	[Motor] Distance safe (40.9390554886492); rotating motor to 90 degrees | Severity=75 | SourceName=Motor2 | EventType=application | SourceNode=ns=1;s=MotorSource2
[Anomaly Input] [2026-08-16 19:34:41.148 (UTC)] info/application	[Motor] Distance safe (38.6367136231329); rotating motor to 90 degrees | Severity=75 | SourceName=Motor | EventType=application | SourceNode=ns=1;s=MotorSource
[Anomaly Input] [2026-08-16 19:34:41.645 (UTC)] info/application	[Sensor] Updated distance: 12.9690449349438 cm | Severity=75 | SourceName=Sensor3 | EventType=application | SourceNode=ns=1;s=SensorSource3
[Anomaly Input] [2026-08-16 19:34:41.645 (UTC)] info/application	[Sensor] Updated distance: 40.4392054907228 cm | Severity=75 | SourceName=Sensor2 | EventType=application | SourceNode=ns=1;s=SensorSource2
[Anomaly Input] [2026-08-16 19:34:41.646 (UTC)] info/application	[Sensor] Updated distance: 39.4388011328126 cm | Severity=75 | SourceName=Sensor | EventType=application | SourceNode=ns=1;s=SensorSource
[Anomaly Input] [2026-08-16 19:34:42.141 (UTC)] info/application	[Motor] Received distance: 39.4388011328126 cm | Severity=75 | SourceName=Motor | EventType=application | SourceNode=ns=1;s=MotorSource
[Anomaly Input] [2026-08-16 19:34:42.148 (UTC)] info/application	[Motor] Received distance: 12.9690449349438 cm | Severity=75 | SourceName=Motor3 | EventType=application | SourceNode=ns=1;s=MotorSource3
[Anomaly Input] [2026-08-16 19:34:42.148 (UTC)] info/application	[Motor] Received distance: 40.4392054907228 cm | Severity=75 | SourceName=Motor2 | EventType=application | SourceNode=ns=1;s=MotorSource2
[Anomaly Input] [2026-08-16 19:34:42.141 (UTC)] info/application	[Motor] Distance safe (39.4388011328126); rotating motor to 90 degrees | Severity=75 | SourceName=Motor | EventType=application | SourceNode=ns=1;s=MotorSource
[Anomaly Input] [2026-08-16 19:34:42.148 (UTC)] warn/application	[Motor] Distance too close (12.9690449349438); rotating motor to 0 degrees | Severity=175 | SourceName=Motor3 | EventType=application | SourceNode=ns=1;s=MotorSource3
[Anomaly Input] [2026-08-16 19:34:42.148 (UTC)] info/application	[Motor] Distance safe (40.4392054907228); rotating motor to 90 degrees | Severity=75 | SourceName=Motor2 | EventType=application | SourceNode=ns=1;s=MotorSource2
[Anomaly Input] [2026-08-16 19:34:42.645 (UTC)] info/application	[Sensor] Updated distance: 12.0057272959993 cm | Severity=75 | SourceName=Sensor3 | EventType=application | SourceNode=ns=1;s=SensorSource3
[Anomaly Input] [2026-08-16 19:34:42.645 (UTC)] info/application	[Sensor] Updated distance: 40.9878895909003 cm | Severity=75 | SourceName=Sensor2 | EventType=application | SourceNode=ns=1;s=SensorSource2
[Anomaly Input] [2026-08-16 19:34:42.645 (UTC)] info/application	[Sensor] Updated distance: 39.54731838873 cm | Severity=75 | SourceName=Sensor | EventType=application | SourceNode=ns=1;s=SensorSource
[Anomaly Input] [2026-08-16 19:34:43.146 (UTC)] info/application	[Motor] Received distance: 39.54731838873 cm | Severity=75 | SourceName=Motor | EventType=application | SourceNode=ns=1;s=MotorSource
[Anomaly Input] [2026-08-16 19:34:43.148 (UTC)] info/application	[Motor] Received distance: 40.9878895909003 cm | Severity=75 | SourceName=Motor2 | EventType=application | SourceNode=ns=1;s=MotorSource2
[Anomaly Input] [2026-08-16 19:34:43.150 (UTC)] info/application	[Motor] Received distance: 12.0057272959993 cm | Severity=75 | SourceName=Motor3 | EventType=application | SourceNode=ns=1;s=MotorSource3
[Anomaly Input] [2026-08-16 19:34:43.146 (UTC)] info/application	[Motor] Distance safe (39.54731838873); rotating motor to 90 degrees | Severity=75 | SourceName=Motor | EventType=application | SourceNode=ns=1;s=MotorSource
[Anomaly Input] [2026-08-16 19:34:43.148 (UTC)] info/application	[Motor] Distance safe (40.9878895909003); rotating motor to 90 degrees | Severity=75 | SourceName=Motor2 | EventType=application | SourceNode=ns=1;s=MotorSource2
[Anomaly Input] [2026-08-16 19:34:43.150 (UTC)] warn/application	[Motor] Distance too close (12.0057272959993); rotating motor to 0 degrees | Severity=175 | SourceName=Motor3 | EventType=application | SourceNode=ns=1;s=MotorSource3
[Anomaly Input] [2026-08-16 19:34:43.645 (UTC)] info/application	[Sensor] Updated distance: 12.6618054386516 cm | Severity=75 | SourceName=Sensor3 | EventType=application | SourceNode=ns=1;s=SensorSource3
[Anomaly Input] [2026-08-16 19:34:43.645 (UTC)] info/application	[Sensor] Updated distance: 40.474309651402 cm | Severity=75 | SourceName=Sensor | EventType=application | SourceNode=ns=1;s=SensorSource
[Anomaly Input] [2026-08-16 19:34:43.645 (UTC)] info/application	[Sensor] Updated distance: 41.4509490018016 cm | Severity=75 | SourceName=Sensor2 | EventType=application | SourceNode=ns=1;s=SensorSource2
[Anomaly Input] [2026-08-16 19:34:44.140 (UTC)] info/application	[Motor] Received distance: 12.6618054386516 cm | Severity=75 | SourceName=Motor3 | EventType=application | SourceNode=ns=1;s=MotorSource3
[Anomaly Input] [2026-08-16 19:34:44.148 (UTC)] info/application	[Motor] Received distance: 41.4509490018016 cm | Severity=75 | SourceName=Motor2 | EventType=application | SourceNode=ns=1;s=MotorSource2
[Anomaly Input] [2026-08-16 19:34:44.148 (UTC)] info/application	[Motor] Received distance: 40.474309651402 cm | Severity=75 | SourceName=Motor | EventType=application | SourceNode=ns=1;s=MotorSource
[Anomaly Input] [2026-08-16 19:34:44.140 (UTC)] warn/application	[Motor] Distance too close (12.6618054386516); rotating motor to 0 degrees | Severity=175 | SourceName=Motor3 | EventType=application | SourceNode=ns=1;s=MotorSource3
[Anomaly Input] [2026-08-16 19:34:44.148 (UTC)] info/application	[Motor] Distance safe (41.4509490018016); rotating motor to 90 degrees | Severity=75 | SourceName=Motor2 | EventType=application | SourceNode=ns=1;s=MotorSource2
[Anomaly Input] [2026-08-16 19:34:44.148 (UTC)] info/application	[Motor] Distance safe (40.474309651402); rotating motor to 90 degrees | Severity=75 | SourceName=Motor | EventType=application | SourceNode=ns=1;s=MotorSource
[Anomaly Input] [2026-08-16 19:34:44.645 (UTC)] info/application	[Sensor] Updated distance: 11.5341120078387 cm | Severity=75 | SourceName=Sensor3 | EventType=application | SourceNode=ns=1;s=SensorSource3
[Anomaly Input] [2026-08-16 19:34:44.645 (UTC)] info/application	[Sensor] Updated distance: 41.2180323976641 cm | Severity=75 | SourceName=Sensor2 | EventType=application | SourceNode=ns=1;s=SensorSource2
[Anomaly Input] [2026-08-16 19:34:44.646 (UTC)] info/application	[Sensor] Updated distance: 41.0874494736025 cm | Severity=75 | SourceName=Sensor | EventType=application | SourceNode=ns=1;s=SensorSource
[Anomaly Input] [2026-08-16 19:34:45.140 (UTC)] info/application	[Motor] Received distance: 41.0874494736025 cm | Severity=75 | SourceName=Motor | EventType=application | SourceNode=ns=1;s=MotorSource
[Anomaly Input] [2026-08-16 19:34:45.147 (UTC)] info/application	[Motor] Received distance: 11.5341120078387 cm | Severity=75 | SourceName=Motor3 | EventType=application | SourceNode=ns=1;s=MotorSource3
[Anomaly Input] [2026-08-16 19:34:45.148 (UTC)] info/application	[Motor] Received distance: 41.2180323976641 cm | Severity=75 | SourceName=Motor2 | EventType=application | SourceNode=ns=1;s=MotorSource2
[Anomaly Input] [2026-08-16 19:34:45.140 (UTC)] info/application	[Motor] Distance safe (41.0874494736025); rotating motor to 90 degrees | Severity=75 | SourceName=Motor | EventType=application | SourceNode=ns=1;s=MotorSource
[Anomaly Input] [2026-08-16 19:34:45.147 (UTC)] warn/application	[Motor] Distance too close (11.5341120078387); rotating motor to 0 degrees | Severity=175 | SourceName=Motor3 | EventType=application | SourceNode=ns=1;s=MotorSource3
[Anomaly Input] [2026-08-16 19:34:45.148 (UTC)] info/application	[Motor] Distance safe (41.2180323976641); rotating motor to 90 degrees | Severity=75 | SourceName=Motor2 | EventType=application | SourceNode=ns=1;s=MotorSource2
[Anomaly Input] [2026-08-16 19:34:45.646 (UTC)] info/application	[Sensor] Updated distance: 10.7120826373399 cm | Severity=75 | SourceName=Sensor3 | EventType=application | SourceNode=ns=1;s=SensorSource3
[Anomaly Input] [2026-08-16 19:34:45.646 (UTC)] info/application	[Sensor] Updated distance: 41.3044834706487 cm | Severity=75 | SourceName=Sensor2 | EventType=application | SourceNode=ns=1;s=SensorSource2
[Anomaly Input] [2026-08-16 19:34:45.646 (UTC)] info/application	[Sensor] Updated distance: 41.4086493949446 cm | Severity=75 | SourceName=Sensor | EventType=application | SourceNode=ns=1;s=SensorSource
[Anomaly Input] [2026-08-16 19:34:46.147 (UTC)] info/application	[Motor] Received distance: 41.4086493949446 cm | Severity=75 | SourceName=Motor | EventType=application | SourceNode=ns=1;s=MotorSource
[Anomaly Input] [2026-08-16 19:34:46.148 (UTC)] info/application	[Motor] Received distance: 41.3044834706487 cm | Severity=75 | SourceName=Motor2 | EventType=application | SourceNode=ns=1;s=MotorSource2
[Anomaly Input] [2026-08-16 19:34:46.148 (UTC)] info/application	[Motor] Received distance: 10.7120826373399 cm | Severity=75 | SourceName=Motor3 | EventType=application | SourceNode=ns=1;s=MotorSource3
[Anomaly Input] [2026-08-16 19:34:46.147 (UTC)] info/application	[Motor] Distance safe (41.4086493949446); rotating motor to 90 degrees | Severity=75 | SourceName=Motor | EventType=application | SourceNode=ns=1;s=MotorSource
[Anomaly Input] [2026-08-16 19:34:46.148 (UTC)] info/application	[Motor] Distance safe (41.3044834706487); rotating motor to 90 degrees | Severity=75 | SourceName=Motor2 | EventType=application | SourceNode=ns=1;s=MotorSource2
[Anomaly Input] [2026-08-16 19:34:46.148 (UTC)] warn/application	[Motor] Distance too close (10.7120826373399); rotating motor to 0 degrees | Severity=175 | SourceName=Motor3 | EventType=application | SourceNode=ns=1;s=MotorSource3
[Anomaly Input] [2026-08-16 19:34:46.646 (UTC)] info/application	[Sensor] Updated distance: 42.4978169361119 cm | Severity=75 | SourceName=Sensor2 | EventType=application | SourceNode=ns=1;s=SensorSource2
[Anomaly Input] [2026-08-16 19:34:46.646 (UTC)] info/application	[Sensor] Updated distance: 9.89157119318451 cm | Severity=75 | SourceName=Sensor3 | EventType=application | SourceNode=ns=1;s=SensorSource3
[Anomaly Input] [2026-08-16 19:34:46.646 (UTC)] info/application	[Sensor] Updated distance: 40.3152363457788 cm | Severity=75 | SourceName=Sensor | EventType=application | SourceNode=ns=1;s=SensorSource
[Anomaly Input] [2026-08-16 19:34:47.141 (UTC)] info/application	[Motor] Received distance: 40.3152363457788 cm | Severity=75 | SourceName=Motor | EventType=application | SourceNode=ns=1;s=MotorSource
[Anomaly Input] [2026-08-16 19:34:47.148 (UTC)] info/application	[Motor] Received distance: 42.4978169361119 cm | Severity=75 | SourceName=Motor2 | EventType=application | SourceNode=ns=1;s=MotorSource2
[Anomaly Input] [2026-08-16 19:34:47.148 (UTC)] info/application	[Motor] Received distance: 9.89157119318451 cm | Severity=75 | SourceName=Motor3 | EventType=application | SourceNode=ns=1;s=MotorSource3
[Anomaly Input] [2026-08-16 19:34:47.141 (UTC)] info/application	[Motor] Distance safe (40.3152363457788); rotating motor to 90 degrees | Severity=75 | SourceName=Motor | EventType=application | SourceNode=ns=1;s=MotorSource
[Anomaly Input] [2026-08-16 19:34:47.148 (UTC)] info/application	[Motor] Distance safe (42.4978169361119); rotating motor to 90 degrees | Severity=75 | SourceName=Motor2 | EventType=application | SourceNode=ns=1;s=MotorSource2
[Anomaly Input] [2026-08-16 19:34:47.148 (UTC)] warn/application	[Motor] Distance too close (9.89157119318451); rotating motor to 0 degrees | Severity=175 | SourceName=Motor3 | EventType=application | SourceNode=ns=1;s=MotorSource3
[Anomaly Input] [2026-08-16 19:34:47.646 (UTC)] info/application	[Sensor] Updated distance: 10.6709022702048 cm | Severity=75 | SourceName=Sensor3 | EventType=application | SourceNode=ns=1;s=SensorSource3
[Anomaly Input] [2026-08-16 19:34:47.646 (UTC)] info/application	[Sensor] Updated distance: 41.7984605393365 cm | Severity=75 | SourceName=Sensor2 | EventType=application | SourceNode=ns=1;s=SensorSource2
[Anomaly Input] [2026-08-16 19:34:47.646 (UTC)] info/application	[Sensor] Updated distance: 40.3405535413607 cm | Severity=75 | SourceName=Sensor | EventType=application | SourceNode=ns=1;s=SensorSource
[Anomaly Input] [2026-08-16 19:34:48.146 (UTC)] info/application	[Motor] Received distance: 40.3405535413607 cm | Severity=75 | SourceName=Motor | EventType=application | SourceNode=ns=1;s=MotorSource
[Anomaly Input] [2026-08-16 19:34:48.148 (UTC)] info/application	[Motor] Received distance: 41.7984605393365 cm | Severity=75 | SourceName=Motor2 | EventType=application | SourceNode=ns=1;s=MotorSource2
[Anomaly Input] [2026-08-16 19:34:48.149 (UTC)] info/application	[Motor] Received distance: 10.6709022702048 cm | Severity=75 | SourceName=Motor3 | EventType=application | SourceNode=ns=1;s=MotorSource3
[Anomaly Input] [2026-08-16 19:34:48.146 (UTC)] info/application	[Motor] Distance safe (40.3405535413607); rotating motor to 90 degrees | Severity=75 | SourceName=Motor | EventType=application | SourceNode=ns=1;s=MotorSource
[Anomaly Input] [2026-08-16 19:34:48.148 (UTC)] info/application	[Motor] Distance safe (41.7984605393365); rotating motor to 90 degrees | Severity=75 | SourceName=Motor2 | EventType=application | SourceNode=ns=1;s=MotorSource2
[Anomaly Input] [2026-08-16 19:34:48.149 (UTC)] warn/application	[Motor] Distance too close (10.6709022702048); rotating motor to 0 degrees | Severity=175 | SourceName=Motor3 | EventType=application | SourceNode=ns=1;s=MotorSource3
[Anomaly Input] [2026-08-16 19:34:48.646 (UTC)] info/application	[Sensor] Updated distance: 40.3462446489587 cm | Severity=75 | SourceName=Sensor | EventType=application | SourceNode=ns=1;s=SensorSource
[Anomaly Input] [2026-08-16 19:34:48.646 (UTC)] info/application	[Sensor] Updated distance: 41.756930078965 cm | Severity=75 | SourceName=Sensor2 | EventType=application | SourceNode=ns=1;s=SensorSource2
[Anomaly Input] [2026-08-16 19:34:48.646 (UTC)] info/application	[Sensor] Updated distance: 9.27687182639581 cm | Severity=75 | SourceName=Sensor3 | EventType=application | SourceNode=ns=1;s=SensorSource3
[Anomaly Input] [2026-08-16 19:34:49.142 (UTC)] info/application	[Motor] Received distance: 41.756930078965 cm | Severity=75 | SourceName=Motor2 | EventType=application | SourceNode=ns=1;s=MotorSource2
[Anomaly Input] [2026-08-16 19:34:49.147 (UTC)] info/application	[Motor] Received distance: 40.3462446489587 cm | Severity=75 | SourceName=Motor | EventType=application | SourceNode=ns=1;s=MotorSource
[Anomaly Input] [2026-08-16 19:34:49.149 (UTC)] info/application	[Motor] Received distance: 9.27687182639581 cm | Severity=75 | SourceName=Motor3 | EventType=application | SourceNode=ns=1;s=MotorSource3
[Anomaly Input] [2026-08-16 19:34:49.142 (UTC)] info/application	[Motor] Distance safe (41.756930078965); rotating motor to 90 degrees | Severity=75 | SourceName=Motor2 | EventType=application | SourceNode=ns=1;s=MotorSource2
[Anomaly Input] [2026-08-16 19:34:49.147 (UTC)] info/application	[Motor] Distance safe (40.3462446489587); rotating motor to 90 degrees | Severity=75 | SourceName=Motor | EventType=application | SourceNode=ns=1;s=MotorSource
[Anomaly Input] [2026-08-16 19:34:49.149 (UTC)] warn/application	[Motor] Distance too close (9.27687182639581); rotating motor to 0 degrees | Severity=175 | SourceName=Motor3 | EventType=application | SourceNode=ns=1;s=MotorSource3
[Anomaly Input] [2026-08-16 19:34:49.646 (UTC)] info/application	[Sensor] Updated distance: 40.8766601341202 cm | Severity=75 | SourceName=Sensor2 | EventType=application | SourceNode=ns=1;s=SensorSource2
[Anomaly Input] [2026-08-16 19:34:49.647 (UTC)] info/application	[Sensor] Updated distance: 9.33777516025016 cm | Severity=75 | SourceName=Sensor3 | EventType=application | SourceNode=ns=1;s=SensorSource3
[Anomaly Input] [2026-08-16 19:34:49.647 (UTC)] info/application	[Sensor] Updated distance: 40.9774544993311 cm | Severity=75 | SourceName=Sensor | EventType=application | SourceNode=ns=1;s=SensorSource
>>> [Anomaly Input] [2026-08-16 19:34:50.090 (UTC)] warn/application	[Motor] Distance too close (15.6); rotating motor to 0 degrees | Severity=175 | SourceName=Motor3 | EventType=application | SourceNode=null   # ⚠ [R] Repudiation 否認：冒充他人(motor)寫入、事後無法歸屬的偽造操作 log
>>> [Anomaly Input] [2026-08-16 19:34:50.090 (UTC)] warn/application	[Motor] Distance too close (15.6); rotating motor to 0 degrees | Severity=175 | SourceName=Motor2 | EventType=application | SourceNode=null   # ⚠ [R] Repudiation 否認：冒充他人(motor)寫入、事後無法歸屬的偽造操作 log
>>> [Anomaly Input] [2026-08-16 19:34:50.090 (UTC)] warn/application	[Motor] Distance too close (15.6); rotating motor to 0 degrees | Severity=175 | SourceName=Motor | EventType=application | SourceNode=null   # ⚠ [R] Repudiation 否認：冒充他人(motor)寫入、事後無法歸屬的偽造操作 log
[Anomaly Input] [2026-08-16 19:34:50.141 (UTC)] info/application	[Motor] Received distance: 9.33777516025016 cm | Severity=75 | SourceName=Motor3 | EventType=application | SourceNode=ns=1;s=MotorSource3
[Anomaly Input] [2026-08-16 19:34:50.147 (UTC)] info/application	[Motor] Received distance: 40.8766601341202 cm | Severity=75 | SourceName=Motor2 | EventType=application | SourceNode=ns=1;s=MotorSource2
[Anomaly Input] [2026-08-16 19:34:50.148 (UTC)] info/application	[Motor] Received distance: 40.9774544993311 cm | Severity=75 | SourceName=Motor | EventType=application | SourceNode=ns=1;s=MotorSource
[Anomaly Input] [2026-08-16 19:34:50.141 (UTC)] warn/application	[Motor] Distance too close (9.33777516025016); rotating motor to 0 degrees | Severity=175 | SourceName=Motor3 | EventType=application | SourceNode=ns=1;s=MotorSource3
[Anomaly Input] [2026-08-16 19:34:50.147 (UTC)] info/application	[Motor] Distance safe (40.8766601341202); rotating motor to 90 degrees | Severity=75 | SourceName=Motor2 | EventType=application | SourceNode=ns=1;s=MotorSource2
[Anomaly Input] [2026-08-16 19:34:50.148 (UTC)] info/application	[Motor] Distance safe (40.9774544993311); rotating motor to 90 degrees | Severity=75 | SourceName=Motor | EventType=application | SourceNode=ns=1;s=MotorSource
[Anomaly Input] [2026-08-16 19:34:50.646 (UTC)] info/application	[Sensor] Updated distance: 8.11539427359375 cm | Severity=75 | SourceName=Sensor3 | EventType=application | SourceNode=ns=1;s=SensorSource3
[Anomaly Input] [2026-08-16 19:34:50.646 (UTC)] info/application	[Sensor] Updated distance: 42.2872433097973 cm | Severity=75 | SourceName=Sensor2 | EventType=application | SourceNode=ns=1;s=SensorSource2
[Anomaly Input] [2026-08-16 19:34:50.647 (UTC)] info/application	[Sensor] Updated distance: 40.3120499499198 cm | Severity=75 | SourceName=Sensor | EventType=application | SourceNode=ns=1;s=SensorSource
[Anomaly Input] [2026-08-16 19:34:51.141 (UTC)] info/application	[Motor] Received distance: 40.3120499499198 cm | Severity=75 | SourceName=Motor | EventType=application | SourceNode=ns=1;s=MotorSource
[Anomaly Input] [2026-08-16 19:34:51.147 (UTC)] info/application	[Motor] Received distance: 42.2872433097973 cm | Severity=75 | SourceName=Motor2 | EventType=application | SourceNode=ns=1;s=MotorSource2
[Anomaly Input] [2026-08-16 19:34:51.147 (UTC)] info/application	[Motor] Received distance: 8.11539427359375 cm | Severity=75 | SourceName=Motor3 | EventType=application | SourceNode=ns=1;s=MotorSource3
[Anomaly Input] [2026-08-16 19:34:51.141 (UTC)] info/application	[Motor] Distance safe (40.3120499499198); rotating motor to 90 degrees | Severity=75 | SourceName=Motor | EventType=application | SourceNode=ns=1;s=MotorSource
[Anomaly Input] [2026-08-16 19:34:51.147 (UTC)] info/application	[Motor] Distance safe (42.2872433097973); rotating motor to 90 degrees | Severity=75 | SourceName=Motor2 | EventType=application | SourceNode=ns=1;s=MotorSource2
[Anomaly Input] [2026-08-16 19:34:51.147 (UTC)] warn/application	[Motor] Distance too close (8.11539427359375); rotating motor to 0 degrees | Severity=175 | SourceName=Motor3 | EventType=application | SourceNode=ns=1;s=MotorSource3
[Anomaly Input] [2026-08-16 19:34:51.646 (UTC)] info/application	[Sensor] Updated distance: 9.15164763534053 cm | Severity=75 | SourceName=Sensor3 | EventType=application | SourceNode=ns=1;s=SensorSource3
[Anomaly Input] [2026-08-16 19:34:51.646 (UTC)] info/application	[Sensor] Updated distance: 41.3477580590862 cm | Severity=75 | SourceName=Sensor | EventType=application | SourceNode=ns=1;s=SensorSource
[Anomaly Input] [2026-08-16 19:34:51.646 (UTC)] info/application	[Sensor] Updated distance: 41.6203990749178 cm | Severity=75 | SourceName=Sensor2 | EventType=application | SourceNode=ns=1;s=SensorSource2
[Anomaly Input] [2026-08-16 19:34:52.147 (UTC)] info/application	[Motor] Received distance: 41.3477580590862 cm | Severity=75 | SourceName=Motor | EventType=application | SourceNode=ns=1;s=MotorSource
[Anomaly Input] [2026-08-16 19:34:52.148 (UTC)] info/application	[Motor] Received distance: 41.6203990749178 cm | Severity=75 | SourceName=Motor2 | EventType=application | SourceNode=ns=1;s=MotorSource2
[Anomaly Input] [2026-08-16 19:34:52.148 (UTC)] info/application	[Motor] Received distance: 9.15164763534053 cm | Severity=75 | SourceName=Motor3 | EventType=application | SourceNode=ns=1;s=MotorSource3
[Anomaly Input] [2026-08-16 19:34:52.147 (UTC)] info/application	[Motor] Distance safe (41.3477580590862); rotating motor to 90 degrees | Severity=75 | SourceName=Motor | EventType=application | SourceNode=ns=1;s=MotorSource
[Anomaly Input] [2026-08-16 19:34:52.148 (UTC)] info/application	[Motor] Distance safe (41.6203990749178); rotating motor to 90 degrees | Severity=75 | SourceName=Motor2 | EventType=application | SourceNode=ns=1;s=MotorSource2
[Anomaly Input] [2026-08-16 19:34:52.148 (UTC)] warn/application	[Motor] Distance too close (9.15164763534053); rotating motor to 0 degrees | Severity=175 | SourceName=Motor3 | EventType=application | SourceNode=ns=1;s=MotorSource3
[Anomaly Input] [2026-08-16 19:34:52.646 (UTC)] info/application	[Sensor] Updated distance: 10.322304342325 cm | Severity=75 | SourceName=Sensor3 | EventType=application | SourceNode=ns=1;s=SensorSource3
[Anomaly Input] [2026-08-16 19:34:52.647 (UTC)] info/application	[Sensor] Updated distance: 42.7816539394118 cm | Severity=75 | SourceName=Sensor | EventType=application | SourceNode=ns=1;s=SensorSource
[Anomaly Input] [2026-08-16 19:34:52.647 (UTC)] info/application	[Sensor] Updated distance: 42.3474216181074 cm | Severity=75 | SourceName=Sensor2 | EventType=application | SourceNode=ns=1;s=SensorSource2
[Anomaly Input] [2026-08-16 19:34:53.142 (UTC)] info/application	[Motor] Received distance: 42.3474216181074 cm | Severity=75 | SourceName=Motor2 | EventType=application | SourceNode=ns=1;s=MotorSource2
[Anomaly Input] [2026-08-16 19:34:53.147 (UTC)] info/application	[Motor] Received distance: 42.7816539394118 cm | Severity=75 | SourceName=Motor | EventType=application | SourceNode=ns=1;s=MotorSource
[Anomaly Input] [2026-08-16 19:34:53.149 (UTC)] info/application	[Motor] Received distance: 10.322304342325 cm | Severity=75 | SourceName=Motor3 | EventType=application | SourceNode=ns=1;s=MotorSource3
[Anomaly Input] [2026-08-16 19:34:53.142 (UTC)] info/application	[Motor] Distance safe (42.3474216181074); rotating motor to 90 degrees | Severity=75 | SourceName=Motor2 | EventType=application | SourceNode=ns=1;s=MotorSource2
[Anomaly Input] [2026-08-16 19:34:53.147 (UTC)] info/application	[Motor] Distance safe (42.7816539394118); rotating motor to 90 degrees | Severity=75 | SourceName=Motor | EventType=application | SourceNode=ns=1;s=MotorSource
[Anomaly Input] [2026-08-16 19:34:53.149 (UTC)] warn/application	[Motor] Distance too close (10.322304342325); rotating motor to 0 degrees | Severity=175 | SourceName=Motor3 | EventType=application | SourceNode=ns=1;s=MotorSource3
[Anomaly Input] [2026-08-16 19:34:53.647 (UTC)] info/application	[Sensor] Updated distance: 10.4617686716196 cm | Severity=75 | SourceName=Sensor3 | EventType=application | SourceNode=ns=1;s=SensorSource3
[Anomaly Input] [2026-08-16 19:34:53.647 (UTC)] info/application	[Sensor] Updated distance: 42.8902310030023 cm | Severity=75 | SourceName=Sensor2 | EventType=application | SourceNode=ns=1;s=SensorSource2
[Anomaly Input] [2026-08-16 19:34:53.647 (UTC)] info/application	[Sensor] Updated distance: 42.4554509355014 cm | Severity=75 | SourceName=Sensor | EventType=application | SourceNode=ns=1;s=SensorSource
[Anomaly Input] [2026-08-16 19:34:54.142 (UTC)] info/application	[Motor] Received distance: 10.4617686716196 cm | Severity=75 | SourceName=Motor3 | EventType=application | SourceNode=ns=1;s=MotorSource3
[Anomaly Input] [2026-08-16 19:34:54.147 (UTC)] info/application	[Motor] Received distance: 42.8902310030023 cm | Severity=75 | SourceName=Motor2 | EventType=application | SourceNode=ns=1;s=MotorSource2
[Anomaly Input] [2026-08-16 19:34:54.147 (UTC)] info/application	[Motor] Received distance: 42.4554509355014 cm | Severity=75 | SourceName=Motor | EventType=application | SourceNode=ns=1;s=MotorSource
[Anomaly Input] [2026-08-16 19:34:54.142 (UTC)] warn/application	[Motor] Distance too close (10.4617686716196); rotating motor to 0 degrees | Severity=175 | SourceName=Motor3 | EventType=application | SourceNode=ns=1;s=MotorSource3
[Anomaly Input] [2026-08-16 19:34:54.147 (UTC)] info/application	[Motor] Distance safe (42.8902310030023); rotating motor to 90 degrees | Severity=75 | SourceName=Motor2 | EventType=application | SourceNode=ns=1;s=MotorSource2
[Anomaly Input] [2026-08-16 19:34:54.147 (UTC)] info/application	[Motor] Distance safe (42.4554509355014); rotating motor to 90 degrees | Severity=75 | SourceName=Motor | EventType=application | SourceNode=ns=1;s=MotorSource
[Anomaly Input] [2026-08-16 19:34:54.647 (UTC)] info/application	[Sensor] Updated distance: 42.5472316136803 cm | Severity=75 | SourceName=Sensor2 | EventType=application | SourceNode=ns=1;s=SensorSource2
[Anomaly Input] [2026-08-16 19:34:54.648 (UTC)] info/application	[Sensor] Updated distance: 41.3862834996014 cm | Severity=75 | SourceName=Sensor | EventType=application | SourceNode=ns=1;s=SensorSource
[Anomaly Input] [2026-08-16 19:34:54.648 (UTC)] info/application	[Sensor] Updated distance: 11.4726585522167 cm | Severity=75 | SourceName=Sensor3 | EventType=application | SourceNode=ns=1;s=SensorSource3
[Anomaly Input] [2026-08-16 19:34:55.143 (UTC)] info/application	[Motor] Received distance: 41.3862834996014 cm | Severity=75 | SourceName=Motor | EventType=application | SourceNode=ns=1;s=MotorSource
[Anomaly Input] [2026-08-16 19:34:55.147 (UTC)] info/application	[Motor] Received distance: 42.5472316136803 cm | Severity=75 | SourceName=Motor2 | EventType=application | SourceNode=ns=1;s=MotorSource2
[Anomaly Input] [2026-08-16 19:34:55.147 (UTC)] info/application	[Motor] Received distance: 11.4726585522167 cm | Severity=75 | SourceName=Motor3 | EventType=application | SourceNode=ns=1;s=MotorSource3
[Anomaly Input] [2026-08-16 19:34:55.143 (UTC)] info/application	[Motor] Distance safe (41.3862834996014); rotating motor to 90 degrees | Severity=75 | SourceName=Motor | EventType=application | SourceNode=ns=1;s=MotorSource
[Anomaly Input] [2026-08-16 19:34:55.147 (UTC)] info/application	[Motor] Distance safe (42.5472316136803); rotating motor to 90 degrees | Severity=75 | SourceName=Motor2 | EventType=application | SourceNode=ns=1;s=MotorSource2
[Anomaly Input] [2026-08-16 19:34:55.147 (UTC)] warn/application	[Motor] Distance too close (11.4726585522167); rotating motor to 0 degrees | Severity=175 | SourceName=Motor3 | EventType=application | SourceNode=ns=1;s=MotorSource3
[Anomaly Input] [2026-08-16 19:34:55.648 (UTC)] info/application	[Sensor] Updated distance: 12.2317185607887 cm | Severity=75 | SourceName=Sensor3 | EventType=application | SourceNode=ns=1;s=SensorSource3
[Anomaly Input] [2026-08-16 19:34:55.648 (UTC)] info/application	[Sensor] Updated distance: 40.8599577950593 cm | Severity=75 | SourceName=Sensor | EventType=application | SourceNode=ns=1;s=SensorSource
[Anomaly Input] [2026-08-16 19:34:55.648 (UTC)] info/application	[Sensor] Updated distance: 42.0351885492145 cm | Severity=75 | SourceName=Sensor2 | EventType=application | SourceNode=ns=1;s=SensorSource2
[Anomaly Input] [2026-08-16 19:34:56.147 (UTC)] info/application	[Motor] Received distance: 40.8599577950593 cm | Severity=75 | SourceName=Motor | EventType=application | SourceNode=ns=1;s=MotorSource
[Anomaly Input] [2026-08-16 19:34:56.147 (UTC)] info/application	[Motor] Received distance: 42.0351885492145 cm | Severity=75 | SourceName=Motor2 | EventType=application | SourceNode=ns=1;s=MotorSource2
[Anomaly Input] [2026-08-16 19:34:56.148 (UTC)] info/application	[Motor] Received distance: 12.2317185607887 cm | Severity=75 | SourceName=Motor3 | EventType=application | SourceNode=ns=1;s=MotorSource3
[Anomaly Input] [2026-08-16 19:34:56.147 (UTC)] info/application	[Motor] Distance safe (40.8599577950593); rotating motor to 90 degrees | Severity=75 | SourceName=Motor | EventType=application | SourceNode=ns=1;s=MotorSource
[Anomaly Input] [2026-08-16 19:34:56.147 (UTC)] info/application	[Motor] Distance safe (42.0351885492145); rotating motor to 90 degrees | Severity=75 | SourceName=Motor2 | EventType=application | SourceNode=ns=1;s=MotorSource2
[Anomaly Input] [2026-08-16 19:34:56.148 (UTC)] warn/application	[Motor] Distance too close (12.2317185607887); rotating motor to 0 degrees | Severity=175 | SourceName=Motor3 | EventType=application | SourceNode=ns=1;s=MotorSource3
[Anomaly Input] [2026-08-16 19:34:56.649 (UTC)] info/application	[Sensor] Updated distance: 11.2240106951092 cm | Severity=75 | SourceName=Sensor3 | EventType=application | SourceNode=ns=1;s=SensorSource3
[Anomaly Input] [2026-08-16 19:34:56.649 (UTC)] info/application	[Sensor] Updated distance: 41.0413367070915 cm | Severity=75 | SourceName=Sensor2 | EventType=application | SourceNode=ns=1;s=SensorSource2
[Anomaly Input] [2026-08-16 19:34:56.649 (UTC)] info/application	[Sensor] Updated distance: 42.1135114811424 cm | Severity=75 | SourceName=Sensor | EventType=application | SourceNode=ns=1;s=SensorSource
[Anomaly Input] [2026-08-16 19:34:57.148 (UTC)] info/application	[Motor] Received distance: 41.0413367070915 cm | Severity=75 | SourceName=Motor2 | EventType=application | SourceNode=ns=1;s=MotorSource2
[Anomaly Input] [2026-08-16 19:34:57.148 (UTC)] info/application	[Motor] Received distance: 42.1135114811424 cm | Severity=75 | SourceName=Motor | EventType=application | SourceNode=ns=1;s=MotorSource
[Anomaly Input] [2026-08-16 19:34:57.148 (UTC)] info/application	[Motor] Received distance: 11.2240106951092 cm | Severity=75 | SourceName=Motor3 | EventType=application | SourceNode=ns=1;s=MotorSource3
[Anomaly Input] [2026-08-16 19:34:57.148 (UTC)] info/application	[Motor] Distance safe (41.0413367070915); rotating motor to 90 degrees | Severity=75 | SourceName=Motor2 | EventType=application | SourceNode=ns=1;s=MotorSource2
[Anomaly Input] [2026-08-16 19:34:57.148 (UTC)] info/application	[Motor] Distance safe (42.1135114811424); rotating motor to 90 degrees | Severity=75 | SourceName=Motor | EventType=application | SourceNode=ns=1;s=MotorSource
[Anomaly Input] [2026-08-16 19:34:57.148 (UTC)] warn/application	[Motor] Distance too close (11.2240106951092); rotating motor to 0 degrees | Severity=175 | SourceName=Motor3 | EventType=application | SourceNode=ns=1;s=MotorSource3
[Anomaly Input] [2026-08-16 19:34:57.649 (UTC)] info/application	[Sensor] Updated distance: 9.89333099540945 cm | Severity=75 | SourceName=Sensor3 | EventType=application | SourceNode=ns=1;s=SensorSource3
[Anomaly Input] [2026-08-16 19:34:57.649 (UTC)] info/application	[Sensor] Updated distance: 40.7757611879034 cm | Severity=75 | SourceName=Sensor2 | EventType=application | SourceNode=ns=1;s=SensorSource2
[Anomaly Input] [2026-08-16 19:34:57.649 (UTC)] info/application	[Sensor] Updated distance: 41.9595617730914 cm | Severity=75 | SourceName=Sensor | EventType=application | SourceNode=ns=1;s=SensorSource
[Anomaly Input] [2026-08-16 19:34:58.145 (UTC)] info/application	[Motor] Received distance: 41.9595617730914 cm | Severity=75 | SourceName=Motor | EventType=application | SourceNode=ns=1;s=MotorSource
[Anomaly Input] [2026-08-16 19:34:58.148 (UTC)] info/application	[Motor] Received distance: 9.89333099540945 cm | Severity=75 | SourceName=Motor3 | EventType=application | SourceNode=ns=1;s=MotorSource3
[Anomaly Input] [2026-08-16 19:34:58.148 (UTC)] info/application	[Motor] Received distance: 40.7757611879034 cm | Severity=75 | SourceName=Motor2 | EventType=application | SourceNode=ns=1;s=MotorSource2
[Anomaly Input] [2026-08-16 19:34:58.145 (UTC)] info/application	[Motor] Distance safe (41.9595617730914); rotating motor to 90 degrees | Severity=75 | SourceName=Motor | EventType=application | SourceNode=ns=1;s=MotorSource
[Anomaly Input] [2026-08-16 19:34:58.148 (UTC)] warn/application	[Motor] Distance too close (9.89333099540945); rotating motor to 0 degrees | Severity=175 | SourceName=Motor3 | EventType=application | SourceNode=ns=1;s=MotorSource3
[Anomaly Input] [2026-08-16 19:34:58.148 (UTC)] info/application	[Motor] Distance safe (40.7757611879034); rotating motor to 90 degrees | Severity=75 | SourceName=Motor2 | EventType=application | SourceNode=ns=1;s=MotorSource2
[Anomaly Input] [2026-08-16 19:34:58.640 (UTC)] info/application	[Sensor] Updated distance: 41.2400266764406 cm | Severity=75 | SourceName=Sensor2 | EventType=application | SourceNode=ns=1;s=SensorSource2
[Anomaly Input] [2026-08-16 19:34:58.640 (UTC)] info/application	[Sensor] Updated distance: 10.4177335965995 cm | Severity=75 | SourceName=Sensor3 | EventType=application | SourceNode=ns=1;s=SensorSource3
[Anomaly Input] [2026-08-16 19:34:58.640 (UTC)] info/application	[Sensor] Updated distance: 42.8930998371882 cm | Severity=75 | SourceName=Sensor | EventType=application | SourceNode=ns=1;s=SensorSource
[Anomaly Input] [2026-08-16 19:34:59.145 (UTC)] info/application	[Motor] Received distance: 41.2400266764406 cm | Severity=75 | SourceName=Motor2 | EventType=application | SourceNode=ns=1;s=MotorSource2
[Anomaly Input] [2026-08-16 19:34:59.147 (UTC)] info/application	[Motor] Received distance: 42.8930998371882 cm | Severity=75 | SourceName=Motor | EventType=application | SourceNode=ns=1;s=MotorSource
[Anomaly Input] [2026-08-16 19:34:59.148 (UTC)] info/application	[Motor] Received distance: 10.4177335965995 cm | Severity=75 | SourceName=Motor3 | EventType=application | SourceNode=ns=1;s=MotorSource3
[Anomaly Input] [2026-08-16 19:34:59.145 (UTC)] info/application	[Motor] Distance safe (41.2400266764406); rotating motor to 90 degrees | Severity=75 | SourceName=Motor2 | EventType=application | SourceNode=ns=1;s=MotorSource2
[Anomaly Input] [2026-08-16 19:34:59.147 (UTC)] info/application	[Motor] Distance safe (42.8930998371882); rotating motor to 90 degrees | Severity=75 | SourceName=Motor | EventType=application | SourceNode=ns=1;s=MotorSource
[Anomaly Input] [2026-08-16 19:34:59.148 (UTC)] warn/application	[Motor] Distance too close (10.4177335965995); rotating motor to 0 degrees | Severity=175 | SourceName=Motor3 | EventType=application | SourceNode=ns=1;s=MotorSource3
[Anomaly Input] [2026-08-16 19:34:59.640 (UTC)] info/application	[Sensor] Updated distance: 43.4021325550984 cm | Severity=75 | SourceName=Sensor | EventType=application | SourceNode=ns=1;s=SensorSource
[Anomaly Input] [2026-08-16 19:34:59.649 (UTC)] info/application	[Sensor] Updated distance: 40.61483366071 cm | Severity=75 | SourceName=Sensor2 | EventType=application | SourceNode=ns=1;s=SensorSource2
[Anomaly Input] [2026-08-16 19:34:59.650 (UTC)] info/application	[Sensor] Updated distance: 9.98075404017268 cm | Severity=75 | SourceName=Sensor3 | EventType=application | SourceNode=ns=1;s=SensorSource3
[Anomaly Input] [2026-08-16 19:35:00.147 (UTC)] info/application	[Motor] Received distance: 43.4021325550984 cm | Severity=75 | SourceName=Motor | EventType=application | SourceNode=ns=1;s=MotorSource
[Anomaly Input] [2026-08-16 19:35:00.147 (UTC)] info/application	[Motor] Received distance: 40.61483366071 cm | Severity=75 | SourceName=Motor2 | EventType=application | SourceNode=ns=1;s=MotorSource2
[Anomaly Input] [2026-08-16 19:35:00.147 (UTC)] info/application	[Motor] Received distance: 9.98075404017268 cm | Severity=75 | SourceName=Motor3 | EventType=application | SourceNode=ns=1;s=MotorSource3
[Anomaly Input] [2026-08-16 19:35:00.147 (UTC)] info/application	[Motor] Distance safe (43.4021325550984); rotating motor to 90 degrees | Severity=75 | SourceName=Motor | EventType=application | SourceNode=ns=1;s=MotorSource
[Anomaly Input] [2026-08-16 19:35:00.147 (UTC)] info/application	[Motor] Distance safe (40.61483366071); rotating motor to 90 degrees | Severity=75 | SourceName=Motor2 | EventType=application | SourceNode=ns=1;s=MotorSource2
[Anomaly Input] [2026-08-16 19:35:00.147 (UTC)] warn/application	[Motor] Distance too close (9.98075404017268); rotating motor to 0 degrees | Severity=175 | SourceName=Motor3 | EventType=application | SourceNode=ns=1;s=MotorSource3
[Anomaly Input] [2026-08-16 19:35:00.649 (UTC)] info/application	[Sensor] Updated distance: 42.5134064615767 cm | Severity=75 | SourceName=Sensor | EventType=application | SourceNode=ns=1;s=SensorSource
[Anomaly Input] [2026-08-16 19:35:00.649 (UTC)] info/application	[Sensor] Updated distance: 39.3740849941382 cm | Severity=75 | SourceName=Sensor2 | EventType=application | SourceNode=ns=1;s=SensorSource2
[Anomaly Input] [2026-08-16 19:35:00.650 (UTC)] info/application	[Sensor] Updated distance: 10.2912040016573 cm | Severity=75 | SourceName=Sensor3 | EventType=application | SourceNode=ns=1;s=SensorSource3
[Anomaly Input] [2026-08-16 19:35:01.145 (UTC)] info/application	[Motor] Received distance: 42.5134064615767 cm | Severity=75 | SourceName=Motor | EventType=application | SourceNode=ns=1;s=MotorSource
[Anomaly Input] [2026-08-16 19:35:01.148 (UTC)] info/application	[Motor] Received distance: 10.2912040016573 cm | Severity=75 | SourceName=Motor3 | EventType=application | SourceNode=ns=1;s=MotorSource3
[Anomaly Input] [2026-08-16 19:35:01.148 (UTC)] info/application	[Motor] Received distance: 39.3740849941382 cm | Severity=75 | SourceName=Motor2 | EventType=application | SourceNode=ns=1;s=MotorSource2
[Anomaly Input] [2026-08-16 19:35:01.145 (UTC)] info/application	[Motor] Distance safe (42.5134064615767); rotating motor to 90 degrees | Severity=75 | SourceName=Motor | EventType=application | SourceNode=ns=1;s=MotorSource
[Anomaly Input] [2026-08-16 19:35:01.148 (UTC)] warn/application	[Motor] Distance too close (10.2912040016573); rotating motor to 0 degrees | Severity=175 | SourceName=Motor3 | EventType=application | SourceNode=ns=1;s=MotorSource3
[Anomaly Input] [2026-08-16 19:35:01.148 (UTC)] info/application	[Motor] Distance safe (39.3740849941382); rotating motor to 90 degrees | Severity=75 | SourceName=Motor2 | EventType=application | SourceNode=ns=1;s=MotorSource2
[Anomaly Input] [2026-08-16 19:35:01.640 (UTC)] info/application	[Sensor] Updated distance: 43.0096751335122 cm | Severity=75 | SourceName=Sensor | EventType=application | SourceNode=ns=1;s=SensorSource
[Anomaly Input] [2026-08-16 19:35:01.640 (UTC)] info/application	[Sensor] Updated distance: 40.5821115251547 cm | Severity=75 | SourceName=Sensor2 | EventType=application | SourceNode=ns=1;s=SensorSource2
[Anomaly Input] [2026-08-16 19:35:01.650 (UTC)] info/application	[Sensor] Updated distance: 11.6115227218771 cm | Severity=75 | SourceName=Sensor3 | EventType=application | SourceNode=ns=1;s=SensorSource3
[Anomaly Input] [2026-08-16 19:35:02.147 (UTC)] info/application	[Motor] Received distance: 43.0096751335122 cm | Severity=75 | SourceName=Motor | EventType=application | SourceNode=ns=1;s=MotorSource
[Anomaly Input] [2026-08-16 19:35:02.148 (UTC)] info/application	[Motor] Received distance: 11.6115227218771 cm | Severity=75 | SourceName=Motor3 | EventType=application | SourceNode=ns=1;s=MotorSource3
[Anomaly Input] [2026-08-16 19:35:02.148 (UTC)] info/application	[Motor] Received distance: 40.5821115251547 cm | Severity=75 | SourceName=Motor2 | EventType=application | SourceNode=ns=1;s=MotorSource2
[Anomaly Input] [2026-08-16 19:35:02.147 (UTC)] info/application	[Motor] Distance safe (43.0096751335122); rotating motor to 90 degrees | Severity=75 | SourceName=Motor | EventType=application | SourceNode=ns=1;s=MotorSource
[Anomaly Input] [2026-08-16 19:35:02.148 (UTC)] warn/application	[Motor] Distance too close (11.6115227218771); rotating motor to 0 degrees | Severity=175 | SourceName=Motor3 | EventType=application | SourceNode=ns=1;s=MotorSource3
[Anomaly Input] [2026-08-16 19:35:02.148 (UTC)] info/application	[Motor] Distance safe (40.5821115251547); rotating motor to 90 degrees | Severity=75 | SourceName=Motor2 | EventType=application | SourceNode=ns=1;s=MotorSource2
[Anomaly Input] [2026-08-16 19:35:02.640 (UTC)] info/application	[Sensor] Updated distance: 10.7499484081054 cm | Severity=75 | SourceName=Sensor3 | EventType=application | SourceNode=ns=1;s=SensorSource3
[Anomaly Input] [2026-08-16 19:35:02.640 (UTC)] info/application	[Sensor] Updated distance: 42.6022673701412 cm | Severity=75 | SourceName=Sensor | EventType=application | SourceNode=ns=1;s=SensorSource
[Anomaly Input] [2026-08-16 19:35:02.641 (UTC)] info/application	[Sensor] Updated distance: 41.9786495815397 cm | Severity=75 | SourceName=Sensor2 | EventType=application | SourceNode=ns=1;s=SensorSource2
[Anomaly Input] [2026-08-16 19:35:03.148 (UTC)] info/application	[Motor] Received distance: 10.7499484081054 cm | Severity=75 | SourceName=Motor3 | EventType=application | SourceNode=ns=1;s=MotorSource3
[Anomaly Input] [2026-08-16 19:35:03.148 (UTC)] info/application	[Motor] Received distance: 42.6022673701412 cm | Severity=75 | SourceName=Motor | EventType=application | SourceNode=ns=1;s=MotorSource
[Anomaly Input] [2026-08-16 19:35:03.148 (UTC)] info/application	[Motor] Received distance: 41.9786495815397 cm | Severity=75 | SourceName=Motor2 | EventType=application | SourceNode=ns=1;s=MotorSource2
[Anomaly Input] [2026-08-16 19:35:03.148 (UTC)] warn/application	[Motor] Distance too close (10.7499484081054); rotating motor to 0 degrees | Severity=175 | SourceName=Motor3 | EventType=application | SourceNode=ns=1;s=MotorSource3
[Anomaly Input] [2026-08-16 19:35:03.148 (UTC)] info/application	[Motor] Distance safe (42.6022673701412); rotating motor to 90 degrees | Severity=75 | SourceName=Motor | EventType=application | SourceNode=ns=1;s=MotorSource
[Anomaly Input] [2026-08-16 19:35:03.148 (UTC)] info/application	[Motor] Distance safe (41.9786495815397); rotating motor to 90 degrees | Severity=75 | SourceName=Motor2 | EventType=application | SourceNode=ns=1;s=MotorSource2
[Anomaly Input] [2026-08-16 19:35:03.641 (UTC)] info/application	[Sensor] Updated distance: 42.2348689535794 cm | Severity=75 | SourceName=Sensor2 | EventType=application | SourceNode=ns=1;s=SensorSource2
[Anomaly Input] [2026-08-16 19:35:03.641 (UTC)] info/application	[Sensor] Updated distance: 41.3291060781708 cm | Severity=75 | SourceName=Sensor | EventType=application | SourceNode=ns=1;s=SensorSource
[Anomaly Input] [2026-08-16 19:35:03.641 (UTC)] info/application	[Sensor] Updated distance: 9.66892882700495 cm | Severity=75 | SourceName=Sensor3 | EventType=application | SourceNode=ns=1;s=SensorSource3
[Anomaly Input] [2026-08-16 19:35:04.147 (UTC)] info/application	[Motor] Received distance: 41.3291060781708 cm | Severity=75 | SourceName=Motor | EventType=application | SourceNode=ns=1;s=MotorSource
[Anomaly Input] [2026-08-16 19:35:04.147 (UTC)] info/application	[Motor] Received distance: 42.2348689535794 cm | Severity=75 | SourceName=Motor2 | EventType=application | SourceNode=ns=1;s=MotorSource2
[Anomaly Input] [2026-08-16 19:35:04.149 (UTC)] info/application	[Motor] Received distance: 9.66892882700495 cm | Severity=75 | SourceName=Motor3 | EventType=application | SourceNode=ns=1;s=MotorSource3
[Anomaly Input] [2026-08-16 19:35:04.147 (UTC)] info/application	[Motor] Distance safe (41.3291060781708); rotating motor to 90 degrees | Severity=75 | SourceName=Motor | EventType=application | SourceNode=ns=1;s=MotorSource
[Anomaly Input] [2026-08-16 19:35:04.147 (UTC)] info/application	[Motor] Distance safe (42.2348689535794); rotating motor to 90 degrees | Severity=75 | SourceName=Motor2 | EventType=application | SourceNode=ns=1;s=MotorSource2
[Anomaly Input] [2026-08-16 19:35:04.149 (UTC)] warn/application	[Motor] Distance too close (9.66892882700495); rotating motor to 0 degrees | Severity=175 | SourceName=Motor3 | EventType=application | SourceNode=ns=1;s=MotorSource3
[Anomaly Input] [2026-08-16 19:35:04.641 (UTC)] info/application	[Sensor] Updated distance: 10.4031025683056 cm | Severity=75 | SourceName=Sensor3 | EventType=application | SourceNode=ns=1;s=SensorSource3
[Anomaly Input] [2026-08-16 19:35:04.642 (UTC)] info/application	[Sensor] Updated distance: 40.8352046917822 cm | Severity=75 | SourceName=Sensor2 | EventType=application | SourceNode=ns=1;s=SensorSource2
[Anomaly Input] [2026-08-16 19:35:04.642 (UTC)] info/application	[Sensor] Updated distance: 41.1474963452888 cm | Severity=75 | SourceName=Sensor | EventType=application | SourceNode=ns=1;s=SensorSource
[Anomaly Input] [2026-08-16 19:35:05.148 (UTC)] info/application	[Motor] Received distance: 40.8352046917822 cm | Severity=75 | SourceName=Motor2 | EventType=application | SourceNode=ns=1;s=MotorSource2
[Anomaly Input] [2026-08-16 19:35:05.148 (UTC)] info/application	[Motor] Received distance: 41.1474963452888 cm | Severity=75 | SourceName=Motor | EventType=application | SourceNode=ns=1;s=MotorSource
[Anomaly Input] [2026-08-16 19:35:05.149 (UTC)] info/application	[Motor] Received distance: 10.4031025683056 cm | Se
