[2026-08-16 19:24:32.443 (UTC)] info/application	Motor client started; subscribing to sensor DistanceValue (Client/Server mode)... | Severity=75 | SourceName=Motor | EventType=application
Entering background polling mode: connecting to Sensor & Aggregation Server...
Connected successfully. Motor log forwarding started.
[2026-08-16 19:24:32.476 (UTC)] info/channel	[System] TCP 8	| SC 1	| SecureChannel opened with SecurityMode None for SecurityPolicy http://opcfoundation.org/UA/SecurityPolicy#None and a revised lifetime of 600.0s | Severity=75 | SourceName=System | EventType=channel
[2026-08-16 19:24:32.496 (UTC)] warn/client	[System] The server returned Endpoints with a different EndpointUrl opc.tcp://MSI:4842 than was used to initialize the connection: opc.tcp://127.0.0.1:4842. Some servers require a complete match of the EndpointUrl/DiscoveryUrl (including the path) to return all endpoints. | Severity=175 | SourceName=System | EventType=client
[2026-08-16 19:24:32.892 (UTC)] info/application	Connected to sensor backend; subscribing to distance updates | Severity=75 | SourceName=Motor | EventType=application
[2026-08-16 19:24:33.485 (UTC)] info/application	[Motor] Received distance: 26.6714818294493 cm | Severity=75 | SourceName=Motor | EventType=application
[2026-08-16 19:24:33.485 (UTC)] info/application	[Motor] Distance safe (26.6714818294493); rotating motor to 90 degrees | Severity=75 | SourceName=Motor | EventType=application
[2026-08-16 19:24:35.547 (UTC)] info/application	[Motor] Received distance: 25.2339098475566 cm | Severity=75 | SourceName=Motor | EventType=application
[2026-08-16 19:24:35.547 (UTC)] info/application	[Motor] Distance safe (25.2339098475566); rotating motor to 90 degrees | Severity=75 | SourceName=Motor | EventType=application
[2026-08-16 19:24:36.043 (UTC)] info/application	[Motor] Received distance: 24.3664614233964 cm | Severity=75 | SourceName=Motor | EventType=application
[2026-08-16 19:24:36.043 (UTC)] info/application	[Motor] Distance safe (24.3664614233964); rotating motor to 90 degrees | Severity=75 | SourceName=Motor | EventType=application
[2026-08-16 19:24:36.538 (UTC)] info/application	[Motor] Received distance: 25.6216131388776 cm | Severity=75 | SourceName=Motor | EventType=application
[2026-08-16 19:24:36.538 (UTC)] info/application	[Motor] Distance safe (25.6216131388776); rotating motor to 90 degrees | Severity=75 | SourceName=Motor | EventType=application
[2026-08-16 19:24:37.546 (UTC)] info/application	[Motor] Received distance: 25.1676611742786 cm | Severity=75 | SourceName=Motor | EventType=application
[2026-08-16 19:24:37.546 (UTC)] info/application	[Motor] Distance safe (25.1676611742786); rotating motor to 90 degrees | Severity=75 | SourceName=Motor | EventType=application
[2026-08-16 19:24:38.539 (UTC)] info/application	[Motor] Received distance: 25.1849109724559 cm | Severity=75 | SourceName=Motor | EventType=application
[2026-08-16 19:24:38.539 (UTC)] info/application	[Motor] Distance safe (25.1849109724559); rotating motor to 90 degrees | Severity=75 | SourceName=Motor | EventType=application
[2026-08-16 19:24:39.547 (UTC)] info/application	[Motor] Received distance: 25.1442448413671 cm | Severity=75 | SourceName=Motor | EventType=application
[2026-08-16 19:24:39.547 (UTC)] info/application	[Motor] Distance safe (25.1442448413671); rotating motor to 90 degrees | Severity=75 | SourceName=Motor | EventType=application
[2026-08-16 19:24:40.549 (UTC)] info/application	[Motor] Received distance: 25.4820302119395 cm | Severity=75 | SourceName=Motor | EventType=application
[2026-08-16 19:24:40.549 (UTC)] info/application	[Motor] Distance safe (25.4820302119395); rotating motor to 90 degrees | Severity=75 | SourceName=Motor | EventType=application
[2026-08-16 19:24:41.549 (UTC)] info/application	[Motor] Received distance: 26.0132357291939 cm | Severity=75 | SourceName=Motor | EventType=application
[2026-08-16 19:24:41.549 (UTC)] info/application	[Motor] Distance safe (26.0132357291939); rotating motor to 90 degrees | Severity=75 | SourceName=Motor | EventType=application
[2026-08-16 19:24:42.539 (UTC)] info/application	[Motor] Received distance: 27.202280014149 cm | Severity=75 | SourceName=Motor | EventType=application
[2026-08-16 19:24:42.539 (UTC)] info/application	[Motor] Distance safe (27.202280014149); rotating motor to 90 degrees | Severity=75 | SourceName=Motor | EventType=application
[2026-08-16 19:24:43.548 (UTC)] info/application	[Motor] Received distance: 28.5485411382041 cm | Severity=75 | SourceName=Motor | EventType=application
[2026-08-16 19:24:43.548 (UTC)] info/application	[Motor] Distance safe (28.5485411382041); rotating motor to 90 degrees | Severity=75 | SourceName=Motor | EventType=application
[2026-08-16 19:24:44.549 (UTC)] info/application	[Motor] Received distance: 28.3655687746897 cm | Severity=75 | SourceName=Motor | EventType=application
[2026-08-16 19:24:44.549 (UTC)] info/application	[Motor] Distance safe (28.3655687746897); rotating motor to 90 degrees | Severity=75 | SourceName=Motor | EventType=application
[2026-08-16 19:24:45.549 (UTC)] info/application	[Motor] Received distance: 29.6709115065964 cm | Severity=75 | SourceName=Motor | EventType=application
[2026-08-16 19:24:45.549 (UTC)] info/application	[Motor] Distance safe (29.6709115065964); rotating motor to 90 degrees | Severity=75 | SourceName=Motor | EventType=application
[2026-08-16 19:24:46.550 (UTC)] info/application	[Motor] Received distance: 29.1632227178957 cm | Severity=75 | SourceName=Motor | EventType=application
[2026-08-16 19:24:46.550 (UTC)] info/application	[Motor] Distance safe (29.1632227178957); rotating motor to 90 degrees | Severity=75 | SourceName=Motor | EventType=application
[2026-08-16 19:24:47.540 (UTC)] info/application	[Motor] Received distance: 29.0421898570108 cm | Severity=75 | SourceName=Motor | EventType=application
[2026-08-16 19:24:47.540 (UTC)] info/application	[Motor] Distance safe (29.0421898570108); rotating motor to 90 degrees | Severity=75 | SourceName=Motor | EventType=application
[2026-08-16 19:24:48.549 (UTC)] info/application	[Motor] Received distance: 30.2859610266918 cm | Severity=75 | SourceName=Motor | EventType=application
[2026-08-16 19:24:48.549 (UTC)] info/application	[Motor] Distance safe (30.2859610266918); rotating motor to 90 degrees | Severity=75 | SourceName=Motor | EventType=application
[2026-08-16 19:24:49.549 (UTC)] info/application	[Motor] Received distance: 30.9990116176191 cm | Severity=75 | SourceName=Motor | EventType=application
[2026-08-16 19:24:49.549 (UTC)] info/application	[Motor] Distance safe (30.9990116176191); rotating motor to 90 degrees | Severity=75 | SourceName=Motor | EventType=application
[2026-08-16 19:24:50.540 (UTC)] info/application	[Motor] Received distance: 31.4457844444298 cm | Severity=75 | SourceName=Motor | EventType=application
[2026-08-16 19:24:50.540 (UTC)] info/application	[Motor] Distance safe (31.4457844444298); rotating motor to 90 degrees | Severity=75 | SourceName=Motor | EventType=application
[2026-08-16 19:24:51.548 (UTC)] info/application	[Motor] Received distance: 31.49028420378 cm | Severity=75 | SourceName=Motor | EventType=application
[2026-08-16 19:24:51.548 (UTC)] info/application	[Motor] Distance safe (31.49028420378); rotating motor to 90 degrees | Severity=75 | SourceName=Motor | EventType=application
[2026-08-16 19:24:52.549 (UTC)] info/application	[Motor] Received distance: 32.9578920791195 cm | Severity=75 | SourceName=Motor | EventType=application
[2026-08-16 19:24:52.549 (UTC)] info/application	[Motor] Distance safe (32.9578920791195); rotating motor to 90 degrees | Severity=75 | SourceName=Motor | EventType=application
[2026-08-16 19:24:53.549 (UTC)] info/application	[Motor] Received distance: 33.4129337525987 cm | Severity=75 | SourceName=Motor | EventType=application
[2026-08-16 19:24:53.549 (UTC)] info/application	[Motor] Distance safe (33.4129337525987); rotating motor to 90 degrees | Severity=75 | SourceName=Motor | EventType=application
[2026-08-16 19:24:54.550 (UTC)] info/application	[Motor] Received distance: 33.5037199417147 cm | Severity=75 | SourceName=Motor | EventType=application
[2026-08-16 19:24:54.550 (UTC)] info/application	[Motor] Distance safe (33.5037199417147); rotating motor to 90 degrees | Severity=75 | SourceName=Motor | EventType=application
[2026-08-16 19:24:55.540 (UTC)] info/application	[Motor] Received distance: 33.7753424536322 cm | Severity=75 | SourceName=Motor | EventType=application
[2026-08-16 19:24:55.540 (UTC)] info/application	[Motor] Distance safe (33.7753424536322); rotating motor to 90 degrees | Severity=75 | SourceName=Motor | EventType=application
[2026-08-16 19:24:56.549 (UTC)] info/application	[Motor] Received distance: 33.7683230127526 cm | Severity=75 | SourceName=Motor | EventType=application
[2026-08-16 19:24:56.549 (UTC)] info/application	[Motor] Distance safe (33.7683230127526); rotating motor to 90 degrees | Severity=75 | SourceName=Motor | EventType=application
[2026-08-16 19:24:57.549 (UTC)] info/application	[Motor] Received distance: 32.338077176054 cm | Severity=75 | SourceName=Motor | EventType=application
[2026-08-16 19:24:57.549 (UTC)] info/application	[Motor] Distance safe (32.338077176054); rotating motor to 90 degrees | Severity=75 | SourceName=Motor | EventType=application
[2026-08-16 19:24:58.549 (UTC)] info/application	[Motor] Received distance: 31.473668055131 cm | Severity=75 | SourceName=Motor | EventType=application
[2026-08-16 19:24:58.549 (UTC)] info/application	[Motor] Distance safe (31.473668055131); rotating motor to 90 degrees | Severity=75 | SourceName=Motor | EventType=application
[2026-08-16 19:24:59.550 (UTC)] info/application	[Motor] Received distance: 30.1048123306152 cm | Severity=75 | SourceName=Motor | EventType=application
[2026-08-16 19:24:59.550 (UTC)] info/application	[Motor] Distance safe (30.1048123306152); rotating motor to 90 degrees | Severity=75 | SourceName=Motor | EventType=application
[2026-08-16 19:25:00.550 (UTC)] info/application	[Motor] Received distance: 29.0449283051048 cm | Severity=75 | SourceName=Motor | EventType=application
[2026-08-16 19:25:00.550 (UTC)] info/application	[Motor] Distance safe (29.0449283051048); rotating motor to 90 degrees | Severity=75 | SourceName=Motor | EventType=application
[2026-08-16 19:25:01.550 (UTC)] info/application	[Motor] Received distance: 29.8046914757251 cm | Severity=75 | SourceName=Motor | EventType=application
[2026-08-16 19:25:01.550 (UTC)] info/application	[Motor] Distance safe (29.8046914757251); rotating motor to 90 degrees | Severity=75 | SourceName=Motor | EventType=application
[2026-08-16 19:25:02.550 (UTC)] info/application	[Motor] Received distance: 28.6320258249212 cm | Severity=75 | SourceName=Motor | EventType=application
[2026-08-16 19:25:02.550 (UTC)] info/application	[Motor] Distance safe (28.6320258249212); rotating motor to 90 degrees | Severity=75 | SourceName=Motor | EventType=application
[2026-08-16 19:25:03.541 (UTC)] info/application	[Motor] Received distance: 27.2106810720687 cm | Severity=75 | SourceName=Motor | EventType=application
[2026-08-16 19:25:03.541 (UTC)] info/application	[Motor] Distance safe (27.2106810720687); rotating motor to 90 degrees | Severity=75 | SourceName=Motor | EventType=application
[2026-08-16 19:25:04.550 (UTC)] info/application	[Motor] Received distance: 26.0033867994805 cm | Severity=75 | SourceName=Motor | EventType=application
[2026-08-16 19:25:04.550 (UTC)] info/application	[Motor] Distance safe (26.0033867994805); rotating motor to 90 degrees | Severity=75 | SourceName=Motor | EventType=application
[2026-08-16 19:25:05.550 (UTC)] info/application	[Motor] Received distance: 24.8931491667839 cm | Severity=75 | SourceName=Motor | EventType=application
[2026-08-16 19:25:05.550 (UTC)] info/application	[Motor] Distance safe (24.8931491667839); rotating motor to 90 degrees | Severity=75 | SourceName=Motor | EventType=application
[2026-08-16 19:25:06.550 (UTC)] info/application	[Motor] Received distance: 24.1043559897711 cm | Severity=75 | SourceName=Motor | EventType=application
[2026-08-16 19:25:06.550 (UTC)] info/application	[Motor] Distance safe (24.1043559897711); rotating motor to 90 degrees | Severity=75 | SourceName=Motor | EventType=application
[2026-08-16 19:25:07.551 (UTC)] info/application	[Motor] Received distance: 22.6522134312672 cm | Severity=75 | SourceName=Motor | EventType=application
[2026-08-16 19:25:07.551 (UTC)] info/application	[Motor] Distance safe (22.6522134312672); rotating motor to 90 degrees | Severity=75 | SourceName=Motor | EventType=application
[2026-08-16 19:25:08.542 (UTC)] info/application	[Motor] Received distance: 22.5880238339715 cm | Severity=75 | SourceName=Motor | EventType=application
[2026-08-16 19:25:08.542 (UTC)] info/application	[Motor] Distance safe (22.5880238339715); rotating motor to 90 degrees | Severity=75 | SourceName=Motor | EventType=application
[2026-08-16 19:25:09.549 (UTC)] info/application	[Motor] Received distance: 23.3164804551362 cm | Severity=75 | SourceName=Motor | EventType=application
[2026-08-16 19:25:09.549 (UTC)] info/application	[Motor] Distance safe (23.3164804551362); rotating motor to 90 degrees | Severity=75 | SourceName=Motor | EventType=application
[2026-08-16 19:25:10.549 (UTC)] info/application	[Motor] Received distance: 23.3236717655434 cm | Severity=75 | SourceName=Motor | EventType=application
[2026-08-16 19:25:10.549 (UTC)] info/application	[Motor] Distance safe (23.3236717655434); rotating motor to 90 degrees | Severity=75 | SourceName=Motor | EventType=application
[2026-08-16 19:25:11.549 (UTC)] info/application	[Motor] Received distance: 22.0972675374231 cm | Severity=75 | SourceName=Motor | EventType=application
[2026-08-16 19:25:11.549 (UTC)] info/application	[Motor] Distance safe (22.0972675374231); rotating motor to 90 degrees | Severity=75 | SourceName=Motor | EventType=application
[2026-08-16 19:25:12.550 (UTC)] info/application	[Motor] Received distance: 21.8569296758421 cm | Severity=75 | SourceName=Motor | EventType=application
[2026-08-16 19:25:12.550 (UTC)] info/application	[Motor] Distance safe (21.8569296758421); rotating motor to 90 degrees | Severity=75 | SourceName=Motor | EventType=application
[2026-08-16 19:25:13.549 (UTC)] info/application	[Motor] Received distance: 21.5531652712045 cm | Severity=75 | SourceName=Motor | EventType=application
[2026-08-16 19:25:13.549 (UTC)] info/application	[Motor] Distance safe (21.5531652712045); rotating motor to 90 degrees | Severity=75 | SourceName=Motor | EventType=application
[2026-08-16 19:25:14.549 (UTC)] info/application	[Motor] Received distance: 20.1730221657423 cm | Severity=75 | SourceName=Motor | EventType=application
[2026-08-16 19:25:14.549 (UTC)] info/application	[Motor] Distance safe (20.1730221657423); rotating motor to 90 degrees | Severity=75 | SourceName=Motor | EventType=application
[2026-08-16 19:25:15.549 (UTC)] info/application	[Motor] Received distance: 21.249711940647 cm | Severity=75 | SourceName=Motor | EventType=application
[2026-08-16 19:25:15.549 (UTC)] info/application	[Motor] Distance safe (21.249711940647); rotating motor to 90 degrees | Severity=75 | SourceName=Motor | EventType=application
[2026-08-16 19:25:16.549 (UTC)] info/application	[Motor] Received distance: 20.7512902665191 cm | Severity=75 | SourceName=Motor | EventType=application
[2026-08-16 19:25:16.549 (UTC)] info/application	[Motor] Distance safe (20.7512902665191); rotating motor to 90 degrees | Severity=75 | SourceName=Motor | EventType=application
[2026-08-16 19:25:17.549 (UTC)] info/application	[Motor] Received distance: 20.3634583723561 cm | Severity=75 | SourceName=Motor | EventType=application
[2026-08-16 19:25:17.549 (UTC)] info/application	[Motor] Distance safe (20.3634583723561); rotating motor to 90 degrees | Severity=75 | SourceName=Motor | EventType=application
[2026-08-16 19:25:18.549 (UTC)] info/application	[Motor] Received distance: 19.8191152863759 cm | Severity=75 | SourceName=Motor | EventType=application
[2026-08-16 19:25:18.549 (UTC)] warn/application	[Motor] Distance too close (19.8191152863759); rotating motor to 0 degrees | Severity=175 | SourceName=Motor | EventType=application
[2026-08-16 19:25:19.550 (UTC)] info/application	[Motor] Received distance: 19.064464780532 cm | Severity=75 | SourceName=Motor | EventType=application
[2026-08-16 19:25:19.550 (UTC)] warn/application	[Motor] Distance too close (19.064464780532); rotating motor to 0 degrees | Severity=175 | SourceName=Motor | EventType=application
[2026-08-16 19:25:20.550 (UTC)] info/application	[Motor] Received distance: 17.8896834758994 cm | Severity=75 | SourceName=Motor | EventType=application
[2026-08-16 19:25:20.550 (UTC)] warn/application	[Motor] Distance too close (17.8896834758994); rotating motor to 0 degrees | Severity=175 | SourceName=Motor | EventType=application
[2026-08-16 19:25:21.550 (UTC)] info/application	[Motor] Received distance: 19.2921132167299 cm | Severity=75 | SourceName=Motor | EventType=application
[2026-08-16 19:25:21.550 (UTC)] warn/application	[Motor] Distance too close (19.2921132167299); rotating motor to 0 degrees | Severity=175 | SourceName=Motor | EventType=application
[2026-08-16 19:25:22.542 (UTC)] info/application	[Motor] Received distance: 20.0819624716332 cm | Severity=75 | SourceName=Motor | EventType=application
[2026-08-16 19:25:22.542 (UTC)] info/application	[Motor] Distance safe (20.0819624716332); rotating motor to 90 degrees | Severity=75 | SourceName=Motor | EventType=application
[2026-08-16 19:25:23.549 (UTC)] info/application	[Motor] Received distance: 18.87478904234 cm | Severity=75 | SourceName=Motor | EventType=application
[2026-08-16 19:25:23.549 (UTC)] warn/application	[Motor] Distance too close (18.87478904234); rotating motor to 0 degrees | Severity=175 | SourceName=Motor | EventType=application
[2026-08-16 19:25:24.550 (UTC)] info/application	[Motor] Received distance: 19.2322604566497 cm | Severity=75 | SourceName=Motor | EventType=application
[2026-08-16 19:25:24.550 (UTC)] warn/application	[Motor] Distance too close (19.2322604566497); rotating motor to 0 degrees | Severity=175 | SourceName=Motor | EventType=application
[2026-08-16 19:25:25.549 (UTC)] info/application	[Motor] Received distance: 18.612895899272 cm | Severity=75 | SourceName=Motor | EventType=application
[2026-08-16 19:25:25.549 (UTC)] warn/application	[Motor] Distance too close (18.612895899272); rotating motor to 0 degrees | Severity=175 | SourceName=Motor | EventType=application
[2026-08-16 19:25:26.549 (UTC)] info/application	[Motor] Received distance: 19.1773449818964 cm | Severity=75 | SourceName=Motor | EventType=application
[2026-08-16 19:25:26.549 (UTC)] warn/application	[Motor] Distance too close (19.1773449818964); rotating motor to 0 degrees | Severity=175 | SourceName=Motor | EventType=application
[2026-08-16 19:25:27.549 (UTC)] info/application	[Motor] Received distance: 18.0277969539295 cm | Severity=75 | SourceName=Motor | EventType=application
[2026-08-16 19:25:27.549 (UTC)] warn/application	[Motor] Distance too close (18.0277969539295); rotating motor to 0 degrees | Severity=175 | SourceName=Motor | EventType=application
[2026-08-16 19:25:28.549 (UTC)] info/application	[Motor] Received distance: 17.4781865598532 cm | Severity=75 | SourceName=Motor | EventType=application
[2026-08-16 19:25:28.549 (UTC)] warn/application	[Motor] Distance too close (17.4781865598532); rotating motor to 0 degrees | Severity=175 | SourceName=Motor | EventType=application
[2026-08-16 19:25:29.550 (UTC)] info/application	[Motor] Received distance: 18.6782265229515 cm | Severity=75 | SourceName=Motor | EventType=application
[2026-08-16 19:25:29.550 (UTC)] warn/application	[Motor] Distance too close (18.6782265229515); rotating motor to 0 degrees | Severity=175 | SourceName=Motor | EventType=application
[2026-08-16 19:25:30.549 (UTC)] info/application	[Motor] Received distance: 17.6598227718658 cm | Severity=75 | SourceName=Motor | EventType=application
[2026-08-16 19:25:30.549 (UTC)] warn/application	[Motor] Distance too close (17.6598227718658); rotating motor to 0 degrees | Severity=175 | SourceName=Motor | EventType=application
[2026-08-16 19:25:31.549 (UTC)] info/application	[Motor] Received distance: 17.5503283536762 cm | Severity=75 | SourceName=Motor | EventType=application
[2026-08-16 19:25:31.549 (UTC)] warn/application	[Motor] Distance too close (17.5503283536762); rotating motor to 0 degrees | Severity=175 | SourceName=Motor | EventType=application
[2026-08-16 19:25:32.539 (UTC)] info/application	[Motor] Received distance: 18.0101314859978 cm | Severity=75 | SourceName=Motor | EventType=application
[2026-08-16 19:25:32.539 (UTC)] warn/application	[Motor] Distance too close (18.0101314859978); rotating motor to 0 degrees | Severity=175 | SourceName=Motor | EventType=application
[2026-08-16 19:25:33.548 (UTC)] info/application	[Motor] Received distance: 17.3190620841082 cm | Severity=75 | SourceName=Motor | EventType=application
[2026-08-16 19:25:33.548 (UTC)] warn/application	[Motor] Distance too close (17.3190620841082); rotating motor to 0 degrees | Severity=175 | SourceName=Motor | EventType=application
[2026-08-16 19:25:34.549 (UTC)] info/application	[Motor] Received distance: 17.288222913066 cm | Severity=75 | SourceName=Motor | EventType=application
[2026-08-16 19:25:34.549 (UTC)] warn/application	[Motor] Distance too close (17.288222913066); rotating motor to 0 degrees | Severity=175 | SourceName=Motor | EventType=application
[2026-08-16 19:25:35.549 (UTC)] info/application	[Motor] Received distance: 18.0407317727994 cm | Severity=75 | SourceName=Motor | EventType=application
[2026-08-16 19:25:35.549 (UTC)] warn/application	[Motor] Distance too close (18.0407317727994); rotating motor to 0 degrees | Severity=175 | SourceName=Motor | EventType=application
[2026-08-16 19:25:36.549 (UTC)] info/application	[Motor] Received distance: 17.7394247396101 cm | Severity=75 | SourceName=Motor | EventType=application
[2026-08-16 19:25:36.549 (UTC)] warn/application	[Motor] Distance too close (17.7394247396101); rotating motor to 0 degrees | Severity=175 | SourceName=Motor | EventType=application
[2026-08-16 19:25:37.549 (UTC)] info/application	[Motor] Received distance: 18.4197923915553 cm | Severity=75 | SourceName=Motor | EventType=application
[2026-08-16 19:25:37.549 (UTC)] warn/application	[Motor] Distance too close (18.4197923915553); rotating motor to 0 degrees | Severity=175 | SourceName=Motor | EventType=application
[2026-08-16 19:25:38.549 (UTC)] info/application	[Motor] Received distance: 19.2201586941817 cm | Severity=75 | SourceName=Motor | EventType=application
[2026-08-16 19:25:38.550 (UTC)] warn/application	[Motor] Distance too close (19.2201586941817); rotating motor to 0 degrees | Severity=175 | SourceName=Motor | EventType=application
[2026-08-16 19:25:39.550 (UTC)] info/application	[Motor] Received distance: 20.3546620636967 cm | Severity=75 | SourceName=Motor | EventType=application
[2026-08-16 19:25:39.550 (UTC)] info/application	[Motor] Distance safe (20.3546620636967); rotating motor to 90 degrees | Severity=75 | SourceName=Motor | EventType=application
[2026-08-16 19:25:40.550 (UTC)] info/application	[Motor] Received distance: 20.2634863368066 cm | Severity=75 | SourceName=Motor | EventType=application
[2026-08-16 19:25:40.550 (UTC)] info/application	[Motor] Distance safe (20.2634863368066); rotating motor to 90 degrees | Severity=75 | SourceName=Motor | EventType=application
[2026-08-16 19:25:41.540 (UTC)] info/application	[Motor] Received distance: 19.5710439484432 cm | Severity=75 | SourceName=Motor | EventType=application
[2026-08-16 19:25:41.540 (UTC)] warn/application	[Motor] Distance too close (19.5710439484432); rotating motor to 0 degrees | Severity=175 | SourceName=Motor | EventType=application
[2026-08-16 19:25:42.549 (UTC)] info/application	[Motor] Received distance: 20.9791430912349 cm | Severity=75 | SourceName=Motor | EventType=application
[2026-08-16 19:25:42.549 (UTC)] info/application	[Motor] Distance safe (20.9791430912349); rotating motor to 90 degrees | Severity=75 | SourceName=Motor | EventType=application
[2026-08-16 19:25:43.549 (UTC)] info/application	[Motor] Received distance: 22.1476295027638 cm | Severity=75 | SourceName=Motor | EventType=application
[2026-08-16 19:25:43.549 (UTC)] info/application	[Motor] Distance safe (22.1476295027638); rotating motor to 90 degrees | Severity=75 | SourceName=Motor | EventType=application
[2026-08-16 19:25:44.550 (UTC)] info/application	[Motor] Received distance: 22.6514227097628 cm | Severity=75 | SourceName=Motor | EventType=application
[2026-08-16 19:25:44.550 (UTC)] info/application	[Motor] Distance safe (22.6514227097628); rotating motor to 90 degrees | Severity=75 | SourceName=Motor | EventType=application
[2026-08-16 19:25:45.550 (UTC)] info/application	[Motor] Received distance: 21.1793787456953 cm | Severity=75 | SourceName=Motor | EventType=application
[2026-08-16 19:25:45.550 (UTC)] info/application	[Motor] Distance safe (21.1793787456953); rotating motor to 90 degrees | Severity=75 | SourceName=Motor | EventType=application
[2026-08-16 19:25:46.550 (UTC)] info/application	[Motor] Received distance: 21.9245549307319 cm | Severity=75 | SourceName=Motor | EventType=application
[2026-08-16 19:25:46.550 (UTC)] info/application	[Motor] Distance safe (21.9245549307319); rotating motor to 90 degrees | Severity=75 | SourceName=Motor | EventType=application
[2026-08-16 19:25:47.541 (UTC)] info/application	[Motor] Received distance: 20.429926462206 cm | Severity=75 | SourceName=Motor | EventType=application
[2026-08-16 19:25:47.541 (UTC)] info/application	[Motor] Distance safe (20.429926462206); rotating motor to 90 degrees | Severity=75 | SourceName=Motor | EventType=application
[2026-08-16 19:25:48.549 (UTC)] info/application	[Motor] Received distance: 20.0700506053725 cm | Severity=75 | SourceName=Motor | EventType=application
[2026-08-16 19:25:48.549 (UTC)] info/application	[Motor] Distance safe (20.0700506053725); rotating motor to 90 degrees | Severity=75 | SourceName=Motor | EventType=application
[2026-08-16 19:25:49.549 (UTC)] info/application	[Motor] Received distance: 18.770883703032 cm | Severity=75 | SourceName=Motor | EventType=application
[2026-08-16 19:25:49.549 (UTC)] warn/application	[Motor] Distance too close (18.770883703032); rotating motor to 0 degrees | Severity=175 | SourceName=Motor | EventType=application
[2026-08-16 19:25:50.550 (UTC)] info/application	[Motor] Received distance: 18.0216047300592 cm | Severity=75 | SourceName=Motor | EventType=application
[2026-08-16 19:25:50.550 (UTC)] warn/application	[Motor] Distance too close (18.0216047300592); rotating motor to 0 degrees | Severity=175 | SourceName=Motor | EventType=application
[2026-08-16 19:25:51.550 (UTC)] info/application	[Motor] Received distance: 17.9869475685931 cm | Severity=75 | SourceName=Motor | EventType=application
[2026-08-16 19:25:51.550 (UTC)] warn/application	[Motor] Distance too close (17.9869475685931); rotating motor to 0 degrees | Severity=175 | SourceName=Motor | EventType=application
[2026-08-16 19:25:52.544 (UTC)] info/application	[Motor] Received distance: 16.590210407083 cm | Severity=75 | SourceName=Motor | EventType=application
[2026-08-16 19:25:52.544 (UTC)] warn/application	[Motor] Distance too close (16.590210407083); rotating motor to 0 degrees | Severity=175 | SourceName=Motor | EventType=application
[2026-08-16 19:25:53.549 (UTC)] info/application	[Motor] Received distance: 15.1307806876166 cm | Severity=75 | SourceName=Motor | EventType=application
[2026-08-16 19:25:53.549 (UTC)] warn/application	[Motor] Distance too close (15.1307806876166); rotating motor to 0 degrees | Severity=175 | SourceName=Motor | EventType=application
[2026-08-16 19:25:54.549 (UTC)] info/application	[Motor] Received distance: 15.3889500968572 cm | Severity=75 | SourceName=Motor | EventType=application
[2026-08-16 19:25:54.549 (UTC)] warn/application	[Motor] Distance too close (15.3889500968572); rotating motor to 0 degrees | Severity=175 | SourceName=Motor | EventType=application
[2026-08-16 19:25:55.549 (UTC)] info/application	[Motor] Received distance: 15.8496843496569 cm | Severity=75 | SourceName=Motor | EventType=application
[2026-08-16 19:25:55.549 (UTC)] warn/application	[Motor] Distance too close (15.8496843496569); rotating motor to 0 degrees | Severity=175 | SourceName=Motor | EventType=application
[2026-08-16 19:25:56.549 (UTC)] info/application	[Motor] Received distance: 15.2708900728127 cm | Severity=75 | SourceName=Motor | EventType=application
[2026-08-16 19:25:56.549 (UTC)] warn/application	[Motor] Distance too close (15.2708900728127); rotating motor to 0 degrees | Severity=175 | SourceName=Motor | EventType=application
[2026-08-16 19:25:57.550 (UTC)] info/application	[Motor] Received distance: 14.5935085646778 cm | Severity=75 | SourceName=Motor | EventType=application
[2026-08-16 19:25:57.550 (UTC)] warn/application	[Motor] Distance too close (14.5935085646778); rotating motor to 0 degrees | Severity=175 | SourceName=Motor | EventType=application
[2026-08-16 19:25:58.550 (UTC)] info/application	[Motor] Received distance: 15.4046947895105 cm | Severity=75 | SourceName=Motor | EventType=application
[2026-08-16 19:25:58.550 (UTC)] warn/application	[Motor] Distance too close (15.4046947895105); rotating motor to 0 degrees | Severity=175 | SourceName=Motor | EventType=application
[2026-08-16 19:25:59.550 (UTC)] info/application	[Motor] Received distance: 15.7762901185901 cm | Severity=75 | SourceName=Motor | EventType=application
[2026-08-16 19:25:59.550 (UTC)] warn/application	[Motor] Distance too close (15.7762901185901); rotating motor to 0 degrees | Severity=175 | SourceName=Motor | EventType=application
[2026-08-16 19:26:00.550 (UTC)] info/application	[Motor] Received distance: 14.7989485721565 cm | Severity=75 | SourceName=Motor | EventType=application
[2026-08-16 19:26:00.550 (UTC)] warn/application	[Motor] Distance too close (14.7989485721565); rotating motor to 0 degrees | Severity=175 | SourceName=Motor | EventType=application
[2026-08-16 19:26:01.550 (UTC)] info/application	[Motor] Received distance: 16.0917310459035 cm | Severity=75 | SourceName=Motor | EventType=application
[2026-08-16 19:26:01.550 (UTC)] warn/application	[Motor] Distance too close (16.0917310459035); rotating motor to 0 degrees | Severity=175 | SourceName=Motor | EventType=application
[2026-08-16 19:26:02.550 (UTC)] info/application	[Motor] Received distance: 14.8538319553965 cm | Severity=75 | SourceName=Motor | EventType=application
[2026-08-16 19:26:02.550 (UTC)] warn/application	[Motor] Distance too close (14.8538319553965); rotating motor to 0 degrees | Severity=175 | SourceName=Motor | EventType=application
[2026-08-16 19:26:03.549 (UTC)] info/application	[Motor] Received distance: 15.8362935412844 cm | Severity=75 | SourceName=Motor | EventType=application
[2026-08-16 19:26:03.549 (UTC)] warn/application	[Motor] Distance too close (15.8362935412844); rotating motor to 0 degrees | Severity=175 | SourceName=Motor | EventType=application
[2026-08-16 19:26:04.549 (UTC)] info/application	[Motor] Received distance: 14.9380066131419 cm | Severity=75 | SourceName=Motor | EventType=application
[2026-08-16 19:26:04.549 (UTC)] warn/application	[Motor] Distance too close (14.9380066131419); rotating motor to 0 degrees | Severity=175 | SourceName=Motor | EventType=application
[2026-08-16 19:26:05.550 (UTC)] info/application	[Motor] Received distance: 15.1692683515927 cm | Severity=75 | SourceName=Motor | EventType=application
[2026-08-16 19:26:05.550 (UTC)] warn/application	[Motor] Distance too close (15.1692683515927); rotating motor to 0 degrees | Severity=175 | SourceName=Motor | EventType=application
[2026-08-16 19:26:06.550 (UTC)] info/application	[Motor] Received distance: 15.404238797214 cm | Severity=75 | SourceName=Motor | EventType=application
[2026-08-16 19:26:06.550 (UTC)] warn/application	[Motor] Distance too close (15.404238797214); rotating motor to 0 degrees | Severity=175 | SourceName=Motor | EventType=application
[2026-08-16 19:26:07.550 (UTC)] info/application	[Motor] Received distance: 15.7046448358822 cm | Severity=75 | SourceName=Motor | EventType=application
[2026-08-16 19:26:07.550 (UTC)] warn/application	[Motor] Distance too close (15.7046448358822); rotating motor to 0 degrees | Severity=175 | SourceName=Motor | EventType=application
[2026-08-16 19:26:08.550 (UTC)] info/application	[Motor] Received distance: 15.1162742262782 cm | Severity=75 | SourceName=Motor | EventType=application
[2026-08-16 19:26:08.550 (UTC)] warn/application	[Motor] Distance too close (15.1162742262782); rotating motor to 0 degrees | Severity=175 | SourceName=Motor | EventType=application
[2026-08-16 19:26:09.551 (UTC)] info/application	[Motor] Received distance: 14.6516109731289 cm | Severity=75 | SourceName=Motor | EventType=application
[2026-08-16 19:26:09.551 (UTC)] warn/application	[Motor] Distance too close (14.6516109731289); rotating motor to 0 degrees | Severity=175 | SourceName=Motor | EventType=application
[2026-08-16 19:26:10.547 (UTC)] info/application	[Motor] Received distance: 14.5865203799152 cm | Severity=75 | SourceName=Motor | EventType=application
[2026-08-16 19:26:10.547 (UTC)] warn/application	[Motor] Distance too close (14.5865203799152); rotating motor to 0 degrees | Severity=175 | SourceName=Motor | EventType=application
[2026-08-16 19:26:11.538 (UTC)] info/application	[Motor] Received distance: 15.406974043421 cm | Severity=75 | SourceName=Motor | EventType=application
[2026-08-16 19:26:11.538 (UTC)] warn/application	[Motor] Distance too close (15.406974043421); rotating motor to 0 degrees | Severity=175 | SourceName=Motor | EventType=application
[2026-08-16 19:26:12.546 (UTC)] info/application	[Motor] Received distance: 15.7498684019083 cm | Severity=75 | SourceName=Motor | EventType=application
[2026-08-16 19:26:12.546 (UTC)] warn/application	[Motor] Distance too close (15.7498684019083); rotating motor to 0 degrees | Severity=175 | SourceName=Motor | EventType=application
[2026-08-16 19:26:13.538 (UTC)] info/application	[Motor] Received distance: 15.5928769500893 cm | Severity=75 | SourceName=Motor | EventType=application
[2026-08-16 19:26:13.538 (UTC)] warn/application	[Motor] Distance too close (15.5928769500893); rotating motor to 0 degrees | Severity=175 | SourceName=Motor | EventType=application
[2026-08-16 19:26:14.547 (UTC)] info/application	[Motor] Received distance: 16.081817023727 cm | Severity=75 | SourceName=Motor | EventType=application
[2026-08-16 19:26:14.547 (UTC)] warn/application	[Motor] Distance too close (16.081817023727); rotating motor to 0 degrees | Severity=175 | SourceName=Motor | EventType=application
[2026-08-16 19:26:15.539 (UTC)] info/application	[Motor] Received distance: 15.4285045892133 cm | Severity=75 | SourceName=Motor | EventType=application
[2026-08-16 19:26:15.539 (UTC)] warn/application	[Motor] Distance too close (15.4285045892133); rotating motor to 0 degrees | Severity=175 | SourceName=Motor | EventType=application
[2026-08-16 19:26:16.547 (UTC)] info/application	[Motor] Received distance: 15.2994691747238 cm | Severity=75 | SourceName=Motor | EventType=application
[2026-08-16 19:26:16.547 (UTC)] warn/application	[Motor] Distance too close (15.2994691747238); rotating motor to 0 degrees | Severity=175 | SourceName=Motor | EventType=application
[2026-08-16 19:26:17.549 (UTC)] info/application	[Motor] Received distance: 15.0335854320012 cm | Severity=75 | SourceName=Motor | EventType=application
[2026-08-16 19:26:17.549 (UTC)] warn/application	[Motor] Distance too close (15.0335854320012); rotating motor to 0 degrees | Severity=175 | SourceName=Motor | EventType=application
[2026-08-16 19:26:18.539 (UTC)] info/application	[Motor] Received distance: 14.3856445289616 cm | Severity=75 | SourceName=Motor | EventType=application
[2026-08-16 19:26:18.539 (UTC)] warn/application	[Motor] Distance too close (14.3856445289616); rotating motor to 0 degrees | Severity=175 | SourceName=Motor | EventType=application
[2026-08-16 19:26:19.548 (UTC)] info/application	[Motor] Received distance: 15.3967332576386 cm | Severity=75 | SourceName=Motor | EventType=application
[2026-08-16 19:26:19.548 (UTC)] warn/application	[Motor] Distance too close (15.3967332576386); rotating motor to 0 degrees | Severity=175 | SourceName=Motor | EventType=application
[2026-08-16 19:26:20.549 (UTC)] info/application	[Motor] Received distance: 15.3316826139724 cm | Severity=75 | SourceName=Motor | EventType=application
[2026-08-16 19:26:20.549 (UTC)] warn/application	[Motor] Distance too close (15.3316826139724); rotating motor to 0 degrees | Severity=175 | SourceName=Motor | EventType=application
[2026-08-16 19:26:21.549 (UTC)] info/application	[Motor] Received distance: 15.43446273796 cm | Severity=75 | SourceName=Motor | EventType=application
[2026-08-16 19:26:21.549 (UTC)] warn/application	[Motor] Distance too close (15.43446273796); rotating motor to 0 degrees | Severity=175 | SourceName=Motor | EventType=application
[2026-08-16 19:26:22.549 (UTC)] info/application	[Motor] Received distance: 14.910894303774 cm | Severity=75 | SourceName=Motor | EventType=application
[2026-08-16 19:26:22.549 (UTC)] warn/application	[Motor] Distance too close (14.910894303774); rotating motor to 0 degrees | Severity=175 | SourceName=Motor | EventType=application
[2026-08-16 19:26:23.549 (UTC)] info/application	[Motor] Received distance: 14.9491064985977 cm | Severity=75 | SourceName=Motor | EventType=application
[2026-08-16 19:26:23.549 (UTC)] warn/application	[Motor] Distance too close (14.9491064985977); rotating motor to 0 degrees | Severity=175 | SourceName=Motor | EventType=application
[2026-08-16 19:26:24.549 (UTC)] info/application	[Motor] Received distance: 15.0924569031189 cm | Severity=75 | SourceName=Motor | EventType=application
[2026-08-16 19:26:24.549 (UTC)] warn/application	[Motor] Distance too close (15.0924569031189); rotating motor to 0 degrees | Severity=175 | SourceName=Motor | EventType=application
[2026-08-16 19:26:25.549 (UTC)] info/application	[Motor] Received distance: 16.3270578795704 cm | Severity=75 | SourceName=Motor | EventType=application
[2026-08-16 19:26:25.549 (UTC)] warn/application	[Motor] Distance too close (16.3270578795704); rotating motor to 0 degrees | Severity=175 | SourceName=Motor | EventType=application
[2026-08-16 19:26:26.549 (UTC)] info/application	[Motor] Received distance: 15.3260043257969 cm | Severity=75 | SourceName=Motor | EventType=application
[2026-08-16 19:26:26.549 (UTC)] warn/application	[Motor] Distance too close (15.3260043257969); rotating motor to 0 degrees | Severity=175 | SourceName=Motor | EventType=application
[2026-08-16 19:26:27.550 (UTC)] info/application	[Motor] Received distance: 16.3905604534739 cm | Severity=75 | SourceName=Motor | EventType=application
[2026-08-16 19:26:27.550 (UTC)] warn/application	[Motor] Distance too close (16.3905604534739); rotating motor to 0 degrees | Severity=175 | SourceName=Motor | EventType=application
[2026-08-16 19:26:28.549 (UTC)] info/application	[Motor] Received distance: 15.4477799203935 cm | Severity=75 | SourceName=Motor | EventType=application
[2026-08-16 19:26:28.549 (UTC)] warn/application	[Motor] Distance too close (15.4477799203935); rotating motor to 0 degrees | Severity=175 | SourceName=Motor | EventType=application
[2026-08-16 19:26:29.550 (UTC)] info/application	[Motor] Received distance: 16.7579125914527 cm | Severity=75 | SourceName=Motor | EventType=application
[2026-08-16 19:26:29.550 (UTC)] warn/application	[Motor] Distance too close (16.7579125914527); rotating motor to 0 degrees | Severity=175 | SourceName=Motor | EventType=application
[2026-08-16 19:26:30.549 (UTC)] info/application	[Motor] Received distance: 16.6940640482093 cm | Severity=75 | SourceName=Motor | EventType=application
[2026-08-16 19:26:30.549 (UTC)] warn/application	[Motor] Distance too close (16.6940640482093); rotating motor to 0 degrees | Severity=175 | SourceName=Motor | EventType=application
[2026-08-16 19:26:31.550 (UTC)] info/application	[Motor] Received distance: 16.2739419686952 cm | Severity=75 | SourceName=Motor | EventType=application
[2026-08-16 19:26:31.550 (UTC)] warn/application	[Motor] Distance too close (16.2739419686952); rotating motor to 0 degrees | Severity=175 | SourceName=Motor | EventType=application
[2026-08-16 19:26:32.550 (UTC)] info/application	[Motor] Received distance: 17.3768571135015 cm | Severity=75 | SourceName=Motor | EventType=application
[2026-08-16 19:26:32.550 (UTC)] warn/application	[Motor] Distance too close (17.3768571135015); rotating motor to 0 degrees | Severity=175 | SourceName=Motor | EventType=application
[2026-08-16 19:26:33.544 (UTC)] info/application	[Motor] Received distance: 17.575109479751 cm | Severity=75 | SourceName=Motor | EventType=application
[2026-08-16 19:26:33.544 (UTC)] warn/application	[Motor] Distance too close (17.575109479751); rotating motor to 0 degrees | Severity=175 | SourceName=Motor | EventType=application
[2026-08-16 19:26:34.549 (UTC)] info/application	[Motor] Received distance: 16.6374489847279 cm | Severity=75 | SourceName=Motor | EventType=application
[2026-08-16 19:26:34.549 (UTC)] warn/application	[Motor] Distance too close (16.6374489847279); rotating motor to 0 degrees | Severity=175 | SourceName=Motor | EventType=application
[2026-08-16 19:26:35.549 (UTC)] info/application	[Motor] Received distance: 15.3420771999946 cm | Severity=75 | SourceName=Motor | EventType=application
[2026-08-16 19:26:35.549 (UTC)] warn/application	[Motor] Distance too close (15.3420771999946); rotating motor to 0 degrees | Severity=175 | SourceName=Motor | EventType=application
[2026-08-16 19:26:36.549 (UTC)] info/application	[Motor] Received distance: 14.2715913046951 cm | Severity=75 | SourceName=Motor | EventType=application
[2026-08-16 19:26:36.549 (UTC)] warn/application	[Motor] Distance too close (14.2715913046951); rotating motor to 0 degrees | Severity=175 | SourceName=Motor | EventType=application
[2026-08-16 19:26:37.550 (UTC)] info/application	[Motor] Received distance: 15.0689012552932 cm | Severity=75 | SourceName=Motor | EventType=application
[2026-08-16 19:26:37.550 (UTC)] warn/application	[Motor] Distance too close (15.0689012552932); rotating motor to 0 degrees | Severity=175 | SourceName=Motor | EventType=application
[2026-08-16 19:26:38.550 (UTC)] info/application	[Motor] Received distance: 15.5739355092281 cm | Severity=75 | SourceName=Motor | EventType=application
[2026-08-16 19:26:38.550 (UTC)] warn/application	[Motor] Distance too close (15.5739355092281); rotating motor to 0 degrees | Severity=175 | SourceName=Motor | EventType=application
[2026-08-16 19:26:39.550 (UTC)] info/application	[Motor] Received distance: 15.4150790043246 cm | Severity=75 | SourceName=Motor | EventType=application
[2026-08-16 19:26:39.550 (UTC)] warn/application	[Motor] Distance too close (15.4150790043246); rotating motor to 0 degrees | Severity=175 | SourceName=Motor | EventType=application
[2026-08-16 19:26:40.546 (UTC)] info/application	[Motor] Received distance: 14.2477257003764 cm | Severity=75 | SourceName=Motor | EventType=application
[2026-08-16 19:26:40.546 (UTC)] warn/application	[Motor] Distance too close (14.2477257003764); rotating motor to 0 degrees | Severity=175 | SourceName=Motor | EventType=application
[2026-08-16 19:26:41.549 (UTC)] info/application	[Motor] Received distance: 13.1876693597006 cm | Severity=75 | SourceName=Motor | EventType=application
[2026-08-16 19:26:41.549 (UTC)] warn/application	[Motor] Distance too close (13.1876693597006); rotating motor to 0 degrees | Severity=175 | SourceName=Motor | EventType=application
[2026-08-16 19:26:42.550 (UTC)] info/application	[Motor] Received distance: 12.3492665169059 cm | Severity=75 | SourceName=Motor | EventType=application
[2026-08-16 19:26:42.550 (UTC)] warn/application	[Motor] Distance too close (12.3492665169059); rotating motor to 0 degrees | Severity=175 | SourceName=Motor | EventType=application
[2026-08-16 19:26:43.550 (UTC)] info/application	[Motor] Received distance: 13.024807572842 cm | Severity=75 | SourceName=Motor | EventType=application
[2026-08-16 19:26:43.550 (UTC)] warn/application	[Motor] Distance too close (13.024807572842); rotating motor to 0 degrees | Severity=175 | SourceName=Motor | EventType=application
[2026-08-16 19:26:44.538 (UTC)] info/application	[Motor] Received distance: 13.3077597817442 cm | Severity=75 | SourceName=Motor | EventType=application
[2026-08-16 19:26:44.538 (UTC)] warn/application	[Motor] Distance too close (13.3077597817442); rotating motor to 0 degrees | Severity=175 | SourceName=Motor | EventType=application
[2026-08-16 19:26:45.546 (UTC)] info/application	[Motor] Received distance: 14.4582970125872 cm | Severity=75 | SourceName=Motor | EventType=application
[2026-08-16 19:26:45.546 (UTC)] warn/application	[Motor] Distance too close (14.4582970125872); rotating motor to 0 degrees | Severity=175 | SourceName=Motor | EventType=application
[2026-08-16 19:26:46.539 (UTC)] info/application	[Motor] Received distance: 12.9805256326127 cm | Severity=75 | SourceName=Motor | EventType=application
[2026-08-16 19:26:46.539 (UTC)] warn/application	[Motor] Distance too close (12.9805256326127); rotating motor to 0 degrees | Severity=175 | SourceName=Motor | EventType=application
[2026-08-16 19:26:47.546 (UTC)] info/application	[Motor] Received distance: 11.6344424256284 cm | Severity=75 | SourceName=Motor | EventType=application
[2026-08-16 19:26:47.546 (UTC)] warn/application	[Motor] Distance too close (11.6344424256284); rotating motor to 0 degrees | Severity=175 | SourceName=Motor | EventType=application
[2026-08-16 19:26:48.549 (UTC)] info/application	[Motor] Received distance: 11.0190959123518 cm | Severity=75 | SourceName=Motor | EventType=application
[2026-08-16 19:26:48.549 (UTC)] warn/application	[Motor] Distance too close (11.0190959123518); rotating motor to 0 degrees | Severity=175 | SourceName=Motor | EventType=application
[2026-08-16 19:26:49.549 (UTC)] info/application	[Motor] Received distance: 10.3933836293376 cm | Severity=75 | SourceName=Motor | EventType=application
[2026-08-16 19:26:49.549 (UTC)] warn/application	[Motor] Distance too close (10.3933836293376); rotating motor to 0 degrees | Severity=175 | SourceName=Motor | EventType=application
[2026-08-16 19:26:50.550 (UTC)] info/application	[Motor] Received distance: 11.5583891510304 cm | Severity=75 | SourceName=Motor | EventType=application
[2026-08-16 19:26:50.550 (UTC)] warn/application	[Motor] Distance too close (11.5583891510304); rotating motor to 0 degrees | Severity=175 | SourceName=Motor | EventType=application
[2026-08-16 19:26:51.549 (UTC)] info/application	[Motor] Received distance: 12.3779919940876 cm | Severity=75 | SourceName=Motor | EventType=application
[2026-08-16 19:26:51.550 (UTC)] warn/application	[Motor] Distance too close (12.3779919940876); rotating motor to 0 degrees | Severity=175 | SourceName=Motor | EventType=application
[2026-08-16 19:26:52.550 (UTC)] info/application	[Motor] Received distance: 13.355059836458 cm | Severity=75 | SourceName=Motor | EventType=application
[2026-08-16 19:26:52.550 (UTC)] warn/application	[Motor] Distance too close (13.355059836458); rotating motor to 0 degrees | Severity=175 | SourceName=Motor | EventType=application
[2026-08-16 19:26:53.540 (UTC)] info/application	[Motor] Received distance: 12.4964969225677 cm | Severity=75 | SourceName=Motor | EventType=application
[2026-08-16 19:26:53.540 (UTC)] warn/application	[Motor] Distance too close (12.4964969225677); rotating motor to 0 degrees | Severity=175 | SourceName=Motor | EventType=application
[2026-08-16 19:26:54.549 (UTC)] info/application	[Motor] Received distance: 11.8543119590517 cm | Severity=75 | SourceName=Motor | EventType=application
[2026-08-16 19:26:54.549 (UTC)] warn/application	[Motor] Distance too close (11.8543119590517); rotating motor to 0 degrees | Severity=175 | SourceName=Motor | EventType=application
[2026-08-16 19:26:55.549 (UTC)] info/application	[Motor] Received distance: 11.4747302045462 cm | Severity=75 | SourceName=Motor | EventType=application
[2026-08-16 19:26:55.549 (UTC)] warn/application	[Motor] Distance too close (11.4747302045462); rotating motor to 0 degrees | Severity=175 | SourceName=Motor | EventType=application
[2026-08-16 19:26:56.549 (UTC)] info/application	[Motor] Received distance: 10.3507682657106 cm | Severity=75 | SourceName=Motor | EventType=application
[2026-08-16 19:26:56.549 (UTC)] warn/application	[Motor] Distance too close (10.3507682657106); rotating motor to 0 degrees | Severity=175 | SourceName=Motor | EventType=application
[2026-08-16 19:26:57.549 (UTC)] info/application	[Motor] Received distance: 10.2075297484209 cm | Severity=75 | SourceName=Motor | EventType=application
[2026-08-16 19:26:57.549 (UTC)] warn/application	[Motor] Distance too close (10.2075297484209); rotating motor to 0 degrees | Severity=175 | SourceName=Motor | EventType=application
[2026-08-16 19:26:58.549 (UTC)] info/application	[Motor] Received distance: 9.39250412159251 cm | Severity=75 | SourceName=Motor | EventType=application
[2026-08-16 19:26:58.549 (UTC)] warn/application	[Motor] Distance too close (9.39250412159251); rotating motor to 0 degrees | Severity=175 | SourceName=Motor | EventType=application
[2026-08-16 19:26:59.550 (UTC)] info/application	[Motor] Received distance: 8.82576164967649 cm | Severity=75 | SourceName=Motor | EventType=application
[2026-08-16 19:26:59.550 (UTC)] warn/application	[Motor] Distance too close (8.82576164967649); rotating motor to 0 degrees | Severity=175 | SourceName=Motor | EventType=application
[2026-08-16 19:27:00.540 (UTC)] info/application	[Motor] Received distance: 8.49265580344604 cm | Severity=75 | SourceName=Motor | EventType=application
[2026-08-16 19:27:00.540 (UTC)] warn/application	[Motor] Distance too close (8.49265580344604); rotating motor to 0 degrees | Severity=175 | SourceName=Motor | EventType=application
[2026-08-16 19:27:01.549 (UTC)] info/application	[Motor] Received distance: 9.11378163337418 cm | Severity=75 | SourceName=Motor | EventType=application
[2026-08-16 19:27:01.549 (UTC)] warn/application	[Motor] Distance too close (9.11378163337418); rotating motor to 0 degrees | Severity=175 | SourceName=Motor | EventType=application
[2026-08-16 19:27:02.549 (UTC)] info/application	[Motor] Received distance: 9.62691708194414 cm | Severity=75 | SourceName=Motor | EventType=application
[2026-08-16 19:27:02.549 (UTC)] warn/application	[Motor] Distance too close (9.62691708194414); rotating motor to 0 degrees | Severity=175 | SourceName=Motor | EventType=application
[2026-08-16 19:27:03.549 (UTC)] info/application	[Motor] Received distance: 8.89672637912293 cm | Severity=75 | SourceName=Motor | EventType=application
[2026-08-16 19:27:03.549 (UTC)] warn/application	[Motor] Distance too close (8.89672637912293); rotating motor to 0 degrees | Severity=175 | SourceName=Motor | EventType=application
[2026-08-16 19:27:04.549 (UTC)] info/application	[Motor] Received distance: 8.21610457390366 cm | Severity=75 | SourceName=Motor | EventType=application
[2026-08-16 19:27:04.549 (UTC)] warn/application	[Motor] Distance too close (8.21610457390366); rotating motor to 0 degrees | Severity=175 | SourceName=Motor | EventType=application
[2026-08-16 19:27:05.550 (UTC)] info/application	[Motor] Received distance: 9.29157952884752 cm | Severity=75 | SourceName=Motor | EventType=application
[2026-08-16 19:27:05.550 (UTC)] warn/application	[Motor] Distance too close (9.29157952884752); rotating motor to 0 degrees | Severity=175 | SourceName=Motor | EventType=application
[2026-08-16 19:27:06.550 (UTC)] info/application	[Motor] Received distance: 8.76601704129298 cm | Severity=75 | SourceName=Motor | EventType=application
[2026-08-16 19:27:06.550 (UTC)] warn/application	[Motor] Distance too close (8.76601704129298); rotating motor to 0 degrees | Severity=175 | SourceName=Motor | EventType=application
[2026-08-16 19:27:07.550 (UTC)] info/application	[Motor] Received distance: 8.51490934077414 cm | Severity=75 | SourceName=Motor | EventType=application
[2026-08-16 19:27:07.550 (UTC)] warn/application	[Motor] Distance too close (8.51490934077414); rotating motor to 0 degrees | Severity=175 | SourceName=Motor | EventType=application
[2026-08-16 19:27:08.550 (UTC)] info/application	[Motor] Received distance: 8.88769424491921 cm | Severity=75 | SourceName=Motor | EventType=application
[2026-08-16 19:27:08.550 (UTC)] warn/application	[Motor] Distance too close (8.88769424491921); rotating motor to 0 degrees | Severity=175 | SourceName=Motor | EventType=application
[2026-08-16 19:27:09.550 (UTC)] info/application	[Motor] Received distance: 10.3671660112996 cm | Severity=75 | SourceName=Motor | EventType=application
[2026-08-16 19:27:09.550 (UTC)] warn/application	[Motor] Distance too close (10.3671660112996); rotating motor to 0 degrees | Severity=175 | SourceName=Motor | EventType=application
[2026-08-16 19:27:10.542 (UTC)] info/application	[Motor] Received distance: 11.4572018058771 cm | Severity=75 | SourceName=Motor | EventType=application
[2026-08-16 19:27:10.542 (UTC)] warn/application	[Motor] Distance too close (11.4572018058771); rotating motor to 0 degrees | Severity=175 | SourceName=Motor | EventType=application
[2026-08-16 19:27:11.549 (UTC)] info/application	[Motor] Received distance: 12.1626334074711 cm | Severity=75 | SourceName=Motor | EventType=application
[2026-08-16 19:27:11.549 (UTC)] warn/application	[Motor] Distance too close (12.1626334074711); rotating motor to 0 degrees | Severity=175 | SourceName=Motor | EventType=application
[2026-08-16 19:27:12.550 (UTC)] info/application	[Motor] Received distance: 11.0820488317786 cm | Severity=75 | SourceName=Motor | EventType=application
[2026-08-16 19:27:12.550 (UTC)] warn/application	[Motor] Distance too close (11.0820488317786); rotating motor to 0 degrees | Severity=175 | SourceName=Motor | EventType=application
[2026-08-16 19:27:13.550 (UTC)] info/application	[Motor] Received distance: 9.83368178216447 cm | Severity=75 | SourceName=Motor | EventType=application
[2026-08-16 19:27:13.550 (UTC)] warn/application	[Motor] Distance too close (9.83368178216447); rotating motor to 0 degrees | Severity=175 | SourceName=Motor | EventType=application
[2026-08-16 19:27:14.543 (UTC)] info/application	[Motor] Received distance: 9.71465443829757 cm | Severity=75 | SourceName=Motor | EventType=application
[2026-08-16 19:27:14.543 (UTC)] warn/application	[Motor] Distance too close (9.71465443829757); rotating motor to 0 degrees | Severity=175 | SourceName=Motor | EventType=application
[2026-08-16 19:27:15.549 (UTC)] info/application	[Motor] Received distance: 10.4170220715073 cm | Severity=75 | SourceName=Motor | EventType=application
[2026-08-16 19:27:15.549 (UTC)] warn/application	[Motor] Distance too close (10.4170220715073); rotating motor to 0 degrees | Severity=175 | SourceName=Motor | EventType=application
[2026-08-16 19:27:16.550 (UTC)] info/application	[Motor] Received distance: 11.8191922527362 cm | Severity=75 | SourceName=Motor | EventType=application
[2026-08-16 19:27:16.550 (UTC)] warn/application	[Motor] Distance too close (11.8191922527362); rotating motor to 0 degrees | Severity=175 | SourceName=Motor | EventType=application
[2026-08-16 19:27:17.550 (UTC)] info/application	[Motor] Received distance: 11.7223935288947 cm | Severity=75 | SourceName=Motor | EventType=application
[2026-08-16 19:27:17.550 (UTC)] warn/application	[Motor] Distance too close (11.7223935288947); rotating motor to 0 degrees | Severity=175 | SourceName=Motor | EventType=application
[2026-08-16 19:27:18.550 (UTC)] info/application	[Motor] Received distance: 12.5786779551202 cm | Severity=75 | SourceName=Motor | EventType=application
[2026-08-16 19:27:18.550 (UTC)] warn/application	[Motor] Distance too close (12.5786779551202); rotating motor to 0 degrees | Severity=175 | SourceName=Motor | EventType=application
[2026-08-16 19:27:19.544 (UTC)] info/application	[Motor] Received distance: 11.8655016230724 cm | Severity=75 | SourceName=Motor | EventType=application
[2026-08-16 19:27:19.544 (UTC)] warn/application	[Motor] Distance too close (11.8655016230724); rotating motor to 0 degrees | Severity=175 | SourceName=Motor | EventType=application
[2026-08-16 19:27:20.549 (UTC)] info/application	[Motor] Received distance: 12.6429906162168 cm | Severity=75 | SourceName=Motor | EventType=application
[2026-08-16 19:27:20.549 (UTC)] warn/application	[Motor] Distance too close (12.6429906162168); rotating motor to 0 degrees | Severity=175 | SourceName=Motor | EventType=application
[2026-08-16 19:27:21.550 (UTC)] info/application	[Motor] Received distance: 13.1642805627381 cm | Severity=75 | SourceName=Motor | EventType=application
[2026-08-16 19:27:21.550 (UTC)] warn/application	[Motor] Distance too close (13.1642805627381); rotating motor to 0 degrees | Severity=175 | SourceName=Motor | EventType=application
[2026-08-16 19:27:22.549 (UTC)] info/application	[Motor] Received distance: 11.7707070723505 cm | Severity=75 | SourceName=Motor | EventType=application
[2026-08-16 19:27:22.549 (UTC)] warn/application	[Motor] Distance too close (11.7707070723505); rotating motor to 0 degrees | Severity=175 | SourceName=Motor | EventType=application
[2026-08-16 19:27:23.549 (UTC)] info/application	[Motor] Received distance: 12.0252639064683 cm | Severity=75 | SourceName=Motor | EventType=application
[2026-08-16 19:27:23.549 (UTC)] warn/application	[Motor] Distance too close (12.0252639064683); rotating motor to 0 degrees | Severity=175 | SourceName=Motor | EventType=application
[2026-08-16 19:27:24.549 (UTC)] info/application	[Motor] Received distance: 13.1879909404963 cm | Severity=75 | SourceName=Motor | EventType=application
[2026-08-16 19:27:24.549 (UTC)] warn/application	[Motor] Distance too close (13.1879909404963); rotating motor to 0 degrees | Severity=175 | SourceName=Motor | EventType=application
[2026-08-16 19:27:25.549 (UTC)] info/application	[Motor] Received distance: 12.6522324879897 cm | Severity=75 | SourceName=Motor | EventType=application
[2026-08-16 19:27:25.549 (UTC)] warn/application	[Motor] Distance too close (12.6522324879897); rotating motor to 0 degrees | Severity=175 | SourceName=Motor | EventType=application
[2026-08-16 19:27:26.549 (UTC)] info/application	[Motor] Received distance: 14.027207568999 cm | Severity=75 | SourceName=Motor | EventType=application
[2026-08-16 19:27:26.549 (UTC)] warn/application	[Motor] Distance too close (14.027207568999); rotating motor to 0 degrees | Severity=175 | SourceName=Motor | EventType=application
[2026-08-16 19:27:27.550 (UTC)] info/application	[Motor] Received distance: 12.5659726627944 cm | Severity=75 | SourceName=Motor | EventType=application
[2026-08-16 19:27:27.550 (UTC)] warn/application	[Motor] Distance too close (12.5659726627944); rotating motor to 0 degrees | Severity=175 | SourceName=Motor | EventType=application
[2026-08-16 19:27:28.550 (UTC)] info/application	[Motor] Received distance: 13.3869756929981 cm | Severity=75 | SourceName=Motor | EventType=application
[2026-08-16 19:27:28.550 (UTC)] warn/application	[Motor] Distance too close (13.3869756929981); rotating motor to 0 degrees | Severity=175 | SourceName=Motor | EventType=application
[2026-08-16 19:27:29.546 (UTC)] info/application	[Motor] Received distance: 12.446925145782 cm | Severity=75 | SourceName=Motor | EventType=application
[2026-08-16 19:27:29.546 (UTC)] warn/application	[Motor] Distance too close (12.446925145782); rotating motor to 0 degrees | Severity=175 | SourceName=Motor | EventType=application
[2026-08-16 19:27:30.549 (UTC)] info/application	[Motor] Received distance: 11.9189477690584 cm | Severity=75 | SourceName=Motor | EventType=application
[2026-08-16 19:27:30.549 (UTC)] warn/application	[Motor] Distance too close (11.9189477690584); rotating motor to 0 degrees | Severity=175 | SourceName=Motor | EventType=application
[2026-08-16 19:27:31.549 (UTC)] info/application	[Motor] Received distance: 10.9068449516347 cm | Severity=75 | SourceName=Motor | EventType=application
[2026-08-16 19:27:31.549 (UTC)] warn/application	[Motor] Distance too close (10.9068449516347); rotating motor to 0 degrees | Severity=175 | SourceName=Motor | EventType=application
[2026-08-16 19:27:32.549 (UTC)] info/application	[Motor] Received distance: 12.0879202343467 cm | Severity=75 | SourceName=Motor | EventType=application
[2026-08-16 19:27:32.549 (UTC)] warn/application	[Motor] Distance too close (12.0879202343467); rotating motor to 0 degrees | Severity=175 | SourceName=Motor | EventType=application
[2026-08-16 19:27:33.549 (UTC)] info/application	[Motor] Received distance: 13.573078306193 cm | Severity=75 | SourceName=Motor | EventType=application
[2026-08-16 19:27:33.549 (UTC)] warn/application	[Motor] Distance too close (13.573078306193); rotating motor to 0 degrees | Severity=175 | SourceName=Motor | EventType=application
[2026-08-16 19:27:34.550 (UTC)] info/application	[Motor] Received distance: 13.3307847859481 cm | Severity=75 | SourceName=Motor | EventType=application
[2026-08-16 19:27:34.550 (UTC)] warn/application	[Motor] Distance too close (13.3307847859481); rotating motor to 0 degrees | Severity=175 | SourceName=Motor | EventType=application
[2026-08-16 19:27:35.550 (UTC)] info/application	[Motor] Received distance: 12.3312382620439 cm | Severity=75 | SourceName=Motor | EventType=application
[2026-08-16 19:27:35.550 (UTC)] warn/application	[Motor] Distance too close (12.3312382620439); rotating motor to 0 degrees | Severity=175 | SourceName=Motor | EventType=application
[2026-08-16 19:27:36.550 (UTC)] info/application	[Motor] Received distance: 13.3918712874371 cm | Severity=75 | SourceName=Motor | EventType=application
[2026-08-16 19:27:36.550 (UTC)] warn/application	[Motor] Distance too close (13.3918712874371); rotating motor to 0 degrees | Severity=175 | SourceName=Motor | EventType=application
[2026-08-16 19:27:37.551 (UTC)] info/application	[Motor] Received distance: 14.1240152796377 cm | Severity=75 | SourceName=Motor | EventType=application
[2026-08-16 19:27:37.551 (UTC)] warn/application	[Motor] Distance too close (14.1240152796377); rotating motor to 0 degrees | Severity=175 | SourceName=Motor | EventType=application
[2026-08-16 19:27:38.550 (UTC)] info/application	[Motor] Received distance: 14.3733610566116 cm | Severity=75 | SourceName=Motor | EventType=application
[2026-08-16 19:27:38.550 (UTC)] warn/application	[Motor] Distance too close (14.3733610566116); rotating motor to 0 degrees | Severity=175 | SourceName=Motor | EventType=application
[2026-08-16 19:27:39.550 (UTC)] info/application	[Motor] Received distance: 14.3067789861498 cm | Severity=75 | SourceName=Motor | EventType=application
[2026-08-16 19:27:39.550 (UTC)] warn/application	[Motor] Distance too close (14.3067789861498); rotating motor to 0 degrees | Severity=175 | SourceName=Motor | EventType=application
[2026-08-16 19:27:40.550 (UTC)] info/application	[Motor] Received distance: 15.0183947433338 cm | Severity=75 | SourceName=Motor | EventType=application
[2026-08-16 19:27:40.550 (UTC)] warn/application	[Motor] Distance too close (15.0183947433338); rotating motor to 0 degrees | Severity=175 | SourceName=Motor | EventType=application
[2026-08-16 19:27:41.550 (UTC)] info/application	[Motor] Received distance: 14.8577763134883 cm | Severity=75 | SourceName=Motor | EventType=application
[2026-08-16 19:27:41.550 (UTC)] warn/application	[Motor] Distance too close (14.8577763134883); rotating motor to 0 degrees | Severity=175 | SourceName=Motor | EventType=application
[2026-08-16 19:27:42.551 (UTC)] info/application	[Motor] Received distance: 13.9966258432235 cm | Severity=75 | SourceName=Motor | EventType=application
[2026-08-16 19:27:42.551 (UTC)] warn/application	[Motor] Distance too close (13.9966258432235); rotating motor to 0 degrees | Severity=175 | SourceName=Motor | EventType=application
[2026-08-16 19:27:43.547 (UTC)] info/application	[Motor] Received distance: 15.1276570261119 cm | Severity=75 | SourceName=Motor | EventType=application
[2026-08-16 19:27:43.547 (UTC)] warn/application	[Motor] Distance too close (15.1276570261119); rotating motor to 0 degrees | Severity=175 | SourceName=Motor | EventType=application
[2026-08-16 19:27:44.550 (UTC)] info/application	[Motor] Received distance: 15.2186715480493 cm | Severity=75 | SourceName=Motor | EventType=application
[2026-08-16 19:27:44.550 (UTC)] warn/application	[Motor] Distance too close (15.2186715480493); rotating motor to 0 degrees | Severity=175 | SourceName=Motor | EventType=application
[2026-08-16 19:27:45.538 (UTC)] info/application	[Motor] Received distance: 15.7384937339176 cm | Severity=75 | SourceName=Motor | EventType=application
[2026-08-16 19:27:45.538 (UTC)] warn/application	[Motor] Distance too close (15.7384937339176); rotating motor to 0 degrees | Severity=175 | SourceName=Motor | EventType=application
[2026-08-16 19:27:46.547 (UTC)] info/application	[Motor] Received distance: 16.0718925486188 cm | Severity=75 | SourceName=Motor | EventType=application
[2026-08-16 19:27:46.547 (UTC)] warn/application	[Motor] Distance too close (16.0718925486188); rotating motor to 0 degrees | Severity=175 | SourceName=Motor | EventType=application
[2026-08-16 19:27:47.549 (UTC)] info/application	[Motor] Received distance: 16.065077250388 cm | Severity=75 | SourceName=Motor | EventType=application
[2026-08-16 19:27:47.549 (UTC)] warn/application	[Motor] Distance too close (16.065077250388); rotating motor to 0 degrees | Severity=175 | SourceName=Motor | EventType=application
[2026-08-16 19:27:48.549 (UTC)] info/application	[Motor] Received distance: 14.9881007110179 cm | Severity=75 | SourceName=Motor | EventType=application
[2026-08-16 19:27:48.549 (UTC)] warn/application	[Motor] Distance too close (14.9881007110179); rotating motor to 0 degrees | Severity=175 | SourceName=Motor | EventType=application
[2026-08-16 19:27:49.550 (UTC)] info/application	[Motor] Received distance: 14.6777839519446 cm | Severity=75 | SourceName=Motor | EventType=application
[2026-08-16 19:27:49.550 (UTC)] warn/application	[Motor] Distance too close (14.6777839519446); rotating motor to 0 degrees | Severity=175 | SourceName=Motor | EventType=application
[2026-08-16 19:27:50.550 (UTC)] info/application	[Motor] Received distance: 15.457792321666 cm | Severity=75 | SourceName=Motor | EventType=application
[2026-08-16 19:27:50.550 (UTC)] warn/application	[Motor] Distance too close (15.457792321666); rotating motor to 0 degrees | Severity=175 | SourceName=Motor | EventType=application
[2026-08-16 19:27:51.547 (UTC)] info/application	[Motor] Received distance: 16.6583047754403 cm | Severity=75 | SourceName=Motor | EventType=application
[2026-08-16 19:27:51.547 (UTC)] warn/application	[Motor] Distance too close (16.6583047754403); rotating motor to 0 degrees | Severity=175 | SourceName=Motor | EventType=application
[2026-08-16 19:27:52.549 (UTC)] info/application	[Motor] Received distance: 15.3692779614913 cm | Severity=75 | SourceName=Motor | EventType=application
[2026-08-16 19:27:52.549 (UTC)] warn/application	[Motor] Distance too close (15.3692779614913); rotating motor to 0 degrees | Severity=175 | SourceName=Motor | EventType=application
[2026-08-16 19:27:53.538 (UTC)] info/application	[Motor] Received distance: 16.2557128422222 cm | Severity=75 | SourceName=Motor | EventType=application
[2026-08-16 19:27:53.538 (UTC)] warn/application	[Motor] Distance too close (16.2557128422222); rotating motor to 0 degrees | Severity=175 | SourceName=Motor | EventType=application
[2026-08-16 19:27:54.546 (UTC)] info/application	[Motor] Received distance: 16.2107821301142 cm | Severity=75 | SourceName=Motor | EventType=application
[2026-08-16 19:27:54.546 (UTC)] warn/application	[Motor] Distance too close (16.2107821301142); rotating motor to 0 degrees | Severity=175 | SourceName=Motor | EventType=application
[2026-08-16 19:27:55.538 (UTC)] info/application	[Motor] Received distance: 17.5844823501932 cm | Severity=75 | SourceName=Motor | EventType=application
[2026-08-16 19:27:55.538 (UTC)] warn/application	[Motor] Distance too close (17.5844823501932); rotating motor to 0 degrees | Severity=175 | SourceName=Motor | EventType=application
[2026-08-16 19:27:56.547 (UTC)] info/application	[Motor] Received distance: 16.4351587770205 cm | Severity=75 | SourceName=Motor | EventType=application
[2026-08-16 19:27:56.547 (UTC)] warn/application	[Motor] Distance too close (16.4351587770205); rotating motor to 0 degrees | Severity=175 | SourceName=Motor | EventType=application
[2026-08-16 19:27:57.549 (UTC)] info/application	[Motor] Received distance: 16.2652031445248 cm | Severity=75 | SourceName=Motor | EventType=application
[2026-08-16 19:27:57.549 (UTC)] warn/application	[Motor] Distance too close (16.2652031445248); rotating motor to 0 degrees | Severity=175 | SourceName=Motor | EventType=application
[2026-08-16 19:27:58.549 (UTC)] info/application	[Motor] Received distance: 17.6776684597962 cm | Severity=75 | SourceName=Motor | EventType=application
[2026-08-16 19:27:58.549 (UTC)] warn/application	[Motor] Distance too close (17.6776684597962); rotating motor to 0 degrees | Severity=175 | SourceName=Motor | EventType=application
[2026-08-16 19:27:59.550 (UTC)] info/application	[Motor] Received distance: 18.8493479168272 cm | Severity=75 | SourceName=Motor | EventType=application
[2026-08-16 19:27:59.550 (UTC)] warn/application	[Motor] Distance too close (18.8493479168272); rotating motor to 0 degrees | Severity=175 | SourceName=Motor | EventType=application
[2026-08-16 19:28:00.550 (UTC)] info/application	[Motor] Received distance: 19.2393417371155 cm | Severity=75 | SourceName=Motor | EventType=application
[2026-08-16 19:28:00.550 (UTC)] warn/application	[Motor] Distance too close (19.2393417371155); rotating motor to 0 degrees | Severity=175 | SourceName=Motor | EventType=application
[2026-08-16 19:28:01.547 (UTC)] info/application	[Motor] Received distance: 18.6238296742662 cm | Severity=75 | SourceName=Motor | EventType=application
[2026-08-16 19:28:01.547 (UTC)] warn/application	[Motor] Distance too close (18.6238296742662); rotating motor to 0 degrees | Severity=175 | SourceName=Motor | EventType=application
[2026-08-16 19:28:02.538 (UTC)] info/application	[Motor] Received distance: 17.2834063138736 cm | Severity=75 | SourceName=Motor | EventType=application
[2026-08-16 19:28:02.538 (UTC)] warn/application	[Motor] Distance too close (17.2834063138736); rotating motor to 0 degrees | Severity=175 | SourceName=Motor | EventType=application
[2026-08-16 19:28:03.546 (UTC)] info/application	[Motor] Received distance: 17.3544754154768 cm | Severity=75 | SourceName=Motor | EventType=application
[2026-08-16 19:28:03.546 (UTC)] warn/application	[Motor] Distance too close (17.3544754154768); rotating motor to 0 degrees | Severity=175 | SourceName=Motor | EventType=application
[2026-08-16 19:28:04.550 (UTC)] info/application	[Motor] Received distance: 16.7241214230769 cm | Severity=75 | SourceName=Motor | EventType=application
[2026-08-16 19:28:04.550 (UTC)] warn/application	[Motor] Distance too close (16.7241214230769); rotating motor to 0 degrees | Severity=175 | SourceName=Motor | EventType=application
[2026-08-16 19:28:05.550 (UTC)] info/application	[Motor] Received distance: 16.6414045424393 cm | Severity=75 | SourceName=Motor | EventType=application
[2026-08-16 19:28:05.550 (UTC)] warn/application	[Motor] Distance too close (16.6414045424393); rotating motor to 0 degrees | Severity=175 | SourceName=Motor | EventType=application
[2026-08-16 19:28:06.550 (UTC)] info/application	[Motor] Received distance: 17.2129271201384 cm | Severity=75 | SourceName=Motor | EventType=application
[2026-08-16 19:28:06.550 (UTC)] warn/application	[Motor] Distance too close (17.2129271201384); rotating motor to 0 degrees | Severity=175 | SourceName=Motor | EventType=application
[2026-08-16 19:28:07.550 (UTC)] info/application	[Motor] Received distance: 16.1432061531317 cm | Severity=75 | SourceName=Motor | EventType=application
[2026-08-16 19:28:07.550 (UTC)] warn/application	[Motor] Distance too close (16.1432061531317); rotating motor to 0 degrees | Severity=175 | SourceName=Motor | EventType=application
[2026-08-16 19:28:08.551 (UTC)] info/application	[Motor] Received distance: 15.2926332646947 cm | Severity=75 | SourceName=Motor | EventType=application
[2026-08-16 19:28:08.551 (UTC)] warn/application	[Motor] Distance too close (15.2926332646947); rotating motor to 0 degrees | Severity=175 | SourceName=Motor | EventType=application
[2026-08-16 19:28:09.547 (UTC)] info/application	[Motor] Received distance: 14.6135016179707 cm | Severity=75 | SourceName=Motor | EventType=application
[2026-08-16 19:28:09.547 (UTC)] warn/application	[Motor] Distance too close (14.6135016179707); rotating motor to 0 degrees | Severity=175 | SourceName=Motor | EventType=application
[2026-08-16 19:28:10.549 (UTC)] info/application	[Motor] Received distance: 14.9771985805022 cm | Severity=75 | SourceName=Motor | EventType=application
[2026-08-16 19:28:10.549 (UTC)] warn/application	[Motor] Distance too close (14.9771985805022); rotating motor to 0 degrees | Severity=175 | SourceName=Motor | EventType=application
[2026-08-16 19:28:11.550 (UTC)] info/application	[Motor] Received distance: 16.3382414492491 cm | Severity=75 | SourceName=Motor | EventType=application
[2026-08-16 19:28:11.550 (UTC)] warn/application	[Motor] Distance too close (16.3382414492491); rotating motor to 0 degrees | Severity=175 | SourceName=Motor | EventType=application
[2026-08-16 19:28:12.550 (UTC)] info/application	[Motor] Received distance: 16.9984913740766 cm | Severity=75 | SourceName=Motor | EventType=application
[2026-08-16 19:28:12.550 (UTC)] warn/application	[Motor] Distance too close (16.9984913740766); rotating motor to 0 degrees | Severity=175 | SourceName=Motor | EventType=application
[2026-08-16 19:28:13.550 (UTC)] info/application	[Motor] Received distance: 18.0010378663433 cm | Severity=75 | SourceName=Motor | EventType=application
[2026-08-16 19:28:13.550 (UTC)] warn/application	[Motor] Distance too close (18.0010378663433); rotating motor to 0 degrees | Severity=175 | SourceName=Motor | EventType=application
[2026-08-16 19:28:14.550 (UTC)] info/application	[Motor] Received distance: 18.9931119165817 cm | Severity=75 | SourceName=Motor | EventType=application
[2026-08-16 19:28:14.550 (UTC)] warn/application	[Motor] Distance too close (18.9931119165817); rotating motor to 0 degrees | Severity=175 | SourceName=Motor | EventType=application
[2026-08-16 19:28:15.551 (UTC)] info/application	[Motor] Received distance: 18.2443763619496 cm | Severity=75 | SourceName=Motor | EventType=application
[2026-08-16 19:28:15.551 (UTC)] warn/application	[Motor] Distance too close (18.2443763619496); rotating motor to 0 degrees | Severity=175 | SourceName=Motor | EventType=application
[2026-08-16 19:28:16.547 (UTC)] info/application	[Motor] Received distance: 18.2667450386876 cm | Severity=75 | SourceName=Motor | EventType=application
[2026-08-16 19:28:16.547 (UTC)] warn/application	[Motor] Distance too close (18.2667450386876); rotating motor to 0 degrees | Severity=175 | SourceName=Motor | EventType=application
[2026-08-16 19:28:17.549 (UTC)] info/application	[Motor] Received distance: 18.0922179036272 cm | Severity=75 | SourceName=Motor | EventType=application
[2026-08-16 19:28:17.549 (UTC)] warn/application	[Motor] Distance too close (18.0922179036272); rotating motor to 0 degrees | Severity=175 | SourceName=Motor | EventType=application
[2026-08-16 19:28:18.550 (UTC)] info/application	[Motor] Received distance: 18.8366670507643 cm | Severity=75 | SourceName=Motor | EventType=application
[2026-08-16 19:28:18.550 (UTC)] warn/application	[Motor] Distance too close (18.8366670507643); rotating motor to 0 degrees | Severity=175 | SourceName=Motor | EventType=application
[2026-08-16 19:28:19.550 (UTC)] info/application	[Motor] Received distance: 19.2820591881322 cm | Severity=75 | SourceName=Motor | EventType=application
[2026-08-16 19:28:19.550 (UTC)] warn/application	[Motor] Distance too close (19.2820591881322); rotating motor to 0 degrees | Severity=175 | SourceName=Motor | EventType=application
[2026-08-16 19:28:20.551 (UTC)] info/application	[Motor] Received distance: 20.2972152939985 cm | Severity=75 | SourceName=Motor | EventType=application
[2026-08-16 19:28:20.551 (UTC)] info/application	[Motor] Distance safe (20.2972152939985); rotating motor to 90 degrees | Severity=75 | SourceName=Motor | EventType=application
[2026-08-16 19:28:21.544 (UTC)] info/application	[Motor] Received distance: 20.321672810857 cm | Severity=75 | SourceName=Motor | EventType=application
[2026-08-16 19:28:21.544 (UTC)] info/application	[Motor] Distance safe (20.321672810857); rotating motor to 90 degrees | Severity=75 | SourceName=Motor | EventType=application
[2026-08-16 19:28:22.549 (UTC)] info/application	[Motor] Received distance: 20.4675774006022 cm | Severity=75 | SourceName=Motor | EventType=application
[2026-08-16 19:28:22.549 (UTC)] info/application	[Motor] Distance safe (20.4675774006022); rotating motor to 90 degrees | Severity=75 | SourceName=Motor | EventType=application
[2026-08-16 19:28:23.550 (UTC)] info/application	[Motor] Received distance: 21.6937066925195 cm | Severity=75 | SourceName=Motor | EventType=application
[2026-08-16 19:28:23.550 (UTC)] info/application	[Motor] Distance safe (21.6937066925195); rotating motor to 90 degrees | Severity=75 | SourceName=Motor | EventType=application
[2026-08-16 19:28:24.550 (UTC)] info/application	[Motor] Received distance: 21.104599088712 cm | Severity=75 | SourceName=Motor | EventType=application
[2026-08-16 19:28:24.550 (UTC)] info/application	[Motor] Distance safe (21.104599088712); rotating motor to 90 degrees | Severity=75 | SourceName=Motor | EventType=application
[2026-08-16 19:28:25.550 (UTC)] info/application	[Motor] Received distance: 19.7055729649521 cm | Severity=75 | SourceName=Motor | EventType=application
[2026-08-16 19:28:25.550 (UTC)] warn/application	[Motor] Distance too close (19.7055729649521); rotating motor to 0 degrees | Severity=175 | SourceName=Motor | EventType=application
[2026-08-16 19:28:26.544 (UTC)] info/application	[Motor] Received distance: 20.8054024769484 cm | Severity=75 | SourceName=Motor | EventType=application
[2026-08-16 19:28:26.544 (UTC)] info/application	[Motor] Distance safe (20.8054024769484); rotating motor to 90 degrees | Severity=75 | SourceName=Motor | EventType=application
[2026-08-16 19:28:27.550 (UTC)] info/application	[Motor] Received distance: 20.5669712999682 cm | Severity=75 | SourceName=Motor | EventType=application
[2026-08-16 19:28:27.550 (UTC)] info/application	[Motor] Distance safe (20.5669712999682); rotating motor to 90 degrees | Severity=75 | SourceName=Motor | EventType=application
[2026-08-16 19:28:28.550 (UTC)] info/application	[Motor] Received distance: 20.4979895437127 cm | Severity=75 | SourceName=Motor | EventType=application
[2026-08-16 19:28:28.550 (UTC)] info/application	[Motor] Distance safe (20.4979895437127); rotating motor to 90 degrees | Severity=75 | SourceName=Motor | EventType=application
[2026-08-16 19:28:29.550 (UTC)] info/application	[Motor] Received distance: 21.5102843695834 cm | Severity=75 | SourceName=Motor | EventType=application
[2026-08-16 19:28:29.550 (UTC)] info/application	[Motor] Distance safe (21.5102843695834); rotating motor to 90 degrees | Severity=75 | SourceName=Motor | EventType=application
[2026-08-16 19:28:30.542 (UTC)] info/application	[Motor] Received distance: 20.9435326482372 cm | Severity=75 | SourceName=Motor | EventType=application
[2026-08-16 19:28:30.542 (UTC)] info/application	[Motor] Distance safe (20.9435326482372); rotating motor to 90 degrees | Severity=75 | SourceName=Motor | EventType=application
[2026-08-16 19:28:31.549 (UTC)] info/application	[Motor] Received distance: 19.764544710873 cm | Severity=75 | SourceName=Motor | EventType=application
[2026-08-16 19:28:31.549 (UTC)] warn/application	[Motor] Distance too close (19.764544710873); rotating motor to 0 degrees | Severity=175 | SourceName=Motor | EventType=application
[2026-08-16 19:28:32.549 (UTC)] info/application	[Motor] Received distance: 18.6613274724974 cm | Severity=75 | SourceName=Motor | EventType=application
[2026-08-16 19:28:32.549 (UTC)] warn/application	[Motor] Distance too close (18.6613274724974); rotating motor to 0 degrees | Severity=175 | SourceName=Motor | EventType=application
[2026-08-16 19:28:33.549 (UTC)] info/application	[Motor] Received distance: 18.2541523907586 cm | Severity=75 | SourceName=Motor | EventType=application
[2026-08-16 19:28:33.549 (UTC)] warn/application	[Motor] Distance too close (18.2541523907586); rotating motor to 0 degrees | Severity=175 | SourceName=Motor | EventType=application
[2026-08-16 19:28:34.549 (UTC)] info/application	[Motor] Received distance: 18.6462335549976 cm | Severity=75 | SourceName=Motor | EventType=application
[2026-08-16 19:28:34.549 (UTC)] warn/application	[Motor] Distance too close (18.6462335549976); rotating motor to 0 degrees | Severity=175 | SourceName=Motor | EventType=application
[2026-08-16 19:28:35.549 (UTC)] info/application	[Motor] Received distance: 18.4126623242221 cm | Severity=75 | SourceName=Motor | EventType=application
[2026-08-16 19:28:35.549 (UTC)] warn/application	[Motor] Distance too close (18.4126623242221); rotating motor to 0 degrees | Severity=175 | SourceName=Motor | EventType=application
[2026-08-16 19:28:36.549 (UTC)] info/application	[Motor] Received distance: 19.4227703632427 cm | Severity=75 | SourceName=Motor | EventType=application
[2026-08-16 19:28:36.549 (UTC)] warn/application	[Motor] Distance too close (19.4227703632427); rotating motor to 0 degrees | Severity=175 | SourceName=Motor | EventType=application
[2026-08-16 19:28:37.550 (UTC)] info/application	[Motor] Received distance: 18.8863741051808 cm | Severity=75 | SourceName=Motor | EventType=application
[2026-08-16 19:28:37.550 (UTC)] warn/application	[Motor] Distance too close (18.8863741051808); rotating motor to 0 degrees | Severity=175 | SourceName=Motor | EventType=application
[2026-08-16 19:28:38.550 (UTC)] info/application	[Motor] Received distance: 19.0830819073986 cm | Severity=75 | SourceName=Motor | EventType=application
[2026-08-16 19:28:38.550 (UTC)] warn/application	[Motor] Distance too close (19.0830819073986); rotating motor to 0 degrees | Severity=175 | SourceName=Motor | EventType=application
[2026-08-16 19:28:39.551 (UTC)] info/application	[Motor] Received distance: 17.7426170565852 cm | Severity=75 | SourceName=Motor | EventType=application
[2026-08-16 19:28:39.551 (UTC)] warn/application	[Motor] Distance too close (17.7426170565852); rotating motor to 0 degrees | Severity=175 | SourceName=Motor | EventType=application
[2026-08-16 19:28:40.542 (UTC)] info/application	[Motor] Received distance: 18.0270891517993 cm | Severity=75 | SourceName=Motor | EventType=application
[2026-08-16 19:28:40.542 (UTC)] warn/application	[Motor] Distance too close (18.0270891517993); rotating motor to 0 degrees | Severity=175 | SourceName=Motor | EventType=application
[2026-08-16 19:28:41.549 (UTC)] info/application	[Motor] Received distance: 17.0874939151516 cm | Severity=75 | SourceName=Motor | EventType=application
[2026-08-16 19:28:41.549 (UTC)] warn/application	[Motor] Distance too close (17.0874939151516); rotating motor to 0 degrees | Severity=175 | SourceName=Motor | EventType=application
[2026-08-16 19:28:42.550 (UTC)] info/application	[Motor] Received distance: 15.6080719316882 cm | Severity=75 | SourceName=Motor | EventType=application
[2026-08-16 19:28:42.550 (UTC)] warn/application	[Motor] Distance too close (15.6080719316882); rotating motor to 0 degrees | Severity=175 | SourceName=Motor | EventType=application
[2026-08-16 19:28:43.550 (UTC)] info/application	[Motor] Received distance: 15.0527939503327 cm | Severity=75 | SourceName=Motor | EventType=application
[2026-08-16 19:28:43.550 (UTC)] warn/application	[Motor] Distance too close (15.0527939503327); rotating motor to 0 degrees | Severity=175 | SourceName=Motor | EventType=application
[2026-08-16 19:28:44.550 (UTC)] info/application	[Motor] Received distance: 13.6157452045548 cm | Severity=75 | SourceName=Motor | EventType=application
[2026-08-16 19:28:44.550 (UTC)] warn/application	[Motor] Distance too close (13.6157452045548); rotating motor to 0 degrees | Severity=175 | SourceName=Motor | EventType=application
[2026-08-16 19:28:45.543 (UTC)] info/application	[Motor] Received distance: 14.6283972727267 cm | Severity=75 | SourceName=Motor | EventType=application
[2026-08-16 19:28:45.543 (UTC)] warn/application	[Motor] Distance too close (14.6283972727267); rotating motor to 0 degrees | Severity=175 | SourceName=Motor | EventType=application
[2026-08-16 19:28:46.549 (UTC)] info/application	[Motor] Received distance: 14.8243837367391 cm | Severity=75 | SourceName=Motor | EventType=application
[2026-08-16 19:28:46.549 (UTC)] warn/application	[Motor] Distance too close (14.8243837367391); rotating motor to 0 degrees | Severity=175 | SourceName=Motor | EventType=application
[2026-08-16 19:28:47.549 (UTC)] info/application	[Motor] Received distance: 14.9097036676992 cm | Severity=75 | SourceName=Motor | EventType=application
[2026-08-16 19:28:47.549 (UTC)] warn/application	[Motor] Distance too close (14.9097036676992); rotating motor to 0 degrees | Severity=175 | SourceName=Motor | EventType=application
[2026-08-16 19:28:48.550 (UTC)] info/application	[Motor] Received distance: 14.2478285994138 cm | Severity=75 | SourceName=Motor | EventType=application
[2026-08-16 19:28:48.550 (UTC)] warn/application	[Motor] Distance too close (14.2478285994138); rotating motor to 0 degrees | Severity=175 | SourceName=Motor | EventType=application
[2026-08-16 19:28:49.550 (UTC)] info/application	[Motor] Received distance: 13.6882642105633 cm | Severity=75 | SourceName=Motor | EventType=application
[2026-08-16 19:28:49.550 (UTC)] warn/application	[Motor] Distance too close (13.6882642105633); rotating motor to 0 degrees | Severity=175 | SourceName=Motor | EventType=application
[2026-08-16 19:28:50.550 (UTC)] info/application	[Motor] Received distance: 12.7189762774943 cm | Severity=75 | SourceName=Motor | EventType=application
[2026-08-16 19:28:50.550 (UTC)] warn/application	[Motor] Distance too close (12.7189762774943); rotating motor to 0 degrees | Severity=175 | SourceName=Motor | EventType=application
[2026-08-16 19:28:51.552 (UTC)] info/application	[Motor] Received distance: 11.5722573136782 cm | Severity=75 | SourceName=Motor | EventType=application
[2026-08-16 19:28:51.552 (UTC)] warn/application	[Motor] Distance too close (11.5722573136782); rotating motor to 0 degrees | Severity=175 | SourceName=Motor | EventType=application
[2026-08-16 19:28:52.544 (UTC)] info/application	[Motor] Received distance: 12.5371504416862 cm | Severity=75 | SourceName=Motor | EventType=application
[2026-08-16 19:28:52.544 (UTC)] warn/application	[Motor] Distance too close (12.5371504416862); rotating motor to 0 degrees | Severity=175 | SourceName=Motor | EventType=application
[2026-08-16 19:28:53.549 (UTC)] info/application	[Motor] Received distance: 13.2137670997594 cm | Severity=75 | SourceName=Motor | EventType=application
[2026-08-16 19:28:53.549 (UTC)] warn/application	[Motor] Distance too close (13.2137670997594); rotating motor to 0 degrees | Severity=175 | SourceName=Motor | EventType=application
[2026-08-16 19:28:54.549 (UTC)] info/application	[Motor] Received distance: 11.7931774264635 cm | Severity=75 | SourceName=Motor | EventType=application
[2026-08-16 19:28:54.549 (UTC)] warn/application	[Motor] Distance too close (11.7931774264635); rotating motor to 0 degrees | Severity=175 | SourceName=Motor | EventType=application
[2026-08-16 19:28:55.549 (UTC)] info/application	[Motor] Received distance: 10.6689629492671 cm | Severity=75 | SourceName=Motor | EventType=application
[2026-08-16 19:28:55.549 (UTC)] warn/application	[Motor] Distance too close (10.6689629492671); rotating motor to 0 degrees | Severity=175 | SourceName=Motor | EventType=application
[2026-08-16 19:28:56.550 (UTC)] info/application	[Motor] Received distance: 11.4465534835805 cm | Severity=75 | SourceName=Motor | EventType=application
[2026-08-16 19:28:56.550 (UTC)] warn/application	[Motor] Distance too close (11.4465534835805); rotating motor to 0 degrees | Severity=175 | SourceName=Motor | EventType=application
[2026-08-16 19:28:57.550 (UTC)] info/application	[Motor] Received distance: 12.6257933222809 cm | Severity=75 | SourceName=Motor | EventType=application
[2026-08-16 19:28:57.550 (UTC)] warn/application	[Motor] Distance too close (12.6257933222809); rotating motor to 0 degrees | Severity=175 | SourceName=Motor | EventType=application
[2026-08-16 19:28:58.550 (UTC)] info/application	[Motor] Received distance: 12.7631476681042 cm | Severity=75 | SourceName=Motor | EventType=application
[2026-08-16 19:28:58.550 (UTC)] warn/application	[Motor] Distance too close (12.7631476681042); rotating motor to 0 degrees | Severity=175 | SourceName=Motor | EventType=application
[2026-08-16 19:28:59.550 (UTC)] info/application	[Motor] Received distance: 11.9717564461621 cm | Severity=75 | SourceName=Motor | EventType=application
[2026-08-16 19:28:59.550 (UTC)] warn/application	[Motor] Distance too close (11.9717564461621); rotating motor to 0 degrees | Severity=175 | SourceName=Motor | EventType=application
[2026-08-16 19:29:00.540 (UTC)] info/application	[Motor] Received distance: 12.6632911093362 cm | Severity=75 | SourceName=Motor | EventType=application
[2026-08-16 19:29:00.540 (UTC)] warn/application	[Motor] Distance too close (12.6632911093362); rotating motor to 0 degrees | Severity=175 | SourceName=Motor | EventType=application
[2026-08-16 19:29:01.548 (UTC)] info/application	[Motor] Received distance: 13.7338937338134 cm | Severity=75 | SourceName=Motor | EventType=application
[2026-08-16 19:29:01.548 (UTC)] warn/application	[Motor] Distance too close (13.7338937338134); rotating motor to 0 degrees | Severity=175 | SourceName=Motor | EventType=application
[2026-08-16 19:29:02.538 (UTC)] info/application	[Motor] Received distance: 13.263514574507 cm | Severity=75 | SourceName=Motor | EventType=application
[2026-08-16 19:29:02.538 (UTC)] warn/application	[Motor] Distance too close (13.263514574507); rotating motor to 0 degrees | Severity=175 | SourceName=Motor | EventType=application
[2026-08-16 19:29:03.548 (UTC)] info/application	[Motor] Received distance: 14.3518319993056 cm | Severity=75 | SourceName=Motor | EventType=application
[2026-08-16 19:29:03.548 (UTC)] warn/application	[Motor] Distance too close (14.3518319993056); rotating motor to 0 degrees | Severity=175 | SourceName=Motor | EventType=application
[2026-08-16 19:29:04.549 (UTC)] info/application	[Motor] Received distance: 13.5152595420439 cm | Severity=75 | SourceName=Motor | EventType=application
[2026-08-16 19:29:04.549 (UTC)] warn/application	[Motor] Distance too close (13.5152595420439); rotating motor to 0 degrees | Severity=175 | SourceName=Motor | EventType=application
[2026-08-16 19:29:05.549 (UTC)] info/application	[Motor] Received distance: 14.9369615483736 cm | Severity=75 | SourceName=Motor | EventType=application
[2026-08-16 19:29:05.549 (UTC)] warn/application	[Motor] Distance too close (14.9369615483736); rotating motor to 0 degrees | Severity=175 | SourceName=Motor | EventType=application
[2026-08-16 19:29:06.542 (UTC)] info/application	[Motor] Received distance: 14.2917077423966 cm | Severity=75 | SourceName=Motor | EventType=application
[2026-08-16 19:29:06.542 (UTC)] warn/application	[Motor] Distance too close (14.2917077423966); rotating motor to 0 degrees | Severity=175 | SourceName=Motor | EventType=application
[2026-08-16 19:29:07.549 (UTC)] info/application	[Motor] Received distance: 12.9652433227586 cm | Severity=75 | SourceName=Motor | EventType=application
[2026-08-16 19:29:07.549 (UTC)] warn/application	[Motor] Distance too close (12.9652433227586); rotating motor to 0 degrees | Severity=175 | SourceName=Motor | EventType=application
[2026-08-16 19:29:08.550 (UTC)] info/application	[Motor] Received distance: 12.3505490696293 cm | Severity=75 | SourceName=Motor | EventType=application
[2026-08-16 19:29:08.550 (UTC)] warn/application	[Motor] Distance too close (12.3505490696293); rotating motor to 0 degrees | Severity=175 | SourceName=Motor | EventType=application
[2026-08-16 19:29:09.550 (UTC)] info/application	[Motor] Received distance: 13.4020030658702 cm | Severity=75 | SourceName=Motor | EventType=application
[2026-08-16 19:29:09.550 (UTC)] warn/application	[Motor] Distance too close (13.4020030658702); rotating motor to 0 degrees | Severity=175 | SourceName=Motor | EventType=application
[2026-08-16 19:29:10.545 (UTC)] info/application	[Motor] Received distance: 12.2350737954188 cm | Severity=75 | SourceName=Motor | EventType=application
[2026-08-16 19:29:10.545 (UTC)] warn/application	[Motor] Distance too close (12.2350737954188); rotating motor to 0 degrees | Severity=175 | SourceName=Motor | EventType=application
[2026-08-16 19:29:11.549 (UTC)] info/application	[Motor] Received distance: 13.4048516375035 cm | Severity=75 | SourceName=Motor | EventType=application
[2026-08-16 19:29:11.549 (UTC)] warn/application	[Motor] Distance too close (13.4048516375035); rotating motor to 0 degrees | Severity=175 | SourceName=Motor | EventType=application
[2026-08-16 19:29:12.549 (UTC)] info/application	[Motor] Received distance: 12.0167103970967 cm | Severity=75 | SourceName=Motor | EventType=application
[2026-08-16 19:29:12.549 (UTC)] warn/application	[Motor] Distance too close (12.0167103970967); rotating motor to 0 degrees | Severity=175 | SourceName=Motor | EventType=application
[2026-08-16 19:29:13.549 (UTC)] info/application	[Motor] Received distance: 10.8703591431819 cm | Severity=75 | SourceName=Motor | EventType=application
[2026-08-16 19:29:13.549 (UTC)] warn/application	[Motor] Distance too close (10.8703591431819); rotating motor to 0 degrees | Severity=175 | SourceName=Motor | EventType=application
[2026-08-16 19:29:14.549 (UTC)] info/application	[Motor] Received distance: 9.98485900391121 cm | Severity=75 | SourceName=Motor | EventType=application
[2026-08-16 19:29:14.549 (UTC)] warn/application	[Motor] Distance too close (9.98485900391121); rotating motor to 0 degrees | Severity=175 | SourceName=Motor | EventType=application
[2026-08-16 19:29:15.549 (UTC)] info/application	[Motor] Received distance: 8.65966901772641 cm | Severity=75 | SourceName=Motor | EventType=application
[2026-08-16 19:29:15.549 (UTC)] warn/application	[Motor] Distance too close (8.65966901772641); rotating motor to 0 degrees | Severity=175 | SourceName=Motor | EventType=application
[2026-08-16 19:29:16.550 (UTC)] info/application	[Motor] Received distance: 10.0259698319836 cm | Severity=75 | SourceName=Motor | EventType=application
[2026-08-16 19:29:16.550 (UTC)] warn/application	[Motor] Distance too close (10.0259698319836); rotating motor to 0 degrees | Severity=175 | SourceName=Motor | EventType=application
[2026-08-16 19:29:17.550 (UTC)] info/application	[Motor] Received distance: 10.8364561567253 cm | Severity=75 | SourceName=Motor | EventType=application
[2026-08-16 19:29:17.550 (UTC)] warn/application	[Motor] Distance too close (10.8364561567253); rotating motor to 0 degrees | Severity=175 | SourceName=Motor | EventType=application
[2026-08-16 19:29:18.550 (UTC)] info/application	[Motor] Received distance: 11.0965861028976 cm | Severity=75 | SourceName=Motor | EventType=application
[2026-08-16 19:29:18.550 (UTC)] warn/application	[Motor] Distance too close (11.0965861028976); rotating motor to 0 degrees | Severity=175 | SourceName=Motor | EventType=application
[2026-08-16 19:29:19.539 (UTC)] info/application	[Motor] Received distance: 10.3010118474723 cm | Severity=75 | SourceName=Motor | EventType=application
[2026-08-16 19:29:19.539 (UTC)] warn/application	[Motor] Distance too close (10.3010118474723); rotating motor to 0 degrees | Severity=175 | SourceName=Motor | EventType=application
[2026-08-16 19:29:20.548 (UTC)] info/application	[Motor] Received distance: 9.05193378196655 cm | Severity=75 | SourceName=Motor | EventType=application
[2026-08-16 19:29:20.548 (UTC)] warn/application	[Motor] Distance too close (9.05193378196655); rotating motor to 0 degrees | Severity=175 | SourceName=Motor | EventType=application
[2026-08-16 19:29:21.539 (UTC)] info/application	[Motor] Received distance: 9.8427757950699 cm | Severity=75 | SourceName=Motor | EventType=application
[2026-08-16 19:29:21.539 (UTC)] warn/application	[Motor] Distance too close (9.8427757950699); rotating motor to 0 degrees | Severity=175 | SourceName=Motor | EventType=application
[2026-08-16 19:29:22.549 (UTC)] info/application	[Motor] Received distance: 9.40048257582845 cm | Severity=75 | SourceName=Motor | EventType=application
[2026-08-16 19:29:22.549 (UTC)] warn/application	[Motor] Distance too close (9.40048257582845); rotating motor to 0 degrees | Severity=175 | SourceName=Motor | EventType=application
[2026-08-16 19:29:23.549 (UTC)] info/application	[Motor] Received distance: 10.6162976383308 cm | Severity=75 | SourceName=Motor | EventType=application
[2026-08-16 19:29:23.549 (UTC)] warn/application	[Motor] Distance too close (10.6162976383308); rotating motor to 0 degrees | Severity=175 | SourceName=Motor | EventType=application
[2026-08-16 19:29:24.550 (UTC)] info/application	[Motor] Received distance: 10.5837563081103 cm | Severity=75 | SourceName=Motor | EventType=application
[2026-08-16 19:29:24.550 (UTC)] warn/application	[Motor] Distance too close (10.5837563081103); rotating motor to 0 degrees | Severity=175 | SourceName=Motor | EventType=application
[2026-08-16 19:29:25.550 (UTC)] info/application	[Motor] Received distance: 10.22087341697 cm | Severity=75 | SourceName=Motor | EventType=application
[2026-08-16 19:29:25.550 (UTC)] warn/application	[Motor] Distance too close (10.22087341697); rotating motor to 0 degrees | Severity=175 | SourceName=Motor | EventType=application
[2026-08-16 19:29:26.550 (UTC)] info/application	[Motor] Received distance: 8.81247400087886 cm | Severity=75 | SourceName=Motor | EventType=application
[2026-08-16 19:29:26.550 (UTC)] warn/application	[Motor] Distance too close (8.81247400087886); rotating motor to 0 degrees | Severity=175 | SourceName=Motor | EventType=application
[2026-08-16 19:29:27.541 (UTC)] info/application	[Motor] Received distance: 8.05752320497183 cm | Severity=75 | SourceName=Motor | EventType=application
[2026-08-16 19:29:27.541 (UTC)] warn/application	[Motor] Distance too close (8.05752320497183); rotating motor to 0 degrees | Severity=175 | SourceName=Motor | EventType=application
[2026-08-16 19:29:28.549 (UTC)] info/application	[Motor] Received distance: 7.37388015113487 cm | Severity=75 | SourceName=Motor | EventType=application
[2026-08-16 19:29:28.549 (UTC)] warn/application	[Motor] Distance too close (7.37388015113487); rotating motor to 0 degrees | Severity=175 | SourceName=Motor | EventType=application
[2026-08-16 19:29:29.549 (UTC)] info/application	[Motor] Received distance: 7.6028350808671 cm | Severity=75 | SourceName=Motor | EventType=application
[2026-08-16 19:29:29.549 (UTC)] warn/application	[Motor] Distance too close (7.6028350808671); rotating motor to 0 degrees | Severity=175 | SourceName=Motor | EventType=application
[2026-08-16 19:29:30.549 (UTC)] info/application	[Motor] Received distance: 7.55649306301797 cm | Severity=75 | SourceName=Motor | EventType=application
[2026-08-16 19:29:30.549 (UTC)] warn/application	[Motor] Distance too close (7.55649306301797); rotating motor to 0 degrees | Severity=175 | SourceName=Motor | EventType=application
[2026-08-16 19:29:31.550 (UTC)] info/application	[Motor] Received distance: 6.0643846723551 cm | Severity=75 | SourceName=Motor | EventType=application
[2026-08-16 19:29:31.550 (UTC)] warn/application	[Motor] Distance too close (6.0643846723551); rotating motor to 0 degrees | Severity=175 | SourceName=Motor | EventType=application
[2026-08-16 19:29:32.550 (UTC)] info/application	[Motor] Received distance: 5.86394222656449 cm | Severity=75 | SourceName=Motor | EventType=application
[2026-08-16 19:29:32.550 (UTC)] warn/application	[Motor] Distance too close (5.86394222656449); rotating motor to 0 degrees | Severity=175 | SourceName=Motor | EventType=application
[2026-08-16 19:29:33.550 (UTC)] info/application	[Motor] Received distance: 6.84722104940901 cm | Severity=75 | SourceName=Motor | EventType=application
[2026-08-16 19:29:33.550 (UTC)] warn/application	[Motor] Distance too close (6.84722104940901); rotating motor to 0 degrees | Severity=175 | SourceName=Motor | EventType=application
[2026-08-16 19:29:34.543 (UTC)] info/application	[Motor] Received distance: 7.94343008354467 cm | Severity=75 | SourceName=Motor | EventType=application
[2026-08-16 19:29:34.543 (UTC)] warn/application	[Motor] Distance too close (7.94343008354467); rotating motor to 0 degrees | Severity=175 | SourceName=Motor | EventType=application
[2026-08-16 19:29:35.549 (UTC)] info/application	[Motor] Received distance: 8.40641518049242 cm | Severity=75 | SourceName=Motor | EventType=application
[2026-08-16 19:29:35.549 (UTC)] warn/application	[Motor] Distance too close (8.40641518049242); rotating motor to 0 degrees | Severity=175 | SourceName=Motor | EventType=application
[2026-08-16 19:29:36.549 (UTC)] info/application	[Motor] Received distance: 9.31139600826959 cm | Severity=75 | SourceName=Motor | EventType=application
[2026-08-16 19: