[2026-08-16 19:51:22.834 (UTC)] info/application	Motor client started; subscribing to sensor DistanceValue (Client/Server mode)... | Severity=75 | SourceName=Motor | EventType=application
Entering background polling mode: connecting to Sensor & Aggregation Server...
Connected successfully. Motor log forwarding started.
[2026-08-16 19:51:23.975 (UTC)] info/channel	[System] TCP 8	| SC 2	| SecureChannel opened with SecurityMode None for SecurityPolicy http://opcfoundation.org/UA/SecurityPolicy#None and a revised lifetime of 600.0s | Severity=75 | SourceName=System | EventType=channel
[2026-08-16 19:51:23.995 (UTC)] warn/client	[System] The server returned Endpoints with a different EndpointUrl opc.tcp://MSI:4842 than was used to initialize the connection: opc.tcp://127.0.0.1:4842. Some servers require a complete match of the EndpointUrl/DiscoveryUrl (including the path) to return all endpoints. | Severity=175 | SourceName=System | EventType=client
[2026-08-16 19:51:24.390 (UTC)] info/application	Connected to sensor backend; subscribing to distance updates | Severity=75 | SourceName=Motor | EventType=application
[2026-08-16 19:51:24.905 (UTC)] info/application	[Motor] Received distance: 26.8221496068044 cm | Severity=75 | SourceName=Motor | EventType=application
[2026-08-16 19:51:24.905 (UTC)] info/application	[Motor] Distance safe (26.8221496068044); rotating motor to 90 degrees | Severity=75 | SourceName=Motor | EventType=application
[2026-08-16 19:51:25.400 (UTC)] info/application	[Motor] Received distance: 26.181958679893 cm | Severity=75 | SourceName=Motor | EventType=application
[2026-08-16 19:51:25.400 (UTC)] info/application	[Motor] Distance safe (26.181958679893); rotating motor to 90 degrees | Severity=75 | SourceName=Motor | EventType=application
[2026-08-16 19:51:26.400 (UTC)] info/application	[Motor] Received distance: 24.9494874346766 cm | Severity=75 | SourceName=Motor | EventType=application
[2026-08-16 19:51:26.400 (UTC)] info/application	[Motor] Distance safe (24.9494874346766); rotating motor to 90 degrees | Severity=75 | SourceName=Motor | EventType=application
[2026-08-16 19:51:27.401 (UTC)] info/application	[Motor] Received distance: 25.5762637374346 cm | Severity=75 | SourceName=Motor | EventType=application
[2026-08-16 19:51:27.401 (UTC)] info/application	[Motor] Distance safe (25.5762637374346); rotating motor to 90 degrees | Severity=75 | SourceName=Motor | EventType=application
[2026-08-16 19:51:28.401 (UTC)] info/application	[Motor] Received distance: 25.2148068622755 cm | Severity=75 | SourceName=Motor | EventType=application
[2026-08-16 19:51:28.401 (UTC)] info/application	[Motor] Distance safe (25.2148068622755); rotating motor to 90 degrees | Severity=75 | SourceName=Motor | EventType=application
[2026-08-16 19:51:29.401 (UTC)] info/application	[Motor] Received distance: 24.4777401504003 cm | Severity=75 | SourceName=Motor | EventType=application
[2026-08-16 19:51:29.401 (UTC)] info/application	[Motor] Distance safe (24.4777401504003); rotating motor to 90 degrees | Severity=75 | SourceName=Motor | EventType=application
[2026-08-16 19:51:30.402 (UTC)] info/application	[Motor] Received distance: 25.920118128378 cm | Severity=75 | SourceName=Motor | EventType=application
[2026-08-16 19:51:30.402 (UTC)] info/application	[Motor] Distance safe (25.920118128378); rotating motor to 90 degrees | Severity=75 | SourceName=Motor | EventType=application
[2026-08-16 19:51:31.402 (UTC)] info/application	[Motor] Received distance: 27.316457511306 cm | Severity=75 | SourceName=Motor | EventType=application
[2026-08-16 19:51:31.402 (UTC)] info/application	[Motor] Distance safe (27.316457511306); rotating motor to 90 degrees | Severity=75 | SourceName=Motor | EventType=application
[2026-08-16 19:51:32.400 (UTC)] info/application	[Motor] Received distance: 25.8421166487234 cm | Severity=75 | SourceName=Motor | EventType=application
[2026-08-16 19:51:32.400 (UTC)] info/application	[Motor] Distance safe (25.8421166487234); rotating motor to 90 degrees | Severity=75 | SourceName=Motor | EventType=application
[2026-08-16 19:51:33.400 (UTC)] info/application	[Motor] Received distance: 26.2876531587856 cm | Severity=75 | SourceName=Motor | EventType=application
[2026-08-16 19:51:33.400 (UTC)] info/application	[Motor] Distance safe (26.2876531587856); rotating motor to 90 degrees | Severity=75 | SourceName=Motor | EventType=application
[2026-08-16 19:51:34.401 (UTC)] info/application	[Motor] Received distance: 26.6651565128309 cm | Severity=75 | SourceName=Motor | EventType=application
[2026-08-16 19:51:34.401 (UTC)] info/application	[Motor] Distance safe (26.6651565128309); rotating motor to 90 degrees | Severity=75 | SourceName=Motor | EventType=application
[2026-08-16 19:51:35.402 (UTC)] info/application	[Motor] Received distance: 25.3632916616571 cm | Severity=75 | SourceName=Motor | EventType=application
[2026-08-16 19:51:35.402 (UTC)] info/application	[Motor] Distance safe (25.3632916616571); rotating motor to 90 degrees | Severity=75 | SourceName=Motor | EventType=application
[2026-08-16 19:51:36.410 (UTC)] info/application	[Motor] Received distance: 24.7956604202258 cm | Severity=75 | SourceName=Motor | EventType=application
[2026-08-16 19:51:36.410 (UTC)] info/application	[Motor] Distance safe (24.7956604202258); rotating motor to 90 degrees | Severity=75 | SourceName=Motor | EventType=application
[2026-08-16 19:51:37.401 (UTC)] info/application	[Motor] Received distance: 25.8443725255059 cm | Severity=75 | SourceName=Motor | EventType=application
[2026-08-16 19:51:37.401 (UTC)] info/application	[Motor] Distance safe (25.8443725255059); rotating motor to 90 degrees | Severity=75 | SourceName=Motor | EventType=application
[2026-08-16 19:51:38.402 (UTC)] info/application	[Motor] Received distance: 24.3602880427429 cm | Severity=75 | SourceName=Motor | EventType=application
[2026-08-16 19:51:38.402 (UTC)] info/application	[Motor] Distance safe (24.3602880427429); rotating motor to 90 degrees | Severity=75 | SourceName=Motor | EventType=application
[2026-08-16 19:51:39.402 (UTC)] info/application	[Motor] Received distance: 25.3939418061142 cm | Severity=75 | SourceName=Motor | EventType=application
[2026-08-16 19:51:39.402 (UTC)] info/application	[Motor] Distance safe (25.3939418061142); rotating motor to 90 degrees | Severity=75 | SourceName=Motor | EventType=application
[2026-08-16 19:51:40.411 (UTC)] info/application	[Motor] Received distance: 24.6640150857456 cm | Severity=75 | SourceName=Motor | EventType=application
[2026-08-16 19:51:40.411 (UTC)] info/application	[Motor] Distance safe (24.6640150857456); rotating motor to 90 degrees | Severity=75 | SourceName=Motor | EventType=application
[2026-08-16 19:51:41.403 (UTC)] info/application	[Motor] Received distance: 24.1969809665796 cm | Severity=75 | SourceName=Motor | EventType=application
[2026-08-16 19:51:41.403 (UTC)] info/application	[Motor] Distance safe (24.1969809665796); rotating motor to 90 degrees | Severity=75 | SourceName=Motor | EventType=application
[2026-08-16 19:51:42.412 (UTC)] info/application	[Motor] Received distance: 23.1656338638466 cm | Severity=75 | SourceName=Motor | EventType=application
[2026-08-16 19:51:42.412 (UTC)] info/application	[Motor] Distance safe (23.1656338638466); rotating motor to 90 degrees | Severity=75 | SourceName=Motor | EventType=application
[2026-08-16 19:51:43.405 (UTC)] info/application	[Motor] Received distance: 23.3259986405382 cm | Severity=75 | SourceName=Motor | EventType=application
[2026-08-16 19:51:43.405 (UTC)] info/application	[Motor] Distance safe (23.3259986405382); rotating motor to 90 degrees | Severity=75 | SourceName=Motor | EventType=application
[2026-08-16 19:51:44.413 (UTC)] info/application	[Motor] Received distance: 22.2807255756486 cm | Severity=75 | SourceName=Motor | EventType=application
[2026-08-16 19:51:44.413 (UTC)] info/application	[Motor] Distance safe (22.2807255756486); rotating motor to 90 degrees | Severity=75 | SourceName=Motor | EventType=application
[2026-08-16 19:51:45.406 (UTC)] info/application	[Motor] Received distance: 21.329840313564 cm | Severity=75 | SourceName=Motor | EventType=application
[2026-08-16 19:51:45.406 (UTC)] info/application	[Motor] Distance safe (21.329840313564); rotating motor to 90 degrees | Severity=75 | SourceName=Motor | EventType=application
[2026-08-16 19:51:46.414 (UTC)] info/application	[Motor] Received distance: 20.3416825385493 cm | Severity=75 | SourceName=Motor | EventType=application
[2026-08-16 19:51:46.414 (UTC)] info/application	[Motor] Distance safe (20.3416825385493); rotating motor to 90 degrees | Severity=75 | SourceName=Motor | EventType=application
[2026-08-16 19:51:47.406 (UTC)] info/application	[Motor] Received distance: 21.5644287546465 cm | Severity=75 | SourceName=Motor | EventType=application
[2026-08-16 19:51:47.406 (UTC)] info/application	[Motor] Distance safe (21.5644287546465); rotating motor to 90 degrees | Severity=75 | SourceName=Motor | EventType=application
[2026-08-16 19:51:48.414 (UTC)] info/application	[Motor] Received distance: 21.1870264179013 cm | Severity=75 | SourceName=Motor | EventType=application
[2026-08-16 19:51:48.414 (UTC)] info/application	[Motor] Distance safe (21.1870264179013); rotating motor to 90 degrees | Severity=75 | SourceName=Motor | EventType=application
[2026-08-16 19:51:49.406 (UTC)] info/application	[Motor] Received distance: 19.7577126139112 cm | Severity=75 | SourceName=Motor | EventType=application
[2026-08-16 19:51:49.406 (UTC)] warn/application	[Motor] Distance too close (19.7577126139112); rotating motor to 0 degrees | Severity=175 | SourceName=Motor | EventType=application
[2026-08-16 19:51:50.414 (UTC)] info/application	[Motor] Received distance: 20.1215754110001 cm | Severity=75 | SourceName=Motor | EventType=application
[2026-08-16 19:51:50.414 (UTC)] info/application	[Motor] Distance safe (20.1215754110001); rotating motor to 90 degrees | Severity=75 | SourceName=Motor | EventType=application
[2026-08-16 19:51:51.406 (UTC)] info/application	[Motor] Received distance: 21.1068755046496 cm | Severity=75 | SourceName=Motor | EventType=application
[2026-08-16 19:51:51.406 (UTC)] info/application	[Motor] Distance safe (21.1068755046496); rotating motor to 90 degrees | Severity=75 | SourceName=Motor | EventType=application
[2026-08-16 19:51:52.415 (UTC)] info/application	[Motor] Received distance: 21.5053820849887 cm | Severity=75 | SourceName=Motor | EventType=application
[2026-08-16 19:51:52.415 (UTC)] info/application	[Motor] Distance safe (21.5053820849887); rotating motor to 90 degrees | Severity=75 | SourceName=Motor | EventType=application
[2026-08-16 19:51:53.407 (UTC)] info/application	[Motor] Received distance: 22.3367867930032 cm | Severity=75 | SourceName=Motor | EventType=application
[2026-08-16 19:51:53.407 (UTC)] info/application	[Motor] Distance safe (22.3367867930032); rotating motor to 90 degrees | Severity=75 | SourceName=Motor | EventType=application
[2026-08-16 19:51:54.415 (UTC)] info/application	[Motor] Received distance: 21.4454739324029 cm | Severity=75 | SourceName=Motor | EventType=application
[2026-08-16 19:51:54.415 (UTC)] info/application	[Motor] Distance safe (21.4454739324029); rotating motor to 90 degrees | Severity=75 | SourceName=Motor | EventType=application
[2026-08-16 19:51:55.406 (UTC)] info/application	[Motor] Received distance: 21.5427430710023 cm | Severity=75 | SourceName=Motor | EventType=application
[2026-08-16 19:51:55.406 (UTC)] info/application	[Motor] Distance safe (21.5427430710023); rotating motor to 90 degrees | Severity=75 | SourceName=Motor | EventType=application
[2026-08-16 19:51:56.415 (UTC)] info/application	[Motor] Received distance: 20.2339568507084 cm | Severity=75 | SourceName=Motor | EventType=application
[2026-08-16 19:51:56.415 (UTC)] info/application	[Motor] Distance safe (20.2339568507084); rotating motor to 90 degrees | Severity=75 | SourceName=Motor | EventType=application
[2026-08-16 19:51:57.406 (UTC)] info/application	[Motor] Received distance: 19.6101727448917 cm | Severity=75 | SourceName=Motor | EventType=application
[2026-08-16 19:51:57.406 (UTC)] warn/application	[Motor] Distance too close (19.6101727448917); rotating motor to 0 degrees | Severity=175 | SourceName=Motor | EventType=application
[2026-08-16 19:51:58.415 (UTC)] info/application	[Motor] Received distance: 18.8342181848521 cm | Severity=75 | SourceName=Motor | EventType=application
[2026-08-16 19:51:58.415 (UTC)] warn/application	[Motor] Distance too close (18.8342181848521); rotating motor to 0 degrees | Severity=175 | SourceName=Motor | EventType=application
[2026-08-16 19:51:59.406 (UTC)] info/application	[Motor] Received distance: 18.6639750893991 cm | Severity=75 | SourceName=Motor | EventType=application
[2026-08-16 19:51:59.406 (UTC)] warn/application	[Motor] Distance too close (18.6639750893991); rotating motor to 0 degrees | Severity=175 | SourceName=Motor | EventType=application
[2026-08-16 19:52:00.415 (UTC)] info/application	[Motor] Received distance: 18.8031242717072 cm | Severity=75 | SourceName=Motor | EventType=application
[2026-08-16 19:52:00.415 (UTC)] warn/application	[Motor] Distance too close (18.8031242717072); rotating motor to 0 degrees | Severity=175 | SourceName=Motor | EventType=application
[2026-08-16 19:52:01.407 (UTC)] info/application	[Motor] Received distance: 17.9695476896453 cm | Severity=75 | SourceName=Motor | EventType=application
[2026-08-16 19:52:01.407 (UTC)] warn/application	[Motor] Distance too close (17.9695476896453); rotating motor to 0 degrees | Severity=175 | SourceName=Motor | EventType=application
[2026-08-16 19:52:02.415 (UTC)] info/application	[Motor] Received distance: 17.6956439771203 cm | Severity=75 | SourceName=Motor | EventType=application
[2026-08-16 19:52:02.415 (UTC)] warn/application	[Motor] Distance too close (17.6956439771203); rotating motor to 0 degrees | Severity=175 | SourceName=Motor | EventType=application
[2026-08-16 19:52:03.406 (UTC)] info/application	[Motor] Received distance: 17.8604522982428 cm | Severity=75 | SourceName=Motor | EventType=application
[2026-08-16 19:52:03.406 (UTC)] warn/application	[Motor] Distance too close (17.8604522982428); rotating motor to 0 degrees | Severity=175 | SourceName=Motor | EventType=application
[2026-08-16 19:52:04.415 (UTC)] info/application	[Motor] Received distance: 18.9724122262431 cm | Severity=75 | SourceName=Motor | EventType=application
[2026-08-16 19:52:04.415 (UTC)] warn/application	[Motor] Distance too close (18.9724122262431); rotating motor to 0 degrees | Severity=175 | SourceName=Motor | EventType=application
[2026-08-16 19:52:05.407 (UTC)] info/application	[Motor] Received distance: 17.5760118663665 cm | Severity=75 | SourceName=Motor | EventType=application
[2026-08-16 19:52:05.407 (UTC)] warn/application	[Motor] Distance too close (17.5760118663665); rotating motor to 0 degrees | Severity=175 | SourceName=Motor | EventType=application
[2026-08-16 19:52:06.416 (UTC)] info/application	[Motor] Received distance: 17.9389553363151 cm | Severity=75 | SourceName=Motor | EventType=application
[2026-08-16 19:52:06.416 (UTC)] warn/application	[Motor] Distance too close (17.9389553363151); rotating motor to 0 degrees | Severity=175 | SourceName=Motor | EventType=application
[2026-08-16 19:52:07.407 (UTC)] info/application	[Motor] Received distance: 16.9832840214871 cm | Severity=75 | SourceName=Motor | EventType=application
[2026-08-16 19:52:07.407 (UTC)] warn/application	[Motor] Distance too close (16.9832840214871); rotating motor to 0 degrees | Severity=175 | SourceName=Motor | EventType=application
[2026-08-16 19:52:08.416 (UTC)] info/application	[Motor] Received distance: 18.1355957668906 cm | Severity=75 | SourceName=Motor | EventType=application
[2026-08-16 19:52:08.416 (UTC)] warn/application	[Motor] Distance too close (18.1355957668906); rotating motor to 0 degrees | Severity=175 | SourceName=Motor | EventType=application
[2026-08-16 19:52:09.406 (UTC)] info/application	[Motor] Received distance: 18.5144547540762 cm | Severity=75 | SourceName=Motor | EventType=application
[2026-08-16 19:52:09.406 (UTC)] warn/application	[Motor] Distance too close (18.5144547540762); rotating motor to 0 degrees | Severity=175 | SourceName=Motor | EventType=application
[2026-08-16 19:52:10.416 (UTC)] info/application	[Motor] Received distance: 17.0924372012226 cm | Severity=75 | SourceName=Motor | EventType=application
[2026-08-16 19:52:10.416 (UTC)] warn/application	[Motor] Distance too close (17.0924372012226); rotating motor to 0 degrees | Severity=175 | SourceName=Motor | EventType=application
[2026-08-16 19:52:11.408 (UTC)] info/application	[Motor] Received distance: 16.0148222248605 cm | Severity=75 | SourceName=Motor | EventType=application
[2026-08-16 19:52:11.408 (UTC)] warn/application	[Motor] Distance too close (16.0148222248605); rotating motor to 0 degrees | Severity=175 | SourceName=Motor | EventType=application
[2026-08-16 19:52:12.418 (UTC)] info/application	[Motor] Received distance: 17.42664709288 cm | Severity=75 | SourceName=Motor | EventType=application
[2026-08-16 19:52:12.418 (UTC)] warn/application	[Motor] Distance too close (17.42664709288); rotating motor to 0 degrees | Severity=175 | SourceName=Motor | EventType=application
[2026-08-16 19:52:13.409 (UTC)] info/application	[Motor] Received distance: 16.4732824372935 cm | Severity=75 | SourceName=Motor | EventType=application
[2026-08-16 19:52:13.409 (UTC)] warn/application	[Motor] Distance too close (16.4732824372935); rotating motor to 0 degrees | Severity=175 | SourceName=Motor | EventType=application
[2026-08-16 19:52:14.418 (UTC)] info/application	[Motor] Received distance: 17.0560322376229 cm | Severity=75 | SourceName=Motor | EventType=application
[2026-08-16 19:52:14.418 (UTC)] warn/application	[Motor] Distance too close (17.0560322376229); rotating motor to 0 degrees | Severity=175 | SourceName=Motor | EventType=application
[2026-08-16 19:52:15.419 (UTC)] info/application	[Motor] Received distance: 15.9225840393559 cm | Severity=75 | SourceName=Motor | EventType=application
[2026-08-16 19:52:15.419 (UTC)] warn/application	[Motor] Distance too close (15.9225840393559); rotating motor to 0 degrees | Severity=175 | SourceName=Motor | EventType=application
[2026-08-16 19:52:16.409 (UTC)] info/application	[Motor] Received distance: 15.5183341216847 cm | Severity=75 | SourceName=Motor | EventType=application
[2026-08-16 19:52:16.409 (UTC)] warn/application	[Motor] Distance too close (15.5183341216847); rotating motor to 0 degrees | Severity=175 | SourceName=Motor | EventType=application
[2026-08-16 19:52:17.417 (UTC)] info/application	[Motor] Received distance: 16.6129261483964 cm | Severity=75 | SourceName=Motor | EventType=application
[2026-08-16 19:52:17.417 (UTC)] warn/application	[Motor] Distance too close (16.6129261483964); rotating motor to 0 degrees | Severity=175 | SourceName=Motor | EventType=application
[2026-08-16 19:52:18.409 (UTC)] info/application	[Motor] Received distance: 15.2022241648297 cm | Severity=75 | SourceName=Motor | EventType=application
[2026-08-16 19:52:18.409 (UTC)] warn/application	[Motor] Distance too close (15.2022241648297); rotating motor to 0 degrees | Severity=175 | SourceName=Motor | EventType=application
[2026-08-16 19:52:19.400 (UTC)] info/application	[Motor] Received distance: 15.9205719104132 cm | Severity=75 | SourceName=Motor | EventType=application
[2026-08-16 19:52:19.400 (UTC)] warn/application	[Motor] Distance too close (15.9205719104132); rotating motor to 0 degrees | Severity=175 | SourceName=Motor | EventType=application
[2026-08-16 19:52:20.400 (UTC)] info/application	[Motor] Received distance: 17.0858501331349 cm | Severity=75 | SourceName=Motor | EventType=application
[2026-08-16 19:52:20.400 (UTC)] warn/application	[Motor] Distance too close (17.0858501331349); rotating motor to 0 degrees | Severity=175 | SourceName=Motor | EventType=application
[2026-08-16 19:52:21.400 (UTC)] info/application	[Motor] Received distance: 17.539010946657 cm | Severity=75 | SourceName=Motor | EventType=application
[2026-08-16 19:52:21.400 (UTC)] warn/application	[Motor] Distance too close (17.539010946657); rotating motor to 0 degrees | Severity=175 | SourceName=Motor | EventType=application
[2026-08-16 19:52:22.409 (UTC)] info/application	[Motor] Received distance: 17.7426587844932 cm | Severity=75 | SourceName=Motor | EventType=application
[2026-08-16 19:52:22.409 (UTC)] warn/application	[Motor] Distance too close (17.7426587844932); rotating motor to 0 degrees | Severity=175 | SourceName=Motor | EventType=application
[2026-08-16 19:52:23.418 (UTC)] info/application	[Motor] Received distance: 17.8064435861569 cm | Severity=75 | SourceName=Motor | EventType=application
[2026-08-16 19:52:23.418 (UTC)] warn/application	[Motor] Distance too close (17.8064435861569); rotating motor to 0 degrees | Severity=175 | SourceName=Motor | EventType=application
[2026-08-16 19:52:24.409 (UTC)] info/application	[Motor] Received distance: 17.5910091062966 cm | Severity=75 | SourceName=Motor | EventType=application
[2026-08-16 19:52:24.409 (UTC)] warn/application	[Motor] Distance too close (17.5910091062966); rotating motor to 0 degrees | Severity=175 | SourceName=Motor | EventType=application
[2026-08-16 19:52:25.417 (UTC)] info/application	[Motor] Received distance: 18.4033440835324 cm | Severity=75 | SourceName=Motor | EventType=application
[2026-08-16 19:52:25.417 (UTC)] warn/application	[Motor] Distance too close (18.4033440835324); rotating motor to 0 degrees | Severity=175 | SourceName=Motor | EventType=application
[2026-08-16 19:52:26.408 (UTC)] info/application	[Motor] Received distance: 17.0643980223985 cm | Severity=75 | SourceName=Motor | EventType=application
[2026-08-16 19:52:26.408 (UTC)] warn/application	[Motor] Distance too close (17.0643980223985); rotating motor to 0 degrees | Severity=175 | SourceName=Motor | EventType=application
[2026-08-16 19:52:27.417 (UTC)] info/application	[Motor] Received distance: 17.0401773222444 cm | Severity=75 | SourceName=Motor | EventType=application
[2026-08-16 19:52:27.417 (UTC)] warn/application	[Motor] Distance too close (17.0401773222444); rotating motor to 0 degrees | Severity=175 | SourceName=Motor | EventType=application
[2026-08-16 19:52:28.408 (UTC)] info/application	[Motor] Received distance: 15.7287281922664 cm | Severity=75 | SourceName=Motor | EventType=application
[2026-08-16 19:52:28.408 (UTC)] warn/application	[Motor] Distance too close (15.7287281922664); rotating motor to 0 degrees | Severity=175 | SourceName=Motor | EventType=application
[2026-08-16 19:52:29.417 (UTC)] info/application	[Motor] Received distance: 15.11382757249 cm | Severity=75 | SourceName=Motor | EventType=application
[2026-08-16 19:52:29.417 (UTC)] warn/application	[Motor] Distance too close (15.11382757249); rotating motor to 0 degrees | Severity=175 | SourceName=Motor | EventType=application
[2026-08-16 19:52:30.409 (UTC)] info/application	[Motor] Received distance: 16.4193637768828 cm | Severity=75 | SourceName=Motor | EventType=application
[2026-08-16 19:52:30.409 (UTC)] warn/application	[Motor] Distance too close (16.4193637768828); rotating motor to 0 degrees | Severity=175 | SourceName=Motor | EventType=application
[2026-08-16 19:52:31.417 (UTC)] info/application	[Motor] Received distance: 16.7470638306099 cm | Severity=75 | SourceName=Motor | EventType=application
[2026-08-16 19:52:31.417 (UTC)] warn/application	[Motor] Distance too close (16.7470638306099); rotating motor to 0 degrees | Severity=175 | SourceName=Motor | EventType=application
[2026-08-16 19:52:32.409 (UTC)] info/application	[Motor] Received distance: 16.7985866287717 cm | Severity=75 | SourceName=Motor | EventType=application
[2026-08-16 19:52:32.409 (UTC)] warn/application	[Motor] Distance too close (16.7985866287717); rotating motor to 0 degrees | Severity=175 | SourceName=Motor | EventType=application
[2026-08-16 19:52:33.417 (UTC)] info/application	[Motor] Received distance: 16.3302191192425 cm | Severity=75 | SourceName=Motor | EventType=application
[2026-08-16 19:52:33.417 (UTC)] warn/application	[Motor] Distance too close (16.3302191192425); rotating motor to 0 degrees | Severity=175 | SourceName=Motor | EventType=application
[2026-08-16 19:52:34.408 (UTC)] info/application	[Motor] Received distance: 15.3227274926951 cm | Severity=75 | SourceName=Motor | EventType=application
[2026-08-16 19:52:34.408 (UTC)] warn/application	[Motor] Distance too close (15.3227274926951); rotating motor to 0 degrees | Severity=175 | SourceName=Motor | EventType=application
[2026-08-16 19:52:35.417 (UTC)] info/application	[Motor] Received distance: 14.9862102174602 cm | Severity=75 | SourceName=Motor | EventType=application
[2026-08-16 19:52:35.417 (UTC)] warn/application	[Motor] Distance too close (14.9862102174602); rotating motor to 0 degrees | Severity=175 | SourceName=Motor | EventType=application
[2026-08-16 19:52:36.409 (UTC)] info/application	[Motor] Received distance: 14.6214423480543 cm | Severity=75 | SourceName=Motor | EventType=application
[2026-08-16 19:52:36.409 (UTC)] warn/application	[Motor] Distance too close (14.6214423480543); rotating motor to 0 degrees | Severity=175 | SourceName=Motor | EventType=application
[2026-08-16 19:52:37.417 (UTC)] info/application	[Motor] Received distance: 15.4768941914555 cm | Severity=75 | SourceName=Motor | EventType=application
[2026-08-16 19:52:37.417 (UTC)] warn/application	[Motor] Distance too close (15.4768941914555); rotating motor to 0 degrees | Severity=175 | SourceName=Motor | EventType=application
[2026-08-16 19:52:38.409 (UTC)] info/application	[Motor] Received distance: 15.6847056013926 cm | Severity=75 | SourceName=Motor | EventType=application
[2026-08-16 19:52:38.409 (UTC)] warn/application	[Motor] Distance too close (15.6847056013926); rotating motor to 0 degrees | Severity=175 | SourceName=Motor | EventType=application
[2026-08-16 19:52:39.417 (UTC)] info/application	[Motor] Received distance: 14.9722494759933 cm | Severity=75 | SourceName=Motor | EventType=application
[2026-08-16 19:52:39.417 (UTC)] warn/application	[Motor] Distance too close (14.9722494759933); rotating motor to 0 degrees | Severity=175 | SourceName=Motor | EventType=application
[2026-08-16 19:52:40.409 (UTC)] info/application	[Motor] Received distance: 14.7065603051831 cm | Severity=75 | SourceName=Motor | EventType=application
[2026-08-16 19:52:40.409 (UTC)] warn/application	[Motor] Distance too close (14.7065603051831); rotating motor to 0 degrees | Severity=175 | SourceName=Motor | EventType=application
[2026-08-16 19:52:41.417 (UTC)] info/application	[Motor] Received distance: 14.9923541622666 cm | Severity=75 | SourceName=Motor | EventType=application
[2026-08-16 19:52:41.417 (UTC)] warn/application	[Motor] Distance too close (14.9923541622666); rotating motor to 0 degrees | Severity=175 | SourceName=Motor | EventType=application
[2026-08-16 19:52:42.409 (UTC)] info/application	[Motor] Received distance: 14.7022830605052 cm | Severity=75 | SourceName=Motor | EventType=application
[2026-08-16 19:52:42.409 (UTC)] warn/application	[Motor] Distance too close (14.7022830605052); rotating motor to 0 degrees | Severity=175 | SourceName=Motor | EventType=application
[2026-08-16 19:52:43.417 (UTC)] info/application	[Motor] Received distance: 14.3484187563175 cm | Severity=75 | SourceName=Motor | EventType=application
[2026-08-16 19:52:43.417 (UTC)] warn/application	[Motor] Distance too close (14.3484187563175); rotating motor to 0 degrees | Severity=175 | SourceName=Motor | EventType=application
[2026-08-16 19:52:44.409 (UTC)] info/application	[Motor] Received distance: 15.1808479578145 cm | Severity=75 | SourceName=Motor | EventType=application
[2026-08-16 19:52:44.409 (UTC)] warn/application	[Motor] Distance too close (15.1808479578145); rotating motor to 0 degrees | Severity=175 | SourceName=Motor | EventType=application
[2026-08-16 19:52:45.418 (UTC)] info/application	[Motor] Received distance: 13.9735266563825 cm | Severity=75 | SourceName=Motor | EventType=application
[2026-08-16 19:52:45.418 (UTC)] warn/application	[Motor] Distance too close (13.9735266563825); rotating motor to 0 degrees | Severity=175 | SourceName=Motor | EventType=application
[2026-08-16 19:52:46.409 (UTC)] info/application	[Motor] Received distance: 13.9862141539278 cm | Severity=75 | SourceName=Motor | EventType=application
[2026-08-16 19:52:46.409 (UTC)] warn/application	[Motor] Distance too close (13.9862141539278); rotating motor to 0 degrees | Severity=175 | SourceName=Motor | EventType=application
[2026-08-16 19:52:47.418 (UTC)] info/application	[Motor] Received distance: 12.9143934377536 cm | Severity=75 | SourceName=Motor | EventType=application
[2026-08-16 19:52:47.418 (UTC)] warn/application	[Motor] Distance too close (12.9143934377536); rotating motor to 0 degrees | Severity=175 | SourceName=Motor | EventType=application
[2026-08-16 19:52:48.409 (UTC)] info/application	[Motor] Received distance: 14.3016641630333 cm | Severity=75 | SourceName=Motor | EventType=application
[2026-08-16 19:52:48.409 (UTC)] warn/application	[Motor] Distance too close (14.3016641630333); rotating motor to 0 degrees | Severity=175 | SourceName=Motor | EventType=application
[2026-08-16 19:52:49.418 (UTC)] info/application	[Motor] Received distance: 14.403649677012 cm | Severity=75 | SourceName=Motor | EventType=application
[2026-08-16 19:52:49.418 (UTC)] warn/application	[Motor] Distance too close (14.403649677012); rotating motor to 0 degrees | Severity=175 | SourceName=Motor | EventType=application
[2026-08-16 19:52:50.400 (UTC)] info/application	[Motor] Received distance: 15.5501767064213 cm | Severity=75 | SourceName=Motor | EventType=application
[2026-08-16 19:52:50.400 (UTC)] warn/application	[Motor] Distance too close (15.5501767064213); rotating motor to 0 degrees | Severity=175 | SourceName=Motor | EventType=application
[2026-08-16 19:52:51.401 (UTC)] info/application	[Motor] Received distance: 16.6027256530257 cm | Severity=75 | SourceName=Motor | EventType=application
[2026-08-16 19:52:51.401 (UTC)] warn/application	[Motor] Distance too close (16.6027256530257); rotating motor to 0 degrees | Severity=175 | SourceName=Motor | EventType=application
[2026-08-16 19:52:52.401 (UTC)] info/application	[Motor] Received distance: 15.6578719791294 cm | Severity=75 | SourceName=Motor | EventType=application
[2026-08-16 19:52:52.401 (UTC)] warn/application	[Motor] Distance too close (15.6578719791294); rotating motor to 0 degrees | Severity=175 | SourceName=Motor | EventType=application
[2026-08-16 19:52:53.401 (UTC)] info/application	[Motor] Received distance: 15.5080468463749 cm | Severity=75 | SourceName=Motor | EventType=application
[2026-08-16 19:52:53.401 (UTC)] warn/application	[Motor] Distance too close (15.5080468463749); rotating motor to 0 degrees | Severity=175 | SourceName=Motor | EventType=application
[2026-08-16 19:52:54.401 (UTC)] info/application	[Motor] Received distance: 15.124380594643 cm | Severity=75 | SourceName=Motor | EventType=application
[2026-08-16 19:52:54.401 (UTC)] warn/application	[Motor] Distance too close (15.124380594643); rotating motor to 0 degrees | Severity=175 | SourceName=Motor | EventType=application
[2026-08-16 19:52:55.401 (UTC)] info/application	[Motor] Received distance: 15.4640924408865 cm | Severity=75 | SourceName=Motor | EventType=application
[2026-08-16 19:52:55.401 (UTC)] warn/application	[Motor] Distance too close (15.4640924408865); rotating motor to 0 degrees | Severity=175 | SourceName=Motor | EventType=application
[2026-08-16 19:52:56.402 (UTC)] info/application	[Motor] Received distance: 14.6266022839707 cm | Severity=75 | SourceName=Motor | EventType=application
[2026-08-16 19:52:56.402 (UTC)] warn/application	[Motor] Distance too close (14.6266022839707); rotating motor to 0 degrees | Severity=175 | SourceName=Motor | EventType=application
[2026-08-16 19:52:57.411 (UTC)] info/application	[Motor] Received distance: 14.403989971105 cm | Severity=75 | SourceName=Motor | EventType=application
[2026-08-16 19:52:57.411 (UTC)] warn/application	[Motor] Distance too close (14.403989971105); rotating motor to 0 degrees | Severity=175 | SourceName=Motor | EventType=application
[2026-08-16 19:52:58.402 (UTC)] info/application	[Motor] Received distance: 13.2194811157973 cm | Severity=75 | SourceName=Motor | EventType=application
[2026-08-16 19:52:58.402 (UTC)] warn/application	[Motor] Distance too close (13.2194811157973); rotating motor to 0 degrees | Severity=175 | SourceName=Motor | EventType=application
[2026-08-16 19:52:59.403 (UTC)] info/application	[Motor] Received distance: 12.5705418303006 cm | Severity=75 | SourceName=Motor | EventType=application
[2026-08-16 19:52:59.403 (UTC)] warn/application	[Motor] Distance too close (12.5705418303006); rotating motor to 0 degrees | Severity=175 | SourceName=Motor | EventType=application
[2026-08-16 19:53:00.411 (UTC)] info/application	[Motor] Received distance: 13.2330288976585 cm | Severity=75 | SourceName=Motor | EventType=application
[2026-08-16 19:53:00.411 (UTC)] warn/application	[Motor] Distance too close (13.2330288976585); rotating motor to 0 degrees | Severity=175 | SourceName=Motor | EventType=application
[2026-08-16 19:53:01.404 (UTC)] info/application	[Motor] Received distance: 11.8540562453466 cm | Severity=75 | SourceName=Motor | EventType=application
[2026-08-16 19:53:01.404 (UTC)] warn/application	[Motor] Distance too close (11.8540562453466); rotating motor to 0 degrees | Severity=175 | SourceName=Motor | EventType=application
[2026-08-16 19:53:02.412 (UTC)] info/application	[Motor] Received distance: 13.032817013577 cm | Severity=75 | SourceName=Motor | EventType=application
[2026-08-16 19:53:02.412 (UTC)] warn/application	[Motor] Distance too close (13.032817013577); rotating motor to 0 degrees | Severity=175 | SourceName=Motor | EventType=application
[2026-08-16 19:53:03.405 (UTC)] info/application	[Motor] Received distance: 12.2468268776996 cm | Severity=75 | SourceName=Motor | EventType=application
[2026-08-16 19:53:03.405 (UTC)] warn/application	[Motor] Distance too close (12.2468268776996); rotating motor to 0 degrees | Severity=175 | SourceName=Motor | EventType=application
[2026-08-16 19:53:04.413 (UTC)] info/application	[Motor] Received distance: 11.8994867172555 cm | Severity=75 | SourceName=Motor | EventType=application
[2026-08-16 19:53:04.413 (UTC)] warn/application	[Motor] Distance too close (11.8994867172555); rotating motor to 0 degrees | Severity=175 | SourceName=Motor | EventType=application
[2026-08-16 19:53:05.406 (UTC)] info/application	[Motor] Received distance: 10.5707558575416 cm | Severity=75 | SourceName=Motor | EventType=application
[2026-08-16 19:53:05.406 (UTC)] warn/application	[Motor] Distance too close (10.5707558575416); rotating motor to 0 degrees | Severity=175 | SourceName=Motor | EventType=application
[2026-08-16 19:53:06.414 (UTC)] info/application	[Motor] Received distance: 10.9482484464293 cm | Severity=75 | SourceName=Motor | EventType=application
[2026-08-16 19:53:06.414 (UTC)] warn/application	[Motor] Distance too close (10.9482484464293); rotating motor to 0 degrees | Severity=175 | SourceName=Motor | EventType=application
[2026-08-16 19:53:07.407 (UTC)] info/application	[Motor] Received distance: 11.7361404165794 cm | Severity=75 | SourceName=Motor | EventType=application
[2026-08-16 19:53:07.407 (UTC)] warn/application	[Motor] Distance too close (11.7361404165794); rotating motor to 0 degrees | Severity=175 | SourceName=Motor | EventType=application
[2026-08-16 19:53:08.415 (UTC)] info/application	[Motor] Received distance: 12.7628614002666 cm | Severity=75 | SourceName=Motor | EventType=application
[2026-08-16 19:53:08.415 (UTC)] warn/application	[Motor] Distance too close (12.7628614002666); rotating motor to 0 degrees | Severity=175 | SourceName=Motor | EventType=application
[2026-08-16 19:53:09.408 (UTC)] info/application	[Motor] Received distance: 11.8481653976944 cm | Severity=75 | SourceName=Motor | EventType=application
[2026-08-16 19:53:09.408 (UTC)] warn/application	[Motor] Distance too close (11.8481653976944); rotating motor to 0 degrees | Severity=175 | SourceName=Motor | EventType=application
[2026-08-16 19:53:10.416 (UTC)] info/application	[Motor] Received distance: 10.4236012424452 cm | Severity=75 | SourceName=Motor | EventType=application
[2026-08-16 19:53:10.416 (UTC)] warn/application	[Motor] Distance too close (10.4236012424452); rotating motor to 0 degrees | Severity=175 | SourceName=Motor | EventType=application
[2026-08-16 19:53:11.408 (UTC)] info/application	[Motor] Received distance: 9.68463305392518 cm | Severity=75 | SourceName=Motor | EventType=application
[2026-08-16 19:53:11.409 (UTC)] warn/application	[Motor] Distance too close (9.68463305392518); rotating motor to 0 degrees | Severity=175 | SourceName=Motor | EventType=application
[2026-08-16 19:53:12.417 (UTC)] info/application	[Motor] Received distance: 10.5557309084366 cm | Severity=75 | SourceName=Motor | EventType=application
[2026-08-16 19:53:12.417 (UTC)] warn/application	[Motor] Distance too close (10.5557309084366); rotating motor to 0 degrees | Severity=175 | SourceName=Motor | EventType=application
[2026-08-16 19:53:13.409 (UTC)] info/application	[Motor] Received distance: 10.3410956514259 cm | Severity=75 | SourceName=Motor | EventType=application
[2026-08-16 19:53:13.409 (UTC)] warn/application	[Motor] Distance too close (10.3410956514259); rotating motor to 0 degrees | Severity=175 | SourceName=Motor | EventType=application
[2026-08-16 19:53:14.418 (UTC)] info/application	[Motor] Received distance: 10.7482631587182 cm | Severity=75 | SourceName=Motor | EventType=application
[2026-08-16 19:53:14.418 (UTC)] warn/application	[Motor] Distance too close (10.7482631587182); rotating motor to 0 degrees | Severity=175 | SourceName=Motor | EventType=application
[2026-08-16 19:53:15.400 (UTC)] info/application	[Motor] Received distance: 10.9517902147266 cm | Severity=75 | SourceName=Motor | EventType=application
[2026-08-16 19:53:15.400 (UTC)] warn/application	[Motor] Distance too close (10.9517902147266); rotating motor to 0 degrees | Severity=175 | SourceName=Motor | EventType=application
[2026-08-16 19:53:16.401 (UTC)] info/application	[Motor] Received distance: 11.0298336562839 cm | Severity=75 | SourceName=Motor | EventType=application
[2026-08-16 19:53:16.401 (UTC)] warn/application	[Motor] Distance too close (11.0298336562839); rotating motor to 0 degrees | Severity=175 | SourceName=Motor | EventType=application
[2026-08-16 19:53:17.402 (UTC)] info/application	[Motor] Received distance: 9.94968865972463 cm | Severity=75 | SourceName=Motor | EventType=application
[2026-08-16 19:53:17.402 (UTC)] warn/application	[Motor] Distance too close (9.94968865972463); rotating motor to 0 degrees | Severity=175 | SourceName=Motor | EventType=application
[2026-08-16 19:53:18.410 (UTC)] info/application	[Motor] Received distance: 10.5813949995588 cm | Severity=75 | SourceName=Motor | EventType=application
[2026-08-16 19:53:18.410 (UTC)] warn/application	[Motor] Distance too close (10.5813949995588); rotating motor to 0 degrees | Severity=175 | SourceName=Motor | EventType=application
[2026-08-16 19:53:19.400 (UTC)] info/application	[Motor] Received distance: 10.5467091649988 cm | Severity=75 | SourceName=Motor | EventType=application
[2026-08-16 19:53:19.400 (UTC)] warn/application	[Motor] Distance too close (10.5467091649988); rotating motor to 0 degrees | Severity=175 | SourceName=Motor | EventType=application
[2026-08-16 19:53:20.400 (UTC)] info/application	[Motor] Received distance: 11.0685496824181 cm | Severity=75 | SourceName=Motor | EventType=application
[2026-08-16 19:53:20.400 (UTC)] warn/application	[Motor] Distance too close (11.0685496824181); rotating motor to 0 degrees | Severity=175 | SourceName=Motor | EventType=application
[2026-08-16 19:53:21.401 (UTC)] info/application	[Motor] Received distance: 11.3467830502646 cm | Severity=75 | SourceName=Motor | EventType=application
[2026-08-16 19:53:21.401 (UTC)] warn/application	[Motor] Distance too close (11.3467830502646); rotating motor to 0 degrees | Severity=175 | SourceName=Motor | EventType=application
[2026-08-16 19:53:22.402 (UTC)] info/application	[Motor] Received distance: 10.8646461623091 cm | Severity=75 | SourceName=Motor | EventType=application
[2026-08-16 19:53:22.402 (UTC)] warn/application	[Motor] Distance too close (10.8646461623091); rotating motor to 0 degrees | Severity=175 | SourceName=Motor | EventType=application
[2026-08-16 19:53:23.402 (UTC)] info/application	[Motor] Received distance: 11.9416330058321 cm | Severity=75 | SourceName=Motor | EventType=application
[2026-08-16 19:53:23.402 (UTC)] warn/application	[Motor] Distance too close (11.9416330058321); rotating motor to 0 degrees | Severity=175 | SourceName=Motor | EventType=application
[2026-08-16 19:53:24.410 (UTC)] info/application	[Motor] Received distance: 10.5700412395271 cm | Severity=75 | SourceName=Motor | EventType=application
[2026-08-16 19:53:24.410 (UTC)] warn/application	[Motor] Distance too close (10.5700412395271); rotating motor to 0 degrees | Severity=175 | SourceName=Motor | EventType=application
[2026-08-16 19:53:25.402 (UTC)] info/application	[Motor] Received distance: 11.2042380998396 cm | Severity=75 | SourceName=Motor | EventType=application
[2026-08-16 19:53:25.402 (UTC)] warn/application	[Motor] Distance too close (11.2042380998396); rotating motor to 0 degrees | Severity=175 | SourceName=Motor | EventType=application
[2026-08-16 19:53:26.410 (UTC)] info/application	[Motor] Received distance: 11.1209367882092 cm | Severity=75 | SourceName=Motor | EventType=application
[2026-08-16 19:53:26.410 (UTC)] warn/application	[Motor] Distance too close (11.1209367882092); rotating motor to 0 degrees | Severity=175 | SourceName=Motor | EventType=application
[2026-08-16 19:53:27.402 (UTC)] info/application	[Motor] Received distance: 10.4118548663854 cm | Severity=75 | SourceName=Motor | EventType=application
[2026-08-16 19:53:27.402 (UTC)] warn/application	[Motor] Distance too close (10.4118548663854); rotating motor to 0 degrees | Severity=175 | SourceName=Motor | EventType=application
[2026-08-16 19:53:28.410 (UTC)] info/application	[Motor] Received distance: 9.32343941243525 cm | Severity=75 | SourceName=Motor | EventType=application
[2026-08-16 19:53:28.410 (UTC)] warn/application	[Motor] Distance too close (9.32343941243525); rotating motor to 0 degrees | Severity=175 | SourceName=Motor | EventType=application
[2026-08-16 19:53:29.403 (UTC)] info/application	[Motor] Received distance: 9.55562924549711 cm | Severity=75 | SourceName=Motor | EventType=application
[2026-08-16 19:53:29.403 (UTC)] warn/application	[Motor] Distance too close (9.55562924549711); rotating motor to 0 degrees | Severity=175 | SourceName=Motor | EventType=application
[2026-08-16 19:53:30.412 (UTC)] info/application	[Motor] Received distance: 9.6976080381766 cm | Severity=75 | SourceName=Motor | EventType=application
[2026-08-16 19:53:30.412 (UTC)] warn/application	[Motor] Distance too close (9.6976080381766); rotating motor to 0 degrees | Severity=175 | SourceName=Motor | EventType=application
[2026-08-16 19:53:31.403 (UTC)] info/application	[Motor] Received distance: 10.7716796529813 cm | Severity=75 | SourceName=Motor | EventType=application
[2026-08-16 19:53:31.403 (UTC)] warn/application	[Motor] Distance too close (10.7716796529813); rotating motor to 0 degrees | Severity=175 | SourceName=Motor | EventType=application
[2026-08-16 19:53:32.411 (UTC)] info/application	[Motor] Received distance: 11.1248968337313 cm | Severity=75 | SourceName=Motor | EventType=application
[2026-08-16 19:53:32.411 (UTC)] warn/application	[Motor] Distance too close (11.1248968337313); rotating motor to 0 degrees | Severity=175 | SourceName=Motor | EventType=application
[2026-08-16 19:53:33.404 (UTC)] info/application	[Motor] Received distance: 10.9456363932442 cm | Severity=75 | SourceName=Motor | EventType=application
[2026-08-16 19:53:33.404 (UTC)] warn/application	[Motor] Distance too close (10.9456363932442); rotating motor to 0 degrees | Severity=175 | SourceName=Motor | EventType=application
[2026-08-16 19:53:34.412 (UTC)] info/application	[Motor] Received distance: 9.73371787077455 cm | Severity=75 | SourceName=Motor | EventType=application
[2026-08-16 19:53:34.412 (UTC)] warn/application	[Motor] Distance too close (9.73371787077455); rotating motor to 0 degrees | Severity=175 | SourceName=Motor | EventType=application
[2026-08-16 19:53:35.405 (UTC)] info/application	[Motor] Received distance: 8.23959488968346 cm | Severity=75 | SourceName=Motor | EventType=application
[2026-08-16 19:53:35.405 (UTC)] warn/application	[Motor] Distance too close (8.23959488968346); rotating motor to 0 degrees | Severity=175 | SourceName=Motor | EventType=application
[2026-08-16 19:53:36.413 (UTC)] info/application	[Motor] Received distance: 8.23160358948242 cm | Severity=75 | SourceName=Motor | EventType=application
[2026-08-16 19:53:36.413 (UTC)] warn/application	[Motor] Distance too close (8.23160358948242); rotating motor to 0 degrees | Severity=175 | SourceName=Motor | EventType=application
[2026-08-16 19:53:37.405 (UTC)] info/application	[Motor] Received distance: 8.89717765729743 cm | Severity=75 | SourceName=Motor | EventType=application
[2026-08-16 19:53:37.405 (UTC)] warn/application	[Motor] Distance too close (8.89717765729743); rotating motor to 0 degrees | Severity=175 | SourceName=Motor | EventType=application
[2026-08-16 19:53:38.414 (UTC)] info/application	[Motor] Received distance: 9.69094664775345 cm | Severity=75 | SourceName=Motor | EventType=application
[2026-08-16 19:53:38.414 (UTC)] warn/application	[Motor] Distance too close (9.69094664775345); rotating motor to 0 degrees | Severity=175 | SourceName=Motor | EventType=application
[2026-08-16 19:53:39.406 (UTC)] info/application	[Motor] Received distance: 9.20967632984262 cm | Severity=75 | SourceName=Motor | EventType=application
[2026-08-16 19:53:39.406 (UTC)] warn/application	[Motor] Distance too close (9.20967632984262); rotating motor to 0 degrees | Severity=175 | SourceName=Motor | EventType=application
[2026-08-16 19:53:40.414 (UTC)] info/application	[Motor] Received distance: 10.4605543950855 cm | Severity=75 | SourceName=Motor | EventType=application
[2026-08-16 19:53:40.414 (UTC)] warn/application	[Motor] Distance too close (10.4605543950855); rotating motor to 0 degrees | Severity=175 | SourceName=Motor | EventType=application
[2026-08-16 19:53:41.405 (UTC)] info/application	[Motor] Received distance: 11.3297592302923 cm | Severity=75 | SourceName=Motor | EventType=application
[2026-08-16 19:53:41.406 (UTC)] warn/application	[Motor] Distance too close (11.3297592302923); rotating motor to 0 degrees | Severity=175 | SourceName=Motor | EventType=application
[2026-08-16 19:53:42.414 (UTC)] info/application	[Motor] Received distance: 11.6095207238614 cm | Severity=75 | SourceName=Motor | EventType=application
[2026-08-16 19:53:42.414 (UTC)] warn/application	[Motor] Distance too close (11.6095207238614); rotating motor to 0 degrees | Severity=175 | SourceName=Motor | EventType=application
[2026-08-16 19:53:43.406 (UTC)] info/application	[Motor] Received distance: 12.2314966436157 cm | Severity=75 | SourceName=Motor | EventType=application
[2026-08-16 19:53:43.406 (UTC)] warn/application	[Motor] Distance too close (12.2314966436157); rotating motor to 0 degrees | Severity=175 | SourceName=Motor | EventType=application
[2026-08-16 19:53:44.414 (UTC)] info/application	[Motor] Received distance: 11.3860662204149 cm | Severity=75 | SourceName=Motor | EventType=application
[2026-08-16 19:53:44.414 (UTC)] warn/application	[Motor] Distance too close (11.3860662204149); rotating motor to 0 degrees | Severity=175 | SourceName=Motor | EventType=application
[2026-08-16 19:53:45.406 (UTC)] info/application	[Motor] Received distance: 10.5729952198793 cm | Severity=75 | SourceName=Motor | EventType=application
[2026-08-16 19:53:45.406 (UTC)] warn/application	[Motor] Distance too close (10.5729952198793); rotating motor to 0 degrees | Severity=175 | SourceName=Motor | EventType=application
[2026-08-16 19:53:46.415 (UTC)] info/application	[Motor] Received distance: 9.89849819424492 cm | Severity=75 | SourceName=Motor | EventType=application
[2026-08-16 19:53:46.415 (UTC)] warn/application	[Motor] Distance too close (9.89849819424492); rotating motor to 0 degrees | Severity=175 | SourceName=Motor | EventType=application
[2026-08-16 19:53:47.407 (UTC)] info/application	[Motor] Received distance: 10.6311112139985 cm | Severity=75 | SourceName=Motor | EventType=application
[2026-08-16 19:53:47.407 (UTC)] warn/application	[Motor] Distance too close (10.6311112139985); rotating motor to 0 degrees | Severity=175 | SourceName=Motor | EventType=application
[2026-08-16 19:53:48.415 (UTC)] info/application	[Motor] Received distance: 10.2378952169036 cm | Severity=75 | SourceName=Motor | EventType=application
[2026-08-16 19:53:48.415 (UTC)] warn/application	[Motor] Distance too close (10.2378952169036); rotating motor to 0 degrees | Severity=175 | SourceName=Motor | EventType=application
[2026-08-16 19:53:49.408 (UTC)] info/application	[Motor] Received distance: 11.6951045311033 cm | Severity=75 | SourceName=Motor | EventType=application
[2026-08-16 19:53:49.408 (UTC)] warn/application	[Motor] Distance too close (11.6951045311033); rotating motor to 0 degrees | Severity=175 | SourceName=Motor | EventType=application
[2026-08-16 19:53:50.416 (UTC)] info/application	[Motor] Received distance: 10.8930317148999 cm | Severity=75 | SourceName=Motor | EventType=application
[2026-08-16 19:53:50.416 (UTC)] warn/application	[Motor] Distance too close (10.8930317148999); rotating motor to 0 degrees | Severity=175 | SourceName=Motor | EventType=application
[2026-08-16 19:53:51.408 (UTC)] info/application	[Motor] Received distance: 9.52165623382742 cm | Severity=75 | SourceName=Motor | EventType=application
[2026-08-16 19:53:51.408 (UTC)] warn/application	[Motor] Distance too close (9.52165623382742); rotating motor to 0 degrees | Severity=175 | SourceName=Motor | EventType=application
[2026-08-16 19:53:52.416 (UTC)] info/application	[Motor] Received distance: 9.75709891447662 cm | Severity=75 | SourceName=Motor | EventType=application
[2026-08-16 19:53:52.416 (UTC)] warn/application	[Motor] Distance too close (9.75709891447662); rotating motor to 0 degrees | Severity=175 | SourceName=Motor | EventType=application
[2026-08-16 19:53:53.408 (UTC)] info/application	[Motor] Received distance: 9.9728892103177 cm | Severity=75 | SourceName=Motor | EventType=application
[2026-08-16 19:53:53.408 (UTC)] warn/application	[Motor] Distance too close (9.9728892103177); rotating motor to 0 degrees | Severity=175 | SourceName=Motor | EventType=application
[2026-08-16 19:53:54.416 (UTC)] info/application	[Motor] Received distance: 11.1785005727683 cm | Severity=75 | SourceName=Motor | EventType=application
[2026-08-16 19:53:54.416 (UTC)] warn/application	[Motor] Distance too close (11.1785005727683); rotating motor to 0 degrees | Severity=175 | SourceName=Motor | EventType=application
[2026-08-16 19:53:55.408 (UTC)] info/application	[Motor] Received distance: 11.5423514885094 cm | Severity=75 | SourceName=Motor | EventType=application
[2026-08-16 19:53:55.408 (UTC)] warn/application	[Motor] Distance too close (11.5423514885094); rotating motor to 0 degrees | Severity=175 | SourceName=Motor | EventType=application
[2026-08-16 19:53:56.417 (UTC)] info/application	[Motor] Received distance: 10.892338643266 cm | Severity=75 | SourceName=Motor | EventType=application
[2026-08-16 19:53:56.417 (UTC)] warn/application	[Motor] Distance too close (10.892338643266); rotating motor to 0 degrees | Severity=175 | SourceName=Motor | EventType=application
[2026-08-16 19:53:57.408 (UTC)] info/application	[Motor] Received distance: 10.5146486926892 cm | Severity=75 | SourceName=Motor | EventType=application
[2026-08-16 19:53:57.408 (UTC)] warn/application	[Motor] Distance too close (10.5146486926892); rotating motor to 0 degrees | Severity=175 | SourceName=Motor | EventType=application
[2026-08-16 19:53:58.416 (UTC)] info/application	[Motor] Received distance: 11.6694176866065 cm | Severity=75 | SourceName=Motor | EventType=application
[2026-08-16 19:53:58.416 (UTC)] warn/application	[Motor] Distance too close (11.6694176866065); rotating motor to 0 degrees | Severity=175 | SourceName=Motor | EventType=application
[2026-08-16 19:53:59.401 (UTC)] info/application	[Motor] Received distance: 11.43098938881 cm | Severity=75 | SourceName=Motor | EventType=application
[2026-08-16 19:53:59.401 (UTC)] warn/application	[Motor] Distance too close (11.43098938881); rotating motor to 0 degrees | Severity=175 | SourceName=Motor | EventType=application
[2026-08-16 19:54:00.402 (UTC)] info/application	[Motor] Received distance: 12.785489271295 cm | Severity=75 | SourceName=Motor | EventType=application
[2026-08-16 19:54:00.402 (UTC)] warn/application	[Motor] Distance too close (12.785489271295); rotating motor to 0 degrees | Severity=175 | SourceName=Motor | EventType=application
[2026-08-16 19:54:01.411 (UTC)] info/application	[Motor] Received distance: 12.5822370564948 cm | Severity=75 | SourceName=Motor | EventType=application
[2026-08-16 19:54:01.411 (UTC)] warn/application	[Motor] Distance too close (12.5822370564948); rotating motor to 0 degrees | Severity=175 | SourceName=Motor | EventType=application
[2026-08-16 19:54:02.402 (UTC)] info/application	[Motor] Received distance: 11.917880372106 cm | Severity=75 | SourceName=Motor | EventType=application
[2026-08-16 19:54:02.402 (UTC)] warn/application	[Motor] Distance too close (11.917880372106); rotating motor to 0 degrees | Severity=175 | SourceName=Motor | EventType=application
[2026-08-16 19:54:03.402 (UTC)] info/application	[Motor] Received distance: 12.125597433944 cm | Severity=75 | SourceName=Motor | EventType=application
[2026-08-16 19:54:03.402 (UTC)] warn/application	[Motor] Distance too close (12.125597433944); rotating motor to 0 degrees | Severity=175 | SourceName=Motor | EventType=application
[2026-08-16 19:54:04.410 (UTC)] info/application	[Motor] Received distance: 13.2430847786568 cm | Severity=75 | SourceName=Motor | EventType=application
[2026-08-16 19:54:04.410 (UTC)] warn/application	[Motor] Distance too close (13.2430847786568); rotating motor to 0 degrees | Severity=175 | SourceName=Motor | EventType=application
[2026-08-16 19:54:05.402 (UTC)] info/application	[Motor] Received distance: 12.8668095717983 cm | Severity=75 | SourceName=Motor | EventType=application
[2026-08-16 19:54:05.402 (UTC)] warn/application	[Motor] Distance too close (12.8668095717983); rotating motor to 0 degrees | Severity=175 | SourceName=Motor | EventType=application
[2026-08-16 19:54:06.402 (UTC)] info/application	[Motor] Received distance: 13.0804036539422 cm | Severity=75 | SourceName=Motor | EventType=application
[2026-08-16 19:54:06.402 (UTC)] warn/application	[Motor] Distance too close (13.0804036539422); rotating motor to 0 degrees | Severity=175 | SourceName=Motor | EventType=application
[2026-08-16 19:54:07.410 (UTC)] info/application	[Motor] Received distance: 12.6898996970569 cm | Severity=75 | SourceName=Motor | EventType=application
[2026-08-16 19:54:07.411 (UTC)] warn/application	[Motor] Distance too close (12.6898996970569); rotating motor to 0 degrees | Severity=175 | SourceName=Motor | EventType=application
[2026-08-16 19:54:08.402 (UTC)] info/application	[Motor] Received distance: 11.4791985566165 cm | Severity=75 | SourceName=Motor | EventType=application
[2026-08-16 19:54:08.402 (UTC)] warn/application	[Motor] Distance too close (11.4791985566165); rotating motor to 0 degrees | Severity=175 | SourceName=Motor | EventType=application
[2026-08-16 19:54:09.410 (UTC)] info/application	[Motor] Received distance: 10.9865616278195 cm | Severity=75 | SourceName=Motor | EventType=application
[2026-08-16 19:54:09.411 (UTC)] warn/application	[Motor] Distance too close (10.9865616278195); rotating motor to 0 degrees | Severity=175 | SourceName=Motor | EventType=application
[2026-08-16 19:54:10.403 (UTC)] info/application	[Motor] Received distance: 11.6147873530233 cm | Severity=75 | SourceName=Motor | EventType=application
[2026-08-16 19:54:10.403 (UTC)] warn/application	[Motor] Distance too close (11.6147873530233); rotating motor to 0 degrees | Severity=175 | SourceName=Motor | EventType=application
[2026-08-16 19:54:11.411 (UTC)] info/application	[Motor] Received distance: 10.1549642778258 cm | Severity=75 | SourceName=Motor | EventType=application
[2026-08-16 19:54:11.411 (UTC)] warn/application	[Motor] Distance too close (10.1549642778258); rotating motor to 0 degrees | Severity=175 | SourceName=Motor | EventType=application
[2026-08-16 19:54:12.403 (UTC)] info/application	[Motor] Received distance: 9.03153218283855 cm | Severity=75 | SourceName=Motor | EventType=application
[2026-08-16 19:54:12.403 (UTC)] warn/application	[Motor] Distance too close (9.03153218283855); rotating motor to 0 degrees | Severity=175 | SourceName=Motor | EventType=application
[2026-08-16 19:54:13.412 (UTC)] info/application	[Motor] Received distance: 8.43951940021455 cm | Severity=75 | SourceName=Motor | EventType=application
[2026-08-16 19:54:13.412 (UTC)] warn/application	[Motor] Distance too close (8.43951940021455); rotating motor to 0 degrees | Severity=175 | SourceName=Motor | EventType=application
[2026-08-16 19:54:14.404 (UTC)] info/application	[Motor] Received distance: 9.10167224477123 cm | Severity=75 | SourceName=Motor | EventType=application
[2026-08-16 19:54:14.404 (UTC)] warn/application	[Motor] Distance too close (9.10167224477123); rotating motor to 0 degrees | Severity=175 | SourceName=Motor | EventType=application
[2026-08-16 19:54:15.413 (UTC)] info/application	[Motor] Received distance: 8.63280972658321 cm | Severity=75 | SourceName=Motor | EventType=application
[2026-08-16 19:54:15.413 (UTC)] warn/application	[Motor] Distance too close (8.63280972658321); rotating motor to 0 degrees | Severity=175 | SourceName=Motor | EventType=application
[2026-08-16 19:54:16.404 (UTC)] info/application	[Motor] Received distance: 8.72772594342368 cm | Severity=75 | SourceName=Motor | EventType=application
[2026-08-16 19:54:16.404 (UTC)] warn/application	[Motor] Distance too close (8.72772594342368); rotating motor to 0 degrees | Severity=175 | SourceName=Motor | EventType=application
[2026-08-16 19:54:17.413 (UTC)] info/application	[Motor] Received distance: 10.215381762346 cm | Severity=75 | SourceName=Motor | EventType=application
[2026-08-16 19:54:17.413 (UTC)] warn/application	[Motor] Distance too close (10.215381762346); rotating motor to 0 degrees | Severity=175 | SourceName=Motor | EventType=application
[2026-08-16 19:54:18.405 (UTC)] info/application	[Motor] Received distance: 8.9791322625145 cm | Severity=75 | SourceName=Motor | EventType=application
[2026-08-16 19:54:18.405 (UTC)] warn/application	[Motor] Distance too close (8.9791322625145); rotating motor to 0 degrees | Severity=175 | SourceName=Motor | EventType=application
[2026-08-16 19:54:19.414 (UTC)] info/application	[Motor] Received distance: 10.1808324822601 cm | Severity=75 | SourceName=Motor | EventType=application
[2026-08-16 19:54:19.414 (UTC)] warn/application	[Motor] Distance too close (10.1808324822601); rotating motor to 0 degrees | Severity=175 | SourceName=Motor | EventType=application
[2026-08-16 19:54:20.406 (UTC)] info/application	[Motor] Received distance: 11.6256976139851 cm | Severity=75 | SourceName=Motor | EventType=application
[2026-08-16 19:54:20.406 (UTC)] warn/application	[Motor] Distance too close (11.6256976139851); rotating motor to 0 degrees | Severity=175 | SourceName=Motor | EventType=application
[2026-08-16 19:54:21.414 (UTC)] info/application	[Motor] Received distance: 11.0873752993473 cm | Severity=75 | SourceName=Motor | EventType=application
[2026-08-16 19:54:21.414 (UTC)] warn/application	[Motor] Distance too close (11.0873752993473); rotating motor to 0 degrees | Severity=175 | SourceName=Motor | EventType=application
[2026-08-16 19:54:22.405 (UTC)] info/application	[Motor] Received distance: 12.4177000380204 cm | Severity=75 | SourceName=Motor | EventType=application
[2026-08-16 19:54:22.405 (UTC)] warn/application	[Motor] Distance too close (12.4177000380204); rotating motor to 0 degrees | Severity=175 | SourceName=Motor | EventType=application
[2026-08-16 19:54:23.414 (UTC)] info/application	[Motor] Received distance: 12.5980078489976 cm | Severity=75 | SourceName=Motor | EventType=application
[2026-08-16 19:54:23.414 (UTC)] warn/application	[Motor] Distance too close (12.5980078489976); rotating motor to 0 degrees | Severity=175 | SourceName=Motor | EventType=application
[2026-08-16 19:54:24.406 (UTC)] info/application	[Motor] Received distance: 13.7754758302008 cm | Severity=75 | SourceName=Motor | EventType=application
[2026-08-16 19:54:24.406 (UTC)] warn/application	[Motor] Distance too close (13.7754758302008); rotating motor to 0 degrees | Severity=175 | SourceName=Motor | EventType=application
[2026-08-16 19:54:25.414 (UTC)] info/application	[Motor] Received distance: 14.8114119299275 cm | Severity=75 | SourceName=Motor | EventType=application
[2026-08-16 19:54:25.414 (UTC)] warn/application	[Motor] Distance too close (14.8114119299275); rotating motor to 0 degrees | Severity=175 | SourceName=Motor | EventType=application
[2026-08-16 19:54:26.407 (UTC)] info/application	[Motor] Received distance: 13.8555706552489 cm | Severity=75 | SourceName=Motor | EventType=application
[2026-08-16 19:54:26.407 (UTC)] warn/application	[Motor] Distance too close (13.8555706552489); rotating motor to 0 degrees | Severity=175 | SourceName=Motor | EventType=application
[2026-08-16 19:54:27.415 (UTC)] info/application	[Motor] Received distance: 12.8830257912087 cm | Severity=75 | SourceName=Motor | EventType=application
[2026-08-16 19:54:27.415 (UTC)] warn/application	[Motor] Distance too close (12.8830257912087); rotating motor to 0 degrees | Severity=175 | SourceName=Motor | EventType=application
[2026-08-16 19:54:28.407 (UTC)] info/application	[Motor] Received distance: 12.0412719389616 cm | Severity=75 | SourceName=Motor | EventType=application
[2026-08-16 19:54:28.407 (UTC)] warn/application	[Motor] Distance too close (12.0412719389616); rotating motor to 0 degrees | Severity=175 | SourceName=Motor | EventType=application
[2026-08-16 19:54:29.416 (UTC)] info/application	[Motor] Received distance: 10.7401996568033 cm | Severity=75 | SourceName=Motor | EventType=application
[2026-08-16 19:54:29.416 (UTC)] warn/application	[Motor] Distance too close (10.7401996568033); rotating motor to 0 degrees | Severity=175 | SourceName=Motor | EventType=application
[2026-08-16 19:54:30.407 (UTC)] info/application	[Motor] Received distance: 11.0292264949666 cm | Severity=75 | SourceName=Motor | EventType=application
[2026-08-16 19:54:30.407 (UTC)] warn/application	[Motor] Distance too close (11.0292264949666); rotating motor to 0 degrees | Severity=175 | SourceName=Motor | EventType=application
[2026-08-16 19:54:31.416 (UTC)] info/application	[Motor] Received distance: 10.0419725238075 cm | Severity=75 | SourceName=Motor | EventType=application
[2026-08-16 19:54:31.416 (UTC)] warn/application	[Motor] Distance too close (10.0419725238075); rotating motor to 0 degrees | Severity=175 | SourceName=Motor | EventType=application
[2026-08-16 19:54:32.408 (UTC)] info/application	[Motor] Received distance: 10.037648026849 cm | Severity=75 | SourceName=Motor | EventType=application
[2026-08-16 19:54:32.408 (UTC)] warn/application	[Motor] Distance too close (10.037648026849); rotating motor to 0 degrees | Severity=175 | SourceName=Motor | EventType=application
[2026-08-16 19:54:33.416 (UTC)] info/application	[Motor] Received distance: 11.1623181806236 cm | Severity=75 | SourceName=Motor | EventType=application
[2026-08-16 19:54:33.416 (UTC)] warn/application	[Motor] Distance too close (11.1623181806236); rotating motor to 0 degrees | Severity=175 | SourceName=Motor | EventType=application
[2026-08-16 19:54:34.408 (UTC)] info/application	[Motor] Received distance: 11.8827812713025 cm | Severity=75 | SourceName=Motor | EventType=application
[2026-08-16 19:54:34.408 (UTC)] warn/application	[Motor] Distance too close (11.8827812713025); rotating motor to 0 degrees | Severity=175 | SourceName=Motor | EventType=application
[2026-08-16 19:54:35.416 (UTC)] info/application	[Motor] Received distance: 11.4959441176597 cm | Severity=75 | SourceName=Motor | EventType=application
[2026-08-16 19:54:35.416 (UTC)] warn/application	[Motor] Distance too close (11.4959441176597); rotating motor to 0 degrees | Severity=175 | SourceName=Motor | EventType=application
[2026-08-16 19:54:36.408 (UTC)] info/application	[Motor] Received distance: 10.7443390631789 cm | Severity=75 | SourceName=Motor | EventType=application
[2026-08-16 19:54:36.408 (UTC)] warn/application	[Motor] Distance too close (10.7443390631789); rotating motor to 0 degrees | Severity=175 | SourceName=Motor | EventType=application
[2026-08-16 19:54:37.417 (UTC)] info/application	[Motor] Received distance: 10.1783962346047 cm | Severity=75 | SourceName=Motor | EventType=application
[2026-08-16 19:54:37.417 (UTC)] warn/application	[Motor] Distance too close (10.1783962346047); rotating motor to 0 degrees | Severity=175 | SourceName=Motor | EventType=application
[2026-08-16 19:54:38.408 (UTC)] info/application	[Motor] Received distance: 10.9010551240766 cm | Severity=75 | SourceName=Motor | EventType=application
[2026-08-16 19:54:38.408 (UTC)] warn/application	[Motor] Distance too close (10.9010551240766); rotating motor to 0 degrees | Severity=175 | SourceName=Motor | EventType=application
[2026-08-16 19:54:39.416 (UTC)] info/application	[Motor] Received distance: 10.4387489305524 cm | Severity=75 | SourceName=Motor | EventType=application
[2026-08-16 19:54:39.416 (UTC)] warn/application	[Motor] Distance too close (10.4387489305524); rotating motor to 0 degrees | Severity=175 | SourceName=Motor | EventType=application
[2026-08-16 19:54:40.409 (UTC)] info/application	[Motor] Received distance: 10.8801691731811 cm | Severity=75 | SourceName=Motor | EventType=application
[2026-08-16 19:54:40.409 (UTC)] warn/application	[Motor] Distance too close (10.8801691731811); rotating motor to 0 degrees | Severity=175 | SourceName=Motor | EventType=application
[2026-08-16 19:54:41.417 (UTC)] info/application	[Motor] Received distance: 10.7310537864599 cm | Severity=75 | SourceName=Motor | EventType=application
[2026-08-16 19:54:41.417 (UTC)] warn/application	[Motor] Distance too close (10.7310537864599); rotating motor to 0 degrees | Severity=175 | SourceName=Motor | EventType=application
[2026-08-16 19:54:42.409 (UTC)] info/application	[Motor] Received distance: 10.3089245177381 cm | Severity=75 | SourceName=Motor | EventType=application
[2026-08-16 19:54:42.409 (UTC)] warn/application	[Motor] Distance too close (10.3089245177381); rotating motor to 0 degrees | Severity=175 | SourceName=Motor | EventType=application
[2026-08-16 19:54:43.417 (UTC)] info/application	[Motor] Received distance: 11.1269126653797 cm | Severity=75 | SourceName=Motor | EventType=application
[2026-08-16 19:54:43.417 (UTC)] warn/application	[Motor] Distance too close (11.1269126653797); rotating motor to 0 degrees | Severity=175 | SourceName=Motor | EventType=application
[2026-08-16 19:54:44.409 (UTC)] info/application	[Motor] Received distance: 11.8857844960344 cm | Severity=75 | SourceName=Motor | EventType=application
[2026-08-16 19:54:44.409 (UTC)] warn/application	[Motor] Distance too close (11.8857844960344); rotating motor to 0 degrees | Severity=175 | SourceName=Motor | EventType=application
[2026-08-16 19:54:45.418 (UTC)] info/application	[Motor] Received distance: 10.6258080704724 cm | Severity=75 | SourceName=Motor | EventType=application
[2026-08-16 19:54:45.418 (UTC)] warn/application	[Motor] Distance too close (10.6258080704724); rotating motor to 0 degrees | Severity=175 | SourceName=Motor | EventType=application
[2026-08-16 19:54:46.409 (UTC)] info/application	[Motor] Received distance: 9.47493369992587 cm | Severity=75 | SourceName=Motor | EventType=application
[2026-08-16 19:54:46.409 (UTC)] warn/application	[Motor] Distance too close (9.47493369992587); rotating motor to 0 degrees | Severity=175 | SourceName=Motor | EventType=application
[2026-08-16 19:54:47.417 (UTC)] info/application	[Motor] Received distance: 8.82872174602408 cm | Severity=75 | SourceName=Motor | EventType=application
[2026-08-16 19:54:47.417 (UTC)] warn/application	[Motor] Distance too close (8.82872174602408); rotating motor to 0 degrees | Severity=175 | SourceName=Motor | EventType=application
[2026-08-16 19:54:48.409 (UTC)] info/application	[Motor] Received distance: 7.55640113798734 cm | Severity=75 | SourceName=Motor | EventType=application
[2026-08-16 19:54:48.409 (UTC)] warn/application	[Motor] Distance too close (7.55640113798734); rotating motor to 0 degrees | Severity=175 | SourceName=Motor | EventType=application
[2026-08-16 19:54:49.418 (UTC)] info/application	[Motor] Received distance: 6.66927726760939 cm | Severity=75 | SourceName=Motor | EventType=application
[2026-08-16 19:54:49.418 (UTC)] warn/application	[Motor] Distance too close (6.66927726760939); rotating motor to 0 degrees | Severity=175 | SourceName=Motor | EventType=application
[2026-08-16 19:54:50.408 (UTC)] info/application	[Motor] Received distance: 5.72476553205623 cm | Severity=75 | SourceName=Motor | EventType=application
[2026-08-16 19:54:50.408 (UTC)] warn/application	[Motor] Distance too close (5.72476553205623); rotating motor to 0 degrees | Severity=175 | SourceName=Motor | EventType=application
[2026-08-16 19:54:51.417 (UTC)] info/application	[Motor] Received distance: 4.39731005434753 cm | Severity=75 | SourceName=Motor | EventType=application
[2026-08-16 19:54:51.417 (UTC)] warn/application	[Motor] Distance too close (4.39731005434753); rotating motor to 0 degrees | Severity=175 | SourceName=Motor | EventType=application
[2026-08-16 19:54:52.407 (UTC)] info/application	[Motor] Received distance: 4.47186386933172 cm | Severity=75 | SourceName=Motor | EventType=application
[2026-08-16 19:54:52.407 (UTC)] warn/application	[Motor] Distance too close (4.47186386933172); rotating motor to 0 degrees | Severity=175 | SourceName=Motor | EventType=application
[2026-08-16 19:54:53.416 (UTC)] info/application	[Motor] Received distance: 3.35767687105466 cm | Severity=75 | SourceName=Motor | EventType=application
[2026-08-16 19:54:53.416 (UTC)] warn/application	[Motor] Distance too close (3.35767687105466); rotating motor to 0 degrees | Severity=175 | SourceName=Motor | EventType=application
[2026-08-16 19:54:54.407 (UTC)] info/application	[Motor] Received distance: 3.7105292043232 cm | Severity=75 | SourceName=Motor | EventType=application
[2026-08-16 19:54:54.407 (UTC)] warn/application	[Motor] Distance too close (3.7105292043232); rotating motor to 0 degrees | Severity=175 | SourceName=Motor | EventType=application
[2026-08-16 19:54:55.415 (UTC)] info/application	[Motor] Received distance: 3.4625510005106 cm | Severity=75 | SourceName=Motor | EventType=application
[2026-08-16 19:54:55.415 (UTC)] warn/application	[Motor] Distance too close (3.4625510005106); rotating motor to 0 degrees | Severity=175 | SourceName=Motor | EventType=application
[2026-08-16 19:54:56.407 (UTC)] info/application	[Motor] Received distance: 4.88430010196022 cm | Severity=75 | SourceName=Motor | EventType=application
[2026-08-16 19:54:56.407 (UTC)] warn/application	[Motor] Distance too close (4.88430010196022); rotating motor to 0 degrees | Severity=175 | SourceName=Motor | EventType=application
[2026-08-16 19:54:57.415 (UTC)] info/application	[Motor] Received distance: 5.78131116194712 cm | Severity=75 | SourceName=Motor | EventType=application
[2026-08-16 19:54:57.415 (UTC)] warn/application	[Motor] Distance too close (5.78131116194712); rotating motor to 0 degrees | Severity=175 | SourceName=Motor | EventType=application
[2026-08-16 19:54:58.407 (UTC)] info/application	[Motor] Received distance: 6.06078809409439 cm | Severity=75 | SourceName=Motor | EventType=application
[2026-08-16 19:54:58.407 (UTC)] warn/application	[Motor] Distance too close (6.06078809409439); rotating motor to 0 degrees | Severity=175 | SourceName=Motor | EventType=application
[2026-08-16 19:54:59.416 (UTC)] info/application	[Motor] Received distance: 5.14078334189988 cm | Severity=75 | SourceName=Motor | EventType=application
[2026-08-16 19:54:59.416 (UTC)] warn/application	[Motor] Distance too close (5.14078334189988); rotating motor to 0 degrees | Severity=175 | SourceName=Motor | EventType=application
[2026-08-16 19:55:00.407 (UTC)] info/application	[Motor] Received distance: 6.23672211972844 cm | Severity=75 | SourceName=Motor | EventType=application
[2026-08-16 19:55:00.407 (UTC)] warn/application	[Motor] Distance too close (6.23672211972844); rotating motor to 0 degrees | Severity=175 | SourceName=Motor | EventType=application
[2026-08-16 19:55:01.416 (UTC)] info/application	[Motor] Received distance: 5.30522588864212 cm | Severity=75 | SourceName=Motor | EventType=application
[2026-08-16 19:55:01.416 (UTC)] warn/application	[Motor] Distance too close (5.30522588864212); rotating motor to 0 degrees | Severity=175 | SourceName=Motor | EventType=application
[2026-08-16 19:55:02.408 (UTC)] info/application	[Motor] Received distance: 4.8979671652885 cm | Severity=75 | SourceName=Motor | EventType=application
[2026-08-16 19:55:02.408 (UTC)] warn/application	[Motor] Distance too close (4.8979671652885); rotating motor to 0 degrees | Severity=175 | SourceName=Motor | EventType=application
[2026-08-16 19:55:03.416 (UTC)] info/application	[Motor] Received distance: 4.48958144615851 cm | Severity=75 | SourceName=Motor | EventType=application
[2026-08-16 19:55:03.416 (UTC)] warn/application	[Motor] Distance too close (4.48958144615851); rotating motor to 0 degrees | Severity=175 | SourceName=Motor | EventType=application
[2026-08-16 19:55:04.408 (UTC)] info/application	[Motor] Received distance: 3.18275536744984 cm | Severity=75 | SourceName=Motor | EventType=application
[2026-08-16 19:55:04.408 (UTC)] warn/application	[Motor] Distance too close (3.18275536744984); rotating motor to 0 degrees | Severity=175 | SourceName=Motor | EventType=application
[2026-08-16 19:55:05.416 (UTC)] info/application	[Motor] Received distance: 2.00404026522489 cm | Severity=75 | SourceName=Motor | EventType=application
[2026-08-16 19:55:05.416 (UTC)] warn/application	[Motor] Distance too close (2.00404026522489); rotating motor to 0 degrees | Severity=175 | SourceName=Motor | EventType=application
[2026-08-16 19:55:06.407 (UTC)] info/application	[Motor] Received distance: 2.70881739245207 cm | Severity=75 | SourceName=Motor | EventType=application
[2026-08-16 19:55:06.407 (UTC)] warn/application	[Motor] Distance too close (2.70881739245207); rotating motor to 0 degrees | Severity=175 | SourceName=Motor | EventType=application
[2026-08-16 19:55:07.415 (UTC)] info/application	[Motor] Received distance: 2.15038625926263 cm | Severity=75 | SourceName=Motor | EventType=application
[2026-08-16 19:55:07.415 (UTC)] warn/application	[Motor] Distance too close (2.15038625926263); rotating motor to 0 degrees | Severity=175 | SourceName=Motor | EventType=application
[2026-08-16 19:55:08.406 (UTC)] info/application	[Motor] Received distance: 2.10235220198629 cm | Severity=75 | SourceName=Motor | EventType=application
[2026-08-16 19:55:08.406 (UTC)] warn/application	[Motor] Distance too close (2.10235220198629); rotating motor to 0 degrees | Severity=175 | SourceName=Motor | EventType=application
[2026-08-16 19:55:09.415 (UTC)] info/application	[Motor] Received distance: 2.02978821868533 cm | Severity=75 | SourceName=Motor | EventType=application
[2026-08-16 19:55:09.415 (UTC)] warn/application	[Motor] Distance too close (2.02978821868533); rotating motor to 0 degrees | Severity=175 | SourceName=Motor | EventType=application
[2026-08-16 19:55:10.407 (UTC)] info/application	[Motor] Received distance: 2.50905089197171 cm | Severity=75 | SourceName=Motor | EventType=application
[2026-08-16 19:55:10.407 (UTC)] warn/application	[Motor] Distance too close (2.50905089197171); rotating motor to 0 degrees | Severity=175 | SourceName=Motor | EventType=application
[2026-08-16 19:55:11.415 (UTC)] info/application	[Motor] Received distance: 2.80226732664847 cm | Severity=75 | SourceName=Motor | EventType=application
[2026-08-16 19:55:11.415 (UTC)] warn/application	[Motor] Distance too close (2.80226732664847); rotating motor to 0 degrees | Severity=175 | SourceName=Motor | EventType=application
[2026-08-16 19:55:12.406 (UTC)] info/application	[Motor] Received distance: 4.08058795662624 cm | Severity=75 | SourceName=Motor | EventType=application
[2026-08-16 19:55:12.406 (UTC)] warn/application	[Motor] Distance too close (4.08058795662624); rotating motor to 0 degrees | Severity=175 | SourceName=Motor | EventType=application
[2026-08-16 19:55:13.414 (UTC)] info/application	[Motor] Received distance: 2.6377213597939 cm | Severity=75 | SourceName=Motor | EventType=application
[2026-08-16 19:55:13.414 (UTC)] warn/application	[Motor] Distance too close (2.6377213597939); rotating motor to 0 degrees | Severity=175 | SourceName=Motor | EventType=application
[2026-08-16 19:55:14.406 (UTC)] info/application	[Motor] Received distance: 3.64439128881525 cm | Severity=75 | SourceName=Motor | EventType=application
[2026-08-16 19:55:14.406 (UTC)] warn/application	[Motor] Distance too close (3.64439128881525); rotating motor to 0 degrees | Severity=175 | SourceName=Motor | EventType=application
[2026-08-16 19:55:15.415 (UTC)] info/application	[Motor] Received distance: 4.18158374944775 cm | Severity=75 | SourceName=Motor | EventType=application
[2026-08-16 19:55:15.415 (UTC)] warn/application	[Motor] Distance too close (4.18158374944775); rotating motor to 0 degrees | Severity=175 | SourceName=Motor | EventType=application
[2026-08-16 19:55:16.407 (UTC)] info/application	[Motor] Received distance: 2.97874072705337 cm | Severity=75 | SourceName=Motor | EventType=application
[2026-08-16 19:55:16.407 (UTC)] warn/application	[Motor] Distance too close (2.97874072705337); rotating motor to 0 degrees | Severity=175 | SourceName=Motor | EventType=application
[2026-08-16 19:55:17.415 (UTC)] info/application	[Motor] Received distance: 4.33453628552823 cm | Severity=75 | SourceName=Motor | EventType=application
[2026-08-16 19:55:17.415 (UTC)] warn/application	[Motor] Distance too close (4.33453628552823); rotating motor to 0 degrees | Severity=175 | SourceName=Motor | EventType=application
[2026-08-16 19:55:18.407 (UTC)] info/application	[Motor] Received distance: 5.72551679225895 cm | Severity=75 | SourceName=Motor | EventType=application
[2026-08-16 19:55:18.407 (UTC)] warn/application	[Motor] Distance too close (5.72551679225895); rotating motor to 0 degrees | Severity=175 | SourceName=Motor | EventType=application
[2026-08-16 19:55:19.415 (UTC)] info/application	[Motor] Received distance: 4.75035316182782 cm | Severity=75 | SourceName=Motor | EventType=application
[2026-08-16 19:55:19.415 (UTC)] warn/application	[Motor] Distance too close (4.75035316182782); rotating motor to 0 degrees | Severity=175 | SourceName=Motor | EventType=application
[2026-08-16 19:55:20.406 (UTC)] info/application	[Motor] Received distance: 3.71902484992474 cm | Severity=75 | SourceName=Motor | EventType=application
[2026-08-16 19:55:20.406 (UTC)] warn/application	[Motor] Distance too close (3.71902484992474); rotating motor to 0 degrees | Severity=175 | SourceName=Motor | EventType=application
[2026-08-16 19:55:21.415 (UTC)] info/application	[Motor] Received distance: 2.6654936211023 cm | Severity=75 | SourceName=Motor | EventType=application
[2026-08-16 19:55:21.415 (UTC)] warn/application	[Motor] Distance too close (2.6654936211023); rotating motor to 0 degrees | Severity=175 | SourceName=Motor | EventType=application
[2026-08-16 19:55:22.406 (UTC)] info/application	[Motor] Received distance: 2.13712548703753 cm | Severity=75 | SourceName=Motor | EventType=application
[2026-08-16 19:55:22.406 (UTC)] warn/application	[Motor] Distance too close (2.13712548703753); rotating motor to 0 degrees | Severity=175 | SourceName=Motor | EventType=application
[2026-08-16 19:55:23.414 (UTC)] info/application	[Motor] Received distance: 2.68035099011862 cm | Severity=75 | SourceName=Motor | EventType=application
[2026-08-16 19:55:23.414 (UTC)] warn/application	[Motor] Distance too close (2.68035099011862); rotating motor to 0 degrees | Severity=175 | SourceName=Motor | EventType=application
[2026-08-16 19:55:24.406 (UTC)] info/application	[Motor] Received distance: 2.01263276301913 cm | Severity=75 | SourceName=Motor | EventType=application
[2026-08-16 19:55:24.406 (UTC)] warn/application	[Motor] Distance too close (2.01263276301913); rotating motor to 0 degrees | Severity=175 | SourceName=Motor | EventType=application
[2026-08-16 19:55:25.415 (UTC)] info/application	[Motor] Received distance: 3.06286598954483 cm | Severity=75 | SourceName=Motor | EventType=application
[2026-08-16 19:55:25.415 (UTC)] warn/application	[Motor] Distance too close (3.06286598954483); rotating motor to 0 degrees | Severity=175 | SourceName=Motor | EventType=application
[2026-08-16 19:55:26.406 (UTC)] info/application	[Motor] Received distance: 2.14188671258366 cm | Severity=75 | SourceName=Motor | EventType=application
[2026-08-16 19:55:26.406 (UTC)] warn/application	[Motor] Distance too close (2.14188671258366); rotating motor to 0 degrees | Severity=175 | SourceName=Motor | EventType=application
[2026-08-16 19:55:27.415 (UTC)] info/application	[Motor] Received distance: 2.60408241306622 cm | Severity=75 | SourceName=Motor | EventType=application
[2026-08-16 19:55:27.415 (UTC)] warn/application	[Motor] Distance too close (2.60408241306622); rotating motor to 0 degrees | Severity=175 | SourceName=Motor | EventType=application
[2026-08-16 19:55:28.407 (UTC)] info/application	[Motor] Received distance: 3.05132669818184 cm | Severity=75 | SourceName=Motor | EventType=application
[2026-08-16 19:55:28.407 (UTC)] warn/application	[Motor] Distance too close (3.05132669818184); rotating motor to 0 degrees | Severity=175 | SourceName=Motor | EventType=application
[2026-08-16 19:55:29.415 (UTC)] info/application	[Motor] Received distance: 3.62605092820062 cm | Severity=75 | SourceName=Motor | EventType=application
[2026-08-16 19:55:29.415 (UTC)] warn/application	[Motor] Distance too close (3.62605092820062); rotating motor to 0 degrees | Severity=175 | SourceName=Motor | EventType=application
[2026-08-16 19:55:30.407 (UTC)] info/application	[Motor] Received distance: 3.46007705035623 cm | Severity=75 | SourceName=Motor | EventType=application
[2026-08-16 19:55:30.407 (UTC)] warn/application	[Motor] Distance too close (3.46007705035623); rotating motor to 0 degrees | Severity=175 | SourceName=Motor | EventType=application
[2026-08-16 19:55:31.415 (UTC)] info/application	[Motor] Received distance: 3.50326011190343 cm | Severity=75 | SourceName=Motor | EventType=application
[2026-08-16 19:55:31.415 (UTC)] warn/application	[Motor] Distance too close (3.50326011190343); rotating motor to 0 degrees | Severity=175 | SourceName=Motor | EventType=application
[2026-08-16 19:55:32.406 (UTC)] info/application	[Motor] Received distance: 4.64648811083589 cm | Severity=75 | SourceName=Motor | EventType=application
[2026-08-16 19:55:32.406 (UTC)] warn/application	[Motor] Distance too close (4.64648811083589); rotating motor to 0 degrees | Severity=175 | SourceName=Motor | EventType=application
[2026-08-16 19:55:33.415 (UTC)] info/application	[Motor] Received distance: 5.57325551103487 cm | Severity=75 | SourceName=Motor | EventType=application
[2026-08-16 19:55:33.415 (UTC)] warn/application	[Motor] Distance too close (5.57325551103487); rotating motor to 0 degrees | Severity=175 | SourceName=Motor | EventType=application
[2026-08-16 19:55:34.406 (UTC)] info/application	[Motor] Received distance: 6.70805285345207 cm | Severity=75 | SourceName=Motor | EventType=application
[2026-08-16 19:55:34.406 (UTC)] warn/application	[Motor] Distance too close (6.70805285345207); rotating motor to 0 degrees | Severity=175 | SourceName=Motor | EventType=application
[2026-08-16 19:55:35.414 (UTC)] info/application	[Motor] Received distance: 8.04445477367586 cm | Severity=75 | SourceName=Motor | EventType=application
[2026-08-16 19:55:35.414 (UTC)] warn/application	[Motor] Distance too close (8.04445477367586); rotating motor to 0 degrees | Severity=175 | SourceName=Motor | EventType=application
[2026-08-16 19:55:36.406 (UTC)] info/application	[Motor] Received distance: 9.28442654120011 cm | Severity=75 | SourceName=Motor | EventType=application
[2026-08-16 19:55:36.406 (UTC)] warn/application	[Motor] Distance too close (9.28442654120011); rotating motor to 0 degrees | Severity=175 | SourceName=Motor | EventType=application
[2026-08-16 19:55:37.414 (UTC)] info/application	[Motor] Received distance: 9.62400101084448 cm | Severity=75 | SourceName=Motor | EventType=application
[2026-08-16 19:55:37.414 (UTC)] warn/application	[Motor] Distance too close (9.62400101084448); rotating motor to 0 degrees | Severity=175 | SourceName=Motor | EventType=application
[2026-08-16 19:55:38.406 (UTC)] info/application	[Motor] Received distance: 8.90197179787884 cm | Severity=75 | SourceName=Motor | EventType=application
[2026-08-16 19:55:38.406 (UTC)] warn/application	[Motor] Distance too close (8.90197179787884); rotating motor to 0 degrees | Severity=175 | SourceName=Motor | EventType=application
[2026-08-16 19:55:39.414 (UTC)] info/application	[Motor] Received distance: 8.38920510275718 cm | Severity=75 | SourceName=Motor | EventType=application
[2026-08-16 19:55:39.414 (UTC)] warn/application	[Motor] Distance too close (8.38920510275718); rotating motor to 0 degrees | Severity=175 | SourceName=Motor | EventType=application
[2026-08-16 19:55:40.406 (UTC)] info/application	[Motor] Received distance: 7.15621558770361 cm | Severity=75 | SourceName=Motor | EventType=application
[2026-08-16 19:55:40.406 (UTC)] warn/application	[Motor] Distance too close (7.15621558770361); rotating motor to 0 degrees | Severity=175 | SourceName=Motor | EventType=application
[2026-08-16 19:55:41.414 (UTC)] info/application	[Motor] Received distance: 8.41344904802434 cm | Severity=75 | SourceName=Motor | EventType=application
[2026-08-16 19:55:41.414 (UTC)] warn/application	[Motor] Distance too close (8.41344904802434); rotating motor to 0 degrees | Severity=175 | SourceName=Motor | EventType=application
[2026-08-16 19:55:42.406 (UTC)] info/application	[Motor] Received distance: 8.08936413428251 cm | Severity=75 | SourceName=Motor | EventType=application
[2026-08-16 19:55:42.406 (UTC)] warn/application	[Motor] Distance too close (8.08936413428251); rotating motor to 0 degrees | Severity=175 | SourceName=Motor | EventType=application
[2026-08-16 19:55:43.414 (UTC)] info/application	[Motor] Received distance: 6.63469524780972 cm | Severity=75 | SourceName=Motor | EventType=application
[2026-08-16 19:55:43.414 (UTC)] warn/application	[Motor] Distance too close (6.63469524780972); rotating motor to 0 degrees | Severity=175 | SourceName=Motor | EventType=application
[2026-08-16 19:55:44.406 (UTC)] info/application	[Motor] Received distance: 7.9490621126951 cm | Severity=75 | SourceName=Motor | EventType=application
[2026-08-16 19:55:44.406 (UTC)] warn/application	[Motor] Distance too close (7.9490621126951); rotating motor to 0 degrees | Severity=175 | SourceName=Motor | EventType=application
[2026-08-16 19:55:45.415 (UTC)] info/application	[Motor] Received distance: 7.13164712797461 cm | Severity=75 | SourceName=Motor | EventType=application
[2026-08-16 19:55:45.415 (UTC)] warn/application	[Motor] Distance too close (7.13164712797461); rotating motor to 0 degrees | Severity=175 | SourceName=Motor | EventType=application
[2026-08-16 19:55:46.407 (UTC)] info/application	[Motor] Received distance: 7.71417070213434 cm | Severity=75 | SourceName=Motor | EventType=application
[2026-08-16 19:55:46.407 (UTC)] warn/application	[Motor] Distance too close (7.71417070213434); rotating motor to 0 degrees | Severity=175 | SourceName=Motor | EventType=application
[2026-08-16 19:55:47.415 (UTC)] info/application	[Motor] Received distance: 6.32569454322834 cm | Severity=75 | SourceName=Motor | EventType=application
[2026-08-16 19:55:47.415 (UTC)] warn/application	[Motor] Distance too close (6.32569454322834); rotating motor to 0 degrees | Severity=175 | SourceName=Motor | EventType=application
[2026-08-16 19:55:48.407 (UTC)] info/application	[Motor] Received distance: 5.36407511558573 cm | Severity=75 | SourceName=Motor | EventType=application
[2026-08-16 19:55:48.407 (UTC)] warn/application	[Motor] Distance too close (5.36407511558573); rotating motor to 0 degrees | Severity=175 | SourceName=Motor | EventType=application
[2026-08-16 19:55:49.415 (UTC)] info/application	[Motor] Received distance: 5.83757919647618 cm | Severity=75 | SourceName=Motor | EventType=application
[2026-08-16 19:55:49.415 (UTC)] warn/application	[Motor] Distance too close (5.83757919647618); rotating motor to 0 degrees | Severity=175 | SourceName=Motor | EventType=application
[2026-08-16 19:55:50.406 (UTC)] info/application	[Motor] Received distance: 4.97393940853604 cm | Severity=75 | SourceName=Motor | EventType=application
[2026-08-16 19:55:50.407 (UTC)] warn/application	[Motor] Distance too close (4.97393940853604); rotating motor to 0 degrees | Severity=175 | SourceName=Motor | EventType=application
[2026-08-16 19:55:51.415 (UTC)] info/application	[Motor] Received distance: 4.48099166899034 cm | Severity=75 | SourceName=Motor | EventType=application
[2026-08-16 19:55:51.415 (UTC)] warn/application	[Motor] Distance too close (4.48099166899034); rotating motor to 0 degrees | Severity=175 | SourceName=Motor | EventType=application
[2026-08-16 19:55:52.406 (UTC)] info/application	[Motor] Received distance: 5.40096452105835 cm | Severity=75 | SourceName=Motor | EventType=application
[2026-08-16 19:55:52.406 (UTC)] warn/application	[Motor] Distance too close (5.40096452105835); rotating motor to 0 degrees | Severity=175 | SourceName=Motor | EventType=application
[2026-08-16 19:55:53.414 (UTC)] info/application	[Motor] Received distance: 5.23470562497838 cm | Severity=75 | SourceName=Motor | EventType=application
[2026-08-16 19:55:53.414 (UTC)] warn/application	[Motor] Distance too close (5.23470562497838); rotating motor to 0 degrees | Severity=175 | SourceName=Motor | EventType=application
[2026-08-16 19:55:54.406 (UTC)] info/application	[Motor] Received distance: 3.78498338851378 cm | Severity=75 | SourceName=Motor | EventType=application
[2026-08-16 19:55:54.406 (UTC)] warn/application	[Motor] Distance too close (3.78498338851378); rotating motor to 0 degrees | Severity=175 | SourceName=Motor | EventType=application
[2026-08-16 19:55:55.414 (UTC)] info/application	[Motor] Received distance: 2.53723801208531 cm | Severity=75 | SourceName=Motor | EventType=application
[2026-08-16 19:55:55.414 (UTC)] warn/application	[Motor] Distance too close (2.53723801208531); rotating motor to 0 degrees | Severity=175 | SourceName=Motor | EventType=application
[2026-08-16 19:55:56.405 (UTC)] info/application	[Motor] Received distance: 2.07878765886593 cm | Severity=75 | SourceName=Motor | EventType=application
[2026-08-16 19:55:56.405 (UTC)] warn/application	[Motor] Distance too close (2.07878765886593); rotating motor to 0 degrees | Severity=175 | SourceName=Motor | EventType=application
[2026-08-16 19:55:57.413 (UTC)] info/application	[Motor] Received distance: 3.07568727972716 cm | Severity=75 | SourceName=Motor | EventType=application
[2026-08-16 19:55:57.413 (UTC)] warn/application	[Motor] Distance too close (3.07568727972716); rotating motor to 0 degrees | Severity=175 | SourceName=Motor | EventType=application
[2026-08-16 19:55:58.404 (UTC)] info/application	[Motor] Received distance: 2.58197277764881 cm | Severity=75 | SourceName=Motor | EventType=application
[2026-08-16 19:55:58.404 (UTC)] warn/application	[Motor] Distance too close (2.58197277764881); rotating motor to 0 degrees | Severity=175 | SourceName=Motor | EventType=application
[2026-08-16 19:55:59.413 (UTC)] info/application	[Motor] Received distance: 3.91319139181319 cm | Severity=75 | SourceName=Motor | EventType=application
[2026-08-16 19:55:59.413 (UTC)] warn/application	[Motor] Distance too close (3.91319139181319); rotating motor to 0 degrees | Severity=175 | SourceName=Motor | EventType=application
[2026-08-16 19:56:00.404 (UTC)] info/application	[Motor] Received distance: 4.83344068463586 cm | Severity=75 | SourceName=Motor | EventType=application
[2026-08-16 19:56:00.404 (UTC)] warn/application	[Motor] Distance too close (4.83344068463586); rotating motor to 0 degrees | Severity=175 | SourceName=Motor | EventType=application
[2026-08-16 19:56:01.413 (UTC)] info/application	[Motor] Received distance: 5.67375230611011 cm | Severity=75 | SourceName=Motor | EventType=application
[2026-08-16 19:56:01.413 (UTC)] warn/application	[Motor] Distance too close (5.67375230611011); rotating motor to 0 degrees | Severity=175 | SourceName=Motor | EventType=application
[2026-08-16 19:56:02.405 (UTC)] info/application	[Motor] Received distance: 5.54815398182168 cm | Severity=75 | SourceName=Motor | EventType=application
[2026-08-16 19:56:02.405 (UTC)] warn/application	[Motor] Distance too close (5.54815398182168); rotating motor to 0 degrees | Severity=175 | SourceName=Motor | EventType=application
[2026-08-16 19:56:03.413 (UTC)] info/application	[Motor] Received distance: 6.11163127217983 cm | Severity=75 | SourceName=Motor | EventType=application
[2026-08-16 19:56:03.413 (UTC)] warn/application	[Motor] Distance too close (6.11163127217983); rotating motor to 0 degrees | Severity=175 | SourceName=Motor | EventType=application
[2026-08-16 19:56:04.404 (UTC)] info/application	[Motor] Received distance: 6.37871029245607 cm | Severity=75 | SourceName=Motor | EventType=application
[2026-08-16 19:56:04.404 (UTC)] warn/application	[Motor] Distance too close (6.37871029245607); rotating motor to 0 degrees | Severity=175 | SourceName=Motor | EventType=application
[2026-08-16 19:56:05.412 (UTC)] info/application	[Motor] Received distance: 5.88790930918786 cm | Severity=75 | SourceName=Motor | EventType=application
[2026-08-16 19:56:05.412 (UTC)] warn/application	[Motor] Distance too close (5.88790930918786); rotating motor to 0 degrees | Severity=175 | SourceName=Motor | EventType=application
[2026-08-16 19:56:06.404 (UTC)] info/application	[Motor] Received distance: 6.2877885197698 cm | Severity=75 | SourceName=Motor | EventType=application
[2026-08-16 19:56:06.404 (UTC)] warn/application	[Motor] Distance too close (6.2877885197698); rotating motor to 0 degrees | Severity=175 | SourceName=Motor | EventType=application
[2026-08-16 19:56:07.413 (UTC)] info/application	[Motor] Received distance: 6.2948393061733 cm | Severity=75 | SourceName=Motor | EventType=application
[2026-08-16 19:56:07.413 (UTC)] warn/application	[Motor] Distance too close (6.2948393061733); rotating motor to 0 degrees | Severity=175 | SourceName=Motor | EventType=application
[2026-08-16 19:56:08.404 (UTC)] info/application	[Motor] Received distance: 7.64361279254947 cm | Severity=75 | SourceName=Motor | EventType=application
[2026-08-16 19:56:08.404 (UTC)] warn/application	[Motor] Distance too close (7.64361279254947); rotating motor to 0 degrees | Severity=175 | SourceName=Motor | EventType=application
[2026-08-16 19:56:09.413 (UTC)] info/application	[Motor] Received distance: 8.82146279016577 cm | Severity=75 | SourceName=Motor | EventType=application
[2026-08-16 19:56:09.413 (UTC)] warn/application	[Motor] Distance too close (8.82146279016577); rotating motor to 0 degrees | Severity=175 | SourceName=Motor | EventType=application
[2026-08-16 19:56:10.404 (UTC)] info/application	[Motor] Received distance: 9.81574688144761 cm | Severity=75 | SourceName=Motor | EventType=application
[2026-08-16 19:56:10.404 (UTC)] warn/application	[Motor] Distance too close (9.81574688144761); rotating motor to 0 degrees | Severity=175 | SourceName=Motor | EventType=application
[2026-08-16 19:56:11.413 (UTC)] info/application	[Motor] Received distance: 8.43153085137323 cm | Severity=75 | SourceName=Motor | EventType=application
[2026-08-16 19:56:11.413 (UTC)] warn/application	[Motor] Distance too close (8.43153085137323); rotating motor to 0 degrees | Severity=175 | SourceName=Motor | EventType=application
[2026-08-16 19:56:12.404 (UTC)] info/application	[Motor] Received distance: 9.36661430791328 cm | Severity=75 | SourceName=Motor | EventType=application
[2026-08-16 19:56:12.404 (UTC)] warn/application	[Motor] Distance too close (9.36661430791328); rotating motor to 0 degrees | Severity=175 | SourceName=Motor | EventType=application
[2026-08-16 19:56:13.412 (UTC)] info/application	[Motor] Received distance: 8.53681348545328 cm | Severity=75 | SourceName=Motor | EventType=application
[2026-08-16 19:56:13.412 (UTC)] warn/application	[Motor] Distance too close (8.53681348545328); rotating motor to 0 degrees | Severity=175 | SourceName=Motor | EventType=application
[2026-08-16 19:56:14.404 (UTC)] info/application	[Motor] Received distance: 7.1979285703031 cm | Severity=75 | SourceName=Motor | EventType=application
[2026-08-16 19:56:14.404 (UTC)] warn/application	[Motor] Distance too close (7.1979285703031); rotating motor to 0 degrees | Severity=175 | SourceName=Motor | EventType=application
[2026-08-16 19:56:15.412 (UTC)] info/application	[Motor] Received distance: 7.94737889033154 cm | Severity=75 | SourceName=Motor | EventType=application
[2026-08-16 19:56:15.412 (UTC)] warn/application	[Motor] Distance too close (7.94737889033154); rotating motor to 0 degrees | Severity=175 | SourceName=Motor | EventType=application
[2026-08-16 19:56:16.403 (UTC)] info/application	[Motor] Received distance: 7.80016308315105 cm | Severity=75 | SourceName=Motor | EventType=application
[2026-08-16 19:56:16.403 (UTC)] warn/application	[Motor] Distance too close (7.80016308315105); rotating motor to 0 degrees | Severity=175 | SourceName=Motor | EventType=application
[2026-08-16 19:56:17.412 (UTC)] info/application	[Motor] Received distance: 8.5438017421606 cm | Severity=75 | SourceName=Motor | EventType=application
[2026-08-16 19:56:17.412 (UTC)] warn/application	[Motor] Distance too close (8.5438017421606); rotating motor to 0 degrees | Severity=175 | SourceName=Motor | EventType=application
[2026-08-16 19:56:18.403 (UTC)] info/application	[Motor] Received distance: 9.40477590468003 cm | Severity=75 | SourceName=Motor | EventType=application
[2026-08-16 19:56:18.403 (UTC)] warn/application	[Motor] Distance too close (9.40477590468003); rotating motor to 0 degrees | Severity=175 | SourceName=Motor | EventType=application
[2026-08-16 19:56:19.411 (UTC)] info/application	[Motor] Received distance: 9.79594066985693 cm | Severity=75 | SourceName=Motor | EventType=application
[2026-08-16 19:56:19.411 (UTC)] warn/application	[Motor] Distance too close (9.79594066985693); rotating motor to 0 degrees | Severity=175 | SourceName=Motor | EventType=application
[2026-08-16 19:56:20.403 (UTC)] info/application	[Motor] Received distance: 9.51308340835994 cm | Severity=75 | SourceName=Motor | EventType=application
[2026-08-16 19:56:20.403 (UTC)] warn/application	[Motor] Distance too close (9.51308340835994); rotating motor to 0 degrees | Severity=175 | SourceName=Motor | EventType=application
[2026-08-16 19:56:21.412 (UTC)] info/application	[Motor] Received distance: 11.0104177829392 cm | Severity=75 | SourceName=Motor | EventType=application
[2026-08-16 19:56:21.412 (UTC)] warn/application	[Motor] Distance too close (11.0104177829392); rotating motor to 0 degrees | Severity=175 | SourceName=Motor | EventType=application
[2026-08-16 19:56:22.403 (UTC)] info/application	[Motor] Received distance: 12.4086348099674 cm | Severity=75 | SourceName=Motor | EventType=application
[2026-08-16 19:56:22.403 (UTC)] warn/application	[Motor] Distance too close (12.4086348099674); rotating motor to 0 degrees | Severity=175 | SourceName=Motor | EventType=application
[2026-08-16 19:56:23.412 (UTC)] info/application	[Motor] Received distance: 11.5457503991415 cm | Severity=75 | SourceName=Motor | EventType=application
[2026-08-16 19:56:23.412 (UTC)] warn/application	[Motor] Distance too close (11.5457503991415); rotating motor to 0 degrees | Severity=175 | SourceName=Motor | EventType=application
[2026-08-16 19:56:24.403 (UTC)] info/application	[Motor] Received distance: 11.3768258762438 cm | Severity=75 | SourceName=Motor | EventType=application
[2026-08-16 19:56:24.403 (UTC)] warn/application	[Motor] Distance too close (11.3768258762438); rotating motor to 0 degrees | Severity=175 | SourceName=Motor | EventType=application
[2026-08-16 19:56:25.412 (UTC)] info/application	[Motor] Received distance: 12.8253206668074 cm | Severity=75 | SourceName=Motor | EventType=application
[2026-08-16 19:56:25.412 (UTC)] warn/application	[Motor] Distance too close (12.8253206668074); rotating motor to 0 degrees | Severity=175 | SourceName=Motor | EventType=application
[2026-08-16 19:56:26.403 (UTC)] info/application	[Motor] Received distance: 12.2146908809499 cm | Severity=75 | SourceName=Motor | EventType=application
[2026-08-16 19:56:26.403 (UTC)] warn/application	[Motor] Distance too close (12.2146908809499); rotating motor to 0 degrees | Severity=175 | SourceName=Motor | EventType=applicati