Waiting for Aggregation Server to come online...
[2026-08-17 03:19:10.369 (UTC+0800)] [32minfo/network[0m	TCP 8	| Opening a connection to "127.0.0.1" on port 4840
[2026-08-17 03:19:10.370 (UTC+0800)] [32minfo/channel[0m	TCP 8	| SC 7	| SecureChannel opened with SecurityMode None for SecurityPolicy http://opcfoundation.org/UA/SecurityPolicy#None and a revised lifetime of 600.0s
[2026-08-17 03:19:10.370 (UTC+0800)] [32minfo/client[0m	Client Status: ChannelState: Open, SessionState: Closed, ConnectStatus: Good
[2026-08-17 03:19:10.370 (UTC+0800)] [32minfo/client[0m	The initially defined EndpointURL opc.tcp://127.0.0.1:4840 is valid for the server
[2026-08-17 03:19:10.371 (UTC+0800)] [33mwarn/client[0m	The server returned Endpoints with a different EndpointUrl opc.tcp://MSI:4840 than was used to initialize the connection: opc.tcp://127.0.0.1:4840. Some servers require a complete match of the EndpointUrl/DiscoveryUrl (including the path) to return all endpoints.
[2026-08-17 03:19:10.371 (UTC+0800)] [32minfo/client[0m	Endpoint 0: Best endpoint so far with UserTokenPolicy open62541-anonymous-policy-none#None
[2026-08-17 03:19:10.371 (UTC+0800)] [32minfo/client[0m	Endpoint 0 selected with SecurityMode None, SecurityPolicy http://opcfoundation.org/UA/SecurityPolicy#None and UserTokenPolicy open62541-anonymous-policy-none#None
[2026-08-17 03:19:10.371 (UTC+0800)] [32minfo/client[0m	CreateSession: Using UserTokenPolicy open62541-anonymous-policy-none#None
[2026-08-17 03:19:10.372 (UTC+0800)] [32minfo/client[0m	Client Status: ChannelState: Open, SessionState: Created, ConnectStatus: Good
[2026-08-17 03:19:10.372 (UTC+0800)] [32minfo/client[0m	ActivateSession: Using UserTokenPolicy open62541-anonymous-policy-none#None
[2026-08-17 03:19:10.372 (UTC+0800)] [32minfo/client[0m	Client Status: ChannelState: Open, SessionState: Activated, ConnectStatus: Good
Connected to Aggregation Server; forwarding logs to the AIOps model...
[Anomaly Input] [2026-08-16 19:19:09.403 (UTC)] info/application	[Sensor] Updated distance: 25.9428404152593 cm | Severity=75 | SourceName=Sensor | EventType=application | SourceNode=ns=1;s=SensorSource
[Anomaly Input] [2026-08-16 19:19:09.405 (UTC)] info/application	[Sensor] Updated distance: 26.0048371048201 cm | Severity=75 | SourceName=Sensor3 | EventType=application | SourceNode=ns=1;s=SensorSource3
[Anomaly Input] [2026-08-16 19:19:09.405 (UTC)] info/application	[Sensor] Updated distance: 25.9871155486848 cm | Severity=75 | SourceName=Sensor2 | EventType=application | SourceNode=ns=1;s=SensorSource2
[Anomaly Input] [2026-08-16 19:19:10.373 (UTC)] info/network	[System] TCP 16	| Connection opened from "127.0.0.1" via the server socket 8 | Severity=75 | SourceName=System | EventType=network | SourceNode=ns=1;s=SensorSource
[Anomaly Input] [2026-08-16 19:19:10.373 (UTC)] info/network	[System] TCP 16	| Connection opened from "127.0.0.1" via the server socket 8 | Severity=75 | SourceName=System | EventType=network | SourceNode=ns=1;s=SensorSource2
[Anomaly Input] [2026-08-16 19:19:10.374 (UTC)] info/network	[System] TCP 16	| Connection opened from "127.0.0.1" via the server socket 8 | Severity=75 | SourceName=System | EventType=network | SourceNode=ns=1;s=SensorSource3
[Anomaly Input] [2026-08-16 19:19:10.373 (UTC)] info/channel	[System] TCP 16	| SC 1	| SecureChannel created | Severity=75 | SourceName=System | EventType=channel | SourceNode=ns=1;s=SensorSource2
[Anomaly Input] [2026-08-16 19:19:10.373 (UTC)] info/channel	[System] TCP 16	| SC 1	| SecureChannel created | Severity=75 | SourceName=System | EventType=channel | SourceNode=ns=1;s=SensorSource
[Anomaly Input] [2026-08-16 19:19:10.374 (UTC)] info/channel	[System] TCP 16	| SC 1	| SecureChannel created | Severity=75 | SourceName=System | EventType=channel | SourceNode=ns=1;s=SensorSource3
[Anomaly Input] [2026-08-16 19:19:10.394 (UTC)] info/channel	[System] TCP 16	| SC 1	| OpenSecureChannel: Channel opened with SecurityMode None for SecurityPolicy http://opcfoundation.org/UA/SecurityPolicy#None and a revised lifetime of 600.0s | Severity=75 | SourceName=System | EventType=channel | SourceNode=ns=1;s=SensorSource2
[Anomaly Input] [2026-08-16 19:19:10.394 (UTC)] info/channel	[System] TCP 16	| SC 1	| OpenSecureChannel: Channel opened with SecurityMode None for SecurityPolicy http://opcfoundation.org/UA/SecurityPolicy#None and a revised lifetime of 600.0s | Severity=75 | SourceName=System | EventType=channel | SourceNode=ns=1;s=SensorSource
[Anomaly Input] [2026-08-16 19:19:10.394 (UTC)] info/channel	[System] TCP 16	| SC 1	| OpenSecureChannel: Channel opened with SecurityMode None for SecurityPolicy http://opcfoundation.org/UA/SecurityPolicy#None and a revised lifetime of 600.0s | Severity=75 | SourceName=System | EventType=channel | SourceNode=ns=1;s=SensorSource3
[Anomaly Input] [2026-08-16 19:19:10.400 (UTC)] info/channel	[System] TCP 8	| SC 1	| SecureChannel opened with SecurityMode None for SecurityPolicy http://opcfoundation.org/UA/SecurityPolicy#None and a revised lifetime of 600.0s | Severity=75 | SourceName=System | EventType=channel | SourceNode=ns=1;s=MotorSource
[Anomaly Input] [2026-08-16 19:19:10.402 (UTC)] info/channel	[System] TCP 8	| SC 1	| SecureChannel opened with SecurityMode None for SecurityPolicy http://opcfoundation.org/UA/SecurityPolicy#None and a revised lifetime of 600.0s | Severity=75 | SourceName=System | EventType=channel | SourceNode=ns=1;s=MotorSource2
[Anomaly Input] [2026-08-16 19:19:10.402 (UTC)] info/channel	[System] TCP 8	| SC 1	| SecureChannel opened with SecurityMode None for SecurityPolicy http://opcfoundation.org/UA/SecurityPolicy#None and a revised lifetime of 600.0s | Severity=75 | SourceName=System | EventType=channel | SourceNode=ns=1;s=MotorSource3
[Anomaly Input] [2026-08-16 19:19:10.404 (UTC)] info/application	[Sensor] Updated distance: 25.4440290957894 cm | Severity=75 | SourceName=Sensor | EventType=application | SourceNode=ns=1;s=SensorSource
[Anomaly Input] [2026-08-16 19:19:10.404 (UTC)] info/application	[Sensor] Updated distance: 25.9430460771281 cm | Severity=75 | SourceName=Sensor2 | EventType=application | SourceNode=ns=1;s=SensorSource2
[Anomaly Input] [2026-08-16 19:19:10.404 (UTC)] info/application	[Sensor] Updated distance: 24.8939458443289 cm | Severity=75 | SourceName=Sensor3 | EventType=application | SourceNode=ns=1;s=SensorSource3
[Anomaly Input] [2026-08-16 19:19:10.414 (UTC)] warn/client	[System] Removing a UserTokenPolicy that would allow the password to be transmitted without encryption (Can be enabled via config->allowNonePolicyPassword) | Severity=175 | SourceName=System | EventType=client | SourceNode=ns=1;s=SensorSource
[Anomaly Input] [2026-08-16 19:19:10.414 (UTC)] warn/client	[System] Removing a UserTokenPolicy that would allow the password to be transmitted without encryption (Can be enabled via config->allowNonePolicyPassword) | Severity=175 | SourceName=System | EventType=client | SourceNode=ns=1;s=SensorSource2
[Anomaly Input] [2026-08-16 19:19:10.415 (UTC)] warn/client	[System] Removing a UserTokenPolicy that would allow the password to be transmitted without encryption (Can be enabled via config->allowNonePolicyPassword) | Severity=175 | SourceName=System | EventType=client | SourceNode=ns=1;s=SensorSource3
[Anomaly Input] [2026-08-16 19:19:10.421 (UTC)] warn/client	[System] The server returned Endpoints with a different EndpointUrl opc.tcp://MSI:4842 than was used to initialize the connection: opc.tcp://127.0.0.1:4842. Some servers require a complete match of the EndpointUrl/DiscoveryUrl (including the path) to return all endpoints. | Severity=175 | SourceName=System | EventType=client | SourceNode=ns=1;s=MotorSource
[Anomaly Input] [2026-08-16 19:19:10.423 (UTC)] warn/client	[System] The server returned Endpoints with a different EndpointUrl opc.tcp://MSI:4843 than was used to initialize the connection: opc.tcp://127.0.0.1:4843. Some servers require a complete match of the EndpointUrl/DiscoveryUrl (including the path) to return all endpoints. | Severity=175 | SourceName=System | EventType=client | SourceNode=ns=1;s=MotorSource2
[Anomaly Input] [2026-08-16 19:19:10.423 (UTC)] warn/client	[System] The server returned Endpoints with a different EndpointUrl opc.tcp://MSI:4844 than was used to initialize the connection: opc.tcp://127.0.0.1:4844. Some servers require a complete match of the EndpointUrl/DiscoveryUrl (including the path) to return all endpoints. | Severity=175 | SourceName=System | EventType=client | SourceNode=ns=1;s=MotorSource3
[Anomaly Input] [2026-08-16 19:19:10.414 (UTC)] warn/client	[System] Removing a UserTokenPolicy that would allow the password to be transmitted without encryption (Can be enabled via config->allowNonePolicyPassword) | Severity=175 | SourceName=System | EventType=client | SourceNode=ns=1;s=SensorSource2
[Anomaly Input] [2026-08-16 19:19:10.414 (UTC)] warn/client	[System] Removing a UserTokenPolicy that would allow the password to be transmitted without encryption (Can be enabled via config->allowNonePolicyPassword) | Severity=175 | SourceName=System | EventType=client | SourceNode=ns=1;s=SensorSource
[Anomaly Input] [2026-08-16 19:19:10.415 (UTC)] warn/client	[System] Removing a UserTokenPolicy that would allow the password to be transmitted without encryption (Can be enabled via config->allowNonePolicyPassword) | Severity=175 | SourceName=System | EventType=client | SourceNode=ns=1;s=SensorSource3
[Anomaly Input] [2026-08-16 19:19:10.424 (UTC)] warn/client	[System] Removing a UserTokenPolicy that would allow the password to be transmitted without encryption (Can be enabled via config->allowNonePolicyPassword) | Severity=175 | SourceName=System | EventType=client | SourceNode=ns=1;s=SensorSource2
[Anomaly Input] [2026-08-16 19:19:10.424 (UTC)] warn/client	[System] Removing a UserTokenPolicy that would allow the password to be transmitted without encryption (Can be enabled via config->allowNonePolicyPassword) | Severity=175 | SourceName=System | EventType=client | SourceNode=ns=1;s=SensorSource
[Anomaly Input] [2026-08-16 19:19:10.425 (UTC)] warn/client	[System] Removing a UserTokenPolicy that would allow the password to be transmitted without encryption (Can be enabled via config->allowNonePolicyPassword) | Severity=175 | SourceName=System | EventType=client | SourceNode=ns=1;s=SensorSource3
[Anomaly Input] [2026-08-16 19:19:10.424 (UTC)] warn/client	[System] Removing a UserTokenPolicy that would allow the password to be transmitted without encryption (Can be enabled via config->allowNonePolicyPassword) | Severity=175 | SourceName=System | EventType=client | SourceNode=ns=1;s=SensorSource2
[Anomaly Input] [2026-08-16 19:19:10.424 (UTC)] warn/client	[System] Removing a UserTokenPolicy that would allow the password to be transmitted without encryption (Can be enabled via config->allowNonePolicyPassword) | Severity=175 | SourceName=System | EventType=client | SourceNode=ns=1;s=SensorSource
[Anomaly Input] [2026-08-16 19:19:10.425 (UTC)] warn/client	[System] Removing a UserTokenPolicy that would allow the password to be transmitted without encryption (Can be enabled via config->allowNonePolicyPassword) | Severity=175 | SourceName=System | EventType=client | SourceNode=ns=1;s=SensorSource3
[Anomaly Input] [2026-08-16 19:19:10.425 (UTC)] info/session	[System] TCP 16	| SC 1	| Session "ns=1;g=f9ed1fb1-6f4a-b972-32d3-ed8ef04f1431"	| Session created | Severity=75 | SourceName=System | EventType=session | SourceNode=ns=1;s=SensorSource2
[Anomaly Input] [2026-08-16 19:19:10.426 (UTC)] info/session	[System] TCP 16	| SC 1	| Session "ns=1;g=b31e814c-f203-00e5-4604-f00f535505b0"	| Session created | Severity=75 | SourceName=System | EventType=session | SourceNode=ns=1;s=SensorSource
[Anomaly Input] [2026-08-16 19:19:10.426 (UTC)] info/session	[System] TCP 16	| SC 1	| Session "ns=1;g=ba824ed2-83a7-feb0-e8ee-9ee95f65f6ef"	| Session created | Severity=75 | SourceName=System | EventType=session | SourceNode=ns=1;s=SensorSource3
[Anomaly Input] [2026-08-16 19:19:10.435 (UTC)] info/session	[System] TCP 16	| SC 1	| Session "ns=1;g=f9ed1fb1-6f4a-b972-32d3-ed8ef04f1431"	| ActivateSession: Session activated with ClientUserId "" | Severity=75 | SourceName=System | EventType=session | SourceNode=ns=1;s=SensorSource2
[Anomaly Input] [2026-08-16 19:19:10.436 (UTC)] info/session	[System] TCP 16	| SC 1	| Session "ns=1;g=b31e814c-f203-00e5-4604-f00f535505b0"	| ActivateSession: Session activated with ClientUserId "" | Severity=75 | SourceName=System | EventType=session | SourceNode=ns=1;s=SensorSource
[Anomaly Input] [2026-08-16 19:19:10.436 (UTC)] info/session	[System] TCP 16	| SC 1	| Session "ns=1;g=ba824ed2-83a7-feb0-e8ee-9ee95f65f6ef"	| ActivateSession: Session activated with ClientUserId "" | Severity=75 | SourceName=System | EventType=session | SourceNode=ns=1;s=SensorSource3
[Anomaly Input] [2026-08-16 19:19:10.820 (UTC)] info/session	[System] TCP 16	| SC 1	| Session "ns=1;g=f9ed1fb1-6f4a-b972-32d3-ed8ef04f1431"	| Subscription 1 | Subscription created (Publishing interval 500.0ms, max 1000 notifications per publish) | Severity=75 | SourceName=System | EventType=session | SourceNode=ns=1;s=SensorSource2
[Anomaly Input] [2026-08-16 19:19:10.820 (UTC)] info/session	[System] TCP 16	| SC 1	| Session "ns=1;g=b31e814c-f203-00e5-4604-f00f535505b0"	| Subscription 1 | Subscription created (Publishing interval 500.0ms, max 1000 notifications per publish) | Severity=75 | SourceName=System | EventType=session | SourceNode=ns=1;s=SensorSource
[Anomaly Input] [2026-08-16 19:19:10.821 (UTC)] info/session	[System] TCP 16	| SC 1	| Session "ns=1;g=ba824ed2-83a7-feb0-e8ee-9ee95f65f6ef"	| Subscription 1 | Subscription created (Publishing interval 500.0ms, max 1000 notifications per publish) | Severity=75 | SourceName=System | EventType=session | SourceNode=ns=1;s=SensorSource3
[Anomaly Input] [2026-08-16 19:19:10.831 (UTC)] info/session	[System] TCP 16	| SC 1	| Session "ns=1;g=f9ed1fb1-6f4a-b972-32d3-ed8ef04f1431"	| Subscription 1 | MonitoredItem 1 | Created the MonitoredItem (Sampling Interval: 250.0ms, Queue Size: 1) | Severity=75 | SourceName=System | EventType=session | SourceNode=ns=1;s=SensorSource2
[Anomaly Input] [2026-08-16 19:19:10.818 (UTC)] info/application	Connected to sensor backend; subscribing to distance updates | Severity=75 | SourceName=Motor2 | EventType=application | SourceNode=ns=1;s=MotorSource2
[Anomaly Input] [2026-08-16 19:19:10.831 (UTC)] info/session	[System] TCP 16	| SC 1	| Session "ns=1;g=ba824ed2-83a7-feb0-e8ee-9ee95f65f6ef"	| Subscription 1 | MonitoredItem 1 | Created the MonitoredItem (Sampling Interval: 250.0ms, Queue Size: 1) | Severity=75 | SourceName=System | EventType=session | SourceNode=ns=1;s=SensorSource3
[Anomaly Input] [2026-08-16 19:19:10.818 (UTC)] info/application	Connected to sensor backend; subscribing to distance updates | Severity=75 | SourceName=Motor3 | EventType=application | SourceNode=ns=1;s=MotorSource3
[Anomaly Input] [2026-08-16 19:19:10.841 (UTC)] info/session	[System] TCP 16	| SC 1	| Session "ns=1;g=b31e814c-f203-00e5-4604-f00f535505b0"	| Subscription 1 | MonitoredItem 1 | Created the MonitoredItem (Sampling Interval: 250.0ms, Queue Size: 1) | Severity=75 | SourceName=System | EventType=session | SourceNode=ns=1;s=SensorSource
[Anomaly Input] [2026-08-16 19:19:10.816 (UTC)] info/application	Connected to sensor backend; subscribing to distance updates | Severity=75 | SourceName=Motor | EventType=application | SourceNode=ns=1;s=MotorSource
[Anomaly Input] [2026-08-16 19:19:11.406 (UTC)] info/application	[Sensor] Updated distance: 24.1444806380405 cm | Severity=75 | SourceName=Sensor | EventType=application | SourceNode=ns=1;s=SensorSource
[Anomaly Input] [2026-08-16 19:19:11.406 (UTC)] info/application	[Sensor] Updated distance: 25.1712407505471 cm | Severity=75 | SourceName=Sensor2 | EventType=application | SourceNode=ns=1;s=SensorSource2
[Anomaly Input] [2026-08-16 19:19:11.407 (UTC)] info/application	[Motor] Received distance: 25.9430460771281 cm | Severity=75 | SourceName=Motor2 | EventType=application | SourceNode=ns=1;s=MotorSource2
[Anomaly Input] [2026-08-16 19:19:11.407 (UTC)] info/application	[Sensor] Updated distance: 24.6188338595065 cm | Severity=75 | SourceName=Sensor3 | EventType=application | SourceNode=ns=1;s=SensorSource3
[Anomaly Input] [2026-08-16 19:19:11.408 (UTC)] info/application	[Motor] Received distance: 25.4440290957894 cm | Severity=75 | SourceName=Motor | EventType=application | SourceNode=ns=1;s=MotorSource
[Anomaly Input] [2026-08-16 19:19:11.406 (UTC)] info/network	[System] TCP 17	| Connection opened from "127.0.0.1" via the server socket 8 | Severity=75 | SourceName=System | EventType=network | SourceNode=ns=1;s=SensorSource
[Anomaly Input] [2026-08-16 19:19:11.417 (UTC)] info/application	[Motor] Received distance: 24.8939458443289 cm | Severity=75 | SourceName=Motor3 | EventType=application | SourceNode=ns=1;s=MotorSource3
[Anomaly Input] [2026-08-16 19:19:11.407 (UTC)] info/application	[Motor] Distance safe (25.9430460771281); rotating motor to 90 degrees | Severity=75 | SourceName=Motor2 | EventType=application | SourceNode=ns=1;s=MotorSource2
[Anomaly Input] [2026-08-16 19:19:11.406 (UTC)] info/channel	[System] TCP 17	| SC 2	| SecureChannel created | Severity=75 | SourceName=System | EventType=channel | SourceNode=ns=1;s=SensorSource
[Anomaly Input] [2026-08-16 19:19:11.408 (UTC)] info/application	[Motor] Distance safe (25.4440290957894); rotating motor to 90 degrees | Severity=75 | SourceName=Motor | EventType=application | SourceNode=ns=1;s=MotorSource
[Anomaly Input] [2026-08-16 19:19:11.417 (UTC)] info/application	[Motor] Distance safe (24.8939458443289); rotating motor to 90 degrees | Severity=75 | SourceName=Motor3 | EventType=application | SourceNode=ns=1;s=MotorSource3
[Anomaly Input] [2026-08-16 19:19:11.427 (UTC)] info/channel	[System] TCP 17	| SC 2	| OpenSecureChannel: Channel opened with SecurityMode None for SecurityPolicy http://opcfoundation.org/UA/SecurityPolicy#None and a revised lifetime of 600.0s | Severity=75 | SourceName=System | EventType=channel | SourceNode=ns=1;s=SensorSource
[Anomaly Input] [2026-08-16 19:19:11.447 (UTC)] warn/client	[System] Removing a UserTokenPolicy that would allow the password to be transmitted without encryption (Can be enabled via config->allowNonePolicyPassword) | Severity=175 | SourceName=System | EventType=client | SourceNode=ns=1;s=SensorSource
[Anomaly Input] [2026-08-16 19:19:11.448 (UTC)] warn/client	[System] Removing a UserTokenPolicy that would allow the password to be transmitted without encryption (Can be enabled via config->allowNonePolicyPassword) | Severity=175 | SourceName=System | EventType=client | SourceNode=ns=1;s=SensorSource
[Anomaly Input] [2026-08-16 19:19:11.458 (UTC)] warn/client	[System] Removing a UserTokenPolicy that would allow the password to be transmitted without encryption (Can be enabled via config->allowNonePolicyPassword) | Severity=175 | SourceName=System | EventType=client | SourceNode=ns=1;s=SensorSource
[Anomaly Input] [2026-08-16 19:19:11.458 (UTC)] warn/client	[System] Removing a UserTokenPolicy that would allow the password to be transmitted without encryption (Can be enabled via config->allowNonePolicyPassword) | Severity=175 | SourceName=System | EventType=client | SourceNode=ns=1;s=SensorSource
[Anomaly Input] [2026-08-16 19:19:11.902 (UTC)] info/application	[Motor] Received distance: 25.1712407505471 cm | Severity=75 | SourceName=Motor2 | EventType=application | SourceNode=ns=1;s=MotorSource2
[Anomaly Input] [2026-08-16 19:19:11.907 (UTC)] info/application	[Motor] Received distance: 24.6188338595065 cm | Severity=75 | SourceName=Motor3 | EventType=application | SourceNode=ns=1;s=MotorSource3
[Anomaly Input] [2026-08-16 19:19:12.406 (UTC)] info/application	[Sensor] Updated distance: 25.408338897586 cm | Severity=75 | SourceName=Sensor2 | EventType=application | SourceNode=ns=1;s=SensorSource2
[Anomaly Input] [2026-08-16 19:19:12.406 (UTC)] info/application	[Sensor] Updated distance: 23.1540192813398 cm | Severity=75 | SourceName=Sensor3 | EventType=application | SourceNode=ns=1;s=SensorSource3
[Anomaly Input] [2026-08-16 19:19:13.490 (UTC)] info/application	[Sensor] Updated distance: 24.631688287543 cm | Severity=75 | SourceName=Sensor2 | EventType=application | SourceNode=ns=1;s=SensorSource2
[Anomaly Input] [2026-08-16 19:19:13.490 (UTC)] info/application	[Sensor] Updated distance: 24.0921218072028 cm | Severity=75 | SourceName=Sensor3 | EventType=application | SourceNode=ns=1;s=SensorSource3
[Anomaly Input] [2026-08-16 19:19:11.902 (UTC)] info/application	[Motor] Distance safe (25.1712407505471); rotating motor to 90 degrees | Severity=75 | SourceName=Motor2 | EventType=application | SourceNode=ns=1;s=MotorSource2
[Anomaly Input] [2026-08-16 19:19:11.907 (UTC)] info/application	[Motor] Distance safe (24.6188338595065); rotating motor to 90 degrees | Severity=75 | SourceName=Motor3 | EventType=application | SourceNode=ns=1;s=MotorSource3
[Anomaly Input] [2026-08-16 19:19:11.459 (UTC)] info/session	[System] TCP 17	| SC 2	| Session "ns=1;g=27c723c7-8a97-7987-0570-77878af82f92"	| Session created | Severity=75 | SourceName=System | EventType=session | SourceNode=ns=1;s=SensorSource
[Anomaly Input] [2026-08-16 19:19:13.490 (UTC)] info/application	[Motor] Received distance: 24.1444806380405 cm | Severity=75 | SourceName=Motor | EventType=application | SourceNode=ns=1;s=MotorSource
[Anomaly Input] [2026-08-16 19:19:11.469 (UTC)] info/session	[System] TCP 17	| SC 2	| Session "ns=1;g=27c723c7-8a97-7987-0570-77878af82f92"	| ActivateSession: Session activated with ClientUserId "" | Severity=75 | SourceName=System | EventType=session | SourceNode=ns=1;s=SensorSource
[Anomaly Input] [2026-08-16 19:19:13.490 (UTC)] info/application	[Motor] Received distance: 25.408338897586 cm | Severity=75 | SourceName=Motor2 | EventType=application | SourceNode=ns=1;s=MotorSource2
[Anomaly Input] [2026-08-16 19:19:13.490 (UTC)] info/application	[Motor] Received distance: 23.1540192813398 cm | Severity=75 | SourceName=Motor3 | EventType=application | SourceNode=ns=1;s=MotorSource3
[Anomaly Input] [2026-08-16 19:19:13.490 (UTC)] info/application	[Motor] Distance safe (24.1444806380405); rotating motor to 90 degrees | Severity=75 | SourceName=Motor | EventType=application | SourceNode=ns=1;s=MotorSource
[Anomaly Input] [2026-08-16 19:19:13.490 (UTC)] info/application	[Sensor] Updated distance: 24.5511847057152 cm | Severity=75 | SourceName=Sensor | EventType=application | SourceNode=ns=1;s=SensorSource
[Anomaly Input] [2026-08-16 19:19:13.490 (UTC)] info/session	[System] TCP 17	| SC 2	| Session "ns=1;g=27c723c7-8a97-7987-0570-77878af82f92"	| Subscription 2 | Subscription created (Publishing interval 500.0ms, max 1000 notifications per publish) | Severity=75 | SourceName=System | EventType=session | SourceNode=ns=1;s=SensorSource
[Anomaly Input] [2026-08-16 19:19:13.490 (UTC)] info/application	[Motor] Distance safe (25.408338897586); rotating motor to 90 degrees | Severity=75 | SourceName=Motor2 | EventType=application | SourceNode=ns=1;s=MotorSource2
[Anomaly Input] [2026-08-16 19:19:13.490 (UTC)] info/application	[Motor] Distance safe (23.1540192813398); rotating motor to 90 degrees | Severity=75 | SourceName=Motor3 | EventType=application | SourceNode=ns=1;s=MotorSource3
[Anomaly Input] [2026-08-16 19:19:14.000 (UTC)] info/application	[Motor] Received distance: 24.5511847057152 cm | Severity=75 | SourceName=Motor | EventType=application | SourceNode=ns=1;s=MotorSource
[Anomaly Input] [2026-08-16 19:19:14.000 (UTC)] info/application	[Motor] Received distance: 24.631688287543 cm | Severity=75 | SourceName=Motor2 | EventType=application | SourceNode=ns=1;s=MotorSource2
[Anomaly Input] [2026-08-16 19:19:14.000 (UTC)] info/application	[Motor] Received distance: 24.0921218072028 cm | Severity=75 | SourceName=Motor3 | EventType=application | SourceNode=ns=1;s=MotorSource3
[Anomaly Input] [2026-08-16 19:19:14.000 (UTC)] info/application	[Motor] Distance safe (24.5511847057152); rotating motor to 90 degrees | Severity=75 | SourceName=Motor | EventType=application | SourceNode=ns=1;s=MotorSource
[Anomaly Input] [2026-08-16 19:19:14.000 (UTC)] info/application	[Motor] Distance safe (24.631688287543); rotating motor to 90 degrees | Severity=75 | SourceName=Motor2 | EventType=application | SourceNode=ns=1;s=MotorSource2
[Anomaly Input] [2026-08-16 19:19:14.000 (UTC)] info/application	[Motor] Distance safe (24.0921218072028); rotating motor to 90 degrees | Severity=75 | SourceName=Motor3 | EventType=application | SourceNode=ns=1;s=MotorSource3
[Anomaly Input] [2026-08-16 19:19:14.399 (UTC)] info/application	[Sensor] Updated distance: 24.5123522004636 cm | Severity=75 | SourceName=Sensor2 | EventType=application | SourceNode=ns=1;s=SensorSource2
[Anomaly Input] [2026-08-16 19:19:14.399 (UTC)] info/application	[Sensor] Updated distance: 23.0924959737307 cm | Severity=75 | SourceName=Sensor3 | EventType=application | SourceNode=ns=1;s=SensorSource3
[Anomaly Input] [2026-08-16 19:19:14.490 (UTC)] info/application	[Sensor] Updated distance: 25.0339849249152 cm | Severity=75 | SourceName=Sensor | EventType=application | SourceNode=ns=1;s=SensorSource
[Anomaly Input] [2026-08-16 19:19:14.490 (UTC)] info/application	[Motor] Received distance: 25.0339849249152 cm | Severity=75 | SourceName=Motor | EventType=application | SourceNode=ns=1;s=MotorSource
[Anomaly Input] [2026-08-16 19:19:14.491 (UTC)] info/application	[Motor] Received distance: 23.0924959737307 cm | Severity=75 | SourceName=Motor3 | EventType=application | SourceNode=ns=1;s=MotorSource3
[Anomaly Input] [2026-08-16 19:19:14.491 (UTC)] info/application	[Motor] Received distance: 24.5123522004636 cm | Severity=75 | SourceName=Motor2 | EventType=application | SourceNode=ns=1;s=MotorSource2
[Anomaly Input] [2026-08-16 19:19:14.490 (UTC)] info/application	[Motor] Distance safe (25.0339849249152); rotating motor to 90 degrees | Severity=75 | SourceName=Motor | EventType=application | SourceNode=ns=1;s=MotorSource
[Anomaly Input] [2026-08-16 19:19:14.491 (UTC)] info/application	[Motor] Distance safe (23.0924959737307); rotating motor to 90 degrees | Severity=75 | SourceName=Motor3 | EventType=application | SourceNode=ns=1;s=MotorSource3
[Anomaly Input] [2026-08-16 19:19:14.491 (UTC)] info/application	[Motor] Distance safe (24.5123522004636); rotating motor to 90 degrees | Severity=75 | SourceName=Motor2 | EventType=application | SourceNode=ns=1;s=MotorSource2
[Anomaly Input] [2026-08-16 19:19:15.399 (UTC)] info/application	[Sensor] Updated distance: 23.580787948836 cm | Severity=75 | SourceName=Sensor2 | EventType=application | SourceNode=ns=1;s=SensorSource2
[Anomaly Input] [2026-08-16 19:19:15.399 (UTC)] info/application	[Sensor] Updated distance: 21.9211252319725 cm | Severity=75 | SourceName=Sensor3 | EventType=application | SourceNode=ns=1;s=SensorSource3
[Anomaly Input] [2026-08-16 19:19:15.490 (UTC)] info/application	[Sensor] Updated distance: 24.2586789788952 cm | Severity=75 | SourceName=Sensor | EventType=application | SourceNode=ns=1;s=SensorSource
[Anomaly Input] [2026-08-16 19:19:15.493 (UTC)] info/application	[Motor] Received distance: 24.2586789788952 cm | Severity=75 | SourceName=Motor | EventType=application | SourceNode=ns=1;s=MotorSource
[Anomaly Input] [2026-08-16 19:19:15.499 (UTC)] info/application	[Motor] Received distance: 21.9211252319725 cm | Severity=75 | SourceName=Motor3 | EventType=application | SourceNode=ns=1;s=MotorSource3
[Anomaly Input] [2026-08-16 19:19:15.499 (UTC)] info/application	[Motor] Received distance: 23.580787948836 cm | Severity=75 | SourceName=Motor2 | EventType=application | SourceNode=ns=1;s=MotorSource2
[Anomaly Input] [2026-08-16 19:19:15.493 (UTC)] info/application	[Motor] Distance safe (24.2586789788952); rotating motor to 90 degrees | Severity=75 | SourceName=Motor | EventType=application | SourceNode=ns=1;s=MotorSource
[Anomaly Input] [2026-08-16 19:19:15.499 (UTC)] info/application	[Motor] Distance safe (21.9211252319725); rotating motor to 90 degrees | Severity=75 | SourceName=Motor3 | EventType=application | SourceNode=ns=1;s=MotorSource3
[Anomaly Input] [2026-08-16 19:19:15.499 (UTC)] info/application	[Motor] Distance safe (23.580787948836); rotating motor to 90 degrees | Severity=75 | SourceName=Motor2 | EventType=application | SourceNode=ns=1;s=MotorSource2
[Anomaly Input] [2026-08-16 19:19:16.399 (UTC)] info/application	[Sensor] Updated distance: 24.4621406246266 cm | Severity=75 | SourceName=Sensor2 | EventType=application | SourceNode=ns=1;s=SensorSource2
[Anomaly Input] [2026-08-16 19:19:16.399 (UTC)] info/application	[Sensor] Updated distance: 22.1874661097245 cm | Severity=75 | SourceName=Sensor3 | EventType=application | SourceNode=ns=1;s=SensorSource3
[Anomaly Input] [2026-08-16 19:19:16.490 (UTC)] info/application	[Sensor] Updated distance: 25.0277127844876 cm | Severity=75 | SourceName=Sensor | EventType=application | SourceNode=ns=1;s=SensorSource
[Anomaly Input] [2026-08-16 19:19:16.493 (UTC)] info/application	[Motor] Received distance: 25.0277127844876 cm | Severity=75 | SourceName=Motor | EventType=application | SourceNode=ns=1;s=MotorSource
[Anomaly Input] [2026-08-16 19:19:16.499 (UTC)] info/application	[Motor] Received distance: 22.1874661097245 cm | Severity=75 | SourceName=Motor3 | EventType=application | SourceNode=ns=1;s=MotorSource3
[Anomaly Input] [2026-08-16 19:19:16.500 (UTC)] info/application	[Motor] Received distance: 24.4621406246266 cm | Severity=75 | SourceName=Motor2 | EventType=application | SourceNode=ns=1;s=MotorSource2
[Anomaly Input] [2026-08-16 19:19:16.493 (UTC)] info/application	[Motor] Distance safe (25.0277127844876); rotating motor to 90 degrees | Severity=75 | SourceName=Motor | EventType=application | SourceNode=ns=1;s=MotorSource
[Anomaly Input] [2026-08-16 19:19:16.499 (UTC)] info/application	[Motor] Distance safe (22.1874661097245); rotating motor to 90 degrees | Severity=75 | SourceName=Motor3 | EventType=application | SourceNode=ns=1;s=MotorSource3
[Anomaly Input] [2026-08-16 19:19:16.500 (UTC)] info/application	[Motor] Distance safe (24.4621406246266); rotating motor to 90 degrees | Severity=75 | SourceName=Motor2 | EventType=application | SourceNode=ns=1;s=MotorSource2
[Anomaly Input] [2026-08-16 19:19:17.399 (UTC)] info/application	[Sensor] Updated distance: 24.3902643471445 cm | Severity=75 | SourceName=Sensor2 | EventType=application | SourceNode=ns=1;s=SensorSource2
[Anomaly Input] [2026-08-16 19:19:17.400 (UTC)] info/application	[Sensor] Updated distance: 22.7785438058332 cm | Severity=75 | SourceName=Sensor3 | EventType=application | SourceNode=ns=1;s=SensorSource3
[Anomaly Input] [2026-08-16 19:19:17.490 (UTC)] info/application	[Sensor] Updated distance: 26.4930848570043 cm | Severity=75 | SourceName=Sensor | EventType=application | SourceNode=ns=1;s=SensorSource
[Anomaly Input] [2026-08-16 19:19:17.490 (UTC)] info/application	[Motor] Received distance: 26.4930848570043 cm | Severity=75 | SourceName=Motor | EventType=application | SourceNode=ns=1;s=MotorSource
[Anomaly Input] [2026-08-16 19:19:17.500 (UTC)] info/application	[Motor] Received distance: 22.7785438058332 cm | Severity=75 | SourceName=Motor3 | EventType=application | SourceNode=ns=1;s=MotorSource3
[Anomaly Input] [2026-08-16 19:19:17.500 (UTC)] info/application	[Motor] Received distance: 24.3902643471445 cm | Severity=75 | SourceName=Motor2 | EventType=application | SourceNode=ns=1;s=MotorSource2
[Anomaly Input] [2026-08-16 19:19:17.490 (UTC)] info/application	[Motor] Distance safe (26.4930848570043); rotating motor to 90 degrees | Severity=75 | SourceName=Motor | EventType=application | SourceNode=ns=1;s=MotorSource
[Anomaly Input] [2026-08-16 19:19:17.500 (UTC)] info/application	[Motor] Distance safe (22.7785438058332); rotating motor to 90 degrees | Severity=75 | SourceName=Motor3 | EventType=application | SourceNode=ns=1;s=MotorSource3
[Anomaly Input] [2026-08-16 19:19:17.500 (UTC)] info/application	[Motor] Distance safe (24.3902643471445); rotating motor to 90 degrees | Severity=75 | SourceName=Motor2 | EventType=application | SourceNode=ns=1;s=MotorSource2
[Anomaly Input] [2026-08-16 19:19:18.086 (UTC)] warn/application	[Motor] Distance too close (15.2); rotating motor to 0 degrees | Severity=175 | SourceName=Motor2 | EventType=application | SourceNode=null
[Anomaly Input] [2026-08-16 19:19:18.087 (UTC)] warn/application	[Motor] Distance too close (15.2); rotating motor to 0 degrees | Severity=175 | SourceName=Motor | EventType=application | SourceNode=null
[Anomaly Input] [2026-08-16 19:19:18.087 (UTC)] warn/application	[Motor] Distance too close (15.2); rotating motor to 0 degrees | Severity=175 | SourceName=Motor3 | EventType=application | SourceNode=null
[Anomaly Input] [2026-08-16 19:19:18.399 (UTC)] info/application	[Sensor] Updated distance: 25.764149347676 cm | Severity=75 | SourceName=Sensor2 | EventType=application | SourceNode=ns=1;s=SensorSource2
[Anomaly Input] [2026-08-16 19:19:18.400 (UTC)] info/application	[Sensor] Updated distance: 24.2459754362916 cm | Severity=75 | SourceName=Sensor3 | EventType=application | SourceNode=ns=1;s=SensorSource3
[Anomaly Input] [2026-08-16 19:19:18.490 (UTC)] info/application	[Sensor] Updated distance: 27.2159689388778 cm | Severity=75 | SourceName=Sensor | EventType=application | SourceNode=ns=1;s=SensorSource
[Anomaly Input] [2026-08-16 19:19:18.493 (UTC)] info/application	[Motor] Received distance: 27.2159689388778 cm | Severity=75 | SourceName=Motor | EventType=application | SourceNode=ns=1;s=MotorSource
[Anomaly Input] [2026-08-16 19:19:18.500 (UTC)] info/application	[Motor] Received distance: 25.764149347676 cm | Severity=75 | SourceName=Motor2 | EventType=application | SourceNode=ns=1;s=MotorSource2
[Anomaly Input] [2026-08-16 19:19:18.501 (UTC)] info/application	[Motor] Received distance: 24.2459754362916 cm | Severity=75 | SourceName=Motor3 | EventType=application | SourceNode=ns=1;s=MotorSource3
[Anomaly Input] [2026-08-16 19:19:18.493 (UTC)] info/application	[Motor] Distance safe (27.2159689388778); rotating motor to 90 degrees | Severity=75 | SourceName=Motor | EventType=application | SourceNode=ns=1;s=MotorSource
[Anomaly Input] [2026-08-16 19:19:18.500 (UTC)] info/application	[Motor] Distance safe (25.764149347676); rotating motor to 90 degrees | Severity=75 | SourceName=Motor2 | EventType=application | SourceNode=ns=1;s=MotorSource2
[Anomaly Input] [2026-08-16 19:19:18.501 (UTC)] info/application	[Motor] Distance safe (24.2459754362916); rotating motor to 90 degrees | Severity=75 | SourceName=Motor3 | EventType=application | SourceNode=ns=1;s=MotorSource3
[Anomaly Input] [2026-08-16 19:19:19.400 (UTC)] info/application	[Sensor] Updated distance: 23.7374495357449 cm | Severity=75 | SourceName=Sensor3 | EventType=application | SourceNode=ns=1;s=SensorSource3
[Anomaly Input] [2026-08-16 19:19:19.400 (UTC)] info/application	[Sensor] Updated distance: 25.299168019462 cm | Severity=75 | SourceName=Sensor2 | EventType=application | SourceNode=ns=1;s=SensorSource2
[Anomaly Input] [2026-08-16 19:19:19.491 (UTC)] info/application	[Sensor] Updated distance: 26.9488462656498 cm | Severity=75 | SourceName=Sensor | EventType=application | SourceNode=ns=1;s=SensorSource
[Anomaly Input] [2026-08-16 19:19:19.491 (UTC)] info/application	[Motor] Received distance: 25.299168019462 cm | Severity=75 | SourceName=Motor2 | EventType=application | SourceNode=ns=1;s=MotorSource2
[Anomaly Input] [2026-08-16 19:19:19.493 (UTC)] info/application	[Motor] Received distance: 26.9488462656498 cm | Severity=75 | SourceName=Motor | EventType=application | SourceNode=ns=1;s=MotorSource
[Anomaly Input] [2026-08-16 19:19:19.501 (UTC)] info/application	[Motor] Received distance: 23.7374495357449 cm | Severity=75 | SourceName=Motor3 | EventType=application | SourceNode=ns=1;s=MotorSource3
[Anomaly Input] [2026-08-16 19:19:19.491 (UTC)] info/application	[Motor] Distance safe (25.299168019462); rotating motor to 90 degrees | Severity=75 | SourceName=Motor2 | EventType=application | SourceNode=ns=1;s=MotorSource2
[Anomaly Input] [2026-08-16 19:19:19.493 (UTC)] info/application	[Motor] Distance safe (26.9488462656498); rotating motor to 90 degrees | Severity=75 | SourceName=Motor | EventType=application | SourceNode=ns=1;s=MotorSource
[Anomaly Input] [2026-08-16 19:19:19.501 (UTC)] info/application	[Motor] Distance safe (23.7374495357449); rotating motor to 90 degrees | Severity=75 | SourceName=Motor3 | EventType=application | SourceNode=ns=1;s=MotorSource3
[Anomaly Input] [2026-08-16 19:19:20.400 (UTC)] info/application	[Sensor] Updated distance: 25.2278647903483 cm | Severity=75 | SourceName=Sensor2 | EventType=application | SourceNode=ns=1;s=SensorSource2
[Anomaly Input] [2026-08-16 19:19:20.401 (UTC)] info/application	[Sensor] Updated distance: 22.6090458755424 cm | Severity=75 | SourceName=Sensor3 | EventType=application | SourceNode=ns=1;s=SensorSource3
[Anomaly Input] [2026-08-16 19:19:20.490 (UTC)] info/application	[Sensor] Updated distance: 27.99002981395 cm | Severity=75 | SourceName=Sensor | EventType=application | SourceNode=ns=1;s=SensorSource
[Anomaly Input] [2026-08-16 19:19:20.492 (UTC)] info/application	[Motor] Received distance: 22.6090458755424 cm | Severity=75 | SourceName=Motor3 | EventType=application | SourceNode=ns=1;s=MotorSource3
[Anomaly Input] [2026-08-16 19:19:20.493 (UTC)] info/application	[Motor] Received distance: 27.99002981395 cm | Severity=75 | SourceName=Motor | EventType=application | SourceNode=ns=1;s=MotorSource
[Anomaly Input] [2026-08-16 19:19:20.500 (UTC)] info/application	[Motor] Received distance: 25.2278647903483 cm | Severity=75 | SourceName=Motor2 | EventType=application | SourceNode=ns=1;s=MotorSource2
[Anomaly Input] [2026-08-16 19:19:20.492 (UTC)] info/application	[Motor] Distance safe (22.6090458755424); rotating motor to 90 degrees | Severity=75 | SourceName=Motor3 | EventType=application | SourceNode=ns=1;s=MotorSource3
[Anomaly Input] [2026-08-16 19:19:20.493 (UTC)] info/application	[Motor] Distance safe (27.99002981395); rotating motor to 90 degrees | Severity=75 | SourceName=Motor | EventType=application | SourceNode=ns=1;s=MotorSource
[Anomaly Input] [2026-08-16 19:19:20.500 (UTC)] info/application	[Motor] Distance safe (25.2278647903483); rotating motor to 90 degrees | Severity=75 | SourceName=Motor2 | EventType=application | SourceNode=ns=1;s=MotorSource2
[Anomaly Input] [2026-08-16 19:19:21.399 (UTC)] info/application	[Sensor] Updated distance: 25.9953273578991 cm | Severity=75 | SourceName=Sensor2 | EventType=application | SourceNode=ns=1;s=SensorSource2
[Anomaly Input] [2026-08-16 19:19:21.401 (UTC)] info/application	[Sensor] Updated distance: 23.4458229141058 cm | Severity=75 | SourceName=Sensor3 | EventType=application | SourceNode=ns=1;s=SensorSource3
[Anomaly Input] [2026-08-16 19:19:21.490 (UTC)] info/application	[Sensor] Updated distance: 27.4265603788321 cm | Severity=75 | SourceName=Sensor | EventType=application | SourceNode=ns=1;s=SensorSource
[Anomaly Input] [2026-08-16 19:19:21.490 (UTC)] info/application	[Motor] Received distance: 27.4265603788321 cm | Severity=75 | SourceName=Motor | EventType=application | SourceNode=ns=1;s=MotorSource
[Anomaly Input] [2026-08-16 19:19:21.491 (UTC)] info/application	[Motor] Received distance: 25.9953273578991 cm | Severity=75 | SourceName=Motor2 | EventType=application | SourceNode=ns=1;s=MotorSource2
[Anomaly Input] [2026-08-16 19:19:21.499 (UTC)] info/application	[Motor] Received distance: 23.4458229141058 cm | Severity=75 | SourceName=Motor3 | EventType=application | SourceNode=ns=1;s=MotorSource3
[Anomaly Input] [2026-08-16 19:19:21.490 (UTC)] info/application	[Motor] Distance safe (27.4265603788321); rotating motor to 90 degrees | Severity=75 | SourceName=Motor | EventType=application | SourceNode=ns=1;s=MotorSource
[Anomaly Input] [2026-08-16 19:19:21.491 (UTC)] info/application	[Motor] Distance safe (25.9953273578991); rotating motor to 90 degrees | Severity=75 | SourceName=Motor2 | EventType=application | SourceNode=ns=1;s=MotorSource2
[Anomaly Input] [2026-08-16 19:19:21.499 (UTC)] info/application	[Motor] Distance safe (23.4458229141058); rotating motor to 90 degrees | Severity=75 | SourceName=Motor3 | EventType=application | SourceNode=ns=1;s=MotorSource3
[Anomaly Input] [2026-08-16 19:19:22.399 (UTC)] info/application	[Sensor] Updated distance: 25.4827580328485 cm | Severity=75 | SourceName=Sensor2 | EventType=application | SourceNode=ns=1;s=SensorSource2
[Anomaly Input] [2026-08-16 19:19:22.401 (UTC)] info/application	[Sensor] Updated distance: 24.5911641933914 cm | Severity=75 | SourceName=Sensor3 | EventType=application | SourceNode=ns=1;s=SensorSource3
[Anomaly Input] [2026-08-16 19:19:22.490 (UTC)] info/application	[Sensor] Updated distance: 26.5674106255488 cm | Severity=75 | SourceName=Sensor | EventType=application | SourceNode=ns=1;s=SensorSource
[Anomaly Input] [2026-08-16 19:19:22.492 (UTC)] info/application	[Motor] Received distance: 26.5674106255488 cm | Severity=75 | SourceName=Motor | EventType=application | SourceNode=ns=1;s=MotorSource
[Anomaly Input] [2026-08-16 19:19:22.499 (UTC)] info/application	[Motor] Received distance: 25.4827580328485 cm | Severity=75 | SourceName=Motor2 | EventType=application | SourceNode=ns=1;s=MotorSource2
[Anomaly Input] [2026-08-16 19:19:22.500 (UTC)] info/application	[Motor] Received distance: 24.5911641933914 cm | Severity=75 | SourceName=Motor3 | EventType=application | SourceNode=ns=1;s=MotorSource3
[Anomaly Input] [2026-08-16 19:19:22.492 (UTC)] info/application	[Motor] Distance safe (26.5674106255488); rotating motor to 90 degrees | Severity=75 | SourceName=Motor | EventType=application | SourceNode=ns=1;s=MotorSource
[Anomaly Input] [2026-08-16 19:19:22.499 (UTC)] info/application	[Motor] Distance safe (25.4827580328485); rotating motor to 90 degrees | Severity=75 | SourceName=Motor2 | EventType=application | SourceNode=ns=1;s=MotorSource2
[Anomaly Input] [2026-08-16 19:19:22.500 (UTC)] info/application	[Motor] Distance safe (24.5911641933914); rotating motor to 90 degrees | Severity=75 | SourceName=Motor3 | EventType=application | SourceNode=ns=1;s=MotorSource3
[Anomaly Input] [2026-08-16 19:19:23.400 (UTC)] info/application	[Sensor] Updated distance: 24.5916547030637 cm | Severity=75 | SourceName=Sensor2 | EventType=application | SourceNode=ns=1;s=SensorSource2
[Anomaly Input] [2026-08-16 19:19:23.401 (UTC)] info/application	[Sensor] Updated distance: 25.6742520230702 cm | Severity=75 | SourceName=Sensor3 | EventType=application | SourceNode=ns=1;s=SensorSource3
[Anomaly Input] [2026-08-16 19:19:23.490 (UTC)] info/application	[Sensor] Updated distance: 27.3516968434452 cm | Severity=75 | SourceName=Sensor | EventType=application | SourceNode=ns=1;s=SensorSource
[Anomaly Input] [2026-08-16 19:19:23.492 (UTC)] info/application	[Motor] Received distance: 27.3516968434452 cm | Severity=75 | SourceName=Motor | EventType=application | SourceNode=ns=1;s=MotorSource
[Anomaly Input] [2026-08-16 19:19:23.499 (UTC)] info/application	[Motor] Received distance: 24.5916547030637 cm | Severity=75 | SourceName=Motor2 | EventType=application | SourceNode=ns=1;s=MotorSource2
[Anomaly Input] [2026-08-16 19:19:23.500 (UTC)] info/application	[Motor] Received distance: 25.6742520230702 cm | Severity=75 | SourceName=Motor3 | EventType=application | SourceNode=ns=1;s=MotorSource3
[Anomaly Input] [2026-08-16 19:19:23.492 (UTC)] info/application	[Motor] Distance safe (27.3516968434452); rotating motor to 90 degrees | Severity=75 | SourceName=Motor | EventType=application | SourceNode=ns=1;s=MotorSource
[Anomaly Input] [2026-08-16 19:19:23.499 (UTC)] info/application	[Motor] Distance safe (24.5916547030637); rotating motor to 90 degrees | Severity=75 | SourceName=Motor2 | EventType=application | SourceNode=ns=1;s=MotorSource2
[Anomaly Input] [2026-08-16 19:19:23.500 (UTC)] info/application	[Motor] Distance safe (25.6742520230702); rotating motor to 90 degrees | Severity=75 | SourceName=Motor3 | EventType=application | SourceNode=ns=1;s=MotorSource3
[Anomaly Input] [2026-08-16 19:19:24.400 (UTC)] info/application	[Sensor] Updated distance: 24.415257985897 cm | Severity=75 | SourceName=Sensor2 | EventType=application | SourceNode=ns=1;s=SensorSource2
[Anomaly Input] [2026-08-16 19:19:24.401 (UTC)] info/application	[Sensor] Updated distance: 25.4015606201261 cm | Severity=75 | SourceName=Sensor3 | EventType=application | SourceNode=ns=1;s=SensorSource3
[Anomaly Input] [2026-08-16 19:19:24.500 (UTC)] info/application	[Motor] Received distance: 24.415257985897 cm | Severity=75 | SourceName=Motor2 | EventType=application | SourceNode=ns=1;s=MotorSource2
[Anomaly Input] [2026-08-16 19:19:24.500 (UTC)] info/application	[Sensor] Updated distance: 25.929029736402 cm | Severity=75 | SourceName=Sensor | EventType=application | SourceNode=ns=1;s=SensorSource
[Anomaly Input] [2026-08-16 19:19:24.500 (UTC)] info/application	[Motor] Received distance: 25.929029736402 cm | Severity=75 | SourceName=Motor | EventType=application | SourceNode=ns=1;s=MotorSource
[Anomaly Input] [2026-08-16 19:19:24.501 (UTC)] info/application	[Motor] Received distance: 25.4015606201261 cm | Severity=75 | SourceName=Motor3 | EventType=application | SourceNode=ns=1;s=MotorSource3
[Anomaly Input] [2026-08-16 19:19:24.500 (UTC)] info/application	[Motor] Distance safe (24.415257985897); rotating motor to 90 degrees | Severity=75 | SourceName=Motor2 | EventType=application | SourceNode=ns=1;s=MotorSource2
[Anomaly Input] [2026-08-16 19:19:24.500 (UTC)] info/application	[Motor] Distance safe (25.929029736402); rotating motor to 90 degrees | Severity=75 | SourceName=Motor | EventType=application | SourceNode=ns=1;s=MotorSource
[Anomaly Input] [2026-08-16 19:19:24.501 (UTC)] info/application	[Motor] Distance safe (25.4015606201261); rotating motor to 90 degrees | Severity=75 | SourceName=Motor3 | EventType=application | SourceNode=ns=1;s=MotorSource3
[Anomaly Input] [2026-08-16 19:19:25.400 (UTC)] info/application	[Sensor] Updated distance: 25.1767764094643 cm | Severity=75 | SourceName=Sensor2 | EventType=application | SourceNode=ns=1;s=SensorSource2
[Anomaly Input] [2026-08-16 19:19:25.401 (UTC)] info/application	[Sensor] Updated distance: 25.5785357333154 cm | Severity=75 | SourceName=Sensor3 | EventType=application | SourceNode=ns=1;s=SensorSource3
[Anomaly Input] [2026-08-16 19:19:25.490 (UTC)] info/application	[Sensor] Updated distance: 27.2799410579167 cm | Severity=75 | SourceName=Sensor | EventType=application | SourceNode=ns=1;s=SensorSource
[Anomaly Input] [2026-08-16 19:19:25.490 (UTC)] info/application	[Motor] Received distance: 27.2799410579167 cm | Severity=75 | SourceName=Motor | EventType=application | SourceNode=ns=1;s=MotorSource
[Anomaly Input] [2026-08-16 19:19:25.501 (UTC)] info/application	[Motor] Received distance: 25.1767764094643 cm | Severity=75 | SourceName=Motor2 | EventType=application | SourceNode=ns=1;s=MotorSource2
[Anomaly Input] [2026-08-16 19:19:25.501 (UTC)] info/application	[Motor] Received distance: 25.5785357333154 cm | Severity=75 | SourceName=Motor3 | EventType=application | SourceNode=ns=1;s=MotorSource3
[Anomaly Input] [2026-08-16 19:19:25.490 (UTC)] info/application	[Motor] Distance safe (27.2799410579167); rotating motor to 90 degrees | Severity=75 | SourceName=Motor | EventType=application | SourceNode=ns=1;s=MotorSource
[Anomaly Input] [2026-08-16 19:19:25.501 (UTC)] info/application	[Motor] Distance safe (25.1767764094643); rotating motor to 90 degrees | Severity=75 | SourceName=Motor2 | EventType=application | SourceNode=ns=1;s=MotorSource2
[Anomaly Input] [2026-08-16 19:19:25.501 (UTC)] info/application	[Motor] Distance safe (25.5785357333154); rotating motor to 90 degrees | Severity=75 | SourceName=Motor3 | EventType=application | SourceNode=ns=1;s=MotorSource3
[Anomaly Input] [2026-08-16 19:19:26.400 (UTC)] info/application	[Sensor] Updated distance: 23.9389639668814 cm | Severity=75 | SourceName=Sensor2 | EventType=application | SourceNode=ns=1;s=SensorSource2
[Anomaly Input] [2026-08-16 19:19:26.401 (UTC)] info/application	[Sensor] Updated distance: 25.6382499810486 cm | Severity=75 | SourceName=Sensor3 | EventType=application | SourceNode=ns=1;s=SensorSource3
[Anomaly Input] [2026-08-16 19:19:26.492 (UTC)] info/application	[Motor] Received distance: 23.9389639668814 cm | Severity=75 | SourceName=Motor2 | EventType=application | SourceNode=ns=1;s=MotorSource2
[Anomaly Input] [2026-08-16 19:19:26.493 (UTC)] info/application	[Motor] Received distance: 25.6382499810486 cm | Severity=75 | SourceName=Motor3 | EventType=application | SourceNode=ns=1;s=MotorSource3
[Anomaly Input] [2026-08-16 19:19:26.500 (UTC)] info/application	[Sensor] Updated distance: 28.5711138318624 cm | Severity=75 | SourceName=Sensor | EventType=application | SourceNode=ns=1;s=SensorSource
[Anomaly Input] [2026-08-16 19:19:26.500 (UTC)] info/application	[Motor] Received distance: 28.5711138318624 cm | Severity=75 | SourceName=Motor | EventType=application | SourceNode=ns=1;s=MotorSource
[Anomaly Input] [2026-08-16 19:19:26.492 (UTC)] info/application	[Motor] Distance safe (23.9389639668814); rotating motor to 90 degrees | Severity=75 | SourceName=Motor2 | EventType=application | SourceNode=ns=1;s=MotorSource2
[Anomaly Input] [2026-08-16 19:19:26.493 (UTC)] info/application	[Motor] Distance safe (25.6382499810486); rotating motor to 90 degrees | Severity=75 | SourceName=Motor3 | EventType=application | SourceNode=ns=1;s=MotorSource3
[Anomaly Input] [2026-08-16 19:19:26.500 (UTC)] info/application	[Motor] Distance safe (28.5711138318624); rotating motor to 90 degrees | Severity=75 | SourceName=Motor | EventType=application | SourceNode=ns=1;s=MotorSource
[Anomaly Input] [2026-08-16 19:19:27.400 (UTC)] info/application	[Sensor] Updated distance: 24.0593394853917 cm | Severity=75 | SourceName=Sensor2 | EventType=application | SourceNode=ns=1;s=SensorSource2
[Anomaly Input] [2026-08-16 19:19:27.401 (UTC)] info/application	[Sensor] Updated distance: 24.5682337684875 cm | Severity=75 | SourceName=Sensor3 | EventType=application | SourceNode=ns=1;s=SensorSource3
[Anomaly Input] [2026-08-16 19:19:27.499 (UTC)] info/application	[Motor] Received distance: 24.5682337684875 cm | Severity=75 | SourceName=Motor3 | EventType=application | SourceNode=ns=1;s=MotorSource3
[Anomaly Input] [2026-08-16 19:19:27.499 (UTC)] info/application	[Sensor] Updated distance: 28.9689609980997 cm | Severity=75 | SourceName=Sensor | EventType=application | SourceNode=ns=1;s=SensorSource
[Anomaly Input] [2026-08-16 19:19:27.500 (UTC)] info/application	[Motor] Received distance: 24.0593394853917 cm | Severity=75 | SourceName=Motor2 | EventType=application | SourceNode=ns=1;s=MotorSource2
[Anomaly Input] [2026-08-16 19:19:27.508 (UTC)] info/application	[Motor] Received distance: 28.9689609980997 cm | Severity=75 | SourceName=Motor | EventType=application | SourceNode=ns=1;s=MotorSource
[Anomaly Input] [2026-08-16 19:19:27.499 (UTC)] info/application	[Motor] Distance safe (24.5682337684875); rotating motor to 90 degrees | Severity=75 | SourceName=Motor3 | EventType=application | SourceNode=ns=1;s=MotorSource3
[Anomaly Input] [2026-08-16 19:19:27.500 (UTC)] info/application	[Motor] Distance safe (24.0593394853917); rotating motor to 90 degrees | Severity=75 | SourceName=Motor2 | EventType=application | SourceNode=ns=1;s=MotorSource2
[Anomaly Input] [2026-08-16 19:19:27.508 (UTC)] info/application	[Motor] Distance safe (28.9689609980997); rotating motor to 90 degrees | Severity=75 | SourceName=Motor | EventType=application | SourceNode=ns=1;s=MotorSource
[Anomaly Input] [2026-08-16 19:19:28.399 (UTC)] info/application	[Sensor] Updated distance: 23.6067795649202 cm | Severity=75 | SourceName=Sensor2 | EventType=application | SourceNode=ns=1;s=SensorSource2
[Anomaly Input] [2026-08-16 19:19:28.401 (UTC)] info/application	[Sensor] Updated distance: 23.9301796108159 cm | Severity=75 | SourceName=Sensor3 | EventType=application | SourceNode=ns=1;s=SensorSource3
[Anomaly Input] [2026-08-16 19:19:28.499 (UTC)] info/application	[Sensor] Updated distance: 30.1968939051483 cm | Severity=75 | SourceName=Sensor | EventType=application | SourceNode=ns=1;s=SensorSource
[Anomaly Input] [2026-08-16 19:19:28.499 (UTC)] info/application	[Motor] Received distance: 30.1968939051483 cm | Severity=75 | SourceName=Motor | EventType=application | SourceNode=ns=1;s=MotorSource
[Anomaly Input] [2026-08-16 19:19:28.500 (UTC)] info/application	[Motor] Received distance: 23.9301796108159 cm | Severity=75 | SourceName=Motor3 | EventType=application | SourceNode=ns=1;s=MotorSource3
[Anomaly Input] [2026-08-16 19:19:28.500 (UTC)] info/application	[Motor] Received distance: 23.6067795649202 cm | Severity=75 | SourceName=Motor2 | EventType=application | SourceNode=ns=1;s=MotorSource2
[Anomaly Input] [2026-08-16 19:19:28.499 (UTC)] info/application	[Motor] Distance safe (30.1968939051483); rotating motor to 90 degrees | Severity=75 | SourceName=Motor | EventType=application | SourceNode=ns=1;s=MotorSource
[Anomaly Input] [2026-08-16 19:19:28.500 (UTC)] info/application	[Motor] Distance safe (23.9301796108159); rotating motor to 90 degrees | Severity=75 | SourceName=Motor3 | EventType=application | SourceNode=ns=1;s=MotorSource3
[Anomaly Input] [2026-08-16 19:19:28.500 (UTC)] info/application	[Motor] Distance safe (23.6067795649202); rotating motor to 90 degrees | Severity=75 | SourceName=Motor2 | EventType=application | SourceNode=ns=1;s=MotorSource2
[Anomaly Input] [2026-08-16 19:19:29.402 (UTC)] info/application	[Sensor] Updated distance: 24.7676694226766 cm | Severity=75 | SourceName=Sensor3 | EventType=application | SourceNode=ns=1;s=SensorSource3
[Anomaly Input] [2026-08-16 19:19:29.409 (UTC)] info/application	[Sensor] Updated distance: 23.5771101499335 cm | Severity=75 | SourceName=Sensor2 | EventType=application | SourceNode=ns=1;s=SensorSource2
[Anomaly Input] [2026-08-16 19:19:29.498 (UTC)] info/application	[Sensor] Updated distance: 31.3630802679635 cm | Severity=75 | SourceName=Sensor | EventType=application | SourceNode=ns=1;s=SensorSource
[Anomaly Input] [2026-08-16 19:19:29.500 (UTC)] info/application	[Motor] Received distance: 24.7676694226766 cm | Severity=75 | SourceName=Motor3 | EventType=application | SourceNode=ns=1;s=MotorSource3
[Anomaly Input] [2026-08-16 19:19:29.501 (UTC)] info/application	[Motor] Received distance: 23.5771101499335 cm | Severity=75 | SourceName=Motor2 | EventType=application | SourceNode=ns=1;s=MotorSource2
[Anomaly Input] [2026-08-16 19:19:29.507 (UTC)] info/application	[Motor] Received distance: 31.3630802679635 cm | Severity=75 | SourceName=Motor | EventType=application | SourceNode=ns=1;s=MotorSource
[Anomaly Input] [2026-08-16 19:19:29.500 (UTC)] info/application	[Motor] Distance safe (24.7676694226766); rotating motor to 90 degrees | Severity=75 | SourceName=Motor3 | EventType=application | SourceNode=ns=1;s=MotorSource3
[Anomaly Input] [2026-08-16 19:19:29.501 (UTC)] info/application	[Motor] Distance safe (23.5771101499335); rotating motor to 90 degrees | Severity=75 | SourceName=Motor2 | EventType=application | SourceNode=ns=1;s=MotorSource2
[Anomaly Input] [2026-08-16 19:19:29.507 (UTC)] info/application	[Motor] Distance safe (31.3630802679635); rotating motor to 90 degrees | Severity=75 | SourceName=Motor | EventType=application | SourceNode=ns=1;s=MotorSource
[Anomaly Input] [2026-08-16 19:19:30.399 (UTC)] info/application	[Sensor] Updated distance: 24.33360467727 cm | Severity=75 | SourceName=Sensor2 | EventType=application | SourceNode=ns=1;s=SensorSource2
[Anomaly Input] [2026-08-16 19:19:30.402 (UTC)] info/application	[Sensor] Updated distance: 24.2291564504752 cm | Severity=75 | SourceName=Sensor3 | EventType=application | SourceNode=ns=1;s=SensorSource3
[Anomaly Input] [2026-08-16 19:19:30.491 (UTC)] info/application	[Motor] Received distance: 24.33360467727 cm | Severity=75 | SourceName=Motor2 | EventType=application | SourceNode=ns=1;s=MotorSource2
[Anomaly Input] [2026-08-16 19:19:30.498 (UTC)] info/application	[Sensor] Updated distance: 31.8884010381943 cm | Severity=75 | SourceName=Sensor | EventType=application | SourceNode=ns=1;s=SensorSource
[Anomaly Input] [2026-08-16 19:19:30.498 (UTC)] info/application	[Motor] Received distance: 31.8884010381943 cm | Severity=75 | SourceName=Motor | EventType=application | SourceNode=ns=1;s=MotorSource
[Anomaly Input] [2026-08-16 19:19:30.500 (UTC)] info/application	[Motor] Received distance: 24.2291564504752 cm | Severity=75 | SourceName=Motor3 | EventType=application | SourceNode=ns=1;s=MotorSource3
[Anomaly Input] [2026-08-16 19:19:30.491 (UTC)] info/application	[Motor] Distance safe (24.33360467727); rotating motor to 90 degrees | Severity=75 | SourceName=Motor2 | EventType=application | SourceNode=ns=1;s=MotorSource2
[Anomaly Input] [2026-08-16 19:19:30.498 (UTC)] info/application	[Motor] Distance safe (31.8884010381943); rotating motor to 90 degrees | Severity=75 | SourceName=Motor | EventType=application | SourceNode=ns=1;s=MotorSource
[Anomaly Input] [2026-08-16 19:19:30.500 (UTC)] info/application	[Motor] Distance safe (24.2291564504752); rotating motor to 90 degrees | Severity=75 | SourceName=Motor3 | EventType=application | SourceNode=ns=1;s=MotorSource3
[Anomaly Input] [2026-08-16 19:19:31.399 (UTC)] info/application	[Sensor] Updated distance: 25.3559172157459 cm | Severity=75 | SourceName=Sensor2 | EventType=application | SourceNode=ns=1;s=SensorSource2
[Anomaly Input] [2026-08-16 19:19:31.402 (UTC)] info/application	[Sensor] Updated distance: 25.585617891087 cm | Severity=75 | SourceName=Sensor3 | EventType=application | SourceNode=ns=1;s=SensorSource3
[Anomaly Input] [2026-08-16 19:19:31.498 (UTC)] info/application	[Sensor] Updated distance: 32.3407108664237 cm | Severity=75 | SourceName=Sensor | EventType=application | SourceNode=ns=1;s=SensorSource
[Anomaly Input] [2026-08-16 19:19:31.499 (UTC)] info/application	[Motor] Received distance: 25.3559172157459 cm | Severity=75 | SourceName=Motor2 | EventType=application | SourceNode=ns=1;s=MotorSource2
[Anomaly Input] [2026-08-16 19:19:31.500 (UTC)] info/application	[Motor] Received distance: 25.585617891087 cm | Severity=75 | SourceName=Motor3 | EventType=application | SourceNode=ns=1;s=MotorSource3
[Anomaly Input] [2026-08-16 19:19:31.506 (UTC)] info/application	[Motor] Received distance: 32.3407108664237 cm | Severity=75 | SourceName=Motor | EventType=application | SourceNode=ns=1;s=MotorSource
[Anomaly Input] [2026-08-16 19:19:31.499 (UTC)] info/application	[Motor] Distance safe (25.3559172157459); rotating motor to 90 degrees | Severity=75 | SourceName=Motor2 | EventType=application | SourceNode=ns=1;s=MotorSource2
[Anomaly Input] [2026-08-16 19:19:31.500 (UTC)] info/application	[Motor] Distance safe (25.585617891087); rotating motor to 90 degrees | Severity=75 | SourceName=Motor3 | EventType=application | SourceNode=ns=1;s=MotorSource3
[Anomaly Input] [2026-08-16 19:19:31.506 (UTC)] info/application	[Motor] Distance safe (32.3407108664237); rotating motor to 90 degrees | Severity=75 | SourceName=Motor | EventType=application | SourceNode=ns=1;s=MotorSource
[Anomaly Input] [2026-08-16 19:19:32.399 (UTC)] info/application	[Sensor] Updated distance: 26.325282524957 cm | Severity=75 | SourceName=Sensor2 | EventType=application | SourceNode=ns=1;s=SensorSource2
[Anomaly Input] [2026-08-16 19:19:32.402 (UTC)] info/application	[Sensor] Updated distance: 24.2134124688867 cm | Severity=75 | SourceName=Sensor3 | EventType=application | SourceNode=ns=1;s=SensorSource3
[Anomaly Input] [2026-08-16 19:19:32.498 (UTC)] info/application	[Sensor] Updated distance: 31.4475795365626 cm | Severity=75 | SourceName=Sensor | EventType=application | SourceNode=ns=1;s=SensorSource
[Anomaly Input] [2026-08-16 19:19:32.498 (UTC)] info/application	[Motor] Received distance: 31.4475795365626 cm | Severity=75 | SourceName=Motor | EventType=application | SourceNode=ns=1;s=MotorSource
[Anomaly Input] [2026-08-16 19:19:32.500 (UTC)] info/application	[Motor] Received distance: 24.2134124688867 cm | Severity=75 | SourceName=Motor3 | EventType=application | SourceNode=ns=1;s=MotorSource3
[Anomaly Input] [2026-08-16 19:19:32.500 (UTC)] info/application	[Motor] Received distance: 26.325282524957 cm | Severity=75 | SourceName=Motor2 | EventType=application | SourceNode=ns=1;s=MotorSource2
[Anomaly Input] [2026-08-16 19:19:32.498 (UTC)] info/application	[Motor] Distance safe (31.4475795365626); rotating motor to 90 degrees | Severity=75 | SourceName=Motor | EventType=application | SourceNode=ns=1;s=MotorSource
[Anomaly Input] [2026-08-16 19:19:32.500 (UTC)] info/application	[Motor] Distance safe (24.2134124688867); rotating motor to 90 degrees | Severity=75 | SourceName=Motor3 | EventType=application | SourceNode=ns=1;s=MotorSource3
[Anomaly Input] [2026-08-16 19:19:32.500 (UTC)] info/application	[Motor] Distance safe (26.325282524957); rotating motor to 90 degrees | Severity=75 | SourceName=Motor2 | EventType=application | SourceNode=ns=1;s=MotorSource2
[Anomaly Input] [2026-08-16 19:19:33.399 (UTC)] info/application	[Sensor] Updated distance: 27.6254844009529 cm | Severity=75 | SourceName=Sensor2 | EventType=application | SourceNode=ns=1;s=SensorSource2
[Anomaly Input] [2026-08-16 19:19:33.401 (UTC)] info/application	[Sensor] Updated distance: 25.1526054258703 cm | Severity=75 | SourceName=Sensor3 | EventType=application | SourceNode=ns=1;s=SensorSource3
[Anomaly Input] [2026-08-16 19:19:33.497 (UTC)] info/application	[Sensor] Updated distance: 30.1677079010605 cm | Severity=75 | SourceName=Sensor | EventType=application | SourceNode=ns=1;s=SensorSource
[Anomaly Input] [2026-08-16 19:19:33.500 (UTC)] info/application	[Motor] Received distance: 25.1526054258703 cm | Severity=75 | SourceName=Motor3 | EventType=application | SourceNode=ns=1;s=MotorSource3
[Anomaly Input] [2026-08-16 19:19:33.500 (UTC)] info/application	[Motor] Received distance: 27.6254844009529 cm | Severity=75 | SourceName=Motor2 | EventType=application | SourceNode=ns=1;s=MotorSource2
[Anomaly Input] [2026-08-16 19:19:33.506 (UTC)] info/application	[Motor] Received distance: 30.1677079010605 cm | Severity=75 | SourceName=Motor | EventType=application | SourceNode=ns=1;s=MotorSource
[Anomaly Input] [2026-08-16 19:19:33.500 (UTC)] info/application	[Motor] Distance safe (25.1526054258703); rotating motor to 90 degrees | Severity=75 | SourceName=Motor3 | EventType=application | SourceNode=ns=1;s=MotorSource3
[Anomaly Input] [2026-08-16 19:19:33.500 (UTC)] info/application	[Motor] Distance safe (27.6254844009529); rotating motor to 90 degrees | Severity=75 | SourceName=Motor2 | EventType=application | SourceNode=ns=1;s=MotorSource2
[Anomaly Input] [2026-08-16 19:19:33.506 (UTC)] info/application	[Motor] Distance safe (30.1677079010605); rotating motor to 90 degrees | Severity=75 | SourceName=Motor | EventType=application | SourceNode=ns=1;s=MotorSource
[Anomaly Input] [2026-08-16 19:19:34.399 (UTC)] info/application	[Sensor] Updated distance: 27.7820541941477 cm | Severity=75 | SourceName=Sensor2 | EventType=application | SourceNode=ns=1;s=SensorSource2
[Anomaly Input] [2026-08-16 19:19:34.402 (UTC)] info/application	[Sensor] Updated distance: 24.8984083542127 cm | Severity=75 | SourceName=Sensor3 | EventType=application | SourceNode=ns=1;s=SensorSource3
[Anomaly Input] [2026-08-16 19:19:34.490 (UTC)] info/application	[Motor] Received distance: 27.7820541941477 cm | Severity=75 | SourceName=Motor2 | EventType=application | SourceNode=ns=1;s=MotorSource2
[Anomaly Input] [2026-08-16 19:19:34.497 (UTC)] info/application	[Sensor] Updated distance: 30.2104565928273 cm | Severity=75 | SourceName=Sensor | EventType=application | SourceNode=ns=1;s=SensorSource
[Anomaly Input] [2026-08-16 19:19:34.497 (UTC)] info/application	[Motor] Received distance: 30.2104565928273 cm | Severity=75 | SourceName=Motor | EventType=application | SourceNode=ns=1;s=MotorSource
[Anomaly Input] [2026-08-16 19:19:34.500 (UTC)] info/application	[Motor] Received distance: 24.8984083542127 cm | Severity=75 | SourceName=Motor3 | EventType=application | SourceNode=ns=1;s=MotorSource3
[Anomaly Input] [2026-08-16 19:19:34.490 (UTC)] info/application	[Motor] Distance safe (27.7820541941477); rotating motor to 90 degrees | Severity=75 | SourceName=Motor2 | EventType=application | SourceNode=ns=1;s=MotorSource2
[Anomaly Input] [2026-08-16 19:19:34.497 (UTC)] info/application	[Motor] Distance safe (30.2104565928273); rotating motor to 90 degrees | Severity=75 | SourceName=Motor | EventType=application | SourceNode=ns=1;s=MotorSource
[Anomaly Input] [2026-08-16 19:19:34.500 (UTC)] info/application	[Motor] Distance safe (24.8984083542127); rotating motor to 90 degrees | Severity=75 | SourceName=Motor3 | EventType=application | SourceNode=ns=1;s=MotorSource3
[Anomaly Input] [2026-08-16 19:19:35.402 (UTC)] info/application	[Sensor] Updated distance: 25.4596892380899 cm | Severity=75 | SourceName=Sensor3 | EventType=application | SourceNode=ns=1;s=SensorSource3
[Anomaly Input] [2026-08-16 19:19:35.409 (UTC)] info/application	[Sensor] Updated distance: 26.838588425116 cm | Severity=75 | SourceName=Sensor2 | EventType=application | SourceNode=ns=1;s=SensorSource2
[Anomaly Input] [2026-08-16 19:19:35.497 (UTC)] info/application	[Sensor] Updated distance: 29.1786837355135 cm | Severity=75 | SourceName=Sensor | EventType=application | SourceNode=ns=1;s=SensorSource
[Anomaly Input] [2026-08-16 19:19:35.500 (UTC)] info/application	[Motor] Received distance: 26.838588425116 cm | Severity=75 | SourceName=Motor2 | EventType=application | SourceNode=ns=1;s=MotorSource2
[Anomaly Input] [2026-08-16 19:19:35.500 (UTC)] info/application	[Motor] Received distance: 25.4596892380899 cm | Severity=75 | SourceName=Motor3 | EventType=application | SourceNode=ns=1;s=MotorSource3
[Anomaly Input] [2026-08-16 19:19:35.505 (UTC)] info/application	[Motor] Received distance: 29.1786837355135 cm | Severity=75 | SourceName=Motor | EventType=application | SourceNode=ns=1;s=MotorSource
[Anomaly Input] [2026-08-16 19:19:35.500 (UTC)] info/application	[Motor] Distance safe (26.838588425116); rotating motor to 90 degrees | Severity=75 | SourceName=Motor2 | EventType=application | SourceNode=ns=1;s=MotorSource2
[Anomaly Input] [2026-08-16 19:19:35.500 (UTC)] info/application	[Motor] Distance safe (25.4596892380899); rotating motor to 90 degrees | Severity=75 | SourceName=Motor3 | EventType=application | SourceNode=ns=1;s=MotorSource3
[Anomaly Input] [2026-08-16 19:19:35.505 (UTC)] info/application	[Motor] Distance safe (29.1786837355135); rotating motor to 90 degrees | Severity=75 | SourceName=Motor | EventType=application | SourceNode=ns=1;s=MotorSource
[Anomaly Input] [2026-08-16 19:19:36.402 (UTC)] info/application	[Sensor] Updated distance: 25.1851069504326 cm | Severity=75 | SourceName=Sensor3 | EventType=application | SourceNode=ns=1;s=SensorSource3
[Anomaly Input] [2026-08-16 19:19:36.409 (UTC)] info/application	[Sensor] Updated distance: 26.0611087191203 cm | Severity=75 | SourceName=Sensor2 | EventType=application | SourceNode=ns=1;s=SensorSource2
[Anomaly Input] [2026-08-16 19:19:36.498 (UTC)] info/application	[Sensor] Updated distance: 29.6243821895329 cm | Severity=75 | SourceName=Sensor | EventType=application | SourceNode=ns=1;s=SensorSource
[Anomaly Input] [2026-08-16 19:19:36.498 (UTC)] info/application	[Motor] Received distance: 29.6243821895329 cm | Severity=75 | SourceName=Motor | EventType=application | SourceNode=ns=1;s=MotorSource
[Anomaly Input] [2026-08-16 19:19:36.501 (UTC)] info/application	[Motor] Received distance: 25.1851069504326 cm | Severity=75 | SourceName=Motor3 | EventType=application | SourceNode=ns=1;s=MotorSource3
[Anomaly Input] [2026-08-16 19:19:36.501 (UTC)] info/application	[Motor] Received distance: 26.0611087191203 cm | Severity=75 | SourceName=Motor2 | EventType=application | SourceNode=ns=1;s=MotorSource2
[Anomaly Input] [2026-08-16 19:19:36.498 (UTC)] info/application	[Motor] Distance safe (29.6243821895329); rotating motor to 90 degrees | Severity=75 | SourceName=Motor | EventType=application | SourceNode=ns=1;s=MotorSource
[Anomaly Input] [2026-08-16 19:19:36.501 (UTC)] info/application	[Motor] Distance safe (25.1851069504326); rotating motor to 90 degrees | Severity=75 | SourceName=Motor3 | EventType=application | SourceNode=ns=1;s=MotorSource3
[Anomaly Input] [2026-08-16 19:19:36.501 (UTC)] info/application	[Motor] Distance safe (26.0611087191203); rotating motor to 90 degrees | Severity=75 | SourceName=Motor2 | EventType=application | SourceNode=ns=1;s=MotorSource2
[Anomaly Input] [2026-08-16 19:19:37.402 (UTC)] info/application	[Sensor] Updated distance: 25.7296118755963 cm | Severity=75 | SourceName=Sensor3 | EventType=application | SourceNode=ns=1;s=SensorSource3
[Anomaly Input] [2026-08-16 19:19:37.408 (UTC)] info/application	[Sensor] Updated distance: 24.6145192371283 cm | Severity=75 | SourceName=Sensor2 | EventType=application | SourceNode=ns=1;s=SensorSource2
[Anomaly Input] [2026-08-16 19:19:37.493 (UTC)] info/application	[Motor] Received distance: 25.7296118755963 cm | Severity=75 | SourceName=Motor3 | EventType=application | SourceNode=ns=1;s=MotorSource3
[Anomaly Input] [2026-08-16 19:19:37.498 (UTC)] info/application	[Sensor] Updated distance: 28.2029008451863 cm | Severity=75 | SourceName=Sensor | EventType=application | SourceNode=ns=1;s=SensorSource
[Anomaly Input] [2026-08-16 19:19:37.506 (UTC)] info/application	[Motor] Received distance: 28.2029008451863 cm | Severity=75 | SourceName=Motor | EventType=application | SourceNode=ns=1;s=MotorSource
[Anomaly Input] [2026-08-16 19:19:37.509 (UTC)] info/application	[Motor] Received distance: 24.6145192371283 cm | Severity=75 | SourceName=Motor2 | EventType=application | SourceNode=ns=1;s=MotorSource2
[Anomaly Input] [2026-08-16 19:19:37.493 (UTC)] info/application	[Motor] Distance safe (25.7296118755963); rotating motor to 90 degrees | Severity=75 | SourceName=Motor3 | EventType=application | SourceNode=ns=1;s=MotorSource3
[Anomaly Input] [2026-08-16 19:19:37.506 (UTC)] info/application	[Motor] Distance safe (28.2029008451863); rotating motor to 90 degrees | Severity=75 | SourceName=Motor | EventType=application | SourceNode=ns=1;s=MotorSource
[Anomaly Input] [2026-08-16 19:19:37.509 (UTC)] info/application	[Motor] Distance safe (24.6145192371283); rotating motor to 90 degrees | Severity=75 | SourceName=Motor2 | EventType=application | SourceNode=ns=1;s=MotorSource2
[Anomaly Input] [2026-08-16 19:19:38.401 (UTC)] info/application	[Sensor] Updated distance: 24.5316254368665 cm | Severity=75 | SourceName=Sensor3 | EventType=application | SourceNode=ns=1;s=SensorSource3
[Anomaly Input] [2026-08-16 19:19:38.408 (UTC)] info/application	[Sensor] Updated distance: 25.8426698249963 cm | Severity=75 | SourceName=Sensor2 | EventType=application | SourceNode=ns=1;s=SensorSource2
[Anomaly Input] [2026-08-16 19:19:38.497 (UTC)] info/application	[Sensor] Updated distance: 29.1443341340145 cm | Severity=75 | SourceName=Sensor | EventType=application | SourceNode=ns=1;s=SensorSource
[Anomaly Input] [2026-08-16 19:19:38.497 (UTC)] info/application	[Motor] Received distance: 29.1443341340145 cm | Severity=75 | SourceName=Motor | EventType=application | SourceNode=ns=1;s=MotorSource
[Anomaly Input] [2026-08-16 19:19:38.499 (UTC)] info/application	[Motor] Received distance: 25.8426698249963 cm | Severity=75 | SourceName=Motor2 | EventType=application | SourceNode=ns=1;s=MotorSource2
[Anomaly Input] [2026-08-16 19:19:38.500 (UTC)] info/application	[Motor] Received distance: 24.5316254368665 cm | Severity=75 | SourceName=Motor3 | EventType=application | SourceNode=ns=1;s=MotorSource3
[Anomaly Input] [2026-08-16 19:19:38.497 (UTC)] info/application	[Motor] Distance safe (29.1443341340145); rotating motor to 90 degrees | Severity=75 | SourceName=Motor | EventType=application | SourceNode=ns=1;s=MotorSource
[Anomaly Input] [2026-08-16 19:19:38.499 (UTC)] info/application	[Motor] Distance safe (25.8426698249963); rotating motor to 90 degrees | Severity=75 | SourceName=Motor2 | EventType=application | SourceNode=ns=1;s=MotorSource2
[Anomaly Input] [2026-08-16 19:19:38.500 (UTC)] info/application	[Motor] Distance safe (24.5316254368665); rotating motor to 90 degrees | Severity=75 | SourceName=Motor3 | EventType=application | SourceNode=ns=1;s=MotorSource3
[Anomaly Input] [2026-08-16 19:19:39.401 (UTC)] info/application	[Sensor] Updated distance: 23.7990953602358 cm | Severity=75 | SourceName=Sensor3 | EventType=application | SourceNode=ns=1;s=SensorSource3
[Anomaly Input] [2026-08-16 19:19:39.409 (UTC)] info/application	[Sensor] Updated distance: 26.5693746228094 cm | Severity=75 | SourceName=Sensor2 | EventType=application | SourceNode=ns=1;s=SensorSource2
[Anomaly Input] [2026-08-16 19:19:39.497 (UTC)] info/application	[Sensor] Updated distance: 29.6744233214643 cm | Severity=75 | SourceName=Sensor | EventType=application | SourceNode=ns=1;s=SensorSource
[Anomaly Input] [2026-08-16 19:19:39.500 (UTC)] info/application	[Motor] Received distance: 23.7990953602358 cm | Severity=75 | SourceName=Motor3 | EventType=application | SourceNode=ns=1;s=MotorSource3
[Anomaly Input] [2026-08-16 19:19:39.500 (UTC)] info/application	[Motor] Received distance: 26.5693746228094 cm | Severity=75 | SourceName=Motor2 | EventType=application | SourceNode=ns=1;s=MotorSource2
[Anomaly Input] [2026-08-16 19:19:39.506 (UTC)] info/application	[Motor] Received distance: 29.6744233214643 cm | Severity=75 | SourceName=Motor | EventType=application | SourceNode=ns=1;s=MotorSource
[Anomaly Input] [2026-08-16 19:19:39.500 (UTC)] info/application	[Motor] Distance safe (23.7990953602358); rotating motor to 90 degrees | Severity=75 | SourceName=Motor3 | EventType=application | SourceNode=ns=1;s=MotorSource3
[Anomaly Input] [2026-08-16 19:19:39.500 (UTC)] info/application	[Motor] Distance safe (26.5693746228094); rotating motor to 90 degrees | Severity=75 | SourceName=Motor2 | EventType=application | SourceNode=ns=1;s=MotorSource2
[Anomaly Input] [2026-08-16 19:19:39.506 (UTC)] info/application	[Motor] Distance safe (29.6744233214643); rotating motor to 90 degrees | Severity=75 | SourceName=Motor | EventType=application | SourceNode=ns=1;s=MotorSource
[Anomaly Input] [2026-08-16 19:19:40.401 (UTC)] info/application	[Sensor] Updated distance: 22.8484373902196 cm | Severity=75 | SourceName=Sensor3 | EventType=application | SourceNode=ns=1;s=SensorSource3
[Anomaly Input] [2026-08-16 19:19:40.408 (UTC)] info/application	[Sensor] Updated distance: 26.6099006908992 cm | Severity=75 | SourceName=Sensor2 | EventType=application | SourceNode=ns=1;s=SensorSource2
[Anomaly Input] [2026-08-16 19:19:40.497 (UTC)] info/application	[Sensor] Updated distance: 28.6927165706608 cm | Severity=75 | SourceName=Sensor | EventType=application | SourceNode=ns=1;s=SensorSource
[Anomaly Input] [2026-08-16 19:19:40.497 (UTC)] info/application	[Motor] Received distance: 28.6927165706608 cm | Severity=75 | SourceName=Motor | EventType=application | SourceNode=ns=1;s=MotorSource
[Anomaly Input] [2026-08-16 19:19:40.499 (UTC)] info/application	[Motor] Received distance: 22.8484373902196 cm | Severity=75 | SourceName=Motor3 | EventType=application | SourceNode=ns=1;s=MotorSource3
[Anomaly Input] [2026-08-16 19:19:40.500 (UTC)] info/application	[Motor] Received distance: 26.6099006908992 cm | Severity=75 | SourceName=Motor2 | EventType=application | SourceNode=ns=1;s=MotorSource2
[Anomaly Input] [2026-08-16 19:19:40.497 (UTC)] info/application	[Motor] Distance safe (28.6927165706608); rotating motor to 90 degrees | Severity=75 | SourceName=Motor | EventType=application | SourceNode=ns=1;s=MotorSource
[Anomaly Input] [2026-08-16 19:19:40.499 (UTC)] info/application	[Motor] Distance safe (22.8484373902196); rotating motor to 90 degrees | Severity=75 | SourceName=Motor3 | EventType=application | SourceNode=ns=1;s=MotorSource3
[Anomaly Input] [2026-08-16 19:19:40.500 (UTC)] info/application	[Motor] Distance safe (26.6099006908992); rotating motor to 90 degrees | Severity=75 | SourceName=Motor2 | EventType=application | SourceNode=ns=1;s=MotorSource2
[Anomaly Input] [2026-08-16 19:19:41.401 (UTC)] info/application	[Sensor] Updated distance: 22.0395596909987 cm | Severity=75 | SourceName=Sensor3 | EventType=application | SourceNode=ns=1;s=SensorSource3
[Anomaly Input] [2026-08-16 19:19:41.408 (UTC)] info/application	[Sensor] Updated distance: 26.2939818058135 cm | Severity=75 | SourceName=Sensor2 | EventType=application | SourceNode=ns=1;s=SensorSource2
[Anomaly Input] [2026-08-16 19:19:41.497 (UTC)] info/application	[Sensor] Updated distance: 28.0769902733513 cm | Severity=75 | SourceName=Sensor | EventType=application | SourceNode=ns=1;s=SensorSource
[Anomaly Input] [2026-08-16 19:19:41.499 (UTC)] info/application	[Motor] Received distance: 22.0395596909987 cm | Severity=75 | SourceName=Motor3 | EventType=application | SourceNode=ns=1;s=MotorSource3
[Anomaly Input] [2026-08-16 19:19:41.501 (UTC)] info/application	[Motor] Received distance: 26.2939818058135 cm | Severity=75 | SourceName=Motor2 | EventType=application | SourceNode=ns=1;s=MotorSource2
[Anomaly Input] [2026-08-16 19:19:41.505 (UTC)] info/application	[Motor] Received distance: 28.0769902733513 cm | Severity=75 | SourceName=Motor | EventType=application | SourceNode=ns=1;s=MotorSource
[Anomaly Input] [2026-08-16 19:19:41.499 (UTC)] info/application	[Motor] Distance safe (22.0395596909987); rotating motor to 90 degrees | Severity=75 | SourceName=Motor3 | EventType=application | SourceNode=ns=1;s=MotorSource3
[Anomaly Input] [2026-08-16 19:19:41.501 (UTC)] info/application	[Motor] Distance safe (26.2939818058135); rotating motor to 90 degrees | Severity=75 | SourceName=Motor2 | EventType=application | SourceNode=ns=1;s=MotorSource2
[Anomaly Input] [2026-08-16 19:19:41.505 (UTC)] info/application	[Motor] Distance safe (28.0769902733513); rotating motor to 90 degrees | Severity=75 | SourceName=Motor | EventType=application | SourceNode=ns=1;s=MotorSource
[Anomaly Input] [2026-08-16 19:19:42.401 (UTC)] info/application	[Sensor] Updated distance: 22.5319176295455 cm | Severity=75 | SourceName=Sensor3 | EventType=application | SourceNode=ns=1;s=SensorSource3
[Anomaly Input] [2026-08-16 19:19:42.408 (UTC)] info/application	[Sensor] Updated distance: 27.7488812770457 cm | Severity=75 | SourceName=Sensor2 | EventType=application | SourceNode=ns=1;s=SensorSource2
[Anomaly Input] [2026-08-16 19:19:42.497 (UTC)] info/application	[Sensor] Updated distance: 26.6082681413313 cm | Severity=75 | SourceName=Sensor | EventType=application | SourceNode=ns=1;s=SensorSource
[Anomaly Input] [2026-08-16 19:19:42.497 (UTC)] info/application	[Motor] Received distance: 26.6082681413313 cm | Severity=75 | SourceName=Motor | EventType=application | SourceNode=ns=1;s=MotorSource
[Anomaly Input] [2026-08-16 19:19:42.500 (UTC)] info/application	[Motor] Received distance: 22.5319176295455 cm | Severity=75 | SourceName=Motor3 | EventType=application | SourceNode=ns=1;s=MotorSource3
[Anomaly Input] [2026-08-16 19:19:42.501 (UTC)] info/application	[Motor] Received distance: 27.7488812770457 cm | Severity=75 | SourceName=Motor2 | EventType=application | SourceNode=ns=1;s=MotorSource2
[Anomaly Input] [2026-08-16 19:19:42.497 (UTC)] info/application	[Motor] Distance safe (26.6082681413313); rotating motor to 90 degrees | Severity=75 | SourceName=Motor | EventType=application | SourceNode=ns=1;s=MotorSource
[Anomaly Input] [2026-08-16 19:19:42.500 (UTC)] info/application	[Motor] Distance safe (22.5319176295455); rotating motor to 90 degrees | Severity=75 | SourceName=Motor3 | EventType=application | SourceNode=ns=1;s=MotorSource3
[Anomaly Input] [2026-08-16 19:19:42.501 (UTC)] info/application	[Motor] Distance safe (27.7488812770457); rotating motor to 90 degrees | Severity=75 | SourceName=Motor2 | EventType=application | SourceNode=ns=1;s=MotorSource2
[Anomaly Input] [2026-08-16 19:19:43.401 (UTC)] info/application	[Sensor] Updated distance: 21.6164450813627 cm | Severity=75 | SourceName=Sensor3 | EventType=application | SourceNode=ns=1;s=SensorSource3
[Anomaly Input] [2026-08-16 19:19:43.408 (UTC)] info/application	[Sensor] Updated distance: 26.5265054907773 cm | Severity=75 | SourceName=Sensor2 | EventType=application | SourceNode=ns=1;s=SensorSource2
[Anomaly Input] [2026-08-16 19:19:43.497 (UTC)] info/application	[Sensor] Updated distance: 25.8270129327788 cm | Severity=75 | SourceName=Sensor | EventType=application | SourceNode=ns=1;s=SensorSource
[Anomaly Input] [2026-08-16 19:19:43.500 (UTC)] info/application	[Motor] Received distance: 21.6164450813627 cm | Severity=75 | SourceName=Motor3 | EventType=application | SourceNode=ns=1;s=MotorSource3
[Anomaly Input] [2026-08-16 19:19:43.505 (UTC)] info/application	[Motor] Received distance: 25.8270129327788 cm | Severity=75 | SourceName=Motor | EventType=application | SourceNode=ns=1;s=MotorSource
[Anomaly Input] [2026-08-16 19:19:43.509 (UTC)] info/application	[Motor] Received distance: 26.5265054907773 cm | Severity=75 | SourceName=Motor2 | EventType=application | SourceNode=ns=1;s=MotorSource2
[Anomaly Input] [2026-08-16 19:19:43.500 (UTC)] info/application	[Motor] Distance safe (21.6164450813627); rotating motor to 90 degrees | Severity=75 | SourceName=Motor3 | EventType=application | SourceNode=ns=1;s=MotorSource3
[Anomaly Input] [2026-08-16 19:19:43.505 (UTC)] info/application	[Motor] Distance safe (25.8270129327788); rotating motor to 90 degrees | Severity=75 | SourceName=Motor | EventType=application | SourceNode=ns=1;s=MotorSource
[Anomaly Input] [2026-08-16 19:19:43.509 (UTC)] info/application	[Motor] Distance safe (26.5265054907773); rotating motor to 90 degrees | Severity=75 | SourceName=Motor2 | EventType=application | SourceNode=ns=1;s=MotorSource2
[Anomaly Input] [2026-08-16 19:19:44.401 (UTC)] info/application	[Sensor] Updated distance: 20.2456699066077 cm | Severity=75 | SourceName=Sensor3 | EventType=application | SourceNode=ns=1;s=SensorSource3
[Anomaly Input] [2026-08-16 19:19:44.408 (UTC)] info/application	[Sensor] Updated distance: 26.9339359956486 cm | Severity=75 | SourceName=Sensor2 | EventType=application | SourceNode=ns=1;s=SensorSource2
[Anomaly Input] [2026-08-16 19:19:44.497 (UTC)] info/application	[Sensor] Updated distance: 27.1179907031441 cm | Severity=75 | SourceName=Sensor | EventType=application | SourceNode=ns=1;s=SensorSource
[Anomaly Input] [2026-08-16 19:19:44.497 (UTC)] info/application	[Motor] Received distance: 27.1179907031441 cm | Severity=75 | SourceName=Motor | EventType=application | SourceNode=ns=1;s=MotorSource
[Anomaly Input] [2026-08-16 19:19:44.499 (UTC)] info/application	[Motor] Received distance: 26.9339359956486 cm | Severity=75 | SourceName=Motor2 | EventType=application | SourceNode=ns=1;s=MotorSource2
[Anomaly Input] [2026-08-16 19:19:44.500 (UTC)] info/application	[Motor] Received distance: 20.2456699066077 cm | Severity=75 | SourceName=Motor3 | EventType=application | SourceNode=ns=1;s=MotorSource3
[Anomaly Input] [2026-08-16 19:19:44.497 (UTC)] info/application	[Motor] Distance safe (27.1179907031441); rotating motor to 90 degrees | Severity=75 | SourceName=Motor | EventType=application | SourceNode=ns=1;s=MotorSource
[Anomaly Input] [2026-08-16 19:19:44.499 (UTC)] info/application	[Motor] Distance safe (26.9339359956486); rotating motor to 90 degrees | Severity=75 | SourceName=Motor2 | EventType=application | SourceNode=ns=1;s=MotorSource2
[Anomaly Input] [2026-08-16 19:19:44.500 (UTC)] info/application	[Motor] Distance safe (20.2456699066077); rotating motor to 90 degrees | Severity=75 | SourceName=Motor3 | EventType=application | SourceNode=ns=1;s=MotorSource3
[Anomaly Input] [2026-08-16 19:19:45.402 (UTC)] info/application	[Sensor] Updated distance: 21.2384020130794 cm | Severity=75 | SourceName=Sensor3 | EventType=application | SourceNode=ns=1;s=SensorSource3
[Anomaly Input] [2026-08-16 19:19:45.408 (UTC)] info/application	[Sensor] Updated distance: 26.7694993798013 cm | Severity=75 | SourceName=Sensor2 | EventType=application | SourceNode=ns=1;s=SensorSource2
[Anomaly Input] [2026-08-16 19:19:45.497 (UTC)] info/application	[Sensor] Updated distance: 27.6320687903241 cm | Severity=75 | SourceName=Sensor | EventType=application | SourceNode=ns=1;s=SensorSource
[Anomaly Input] [2026-08-16 19:19:45.500 (UTC)] info/application	[Motor] Received distance: 21.2384020130794 cm | Severity=75 | SourceName=Motor3 | EventType=application | SourceNode=ns=1;s=MotorSource3
[Anomaly Input] [2026-08-16 19:19:45.500 (UTC)] info/application	[Motor] Received distance: 26.7694993798013 cm | Severity=75 | SourceName=Motor2 | EventType=application | SourceNode=ns=1;s=MotorSource2
[Anomaly Input] [2026-08-16 19:19:45.505 (UTC)] info/application	[Motor] Received distance: 27.6320687903241 cm | Severity=75 | SourceName=Motor | EventType=application | SourceNode=ns=1;s=MotorSource
[Anomaly Input] [2026-08-16 19:19:45.500 (UTC)] info/application	[Motor] Distance safe (21.2384020130794); rotating motor to 90 degrees | Severity=75 | SourceName=Motor3 | EventType=application | SourceNode=ns=1;s=MotorSource3
[Anomaly Input] [2026-08-16 19:19:45.500 (UTC)] info/application	[Motor] Distance safe (26.7694993798013); rotating motor to 90 degrees | Severity=75 | SourceName=Motor2 | EventType=application | SourceNode=ns=1;s=MotorSource2
[Anomaly Input] [2026-08-16 19:19:45.505 (UTC)] info/application	[Motor] Distance safe (27.6320687903241); rotating motor to 90 degrees | Severity=75 | SourceName=Motor | EventType=application | SourceNode=ns=1;s=MotorSource
[Anomaly Input] [2026-08-16 19:19:46.401 (UTC)] info/application	[Sensor] Updated distance: 20.6515587231384 cm | Severity=75 | SourceName=Sensor3 | EventType=application | SourceNode=ns=1;s=SensorSource3
[Anomaly Input] [2026-08-16 19:19:46.409 (UTC)] info/application	[Sensor] Updated distance: 26.1155593433024 cm | Severity=75 | SourceName=Sensor2 | EventType=application | SourceNode=ns=1;s=SensorSource2
[Anomaly Input] [2026-08-16 19:19:46.496 (UTC)] info/application	[Sensor] Updated distance: 27.5755076357515 cm | Severity=75 | SourceName=Sensor | EventType=application | SourceNode=ns=1;s=SensorSource
[Anomaly Input] [2026-08-16 19:19:46.496 (UTC)] info/application	[Motor] Received distance: 27.5755076357515 cm | Severity=75 | SourceName=Motor | EventType=application | SourceNode=ns=1;s=MotorSource
[Anomaly Input] [2026-08-16 19:19:46.499 (UTC)] info/application	[Motor] Received distance: 20.6515587231384 cm | Severity=75 | SourceName=Motor3 | EventType=application | SourceNode=ns=1;s=MotorSource3
[Anomaly Input] [2026-08-16 19:19:46.501 (UTC)] info/application	[Motor] Received distance: 26.1155593433024 cm | Severity=75 | SourceName=Motor2 | EventType=application | SourceNode=ns=1;s=MotorSource2
[Anomaly Input] [2026-08-16 19:19:46.496 (UTC)] info/application	[Motor] Distance safe (27.5755076357515); rotating motor to 90 degrees | Severity=75 | SourceName=Motor | EventType=application | SourceNode=ns=1;s=MotorSource
[Anomaly Input] [2026-08-16 19:19:46.499 (UTC)] info/application	[Motor] Distance safe (20.6515587231384); rotating motor to 90 degrees | Severity=75 | SourceName=Motor3 | EventType=application | SourceNode=ns=1;s=MotorSource3
[Anomaly Input] [2026-08-16 19:19:46.501 (UTC)] info/application	[Motor] Distance safe (26.1155593433024); rotating motor to 90 degrees | Severity=75 | SourceName=Motor2 | EventType=application | SourceNode=ns=1;s=MotorSource2
[Anomaly Input] [2026-08-16 19:19:47.399 (UTC)] info/application	[Sensor] Updated distance: 25.9043425239643 cm | Severity=75 | SourceName=Sensor2 | EventType=application | SourceNode=ns=1;s=SensorSource2
[Anomaly Input] [2026-08-16 19:19:47.401 (UTC)] info/application	[Sensor] Updated distance: 21.0471244275324 cm | Severity=75 | SourceName=Sensor3 | EventType=application | SourceNode=ns=1;s=SensorSource3
[Anomaly Input] [2026-08-16 19:19:47.490 (UTC)] info/application	[Motor] Received distance: 25.9043425239643 cm | Severity=75 | SourceName=Motor2 | EventType=application | SourceNode=ns=1;s=MotorSource2
[Anomaly Input] [2026-08-16 19:19:47.496 (UTC)] info/application	[Sensor] Updated distance: 28.1355192117093 cm | Severity=75 | SourceName=Sensor | EventType=application | SourceNode=ns=1;s=SensorSource
[Anomaly Input] [2026-08-16 19:19:47.500 (UTC)] info/application	[Motor] Received distance: 21.0471244275324 cm | Severity=75 | SourceName=Motor3 | EventType=application | SourceNode=ns=1;s=MotorSource3
[Anomaly Input] [2026-08-16 19:19:47.505 (UTC)] info/application	[Motor] Received distance: 28.1355192117093 cm | Severity=75 | SourceName=Motor | EventType=application | SourceNode=ns=1;s=MotorSource
[Anomaly Input] [2026-08-16 19:19:47.490 (UTC)] info/application	[Motor] Distance safe (25.9043425239643); rotating motor to 90 degrees | Severity=75 | SourceName=Motor2 | EventType=application | SourceNode=ns=1;s=MotorSource2
[Anomaly Input] [2026-08-16 19:19:47.500 (UTC)] info/application	[Motor] Distance safe (21.0471244275324); rotating motor to 90 degrees | Severity=75 | SourceName=Motor3 | EventType=application | SourceNode=ns=1;s=MotorSource3
[Anomaly Input] [2026-08-16 19:19:47.505 (UTC)] info/application	[Motor] Distance safe (28.1355192117093); rotating motor to 90 degrees | Severity=75 | SourceName=Motor | EventType=application | SourceNode=ns=1;s=MotorSource
[Anomaly Input] [2026-08-16 19:19:48.399 (UTC)] info/application	[Sensor] Updated distance: 27.168029630635 cm | Severity=75 | SourceName=Sensor2 | EventType=application | SourceNode=ns=1;s=SensorSource2
[Anomaly Input] [2026-08-16 19:19:48.400 (UTC)] info/application	[Sensor] Updated distance: 21.1309342287159 cm | Severity=75 | SourceName=Sensor3 | EventType=application | SourceNode=ns=1;s=SensorSource3
[Anomaly Input] [2026-08-16 19:19:48.495 (UTC)] info/application	[Sensor] Updated distance: 28.6149693700089 cm | Severity=75 | SourceName=Sensor | EventType=application | SourceNode=ns=1;s=SensorSource
[Anomaly Input] [2026-08-16 19:19:48.495 (UTC)] info/application	[Motor] Received distance: 28.6149693700089 cm | Severity=75 | SourceName=Motor | EventType=application | SourceNode=ns=1;s=MotorSource
[Anomaly Input] [2026-08-16 19:19:48.499 (UTC)] info/application	[Motor] Received distance: 27.168029630635 cm | Severity=75 | SourceName=Motor2 | EventType=application | SourceNode=ns=1;s=MotorSource2
[Anomaly Input] [2026-08-16 19:19:48.500 (UTC)] info/application	[Motor] Received distance: 21.1309342287159 cm | Severity=75 | SourceName=Motor3 | EventType=application | SourceNode=ns=1;s=MotorSource3
[Anomaly Input] [2026-08-16 19:19:48.495 (UTC)] info/application	[Motor] Distance safe (28.6149693700089); rotating motor to 90 degrees | Severity=75 | SourceName=Motor | EventType=application | SourceNode=ns=1;s=MotorSource
[Anomaly Input] [2026-08-16 19:19:48.499 (UTC)] info/application	[Motor] Distance safe (27.168029630635); rotating motor to 90 degrees | Severity=75 | SourceName=Motor2 | EventType=application | SourceNode=ns=1;s=MotorSource2
[Anomaly Input] [2026-08-16 19:19:48.500 (UTC)] info/application	[Motor] Distance safe (21.1309342287159); rotating motor to 90 degrees | Severity=75 | SourceName=Motor3 | EventType=application | SourceNode=ns=1;s=MotorSource3
[Anomaly Input] [2026-08-16 19:19:49.400 (UTC)] info/application	[Sensor] Updated distance: 26.3879745932706 cm | Severity=75 | SourceName=Sensor2 | EventType=application | SourceNode=ns=1;s=SensorSource2
[Anomaly Input] [2026-08-16 19:19:49.401 (UTC)] info/application	[Sensor] Updated distance: 20.5115225678363 cm | Severity=75 | SourceName=Sensor3 | EventType=application | SourceNode=ns=1;s=SensorSource3
[Anomaly Input] [2026-08-16 19:19:49.495 (UTC)] info/application	[Sensor] Updated distance: 27.7812922973099 cm | Severity=75 | SourceName=Sensor | EventType=application | SourceNode=ns=1;s=SensorSource
[Anomaly Input] [2026-08-16 19:19:49.499 (UTC)] info/application	[Motor] Received distance: 20.5115225678363 cm | Severity=75 | SourceName=Motor3 | EventType=application | SourceNode=ns=1;s=MotorSource3
[Anomaly Input] [2026-08-16 19:19:49.500 (UTC)] info/application	[Motor] Received distance: 26.3879745932706 cm | Severity=75 | SourceName=Motor2 | EventType=application | SourceNode=ns=1;s=MotorSource2
[Anomaly Input] [2026-08-16 19:19:49.504 (UTC)] info/application	[Motor] Received distance: 27.7812922973099 cm | Severity=75 | SourceName=Motor | EventType=application | SourceNode=ns=1;s=MotorSource
[Anomaly Input] [2026-08-16 19:19:49.499 (UTC)] info/application	[Motor] Distance safe (20.5115225678363); rotating motor to 90 degrees | Severity=75 | SourceName=Motor3 | EventType=application | SourceNode=ns=1;s=MotorSource3
[Anomaly Input] [2026-08-16 19:19:49.500 (UTC)] info/application	[Motor] Distance safe (26.3879745932706); rotating motor to 90 degrees | Severity=75 | SourceName=Motor2 | EventType=application | SourceNode=ns=1;s=MotorSource2
[Anomaly Input] [2026-08-16 19:19:49.504 (UTC)] info/application	[Motor] Distance safe (27.7812922973099); rotating motor to 90 degrees | Severity=75 | SourceName=Motor | EventType=application | SourceNode=ns=1;s=MotorSource
[Anomaly Input] [2026-08-16 19:19:50.400 (UTC)] info/application	[Sensor] Updated distance: 27.2117764457184 cm | Severity=75 | SourceName=Sensor2 | EventType=application | SourceNode=ns=1;s=SensorSource2
[Anomaly Input] [2026-08-16 19:19:50.401 (UTC)] info/application	[Sensor] Updated distance: 21.8985623716836 cm | Severity=75 | SourceName=Sensor3 | EventType=application | SourceNode=ns=1;s=SensorSource3
[Anomaly Input] [2026-08-16 19:19:50.494 (UTC)] info/application	[Sensor] Updated distance: 26.5741811986427 cm | Severity=75 | SourceName=Sensor | EventType=application | SourceNode=ns=1;s=SensorSource
[Anomaly Input] [2026-08-16 19:19:50.495 (UTC)] info/application	[Motor] Received distance: 26.5741811986427 cm | Severity=75 | SourceName=Motor | EventType=application | SourceNode=ns=1;s=MotorSource
[Anomaly Input] [2026-08-16 19:19:50.500 (UTC)] info/application	[Motor] Received distance: 21.8985623716836 cm | Severity=75 | SourceName=Motor3 | EventType=application | SourceNode=ns=1;s=MotorSource3
[Anomaly Input] [2026-08-16 19:19:50.500 (UTC)] info/application	[Motor] Received distance: 27.2117764457184 cm | Severity=75 | SourceName=Motor2 | EventType=application | SourceNode=ns=1;s=MotorSource2
[Anomaly Input] [2026-08-16 19:19:50.495 (UTC)] info/application	[Motor] Distance safe (26.5741811986427); rotating motor to 90 degrees | Severity=75 | SourceName=Motor | EventType=application | SourceNode=ns=1;s=MotorSource
[Anomaly Input] [2026-08-16 19:19:50.500 (UTC)] info/application	[Motor] Distance safe (21.8985623716836); rotating motor to 90 degrees | Severity=75 | SourceName=Motor3 | EventType=application | SourceNode=ns=1;s=MotorSource3
[Anomaly Input] [2026-08-16 19:19:50.500 (UTC)] info/application	[Motor] Distance safe (27.2117764457184); rotating motor to 90 degrees | Severity=75 | SourceName=Motor2 | EventType=application | SourceNode=ns=1;s=MotorSource2
[Anomaly Input] [2026-08-16 19:19:51.401 (UTC)] info/application	[Sensor] Updated distance: 26.9041603218784 cm | Severity=75 | SourceName=Sensor2 | EventType=application | SourceNode=ns=1;s=SensorSource2
[Anomaly Input] [2026-08-16 19:19:51.401 (UTC)] info/application	[Sensor] Updated distance: 22.3539685126645 cm | Severity=75 | SourceName=Sensor3 | EventType=application | SourceNode=ns=1;s=SensorSource3
[Anomaly Input] [2026-08-16 19:19:51.495 (UTC)] info/application	[Sensor] Updated distance: 26.5948149052425 cm | Severity=75 | SourceName=Sensor | EventType=application | SourceNode=ns=1;s=SensorSource
[Anomaly Input] [2026-08-16 19:19:51.500 (UTC)] info/application	[Motor] Received distance: 26.9041603218784 cm | Severity=75 | SourceName=Motor2 | EventType=application | SourceNode=ns=1;s=MotorSource2
[Anomaly Input] [2026-08-16 19:19:51.500 (UTC)] info/application	[Motor] Received distance: 22.3539685126645 cm | Severity=75 | SourceName=Motor3 | EventType=application | SourceNode=ns=1;s=MotorSource3
[Anomaly Input] [2026-08-16 19:19:51.503 (UTC)] info/application	[Motor] Received distance: 26.5948149052425 cm | Severity=75 | SourceName=Motor | EventType=application | SourceNode=ns=1;s=MotorSource
[Anomaly Input] [2026-08-16 19:19:51.500 (UTC)] info/application	[Motor] Distance safe (26.9041603218784); rotating motor to 90 degrees | Severity=75 | SourceName=Motor2 | EventType=application | SourceNode=ns=1;s=MotorSource2
[Anomaly Input] [2026-08-16 19:19:51.500 (UTC)] info/application	[Motor] Distance safe (22.3539685126645); rotating motor to 90 degrees | Severity=75 | SourceName=Motor3 | EventType=application | SourceNode=ns=1;s=MotorSource3
[Anomaly Input] [2026-08-16 19:19:51.503 (UTC)] info/application	[Motor] Distance safe (26.5948149052425); rotating motor to 90 degrees | Severity=75 | SourceName=Motor | EventType=application | SourceNode=ns=1;s=MotorSource
[Anomaly Input] [2026-08-16 19:19:52.401 (UTC)] info/application	[Sensor] Updated distance: 28.3915678520648 cm | Severity=75 | SourceName=Sensor2 | EventType=application | SourceNode=ns=1;s=SensorSource2
[Anomaly Input] [2026-08-16 19:19:52.401 (UTC)] info/application	[Sensor] Updated distance: 21.0713338889514 cm | Severity=75 | SourceName=Sensor3 | EventType=application | SourceNode=ns=1;s=SensorSource3
[Anomaly Input] [2026-08-16 19:19:52.495 (UTC)] info/application	[Sensor] Updated distance: 26.6976683974255 cm | Severity=75 | SourceName=Sensor | EventType=application | SourceNode=ns=1;s=SensorSource
[Anomaly Input] [2026-08-16 19:19:52.495 (UTC)] info/application	[Motor] Received distance: 26.6976683974255 cm | Severity=75 | SourceName=Motor | EventType=application | SourceNode=ns=1;s=MotorSource
[Anomaly Input] [2026-08-16 19:19:52.500 (UTC)] info/application	[Motor] Received distance: 21.0713338889514 cm | Severity=75 | SourceName=Motor3 | EventType=application | SourceNode=ns=1;s=MotorSource3
[Anomaly Input] [2026-08-16 19:19:52.500 (UTC)] info/application	[Motor] Received distance: 28.3915678520648 cm | Severity=75 | SourceName=Motor2 | EventType=application | SourceNode=ns=1;s=MotorSource2
[Anomaly Input] [2026-08-16 19:19:52.495 (UTC)] info/application	[Motor] Distance safe (26.6976683974255); rotating motor to 90 degrees | Severity=75 | SourceName=Motor | EventType=application | SourceNode=ns=1;s=MotorSource
[Anomaly Input] [2026-08-16 19:19:52.500 (UTC)] info/application	[Motor] Distance safe (21.0713338889514); rotating motor to 90 degrees | Severity=75 | SourceName=Motor3 | EventType=application | SourceNode=ns=1;s=MotorSource3
[Anomaly Input] [2026-08-16 19:19:52.500 (UTC)] info/application	[Motor] Distance safe (28.3915678520648); rotating motor to 90 degrees | Severity=75 | SourceName=Motor2 | EventType=application | SourceNode=ns=1;s=MotorSource2
[Anomaly Input] [2026-08-16 19:19:53.402 (UTC)] info/application	[Sensor] Updated distance: 27.202800378065 cm | Severity=75 | SourceName=Sensor2 | EventType=application | SourceNode=ns=1;s=SensorSource2
[Anomaly Input] [2026-08-16 19:19:53.402 (UTC)] info/application	[Sensor] Updated distance: 22.1037149706873 cm | Severity=75 | SourceName=Sensor3 | EventType=application | SourceNode=ns=1;s=SensorSource3
[Anomaly Input] [2026-08-16 19:19:53.495 (UTC)] info/application	[Sensor] Updated distance: 26.131407546872 cm | Severity=75 | SourceName=Sensor | EventType=application | SourceNode=ns=1;s=SensorSource
[Anomaly Input] [2026-08-16 19:19:53.500 (UTC)] info/application	[Motor] Received distance: 22.1037149706873 cm | Severity=75 | SourceName=Motor3 | EventType=application | SourceNode=ns=1;s=MotorSource3
[Anomaly Input] [2026-08-16 19:19:53.500 (UTC)] info/application	[Motor] Received distance: 27.202800378065 cm | Severity=75 | SourceName=Motor2 | EventType=application | SourceNode=ns=1;s=MotorSource2
[Anomaly Input] [2026-08-16 19:19:53.503 (UTC)] info/application	[Motor] Received distance: 26.131407546872 cm | Severity=75 | SourceName=Motor | EventType=application | SourceNode=ns=1;s=MotorSource
[Anomaly Input] [2026-08-16 19:19:53.500 (UTC)] info/application	[Motor] Distance safe (22.1037149706873); rotating motor to 90 degrees | Severity=75 | SourceName=Motor3 | EventType=application | SourceNode=ns=1;s=MotorSource3
[Anomaly Input] [2026-08-16 19:19:53.500 (UTC)] info/application	[Motor] Distance safe (27.202800378065); rotating motor to 90 degrees | Severity=75 | SourceName=Motor2 | EventType=application | SourceNode=ns=1;s=MotorSource2
[Anomaly Input] [2026-08-16 19:19:53.503 (UTC)] info/application	[Motor] Distance safe (26.131407546872); rotating motor to 90 degrees | Severity=75 | SourceName=Motor | EventType=application | SourceNode=ns=1;s=MotorSource
[Anomaly Input] [2026-08-16 19:19:54.403 (UTC)] info/application	[Sensor] Updated distance: 22.1422089399501 cm | Severity=75 | SourceName=Sensor3 | EventType=application | SourceNode=ns=1;s=SensorSource3
[Anomaly Input] [2026-08-16 19:19:54.403 (UTC)] info/application	[Sensor] Updated distance: 27.5040809244402 cm | Severity=75 | SourceName=Sensor2 | EventType=application | SourceNode=ns=1;s=SensorSource2
[Anomaly Input] [2026-08-16 19:19:54.495 (UTC)] info/application	[Sensor] Updated distance: 25.4363274699712 cm | Severity=75 | SourceName=Sensor | EventType=application | SourceNode=ns=1;s=SensorSource
[Anomaly Input] [2026-08-16 19:19:54.495 (UTC)] info/application	[Motor] Received distance: 25.4363274699712 cm | Severity=75 | SourceName=Motor | EventType=application | SourceNode=ns=1;s=MotorSource
[Anomaly Input] [2026-08-16 19:19:54.500 (UTC)] info/application	[Motor] Received distance: 22.1422089399501 cm | Severity=75 | SourceName=Motor3 | EventType=application | SourceNode=ns=1;s=MotorSource3
[Anomaly Input] [2026-08-16 19:19:54.500 (UTC)] info/application	[Motor] Received distance: 27.5040809244402 cm | Severity=75 | SourceName=Motor2 | EventType=application | SourceNode=ns=1;s=MotorSource2
[Anomaly Input] [2026-08-16 19:19:54.495 (UTC)] info/application	[Motor] Distance safe (25.4363274699712); rotating motor to 90 degrees | Severity=75 | SourceName=Motor | EventType=application | SourceNode=ns=1;s=MotorSource
[Anomaly Input] [2026-08-16 19:19:54.500 (UTC)] info/application	[Motor] Distance safe (22.1422089399501); rotating motor to 90 degrees | Severity=75 | SourceName=Motor3 | EventType=application | SourceNode=ns=1;s=MotorSource3
[Anomaly Input] [2026-08-16 19:19:54.500 (UTC)] info/application	[Motor] Distance safe (27.5040809244402); rotating motor to 90 degrees | Severity=75 | SourceName=Motor2 | EventType=application | SourceNode=ns=1;s=MotorSource2
[Anomaly Input] [2026-08-16 19:19:55.403 (UTC)] info/application	[Sensor] Updated distance: 27.3150917374599 cm | Severity=75 | SourceName=Sensor2 | EventType=application | SourceNode=ns=1;s=SensorSource2
[Anomaly Input] [2026-08-16 19:19:55.403 (UTC)] info/application	[Sensor] Updated distance: 22.0868829146898 cm | Severity=75 | SourceName=Sensor3 | EventType=application | SourceNode=ns=1;s=SensorSource3
[Anomaly Input] [2026-08-16 19:19:55.495 (UTC)] info/application	[Sensor] Updated distance: 25.6165138551111 cm | Severity=75 | SourceName=Sensor | EventType=application | SourceNode=ns=1;s=SensorSource
[Anomaly Input] [2026-08-16 19:19:55.499 (UTC)] info/application	[Motor] Received distance: 22.0868829146898 cm | Severity=75 | SourceName=Motor3 | EventType=application | SourceNode=ns=1;s=MotorSource3
[Anomaly Input] [2026-08-16 19:19:55.500 (UTC)] info/application	[Motor] Received distance: 27.3150917374599 cm | Severity=75 | SourceName=Motor2 | EventType=application | SourceNode=ns=1;s=MotorSource2
[Anomaly Input] [2026-08-16 19:19:55.503 (UTC)] info/application	[Motor] Received distance: 25.6165138551111 cm | Severity=75 | SourceName=Motor | EventType=application | SourceNode=ns=1;s=MotorSource
[Anomaly Input] [2026-08-16 19:19:55.499 (UTC)] info/application	[Motor] Distance safe (22.0868829146898); rotating motor to 90 degrees | Severity=75 | SourceName=Motor3 | EventType=application | SourceNode=ns=1;s=MotorSource3
[Anomaly Input] [2026-08-16 19:19:55.500 (UTC)] info/application	[Motor] Distance safe (27.3150917374599); rotating motor to 90 degrees | Severity=75 | SourceName=Motor2 | EventType=application | SourceNode=ns=1;s=MotorSource2
[Anomaly Input] [2026-08-16 19:19:55.503 (UTC)] info/application	[Motor] Distance safe (25.6165138551111); rotating motor to 90 degrees | Severity=75 | SourceName=Motor | EventType=application | SourceNode=ns=1;s=MotorSource
[Anomaly Input] [2026-08-16 19:19:56.404 (UTC)] info/application	[Sensor] Updated distance: 28.3878426870275 cm | Severity=75 | SourceName=Sensor2 | EventType=application | SourceNode=ns=1;s=SensorSource2
[Anomaly Input] [2026-08-16 19:19:56.404 (UTC)] info/application	[Sensor] Updated distance: 21.796239108218 cm | Severity=75 | SourceName=Sensor3 | EventType=application | SourceNode=ns=1;s=SensorSource3
[Anomaly Input] [2026-08-16 19:19:56.495 (UTC)] info/application	[Sensor] Updated distance: 24.9011643246753 cm | Severity=75 | SourceName=Sensor | EventType=application | SourceNode=ns=1;s=SensorSource
[Anomaly Input] [2026-08-16 19:19:56.495 (UTC)] info/application	[Motor] Received distance: 24.9011643246753 cm | Severity=75 | SourceName=Motor | EventType=application | SourceNode=ns=1;s=MotorSource
[Anomaly Input] [2026-08-16 19:19:56.495 (UTC)] info/application	[Motor] Received distance: 28.3878426870275 cm | Severity=75 | SourceName=Motor2 | EventType=application | SourceNode=ns=1;s=MotorSource2
[Anomaly Input] [2026-08-16 19:19:56.500 (UTC)] info/application	[Motor] Received distance: 21.796239108218 cm | Severity=75 | SourceName=Motor3 | EventType=application | SourceNode=ns=1;s=MotorSource3
[Anomaly Input] [2026-08-16 19:19:56.495 (UTC)] info/application	[Motor] Distance safe (24.9011643246753); rotating motor to 90 degrees | Severity=75 | SourceName=Motor | EventType=application | SourceNode=ns=1;s=MotorSource
[Anomaly Input] [2026-08-16 19:19:56.495 (UTC)] info/application	[Motor] Distance safe (28.3878426870275); rotating motor to 90 degrees | Severity=75 | SourceName=Motor2 | EventType=application | SourceNode=ns=1;s=MotorSource2
[Anomaly Input] [2026-08-16 19:19:56.500 (UTC)] info/application	[Motor] Distance safe (21.796239108218); rotating motor to 90 degrees | Severity=75 | SourceName=Motor3 | EventType=application | SourceNode=ns=1;s=MotorSource3
[Anomaly Input] [2026-08-16 19:19:57.405 (UTC)] info/application	[Sensor] Updated distance: 28.9513107908197 cm | Severity=75 | SourceName=Sensor2 | EventType=application | SourceNode=ns=1;s=SensorSource2
[Anomaly Input] [2026-08-16 19:19:57.405 (UTC)] info/application	[Sensor] Updated distance: 20.394447323817 cm | Severity=75 | SourceName=Sensor3 | EventType=application | SourceNode=ns=1;s=SensorSource3
[Anomaly Input] [2026-08-16 19:19:57.496 (UTC)] info/application	[Sensor] Updated distance: 23.9972570203232 cm | Severity=75 | SourceName=Sensor | EventType=application | SourceNode=ns=1;s=SensorSource
[Anomaly Input] [2026-08-16 19:19:57.499 (UTC)] info/application	[Motor] Received distance: 20.394447323817 cm | Severity=75 | SourceName=Motor3 | EventType=application | SourceNode=ns=1;s=MotorSource3
[Anomaly Input] [2026-08-16 19:19:57.500 (UTC)] info/application	[Motor] Received distance: 28.9513107908197 cm | Severity=75 | SourceName=Motor2 | EventType=application | SourceNode=ns=1;s=MotorSource2
[Anomaly Input] [2026-08-16 19:19:57.504 (UTC)] info/application	[Motor] Received distance: 23.9972570203232 cm | Severity=75 | SourceName=Motor | EventType=application | SourceNode=ns=1;s=MotorSource
[Anomaly Input] [2026-08-16 19:19:57.499 (UTC)] info/application	[Motor] Distance safe (20.394447323817); rotating motor to 90 degrees | Severity=75 | SourceName=Motor3 | EventType=application | SourceNode=ns=1;s=MotorSource3
[Anomaly Input] [2026-08-16 19:19:57.500 (UTC)] info/application	[Motor] Distance safe (28.9513107908197); rotating motor to 90 degrees | Severity=75 | SourceName=Motor2 | EventType=application | SourceNode=ns=1;s=MotorSource2
[Anomaly Input] [2026-08-16 19:19:57.504 (UTC)] info/application	[Motor] Distance safe (23.9972570203232); rotating motor to 90 degrees | Severity=75 | SourceName=Motor | EventType=application | SourceNode=ns=1;s=MotorSource
[Anomaly Input] [2026-08-16 19:19:58.406 (UTC)] info/application	[Sensor] Updated distance: 30.3826971223497 cm | Severity=75 | SourceName=Sensor2 | EventType=application | SourceNode=ns=1;s=SensorSource2
[Anomaly Input] [2026-08-16 19:19:58.406 (UTC)] info/application	[Sensor] Updated distance: 20.7691050859956 cm | Severity=75 | SourceName=Sensor3 | EventType=application | SourceNode=ns=1;s=SensorSource3
[Anomaly Input] [2026-08-16 19:19:58.497 (UTC)] info/application	[Sensor] Updated distance: 23.0752905703035 cm | Severity=75 | SourceName=Sensor | EventType=application | SourceNode=ns=1;s=SensorSource
[Anomaly Input] [2026-08-16 19:19:58.497 (UTC)] info/application	[Motor] Received distance: 23.0752905703035 cm | Severity=75 | SourceName=Motor | EventType=application | SourceNode=ns=1;s=MotorSource
[Anomaly Input] [2026-08-16 19:19:58.499 (UTC)] info/application	[Motor] Received distance: 20.7691050859956 cm | Severity=75 | SourceName=Motor3 | EventType=application | SourceNode=ns=1;s=MotorSource3
[Anomaly Input] [2026-08-16 19:19:58.500 (UTC)] info/application	[Motor] Received distance: 30.3826971223497 cm | Severity=75 | SourceName=Motor2 | EventType=application | SourceNode=ns=1;s=MotorSource2
[Anomaly Input] [2026-08-16 19:19:58.497 (UTC)] info/application	[Motor] Distance safe (23.0752905703035); rotating motor to 90 degrees | Severity=75 | SourceName=Motor | EventType=application | SourceNode=ns=1;s=MotorSource
[Anomaly Input] [2026-08-16 19:19:58.499 (UTC)] info/application	[Motor] Distance safe (20.7691050859956); rotating motor to 90 degrees | Severity=75 | SourceName=Motor3 | EventType=application | SourceNode=ns=1;s=MotorSource3
[Anomaly Input] [2026-08-16 19:19:58.500 (UTC)] info/application	[Motor] Distance safe (30.3826971223497); rotating motor to 90 degrees | Severity=75 | SourceName=Motor2 | EventType=application | SourceNode=ns=1;s=MotorSource2
[Anomaly Input] [2026-08-16 19:19:59.406 (UTC)] info/application	[Sensor] Updated distance: 21.3404071232492 cm | Severity=75 | SourceName=Sensor3 | EventType=application | SourceNode=ns=1;s=SensorSource3
[Anomaly Input] [2026-08-16 19:19:59.406 (UTC)] info/application	[Sensor] Updated distance: 29.5028881514458 cm | Severity=75 | SourceName=Sensor2 | EventType=application | SourceNode=ns=1;s=SensorSource2
[Anomaly Input] [2026-08-16 19:19:59.497 (UTC)] info/application	[Sensor] Updated distance: 22.0878739455193 cm | Severity=75 | SourceName=Sensor | EventType=application | SourceNode=ns=1;s=SensorSource
[Anomaly Input] [2026-08-16 19:19:59.499 (UTC)] info/application	[Motor] Received distance: 21.3404071232492 cm | Severity=75 | SourceName=Motor3 | EventType=application | SourceNode=ns=1;s=MotorSource3
[Anomaly Input] [2026-08-16 19:19:59.501 (UTC)] info/application	[Motor] Received distance: 29.5028881514458 cm | Severity=75 | SourceName=Motor2 | EventType=application | SourceNode=ns=1;s=MotorSource2
[Anomaly Input] [2026-08-16 19:19:59.505 (UTC)] info/application	[Motor] Received distance: 22.0878739455193 cm | Severity=75 | SourceName=Motor | EventType=application | SourceNode=ns=1;s=MotorSource
[Anomaly Input] [2026-08-16 19:19:59.499 (UTC)] info/application	[Motor] Distance safe (21.3404071232492); rotating motor to 90 degrees | Severity=75 | SourceName=Motor3 | EventType=application | SourceNode=ns=1;s=MotorSource3
[Anomaly Input] [2026-08-16 19:19:59.501 (UTC)] info/application	[Motor] Distance safe (29.5028881514458); rotating motor to 90 degrees | Severity=75 | SourceName=Motor2 | EventType=application | SourceNode=ns=1;s=MotorSource2
[Anomaly Input] [2026-08-16 19:19:59.505 (UTC)] info/application	[Motor] Distance safe (22.0878739455193); rotating motor to 90 degrees | Severity=75 | SourceName=Motor | EventType=application | SourceNode=ns=1;s=MotorSource
[Anomaly Input] [2026-08-16 19:20:00.406 (UTC)] info/application	[Sensor] Updated distance: 28.5366868388544 cm | Severity=75 | SourceName=Sensor2 | EventType=application | SourceNode=ns=1;s=SensorSource2
[Anomaly Input] [2026-08-16 19:20:00.406 (UTC)] info/application	[Sensor] Updated distance: 22.276105150709 cm | Severity=75 | SourceName=Sensor3 | EventType=application | SourceNode=ns=1;s=SensorSource3
[Anomaly Input] [2026-08-16 19:20:00.497 (UTC)] info/application	[Sensor] Updated distance: 20.8501530025854 cm | Severity=75 | SourceName=Sensor | EventType=application | SourceNode=ns=1;s=SensorSource
[Anomaly Input] [2026-08-16 19:20:00.497 (UTC)] info/application	[Motor] Received distance: 20.8501530025854 cm | Severity=75 | SourceName=Motor | EventType=application | SourceNode=ns=1;s=MotorSource
[Anomaly Input] [2026-08-16 19:20:00.500 (UTC)] info/application	[Motor] Received distance: 22.276105150709 cm | Severity=75 | SourceName=Motor3 | EventType=application | SourceNode=ns=1;s=MotorSource3
[Anomaly Input] [2026-08-16 19:20:00.501 (UTC)] info/application	[Motor] Received distance: 28.5366868388544 cm | Severity=75 | SourceName=Motor2 | EventType=application | SourceNode=ns=1;s=MotorSource2
[Anomaly Input] [2026-08-16 19:20:00.497 (UTC)] info/application	[Motor] Distance safe (20.8501530025854); rotating motor to 90 degrees | Severity=75 | SourceName=Motor | EventType=application | SourceNode=ns=1;s=MotorSource
[Anomaly Input] [2026-08-16 19:20:00.500 (UTC)] info/application	[Motor] Distance safe (22.276105150709); rotating motor to 90 degrees | Severity=75 | SourceName=Motor3 | EventType=application | SourceNode=ns=1;s=MotorSource3
[Anomaly Input] [2026-08-16 19:20:00.501 (UTC)] info/application	[Motor] Distance safe (28.5366868388544); rotating motor to 90 degrees | Severity=75 | SourceName=Motor2 | EventType=application | SourceNode=ns=1;s=MotorSource2
[Anomaly Input] [2026-08-16 19:20:01.407 (UTC)] info/application	[Sensor] Updated distance: 29.2245676963239 cm | Severity=75 | SourceName=Sensor2 | EventType=application | SourceNode=ns=1;s=SensorSource2
[Anomaly Input] [2026-08-16 19:20:01.407 (UTC)] info/application	[Sensor] Updated distance: 23.612249940686 cm | Severity=75 | SourceName=Sensor3 | EventType=application | SourceNode=ns=1;s=SensorSource3
[Anomaly Input] [2026-08-16 19:20:01.497 (UTC)] info/application	[Sensor] Updated distance: 21.9535073241934 cm | Severity=75 | SourceName=Sensor | EventType=application | SourceNode=ns=1;s=SensorSource
[Anomaly Input] [2026-08-16 19:20:01.498 (UTC)] info/application	[Motor] Received distance: 29.2245676963239 cm | Severity=75 | SourceName=Motor2 | EventType=application | SourceNode=ns=1;s=MotorSource2
[Anomaly Input] [2026-08-16 19:20:01.500 (UTC)] info/application	[Motor] Received distance: 23.612249940686 cm | Severity=75 | SourceName=Motor3 | EventType=application | SourceNode=ns=1;s=MotorSource3
[Anomaly Input] [2026-08-16 19:20:01.505 (UTC)] info/application	[Motor] Received distance: 21.9535073241934 cm | Severity=75 | SourceName=Motor | EventType=application | SourceNode=ns=1;s=MotorSource
[Anomaly Input] [2026-08-16 19:20:01.498 (UTC)] info/application	[Motor] Distance safe (29.2245676963239); rotating motor to 90 degrees | Severity=75 | SourceName=Motor2 | EventType=application | SourceNode=ns=1;s=MotorSource2
[Anomaly Input] [2026-08-16 19:20:01.500 (UTC)] info/application	[Motor] Distance safe (23.612249940686); rotating motor to 90 degrees | Severity=75 | SourceName=Motor3 | EventType=application | SourceNode=ns=1;s=MotorSource3
[Anomaly Input] [2026-08-16 19:20:01.505 (UTC)] info/application	[Motor] Distance safe (21.9535073241934); rotating motor to 90 degrees | Severity=75 | SourceName=Motor | EventType=application | SourceNode=ns=1;s=MotorSource
[Anomaly Input] [2026-08-16 19:20:02.408 (UTC)] info/application	[Sensor] Updated distance: 24.0400134171545 cm | Severity=75 | SourceName=Sensor3 | EventType=application | SourceNode=ns=1;s=SensorSource3
[Anomaly Input] [2026-08-16 19:20:02.408 (UTC)] info/application	[Sensor] Updated distance: 27.8670712624989 cm | Severity=75 | SourceName=Sensor2 | EventType=application | SourceNode=ns=1;s=SensorSource2
[Anomaly Input] [2026-08-16 19:20:02.497 (UTC)] info/application	[Sensor] Updated distance: 22.9184005276386 cm | Severity=75 | SourceName=Sensor | EventType=application | SourceNode=ns=1;s=SensorSource
[Anomaly Input] [2026-08-16 19:20:02.498 (UTC)] info/application	[Motor] Received distance: 22.9184005276386 cm | Severity=75 | SourceName=Motor | EventType=application | SourceNode=ns=1;s=MotorSource
[Anomaly Input] [2026-08-16 19:20:02.500 (UTC)] info/application	[Motor] Received distance: 27.8670712624989 cm | Severity=75 | SourceName=Motor2 | EventType=application | SourceNode=ns=1;s=MotorSource2
[Anomaly Input] [2026-08-16 19:20:02.500 (UTC)] info/application	[Motor] Received distance: 24.0400134171545 cm | Severity=75 | SourceName=Motor3 | EventType=application | SourceNode=ns=1;s=MotorSource3
[Anomaly Input] [2026-08-16 19:20:02.498 (UTC)] info/application	[Motor] Distance safe (22.9184005276386); rotating motor to 90 degrees | Severity=75 | SourceName=Motor | EventType=application | SourceNode=ns=1;s=MotorSource
[Anomaly Input] [2026-08-16 19:20:02.500 (UTC)] info/application	[Motor] Distance safe (27.8670712624989); rotating motor to 90 degrees | Severity=75 | SourceName=Motor2 | EventType=application | SourceNode=ns=1;s=MotorSource2
[Anomaly Input] [2026-08-16 19:20:02.500 (UTC)] info/application	[Motor] Distance safe (24.0400134171545); rotating motor to 90 degrees | Severity=75 | SourceName=Motor3 | EventType=application | SourceNode=ns=1;s=MotorSource3
[Anomaly Input] [2026-08-16 19:20:03.398 (UTC)] info/application	[Sensor] Updated distance: 25.103506022414 cm | Severity=75 | SourceName=Sensor3 | EventType=application | SourceNode=ns=1;s=SensorSource3
[Anomaly Input] [2026-08-16 19:20:03.408 (UTC)] info/application	[Sensor] Updated distance: 26.3702352577216 cm | Severity=75 | SourceName=Sensor2 | EventType=application | SourceNode=ns=1;s=SensorSource2
[Anomaly Input] [2026-08-16 19:20:03.497 (UTC)] info/application	[Sensor] Updated distance: 22.2875482548436 cm | Severity=75 | SourceName=Sensor | EventType=application | SourceNode=ns=1;s=SensorSource
[Anomaly Input] [2026-08-16 19:20:03.500 (UTC)] info/application	[Motor] Received distance: 25.103506022414 cm | Severity=75 | SourceName=Motor3 | EventType=application | SourceNode=ns=1;s=MotorSource3
[Anomaly Input] [2026-08-16 19:20:03.500 (UTC)] info/application	[Motor] Received distance: 26.3702352577216 cm | Severity=75 | SourceName=Motor2 | EventType=application | SourceNode=ns=1;s=MotorSource2
[Anomaly Input] [2026-08-16 19:20:03.506 (UTC)] info/application	[Motor] Received distance: 22.2875482548436 cm | Severity=75 | SourceName=Motor | EventType=application | SourceNode=ns=1;s=MotorSource
[Anomaly Input] [2026-08-16 19:20:03.500 (UTC)] info/application	[Motor] Distance safe (25.103506022414); rotating motor to 90 degrees | Severity=75 | SourceName=Motor3 | EventType=application | SourceNode=ns=1;s=MotorSource3
[Anomaly Input] [2026-08-16 19:20:03.500 (UTC)] info/application	[Motor] Distance safe (26.3702352577216); rotating motor to 90 degrees | Severity=75 | SourceName=Motor2 | EventType=application | SourceNode=ns=1;s=MotorSource2
[Anomaly Input] [2026-08-16 19:20:03.506 (UTC)] info/application	[Motor] Distance safe (22.2875482548436); rotating motor to 90 degrees | Severity=75 | SourceName=Motor | EventType=application | SourceNode=ns=1;s=MotorSource
[Anomaly Input] [2026-08-16 19:20:04.398 (UTC)] info/application	[Sensor] Updated distance: 25.8788437679777 cm | Severity=75 | SourceName=Sensor3 | EventType=application | SourceNode=ns=1;s=SensorSource3
[Anomaly Input] [2026-08-16 19:20:04.408 (UTC)] info/application	[Sensor] Updated distance: 26.858317991187 cm | Severity=75 | SourceName=Sensor2 | EventType=application | SourceNode=ns=1;s=SensorSource2
[Anomaly Input] [2026-08-16 19:20:04.498 (UTC)] info/application	[Sensor] Updated distance: 23.6110309409495 cm | Severity=75 | SourceName=Sensor | EventType=application | SourceNode=ns=1;s=SensorSource
[Anomaly Input] [2026-08-16 19:20:04.498 (UTC)] info/application	[Motor] Received distance: 23.6110309409495 cm | Severity=75 | SourceName=Motor | EventType=application | SourceNode=ns=1;s=MotorSource
[Anomaly Input] [2026-08-16 19:20:04.500 (UTC)] info/application	[Motor] Received distance: 25.8788437679777 cm | Severity=75 | SourceName=Motor3 | EventType=application | SourceNode=ns=1;s=MotorSource3
[Anomaly Input] [2026-08-16 19:20:04.501 (UTC)] info/application	[Motor] Received distance: 26.858317991187 cm | Severity=75 | SourceName=Motor2 | EventType=application | SourceNode=ns=1;s=MotorSource2
[Anomaly Input] [2026-08-16 19:20:04.498 (UTC)] info/application	[Motor] Distance safe (23.6110309409495); rotating motor to 90 degrees | Severity=75 | SourceName=Motor | EventType=application | SourceNode=ns=1;s=MotorSource
[Anomaly Input] [2026-08-16 19:20:04.500 (UTC)] info/application	[Motor] Distance safe (25.8788437679777); rotating motor to 90 degrees | Severity=75 | SourceName=Motor3 | EventType=application | SourceNode=ns=1;s=MotorSource3
[Anomaly Input] [2026-08-16 19:20:04.501 (UTC)] info/application	[Motor] Distance safe (26.858317991187); rotating motor to 90 degrees | Severity=75 | SourceName=Motor2 | EventType=application | SourceNode=ns=1;s=MotorSource2
[Anomaly Input] [2026-08-16 19:20:05.399 (UTC)] info/application	[Sensor] Updated distance: 24.5524101727886 cm | Severity=75 | SourceName=Sensor3 | EventType=application | SourceNode=ns=1;s=SensorSource3
[Anomaly Input] [2026-08-16 19:20:05.408 (UTC)] info/application	[Sensor] Updated distance: 27.1573913505568 cm | Severity=75 | SourceName=Sensor2 | EventType=application | SourceNode=ns=1;s=SensorSource2
[Anomaly Input] [2026-08-16 19:20:05.498 (UTC)] info/application	[Sensor] Updated distance: 23.1186728361615 cm | Severity=75 | SourceName=Sensor | EventType=application | SourceNode=ns=1;s=SensorSource
[Anomaly Input] [2026-08-16 19:20:05.500 (UTC)] info/application	[Motor] Received distance: 24.5524101727886 cm | Severity=75 | SourceName=Motor3 | EventType=application | SourceNode=ns=1;s=MotorSource3
[Anomaly Input] [2026-08-16 19:20:05.501 (UTC)] info/application	[Motor] Received distance: 27.1573913505568 cm | Severity=75 | SourceName=Motor2 | EventType=application | SourceNode=ns=1;s=MotorSource2
[Anomaly Input] [2026-08-16 19:20:05.506 (UTC)] info/application	[Motor] Received distance: 23.1186728361615 cm | Severity=75 | SourceName=Motor | EventType=application | SourceNode=ns=1;s=MotorSource
[Anomaly Input] [2026-08-16 19:20:05.500 (UTC)] info/application	[Motor] Distance safe (24.5524101727886); rotating motor to 90 degrees | Severity=75 | SourceName=Motor3 | EventType=application | SourceNode=ns=1;s=MotorSource3
[Anomaly Input] [2026-08-16 19:20:05.501 (UTC)] info/application	[Motor] Distance safe (27.1573913505568); rotating motor to 90 degrees | Severity=75 | SourceName=Motor2 | EventType=application | SourceNode=ns=1;s=MotorSource2
[Anomaly Input] [2026-08-16 19:20:05.506 (UTC)] info/application	[Motor] Distance safe (23.1186728361615); rotating motor to 90 degrees | Severity=75 | SourceName=Motor | EventType=application | SourceNode=ns=1;s=MotorSource
[Anomaly Input] [2026-08-16 19:20:06.398 (UTC)] info/application	[Sensor] Updated distance: 24.6771836619252 cm | Severity=75 | SourceName=Sensor3 | EventType=application | SourceNode=ns=1;s=SensorSource3
[Anomaly Input] [2026-08-16 19:20:06.409 (UTC)] info/application	[Sensor] Updated distance: 26.2170895781448 cm | Severity=75 | SourceName=Sensor2 | EventType=application | SourceNode=ns=1;s=SensorSource2
[Anomaly Input] [2026-08-16 19:20:06.499 (UTC)] info/application	[Sensor] Updated distance: 22.9560477060527 cm | Severity=75 | SourceName=Sensor | EventType=application | SourceNode=ns=1;s=SensorSource
[Anomaly Input] [2026-08-16 19:20:06.499 (UTC)] info/application	[Motor] Received distance: 22.9560477060527 cm | Severity=75 | SourceName=Motor | EventType=application | SourceNode=ns=1;s=MotorSource
[Anomaly Input] [2026-08-16 19:20:06.500 (UTC)] info/application	[Motor] Received distance: 24.6771836619252 cm | Severity=75 | SourceName=Motor3 | EventType=application | SourceNode=ns=1;s=MotorSource3
[Anomaly Input] [2026-08-16 19:20:06.510 (UTC)] info/application	[Motor] Received distance: 26.2170895781448 cm | Severity=75 | SourceName=Motor2 | EventType=application | SourceNode=ns=1;s=MotorSource2
[Anomaly Input] [2026-08-16 19:20:06.499 (UTC)] info/application	[Motor] Distance safe (22.9560477060527); rotating motor to 90 degrees | Severity=75 | SourceName=Motor | EventType=application | SourceNode=ns=1;s=MotorSource
[Anomaly Input] [2026-08-16 19:20:06.500 (UTC)] info/application	[Motor] Distance safe (24.6771836619252); rotating motor to 90 degrees | Severity=75 | SourceName=Motor3 | EventType=application | SourceNode=ns=1;s=MotorSource3
[Anomaly Input] [2026-08-16 19:20:06.510 (UTC)] info/application	[Motor] Distance safe (26.2170895781448); rotating motor to 90 degrees | Severity=75 | SourceName=Motor2 | EventType=application | SourceNode=ns=1;s=MotorSource2
[Anomaly Input] [2026-08-16 19:20:07.399 (UTC)] info/application	[Sensor] Updated distance: 27.4276926056145 cm | Severity=75 | SourceName=Sensor2 | EventType=application | SourceNode=ns=1;s=SensorSource2
[Anomaly Input] [2026-08-16 19:20:07.399 (UTC)] info/application	[Sensor] Updated distance: 23.6779391184346 cm | Severity=75 | SourceName=Sensor3 | EventType=application | SourceNode=ns=1;s=SensorSource3
[Anomaly Input] [2026-08-16 19:20:07.499 (UTC)] info/application	[Sensor] Updated distance: 23.225228846178 cm | Severity=75 | SourceName=Sensor | EventType=application | SourceNode=ns=1;s=SensorSource
[Anomaly Input] [2026-08-16 19:20:07.499 (UTC)] info/application	[Motor] Received distance: 27.4276926056145 cm | Severity=75 | SourceName=Motor2 | EventType=application | SourceNode=ns=1;s=MotorSource2
[Anomaly Input] [2026-08-16 19:20:07.500 (UTC)] info/application	[Motor] Received distance: 23.6779391184346 cm | Severity=75 | SourceName=Motor3 | EventType=application | SourceNode=ns=1;s=MotorSource3
[Anomaly Input] [2026-08-16 19:20:07.507 (UTC)] info/application	[Motor] Received distance: 23.225228846178 cm | Severity=75 | SourceName=Motor | EventType=application | SourceNode=ns=1;s=MotorSource
[Anomaly Input] [2026-08-16 19:20:07.499 (UTC)] info/application	[Motor] Distance safe (27.4276926056145); rotating motor to 90 degrees | Severity=75 | SourceName=Motor2 | EventType=application | SourceNode=ns=1;s=MotorSource2
[Anomaly Input] [2026-08-16 19:20:07.500 (UTC)] info/application	[Motor] Distance safe (23.6779391184346); rotating motor to 90 degrees | Severity=75 | SourceName=Motor3 | EventType=application | SourceNode=ns=1;s=MotorSource3
[Anomaly Input] [2026-08-16 19:20:07.507 (UTC)] info/application	[Motor] Distance safe (23.225228846178); rotating motor to 90 degrees | Severity=75 | SourceName=Motor | EventType=application | SourceNode=ns=1;s=MotorSource
[Anomaly Input] [2026-08-16 19:20:08.399 (UTC)] info/application	[Sensor] Updated distance: 27.7801764843893 cm | Severity=75 | SourceName=Sensor2 | EventType=application | SourceNode=ns=1;s=SensorSource2
[Anomaly Input] [2026-08-16 19:20:08.399 (UTC)] info/application	[Sensor] Updated distance: 24.3960104484092 cm | Severity=75 | SourceName=Sensor3 | EventType=application | SourceNode=ns=1;s=SensorSource3
[Anomaly Input] [2026-08-16 19:20:08.499 (UTC)] info/application	[Sensor] Updated distance: 22.8113893970435 cm | Severity=75 | SourceName=Sensor | EventType=application | SourceNode=ns=1;s=SensorSource
[Anomaly Input] [2026-08-16 19:20:08.499 (UTC)] info/application	[Motor] Received distance: 22.8113893970435 cm | Severity=75 | SourceName=Motor | EventType=application | SourceNode=ns=1;s=MotorSource
[Anomaly Input] [2026-08-16 19:20:08.499 (UTC)] info/application	[Motor] Received distance: 27.7801764843893 cm | Severity=75 | SourceName=Motor2 | EventType=application | SourceNode=ns=1;s=MotorSource2
[Anomaly Input] [2026-08-16 19:20:08.500 (UTC)] info/application	[Motor] Received distance: 24.3960104484092 cm | Severity=75 | SourceName=Motor3 | EventType=application | SourceNode=ns=1;s=MotorSource3
[Anomaly Input] [2026-08-16 19:20:08.500 (UTC)] info/application	[Motor] Distance safe (27.7801764843893); rotating motor to 90 degrees | Severity=75 | SourceName=Motor2 | EventType=application | SourceNode=ns=1;s=MotorSource2
[Anomaly Input] [2026-08-16 19:20:08.499 (UTC)] info/application	[Motor] Distance safe (22.8113893970435); rotating motor to 90 degrees | Severity=75 | SourceName=Motor | EventType=application | SourceNode=ns=1;s=MotorSource
[Anomaly Input] [2026-08-16 19:20:08.500 (UTC)] info/application	[Motor] Distance safe (24.3960104484092); rotating motor to 90 degrees | Severity=75 | SourceName=Motor3 | EventType=application | SourceNode=ns=1;s=MotorSource3
[Anomaly Input] [2026-08-16 19:20:09.400 (UTC)] info/application	[Sensor] Updated distance: 24.8227974988161 cm | Severity=75 | SourceName=Sensor3 | EventType=application | SourceNode=ns=1;s=SensorSource3
[Anomaly Input] [2026-08-16 19:20:09.400 (UTC)] info/application	[Sensor] Updated distance: 26.5680252984483 cm | Severity=75 | SourceName=Sensor2 | EventType=application | SourceNode=ns=1;s=SensorSource2
[Anomaly Input] [2026-08-16 19:20:09.500 (UTC)] info/application	[Sensor] Updated distance: 22.0901975543658 cm | Severity=75 | SourceName=Sensor | EventType=application | SourceNode=ns=1;s=SensorSource
[Anomaly Input] [2026-08-16 19:20:09.500 (UTC)] info/application	[Motor] Received distance: 26.5680252984483 cm | Severity=75 | SourceName=Motor2 | EventType=application | SourceNode=ns=1;s=MotorSource2
[Anomaly Input] [2026-08-16 19:20:09.501 (UTC)] info/application	[Motor] Received distance: 24.8227974988161 cm | Severity=75 | SourceName=Motor3 | EventType=application | SourceNode=ns=1;s=MotorSource3
[Anomaly Input] [2026-08-16 19:20:09.508 (UTC)] info/application	[Motor] Received distance: 22.0901975543658 cm | Severity=75 | SourceName=Motor | EventType=application | SourceNode=ns=1;s=MotorSource
[Anomaly Input] [2026-08-16 19:20:09.500 (UTC)] info/application	[Motor] Distance safe (26.5680252984483); rotating motor to 90 degrees | Severity=75 | SourceName=Motor2 | EventType=application | SourceNode=ns=1;s=MotorSource2
[Anomaly Input] [2026-08-16 19:20:09.501 (UTC)] info/application	[Motor] Distance safe (24.8227974988161); rotating motor to 90 degrees | Severity=75 | SourceName=Motor3 | EventType=application | SourceNode=ns=1;s=MotorSource3
[Anomaly Input] [2026-08-16 19:20:09.508 (UTC)] info/application	[Motor] Distance safe (22.0901975543658); rotating motor to 90 degrees | Severity=75 | SourceName=Motor | EventType=application | SourceNode=ns=1;s=MotorSource
[Anomaly Input] [2026-08-16 19:20:10.401 (UTC)] info/application	[Sensor] Updated distance: 24.5910228786948 cm | Severity=75 | SourceName=Sensor3 | EventType=application | SourceNode=ns=1;s=SensorSource3
[Anomaly Input] [2026-08-16 19:20:10.401 (UTC)] info/application	[Sensor] Updated distance: 27.0053331223341 cm | Severity=75 | SourceName=Sensor2 | EventType=application | SourceNode=ns=1;s=SensorSource2
[Anomaly Input] [2026-08-16 19:20:10.492 (UTC)] info/application	[Motor] Received distance: 27.0053331223341 cm | Severity=75 | SourceName=Motor2 | EventType=application | SourceNode=ns=1;s=MotorSource2
[Anomaly Input] [2026-08-16 19:20:10.500 (UTC)] info/application	[Sensor] Updated distance: 21.389467880544 cm | Severity=75 | SourceName=Sensor | EventType=application | SourceNode=ns=1;s=SensorSource
[Anomaly Input] [2026-08-16 19:20:10.500 (UTC)] info/application	[Motor] Received distance: 21.389467880544 cm | Severity=75 | SourceName=Motor | EventType=application | SourceNode=ns=1;s=MotorSource
[Anomaly Input] [2026-08-16 19:20:10.501 (UTC)] info/application	[Motor] Received distance: 24.5910228786948 cm | Severity=75 | SourceName=Motor3 | EventType=application | SourceNode=ns=1;s=MotorSource3
[Anomaly Input] [2026-08-16 19:20:10.492 (UTC)] info/application	[Motor] Distance safe (27.0053331223341); rotating motor to 90 degrees | Severity=75 | SourceName=Motor2 | EventType=application | SourceNode=ns=1;s=MotorSource2
[Anomaly Input] [2026-08-16 19:20:10.500 (UTC)] info/application	[Motor] Distance safe (21.389467880544); rotating motor to 90 degrees | Severity=75 | SourceName=Motor | EventType=application | SourceNode=ns=1;s=MotorSource
[Anomaly Input] [2026-08-16 19:20:10.501 (UTC)] info/application	[Motor] Distance safe (24.5910228786948); rotating motor to 90 degrees | Severity=75 | SourceName=Motor3 | EventType=application | SourceNode=ns=1;s=MotorSource3
[Anomaly Input] [2026-08-16 19:20:11.401 (UTC)] info/application	[Sensor] Updated distance: 25.8584362386532 cm | Severity=75 | SourceName=Sensor3 | EventType=application | SourceNode=ns=1;s=SensorSource3
[Anomaly Input] [2026-08-16 19:20:11.401 (UTC)] info/application	[Sensor] Updated distance: 25.8983430678017 cm | Severity=75 | SourceName=Sensor2 | EventType=application | SourceNode=ns=1;s=SensorSource2
[Anomaly Input] [2026-08-16 19:20:11.490 (UTC)] info/application	[Sensor] Updated distance: 21.4939216806059 cm | Severity=75 | SourceName=Sensor | EventType=application | SourceNode=ns=1;s=SensorSource
[Anomaly Input] [2026-08-16 19:20:11.490 (UTC)] info/application	[Motor] Received distance: 21.4939216806059 cm | Severity=75 | SourceName=Motor | EventType=application | SourceNode=ns=1;s=MotorSource
[Anomaly Input] [2026-08-16 19:20:11.500 (UTC)] info/application	[Motor] Received distance: 25.8983430678017 cm | Severity=75 | SourceName=Motor2 | EventType=application | SourceNode=ns=1;s=MotorSource2
[Anomaly Input] [2026-08-16 19:20:11.501 (UTC)] info/application	[Motor] Received distance: 25.8584362386532 cm | Severity=75 | SourceName=Motor3 | EventType=application | SourceNode=ns=1;s=MotorSource3
[Anomaly Input] [2026-08-16 19:20:11.490 (UTC)] info/application	[Motor] Distance safe (21.4939216806059); rotating motor to 90 degrees | Severity=75 | SourceName=Motor | EventType=application | SourceNode=ns=1;s=MotorSource
[Anomaly Input] [2026-08-16 19:20:11.500 (UTC)] info/application	[Motor] Distance safe (25.8983430678017); rotating motor to 90 degrees | Severity=75 | SourceName=Motor2 | EventType=application | SourceNode=ns=1;s=MotorSource2
[Anomaly Input] [2026-08-16 19:20:11.501 (UTC)] info/application	[Motor] Distance safe (25.8584362386532); rotating motor to 90 degrees | Severity=75 | SourceName=Motor3 | EventType=application | SourceNode=ns=1;s=MotorSource3
[Anomaly Input] [2026-08-16 19:20:12.401 (UTC)] info/application	[Sensor] Updated distance: 26.9763455912361 cm | Severity=75 | SourceName=Sensor3 | EventType=application | SourceNode=ns=1;s=SensorSource3
[Anomaly Input] [2026-08-16 19:20:12.401 (UTC)] info/application	[Sensor] Updated distance: 25.870272998172 cm | Severity=75 | SourceName=Sensor2 | EventType=application | SourceNode=ns=1;s=SensorSource2
[Anomaly Input] [2026-08-16 19:20:12.490 (UTC)] info/application	[Sensor] Updated distance: 21.6570035420158 cm | Severity=75 | SourceName=Sensor | EventType=application | SourceNode=ns=1;s=SensorSource
[Anomaly Input] [2026-08-16 19:20:12.493 (UTC)] info/application	[Motor] Received distance: 21.6570035420158 cm | Severity=75 | SourceName=Motor | EventType=application | SourceNode=ns=1;s=MotorSource
[Anomaly Input] [2026-08-16 19:20:12.500 (UTC)] info/application	[Motor] Received distance: 25.870272998172 cm | Severity=75 | SourceName=Motor2 | EventType=application | SourceNode=ns=1;s=MotorSource2
[Anomaly Input] [2026-08-16 19:20:12.501 (UTC)] info/application	[Motor] Received distance: 26.9763455912361 cm | Severity=75 | SourceName=Motor3 | EventType=application | SourceNode=ns=1;s=MotorSource3
[Anomaly Input] [2026-08-16 19:20:12.493 (UTC)] info/application	[Motor] Distance safe (21.6570035420158); rotating motor to 90 degrees | Severity=75 | SourceName=Motor | EventType=application | SourceNode=ns=1;s=MotorSource
[Anomaly Input] [2026-08-16 19:20:12.500 (UTC)] info/application	[Motor] Distance safe (25.870272998172); rotating motor to 90 degrees | Severity=75 | SourceName=Motor2 | EventType=application | SourceNode=ns=1;s=MotorSource2
[Anomaly Input] [2026-08-16 19:20:12.501 (UTC)] info/application	[Motor] Distance safe (26.9763455912361); rotating motor to 90 degrees | Severity=75 | SourceName=Motor3 | EventType=application | SourceNode=ns=1;s=MotorSource3
[Anomaly Input] [2026-08-16 19:20:13.402 (UTC)] info/application	[Sensor] Updated distance: 25.7369289096617 cm | Severity=75 | SourceName=Sensor3 | EventType=application | SourceNode=ns=1;s=SensorSource3
[Anomaly Input] [2026-08-16 19:20:13.402 (UTC)] info/application	[Sensor] Updated distance: 26.262480291893 cm | Severity=75 | SourceName=Sensor2 | EventType=application | SourceNode=ns=1;s=SensorSource2
[Anomaly Input] [2026-08-16 19:20:13.490 (UTC)] info/application	[Sensor] Updated distance: 20.987551736174 cm | Severity=75 | SourceName=Sensor | EventType=application | SourceNode=ns=1;s=SensorSource
[Anomaly Input] [2026-08-16 19:20:13.493 (UTC)] info/application	[Motor] Received distance: 26.262480291893 cm | Severity=75 | SourceName=Motor2 | EventType=application | SourceNode=ns=1;s=MotorSource2
[Anomaly Input] [2026-08-16 19:20:13.493 (UTC)] info/application	[Motor] Received distance: 25.7369289096617 cm | Severity=75 | SourceName=Motor3 | EventType=application | SourceNode=ns=1;s=MotorSource3
[Anomaly Input] [2026-08-16 19:20:13.493 (UTC)] info/application	[Motor] Received distance: 20.987551736174 cm | Severity=75 | SourceName=Motor | EventType=application | SourceNode=ns=1;s=MotorSource
[Anomaly Input] [2026-08-16 19:20:13.493 (UTC)] info/application	[Motor] Distance safe (26.262480291893); rotating motor to 90 degrees | Severity=75 | SourceName=Motor2 | EventType=application | SourceNode=ns=1;s=MotorSource2
[Anomaly Input] [2026-08-16 19:20:13.493 (UTC)] info/application	[Motor] Distance safe (25.7369289096617); rotating motor to 90 degrees | Severity=75 | SourceName=Motor3 | EventType=application | SourceNode=ns=1;s=MotorSource3
[Anomaly Input] [2026-08-16 19:20:13.493 (UTC)] info/application	[Motor] Distance safe (20.987551736174); rotating motor to 90 degrees | Severity=75 | SourceName=Motor | EventType=application | SourceNode=ns=1;s=MotorSource
[Anomaly Input] [2026-08-16 19:20:14.402 (UTC)] info/application	[Sensor] Updated distance: 25.4331144510923 cm | Severity=75 | SourceName=Sensor2 | EventType=application | SourceNode=ns=1;s=SensorSource2
[Anomaly Input] [2026-08-16 19:20:14.402 (UTC)] info/application	[Sensor] Updated distance: 24.5888697214373 cm | Severity=75 | SourceName=Sensor3 | EventType=application | SourceNode=ns=1;s=SensorSource3
[Anomaly Input] [2026-08-16 19:20:14.490 (UTC)] info/application	[Sensor] Updated distance: 21.8107503290804 cm | Severity=75 | SourceName=Sensor | EventType=application | SourceNode=ns=1;s=SensorSource
[Anomaly Input] [2026-08-16 19:20:14.494 (UTC)] info/application	[Motor] Received distance: 21.8107503290804 cm | Severity=75 | SourceName=Motor | EventType=application | SourceNode=ns=1;s=MotorSource
[Anomaly Input] [2026-08-16 19:20:14.500 (UTC)] info/application	[Motor] Received distance: 24.5888697214373 cm | Severity=75 | SourceName=Motor3 | EventType=application | SourceNode=ns=1;s=MotorSource3
[Anomaly Input] [2026-08-16 19:20:14.500 (UTC)] info/application	[Motor] Received distance: 25.4331144510923 cm | Severity=75 | SourceName=Motor2 | EventType=application | SourceNode=ns=1;s=MotorSource2
[Anomaly Input] [2026-08-16 19:20:14.494 (UTC)] info/application	[Motor] Distance safe (21.8107503290804); rotating motor to 90 degrees | Severity=75 | SourceName=Motor | EventType=application | SourceNode=ns=1;s=MotorSource
[Anomaly Input] [2026-08-16 19:20:14.500 (UTC)] info/application	[Motor] Distance safe (25.4331144510923); rotating motor to 90 degrees | Severity=75 | SourceName=Motor2 | EventType=application | SourceNode=ns=1;s=MotorSource2
[Anomaly Input] [2026-08-16 19:20:14.500 (UTC)] info/application	[Motor] Distance safe (24.5888697214373); rotating motor to 90 degrees | Severity=75 | SourceName=Motor3 | EventType=application | SourceNode=ns=1;s=MotorSource3
[Anomaly Input] [2026-08-16 19:20:15.403 (UTC)] info/application	[Sensor] Updated distance: 25.8360038992651 cm | Severity=75 | SourceName=Sensor3 | EventType=application | SourceNode=ns=1;s=SensorSource3
[Anomaly Input] [2026-08-16 19:20:15.403 (UTC)] info/application	[Sensor] Updated distance: 24.3124748849368 cm | Severity=75 | SourceName=Sensor2 | EventType=application | SourceNode=ns=1;s=SensorSource2
[Anomaly Input] [2026-08-16 19:20:15.490 (UTC)] info/application	[Sensor] Updated distance: 21.7648099594586 cm | Severity=75 | SourceName=Sensor | EventType=application | SourceNode=ns=1;s=SensorSource
[Anomaly Input] [2026-08-16 19:20:15.494 (UTC)] info/application	[Motor] Received distance: 21.7648099594586 cm | Severity=75 | SourceName=Motor | EventType=application | SourceNode=ns=1;s=MotorSource
[Anomaly Input] [2026-08-16 19:20:15.500 (UTC)] info/application	[Motor] Received distance: 24.3124748849368 cm | Severity=75 | SourceName=Motor2 | EventType=application | SourceNode=ns=1;s=MotorSource2
[Anomaly Input] [2026-08-16 19:20:15.500 (UTC)] info/application	[Motor] Received distance: 25.8360038992651 cm | Severity=75 | SourceName=Motor3 | EventType=application | SourceNode=ns=1;s=MotorSource3
[Anomaly Input] [2026-08-16 19:20:15.494 (UTC)] info/application	[Motor] Distance safe (21.7648099594586); rotating motor to 90 degrees | Severity=75 | SourceName=Motor | EventType=application | SourceNode=ns=1;s=MotorSource
[Anomaly Input] [2026-08-16 19:20:15.500 (UTC)] info/application	[Motor] Distance safe (24.3124748849368); rotating motor to 90 degrees | Severity=75 | SourceName=Motor2 | EventType=application | SourceNode=ns=1;s=MotorSource2
[Anomaly Input] [2026-08-16 19:20:15.500 (UTC)] info/application	[Motor] Distance safe (25.8360038992651); rotating motor to 90 degrees | Severity=75 | SourceName=Motor3 | EventType=application | SourceNode=ns=1;s=MotorSource3
[Anomaly Input] [2026-08-16 19:20:16.403 (UTC)] info/application	[Sensor] Updated distance: 27.0893193241625 cm | Severity=75 | SourceName=Sensor3 | EventType=application | SourceNode=ns=1;s=SensorSource3
[Anomaly Input] [2026-08-16 19:20:16.403 (UTC)] info/application	[Sensor] Updated distance: 23.0402455614136 cm | Severity=75 | SourceName=Sensor2 | EventType=application | SourceNode=ns=1;s=SensorSource2
[Anomaly Input] [2026-08-16 19:20:16.491 (UTC)] info/application	[Sensor] Updated distance: 23.1094362407967 cm | Severity=75 | SourceName=Sensor | EventType=application | SourceNode=ns=1;s=SensorSource
[Anomaly Input] [2026-08-16 19:20:16.494 (UTC)] info/application	[Motor] Received distance: 23.1094362407967 cm | Severity=75 | SourceName=Motor | EventType=application | SourceNode=ns=1;s=MotorSource
[Anomaly Input] [2026-08-16 19:20:16.500 (UTC)] info/application	[Motor] Received distance: 27.0893193241625 cm | Severity=75 | SourceName=Motor3 | EventType=application | SourceNode=ns=1;s=MotorSource3
[Anomaly Input] [2026-08-16 19:20:16.500 (UTC)] info/application	[Motor] Received distance: 23.0402455614136 cm | Severity=75 | SourceName=Motor2 | EventType=application | SourceNode=ns=1;s=MotorSource2
[Anomaly Input] [2026-08-16 19:20:16.494 (UTC)] info/application	[Motor] Distance safe (23.1094362407967); rotating motor to 90 degrees | Severity=75 | SourceName=Motor | EventType=application | SourceNode=ns=1;s=MotorSource
[Anomaly Input] [2026-08-16 19:20:16.500 (UTC)] info/application	[Motor] Distance safe (27.0893193241625); rotating motor to 90 degrees | Severity=75 | SourceName=Motor3 | EventType=application | SourceNode=ns=1;s=MotorSource3
[Anomaly Input] [2026-08-16 19:20:16.500 (UTC)] info/application	[Motor] Distance safe (23.0402455614136); rotating motor to 90 degrees | Severity=75 | SourceName=Motor2 | EventType=application | SourceNode=ns=1;s=MotorSource2
[Anomaly Input] [2026-08-16 19:20:17.403 (UTC)] info/application	[Sensor] Updated distance: 26.8544168459971 cm | Severity=75 | SourceName=Sensor3 | EventType=application | SourceNode=ns=1;s=SensorSource3
[Anomaly Input] [2026-08-16 19:20:17.404 (UTC)] info/application	[Sensor] Updated distance: 23.0569396841139 cm | Severity=75 | SourceName=Sensor2 | EventType=application | SourceNode=ns=1;s=SensorSource2
[Anomaly Input] [2026-08-16 19:20:17.491 (UTC)] info/application	[Sensor] Updated distance: 22.3760736777336 cm | Severity=75 | SourceName=Sensor | EventType=application | SourceNode=ns=1;s=SensorSource
[Anomaly Input] [2026-08-16 19:20:17.491 (UTC)] info/application	[Motor] Received distance: 22.3760736777336 cm | Severity=75 | SourceName=Motor | EventType=application | SourceNode=ns=1;s=MotorSource
[Anomaly Input] [2026-08-16 19:20:17.501 (UTC)] info/application	[Motor] Received distance: 26.8544168459971 cm | Severity=75 | SourceName=Motor3 | EventType=application | SourceNode=ns=1;s=MotorSource3
[Anomaly Input] [2026-08-16 19:20:17.501 (UTC)] info/application	[Motor] Received distance: 23.0569396841139 cm | Severity=75 | SourceName=Motor2 | EventType=application | SourceNode=ns=1;s=MotorSource2
[Anomaly Input] [2026-08-16 19:20:17.491 (UTC)] info/application	[Motor] Distance safe (22.3760736777336); rotating motor to 90 degrees | Severity=75 | SourceName=Motor | EventType=application | SourceNode=ns=1;s=MotorSource
[Anomaly Input] [2026-08-16 19:20:17.501 (UTC)] info/application	[Motor] Distance safe (26.8544168459971); rotating motor to 90 degrees | Severity=75 | SourceName=Motor3 | EventType=application | SourceNode=ns=1;s=MotorSource3
[Anomaly Input] [2026-08-16 19:20:17.501 (UTC)] info/application	[Motor] Distance safe (23.0569396841139); rotating motor to 90 degrees | Severity=75 | SourceName=Motor2 | EventType=application | SourceNode=ns=1;s=MotorSource2
[Anomaly Input] [2026-08-16 19:20:18.404 (UTC)] info/application	[Sensor] Updated distance: 23.2250832986204 cm | Severity=75 | SourceName=Sensor2 | EventType=application | SourceNode=ns=1;s=SensorSource2
[Anomaly Input] [2026-08-16 19:20:18.404 (UTC)] info/application	[Sensor] Updated distance: 26.9971167268218 cm | Severity=75 | SourceName=Sensor3 | EventType=application | SourceNode=ns=1;s=SensorSource3
[Anomaly Input] [2026-08-16 19:20:18.490 (UTC)] info/application	[Sensor] Updated distance: 21.3901448826725 cm | Severity=75 | SourceName=Sensor | EventType=application | SourceNode=ns=1;s=SensorSource
[Anomaly Input] [2026-08-16 19:20:18.493 (UTC)] info/application	[Motor] Received distance: 21.3901448826725 cm | Severity=75 | SourceName=Motor | EventType=application | SourceNode=ns=1;s=MotorSource
[Anomaly Input] [2026-08-16 19:20:18.501 (UTC)] info/application	[Motor] Received distance: 26.9971167268218 cm | Severity=75 | SourceName=Motor3 | EventType=application | SourceNode=ns=1;s=MotorSource3
[Anomaly Input] [2026-08-16 19:20:18.501 (UTC)] info/application	[Motor] Received distance: 23.2250832986204 cm | Severity=75 | SourceName=Motor2 | EventType=application | SourceNode=ns=1;s=MotorSource2
[Anomaly Input] [2026-08-16 19:20:18.493 (UTC)] info/application	[Motor] Distance safe (21.3901448826725); rotating motor to 90 degrees | Severity=75 | SourceName=Motor | EventType=application | SourceNode=ns=1;s=MotorSource
[Anomaly Input] [2026-08-16 19:20:18.501 (UTC)] info/application	[Motor] Distance safe (26.9971167268218); rotating motor to 90 degrees | Severity=75 | SourceName=Motor3 | EventType=application | SourceNode=ns=1;s=MotorSource3
[Anomaly Input] [2026-08-16 19:20:18.501 (UTC)] info/application	[Motor] Distance safe (23.2250832986204); rotating motor to 90 degrees | Severity=75 | SourceName=Motor2 | EventType=application | SourceNode=ns=1;s=MotorSource2
[Anomaly Input] [2026-08-16 19:20:19.404 (UTC)] info/application	[Sensor] Updated distance: 26.8342419515058 cm | Severity=75 | SourceName=Sensor3 | EventType=application | SourceNode=ns=1;s=SensorSource3
[Anomaly Input] [2026-08-16 19:20:19.404 (UTC)] info/application	[Sensor] Updated distance: 24.7165410817678 cm | Severity=75 | SourceName=Sensor2 | EventType=application | SourceNode=ns=1;s=SensorSource2
[Anomaly Input] [2026-08-16 19:20:19.490 (UTC)] info/application	[Sensor] Updated distance: 21.7142213223103 cm | Severity=75 | SourceName=Sensor | EventType=application | SourceNode=ns=1;s=SensorSource
[Anomaly Input] [2026-08-16 19:20:19.493 (UTC)] info/application	[Motor] Received distance: 21.7142213223103 cm | Severity=75 | SourceName=Motor | EventType=application | SourceNode=ns=1;s=MotorSource
[Anomaly Input] [2026-08-16 19:20:19.501 (UTC)] info/application	[Motor] Received distance: 26.8342419515058 cm | Severity=75 | SourceName=Motor3 | EventType=application | SourceNode=ns=1;s=MotorSource3
[Anomaly Input] [2026-08-16 19:20:19.501 (UTC)] info/application	[Motor] Received distance: 24.7165410817678 cm | Severity=75 | SourceName=Motor2 | EventType=application | SourceNode=ns=1;s=MotorSource2
[Anomaly Input] [2026-08-16 19:20:19.493 (UTC)] info/application	[Motor] Distance safe (21.7142213223103); rotating motor to 90 degrees | Severity=75 | SourceName=Motor | EventType=application | SourceNode=ns=1;s=MotorSource
[Anomaly Input] [2026-08-16 19:20:19.501 (UTC)] info/application	[Motor] Distance safe (26.8342419515058); rotating motor to 90 degrees | Severity=75 | SourceName=Motor3 | EventType=application | SourceNode=ns=1;s=MotorSource3
[Anomaly Input] [2026-08-16 19:20:19.501 (UTC)] info/application	[Motor] Distance safe (24.7165410817678); rotating motor to 90 degrees | Severity=75 | SourceName=Motor2 | EventType=application | SourceNode=ns=1;s=MotorSource2
[Anomaly Input] [2026-08-16 19:20:20.405 (UTC)] info/application	[Sensor] Updated distance: 27.4799278138578 cm | Severity=75 | SourceName=Sensor3 | EventType=application | SourceNode=ns=1;s=SensorSource3
[Anomaly Input] [2026-08-16 19:20:20.405 (UTC)] info/application	[Sensor] Updated distance: 25.4531801685007 cm | Severity=75 | SourceName=Sensor2 | EventType=application | SourceNode=ns=1;s=SensorSource2
[Anomaly Input] [2026-08-16 19:20:20.500 (UTC)] info/application	[Sensor] Updated distance: 21.6471816865481 cm | Severity=75 | SourceName=Sensor | EventType=application | SourceNode=ns=1;s=SensorSource
[Anomaly Input] [2026-08-16 19:20:20.500 (UTC)] info/application	[Motor] Received distance: 21.6471816865481 cm | Severity=75 | SourceName=Motor | EventType=application | SourceNode=ns=1;s=MotorSource
[Anomaly Input] [2026-08-16 19:20:20.501 (UTC)] info/application	[Motor] Received distance: 27.4799278138578 cm | Severity=75 | SourceName=Motor3 | EventType=application | SourceNode=ns=1;s=MotorSource3
[Anomaly Input] [2026-08-16 19:20:20.501 (UTC)] info/application	[Motor] Received distance: 25.4531801685007 cm | Severity=75 | SourceName=Motor2 | EventType=application | SourceNode=ns=1;s=MotorSource2
[Anomaly Input] [2026-08-16 19:20:20.500 (UTC)] info/application	[Motor] Distance safe (21.6471816865481); rotating motor to 90 degrees | Severity=75 | SourceName=Motor | EventType=application | SourceNode=ns=1;s=MotorSource
[Anomaly Input] [2026-08-16 19:20:20.501 (UTC)] info/application	[Motor] Distance safe (27.4799278138578); rotating motor to 90 degrees | Severity=75 | SourceName=Motor3 | EventType=application | SourceNode=ns=1;s=MotorSource3
[Anomaly Input] [2026-08-16 19:20:20.501 (UTC)] info/application	[Motor] Distance safe (25.4531801685007); rotating motor to 90 degrees | Severity=75 | SourceName=Motor2 | EventType=application | SourceNode=ns=1;s=MotorSource2
[Anomaly Input] [2026-08-16 19:20:21.405 (UTC)] info/application	[Sensor] Updated distance: 27.5096674971327 cm | Severity=75 | SourceName=Sensor3 | EventType=application | SourceNode=ns=1;s=SensorSource3
[Anomaly Input] [2026-08-16 19:20:21.405 (UTC)] info/application	[Sensor] Updated distance: 24.945125635455 cm | Severity=75 | SourceName=Sensor2 | EventType=application | SourceNode=ns=1;s=SensorSource2
[Anomaly Input] [2026-08-16 19:20:21.490 (UTC)] info/application	[Sensor] Updated distance: 20.9541417942169 cm | Severity=75 | SourceName=Sensor | EventType=application | SourceNode=ns=1;s=SensorSource
[Anomaly Input] [2026-08-16 19:20:21.490 (UTC)] info/application	[Motor] Received distance: 20.9541417942169 cm | Severity=75 | SourceName=Motor | EventType=application | SourceNode=ns=1;s=MotorSource
[Anomaly Input] [2026-08-16 19:20:21.500 (UTC)] info/application	[Motor] Received distance: 27.5096674971327 cm | Severity=75 | SourceName=Motor3 | EventType=application | SourceNode=ns=1;s=MotorSource3
[Anomaly Input] [2026-08-16 19:20:21.501 (UTC)] info/application	[Motor] Received distance: 24.945125635455 cm | Severity=75 | SourceName=Motor2 | EventType=application | SourceNode=ns=1;s=MotorSource2
[Anomaly Input] [2026-08-16 19:20:21.490 (UTC)] info/application	[Motor] Distance safe (20.9541417942169); rotating motor to 90 degrees | Severity=75 | SourceName=Motor | EventType=application | SourceNode=ns=1;s=MotorSource
[Anomaly Input] [2026-08-16 19:20:21.500 (UTC)] info/application	[Motor] Distance safe (27.5096674971327); rotating motor to 90 degrees | Severity=75 | SourceName=Motor3 | EventType=application | SourceNode=ns=1;s=MotorSource3
[Anomaly Input] [2026-08-16 19:20:21.501 (UTC)] info/application	[Motor] Distance safe (24.945125635455); rotating motor to 90 degrees | Severity=75 | SourceName=Motor2 | EventType=application | SourceNode=ns=1;s=MotorSource2
[Anomaly Input] [2026-08-16 19:20:22.405 (UTC)] info/application	[Sensor] Updated distance: 24.6289672933654 cm | Severity=75 | SourceName=Sensor2 | EventType=application | SourceNode=ns=1;s=SensorSource2
[Anomaly Input] [2026-08-16 19:20:22.405 (UTC)] info/application	[Sensor] Updated distance: 26.3021988614007 cm | Severity=75 | SourceName=Sensor3 | EventType=application | SourceNode=ns=1;s=SensorSource3
[Anomaly Input] [2026-08-16 19:20:22.497 (UTC)] info/application	[Motor] Received distance: 24.6289672933654 cm | Severity=75 | SourceName=Motor2 | EventType=application | SourceNode=ns=1;s=MotorSource2
[Anomaly Input] [2026-08-16 19:20:22.500 (UTC)] info/application	[Sensor] Updated distance: 19.7988519390574 cm | Severity=75 | SourceName=Sensor | EventType=application | SourceNode=ns=1;s=SensorSource
[Anomaly Input] [2026-08-16 19:20:22.500 (UTC)] info/application	[Motor] Received distance: 19.7988519390574 cm | Severity=75 | SourceName=Motor | EventType=application | SourceNode=ns=1;s=MotorSource
[Anomaly Input] [2026-08-16 19:20:22.500 (UTC)] info/application	[Motor] Received distance: 26.3021988614007 cm | Severity=75 | SourceName=Motor3 | EventType=application | SourceNode=ns=1;s=MotorSource3
[Anomaly Input] [2026-08-16 19:20:22.497 (UTC)] info/application	[Motor] Distance safe (24.6289672933654); rotating motor to 90 degrees | Severity=75 | SourceName=Motor2 | EventType=application | SourceNode=ns=1;s=MotorSource2
[Anomaly Input] [2026-08-16 19:20:22.500 (UTC)] warn/application	[Motor] Distance too close (19.7988519390574); rotating motor to 0 degrees | Severity=175 | SourceName=Motor | EventType=application | SourceNode=ns=1;s=MotorSource
[Anomaly Input] [2026-08-16 19:20:22.500 (UTC)] info/application	[Motor] Distance safe (26.3021988614007); rotating motor to 90 degrees | Severity=75 | SourceName=Motor3 | EventType=application | SourceNode=ns=1;s=MotorSource3
[Anomaly Input] [2026-08-16 19:20:23.406 (UTC)] info/application	[Sensor] Updated distance: 27.1652501000395 cm | Severity=75 | SourceName=Sensor3 | EventType=application | SourceNode=ns=1;s=SensorSource3
[Anomaly Input] [2026-08-16 19:20:23.406 (UTC)] info/application	[Sensor] Updated distance: 25.3530139088878 cm | Severity=75 | SourceName=Sensor2 | EventType=application | SourceNode=ns=1;s=SensorSource2
[Anomaly Input] [2026-08-16 19:20:23.500 (UTC)] info/application	[Sensor] Updated distance: 18.3346657954784 cm | Severity=75 | SourceName=Sensor | EventType=application | SourceNode=ns=1;s=SensorSource
[Anomaly Input] [2026-08-16 19:20:23.500 (UTC)] info/application	[Motor] Received distance: 25.3530139088878 cm | Severity=75 | SourceName=Motor2 | EventType=application | SourceNode=ns=1;s=MotorSource2
[Anomaly Input] [2026-08-16 19:20:23.500 (UTC)] info/application	[Motor] Received distance: 27.1652501000395 cm | Severity=75 | SourceName=Motor3 | EventType=application | SourceNode=ns=1;s=MotorSource3
[Anomaly Input] [2026-08-16 19:20:23.509 (UTC)] info/application	[Motor] Received distance: 18.3346657954784 cm | Severity=75 | SourceName=Motor | EventType=application | SourceNode=ns=1;s=MotorSource
[Anomaly Input] [2026-08-16 19:20:23.500 (UTC)] info/application	[Motor] Distance safe (25.3530139088878); rotating motor to 90 degrees | Severity=75 | SourceName=Motor2 | EventType=application | SourceNode=ns=1;s=MotorSource2
[Anomaly Input] [2026-08-16 19:20:23.500 (UTC)] info/application	[Motor] Distance safe (27.1652501000395); rotating motor to 90 degrees | Severity=75 | SourceName=Motor3 | EventType=application | SourceNode=ns=1;s=MotorSource3
[Anomaly Input] [2026-08-16 19:20:23.509 (UTC)] warn/application	[Motor] Distance too close (18.3346657954784); rotating motor to 0 degrees | Severity=175 | SourceName=Motor | EventType=application | SourceNode=ns=1;s=MotorSource
[Anomaly Input] [2026-08-16 19:20:24.406 (UTC)] info/application	[Sensor] Updated distance: 26.7273708650504 cm | Severity=75 | SourceName=Sensor3 | EventType=application | SourceNode=ns=1;s=SensorSource3
[Anomaly Input] [2026-08-16 19:20:24.406 (UTC)] info/application	[Sensor] Updated distance: 25.1561919018422 cm | Severity=75 | SourceName=Sensor2 | EventType=application | SourceNode=ns=1;s=SensorSource2
[Anomaly Input] [2026-08-16 19:20:24.499 (UTC)] info/application	[Sensor] Updated distance: 18.5753650525936 cm | Severity=75 | SourceName=Sensor | EventType=application | SourceNode=ns=1;s=SensorSource
[Anomaly Input] [2026-08-16 19:20:24.499 (UTC)] info/application	[Motor] Received distance: 18.5753650525936 cm | Severity=75 | SourceName=Motor | EventType=application | SourceNode=ns=1;s=MotorSource
[Anomaly Input] [2026-08-16 19:20:24.500 (UTC)] info/application	[Motor] Received distance: 26.7273708650504 cm | Severity=75 | SourceName=Motor3 | EventType=application | SourceNode=ns=1;s=MotorSource3
[Anomaly Input] [2026-08-16 19:20:24.500 (UTC)] info/application	[Motor] Received distance: 25.1561919018422 cm | Severity=75 | SourceName=Motor2 | EventType=application | SourceNode=ns=1;s=MotorSource2
[Anomaly Input] [2026-08-16 19:20:24.499 (UTC)] warn/application	[Motor] Distance too close (18.5753650525936); rotating motor to 0 degrees | Severity=175 | SourceName=Motor | EventType=application | SourceNode=ns=1;s=MotorSource
[Anomaly Input] [2026-08-16 19:20:24.500 (UTC)] info/application	[Motor] Distance safe (26.7273708650504); rotating motor to 90 degrees | Severity=75 | SourceName=Motor3 | EventType=application | SourceNode=ns=1;s=MotorSource3
[Anomaly Input] [2026-08-16 19:20:24.500 (UTC)] info/application	[Motor] Distance safe (25.1561919018422); rotating motor to 90 degrees | Severity=75 | SourceName=Motor2 | EventType=application | SourceNode=ns=1;s=MotorSource2
[Anomaly Input] [2026-08-16 19:20:25.406 (UTC)] info/application	[Sensor] Updated distance: 27.0583961985811 cm | Severity=75 | SourceName=Sensor3 | EventType=application | SourceNode=ns=1;s=SensorSource3
[Anomaly Input] [2026-08-16 19:20:25.406 (UTC)] info/application	[Sensor] Updated distance: 26.6413141061279 cm | Severity=75 | SourceName=Sensor2 | EventType=application | SourceNode=ns=1;s=SensorSource2
[Anomaly Input] [2026-08-16 19:20:25.499 (UTC)] info/application	[Sensor] Updated distance: 18.2249951205333 cm | Severity=75 | SourceName=Sensor | EventType=application | SourceNode=ns=1;s=SensorSource
[Anomaly Input] [2026-08-16 19:20:25.500 (UTC)] info/application	[Motor] Received distance: 27.0583961985811 cm | Severity=75 | SourceName=Motor3 | EventType=application | SourceNode=ns=1;s=MotorSource3
[Anomaly Input] [2026-08-16 19:20:25.500 (UTC)] info/application	[Motor] Received distance: 26.6413141061279 cm | Severity=75 | SourceName=Motor2 | EventType=application | SourceNode=ns=1;s=MotorSource2
[Anomaly Input] [2026-08-16 19:20:25.508 (UTC)] info/application	[Motor] Received distance: 18.2249951205333 cm | Severity=75 | SourceName=Motor | EventType=application | SourceNode=ns=1;s=MotorSource
[Anomaly Input] [2026-08-16 19:20:25.500 (UTC)] info/application	[Motor] Distance safe (27.0583961985811); rotating motor to 90 degrees | Severity=75 | SourceName=Motor3 | EventType=application | SourceNode=ns=1;s=MotorSource3
[Anomaly Input] [2026-08-16 19:20:25.500 (UTC)] info/application	[Motor] Distance safe (26.6413141061279); rotating motor to 90 degrees | Severity=75 | SourceName=Motor2 | EventType=application | SourceNode=ns=1;s=MotorSource2
[Anomaly Input] [2026-08-16 19:20:25.508 (UTC)] warn/application	[Motor] Distance too close (18.2249951205333); rotating motor to 0 degrees | Severity=175 | SourceName=Motor | EventType=application | SourceNode=ns=1;s=MotorSource
[Anomaly Input] [2026-08-16 19:20:26.406 (UTC)] info/application	[Sensor] Updated distance: 25.676371533273 cm | Severity=75 | SourceName=Sensor2 | EventType=application | SourceNode=ns=1;s=SensorSource2
[Anomaly Input] [2026-08-16 19:20:26.407 (UTC)] info/application	[Sensor] Updated distance: 26.3661214105627 cm | Severity=75 | SourceName=Sensor3 | EventType=application | SourceNode=ns=1;s=SensorSource3
[Anomaly Input] [2026-08-16 19:20:26.498 (UTC)] info/application	[Sensor] Updated distance: 18.4409953620941 cm | Severity=75 | SourceName=Sensor | EventType=application | SourceNode=ns=1;s=SensorSource
[Anomaly Input] [2026-08-16 19:20:26.499 (UTC)] info/application	[Motor] Received distance: 18.4409953620941 cm | Severity=75 | SourceName=Motor | EventType=application | SourceNode=ns=1;s=MotorSource
[Anomaly Input] [2026-08-16 19:20:26.500 (UTC)] info/application	[Motor] Received distance: 26.3661214105627 cm | Severity=75 | SourceName=Motor3 | EventType=application | SourceNode=ns=1;s=MotorSource3
[Anomaly Input] [2026-08-16 19:20:26.501 (UTC)] info/application	[Motor] Received distance: 25.676371533273 cm | Severity=75 | SourceName=Motor2 | EventType=application | SourceNode=ns=1;s=MotorSource2
[Anomaly Input] [2026-08-16 19:20:26.499 (UTC)] warn/application	[Motor] Distance too close (18.4409953620941); rotating motor to 0 degrees | Severity=175 | SourceName=Motor | EventType=application | SourceNode=ns=1;s=MotorSource
[Anomaly Input] [2026-08-16 19:20:26.500 (UTC)] info/application	[Motor] Distance safe (26.3661214105627); rotating motor to 90 degrees | Severity=75 | SourceName=Motor3 | EventType=application | SourceNode=ns=1;s=MotorSource3
[Anomaly Input] [2026-08-16 19:20:26.501 (UTC)] info/application	[Motor] Distance safe (25.676371533273); rotating motor to 90 degrees | Severity=75 | SourceName=Motor2 | EventType=application | SourceNode=ns=1;s=MotorSource2
[Anomaly Input] [2026-08-16 19:20:27.407 (UTC)] info/application	[Sensor] Updated distance: 27.1375983691018 cm | Severity=75 | SourceName=Sensor3 | EventType=application | SourceNode=ns=1;s=SensorSource3
[Anomaly Input] [2026-08-16 19:20:27.407 (UTC)] info/application	[Sensor] Updated distance: 25.052300475795 cm | Severity=75 | SourceName=Sensor2 | EventType=application | SourceNode=ns=1;s=SensorSource2
[Anomaly Input] [2026-08-16 19:20:27.498 (UTC)] info/application	[Sensor] Updated distance: 19.4663450887736 cm | Severity=75 | SourceName=Sensor | EventType=application | SourceNode=ns=1;s=SensorSource
[Anomaly Input] [2026-08-16 19:20:27.501 (UTC)] info/application	[Motor] Received distance: 25.052300475795 cm | Severity=75 | SourceName=Motor2 | EventType=application | SourceNode=ns=1;s=MotorSource2
[Anomaly Input] [2026-08-16 19:20:27.501 (UTC)] info/application	[Motor] Received distance: 27.1375983691018 cm | Severity=75 | SourceName=Motor3 | EventType=application | SourceNode=ns=1;s=MotorSource3
[Anomaly Input] [2026-08-16 19:20:27.508 (UTC)] info/application	[Motor] Received distance: 19.4663450887736 cm | Severity=75 | SourceName=Motor | EventType=application | SourceNode=ns=1;s=MotorSource
[Anomaly Input] [2026-08-16 19:20:27.501 (UTC)] info/application	[Motor] Distance safe (25.052300475795); rotating motor to 90 degrees | Severity=75 | SourceName=Motor2 | EventType=application | SourceNode=ns=1;s=MotorSource2
[Anomaly Input] [2026-08-16 19:20:27.501 (UTC)] info/application	[Motor] Distance safe (27.1375983691018); rotating motor to 90 degrees | Severity=75 | SourceName=Motor3 | EventType=application | SourceNode=ns=1;s=MotorSource3
[Anomaly Input] [2026-08-16 19:20:27.508 (UTC)] warn/application	[Motor] Distance too close (19.4663450887736); rotating motor to 0 degrees | Severity=175 | SourceName=Motor | EventType=application | SourceNode=ns=1;s=MotorSource
[Anomaly Input] [2026-08-16 19:20:28.407 (UTC)] info/application	[Sensor] Updated distance: 27.5668319196286 cm | Severity=75 | SourceName=Sensor3 | EventType=application | SourceNode=ns=1;s=SensorSource3
[Anomaly Input] [2026-08-16 19:20:28.407 (UTC)] info/application	[Sensor] Updated distance: 25.6008907838729 cm | Severity=75 | SourceName=Sensor2 | EventType=application | SourceNode=ns=1;s=SensorSource2
[Anomaly Input] [2026-08-16 19:20:28.498 (UTC)] info/application	[Sensor] Updated distance: 19.7120678537581 cm | Severity=75 | SourceName=Sensor | EventType=application | SourceNode=ns=1;s=SensorSource
[Anomaly Input] [2026-08-16 19:20:28.498 (UTC)] info/application	[Motor] Received distance: 19.7120678537581 cm | Severity=75 | SourceName=Motor | EventType=application | SourceNode=ns=1;s=MotorSource
[Anomaly Input] [2026-08-16 19:20:28.498 (UTC)] info/application	[Motor] Received distance: 27.5668319196286 cm | Severity=75 | SourceName=Motor3 | EventType=application | SourceNode=ns=1;s=MotorSource3
[Anomaly Input] [2026-08-16 19:20:28.499 (UTC)] info/application	[Motor] Received distance: 25.6008907838729 cm | Severity=75 | SourceName=Motor2 | EventType=application | SourceNode=ns=1;s=MotorSource2
[Anomaly Input] [2026-08-16 19:20:28.498 (UTC)] warn/application	[Motor] Distance too close (19.7120678537581); rotating motor to 0 degrees | Severity=175 | SourceName=Motor | EventType=application | SourceNode=ns=1;s=MotorSource
[Anomaly Input] [2026-08-16 19:20:28.498 (UTC)] info/application	[Motor] Distance safe (27.5668319196286); rotating motor to 90 degrees | Severity=75 | SourceName=Motor3 | EventType=application | SourceNode=ns=1;s=MotorSource3
[Anomaly Input] [2026-08-16 19:20:28.499 (UTC)] info/application	[Motor] Distance safe (25.6008907838729); rotating motor to 90 degrees | Severity=75 | SourceName=Motor2 | EventType=application | SourceNode=ns=1;s=MotorSource2
[Anomaly Input] [2026-08-16 19:20:29.407 (UTC)] info/application	[Sensor] Updated distance: 28.7492148937887 cm | Severity=75 | SourceName=Sensor3 | EventType=application | SourceNode=ns=1;s=SensorSource3
[Anomaly Input] [2026-08-16 19:20:29.407 (UTC)] info/application	[Sensor] Updated distance: 24.567334542548 cm | Severity=75 | SourceName=Sensor2 | EventType=application | SourceNode=ns=1;s=SensorSource2
[Anomaly Input] [2026-08-16 19:20:29.497 (UTC)] info/application	[Sensor] Updated distance: 20.5061016466963 cm | Severity=75 | SourceName=Sensor | EventType=application | SourceNode=ns=1;s=SensorSource
[Anomaly Input] [2026-08-16 19:20:29.497 (UTC)] info/application	[Motor] Received distance: 20.5061016466963 cm | Severity=75 | SourceName=Motor | EventType=application | SourceNode=ns=1;s=MotorSource
[Anomaly Input] [2026-08-16 19:20:29.499 (UTC)] info/application	[Motor] Received distance: 24.567334542548 cm | Severity=75 | SourceName=Motor2 | EventType=application | SourceNode=ns=1;s=MotorSource2
[Anomaly Input] [2026-08-16 19:20:29.500 (UTC)] info/application	[Motor] Received distance: 28.7492148937887 cm | Severity=75 | SourceName=Motor3 | EventType=application | SourceNode=ns=1;s=MotorSource3
[Anomaly Input] [2026-08-16 19:20:29.497 (UTC)] info/application	[Motor] Distance safe (20.5061016466963); rotating motor to 90 degrees | Severity=75 | SourceName=Motor | EventType=application | SourceNode=ns=1;s=MotorSource
[Anomaly Input] [2026-08-16 19:20:29.499 (UTC)] info/application	[Motor] Distance safe (24.567334542548); rotating motor to 90 degrees | Severity=75 | SourceName=Motor2 | EventType=application | SourceNode=ns=1;s=MotorSource2
[Anomaly Input] [2026-08-16 19:20:29.500 (UTC)] info/application	[Motor] Distance safe (28.7492148937887); rotating motor to 90 degrees | Severity=75 | SourceName=Motor3 | EventType=application | SourceNode=ns=1;s=MotorSource3
[Anomaly Input] [2026-08-16 19:20:30.407 (UTC)] info/application	[Sensor] Updated distance: 28.5919938881844 cm | Severity=75 | SourceName=Sensor3 | EventType=application | SourceNode=ns=1;s=SensorSource3
[Anomaly Input] [2026-08-16 19:20:30.407 (UTC)] info/application	[Sensor] Updated distance: 24.5634545141661 cm | Severity=75 | SourceName=Sensor2 | EventType=application | SourceNode=ns=1;s=SensorSource2
[Anomaly Input] [2026-08-16 19:20:30.496 (UTC)] info/application	[Sensor] Updated distance: 19.0440347471945 cm | Severity=75 | SourceName=Sensor | EventType=application | SourceNode=ns=1;s=SensorSource
[Anomaly Input] [2026-08-16 19:20:30.500 (UTC)] info/application	[Motor] Received distance: 24.5634545141661 cm | Severity=75 | SourceName=Motor2 | EventType=application | SourceNode=ns=1;s=MotorSource2
[Anomaly Input] [2026-08-16 19:20:30.500 (UTC)] info/application	[Motor] Received distance: 28.5919938881844 cm | Severity=75 | SourceName=Motor3 | EventType=application | SourceNode=ns=1;s=MotorSource3
[Anomaly Input] [2026-08-16 19:20:30.506 (UTC)] info/application	[Motor] Received distance: 19.0440347471945 cm | Severity=75 | SourceName=Motor | EventType=application | SourceNode=ns=1;s=MotorSource
[Anomaly Input] [2026-08-16 19:20:30.500 (UTC)] info/application	[Motor] Distance safe (24.5634545141661); rotating motor to 90 degrees | Severity=75 | SourceName=Motor2 | EventType=application | SourceNode=ns=1;s=MotorSource2
[Anomaly Input] [2026-08-16 19:20:30.500 (UTC)] info/application	[Motor] Distance safe (28.5919938881844); rotating motor to 90 degrees | Severity=75 | SourceName=Motor3 | EventType=application | SourceNode=ns=1;s=MotorSource3
[Anomaly Input] [2026-08-16 19:20:30.506 (UTC)] warn/application	[Motor] Distance too close (19.0440347471945); rotating motor to 0 degrees | Severity=175 | SourceName=Motor | EventType=application | SourceNode=ns=1;s=MotorSource
[Anomaly Input] [2026-08-16 19:20:31.407 (UTC)] info/application	[Sensor] Updated distance: 28.456925464774 cm | Severity=75 | SourceName=Sensor3 | EventType=application | SourceNode=ns=1;s=SensorSource3
[Anomaly Input] [2026-08-16 19:20:31.407 (UTC)] info/application	[Sensor] Updated distance: 25.6458435096526 cm | Severity=75 | SourceName=Sensor2 | EventType=application | SourceNode=ns=1;s=SensorSource2
[Anomaly Input] [2026-08-16 19:20:31.496 (UTC)] info/application	[Sensor] Updated distance: 19.5520365692452 cm | Severity=75 | SourceName=Sensor | EventType=application | SourceNode=ns=1;s=SensorSource
[Anomaly Input] [2026-08-16 19:20:31.496 (UTC)] info/application	[Motor] Received distance: 19.5520365692452 cm | Severity=75 | SourceName=Motor | EventType=application | SourceNode=ns=1;s=MotorSource
[Anomaly Input] [2026-08-16 19:20:31.500 (UTC)] info/application	[Motor] Received distance: 25.6458435096526 cm | Severity=75 | SourceName=Motor2 | EventType=application | SourceNode=ns=1;s=MotorSource2
[Anomaly Input] [2026-08-16 19:20:31.501 (UTC)] info/application	[Motor] Received distance: 28.456925464774 cm | Severity=75 | SourceName=Motor3 | EventType=application | SourceNode=ns=1;s=MotorSource3
[Anomaly Input] [2026-08-16 19:20:31.496 (UTC)] warn/application	[Motor] Distance too close (19.5520365692452); rotating motor to 0 degrees | Severity=175 | SourceName=Motor | EventType=application | SourceNode=ns=1;s=MotorSource
[Anomaly Input] [2026-08-16 19:20:31.500 (UTC)] info/application	[Motor] Distance safe (25.6458435096526); rotating motor to 90 degrees | Severity=75 | SourceName=Motor2 | EventType=application | SourceNode=ns=1;s=MotorSource2
[Anomaly Input] [2026-08-16 19:20:31.501 (UTC)] info/application	[Motor] Distance safe (28.456925464774); rotating motor to 90 degrees | Severity=75 | SourceName=Motor3 | EventType=application | SourceNode=ns=1;s=MotorSource3
[Anomaly Input] [2026-08-16 19:20:32.407 (UTC)] info/application	[Sensor] Updated distance: 26.8001681257971 cm | Severity=75 | SourceName=Sensor2 | EventType=application | SourceNode=ns=1;s=SensorSource2
[Anomaly Input] [2026-08-16 19:20:32.407 (UTC)] info/application	[Sensor] Updated distance: 29.4754532275141 cm | Severity=75 | SourceName=Sensor3 | EventType=application | SourceNode=ns=1;s=SensorSource3
[Anomaly Input] [2026-08-16 19:20:32.496 (UTC)] info/application	[Sensor] Updated distance: 19.9494246823943 cm | Severity=75 | SourceName=Sensor | EventType=application | SourceNode=ns=1;s=SensorSource
[Anomaly Input] [2026-08-16 19:20:32.500 (UTC)] info/application	[Motor] Received distance: 26.8001681257971 cm | Severity=75 | SourceName=Motor2 | EventType=application | SourceNode=ns=1;s=MotorSource2
[Anomaly Input] [2026-08-16 19:20:32.501 (UTC)] info/application	[Motor] Received distance: 29.4754532275141 cm | Severity=75 | SourceName=Motor3 | EventType=application | SourceNode=ns=1;s=MotorSource3
[Anomaly Input] [2026-08-16 19:20:32.505 (UTC)] info/application	[Motor] Received distance: 19.9494246823943 cm | Severity=75 | SourceName=Motor | EventType=application | SourceNode=ns=1;s=MotorSource
[Anomaly Input] [2026-08-16 19:20:32.500 (UTC)] info/application	[Motor] Distance safe (26.8001681257971); rotating motor to 90 degrees | Severity=75 | SourceName=Motor2 | EventType=application | SourceNode=ns=1;s=MotorSource2
[Anomaly Input] [2026-08-16 19:20:32.501 (UTC)] info/application	[Motor] Distance safe (29.4754532275141); rotating motor to 90 degrees | Severity=75 | SourceName=Motor3 | EventType=application | SourceNode=ns=1;s=MotorSource3
[Anomaly Input] [2026-08-16 19:20:32.505 (UTC)] warn/application	[Motor] Distance too close (19.9494246823943); rotating motor to 0 degrees | Severity=175 | SourceName=Motor | EventType=application | SourceNode=ns=1;s=MotorSource
[Anomaly Input] [2026-08-16 19:20:33.407 (UTC)] info/application	[Sensor] Updated distance: 26.9387916635903 cm | Severity=75 | SourceName=Sensor2 | EventType=application | SourceNode=ns=1;s=SensorSource2
[Anomaly Input] [2026-08-16 19:20:33.407 (UTC)] info/application	[Sensor] Updated distance: 28.2459956983784 cm | Severity=75 | SourceName=Sensor3 | EventType=application | SourceNode=ns=1;s=SensorSource3
[Anomaly Input] [2026-08-16 19:20:33.495 (UTC)] info/application	[Sensor] Updated distance: 20.9522509863378 cm | Severity=75 | SourceName=Sensor | EventType=application | SourceNode=ns=1;s=SensorSource
[Anomaly Input] [2026-08-16 19:20:33.495 (UTC)] info/application	[Motor] Received distance: 20.9522509863378 cm | Severity=75 | SourceName=Motor | EventType=application | SourceNode=ns=1;s=MotorSource
[Anomaly Input] [2026-08-16 19:20:33.498 (UTC)] info/application	[Motor] Received distance: 28.2459956983784 cm | Severity=75 | SourceName=Motor3 | EventType=application | SourceNode=ns=1;s=MotorSource3
[Anomaly Input] [2026-08-16 19:20:33.501 (UTC)] info/application	[Motor] Received distance: 26.9387916635903 cm | Severity=75 | SourceName=Motor2 | EventType=application | SourceNode=ns=1;s=MotorSource2
[Anomaly Input] [2026-08-16 19:20:33.495 (UTC)] info/application	[Motor] Distance safe (20.9522509863378); rotating motor to 90 degrees | Severity=75 | SourceName=Motor | EventType=application | SourceNode=ns=1;s=MotorSource
[Anomaly Input] [2026-08-16 19:20:33.499 (UTC)] info/application	[Motor] Distance safe (28.2459956983784); rotating motor to 90 degrees | Severity=75 | SourceName=Motor3 | EventType=application | SourceNode=ns=1;s=MotorSource3
[Anomaly Input] [2026-08-16 19:20:33.501 (UTC)] info/application	[Motor] Distance safe (26.9387916635903); rotating motor to 90 degrees | Severity=75 | SourceName=Motor2 | EventType=application | SourceNode=ns=1;s=MotorSource2
[Anomaly Input] [2026-08-16 19:20:34.407 (UTC)] info/application	[Sensor] Updated distance: 27.6744198802274 cm | Severity=75 | SourceName=Sensor3 | EventType=application | SourceNode=ns=1;s=SensorSource3
[Anomaly Input] [2026-08-16 19:20:34.407 (UTC)] info/application	[Sensor] Updated distance: 28.0243446556965 cm | Severity=75 | SourceName=Sensor2 | EventType=application | SourceNode=ns=1;s=SensorSource2
[Anomaly Input] [2026-08-16 19:20:34.495 (UTC)] info/application	[Sensor] Updated distance: 22.3294005369905 cm | Severity=75 | SourceName=Sensor | EventType=application | SourceNode=ns=1;s=SensorSource
[Anomaly Input] [2026-08-16 19:20:34.499 (UTC)] info/application	[Motor] Received distance: 27.6744198802274 cm | Severity=75 | SourceName=Motor3 | EventType=application | SourceNode=ns=1;s=MotorSource3
[Anomaly Input] [2026-08-16 19:20:34.501 (UTC)] info/application	[Motor] Received distance: 28.0243446556965 cm | Severity=75 | SourceName=Motor2 | EventType=application | SourceNode=ns=1;s=MotorSource2
[Anomaly Input] [2026-08-16 19:20:34.504 (UTC)] info/application	[Motor] Received distance: 22.3294005369905 cm | Severity=75 | SourceName=Motor | EventType=application | SourceNode=ns=1;s=MotorSource
[Anomaly Input] [2026-08-16 19:20:34.499 (UTC)] info/application	[Motor] Distance safe (27.6744198802274); rotating motor to 90 degrees | Severity=75 | SourceName=Motor3 | EventType=application | SourceNode=ns=1;s=MotorSource3
[Anomaly Input] [2026-08-16 19:20:34.501 (UTC)] info/application	[Motor] Distance safe (28.0243446556965); rotating motor to 90 degrees | Severity=75 | SourceName=Motor2 | EventType=application | SourceNode=ns=1;s=MotorSource2
[Anomaly Input] [2026-08-16 19:20:34.504 (UTC)] info/application	[Motor] Distance safe (22.3294005369905); rotating motor to 90 degrees | Severity=75 | SourceName=Motor | EventType=application | SourceNode=ns=1;s=MotorSource
[Anomaly Input] [2026-08-16 19:20:35.407 (UTC)] info/application	[Sensor] Updated distance: 27.9682853871343 cm | Severity=75 | SourceName=Sensor3 | EventType=application | SourceNode=ns=1;s=SensorSource3
[Anomaly Input] [2026-08-16 19:20:35.408 (UTC)] info/application	[Sensor] Updated distance: 28.1667520039095 cm | Severity=75 | SourceName=Sensor2 | EventType=application | SourceNode=ns=1;s=SensorSource2
[Anomaly Input] [2026-08-16 19:20:35.494 (UTC)] info/application	[Sensor] Updated distance: 22.5502713348485 cm | Severity=75 | SourceName=Sensor | EventType=application | SourceNode=ns=1;s=SensorSource
[Anomaly Input] [2026-08-16 19:20:35.494 (UTC)] info/application	[Motor] Received distance: 22.5502713348485 cm | Severity=75 | SourceName=Motor | EventType=application | SourceNode=ns=1;s=MotorSource
[Anomaly Input] [2026-08-16 19:20:35.500 (UTC)] info/application	[Motor] Received distance: 27.9682853871343 cm | Severity=75 | SourceName=Motor3 | EventType=application | SourceNode=ns=1;s=MotorSource3
[Anomaly Input] [2026-08-16 19:20:35.501 (UTC)] info/application	[Motor] Received distance: 28.1667520039095 cm | Severity=75 | SourceName=Motor2 | EventType=application | SourceNode=ns=1;s=MotorSource2
[Anomaly Input] [2026-08-16 19:20:35.494 (UTC)] info/application	[Motor] Distance safe (22.5502713348485); rotating motor to 90 degrees | Severity=75 | SourceName=Motor | EventType=application | SourceNode=ns=1;s=MotorSource
[Anomaly Input] [2026-08-16 19:20:35.500 (UTC)] info/application	[Motor] Distance safe (27.9682853871343); rotating motor to 90 degrees | Severity=75 | SourceName=Motor3 | EventType=application | SourceNode=ns=1;s=MotorSource3
[Anomaly Input] [2026-08-16 19:20:35.501 (UTC)] info/application	[Motor] Distance safe (28.1667520039095); rotating motor to 90 degrees | Severity=75 | SourceName=Motor2 | EventType=application | SourceNode=ns=1;s=MotorSource2
[Anomaly Input] [2026-08-16 19:20:36.407 (UTC)] info/application	[Sensor] Updated distance: 26.9123942628095 cm | Severity=75 | SourceName=Sensor3 | EventType=application | SourceNode=ns=1;s=SensorSource3
[Anomaly Input] [2026-08-16 19:20:36.407 (UTC)] info/application	[Sensor] Updated distance: 27.1044488996754 cm | Severity=75 | SourceName=Sensor2 | EventType=application | SourceNode=ns=1;s=SensorSource2
[Anomaly Input] [2026-08-16 19:20:36.494 (UTC)] info/application	[Sensor] Updated distance: 21.560739532607 cm | Severity=75 | SourceName=Sensor | EventType=application | SourceNode=ns=1;s=SensorSource
[Anomaly Input] [2026-08-16 19:20:36.499 (UTC)] info/application	[Motor] Received distance: 27.1044488996754 cm | Severity=75 | SourceName=Motor2 | EventType=application | SourceNode=ns=1;s=MotorSource2
[Anomaly Input] [2026-08-16 19:20:36.499 (UTC)] info/application	[Motor] Received distance: 26.9123942628095 cm | Severity=75 | SourceName=Motor3 | EventType=application | SourceNode=ns=1;s=MotorSource3
[Anomaly Input] [2026-08-16 19:20:36.503 (UTC)] info/application	[Motor] Received distance: 21.560739532607 cm | Severity=75 | SourceName=Motor | EventType=application | SourceNode=ns=1;s=MotorSource
[Anomaly Input] [2026-08-16 19:20:36.499 (UTC)] info/application	[Motor] Distance safe (27.1044488996754); rotating motor to 90 degrees | Severity=75 | SourceName=Motor2 | EventType=application | SourceNode=ns=1;s=MotorSource2
[Anomaly Input] [2026-08-16 19:20:36.499 (UTC)] info/application	[Motor] Distance safe (26.9123942628095); rotating motor to 90 degrees | Severity=75 | SourceName=Motor3 | EventType=application | SourceNode=ns=1;s=MotorSource3
[Anomaly Input] [2026-08-16 19:20:36.503 (UTC)] info/application	[Motor] Distance safe (21.560739532607); rotating motor to 90 degrees | Severity=75 | SourceName=Motor | EventType=application | SourceNode=ns=1;s=MotorSource
[Anomaly Input] [2026-08-16 19:20:37.407 (UTC)] info/application	[Sensor] Updated distance: 27.9655919337951 cm | Severity=75 | SourceName=Sensor3 | EventType=application | SourceNode=ns=1;s=SensorSource3
[Anomaly Input] [2026-08-16 19:20:37.407 (UTC)] info/application	[Sensor] Updated distance: 25.7497001179726 cm | Severity=75 | SourceName=Sensor2 | EventType=application | SourceNode=ns=1;s=SensorSource2
[Anomaly Input] [2026-08-16 19:20:37.494 (UTC)] info/application	[Sensor] Updated distance: 21.2752639517539 cm | Severity=75 | SourceName=Sensor | EventType=application | SourceNode=ns=1;s=SensorSource
[Anomaly Input] [2026-08-16 19:20:37.494 (UTC)] info/application	[Motor] Received distance: 21.2752639517539 cm | Severity=75 | SourceName=Motor | EventType=application | SourceNode=ns=1;s=MotorSource
[Anomaly Input] [2026-08-16 19:20:37.500 (UTC)] info/application	[Motor] Received distance: 25.7497001179726 cm | Severity=75 | SourceName=Motor2 | EventType=application | SourceNode=ns=1;s=MotorSource2
[Anomaly Input] [2026-08-16 19:20:37.500 (UTC)] info/application	[Motor] Received distance: 27.9655919337951 cm | Severity=75 | SourceName=Motor3 | EventType=application | SourceNode=ns=1;s=MotorSource3
[Anomaly Input] [2026-08-16 19:20:37.494 (UTC)] info/application	[Motor] Distance safe (21.2752639517539); rotating motor to 90 degrees | Severity=75 | SourceName=Motor | EventType=application | SourceNode=ns=1;s=MotorSource
[Anomaly Input] [2026-08-16 19:20:37.500 (UTC)] info/application	[Motor] Distance safe (25.7497001179726); rotating motor to 90 degrees | Severity=75 | SourceName=Motor2 | EventType=application | SourceNode=ns=1;s=MotorSource2
[Anomaly Input] [2026-08-16 19:20:37.500 (UTC)] info/application	[Motor] Distance safe (27.9655919337951); rotating motor to 90 degrees | Severity=75 | SourceName=Motor3 | EventType=application | SourceNode=ns=1;s=MotorSource3
[Anomaly Input] [2026-08-16 19:20:38.407 (UTC)] info/application	[Sensor] Updated distance: 28.7602128986084 cm | Severity=75 | SourceName=Sensor3 | EventType=application | SourceNode=ns=1;s=SensorSource3
[Anomaly Input] [2026-08-16 19:20:38.408 (UTC)] info/application	[Sensor] Updated distance: 25.6027104922583 cm | Severity=75 | SourceName=Sensor2 | EventType=application | SourceNode=ns=1;s=SensorSource2
[Anomaly Input] [2026-08-16 19:20:38.494 (UTC)] info/application	[Sensor] Updated distance: 20.2653158883403 cm | Severity=75 | SourceName=Sensor | EventType=application | SourceNode=ns=1;s=SensorSource
[Anomaly Input] [2026-08-16 19:20:38.499 (UTC)] info/application	[Motor] Received distance: 28.7602128986084 cm | Severity=75 | SourceName=Motor3 | EventType=application | SourceNode=ns=1;s=MotorSource3
[Anomaly Input] [2026-08-16 19:20:38.500 (UTC)] info/application	[Motor] Received distance: 25.6027104922583 cm | Severity=75 | SourceName=Motor2 | EventType=application | SourceNode=ns=1;s=MotorSource2
[Anomaly Input] [2026-08-16 19:20:38.502 (UTC)] info/application	[Motor] Received distance: 20.2653158883403 cm | Severity=75 | SourceName=Motor | EventType=application | SourceNode=ns=1;s=MotorSource
[Anomaly Input] [2026-08-16 19:20:38.499 (UTC)] info/application	[Motor] Distance safe (28.7602128986084); rotating motor to 90 degrees | Severity=75 | SourceName=Motor3 | EventType=application | SourceNode=ns=1;s=MotorSource3
[Anomaly Input] [2026-08-16 19:20:38.500 (UTC)] info/application	[Motor] Distance safe (25.6027104922583); rotating motor to 90 degrees | Severity=75 | SourceName=Motor2 | EventType=application | SourceNode=ns=1;s=MotorSource2
[Anomaly Input] [2026-08-16 19:20:38.502 (UTC)] info/application	[Motor] Distance safe (20.2653158883403); rotating motor to 90 degrees | Severity=75 | SourceName=Motor | EventType=application | SourceNode=ns=1;s=MotorSource
[Anomaly Input] [2026-08-16 19:20:39.407 (UTC)] info/application	[Sensor] Updated distance: 29.9223931042582 cm | Severity=75 | SourceName=Sensor3 | EventType=application | SourceNode=ns=1;s=SensorSource3
[Anomaly Input] [2026-08-16 19:20:39.408 (UTC)] info/application	[Sensor] Updated distance: 26.392891266799 cm | Severity=75 | SourceName=Sensor2 | EventType=application | SourceNode=ns=1;s=SensorSource2
[Anomaly Input] [2026-08-16 19:20:39.493 (UTC)] info/application	[Sensor] Updated distance: 20.3619446383612 cm | Severity=75 | SourceName=Sensor | EventType=application | SourceNode=ns=1;s=SensorSource
[Anomaly Input] [2026-08-16 19:20:39.493 (UTC)] info/application	[Motor] Received distance: 20.3619446383612 cm | Severity=75 | SourceName=Motor | EventType=application | SourceNode=ns=1;s=MotorSource
[Anomaly Input] [2026-08-16 19:20:39.499 (UTC)] info/application	[Motor] Received distance: 29.9223931042582 cm | Severity=75 | SourceName=Motor3 | EventType=application | SourceNode=ns=1;s=MotorSource3
[Anomaly Input] [2026-08-16 19:20:39.500 (UTC)] info/application	[Motor] Received distance: 26.392891266799 cm | Severity=75 | SourceName=Motor2 | EventType=application | SourceNode=ns=1;s=MotorSource2
[Anomaly Input] [2026-08-16 19:20:39.493 (UTC)] info/application	[Motor] Distance safe (20.3619446383612); rotating motor to 90 degrees | Severity=75 | SourceName=Motor | EventType=application | SourceNode=ns=1;s=MotorSource
[Anomaly Input] [2026-08-16 19:20:39.499 (UTC)] info/application	[Motor] Distance safe (29.9223931042582); rotating motor to 90 degrees | Severity=75 | SourceName=Motor3 | EventType=application | SourceNode=ns=1;s=MotorSource3
[Anomaly Input] [2026-08-16 19:20:39.500 (UTC)] info/application	[Motor] Distance safe (26.392891266799); rotating motor to 90 degrees | Severity=75 | SourceName=Motor2 | EventType=application | SourceNode=ns=1;s=MotorSource2
[Anomaly Input] [2026-08-16 19:20:40.407 (UTC)] info/application	[Sensor] Updated distance: 29.9023778242536 cm | Severity=75 | SourceName=Sensor3 | EventType=application | SourceNode=ns=1;s=SensorSource3
[Anomaly Input] [2026-08-16 19:20:40.407 (UTC)] info/application	[Sensor] Updated distance: 25.3259912991552 cm | Severity=75 | SourceName=Sensor2 | EventType=application | SourceNode=ns=1;s=SensorSource2
[Anomaly Input] [2026-08-16 19:20:40.493 (UTC)] info/application	[Sensor] Updated distance: 20.8552772162274 cm | Severity=75 | SourceName=Sensor | EventType=application | SourceNode=ns=1;s=SensorSource
[Anomaly Input] [2026-08-16 19:20:40.500 (UTC)] info/application	[Motor] Received distance: 29.9023778242536 cm | Severity=75 | SourceName=Motor3 | EventType=application | SourceNode=ns=1;s=MotorSource3
[Anomaly Input] [2026-08-16 19:20:40.501 (UTC)] info/application	[Motor] Received distance: 25.3259912991552 cm | Severity=75 | SourceName=Motor2 | EventType=application | SourceNode=ns=1;s=MotorSource2
[Anomaly Input] [2026-08-16 19:20:40.502 (UTC)] info/application	[Motor] Received distance: 20.8552772162274 cm | Severity=75 | SourceName=Motor | EventType=application | SourceNode=ns=1;s=MotorSource
[Anomaly Input] [2026-08-16 19:20:40.500 (UTC)] info/application	[Motor] Distance safe (29.9023778242536); rotating motor to 90 degrees | Severity=75 | SourceName=Motor3 | EventType=application | SourceNode=ns=1;s=MotorSource3
[Anomaly Input] [2026-08-16 19:20:40.501 (UTC)] info/application	[Motor] Distance safe (25.3259912991552); rotating motor to 90 degrees | Severity=75 | SourceName=Motor2 | EventType=application | SourceNode=ns=1;s=MotorSource2
[Anomaly Input] [2026-08-16 19:20:40.502 (UTC)] info/application	[Motor] Distance safe (20.8552772162274); rotating motor to 90 degrees | Severity=75 | SourceName=Motor | EventType=application | SourceNode=ns=1;s=MotorSource
[Anomaly Input] [2026-08-16 19:20:41.407 (UTC)] info/application	[Sensor] Updated distance: 28.9652241675487 cm | Severity=75 | SourceName=Sensor3 | EventType=application | SourceNode=ns=1;s=SensorSource3
[Anomaly Input] [2026-08-16 19:20:41.408 (UTC)] info/application	[Sensor] Updated distance: 24.1163094959298 cm | Severity=75 | SourceName=Sensor2 | EventType=application | SourceNode=ns=1;s=SensorSource2
[Anomaly Input] [2026-08-16 19:20:41.494 (UTC)] info/application	[Sensor] Updated distance: 20.644599480389 cm | Severity=75 | SourceName=Sensor | EventType=application | SourceNode=ns=1;s=SensorSource
[Anomaly Input] [2026-08-16 19:20:41.494 (UTC)] info/application	[Motor] Received distance: 20.644599480389 cm | Severity=75 | SourceName=Motor | EventType=application | SourceNode=ns=1;s=MotorSource
[Anomaly Input] [2026-08-16 19:20:41.500 (UTC)] info/application	[Motor] Received distance: 28.9652241675487 cm | Severity=75 | SourceName=Motor3 | EventType=application | SourceNode=ns=1;s=MotorSource3
[Anomaly Input] [2026-08-16 19:20:41.501 (UTC)] info/application	[Motor] Received distance: 24.1163094959298 cm | Severity=75 | SourceName=Motor2 | EventType=application | SourceNode=ns=1;s=MotorSource2
[Anomaly Input] [2026-08-16 19:20:41.494 (UTC)] info/application	[Motor] Distance safe (20.644599480389); rotating motor to 90 degrees | Severity=75 | SourceName=Motor | EventType=application | SourceNode=ns=1;s=MotorSource
[Anomaly Input] [2026-08-16 19:20:41.500 (UTC)] info/application	[Motor] Distance safe (28.9652241675487); rotating motor to 90 degrees | Severity=75 | SourceName=Motor3 | EventType=application | SourceNode=ns=1;s=MotorSource3
[Anomaly Input] [2026-08-16 19:20:41.501 (UTC)] info/application	[Motor] Distance safe (24.1163094959298); rotating motor to 90 degrees | Severity=75 | SourceName=Motor2 | EventType=application | SourceNode=ns=1;s=MotorSource2
[Anomaly Input] [2026-08-16 19:20:42.408 (UTC)] info/application	[Sensor] Updated distance: 29.8948177331569 cm | Severity=75 | SourceName=Sensor3 | EventType=application | SourceNode=ns=1;s=SensorSource3
[Anomaly Input] [2026-08-16 19:20:42.408 (UTC)] info/application	[Sensor] Updated distance: 25.2995002159381 cm | Severity=75 | SourceName=Sensor2 | EventType=application | SourceNode=ns=1;s=SensorSource2
[Anomaly Input] [2026-08-16 19:20:42.493 (UTC)] info/application	[Sensor] Updated distance: 19.3456820290748 cm | Severity=75 | SourceName=Sensor | EventType=application | SourceNode=ns=1;s=SensorSource
[Anomaly Input] [2026-08-16 19:20:42.499 (UTC)] info/application	[Motor] Received distance: 29.8948177331569 cm | Severity=75 | SourceName=Motor3 | EventType=application | SourceNode=ns=1;s=MotorSource3
[Anomaly Input] [2026-08-16 19:20:42.499 (UTC)] info/application	[Motor] Received distance: 25.2995002159381 cm | Severity=75 | SourceName=Motor2 | EventType=application | SourceNode=ns=1;s=MotorSource2
[Anomaly Input] [2026-08-16 19:20:42.502 (UTC)] info/application	[Motor] Received distance: 19.3456820290748 cm | Severity=75 | SourceName=Motor | EventType=application | SourceNode=ns=1;s=MotorSource
[Anomaly Input] [2026-08-16 19:20:42.499 (UTC)] info/application	[Motor] Distance safe (29.8948177331569); rotating motor to 90 degrees | Severity=75 | SourceName=Motor3 | EventType=application | SourceNode=ns=1;s=MotorSource3
[Anomaly Input] [2026-08-16 19:20:42.499 (UTC)] info/application	[Motor] Distance safe (25.2995002159381); rotating motor to 90 degrees | Severity=75 | SourceName=Motor2 | EventType=application | SourceNode=ns=1;s=MotorSource2
[Anomaly Input] [2026-08-16 19:20:42.502 (UTC)] warn/application	[Motor] Distance too close (19.3456820290748); rotating motor to 0 degrees | Severity=175 | SourceName=Motor | EventType=application | SourceNode=ns=1;s=MotorSource
[Anomaly Input] [2026-08-16 19:20:43.408 (UTC)] info/application	[Sensor] Updated distance: 29.4927118043381 cm | Severity=75 | SourceName=Sensor3 | EventType=application | SourceNode=ns=1;s=SensorSource3
[Anomaly Input] [2026-08-16 19:20:43.408 (UTC)] info/application	[Sensor] Updated distance: 25.7045301786645 cm | Severity=75 | SourceName=Sensor2 | EventType=application | SourceNode=ns=1;s=SensorSource2
[Anomaly Input] [2026-08-16 19:20:43.494 (UTC)] info/application	[Sensor] Updated distance: 18.5020964669539 cm | Severity=75 | SourceName=Sensor | EventType=application | SourceNode=ns=1;s=SensorSource
[Anomaly Input] [2026-08-16 19:20:43.494 (UTC)] info/application	[Motor] Received distance: 18.5020964669539 cm | Severity=75 | SourceName=Motor | EventType=application | SourceNode=ns=1;s=MotorSource
[Anomaly Input] [2026-08-16 19:20:43.499 (UTC)] info/application	[Motor] Received distance: 29.4927118043381 cm | Severity=75 | SourceName=Motor3 | EventType=application | SourceNode=ns=1;s=MotorSource3
[Anomaly Input] [2026-08-16 19:20:43.500 (UTC)] info/application	[Motor] Received distance: 25.7045301786645 cm | Severity=75 | SourceName=Motor2 | EventType=application | SourceNode=ns=1;s=MotorSource2
[Anomaly Input] [2026-08-16 19:20:43.494 (UTC)] warn/application	[Motor] Distance too close (18.5020964669539); rotating motor to 0 degrees | Severity=175 | SourceName=Motor | EventType=application | SourceNode=ns=1;s=MotorSource
[Anomaly Input] [2026-08-16 19:20:43.499 (UTC)] info/application	[Motor] Distance safe (29.4927118043381); rotating motor to 90 degrees | Severity=75 | SourceName=Motor3 | EventType=application | SourceNode=ns=1;s=MotorSource3
[Anomaly Input] [2026-08-16 19:20:43.500 (UTC)] info/application	[Motor] Distance safe (25.7045301786645); rotating motor to 90 degrees | Severity=75 | SourceName=Motor2 | EventType=application | SourceNode=ns=1;s=MotorSource2
[Anomaly Input] [2026-08-16 19:20:44.408 (UTC)] info/application	[Sensor] Updated distance: 26.3870556705571 cm | Severity=75 | SourceName=Sensor2 | EventType=application | SourceNode=ns=1;s=SensorSource2
[Anomaly Input] [2026-08-16 19:20:44.408 (UTC)] info/application	[Sensor] Updated distance: 28.8161414660589 cm | Severity=75 | SourceName=Sensor3 | EventType=application | SourceNode=ns=1;s=SensorSource3
[Anomaly Input] [2026-08-16 19:20:44.494 (UTC)] info/application	[Sensor] Updated distance: 19.1219669252736 cm | Severity=75 | SourceName=Sensor | EventType=application | SourceNode=ns=1;s=SensorSource
[Anomaly Input] [2026-08-16 19:20:44.499 (UTC)] info/application	[Motor] Received distance: 28.8161414660589 cm | Severity=75 | SourceName=Motor3 | EventType=application | SourceNode=ns=1;s=MotorSource3
[Anomaly Input] [2026-08-16 19:20:44.500 (UTC)] info/application	[Motor] Received distance: 26.3870556705571 cm | Severity=75 | SourceName=Motor2 | EventType=application | SourceNode=ns=1;s=MotorSource2
[Anomaly Input] [2026-08-16 19:20:44.502 (UTC)] info/application	[Motor] Received distance: 19.1219669252736 cm | Severity=75 | SourceName=Motor | EventType=application | SourceNode=ns=1;s=MotorSource
[Anomaly Input] [2026-08-16 19:20:44.499 (UTC)] info/application	[Motor] Distance safe (28.8161414660589); rotating motor to 90 degrees | Severity=75 | SourceName=Motor3 | EventType=application | SourceNode=ns=1;s=MotorSource3
[Anomaly Input] [2026-08-16 19:20:44.500 (UTC)] info/application	[Motor] Distance safe (26.3870556705571); rotating motor to 90 degrees | Severity=75 | SourceName=Motor2 | EventType=application | SourceNode=ns=1;s=MotorSource2
[Anomaly Input] [2026-08-16 19:20:44.502 (UTC)] warn/application	[Motor] Distance too close (19.1219669252736); rotating motor to 0 degrees | Severity=175 | SourceName=Motor | EventType=application | SourceNode=ns=1;s=MotorSource
[Anomaly Input] [2026-08-16 19:20:45.398 (UTC)] info/application	[Sensor] Updated distance: 30.0976758434426 cm | Severity=75 | SourceName=Sensor3 | EventType=application | SourceNode=ns=1;s=SensorSource3
[Anomaly Input] [2026-08-16 19:20:45.408 (UTC)] info/application	[Sensor] Updated distance: 25.2408805497647 cm | Severity=75 | SourceName=Sensor2 | EventType=application | SourceNode=ns=1;s=SensorSource2
[Anomaly Input] [2026-08-16 19:20:45.494 (UTC)] info/application	[Sensor] Updated distance: 20.146248066866 cm | Severity=75 | SourceName=Sensor | EventType=application | SourceNode=ns=1;s=SensorSource
[Anomaly Input] [2026-08-16 19:20:45.494 (UTC)] info/application	[Motor] Received distance: 20.146248066866 cm | Severity=75 | SourceName=Motor | EventType=application | SourceNode=ns=1;s=MotorSource
[Anomaly Input] [2026-08-16 19:20:45.500 (UTC)] info/application	[Motor] Received distance: 30.0976758434426 cm | Severity=75 | SourceName=Motor3 | EventType=application | SourceNode=ns=1;s=MotorSource3
[Anomaly Input] [2026-08-16 19:20:45.500 (UTC)] info/application	[Motor] Received distance: 25.2408805497647 cm | Severity=75 | SourceName=Motor2 | EventType=application | SourceNode=ns=1;s=MotorSource2
[Anomaly Input] [2026-08-16 19:20:45.494 (UTC)] info/application	[Motor] Distance safe (20.146248066866); rotating motor to 90 degrees | Severity=75 | SourceName=Motor | EventType=application | SourceNode=ns=1;s=MotorSource
[Anomaly Input] [2026-08-16 19:20:45.500 (UTC)] info/application	[Motor] Distance safe (30.0976758434426); rotating motor to 90 degrees | Severity=75 | SourceName=Motor3 | EventType=application | SourceNode=ns=1;s=MotorSource3
[Anomaly Input] [2026-08-16 19:20:45.501 (UTC)] info/application	[Motor] Distance safe (25.2408805497647); rotating motor to 90 degrees | Severity=75 | SourceName=Motor2 | EventType=application | SourceNode=ns=1;s=MotorSource2
[Anomaly Input] [2026-08-16 19:20:46.398 (UTC)] info/application	[Sensor] Updated distance: 29.4427040924517 cm | Severity=75 | SourceName=Sensor3 | EventType=application | SourceNode=ns=1;s=SensorSource3
[Anomaly Input] [2026-08-16 19:20:46.408 (UTC)] info/application	[Sensor] Updated distance: 26.0252709477326 cm | Severity=75 | SourceName=Sensor2 | EventType=application | SourceNode=ns=1;s=SensorSource2
[Anomaly Input] [2026-08-16 19:20:46.494 (UTC)] info/application	[Sensor] Updated distance: 20.7567221351232 cm | Severity=75 | SourceName=Sensor | EventType=application | SourceNode=ns=1;s=SensorSource
[Anomaly Input] [2026-08-16 19:20:46.501 (UTC)] info/application	[Motor] Received distance: 29.4427040924517 cm | Severity=75 | SourceName=Motor3 | EventType=application | SourceNode=ns=1;s=MotorSource3
[Anomaly Input] [2026-08-16 19:20:46.501 (UTC)] info/application	[Motor] Received distance: 26.0252709477326 cm | Severity=75 | SourceName=Motor2 | EventType=application | SourceNode=ns=1;s=MotorSource2
[Anomaly Input] [2026-08-16 19:20:46.502 (UTC)] info/application	[Motor] Received distance: 20.7567221351232 cm | Severity=75 | SourceName=Motor | EventType=application | SourceNode=ns=1;s=MotorSource
[Anomaly Input] [2026-08-16 19:20:46.501 (UTC)] info/application	[Motor] Distance safe (29.4427040924517); rotating motor to 90 degrees | Severity=75 | SourceName=Motor3 | EventType=application | SourceNode=ns=1;s=MotorSource3
[Anomaly Input] [2026-08-16 19:20:46.501 (UTC)] info/application	[Motor] Distance safe (26.0252709477326); rotating motor to 90 degrees | Severity=75 | SourceName=Motor2 | EventType=application | SourceNode=ns=1;s=MotorSource2
[Anomaly Input] [2026-08-16 19:20:46.502 (UTC)] info/application	[Motor] Distance safe (20.7567221351232); rotating motor to 90 degrees | Severity=75 | SourceName=Motor | EventType=application | SourceNode=ns=1;s=MotorSource
[Anomaly Input] [2026-08-16 19:20:47.408 (UTC)] info/application	[Sensor] Updated distance: 26.935567116102 cm | Severity=75 | SourceName=Sensor2 | EventType=application | SourceNode=ns=1;s=SensorSource2
[Anomaly Input] [2026-08-16 19:20:47.408 (UTC)] info/application	[Sensor] Updated distance: 28.5194491776728 cm | Severity=75 | SourceName=Sensor3 | EventType=application | SourceNode=ns=1;s=SensorSource3
[Anomaly Input] [2026-08-16 19:20:47.494 (UTC)] info/application	[Sensor] Updated distance: 21.221218874781 cm | Severity=75 | SourceName=Sensor | EventType=application | SourceNode=ns=1;s=SensorSource
[Anomaly Input] [2026-08-16 19:20:47.494 (UTC)] info/application	[Motor] Received distance: 21.221218874781 cm | Severity=75 | SourceName=Motor | EventType=application | SourceNode=ns=1;s=MotorSource
[Anomaly Input] [2026-08-16 19:20:47.499 (UTC)] info/application	[Motor] Received distance: 26.935567116102 cm | Severity=75 | SourceName=Motor2 | EventType=application | SourceNode=ns=1;s=MotorSource2
[Anomaly Input] [2026-08-16 19:20:47.501 (UTC)] info/application	[Motor] Received distance: 28.5194491776728 cm | Severity=75 | SourceName=Motor3 | EventType=application | SourceNode=ns=1;s=MotorSource3
[Anomaly Input] [2026-08-16 19:20:47.494 (UTC)] info/application	[Motor] Distance safe (21.221218874781); rotating motor to 90 degrees | Severity=75 | SourceName=Motor | EventType=application | SourceNode=ns=1;s=MotorSource
[Anomaly Input] [2026-08-16 19:20:47.499 (UTC)] info/application	[Motor] Distance safe (26.935567116102); rotating motor to 90 degrees | Severity=75 | SourceName=Motor2 | EventType=application | SourceNode=ns=1;s=MotorSource2
[Anomaly Input] [2026-08-16 19:20:47.501 (UTC)] info/application	[Motor] Distance safe (28.5194491776728); rotating motor to 90 degrees | Severity=75 | SourceName=Motor3 | EventType=application | SourceNode=ns=1;s=MotorSource3
[Anomaly Input] [2026-08-16 19:20:48.398 (UTC)] info/application	[Sensor] Updated distance: 28.0660810754942 cm | Severity=75 | SourceName=Sensor3 | EventType=application | SourceNode=ns=1;s=SensorSource3
[Anomaly Input] [2026-08-16 19:20:48.408 (UTC)] info/application	[Sensor] Updated distance: 27.3060861180099 cm | Severity=75 | SourceName=Sensor2 | EventType=application | SourceNode=ns=1;s=SensorSource2
[Anomaly Input] [2026-08-16 19:20:48.494 (UTC)] info/application	[Sensor] Updated distance: 20.0121374533103 cm | Severity=75 | SourceName=Sensor | EventType=application | SourceNode=ns=1;s=SensorSource
[Anomaly Input] [2026-08-16 19:20:48.500 (UTC)] info/application	[Motor] Received distance: 27.3060861180099 cm | Severity=75 | SourceName=Motor2 | EventType=application | SourceNode=ns=1;s=MotorSource2
[Anomaly Input] [2026-08-16 19:20:48.502 (UTC)] info/application	[Motor] Received distance: 20.0121374533103 cm | Severity=75 | SourceName=Motor | EventType=application | SourceNode=ns=1;s=MotorSource
[Anomaly Input] [2026-08-16 19:20:48.509 (UTC)] info/application	[Motor] Received distance: 28.0660810754942 cm | Severity=75 | SourceName=Motor3 | EventType=application | SourceNode=ns=1;s=MotorSource3
[Anomaly Input] [2026-08-16 19:20:48.500 (UTC)] info/application	[Motor] Distance safe (27.3060861180099); rotating motor to 90 degrees | Severity=75 | SourceName=Motor2 | EventType=application | SourceNode=ns=1;s=MotorSource2
[Anomaly Input] [2026-08-16 19:20:48.502 (UTC)] info/application	[Motor] Distance safe (20.0121374533103); rotating motor to 90 degrees | Severity=75 | SourceName=Motor | EventType=application | SourceNode=ns=1;s=MotorSource
[Anomaly Input] [2026-08-16 19:20:48.509 (UTC)] info/application	[Motor] Distance safe (28.0660810754942); rotating motor to 90 degrees | Severity=75 | SourceName=Motor3 | EventType=application | SourceNode=ns=1;s=MotorSource3
[Anomaly Input] [2026-08-16 19:20:49.398 (UTC)] info/application	[Sensor] Updated distance: 29.053809205328 cm | Severity=75 | SourceName=Sensor3 | EventType=application | SourceNode=ns=1;s=SensorSource3
[Anomaly Input] [2026-08-16 19:20:49.408 (UTC)] info/application	[Sensor] Updated distance: 26.7586201290873 cm | Severity=75 | SourceName=Sensor2 | EventType=application | SourceNode=ns=1;s=SensorSource2
[Anomaly Input] [2026-08-16 19:20:49.493 (UTC)] info/application	[Sensor] Updated distance: 21.1366827279035 cm | Severity=75 | SourceName=Sensor | EventType=application | SourceNode=ns=1;s=SensorSource
[Anomaly Input] [2026-08-16 19:20:49.494 (UTC)] info/application	[Motor] Received distance: 21.1366827279035 cm | Severity=75 | SourceName=Motor | EventType=application | SourceNode=ns=1;s=MotorSource
[Anomaly Input] [2026-08-16 19:20:49.499 (UTC)] info/application	[Motor] Received distance: 29.053809205328 cm | Severity=75 | SourceName=Motor3 | EventType=application | SourceNode=ns=1;s=MotorSource3
[Anomaly Input] [2026-08-16 19:20:49.500 (UTC)] info/application	[Motor] Received distance: 26.7586201290873 cm | Severity=75 | SourceName=Motor2 | EventType=application | SourceNode=ns=1;s=MotorSource2
[Anomaly Input] [2026-08-16 19:20:49.494 (UTC)] info/application	[Motor] Distance safe (21.1366827279035); rotating motor to 90 degrees | Severity=75 | SourceName=Motor | EventType=application | SourceNode=ns=1;s=MotorSource
[Anomaly Input] [2026-08-16 19:20:49.499 (UTC)] info/application	[Motor] Distance safe (29.053809205328); rotating motor to 90 degrees | Severity=75 | SourceName=Motor3 | EventType=application | SourceNode=ns=1;s=MotorSource3
[Anomaly Input] [2026-08-16 19:20:49.500 (UTC)] info/application	[Motor] Distance safe (26.7586201290873); rotating motor to 90 degrees | Severity=75 | SourceName=Motor2 | EventType=application | SourceNode=ns=1;s=MotorSource2
[Anomaly Input] [2026-08-16 19:20:50.408 (UTC)] info/application	[Sensor] Updated distance: 29.4676795152331 cm | Severity=75 | SourceName=Sensor3 | EventType=application | SourceNode=ns=1;s=SensorSource3
[Anomaly Input] [2026-08-16 19:20:50.408 (UTC)] info/application	[Sensor] Updated distance: 27.6603740806041 cm | Severity=75 | SourceName=Sensor2 | EventType=application | SourceNode=ns=1;s=SensorSource2
[Anomaly Input] [2026-08-16 19:20:50.493 (UTC)] info/application	[Sensor] Updated distance: 20.425255905802 cm | Severity=75 | SourceName=Sensor | EventType=application | SourceNode=ns=1;s=SensorSource
[Anomaly Input] [2026-08-16 19:20:50.499 (UTC)] info/application	[Motor] Received distance: 29.4676795152331 cm | Severity=75 | SourceName=Motor3 | EventType=application | SourceNode=ns=1;s=MotorSource3
[Anomaly Input] [2026-08-16 19:20:50.501 (UTC)] info/application	[Motor] Received distance: 27.6603740806041 cm | Severity=75 | SourceName=Motor2 | EventType=application | SourceNode=ns=1;s=MotorSource2
[Anomaly Input] [2026-08-16 19:20:50.502 (UTC)] info/application	[Motor] Received distance: 20.425255905802 cm | Severity=75 | SourceName=Motor | EventType=application | SourceNode=ns=1;s=MotorSource
[Anomaly Input] [2026-08-16 19:20:50.499 (UTC)] info/application	[Motor] Distance safe (29.4676795152331); rotating motor to 90 degrees | Severity=75 | SourceName=Motor3 | EventType=application | SourceNode=ns=1;s=MotorSource3
[Anomaly Input] [2026-08-16 19:20:50.501 (UTC)] info/application	[Motor] Distance safe (27.6603740806041); rotating motor to 90 degrees | Severity=75 | SourceName=Motor2 | EventType=application | SourceNode=ns=1;s=MotorSource2
[Anomaly Input] [2026-08-16 19:20:50.502 (UTC)] info/application	[Motor] Distance safe (20.425255905802); rotating motor to 90 degrees | Severity=75 | SourceName=Motor | EventType=application | SourceNode=ns=1;s=MotorSource
[Anomaly Input] [2026-08-16 19:20:51.407 (UTC)] info/application	[Sensor] Updated distance: 28.1599972740095 cm | Severity=75 | SourceName=Sensor3 | EventType=application | SourceNode=ns=1;s=SensorSource3
[Anomaly Input] [2026-08-16 19:20:51.408 (UTC)] info/application	[Sensor] Updated distance: 27.267532167848 cm | Severity=75 | SourceName=Sensor2 | EventType=application | SourceNode=ns=1;s=SensorSource2
[Anomaly Input] [2026-08-16 19:20:51.493 (UTC)] info/application	[Sensor] Updated distance: 20.6491348485691 cm | Severity=75 | SourceName=Sensor | EventType=application | SourceNode=ns=1;s=SensorSource
[Anomaly Input] [2026-08-16 19:20:51.493 (UTC)] info/application	[Motor] Received distance: 20.6491348485691 cm | Severity=75 | SourceName=Motor | EventType=application | SourceNode=ns=1;s=MotorSource
[Anomaly Input] [2026-08-16 19:20:51.500 (UTC)] info/application	[Motor] Received distance: 28.1599972740095 cm | Severity=75 | SourceName=Motor3 | EventType=application | SourceNode=ns=1;s=MotorSource3
[Anomaly Input] [2026-08-16 19:20:51.501 (UTC)] info/application	[Motor] Received distance: 27.267532167848 cm | Severity=75 | SourceName=Motor2 | EventType=application | SourceNode=ns=1;s=MotorSource2
[Anomaly Input] [2026-08-16 19:20:51.493 (UTC)] info/application	[Motor] Distance safe (20.6491348485691); rotating motor to 90 degrees | Severity=75 | SourceName=Motor | EventType=application | SourceNode=ns=1;s=MotorSource
[Anomaly Input] [2026-08-16 19:20:51.500 (UTC)] info/application	[Motor] Distance safe (28.1599972740095); rotating motor to 90 degrees | Severity=75 | SourceName=Motor3 | EventType=application | SourceNode=ns=1;s=MotorSource3
[Anomaly Input] [2026-08-16 19:20:51.501 (UTC)] info/application	[Motor] Distance safe (27.267532167848); rotating motor to 90 degrees | Severity=75 | SourceName=Motor2 | EventType=application | SourceNode=ns=1;s=MotorSource2
[Anomaly Input] [2026-08-16 19:20:52.408 (UTC)] info/application	[Sensor] Updated distance: 27.6774650871183 cm | Severity=75 | SourceName=Sensor3 | EventType=application | SourceNode=ns=1;s=SensorSource3
[Anomaly Input] [2026-08-16 19:20:52.408 (UTC)] info/application	[Sensor] Updated distance: 27.7120116458796 cm | Severity=75 | SourceName=Sensor2 | EventType=application | SourceNode=ns=1;s=SensorSource2
[Anomaly Input] [2026-08-16 19:20:52.493 (UTC)] info/application	[Sensor] Updated distance: 19.5806402294341 cm | Severity=75 | SourceName=Sensor | EventType=application | SourceNode=ns=1;s=SensorSource
[Anomaly Input] [2026-08-16 19:20:52.494 (UTC)] info/application	[Motor] Received distance: 19.5806402294341 cm | Severity=75 | SourceName=Motor | EventType=application | SourceNode=ns=1;s=MotorSource
[Anomaly Input] [2026-08-16 19:20:52.499 (UTC)] info/application	[Motor] Received distance: 27.7120116458796 cm | Severity=75 | SourceName=Motor2 | EventType=application | SourceNode=ns=1;s=MotorSource2
[Anomaly Input] [2026-08-16 19:20:52.500 (UTC)] info/application	[Motor] Received distance: 27.6774650871183 cm | Severity=75 | SourceName=Motor3 | EventType=application | SourceNode=ns=1;s=MotorSource3
[Anomaly Input] [2026-08-16 19:20:52.494 (UTC)] warn/application	[Motor] Distance too close (19.5806402294341); rotating motor to 0 degrees | Severity=175 | SourceName=Motor | EventType=application | SourceNode=ns=1;s=MotorSource
[Anomaly Input] [2026-08-16 19:20:52.499 (UTC)] info/application	[Motor] Distance safe (27.7120116458796); rotating motor to 90 degrees | Severity=75 | SourceName=Motor2 | EventType=application | SourceNode=ns=1;s=MotorSource2
[Anomaly Input] [2026-08-16 19:20:52.500 (UTC)] info/application	[Motor] Distance safe (27.6774650871183); rotating motor to 90 degrees | Severity=75 | SourceName=Motor3 | EventType=application | SourceNode=ns=1;s=MotorSource3
[Anomaly Input] [2026-08-16 19:20:53.408 (UTC)] info/application	[Sensor] Updated distance: 28.3838667612913 cm | Severity=75 | SourceName=Sensor3 | EventType=application | SourceNode=ns=1;s=SensorSource3
[Anomaly Input] [2026-08-16 19:20:53.408 (UTC)] info/application	[Sensor] Updated distance: 26.7976072539099 cm | Severity=75 | SourceName=Sensor2 | EventType=application | SourceNode=ns=1;s=SensorSource2
[Anomaly Input] [2026-08-16 19:20:53.493 (UTC)] info/application	[Sensor] Updated distance: 19.2139235521732 cm | Severity=75 | SourceName=Sensor | EventType=application | SourceNode=ns=1;s=SensorSource
[Anomaly Input] [2026-08-16 19:20:53.494 (UTC)] info/application	[Motor] Received distance: 19.2139235521732 cm | Severity=75 | SourceName=Motor | EventType=application | SourceNode=ns=1;s=MotorSource
[Anomaly Input] [2026-08-16 19:20:53.500 (UTC)] info/application	[Motor] Received distance: 26.7976072539099 cm | Severity=75 | SourceName=Motor2 | EventType=application | SourceNode=ns=1;s=MotorSource2
[Anomaly Input] [2026-08-16 19:20:53.500 (UTC)] info/application	[Motor] Received distance: 28.3838667612913 cm | Severity=75 | SourceName=Motor3 | EventType=application | SourceNode=ns=1;s=MotorSource3
[Anomaly Input] [2026-08-16 19:20:53.494 (UTC)] warn/application	[Motor] Distance too close (19.2139235521732); rotating motor to 0 degrees | Severity=175 | SourceName=Motor | EventType=application | SourceNode=ns=1;s=MotorSource
[Anomaly Input] [2026-08-16 19:20:53.500 (UTC)] info/application	[Motor] Distance safe (28.3838667612913); rotating motor to 90 degrees | Severity=75 | SourceName=Motor3 | EventType=application | SourceNode=ns=1;s=MotorSource3
[Anomaly Input] [2026-08-16 19:20:53.500 (UTC)] info/application	[Motor] Distance safe (26.7976072539099); rotating motor to 90 degrees | Severity=75 | SourceName=Motor2 | EventType=application | SourceNode=ns=1;s=MotorSource2
[Anomaly Input] [2026-08-16 19:20:54.407 (UTC)] info/application	[Sensor] Updated distance: 29.4392357601035 cm | Severity=75 | SourceName=Sensor3 | EventType=application | SourceNode=ns=1;s=SensorSource3
[Anomaly Input] [2026-08-16 19:20:54.408 (UTC)] info/application	[Sensor] Updated distance: 25.6288119566761 cm | Severity=75 | SourceName=Sensor2 | EventType=application | SourceNode=ns=1;s=SensorSource2
[Anomaly Input] [2026-08-16 19:20:54.492 (UTC)] info/application	[Sensor] Updated distance: 19.4736163513612 cm | Severity=75 | SourceName=Sensor | EventType=application | SourceNode=ns=1;s=SensorSource
[Anomaly Input] [2026-08-16 19:20:54.494 (UTC)] info/application	[Motor] Received distance: 19.4736163513612 cm | Severity=75 | SourceName=Motor | EventType=application | SourceNode=ns=1;s=MotorSource
[Anomaly Input] [2026-08-16 19:20:54.499 (UTC)] info/application	[Motor] Received distance: 29.4392357601035 cm | Severity=75 | SourceName=Motor3 | EventType=application | SourceNode=ns=1;s=MotorSource3
[Anomaly Input] [2026-08-16 19:20:54.500 (UTC)] info/application	[Motor] Received distance: 25.6288119566761 cm | Severity=75 | SourceName=Motor2 | EventType=application | SourceNode=ns=1;s=MotorSource2
[Anomaly Input] [2026-08-16 19:20:54.494 (UTC)] warn/application	[Motor] Distance too close (19.4736163513612); rotating motor to 0 degrees | Severity=175 | SourceName=Motor | EventType=application | SourceNode=ns=1;s=MotorSource
[Anomaly Input] [2026-08-16 19:20:54.499 (UTC)] info/application	[Motor] Distance safe (29.4392357601035); rotating motor to 90 degrees | Severity=75 | SourceName=Motor3 | EventType=application | SourceNode=ns=1;s=MotorSource3
[Anomaly Input] [2026-08-16 19:20:54.500 (UTC)] info/application	[Motor] Distance safe (25.6288119566761); rotating motor to 90 degrees | Severity=75 | SourceName=Motor2 | EventType=application | SourceNode=ns=1;s=MotorSource2
[Anomaly Input] [2026-08-16 19:20:55.407 (UTC)] info/application	[Sensor] Updated distance: 30.0188243382232 cm | Severity=75 | SourceName=Sensor3 | EventType=application | SourceNode=ns=1;s=SensorSource3
[Anomaly Input] [2026-08-16 19:20:55.408 (UTC)] info/application	[Sensor] Updated distance: 24.3764694276622 cm | Severity=75 | SourceName=Sensor2 | EventType=application | SourceNode=ns=1;s=SensorSource2
[Anomaly Input] [2026-08-16 19:20:55.492 (UTC)] info/application	[Sensor] Updated distance: 20.1458209893414 cm | Severity=75 | SourceName=Sensor | EventType=application | SourceNode=ns=1;s=SensorSource
[Anomaly Input] [2026-08-16 19:20:55.494 (UTC)] info/application	[Motor] Received distance: 20.1458209893414 cm | Severity=75 | SourceName=Motor | EventType=application | SourceNode=ns=1;s=MotorSource
[Anomaly Input] [2026-08-16 19:20:55.499 (UTC)] info/application	[Motor] Received distance: 30.0188243382232 cm | Severity=75 | SourceName=Motor3 | EventType=application | SourceNode=ns=1;s=MotorSource3
[Anomaly Input] [2026-08-16 19:20:55.500 (UTC)] info/application	[Motor] Received distance: 24.3764694276622 cm | Severity=75 | SourceName=Motor2 | EventType=application | SourceNode=ns=1;s=MotorSource2
[Anomaly Input] [2026-08-16 19:20:55.494 (UTC)] info/application	[Motor] Distance safe (20.1458209893414); rotating motor to 90 degrees | Severity=75 | SourceName=Motor | EventType=application | SourceNode=ns=1;s=MotorSource
[Anomaly Input] [2026-08-16 19:20:55.499 (UTC)] info/application	[Motor] Distance safe (30.0188243382232); rotating motor to 90 degrees | Severity=75 | SourceName=Motor3 | EventType=application | SourceNode=ns=1;s=MotorSource3
[Anomaly Input] [2026-08-16 19:20:55.500 (UTC)] info/application	[Motor] Distance safe (24.3764694276622); rotating motor to 90 degrees | Severity=75 | SourceName=Motor2 | EventType=application | SourceNode=ns=1;s=MotorSource2
[Anomaly Input] [2026-08-16 19:20:56.407 (UTC)] info/application	[Sensor] Updated distance: 29.556251345927 cm | Severity=75 | SourceName=Sensor3 | EventType=application | SourceNode=ns=1;s=SensorSource3
[Anomaly Input] [2026-08-16 19:20:56.408 (UTC)] info/application	[Sensor] Updated distance: 23.4471872399781 cm | Severity=75 | SourceName=Sensor2 | EventType=application | SourceNode=ns=1;s=SensorSource2
[Anomaly Input] [2026-08-16 19:20:56.494 (UTC)] info/application	[Sensor] Updated distance: 20.9287343800202 cm | Severity=75 | SourceName=Sensor | EventType=application | SourceNode=ns=1;s=SensorSource
[Anomaly Input] [2026-08-16 19:20:56.494 (UTC)] info/application	[Motor] Received distance: 20.9287343800202 cm | Severity=75 | SourceName=Motor | EventType=application | SourceNode=ns=1;s=MotorSource
[Anomaly Input] [2026-08-16 19:20:56.499 (UTC)] info/application	[Motor] Received distance: 29.556251345927 cm | Severity=75 | SourceName=Motor3 | EventType=application | SourceNode=ns=1;s=MotorSource3
[Anomaly Input] [2026-08-16 19:20:56.500 (UTC)] info/application	[Motor] Received distance: 23.4471872399781 cm | Severity=75 | SourceName=Motor2 | EventType=application | SourceNode=ns=1;s=MotorSource2
[Anomaly Input] [2026-08-16 19:20:56.494 (UTC)] info/application	[Motor] Distance safe (20.9287343800202); rotating motor to 90 degrees | Severity=75 | SourceName=Motor | EventType=application | SourceNode=ns=1;s=MotorSource
[Anomaly Input] [2026-08-16 19:20:56.499 (UTC)] info/application	[Motor] Distance safe (29.556251345927); rotating motor to 90 degrees | Severity=75 | SourceName=Motor3 | EventType=application | SourceNode=ns=1;s=MotorSource3
[Anomaly Input] [2026-08-16 19:20:56.500 (UTC)] info/application	[Motor] Distance safe (23.4471872399781); rotating motor to 90 degrees | Severity=75 | SourceName=Motor2 | EventType=application | SourceNode=ns=1;s=MotorSource2
[Anomaly Input] [2026-08-16 19:20:57.407 (UTC)] info/application	[Sensor] Updated distance: 28.4193455553238 cm | Severity=75 | SourceName=Sensor3 | EventType=application | SourceNode=ns=1;s=SensorSource3
[Anomaly Input] [2026-08-16 19:20:57.409 (UTC)] info/application	[Sensor] Updated distance: 22.8134493698894 cm | Severity=75 | SourceName=Sensor2 | EventType=application | SourceNode=ns=1;s=SensorSource2
[Anomaly Input] [2026-08-16 19:20:57.494 (UTC)] info/application	[Sensor] Updated distance: 19.9044274207691 cm | Severity=75 | SourceName=Sensor | EventType=application | SourceNode=ns=1;s=SensorSource
[Anomaly Input] [2026-08-16 19:20:57.494 (UTC)] info/application	[Motor] Received distance: 19.9044274207691 cm | Severity=75 | SourceName=Motor | EventType=application | SourceNode=ns=1;s=MotorSource
[Anomaly Input] [2026-08-16 19:20:57.500 (UTC)] info/application	[Motor] Received distance: 28.4193455553238 cm | Severity=75 | SourceName=Motor3 | EventType=application | SourceNode=ns=1;s=MotorSource3
[Anomaly Input] [2026-08-16 19:20:57.500 (UTC)] info/application	[Motor] Received distance: 22.8134493698894 cm | Severity=75 | SourceName=Motor2 | EventType=application | SourceNode=ns=1;s=MotorSource2
[Anomaly Input] [2026-08-16 19:20:57.494 (UTC)] warn/application	[Motor] Distance too close (19.9044274207691); rotating motor to 0 degrees | Severity=175 | SourceName=Motor | EventType=application | SourceNode=ns=1;s=MotorSource
[Anomaly Input] [2026-08-16 19:20:57.500 (UTC)] info/application	[Motor] Distance safe (28.4193455553238); rotating motor to 90 degrees | Severity=75 | SourceName=Motor3 | EventType=application | SourceNode=ns=1;s=MotorSource3
[Anomaly Input] [2026-08-16 19:20:57.500 (UTC)] info/application	[Motor] Distance safe (22.8134493698894); rotating motor to 90 degrees | Severity=75 | SourceName=Motor2 | EventType=application | SourceNode=ns=1;s=MotorSource2
[Anomaly Input] [2026-08-16 19:20:58.407 (UTC)] info/application	[Sensor] Updated distance: 28.2704110905856 cm | Severity=75 | SourceName=Sensor3 | EventType=application | SourceNode=ns=1;s=SensorSource3
[Anomaly Input] [2026-08-16 19:20:58.408 (UTC)] info/application	[Sensor] Updated distance: 22.4370357833975 cm | Severity=75 | SourceName=Sensor2 | EventType=application | SourceNode=ns=1;s=SensorSource2
[Anomaly Input] [2026-08-16 19:20:58.494 (UTC)] info/application	[Sensor] Updated distance: 20.1019817840317 cm | Severity=75 | SourceName=Sensor | EventType=application | SourceNode=ns=1;s=SensorSource
[Anomaly Input] [2026-08-16 19:20:58.500 (UTC)] info/application	[Motor] Received distance: 22.4370357833975 cm | Severity=75 | SourceName=Motor2 | EventType=application | SourceNode=ns=1;s=MotorSource2
[Anomaly Input] [2026-08-16 19:20:58.500 (UTC)] info/application	[Motor] Received distance: 28.2704110905856 cm | Severity=75 | SourceName=Motor3 | EventType=application | SourceNode=ns=1;s=MotorSource3
[Anomaly Input] [2026-08-16 19:20:58.502 (UTC)] info/application	[Motor] Received distance: 20.1019817840317 cm | Severity=75 | SourceName=Motor | EventType=application | SourceNode=ns=1;s=MotorSource
[Anomaly Input] [2026-08-16 19:20:58.501 (UTC)] info/application	[Motor] Distance safe (22.4370357833975); rotating motor to 90 degrees | Severity=75 | SourceName=Motor2 | EventType=application | SourceNode=ns=1;s=MotorSource2
[Anomaly Input] [2026-08-16 19:20:58.501 (UTC)] info/application	[Motor] Distance safe (28.2704110905856); rotating motor to 90 degrees | Severity=75 | SourceName=Motor3 | EventType=application | SourceNode=ns=1;s=MotorSource3
[Anomaly Input] [2026-08-16 19:20:58.502 (UTC)] info/application	[Motor] Distance safe (20.1019817840317); rotating motor to 90 degrees | Severity=75 | SourceName=Motor | EventType=application | SourceNode=ns=1;s=MotorSource
[Anomaly Input] [2026-08-16 19:20:59.407 (UTC)] info/application	[Sensor] Updated distance: 29.7370716488161 cm | Severity=75 | SourceName=Sensor3 | EventType=application | SourceNode=ns=1;s=SensorSource3
[Anomaly Input] [2026-08-16 19:20:59.408 (UTC)] info/application	[Sensor] Updated distance: 23.5563439037913 cm | Severity=75 | SourceName=Sensor2 | EventType=application | SourceNode=ns=1;s=SensorSource2
[Anomaly Input] [2026-08-16 19:20:59.494 (UTC)] info/application	[Sensor] Updated distance: 19.6306179382981 cm | Severity=75 | SourceName=Sensor | EventType=application | SourceNode=ns=1;s=SensorSource
[Anomaly Input] [2026-08-16 19:20:59.494 (UTC)] info/application	[Motor] Received distance: 19.6306179382981 cm | Severity=75 | SourceName=Motor | EventType=application | SourceNode=ns=1;s=MotorSource
[Anomaly Input] [2026-08-16 19:20:59.501 (UTC)] info/application	[Motor] Received distance: 23.5563439037913 cm | Severity=75 | SourceName=Motor2 | EventType=application | SourceNode=ns=1;s=MotorSource2
[Anomaly Input] [2026-08-16 19:20:59.501 (UTC)] info/application	[Motor] Received distance: 29.7370716488161 cm | Severity=75 | SourceName=Motor3 | EventType=application | SourceNode=ns=1;s=MotorSource3
[Anomaly Input] [2026-08-16 19:20:59.495 (UTC)] warn/application	[Motor] Distance too close (19.6306179382981); rotating motor to 0 degrees | Severity=175 | SourceName=Motor | EventType=application | SourceNode=ns=1;s=MotorSource
[Anomaly Input] [2026-08-16 19:20:59.501 (UTC)] info/application	[Motor] Distance safe (23.5563439037913); rotating motor to 90 degrees | Severity=75 | SourceName=Motor2 | EventType=application | SourceNode=ns=1;s=MotorSource2
[Anomaly Input] [2026-08-16 19:20:59.501 (UTC)] info/application	[Motor] Distance safe (29.7370716488161); rotating motor to 90 degrees | Severity=75 | SourceName=Motor3 | EventType=application | SourceNode=ns=1;s=MotorSource3
[Anomaly Input] [2026-08-16 19:21:00.407 (UTC)] info/application	[Sensor] Updated distance: 28.282548832373 cm | Severity=75 | SourceName=Sensor3 | EventType=application | SourceNode=ns=1;s=SensorSource3
[Anomaly Input] [2026-08-16 19:21:00.409 (UTC)] info/application	[Sensor] Updated distance: 23.3890497923778 cm | Severity=75 | SourceName=Sensor2 | EventType=application | SourceNode=ns=1;s=SensorSource2
[Anomaly Input] [2026-08-16 19:21:00.494 (UTC)] info/application	[Sensor] Updated distance: 20.9003447719851 cm | Severity=75 | SourceName=Sensor | EventType=application | SourceNode=ns=1;s=SensorSource
[Anomaly Input] [2026-08-16 19:21:00.501 (UTC)] info/application	[Motor] Received distance: 28.282548832373 cm | Severity=75 | SourceName=Motor3 | EventType=application | SourceNode=ns=1;s=MotorSource3
[Anomaly Input] [2026-08-16 19:21:00.502 (UTC)] info/application	[Motor] Received distance: 20.9003447719851 cm | Severity=75 | SourceName=Motor | EventType=application | SourceNode=ns=1;s=MotorSource
[Anomaly Input] [2026-08-16 19:21:00.509 (UTC)] info/application	[Motor] Received distance: 23.3890497923778 cm | Severity=75 | SourceName=Motor2 | EventType=application | SourceNode=ns=1;s=MotorSource2
[Anomaly Input] [2026-08-16 19:21:00.501 (UTC)] info/application	[Motor] Distance safe (28.282548832373); rotating motor to 90 degrees | Severity=75 | SourceName=Motor3 | EventType=application | SourceNode=ns=1;s=MotorSource3
[Anomaly Input] [2026-08-16 19:21:00.502 (UTC)] info/application	[Motor] Distance safe (20.9003447719851); rotating motor to 90 degrees | Severity=75 | SourceName=Motor | EventType=application | SourceNode=ns=1;s=MotorSource
[Anomaly Input] [2026-08-16 19:21:00.509 (UTC)] info/application	[Motor] Distance safe (23.3890497923778); rotating motor to 90 degrees | Severity=75 | SourceName=Motor2 | EventType=application | SourceNode=ns=1;s=MotorSource2
[Anomaly Input] [2026-08-16 19:21:01.406 (UTC)] info/application	[Sensor] Updated distance: 29.4763933634276 cm | Severity=75 | SourceName=Sensor3 | EventType=application | SourceNode=ns=1;s=SensorSource3
[Anomaly Input] [2026-08-16 19:21:01.408 (UTC)] info/application	[Sensor] Updated distance: 24.508756177504 cm | Severity=75 | SourceName=Sensor2 | EventType=application | SourceNode=ns=1;s=SensorSource2
[Anomaly Input] [2026-08-16 19:21:01.495 (UTC)] info/application	[Sensor] Updated distance: 21.135832235746 cm | Severity=75 | SourceName=Sensor | EventType=application | SourceNode=ns=1;s=SensorSource
[Anomaly Input] [2026-08-16 19:21:01.495 (UTC)] info/application	[Motor] Received distance: 21.135832235746 cm | Severity=75 | SourceName=Motor | EventType=application | SourceNode=ns=1;s=MotorSource
[Anomaly Input] [2026-08-16 19:21:01.499 (UTC)] info/application	[Motor] Received distance: 24.508756177504 cm | Severity=75 | SourceName=Motor2 | EventType=application | SourceNode=ns=1;s=MotorSource2
[Anomaly Input] [2026-08-16 19:21:01.501 (UTC)] info/application	[Motor] Received distance: 29.4763933634276 cm | Severity=75 | SourceName=Motor3 | EventType=application | SourceNode=ns=1;s=MotorSource3
[Anomaly Input] [2026-08-16 19:21:01.495 (UTC)] info/application	[Motor] Distance safe (21.135832235746); rotating motor to 90 degrees | Severity=75 | SourceName=Motor | EventType=application | SourceNode=ns=1;s=MotorSource
[Anomaly Input] [2026-08-16 19:21:01.499 (UTC)] info/application	[Motor] Distance safe (24.508756177504); rotating motor to 90 degrees | Severity=75 | SourceName=Motor2 | EventType=application | SourceNode=ns=1;s=MotorSource2
[Anomaly Input] [2026-08-16 19:21:01.501 (UTC)] info/application	[Motor] Distance safe (29.4763933634276); rotating motor to 90 degrees | Severity=75 | SourceName=Motor3 | EventType=application | SourceNode=ns=1;s=MotorSource3
[Anomaly Input] [2026-08-16 19:21:02.406 (UTC)] info/application	[Sensor] Updated distance: 29.3079854968507 cm | Severity=75 | SourceName=Sensor3 | EventType=application | SourceNode=ns=1;s=SensorSource3
[Anomaly Input] [2026-08-16 19:21:02.407 (UTC)] info/application	[Sensor] Updated distance: 25.2104532919873 cm | Severity=75 | SourceName=Sensor2 | EventType=application | SourceNode=ns=1;s=SensorSource2
[Anomaly Input] [2026-08-16 19:21:02.495 (UTC)] info/application	[Sensor] Updated distance: 19.672470212063 cm | Severity=75 | SourceName=Sensor | EventType=application | SourceNode=ns=1;s=SensorSource
[Anomaly Input] [2026-08-16 19:21:02.500 (UTC)] info/application	[Motor] Received distance: 25.2104532919873 cm | Severity=75 | SourceName=Motor2 | EventType=application | SourceNode=ns=1;s=MotorSource2
[Anomaly Input] [2026-08-16 19:21:02.501 (UTC)] info/application	[Motor] Received distance: 29.3079854968507 cm | Severity=75 | SourceName=Motor3 | EventType=application | SourceNode=ns=1;s=MotorSource3
[Anomaly Input] [2026-08-16 19:21:02.503 (UTC)] info/application	[Motor] Received distance: 19.672470212063 cm | Severity=75 | SourceName=Motor | EventType=application | SourceNode=ns=1;s=MotorSource
[Anomaly Input] [2026-08-16 19:21:02.500 (UTC)] info/application	[Motor] Distance safe (25.2104532919873); rotating motor to 90 degrees | Severity=75 | SourceName=Motor2 | EventType=application | SourceNode=ns=1;s=MotorSource2
[Anomaly Input] [2026-08-16 19:21:02.501 (UTC)] info/application	[Motor] Distance safe (29.3079854968507); rotating motor to 90 degrees | Severity=75 | SourceName=Motor3 | EventType=application | SourceNode=ns=1;s=MotorSource3
[Anomaly Input] [2026-08-16 19:21:02.503 (UTC)] warn/application	[Motor] Distance too close (19.672470212063); rotating motor to 0 degrees | Severity=175 | SourceName=Motor | EventType=application | SourceNode=ns=1;s=MotorSource
[Anomaly Input] [2026-08-16 19:21:03.406 (UTC)] info/application	[Sensor] Updated distance: 30.3719904431477 cm | Severity=75 | SourceName=Sensor3 | EventType=application | SourceNode=ns=1;s=SensorSource3
[Anomaly Input] [2026-08-16 19:21:03.406 (UTC)] info/application	[Sensor] Updated distance: 24.6974837967183 cm | Severity=75 | SourceName=Sensor2 | EventType=application | SourceNode=ns=1;s=SensorSource2
[Anomaly Input] [2026-08-16 19:21:03.494 (UTC)] info/application	[Sensor] Updated distance: 19.8395851575023 cm | Severity=75 | SourceName=Sensor | EventType=application | SourceNode=ns=1;s=SensorSource
[Anomaly Input] [2026-08-16 19:21:03.495 (UTC)] info/application	[Motor] Received distance: 19.8395851575023 cm | Severity=75 | SourceName=Motor | EventType=application | SourceNode=ns=1;s=MotorSource
[Anomaly Input] [2026-08-16 19:21:03.497 (UTC)] info/application	[Motor] Received distance: 30.3719904431477 cm | Severity=75 | SourceName=Motor3 | EventType=application | SourceNode=ns=1;s=MotorSource3
[Anomaly Input] [2026-08-16 19:21:03.500 (UTC)] info/application	[Motor] Received distance: 24.6974837967183 cm | Severity=75 | SourceName=Motor2 | EventType=application | SourceNode=ns=1;s=MotorSource2
[Anomaly Input] [2026-08-16 19:21:03.495 (UTC)] warn/application	[Motor] Distance too close (19.8395851575023); rotating motor to 0 degrees | Severity=175 | SourceName=Motor | EventType=application | SourceNode=ns=1;s=MotorSource
[Anomaly Input] [2026-08-16 19:21:03.497 (UTC)] info/application	[Motor] Distance safe (30.3719904431477); rotating motor to 90 degrees | Severity=75 | SourceName=Motor3 | EventType=application | SourceNode=ns=1;s=MotorSource3
[Anomaly Input] [2026-08-16 19:21:03.500 (UTC)] info/application	[Motor] Distance safe (24.6974837967183); rotating motor to 90 degrees | Severity=75 | SourceName=Motor2 | EventType=application | SourceNode=ns=1;s=MotorSource2
[Anomaly Input] [2026-08-16 19:21:04.406 (UTC)] info/application	[Sensor] Updated distance: 24.4558137182406 cm | Severity=75 | SourceName=Sensor2 | EventType=application | SourceNode=ns=1;s=SensorSource2
[Anomaly Input] [2026-08-16 19:21:04.406 (UTC)] info/application	[Sensor] Updated distance: 31.8363774450665 cm | Severity=75 | SourceName=Sensor3 | EventType=application | SourceNode=ns=1;s=SensorSource3
[Anomaly Input] [2026-08-16 19:21:04.494 (UTC)] info/application	[Sensor] Updated distance: 19.5778989238096 cm | Severity=75 | SourceName=Sensor | EventType=application | SourceNode=ns=1;s=SensorSource
[Anomaly Input] [2026-08-16 19:21:04.498 (UTC)] info/application	[Motor] Received distance: 24.4558137182406 cm | Severity=75 | SourceName=Motor2 | EventType=application | SourceNode=ns=1;s=MotorSource2
[Anomaly Input] [2026-08-16 19:21:04.500 (UTC)] info/application	[Motor] Received distance: 31.8363774450665 cm | Severity=75 | SourceName=Motor3 | EventType=application | SourceNode=ns=1;s=MotorSource3
[Anomaly Input] [2026-08-16 19:21:04.503 (UTC)] info/application	[Motor] Received distance: 19.5778989238096 cm | Severity=75 | SourceName=Motor | EventType=application | SourceNode=ns=1;s=MotorSource
[Anomaly Input] [2026-08-16 19:21:04.498 (UTC)] info/application	[Motor] Distance safe (24.4558137182406); rotating motor to 90 degrees | Severity=75 | SourceName=Motor2 | EventType=application | SourceNode=ns=1;s=MotorSource2
[Anomaly Input] [2026-08-16 19:21:04.500 (UTC)] info/application	[Motor] Distance safe (31.8363774450665); rotating motor to 90 degrees | Severity=75 | SourceName=Motor3 | EventType=application | SourceNode=ns=1;s=MotorSource3
[Anomaly Input] [2026-08-16 19:21:04.503 (UTC)] warn/application	[Motor] Distance too close (19.5778989238096); rotating motor to 0 degrees | Severity=175 | SourceName=Motor | EventType=application | SourceNode=ns=1;s=MotorSource
[Anomaly Input] [2026-08-16 19:21:05.407 (UTC)] info/application	[Sensor] Updated distance: 24.7430638234332 cm | Severity=75 | SourceName=Sensor2 | EventType=application | SourceNode=ns=1;s=SensorSource2
[Anomaly Input] [2026-08-16 19:21:05.407 (UTC)] info/application	[Sensor] Updated distance: 32.5963937603386 cm | Severity=75 | SourceName=Sensor3 | EventType=application | SourceNode=ns=1;s=SensorSource3
[Anomaly Input] [2026-08-16 19:21:05.494 (UTC)] info/application	[Sensor] Updated distance: 20.9916864507793 cm | Severity=75 | SourceName=Sensor | EventType=application | SourceNode=ns=1;s=SensorSource
[Anomaly Input] [2026-08-16 19:21:05.494 (UTC)] info/application	[Motor] Received distance: 20.9916864507793 cm | Severity=75 | SourceName=Motor | EventType=application | SourceNode=ns=1;s=MotorSource
[Anomaly Input] [2026-08-16 19:21:05.500 (UTC)] info/application	[Motor] Received distance: 24.7430638234332 cm | Severity=75 | SourceName=Motor2 | EventType=application | SourceNode=ns=1;s=MotorSource2
[Anomaly Input] [2026-08-16 19:21:05.500 (UTC)] info/application	[Motor] Received distance: 32.5963937603386 cm | Severity=75 | SourceName=Motor3 | EventType=application | SourceNode=ns=1;s=MotorSource3
[Anomaly Input] [2026-08-16 19:21:05.494 (UTC)] info/application	[Motor] Distance safe (20.9916864507793); rotating motor to 90 degrees | Severity=75 | SourceName=Motor | EventType=application | SourceNode=ns=1;s=MotorSource
[Anomaly Input] [2026-08-16 19:21:05.500 (UTC)] info/application	[Motor] Distance safe (24.7430638234332); rotating motor to 90 degrees | Severity=75 | SourceName=Motor2 | EventType=application | SourceNode=ns=1;s=MotorSource2
[Anomaly Input] [2026-08-16 19:21:05.500 (UTC)] info/application	[Motor] Distance safe (32.5963937603386); rotating motor to 90 degrees | Severity=75 | SourceName=Motor3 | EventType=application | SourceNode=ns=1;s=MotorSource3
[Anomaly Input] [2026-08-16 19:21:06.407 (UTC)] info/application	[Sensor] Updated distance: 25.8725016763772 cm | Severity=75 | SourceName=Sensor2 | EventType=application | SourceNode=ns=1;s=SensorSource2
[Anomaly Input] [2026-08-16 19:21:06.408 (UTC)] info/application	[Sensor] Updated distance: 32.4542642135426 cm | Severity=75 | SourceName=Sensor3 | EventType=application | SourceNode=ns=1;s=SensorSource3
[Anomaly Input] [2026-08-16 19:21:06.493 (UTC)] info/application	[Sensor] Updated distance: 19.8796721926796 cm | Severity=75 | SourceName=Sensor | EventType=application | SourceNode=ns=1;s=SensorSource
[Anomaly Input] [2026-08-16 19:21:06.500 (UTC)] info/application	[Motor] Received distance: 32.4542642135426 cm | Severity=75 | SourceName=Motor3 | EventType=application | SourceNode=ns=1;s=MotorSource3
[Anomaly Input] [2026-08-16 19:21:06.500 (UTC)] info/application	[Motor] Received distance: 25.8725016763772 cm | Severity=75 | SourceName=Motor2 | EventType=application | SourceNode=ns=1;s=MotorSource2
[Anomaly Input] [2026-08-16 19:21:06.502 (UTC)] info/application	[Motor] Received distance: 19.8796721926796 cm | Severity=75 | SourceName=Motor | EventType=application | SourceNode=ns=1;s=MotorSource
[Anomaly Input] [2026-08-16 19:21:06.500 (UTC)] info/application	[Motor] Distance safe (32.4542642135426); rotating motor to 90 degrees | Severity=75 | SourceName=Motor3 | EventType=application | SourceNode=ns=1;s=MotorSource3
[Anomaly Input] [2026-08-16 19:21:06.500 (UTC)] info/application	[Motor] Distance safe (25.8725016763772); rotating motor to 90 degrees | Severity=75 | SourceName=Motor2 | EventType=application | SourceNode=ns=1;s=MotorSource2
[Anomaly Input] [2026-08-16 19:21:06.502 (UTC)] warn/application	[Motor] Distance too close (19.8796721926796); rotating motor to 0 degrees | Severity=175 | SourceName=Motor | EventType=application | SourceNode=ns=1;s=MotorSource
[Anomaly Input] [2026-08-16 19:21:07.398 (UTC)] info/application	[Sensor] Updated distance: 31.3627600897396 cm | Severity=75 | SourceName=Sensor3 | EventType=application | SourceNode=ns=1;s=SensorSource3
[Anomaly Input] [2026-08-16 19:21:07.408 (UTC)] info/application	[Sensor] Updated distance: 26.0685284936654 cm | Severity=75 | SourceName=Sensor2 | EventType=application | SourceNode=ns=1;s=SensorSource2
[Anomaly Input] [2026-08-16 19:21:07.493 (UTC)] info/application	[Sensor] Updated distance: 20.1284541581424 cm | Severity=75 | SourceName=Sensor | EventType=application | SourceNode=ns=1;s=SensorSource
[Anomaly Input] [2026-08-16 19:21:07.493 (UTC)] info/application	[Motor] Received distance: 20.1284541581424 cm | Severity=75 | SourceName=Motor | EventType=application | SourceNode=ns=1;s=MotorSource
[Anomaly Input] [2026-08-16 19:21:07.500 (UTC)] info/application	[Motor] Received distance: 31.3627600897396 cm | Severity=75 | SourceName=Motor3 | EventType=application | SourceNode=ns=1;s=MotorSource3
[Anomaly Input] [2026-08-16 19:21:07.501 (UTC)] info/application	[Motor] Received distance: 26.0685284936654 cm | Severity=75 | SourceName=Motor2 | EventType=application | SourceNode=ns=1;s=MotorSource2
[Anomaly Input] [2026-08-16 19:21:07.493 (UTC)] info/application	[Motor] Distance safe (20.1284541581424); rotating motor to 90 degrees | Severity=75 | SourceName=Motor | EventType=application | SourceNode=ns=1;s=MotorSource
[Anomaly Input] [2026-08-16 19:21:07.500 (UTC)] info/application	[Motor] Distance safe (31.3627600897396); rotating motor to 90 degrees | Severity=75 | SourceName=Motor3 | EventType=application | SourceNode=ns=1;s=MotorSource3
[Anomaly Input] [2026-08-16 19:21:07.501 (UTC)] info/application	[Motor] Distance safe (26.0685284936654); rotating motor to 90 degrees | Severity=75 | SourceName=Motor2 | EventType=application | SourceNode=ns=1;s=MotorSource2
[Anomaly Input] [2026-08-16 19:21:08.398 (UTC)] info/application	[Sensor] Updated distance: 31.6759740746002 cm | Severity=75 | SourceName=Sensor3 | EventType=application | SourceNode=ns=1;s=SensorSource3
[Anomaly Input] [2026-08-16 19:21:08.408 (UTC)] info/application	[Sensor] Updated distance: 26.5010298171551 cm | Severity=75 | SourceName=Sensor2 | EventType=application | SourceNode=ns=1;s=SensorSource2
[Anomaly Input] [2026-08-16 19:21:08.493 (UTC)] info/application	[Sensor] Updated distance: 19.756766102862 cm | Severity=75 | SourceName=Sensor | EventType=application | SourceNode=ns=1;s=SensorSource
[Anomaly Input] [2026-08-16 19:21:08.494 (UTC)] info/application	[Motor] Received distance: 19.756766102862 cm | Severity=75 | SourceName=Motor | EventType=application | SourceNode=ns=1;s=MotorSource
[Anomaly Input] [2026-08-16 19:21:08.500 (UTC)] info/application	[Motor] Received distance: 31.6759740746002 cm | Severity=75 | SourceName=Motor3 | EventType=application | SourceNode=ns=1;s=MotorSource3
[Anomaly Input] [2026-08-16 19:21:08.500 (UTC)] info/application	[Motor] Received distance: 26.5010298171551 cm | Severity=75 | SourceName=Motor2 | EventType=application | SourceNode=ns=1;s=MotorSource2
[Anomaly Input] [2026-08-16 19:21:08.494 (UTC)] warn/application	[Motor] Distance too close (19.756766102862); rotating motor to 0 degrees | Severity=175 | SourceName=Motor | EventType=application | SourceNode=ns=1;s=MotorSource
[Anomaly Input] [2026-08-16 19:21:08.500 (UTC)] info/application	[Motor] Distance safe (31.6759740746002); rotating motor to 90 degrees | Severity=75 | SourceName=Motor3 | EventType=application | SourceNode=ns=1;s=MotorSource3
[Anomaly Input] [2026-08-16 19:21:08.500 (UTC)] info/application	[Motor] Distance safe (26.5010298171551); rotating motor to 90 degrees | Severity=75 | SourceName=Motor2 | EventType=application | SourceNode=ns=1;s=MotorSource2
[Anomaly Input] [2026-08-16 19:21:09.398 (UTC)] info/application	[Sensor] Updated distance: 30.8284654912206 cm | Severity=75 | SourceName=Sensor3 | EventType=application | SourceNode=ns=1;s=SensorSource3
[Anomaly Input] [2026-08-16 19:21:09.408 (UTC)] info/application	[Sensor] Updated distance: 25.9834780443849 cm | Severity=75 | SourceName=Sensor2 | EventType=application | SourceNode=ns=1;s=SensorSource2
[Anomaly Input] [2026-08-16 19:21:09.494 (UTC)] info/application	[Sensor] Updated distance: 19.1348037827456 cm | Severity=75 | SourceName=Sensor | EventType=application | SourceNode=ns=1;s=SensorSource
[Anomaly Input] [2026-08-16 19:21:09.501 (UTC)] info/application	[Motor] Received distance: 25.9834780443849 cm | Severity=75 | SourceName=Motor2 | EventType=application | SourceNode=ns=1;s=MotorSource2
[Anomaly Input] [2026-08-16 19:21:09.501 (UTC)] info/application	[Motor] Received distance: 30.8284654912206 cm | Severity=75 | SourceName=Motor3 | EventType=application | SourceNode=ns=1;s=MotorSource3
[Anomaly Input] [2026-08-16 19:21:09.502 (UTC)] info/application	[Motor] Received distance: 19.1348037827456 cm | Severity=75 | SourceName=Motor | EventType=application | SourceNode=ns=1;s=MotorSource
[Anomaly Input] [2026-08-16 19:21:09.501 (UTC)] info/application	[Motor] Distance safe (25.9834780443849); rotating motor to 90 degrees | Severity=75 | SourceName=Motor2 | EventType=application | SourceNode=ns=1;s=MotorSource2
[Anomaly Input] [2026-08-16 19:21:09.501 (UTC)] info/application	[Motor] Distance safe (30.8284654912206); rotating motor to 90 degrees | Severity=75 | SourceName=Motor3 | EventType=application | SourceNode=ns=1;s=MotorSource3
[Anomaly Input] [2026-08-16 19:21:09.502 (UTC)] warn/application	[Motor] Distance too close (19.1348037827456); rotating motor to 0 degrees | Severity=175 | SourceName=Motor | EventType=application | SourceNode=ns=1;s=MotorSource
[Anomaly Input] [2026-08-16 19:21:10.398 (UTC)] info/application	[Sensor] Updated distance: 29.3991415716704 cm | Severity=75 | SourceName=Sensor3 | EventType=application | SourceNode=ns=1;s=SensorSource3
[Anomaly Input] [2026-08-16 19:21:10.409 (UTC)] info/application	[Sensor] Updated distance: 25.4696856362138 cm | Severity=75 | SourceName=Sensor2 | EventType=application | SourceNode=ns=1;s=SensorSource2
[Anomaly Input] [2026-08-16 19:21:10.493 (UTC)] info/application	[Sensor] Updated distance: 17.9802144968324 cm | Severity=75 | SourceName=Sensor | EventType=application | SourceNode=ns=1;s=SensorSource
[Anomaly Input] [2026-08-16 19:21:10.494 (UTC)] info/application	[Motor] Received distance: 17.9802144968324 cm | Severity=75 | SourceName=Motor | EventType=application | SourceNode=ns=1;s=MotorSource
[Anomaly Input] [2026-08-16 19:21:10.501 (UTC)] info/application	[Motor] Received distance: 29.3991415716704 cm | Severity=75 | SourceName=Motor3 | EventType=application | SourceNode=ns=1;s=MotorSource3
[Anomaly Input] [2026-08-16 19:21:10.509 (UTC)] info/application	[Motor] Received distance: 25.4696856362138 cm | Severity=75 | SourceName=Motor2 | EventType=application | SourceNode=ns=1;s=MotorSource2
[Anomaly Input] [2026-08-16 19:21:10.494 (UTC)] warn/application	[Motor] Distance too close (17.9802144968324); rotating motor to 0 degrees | Severity=175 | SourceName=Motor | EventType=application | SourceNode=ns=1;s=MotorSource
[Anomaly Input] [2026-08-16 19:21:10.501 (UTC)] info/application	[Motor] Distance safe (29.3991415716704); rotating motor to 90 degrees | Severity=75 | SourceName=Motor3 | EventType=application | SourceNode=ns=1;s=MotorSource3
[Anomaly Input] [2026-08-16 19:21:10.509 (UTC)] info/application	[Motor] Distance safe (25.4696856362138); rotating motor to 90 degrees | Severity=75 | SourceName=Motor2 | EventType=application | SourceNode=ns=1;s=MotorSource2
[Anomaly Input] [2026-08-16 19:21:11.399 (UTC)] info/application	[Sensor] Updated distance: 28.1923402765264 cm | Severity=75 | SourceName=Sensor3 | EventType=application | SourceNode=ns=1;s=SensorSource3
[Anomaly Input] [2026-08-16 19:21:11.409 (UTC)] info/application	[Sensor] Updated distance: 26.3352869934567 cm | Severity=75 | SourceName=Sensor2 | EventType=application | SourceNode=ns=1;s=SensorSource2
[Anomaly Input] [2026-08-16 19:21:11.493 (UTC)] info/application	[Sensor] Updated distance: 16.6018590180212 cm | Severity=75 | SourceName=Sensor | EventType=application | SourceNode=ns=1;s=SensorSource
[Anomaly Input] [2026-08-16 19:21:11.500 (UTC)] info/application	[Motor] Received distance: 26.3352869934567 cm | Severity=75 | SourceName=Motor2 | EventType=application | SourceNode=ns=1;s=MotorSource2
[Anomaly Input] [2026-08-16 19:21:11.501 (UTC)] info/application	[Motor] Received distance: 28.1923402765264 cm | Severity=75 | SourceName=Motor3 | EventType=application | SourceNode=ns=1;s=MotorSource3
[Anomaly Input] [2026-08-16 19:21:11.502 (UTC)] info/application	[Motor] Received distance: 16.6018590180212 cm | Severity=75 | SourceName=Motor | EventType=application | SourceNode=ns=1;s=MotorSource
[Anomaly Input] [2026-08-16 19:21:11.500 (UTC)] info/application	[Motor] Distance safe (26.3352869934567); rotating motor to 90 degrees | Severity=75 | SourceName=Motor2 | EventType=application | SourceNode=ns=1;s=MotorSource2
[Anomaly Input] [2026-08-16 19:21:11.501 (UTC)] info/application	[Motor] Distance safe (28.1923402765264); rotating motor to 90 degrees | Severity=75 | SourceName=Motor3 | EventType=application | SourceNode=ns=1;s=MotorSource3
[Anomaly Input] [2026-08-16 19:21:11.502 (UTC)] warn/application	[Motor] Distance too close (16.6018590180212); rotating motor to 0 degrees | Severity=175 | SourceName=Motor | EventType=application | SourceNode=ns=1;s=MotorSource
[Anomaly Input] [2026-08-16 19:21:12.399 (UTC)] info/application	[Sensor] Updated distance: 27.9076780364419 cm | Severity=75 | SourceName=Sensor3 | EventType=application | SourceNode=ns=1;s=SensorSource3
[Anomaly Input] [2026-08-16 19:21:12.409 (UTC)] info/application	[Sensor] Updated distance: 26.108053417461 cm | Severity=75 | SourceName=Sensor2 | EventType=application | SourceNode=ns=1;s=SensorSource2
[Anomaly Input] [2026-08-16 19:21:12.493 (UTC)] info/application	[Sensor] Updated distance: 17.2692189620664 cm | Severity=75 | SourceName=Sensor | EventType=application | SourceNode=ns=1;s=SensorSource
[Anomaly Input] [2026-08-16 19:21:12.493 (UTC)] info/application	[Motor] Received distance: 17.2692189620664 cm | Severity=75 | SourceName=Motor | EventType=application | SourceNode=ns=1;s=MotorSource
[Anomaly Input] [2026-08-16 19:21:12.501 (UTC)] info/application	[Motor] Received distance: 26.108053417461 cm | Severity=75 | SourceName=Motor2 | EventType=application | SourceNode=ns=1;s=MotorSource2
[Anomaly Input] [2026-08-16 19:21:12.501 (UTC)] info/application	[Motor] Received distance: 27.9076780364419 cm | Severity=75 | SourceName=Motor3 | EventType=application | SourceNode=ns=1;s=MotorSource3
[Anomaly Input] [2026-08-16 19:21:12.493 (UTC)] warn/application	[Motor] Distance too close (17.2692189620664); rotating motor to 0 degrees | Severity=175 | SourceName=Motor | EventType=application | SourceNode=ns=1;s=MotorSource
[Anomaly Input] [2026-08-16 19:21:12.501 (UTC)] info/application	[Motor] Distance safe (26.108053417461); rotating motor to 90 degrees | Severity=75 | SourceName=Motor2 | EventType=application | SourceNode=ns=1;s=MotorSource2
[Anomaly Input] [2026-08-16 19:21:12.501 (UTC)] info/application	[Motor] Distance safe (27.9076780364419); rotating motor to 90 degrees | Severity=75 | SourceName=Motor3 | EventType=application | SourceNode=ns=1;s=MotorSource3
[Anomaly Input] [2026-08-16 19:21:13.398 (UTC)] info/application	[Sensor] Updated distance: 28.9079476824999 cm | Severity=75 | SourceName=Sensor3 | EventType=application | SourceNode=ns=1;s=SensorSource3
[Anomaly Input] [2026-08-16 19:21:13.409 (UTC)] info/application	[Sensor] Updated distance: 25.2774517279013 cm | Severity=75 | SourceName=Sensor2 | EventType=application | SourceNode=ns=1;s=SensorSource2
[Anomaly Input] [2026-08-16 19:21:13.493 (UTC)] info/application	[Sensor] Updated distance: 16.3157122248391 cm | Severity=75 | SourceName=Sensor | EventType=application | SourceNode=ns=1;s=SensorSource
[Anomaly Input] [2026-08-16 19:21:13.493 (UTC)] info/application	[Motor] Received distance: 16.3157122248391 cm | Severity=75 | SourceName=Motor | EventType=application | SourceNode=ns=1;s=MotorSource
[Anomaly Input] [2026-08-16 19:21:13.509 (UTC)] info/application	[Motor] Received distance: 28.9079476824999 cm | Severity=75 | SourceName=Motor3 | EventType=application | SourceNode=ns=1;s=MotorSource3
[Anomaly Input] [2026-08-16 19:21:13.509 (UTC)] info/application	[Motor] Received distance: 25.2774517279013 cm | Severity=75 | SourceName=Motor2 | EventType=application | SourceNode=ns=1;s=MotorSource2
[Anomaly Input] [2026-08-16 19:21:13.493 (UTC)] warn/application	[Motor] Distance too close (16.3157122248391); rotating motor to 0 degrees | Severity=175 | SourceName=Motor | EventType=application | SourceNode=ns=1;s=MotorSource
[Anomaly Input] [2026-08-16 19:21:13.509 (UTC)] info/application	[Motor] Distance safe (28.9079476824999); rotating motor to 90 degrees | Severity=75 | SourceName=Motor3 | EventType=application | SourceNode=ns=1;s=MotorSource3
[Anomaly Input] [2026-08-16 19:21:13.509 (UTC)] info/application	[Motor] Distance safe (25.2774517279013); rotating motor to 90 degrees | Severity=75 | SourceName=Motor2 | EventType=application | SourceNode=ns=1;s=MotorSource2
[Anomaly Input] [2026-08-16 19:21:14.399 (UTC)] info/application	[Sensor] Updated distance: 28.7990404585372 cm | Severity=75 | SourceName=Sensor3 | EventType=application | SourceNode=ns=1;s=SensorSource3
[Anomaly Input] [2026-08-16 19:21:14.409 (UTC)] info/application	[Sensor] Updated distance: 25.0480830464736 cm | Severity=75 | SourceName=Sensor2 | EventType=application | SourceNode=ns=1;s=SensorSource2
[Anomaly Input] [2026-08-16 19:21:14.493 (UTC)] info/application	[Sensor] Updated distance: 15.593771183907 cm | Severity=75 | SourceName=Sensor | EventType=application | SourceNode=ns=1;s=SensorSource
[Anomaly Input] [2026-08-16 19:21:14.494 (UTC)] info/application	[Motor] Received distance: 15.593771183907 cm | Severity=75 | SourceName=Motor | EventType=application | SourceNode=ns=1;s=MotorSource
[Anomaly Input] [2026-08-16 19:21:14.498 (UTC)] info/application	[Motor] Received distance: 28.7990404585372 cm | Severity=75 | SourceName=Motor3 | EventType=application | SourceNode=ns=1;s=MotorSource3
[Anomaly Input] [2026-08-16 19:21:14.500 (UTC)] info/application	[Motor] Received distance: 25.0480830464736 cm | Severity=75 | SourceName=Motor2 | EventType=application | SourceNode=ns=1;s=MotorSource2
[Anomaly Input] [2026-08-16 19:21:14.494 (UTC)] warn/application	[Motor] Distance too close (15.593771183907); rotating motor to 0 degrees | Severity=175 | SourceName=Motor | EventType=application | SourceNode=ns=1;s=MotorSource
[Anomaly Input] [2026-08-16 19:21:14.498 (UTC)] info/application	[Motor] Distance safe (28.7990404585372); rotating motor to 90 degrees | Severity=75 | SourceName=Motor3 | EventType=application | SourceNode=ns=1;s=MotorSource3
[Anomaly Input] [2026-08-16 19:21:14.500 (UTC)] info/application	[Motor] Distance safe (25.0480830464736); rotating motor to 90 degrees | Severity=75 | SourceName=Motor2 | EventType=application | SourceNode=ns=1;s=MotorSource2
[Anomaly Input] [2026-08-16 19:21:15.399 (UTC)] info/application	[Sensor] Updated distance: 29.3378078815703 cm | Severity=75 | SourceName=Sensor3 | EventType=application | SourceNode=ns=1;s=SensorSource3
[Anomaly Input] [2026-08-16 19:21:15.409 (UTC)] info/application	[Sensor] Updated distance: 24.0033749609736 cm | Severity=75 | SourceName=Sensor2 | EventType=application | SourceNode=ns=1;s=SensorSource2
[Anomaly Input] [2026-08-16 19:21:15.493 (UTC)] info/application	[Sensor] Updated distance: 15.3810015848749 cm | Severity=75 | SourceName=Sensor | EventType=application | SourceNode=ns=1;s=SensorSource
[Anomaly Input] [2026-08-16 19:21:15.500 (UTC)] info/application	[Motor] Received distance: 29.3378078815703 cm | Severity=75 | SourceName=Motor3 | EventType=application | SourceNode=ns=1;s=MotorSource3
[Anomaly Input] [2026-08-16 19:21:15.500 (UTC)] info/application	[Motor] Received distance: 24.0033749609736 cm | Severity=75 | SourceName=Motor2 | EventType=application | SourceNode=ns=1;s=MotorSource2
[Anomaly Input] [2026-08-16 19:21:15.503 (UTC)] info/application	[Motor] Received distance: 15.3810015848749 cm | Severity=75 | SourceName=Motor | EventType=application | SourceNode=ns=1;s=MotorSource
[Anomaly Input] [2026-08-16 19:21:15.500 (UTC)] info/application	[Motor] Distance safe (29.3378078815703); rotating motor to 90 degrees | Severity=75 | SourceName=Motor3 | EventType=application | SourceNode=ns=1;s=MotorSource3
[Anomaly Input] [2026-08-16 19:21:15.500 (UTC)] info/application	[Motor] Distance safe (24.0033749609736); rotating motor to 90 degrees | Severity=75 | SourceName=Motor2 | EventType=application | SourceNode=ns=1;s=MotorSource2
[Anomaly Input] [2026-08-16 19:21:15.503 (UTC)] warn/application	[Motor] Distance too close (15.3810015848749); rotating motor to 0 degrees | Severity=175 | SourceName=Motor | EventType=application | SourceNode=ns=1;s=MotorSource
[Anomaly Input] [2026-08-16 19:21:16.399 (UTC)] info/application	[Sensor] Updated distance: 30.1196119036151 cm | Severity=75 | SourceName=Sensor3 | EventType=application | SourceNode=ns=1;s=SensorSource3
[Anomaly Input] [2026-08-16 19:21:16.408 (UTC)] info/application	[Sensor] Updated distance: 23.5265981506215 cm | Severity=75 | SourceName=Sensor2 | EventType=application | SourceNode=ns=1;s=SensorSource2
[Anomaly Input] [2026-08-16 19:21:16.490 (UTC)] info/application	[Motor] Received distance: 30.1196119036151 cm | Severity=75 | SourceName=Motor3 | EventType=application | SourceNode=ns=1;s=MotorSource3
[Anomaly Input] [2026-08-16 19:21:16.492 (UTC)] info/application	[Motor] Received distance: 13.9517759892399 cm | Severity=75 | SourceName=Motor | EventType=application | SourceNode=ns=1;s=MotorSource
[Anomaly Input] [2026-08-16 19:21:16.492 (UTC)] info/application	[Sensor] Updated distance: 13.9517759892399 cm | Severity=75 | SourceName=Sensor | EventType=application | SourceNode=ns=1;s=SensorSource
[Anomaly Input] [2026-08-16 19:21:16.500 (UTC)] info/application	[Motor] Received distance: 23.5265981506215 cm | Severity=75 | SourceName=Motor2 | EventType=application | SourceNode=ns=1;s=MotorSource2
[Anomaly Input] [2026-08-16 19:21:16.490 (UTC)] info/application	[Motor] Distance safe (30.1196119036151); rotating motor to 90 degrees | Severity=75 | SourceName=Motor3 | EventType=application | SourceNode=ns=1;s=MotorSource3
[Anomaly Input] [2026-08-16 19:21:16.492 (UTC)] warn/application	[Motor] Distance too close (13.9517759892399); rotating motor to 0 degrees | Severity=175 | SourceName=Motor | EventType=application | SourceNode=ns=1;s=MotorSource
[Anomaly Input] [2026-08-16 19:21:16.500 (UTC)] info/application	[Motor] Distance safe (23.5265981506215); rotating motor to 90 degrees | Severity=75 | SourceName=Motor2 | EventType=application | SourceNode=ns=1;s=MotorSource2
[Anomaly Input] [2026-08-16 19:21:17.399 (UTC)] info/application	[Sensor] Updated distance: 30.8557329286615 cm | Severity=75 | SourceName=Sensor3 | EventType=application | SourceNode=ns=1;s=SensorSource3
[Anomaly Input] [2026-08-16 19:21:17.408 (UTC)] info/application	[Sensor] Updated distance: 22.5816198657647 cm | Severity=75 | SourceName=Sensor2 | EventType=application | SourceNode=ns=1;s=SensorSource2
[Anomaly Input] [2026-08-16 19:21:17.492 (UTC)] info/application	[Sensor] Updated distance: 15.340309017962 cm | Severity=75 | SourceName=Sensor | EventType=application | SourceNode=ns=1;s=SensorSource
[Anomaly Input] [2026-08-16 19:21:17.493 (UTC)] info/application	[Motor] Received distance: 15.340309017962 cm | Severity=75 | SourceName=Motor | EventType=application | SourceNode=ns=1;s=MotorSource
[Anomaly Input] [2026-08-16 19:21:17.500 (UTC)] info/application	[Motor] Received distance: 30.8557329286615 cm | Severity=75 | SourceName=Motor3 | EventType=application | SourceNode=ns=1;s=MotorSource3
[Anomaly Input] [2026-08-16 19:21:17.501 (UTC)] info/application	[Motor] Received distance: 22.5816198657647 cm | Severity=75 | SourceName=Motor2 | EventType=application | SourceNode=ns=1;s=MotorSource2
[Anomaly Input] [2026-08-16 19:21:17.493 (UTC)] warn/application	[Motor] Distance too close (15.340309017962); rotating motor to 0 degrees | Severity=175 | SourceName=Motor | EventType=application | SourceNode=ns=1;s=MotorSource
[Anomaly Input] [2026-08-16 19:21:17.500 (UTC)] info/application	[Motor] Distance safe (30.8557329286615); rotating motor to 90 degrees | Severity=75 | SourceName=Motor3 | EventType=application | SourceNode=ns=1;s=MotorSource3
[Anomaly Input] [2026-08-16 19:21:17.501 (UTC)] info/application	[Motor] Distance safe (22.5816198657647); rotating motor to 90 degrees | Severity=75 | SourceName=Motor2 | EventType=application | SourceNode=ns=1;s=MotorSource2
[Anomaly Input] [2026-08-16 19:21:18.399 (UTC)] info/application	[Sensor] Updated distance: 31.9712454369158 cm | Severity=75 | SourceName=Sensor3 | EventType=application | SourceNode=ns=1;s=SensorSource3
[Anomaly Input] [2026-08-16 19:21:18.409 (UTC)] info/application	[Sensor] Updated distance: 23.947207950031 cm | Severity=75 | SourceName=Sensor2 | EventType=application | SourceNode=ns=1;s=SensorSource2
[Anomaly Input] [2026-08-16 19:21:18.493 (UTC)] info/application	[Sensor] Updated distance: 14.0920361571908 cm | Severity=75 | SourceName=Sensor | EventType=application | SourceNode=ns=1;s=SensorSource
[Anomaly Input] [2026-08-16 19:21:18.493 (UTC)] info/application	[Motor] Received distance: 14.0920361571908 cm | Severity=75 | SourceName=Motor | EventType=application | SourceNode=ns=1;s=MotorSource
[Anomaly Input] [2026-08-16 19:21:18.501 (UTC)] info/application	[Motor] Received distance: 31.9712454369158 cm | Severity=75 | SourceName=Motor3 | EventType=application | SourceNode=ns=1;s=MotorSource3
[Anomaly Input] [2026-08-16 19:21:18.501 (UTC)] info/application	[Motor] Received distance: 23.947207950031 cm | Severity=75 | SourceName=Motor2 | EventType=application | SourceNode=ns=1;s=MotorSource2
[Anomaly Input] [2026-08-16 19:21:18.493 (UTC)] warn/application	[Motor] Distance too close (14.0920361571908); rotating motor to 0 degrees | Severity=175 | SourceName=Motor | EventType=application | SourceNode=ns=1;s=MotorSource
[Anomaly Input] [2026-08-16 19:21:18.501 (UTC)] info/application	[Motor] Distance safe (31.9712454369158); rotating motor to 90 degrees | Severity=75 | SourceName=Motor3 | EventType=application | SourceNode=ns=1;s=MotorSource3
[Anomaly Input] [2026-08-16 19:21:18.501 (UTC)] info/application	[Motor] Distance safe (23.947207950031); rotating motor to 90 degrees | Severity=75 | SourceName=Motor2 | EventType=application | SourceNode=ns=1;s=MotorSource2
[Anomaly Input] [2026-08-16 19:21:19.398 (UTC)] info/application	[Sensor] Updated distance: 30.7996813567819 cm | Severity=75 | SourceName=Sensor3 | EventType=application | SourceNode=ns=1;s=SensorSource3
[Anomaly Input] [2026-08-16 19:21:19.408 (UTC)] info/application	[Sensor] Updated distance: 25.3409501429838 cm | Severity=75 | SourceName=Sensor2 | EventType=application | SourceNode=ns=1;s=SensorSource2
[Anomaly Input] [2026-08-16 19:21:19.493 (UTC)] info/application	[Sensor] Updated distance: 12.953729140085 cm | Severity=75 | SourceName=Sensor | EventType=application | SourceNode=ns=1;s=SensorSource
[Anomaly Input] [2026-08-16 19:21:19.493 (UTC)] info/application	[Motor] Received distance: 12.953729140085 cm | Severity=75 | SourceName=Motor | EventType=application | SourceNode=ns=1;s=MotorSource
[Anomaly Input] [2026-08-16 19:21:19.499 (UTC)] info/application	[Motor] Received distance: 25.3409501429838 cm | Severity=75 | SourceName=Motor2 | EventType=application | SourceNode=ns=1;s=MotorSource2
[Anomaly Input] [2026-08-16 19:21:19.501 (UTC)] info/application	[Motor] Received distance: 30.7996813567819 cm | Severity=75 | SourceName=Motor3 | EventType=application | SourceNode=ns=1;s=MotorSource3
[Anomaly Input] [2026-08-16 19:21:19.493 (UTC)] warn/application	[Motor] Distance too close (12.953729140085); rotating motor to 0 degrees | Severity=175 | SourceName=Motor | EventType=application | SourceNode=ns=1;s=MotorSource
[Anomaly Input] [2026-08-16 19:21:19.499 (UTC)] info/application	[Motor] Distance safe (25.3409501429838); rotating motor to 90 degrees | Severity=75 | SourceName=Motor2 | EventType=application | SourceNode=ns=1;s=MotorSource2
[Anomaly Input] [2026-08-16 19:21:19.501 (UTC)] info/application	[Motor] Distance safe (30.7996813567819); rotating motor to 90 degrees | Severity=75 | SourceName=Motor3 | EventType=application | SourceNode=ns=1;s=MotorSource3
[Anomaly Input] [2026-08-16 19:21:20.399 (UTC)] info/application	[Sensor] Updated distance: 31.0235305116621 cm | Severity=75 | SourceName=Sensor3 | EventType=application | SourceNode=ns=1;s=SensorSource3
[Anomaly Input] [2026-08-16 19:21:20.408 (UTC)] info/application	[Sensor] Updated distance: 25.3485058706014 cm | Severity=75 | SourceName=Sensor2 | EventType=application | SourceNode=ns=1;s=SensorSource2
[Anomaly Input] [2026-08-16 19:21:20.493 (UTC)] info/application	[Sensor] Updated distance: 13.9668074420033 cm | Severity=75 | SourceName=Sensor | EventType=application | SourceNode=ns=1;s=SensorSource
[Anomaly Input] [2026-08-16 19:21:20.493 (UTC)] info/application	[Motor] Received distance: 13.9668074420033 cm | Severity=75 | SourceName=Motor | EventType=application | SourceNode=ns=1;s=MotorSource
[Anomaly Input] [2026-08-16 19:21:20.500 (UTC)] info/application	[Motor] Received distance: 25.3485058706014 cm | Severity=75 | SourceName=Motor2 | EventType=application | SourceNode=ns=1;s=MotorSource2
[Anomaly Input] [2026-08-16 19:21:20.501 (UTC)] info/application	[Motor] Received distance: 31.0235305116621 cm | Severity=75 | SourceName=Motor3 | EventType=application | SourceNode=ns=1;s=MotorSource3
[Anomaly Input] [2026-08-16 19:21:20.493 (UTC)] warn/application	[Motor] Distance too close (13.9668074420033); rotating motor to 0 degrees | Severity=175 | SourceName=Motor | EventType=application | SourceNode=ns=1;s=MotorSource
[Anomaly Input] [2026-08-16 19:21:20.500 (UTC)] info/application	[Motor] Distance safe (25.3485058706014); rotating motor to 90 degrees | Severity=75 | SourceName=Motor2 | EventType=application | SourceNode=ns=1;s=MotorSource2
[Anomaly Input] [2026-08-16 19:21:20.501 (UTC)] info/application	[Motor] Distance safe (31.0235305116621); rotating motor to 90 degrees | Severity=75 | SourceName=Motor3 | EventType=application | SourceNode=ns=1;s=MotorSource3
[Anomaly Input] [2026-08-16 19:21:21.399 (UTC)] info/application	[Sensor] Updated distance: 31.0529133298215 cm | Severity=75 | SourceName=Sensor3 | EventType=application | SourceNode=ns=1;s=SensorSource3
[Anomaly Input] [2026-08-16 19:21:21.408 (UTC)] info/application	[Sensor] Updated distance: 26.1158479049876 cm | Severity=75 | SourceName=Sensor2 | EventType=application | SourceNode=ns=1;s=SensorSource2
[Anomaly Input] [2026-08-16 19:21:21.493 (UTC)] info/application	[Sensor] Updated distance: 13.5071077591307 cm | Severity=75 | SourceName=Sensor | EventType=application | SourceNode=ns=1;s=SensorSource
[Anomaly Input] [2026-08-16 19:21:21.493 (UTC)] info/application	[Motor] Received distance: 13.5071077591307 cm | Severity=75 | SourceName=Motor | EventType=application | SourceNode=ns=1;s=MotorSource
[Anomaly Input] [2026-08-16 19:21:21.499 (UTC)] info/application	[Motor] Received distance: 26.1158479049876 cm | Severity=75 | SourceName=Motor2 | EventType=application | SourceNode=ns=1;s=MotorSource2
[Anomaly Input] [2026-08-16 19:21:21.509 (UTC)] info/application	[Motor] Received distance: 31.0529133298215 cm | Severity=75 | SourceName=Motor3 | EventType=application | SourceNode=ns=1;s=MotorSource3
[Anomaly Input] [2026-08-16 19:21:21.493 (UTC)] warn/application	[Motor] Distance too close (13.5071077591307); rotating motor to 0 degrees | Severity=175 | SourceName=Motor | EventType=application | SourceNode=ns=1;s=MotorSource
[Anomaly Input] [2026-08-16 19:21:21.499 (UTC)] info/application	[Motor] Distance safe (26.1158479049876); rotating motor to 90 degrees | Severity=75 | SourceName=Motor2 | EventType=application | SourceNode=ns=1;s=MotorSource2
[Anomaly Input] [2026-08-16 19:21:21.509 (UTC)] info/application	[Motor] Distance safe (31.0529133298215); rotating motor to 90 degrees | Severity=75 | SourceName=Motor3 | EventType=application | SourceNode=ns=1;s=MotorSource3
[Anomaly Input] [2026-08-16 19:21:22.399 (UTC)] info/application	[Sensor] Updated distance: 30.0736670084641 cm | Severity=75 | SourceName=Sensor3 | EventType=application | SourceNode=ns=1;s=SensorSource3
[Anomaly Input] [2026-08-16 19:21:22.408 (UTC)] info/application	[Sensor] Updated distance: 25.6167481837872 cm | Severity=75 | SourceName=Sensor2 | EventType=application | SourceNode=ns=1;s=SensorSource2
[Anomaly Input] [2026-08-16 19:21:22.493 (UTC)] info/application	[Sensor] Updated distance: 14.092679684792 cm | Severity=75 | SourceName=Sensor | EventType=application | SourceNode=ns=1;s=SensorSource
[Anomaly Input] [2026-08-16 19:21:22.493 (UTC)] info/application	[Motor] Received distance: 14.092679684792 cm | Severity=75 | SourceName=Motor | EventType=application | SourceNode=ns=1;s=MotorSource
[Anomaly Input] [2026-08-16 19:21:22.499 (UTC)] info/application	[Motor] Received distance: 25.6167481837872 cm | Severity=75 | SourceName=Motor2 | EventType=application | SourceNode=ns=1;s=MotorSource2
[Anomaly Input] [2026-08-16 19:21:22.500 (UTC)] info/application	[Motor] Received distance: 30.0736670084641 cm | Severity=75 | SourceName=Motor3 | EventType=application | SourceNode=ns=1;s=MotorSource3
[Anomaly Input] [2026-08-16 19:21:22.493 (UTC)] warn/application	[Motor] Distance too close (14.092679684792); rotating motor to 0 degrees | Severity=175 | SourceName=Motor | EventType=application | SourceNode=ns=1;s=MotorSource
[Anomaly Input] [2026-08-16 19:21:22.499 (UTC)] info/application	[Motor] Distance safe (25.6167481837872); rotating motor to 90 degrees | Severity=75 | SourceName=Motor2 | EventType=application | SourceNode=ns=1;s=MotorSource2
[Anomaly Input] [2026-08-16 19:21:22.500 (UTC)] info/application	[Motor] Distance safe (30.0736670084641); rotating motor to 90 degrees | Severity=75 | SourceName=Motor3 | EventType=application | SourceNode=ns=1;s=MotorSource3
[Anomaly Input] [2026-08-16 19:21:23.398 (UTC)] info/application	[Sensor] Updated distance: 31.3149839764531 cm | Severity=75 | SourceName=Sensor3 | EventType=application | SourceNode=ns=1;s=SensorSource3
[Anomaly Input] [2026-08-16 19:21:23.407 (UTC)] info/application	[Sensor] Updated distance: 24.5687833880395 cm | Severity=75 | SourceName=Sensor2 | EventType=application | SourceNode=ns=1;s=SensorSource2
[Anomaly Input] [2026-08-16 19:21:23.493 (UTC)] info/application	[Sensor] Updated distance: 15.5372633675753 cm | Severity=75 | SourceName=Sensor | EventType=application | SourceNode=ns=1;s=SensorSource
[Anomaly Input] [2026-08-16 19:21:23.493 (UTC)] info/application	[Motor] Received distance: 15.5372633675753 cm | Severity=75 | SourceName=Motor | EventType=application | SourceNode=ns=1;s=MotorSource
[Anomaly Input] [2026-08-16 19:21:23.500 (UTC)] info/application	[Motor] Received distance: 31.3149839764531 cm | Severity=75 | SourceName=Motor3 | EventType=application | SourceNode=ns=1;s=MotorSource3
[Anomaly Input] [2026-08-16 19:21:23.500 (UTC)] info/application	[Motor] Received distance: 24.5687833880395 cm | Severity=75 | SourceName=Motor2 | EventType=application | SourceNode=ns=1;s=MotorSource2
[Anomaly Input] [2026-08-16 19:21:23.493 (UTC)] warn/application	[Motor] Distance too close (15.5372633675753); rotating motor to 0 degrees | Severity=175 | SourceName=Motor | EventType=application | SourceNode=ns=1;s=MotorSource
[Anomaly Input] [2026-08-16 19:21:23.500 (UTC)] info/application	[Motor] Distance safe (31.3149839764531); rotating motor to 90 degrees | Severity=75 | SourceName=Motor3 | EventType=application | SourceNode=ns=1;s=MotorSource3
[Anomaly Input] [2026-08-16 19:21:23.500 (UTC)] info/application	[Motor] Distance safe (24.5687833880395); rotating motor to 90 degrees | Severity=75 | SourceName=Motor2 | EventType=application | SourceNode=ns=1;s=MotorSource2
[Anomaly Input] [2026-08-16 19:21:24.399 (UTC)] info/application	[Sensor] Updated distance: 30.5507684673885 cm | Severity=75 | SourceName=Sensor3 | EventType=application | SourceNode=ns=1;s=SensorSource3
[Anomaly Input] [2026-08-16 19:21:24.407 (UTC)] info/application	[Sensor] Updated distance: 25.9217210304559 cm | Severity=75 | SourceName=Sensor2 | EventType=application | SourceNode=ns=1;s=SensorSource2
[Anomaly Input] [2026-08-16 19:21:24.493 (UTC)] info/application	[Sensor] Updated distance: 16.2108470074417 cm | Severity=75 | SourceName=Sensor | EventType=application | SourceNode=ns=1;s=SensorSource
[Anomaly Input] [2026-08-16 19:21:24.493 (UTC)] info/application	[Motor] Received distance: 16.2108470074417 cm | Severity=75 | SourceName=Motor | EventType=application | SourceNode=ns=1;s=MotorSource
[Anomaly Input] [2026-08-16 19:21:24.500 (UTC)] info/application	[Motor] Received distance: 30.5507684673885 cm | Severity=75 | SourceName=Motor3 | EventType=application | SourceNode=ns=1;s=MotorSource3
[Anomaly Input] [2026-08-16 19:21:24.500 (UTC)] info/application	[Motor] Received distance: 25.9217210304559 cm | Severity=75 | SourceName=Motor2 | EventType=application | SourceNode=ns=1;s=MotorSource2
[Anomaly Input] [2026-08-16 19:21:24.493 (UTC)] warn/application	[Motor] Distance too close (16.2108470074417); rotating motor to 0 degrees | Severity=175 | SourceName=Motor | EventType=application | SourceNode=ns=1;s=MotorSource
[Anomaly Input] [2026-08-16 19:21:24.500 (UTC)] info/application	[Motor] Distance safe (30.5507684673885); rotating motor to 90 degrees | Severity=75 | SourceName=Motor3 | EventType=application | SourceNode=ns=1;s=MotorSource3
[Anomaly Input] [2026-08-16 19:21:24.500 (UTC)] info/application	[Motor] Distance safe (25.9217210304559); rotating motor to 90 degrees | Severity=75 | SourceName=Motor2 | EventType=application | SourceNode=ns=1;s=MotorSource2
[Anomaly Input] [2026-08-16 19:21:25.398 (UTC)] info/application	[Sensor] Updated distance: 29.1268911434463 cm | Severity=75 | SourceName=Sensor3 | EventType=application | SourceNode=ns=1;s=SensorSource3
[Anomaly Input] [2026-08-16 19:21:25.407 (UTC)] info/application	[Sensor] Updated distance: 25.7538260120218 cm | Severity=75 | SourceName=Sensor2 | EventType=application | SourceNode=ns=1;s=SensorSource2
[Anomaly Input] [2026-08-16 19:21:25.492 (UTC)] info/application	[Sensor] Updated distance: 15.5561117322911 cm | Severity=75 | SourceName=Sensor | EventType=application | SourceNode=ns=1;s=SensorSource
[Anomaly Input] [2026-08-16 19:21:25.493 (UTC)] info/application	[Motor] Received distance: 15.5561117322911 cm | Severity=75 | SourceName=Motor | EventType=application | SourceNode=ns=1;s=MotorSource
[Anomaly Input] [2026-08-16 19:21:25.501 (UTC)] info/application	[Motor] Received distance: 25.7538260120218 cm | Severity=75 | SourceName=Motor2 | EventType=application | SourceNode=ns=1;s=MotorSource2
[Anomaly Input] [2026-08-16 19:21:25.501 (UTC)] info/application	[Motor] Received distance: 29.1268911434463 cm | Severity=75 | SourceName=Motor3 | EventType=application | SourceNode=ns=1;s=MotorSource3
[Anomaly Input] [2026-08-16 19:21:25.493 (UTC)] warn/application	[Motor] Distance too close (15.5561117322911); rotating motor to 0 degrees | Severity=175 | SourceName=Motor | EventType=application | SourceNode=ns=1;s=MotorSource
[Anomaly Input] [2026-08-16 19:21:25.501 (UTC)] info/application	[Motor] Distance safe (25.7538260120218); rotating motor to 90 degrees | Severity=75 | SourceName=Motor2 | EventType=application | SourceNode=ns=1;s=MotorSource2
[Anomaly Input] [2026-08-16 19:21:25.501 (UTC)] info/application	[Motor] Distance safe (29.1268911434463); rotating motor to 90 degrees | Severity=75 | SourceName=Motor3 | EventType=application | SourceNode=ns=1;s=MotorSource3
[Anomaly Input] [2026-08-16 19:21:26.398 (UTC)] info/application	[Sensor] Updated distance: 29.447796688158 cm | Severity=75 | SourceName=Sensor3 | EventType=application | SourceNode=ns=1;s=SensorSource3
[Anomaly Input] [2026-08-16 19:21:26.407 (UTC)] info/application	[Sensor] Updated distance: 24.9535186872601 cm | Severity=75 | SourceName=Sensor2 | EventType=application | SourceNode=ns=1;s=SensorSource2
[Anomaly Input] [2026-08-16 19:21:26.492 (UTC)] info/application	[Sensor] Updated distance: 16.1729000516575 cm | Severity=75 | SourceName=Sensor | EventType=application | SourceNode=ns=1;s=SensorSource
[Anomaly Input] [2026-08-16 19:21:26.492 (UTC)] info/application	[Motor] Received distance: 16.1729000516575 cm | Severity=75 | SourceName=Motor | EventType=application | SourceNode=ns=1;s=MotorSource
[Anomaly Input] [2026-08-16 19:21:26.498 (UTC)] info/application	[Motor] Received distance: 24.9535186872601 cm | Severity=75 | SourceName=Motor2 | EventType=application | SourceNode=ns=1;s=MotorSource2
[Anomaly Input] [2026-08-16 19:21:26.509 (UTC)] info/application	[Motor] Received distance: 29.447796688158 cm | Severity=75 | SourceName=Motor3 | EventType=application | SourceNode=ns=1;s=MotorSource3
[Anomaly Input] [2026-08-16 19:21:26.492 (UTC)] warn/application	[Motor] Distance too close (16.1729000516575); rotating motor to 0 degrees | Severity=175 | SourceName=Motor | EventType=application | SourceNode=ns=1;s=MotorSource
[Anomaly Input] [2026-08-16 19:21:26.498 (UTC)] info/application	[Motor] Distance safe (24.9535186872601); rotating motor to 90 degrees | Severity=75 | SourceName=Motor2 | EventType=application | SourceNode=ns=1;s=MotorSource2
[Anomaly Input] [2026-08-16 19:21:26.509 (UTC)] info/application	[Motor] Distance safe (29.447796688158); rotating motor to 90 degrees | Severity=75 | SourceName=Motor3 | EventType=application | SourceNode=ns=1;s=MotorSource3
[Anomaly Input] [2026-08-16 19:21:27.398 (UTC)] info/application	[Sensor] Updated distance: 29.7210081867971 cm | Severity=75 | SourceName=Sensor3 | EventType=application | SourceNode=ns=1;s=SensorSource3
[Anomaly Input] [2026-08-16 19:21:27.407 (UTC)] info/application	[Sensor] Updated distance: 23.8771741405955 cm | Severity=75 | SourceName=Sensor2 | EventType=application | SourceNode=ns=1;s=SensorSource2
[Anomaly Input] [2026-08-16 19:21:27.491 (UTC)] info/application	[Sensor] Updated distance: 16.1293970822028 cm | Severity=75 | SourceName=Sensor | EventType=application | SourceNode=ns=1;s=SensorSource
[Anomaly Input] [2026-08-16 19:21:27.492 (UTC)] info/application	[Motor] Received distance: 16.1293970822028 cm | Severity=75 | SourceName=Motor | EventType=application | SourceNode=ns=1;s=MotorSource
[Anomaly Input] [2026-08-16 19:21:27.500 (UTC)] info/application	[Motor] Received distance: 29.7210081867971 cm | Severity=75 | SourceName=Motor3 | EventType=application | SourceNode=ns=1;s=MotorSource3
[Anomaly Input] [2026-08-16 19:21:27.500 (UTC)] info/application	[Motor] Received distance: 23.8771741405955 cm | Severity=75 | SourceName=Motor2 | EventType=application | SourceNode=ns=1;s=MotorSource2
[Anomaly Input] [2026-08-16 19:21:27.492 (UTC)] warn/application	[Motor] Distance too close (16.1293970822028); rotating motor to 0 degrees | Severity=175 | SourceName=Motor | EventType=application | SourceNode=ns=1;s=MotorSource
[Anomaly Input] [2026-08-16 19:21:27.500 (UTC)] info/application	[Motor] Distance safe (29.7210081867971); rotating motor to 90 degrees | Severity=75 | SourceName=Motor3 | EventType=application | SourceNode=ns=1;s=MotorSource3
[Anomaly Input] [2026-08-16 19:21:27.500 (UTC)] info/application	[Motor] Distance safe (23.8771741405955); rotating motor to 90 degrees | Severity=75 | SourceName=Motor2 | EventType=application | SourceNode=ns=1;s=MotorSource2
[Anomaly Input] [2026-08-16 19:21:28.398 (UTC)] info/application	[Sensor] Updated distance: 28.6602250736487 cm | Severity=75 | SourceName=Sensor3 | EventType=application | SourceNode=ns=1;s=SensorSource3
[Anomaly Input] [2026-08-16 19:21:28.407 (UTC)] info/application	[Sensor] Updated distance: 24.5755412534697 cm | Severity=75 | SourceName=Sensor2 | EventType=application | SourceNode=ns=1;s=SensorSource2
[Anomaly Input] [2026-08-16 19:21:28.491 (UTC)] info/application	[Sensor] Updated distance: 15.9503548478011 cm | Severity=75 | SourceName=Sensor | EventType=application | SourceNode=ns=1;s=SensorSource
[Anomaly Input] [2026-08-16 19:21:28.492 (UTC)] info/application	[Motor] Received distance: 15.9503548478011 cm | Severity=75 | SourceName=Motor | EventType=application | SourceNode=ns=1;s=MotorSource
[Anomaly Input] [2026-08-16 19:21:28.500 (UTC)] info/application	[Motor] Received distance: 28.6602250736487 cm | Severity=75 | SourceName=Motor3 | EventType=application | SourceNode=ns=1;s=MotorSource3
[Anomaly Input] [2026-08-16 19:21:28.500 (UTC)] info/application	[Motor] Received distance: 24.5755412534697 cm | Severity=75 | SourceName=Motor2 | EventType=application | SourceNode=ns=1;s=MotorSource2
[Anomaly Input] [2026-08-16 19:21:28.492 (UTC)] warn/application	[Motor] Distance too close (15.9503548478011); rotating motor to 0 degrees | Severity=175 | SourceName=Motor | EventType=application | SourceNode=ns=1;s=MotorSource
[Anomaly Input] [2026-08-16 19:21:28.500 (UTC)] info/application	[Motor] Distance safe (28.6602250736487); rotating motor to 90 degrees | Severity=75 | SourceName=Motor3 | EventType=application | SourceNode=ns=1;s=MotorSource3
[Anomaly Input] [2026-08-16 19:21:28.500 (UTC)] info/application	[Motor] Distance safe (24.5755412534697); rotating motor to 90 degrees | Severity=75 | SourceName=Motor2 | EventType=application | SourceNode=ns=1;s=MotorSource2
[Anomaly Input] [2026-08-16 19:21:29.399 (UTC)] info/application	[Sensor] Updated distance: 27.3321961522252 cm | Severity=75 | SourceName=Sensor3 | EventType=application | SourceNode=ns=1;s=SensorSource3
[Anomaly Input] [2026-08-16 19:21:29.407 (UTC)] info/application	[Sensor] Updated distance: 24.8988203422161 cm | Severity=75 | SourceName=Sensor2 | EventType=application | SourceNode=ns=1;s=SensorSource2
[Anomaly Input] [2026-08-16 19:21:29.491 (UTC)] info/application	[Sensor] Updated distance: 15.2646975290332 cm | Severity=75 | SourceName=Sensor | EventType=application | SourceNode=ns=1;s=SensorSource
[Anomaly Input] [2026-08-16 19:21:29.492 (UTC)] info/application	[Motor] Received distance: 15.2646975290332 cm | Severity=75 | SourceName=Motor | EventType=application | SourceNode=ns=1;s=MotorSource
[Anomaly Input] [2026-08-16 19:21:29.500 (UTC)] info/application	[Motor] Received distance: 24.8988203422161 cm | Severity=75 | SourceName=Motor2 | EventType=application | SourceNode=ns=1;s=MotorSource2
[Anomaly Input] [2026-08-16 19:21:29.501 (UTC)] info/application	[Motor] Received distance: 27.3321961522252 cm | Severity=75 | SourceName=Motor3 | EventType=application | SourceNode=ns=1;s=MotorSource3
[Anomaly Input] [2026-08-16 19:21:29.492 (UTC)] warn/application	[Motor] Distance too close (15.2646975290332); rotating motor to 0 degrees | Severity=175 | SourceName=Motor | EventType=application | SourceNode=ns=1;s=MotorSource
[Anomaly Input] [2026-08-16 19:21:29.500 (UTC)] info/application	[Motor] Distance safe (24.8988203422161); rotating motor to 90 degrees | Severity=75 | SourceName=Motor2 | EventType=application | SourceNode=ns=1;s=MotorSource2
[Anomaly Input] [2026-08-16 19:21:29.501 (UTC)] info/application	[Motor] Distance safe (27.3321961522252); rotating motor to 90 degrees | Severity=75 | SourceName=Motor3 | EventType=application | SourceNode=ns=1;s=MotorSource3
[Anomaly Input] [2026-08-16 19:21:30.399 (UTC)] info/application	[Sensor] Updated distance: 27.572068207698 cm | Severity=75 | SourceName=Sensor3 | EventType=application | SourceNode=ns=1;s=SensorSource3
[Anomaly Input] [2026-08-16 19:21:30.407 (UTC)] info/application	[Sensor] Updated distance: 23.4417839145483 cm | Severity=75 | SourceName=Sensor2 | EventType=application | SourceNode=ns=1;s=SensorSource2
[Anomaly Input] [2026-08-16 19:21:30.490 (UTC)] info/application	[Sensor] Updated distance: 16.2498307138448 cm | Severity=75 | SourceName=Sensor | EventType=application | SourceNode=ns=1;s=SensorSource
[Anomaly Input] [2026-08-16 19:21:30.491 (UTC)] info/application	[Motor] Received distance: 27.572068207698 cm | Severity=75 | SourceName=Motor3 | EventType=application | SourceNode=ns=1;s=MotorSource3
[Anomaly Input] [2026-08-16 19:21:30.493 (UTC)] info/application	[Motor] Received distance: 16.2498307138448 cm | Severity=75 | SourceName=Motor | EventType=application | SourceNode=ns=1;s=MotorSource
[Anomaly Input] [2026-08-16 19:21:30.500 (UTC)] info/application	[Motor] Received distance: 23.4417839145483 cm | Severity=75 | SourceName=Motor2 | EventType=application | SourceNode=ns=1;s=MotorSource2
[Anomaly Input] [2026-08-16 19:21:30.491 (UTC)] info/application	[Motor] Distance safe (27.572068207698); rotating motor to 90 degrees | Severity=75 | SourceName=Motor3 | EventType=application | SourceNode=ns=1;s=MotorSource3
[Anomaly Input] [2026-08-16 19:21:30.493 (UTC)] warn/application	[Motor] Distance too close (16.2498307138448); rotating motor to 0 degrees | Severity=175 | SourceName=Motor | EventType=application | SourceNode=ns=1;s=MotorSource
[Anomaly Input] [2026-08-16 19:21:30.500 (UTC)] info/application	[Motor] Distance safe (23.4417839145483); rotating motor to 90 degrees | Severity=75 | SourceName=Motor2 | EventType=application | SourceNode=ns=1;s=MotorSource2
[Anomaly Input] [2026-08-16 19:21:31.399 (UTC)] info/application	[Sensor] Updated distance: 26.5567622781064 cm | Severity=75 | SourceName=Sensor3 | EventType=application | SourceNode=ns=1;s=SensorSource3
[Anomaly Input] [2026-08-16 19:21:31.407 (UTC)] info/application	[Sensor] Updated distance: 22.4728569146119 cm | Severity=75 | SourceName=Sensor2 | EventType=application | SourceNode=ns=1;s=SensorSource2
[Anomaly Input] [2026-08-16 19:21:31.499 (UTC)] info/application	[Motor] Received distance: 26.5567622781064 cm | Severity=75 | SourceName=Motor3 | EventType=application | SourceNode=ns=1;s=MotorSource3
[Anomaly Input] [2026-08-16 19:21:31.499 (UTC)] info/application	[Sensor] Updated distance: 15.8405153117331 cm | Severity=75 | SourceName=Sensor | EventType=application | SourceNode=ns=1;s=SensorSource
[Anomaly Input] [2026-08-16 19:21:31.499 (UTC)] info/application	[Motor] Received distance: 15.8405153117331 cm | Severity=75 | SourceName=Motor | EventType=application | SourceNode=ns=1;s=MotorSource
[Anomaly Input] [2026-08-16 19:21:31.500 (UTC)] info/application	[Motor] Received distance: 22.4728569146119 cm | Severity=75 | SourceName=Motor2 | EventType=application | SourceNode=ns=1;s=MotorSource2
[Anomaly Input] [2026-08-16 19:21:31.499 (UTC)] info/application	[Motor] Distance safe (26.5567622781064); rotating motor to 90 degrees | Severity=75 | SourceName=Motor3 | EventType=application | SourceNode=ns=1;s=MotorSource3
[Anomaly Input] [2026-08-16 19:21:31.499 (UTC)] warn/application	[Motor] Distance too close (15.8405153117331); rotating motor to 0 degrees | Severity=175 | SourceName=Motor | EventType=application | SourceNode=ns=1;s=MotorSource
[Anomaly Input] [2026-08-16 19:21:31.500 (UTC)] info/application	[Motor] Distance safe (22.4728569146119); rotating motor to 90 degrees | Severity=75 | SourceName=Motor2 | EventType=application | SourceNode=ns=1;s=MotorSource2
[Anomaly Input] [2026-08-16 19:21:32.399 (UTC)] info/application	[Sensor] Updated distance: 27.9225778877375 cm | Severity=75 | SourceName=Sensor3 | EventType=application | SourceNode=ns=1;s=SensorSource3
[Anomaly Input] [2026-08-16 19:21:32.408 (UTC)] info/application	[Sensor] Updated distance: 22.4158423870876 cm | Severity=75 | SourceName=Sensor2 | EventType=application | SourceNode=ns=1;s=SensorSource2
[Anomaly Input] [2026-08-16 19:21:32.498 (UTC)] info/application	[Sensor] Updated distance: 16.8903454567261 cm | Severity=75 | SourceName=Sensor | EventType=application | SourceNode=ns=1;s=SensorSource
[Anomaly Input] [2026-08-16 19:21:32.500 (UTC)] info/application	[Motor] Received distance: 27.9225778877375 cm | Severity=75 | SourceName=Motor3 | EventType=application | SourceNode=ns=1;s=MotorSource3
[Anomaly Input] [2026-08-16 19:21:32.500 (UTC)] info/application	[Motor] Received distance: 22.4158423870876 cm | Severity=75 | SourceName=Motor2 | EventType=application | SourceNode=ns=1;s=MotorSource2
[Anomaly Input] [2026-08-16 19:21:32.508 (UTC)] info/application	[Motor] Received distance: 16.8903454567261 cm | Severity=75 | SourceName=Motor | EventType=application | SourceNode=ns=1;s=MotorSource
[Anomaly Input] [2026-08-16 19:21:32.500 (UTC)] info/application	[Motor] Distance safe (27.9225778877375); rotating motor to 90 degrees | Severity=75 | SourceName=Motor3 | EventType=application | SourceNode=ns=1;s=MotorSource3
[Anomaly Input] [2026-08-16 19:21:32.500 (UTC)] info/application	[Motor] Distance safe (22.4158423870876); rotating motor to 90 degrees | Severity=75 | SourceName=Motor2 | EventType=application | SourceNode=ns=1;s=MotorSource2
[Anomaly Input] [2026-08-16 19:21:32.508 (UTC)] warn/application	[Motor] Distance too close (16.8903454567261); rotating motor to 0 degrees | Severity=175 | SourceName=Motor | EventType=application | SourceNode=ns=1;s=MotorSource
[Anomaly Input] [2026-08-16 19:21:33.398 (UTC)] info/application	[Sensor] Updated distance: 26.4940420766333 cm | Severity=75 | SourceName=Sensor3 | EventType=application | SourceNode=ns=1;s=SensorSource3
[Anomaly Input] [2026-08-16 19:21:33.407 (UTC)] info/application	[Sensor] Updated distance: 23.1605030753 cm | Severity=75 | SourceName=Sensor2 | EventType=application | SourceNode=ns=1;s=SensorSource2
[Anomaly Input] [2026-08-16 19:21:33.498 (UTC)] info/application	[Sensor] Updated distance: 17.9121166178547 cm | Severity=75 | SourceName=Sensor | EventType=application | SourceNode=ns=1;s=SensorSource
[Anomaly Input] [2026-08-16 19:21:33.498 (UTC)] info/application	[Motor] Received distance: 17.9121166178547 cm | Severity=75 | SourceName=Motor | EventType=application | SourceNode=ns=1;s=MotorSource
[Anomaly Input] [2026-08-16 19:21:33.500 (UTC)] info/application	[Motor] Received distance: 23.1605030753 cm | Severity=75 | SourceName=Motor2 | EventType=application | SourceNode=ns=1;s=MotorSource2
[Anomaly Input] [2026-08-16 19:21:33.501 (UTC)] info/application	[Motor] Received distance: 26.4940420766333 cm | Severity=75 | SourceName=Motor3 | EventType=application | SourceNode=ns=1;s=MotorSource3
[Anomaly Input] [2026-08-16 19:21:33.498 (UTC)] warn/application	[Motor] Distance too close (17.9121166178547); rotating motor to 0 degrees | Severity=175 | SourceName=Motor | EventType=application | SourceNode=ns=1;s=MotorSource
[Anomaly Input] [2026-08-16 19:21:33.500 (UTC)] info/application	[Motor] Distance safe (23.1605030753); rotating motor to 90 degrees | Severity=75 | SourceName=Motor2 | EventType=application | SourceNode=ns=1;s=MotorSource2
[Anomaly Input] [2026-08-16 19:21:33.501 (UTC)] info/application	[Motor] Distance safe (26.4940420766333); rotating motor to 90 degrees | Severity=75 | SourceName=Motor3 | EventType=application | SourceNode=ns=1;s=MotorSource3
[Anomaly Input] [2026-08-16 19:21:34.398 (UTC)] info/application	[Sensor] Updated distance: 25.0427410919418 cm | Severity=75 | SourceName=Sensor3 | EventType=application | SourceNode=ns=1;s=SensorSource3
[Anomaly Input] [2026-08-16 19:21:34.407 (UTC)] info/application	[Sensor] Updated distance: 23.1786065800947 cm | Severity=75 | SourceName=Sensor2 | EventType=application | SourceNode=ns=1;s=SensorSource2
[Anomaly Input] [2026-08-16 19:21:34.498 (UTC)] info/application	[Sensor] Updated distance: 19.1699161611823 cm | Severity=75 | SourceName=Sensor | EventType=application | SourceNode=ns=1;s=SensorSource
[Anomaly Input] [2026-08-16 19:21:34.498 (UTC)] info/application	[Motor] Received distance: 23.1786065800947 cm | Severity=75 | SourceName=Motor2 | EventType=application | SourceNode=ns=1;s=MotorSource2
[Anomaly Input] [2026-08-16 19:21:34.501 (UTC)] info/application	[Motor] Received distance: 25.0427410919418 cm | Severity=75 | SourceName=Motor3 | EventType=application | SourceNode=ns=1;s=MotorSource3
[Anomaly Input] [2026-08-16 19:21:34.506 (UTC)] info/application	[Motor] Received distance: 19.1699161611823 cm | Severity=75 | SourceName=Motor | EventType=application | SourceNode=ns=1;s=MotorSource
[Anomaly Input] [2026-08-16 19:21:34.498 (UTC)] info/application	[Motor] Distance safe (23.1786065800947); rotating motor to 90 degrees | Severity=75 | SourceName=Motor2 | EventType=application | SourceNode=ns=1;s=MotorSource2
[Anomaly Input] [2026-08-16 19:21:34.501 (UTC)] info/application	[Motor] Distance safe (25.0427410919418); rotating motor to 90 degrees | Severity=75 | SourceName=Motor3 | EventType=application | SourceNode=ns=1;s=MotorSource3
[Anomaly Input] [2026-08-16 19:21:34.506 (UTC)] warn/application	[Motor] Distance too close (19.1699161611823); rotating motor to 0 degrees | Severity=175 | SourceName=Motor | EventType=application | SourceNode=ns=1;s=MotorSource
[Anomaly Input] [2026-08-16 19:21:35.398 (UTC)] info/application	[Sensor] Updated distance: 26.3729437020947 cm | Severity=75 | SourceName=Sensor3 | EventType=application | SourceNode=ns=1;s=SensorSource3
[Anomaly Input] [2026-08-16 19:21:35.407 (UTC)] info/application	[Sensor] Updated distance: 24.3799219740927 cm | Severity=75 | SourceName=Sensor2 | EventType=application | SourceNode=ns=1;s=SensorSource2
[Anomaly Input] [2026-08-16 19:21:35.498 (UTC)] info/application	[Sensor] Updated distance: 18.4580600710856 cm | Severity=75 | SourceName=Sensor | EventType=application | SourceNode=ns=1;s=SensorSource
[Anomaly Input] [2026-08-16 19:21:35.498 (UTC)] info/application	[Motor] Received distance: 18.4580600710856 cm | Severity=75 | SourceName=Motor | EventType=application | SourceNode=ns=1;s=MotorSource
[Anomaly Input] [2026-08-16 19:21:35.500 (UTC)] info/application	[Motor] Received distance: 24.3799219740927 cm | Severity=75 | SourceName=Motor2 | EventType=application | SourceNode=ns=1;s=MotorSource2
[Anomaly Input] [2026-08-16 19:21:35.509 (UTC)] info/application	[Motor] Received distance: 26.3729437020947 cm | Severity=75 | SourceName=Motor3 | EventType=application | SourceNode=ns=1;s=MotorSource3
[Anomaly Input] [2026-08-16 19:21:35.498 (UTC)] warn/application	[Motor] Distance too close (18.4580600710856); rotating motor to 0 degrees | Severity=175 | SourceName=Motor | EventType=application | SourceNode=ns=1;s=MotorSource
[Anomaly Input] [2026-08-16 19:21:35.500 (UTC)] info/application	[Motor] Distance safe (24.3799219740927); rotating motor to 90 degrees | Severity=75 | SourceName=Motor2 | EventType=application | SourceNode=ns=1;s=MotorSource2
[Anomaly Input] [2026-08-16 19:21:35.509 (UTC)] info/application	[Motor] Distance safe (26.3729437020947); rotating motor to 90 degrees | Severity=75 | SourceName=Motor3 | EventType=application | SourceNode=ns=1;s=MotorSource3
[Anomaly Input] [2026-08-16 19:21:36.398 (UTC)] info/application	[Sensor] Updated distance: 27.2044242062626 cm | Severity=75 | SourceName=Sensor3 | EventType=application | SourceNode=ns=1;s=SensorSource3
[Anomaly Input] [2026-08-16 19:21:36.407 (UTC)] info/application	[Sensor] Updated distance: 23.9118327661007 cm | Severity=75 | SourceName=Sensor2 | EventType=application | SourceNode=ns=1;s=SensorSource2
[Anomaly Input] [2026-08-16 19:21:36.497 (UTC)] info/application	[Sensor] Updated distance: 19.393618757787 cm | Severity=75 | SourceName=Sensor | EventType=application | SourceNode=ns=1;s=SensorSource
[Anomaly Input] [2026-08-16 19:21:36.500 (UTC)] info/application	[Motor] Received distance: 27.2044242062626 cm | Severity=75 | SourceName=Motor3 | EventType=application | SourceNode=ns=1;s=MotorSource3
[Anomaly Input] [2026-08-16 19:21:36.500 (UTC)] info/application	[Motor] Received distance: 23.9118327661007 cm | Severity=75 | SourceName=Motor2 | EventType=application | SourceNode=ns=1;s=MotorSource2
[Anomaly Input] [2026-08-16 19:21:36.507 (UTC)] info/application	[Motor] Received distance: 19.393618757787 cm | Severity=75 | SourceName=Motor | EventType=application | SourceNode=ns=1;s=MotorSource
[Anomaly Input] [2026-08-16 19:21:36.500 (UTC)] info/application	[Motor] Distance safe (27.2044242062626); rotating motor to 90 degrees | Severity=75 | SourceName=Motor3 | EventType=application | SourceNode=ns=1;s=MotorSource3
[Anomaly Input] [2026-08-16 19:21:36.500 (UTC)] info/application	[Motor] Distance safe (23.9118327661007); rotating motor to 90 degrees | Severity=75 | SourceName=Motor2 | EventType=application | SourceNode=ns=1;s=MotorSource2
[Anomaly Input] [2026-08-16 19:21:36.507 (UTC)] warn/application	[Motor] Distance too close (19.393618757787); rotating motor to 0 degrees | Severity=175 | SourceName=Motor | EventType=application | SourceNode=ns=1;s=MotorSource
[Anomaly Input] [2026-08-16 19:21:37.398 (UTC)] info/application	[Sensor] Updated distance: 27.1109936747751 cm | Severity=75 | SourceName=Sensor3 | EventType=application | SourceNode=ns=1;s=SensorSource3
[Anomaly Input] [2026-08-16 19:21:37.407 (UTC)] info/application	[Sensor] Updated distance: 23.5593741238394 cm | Severity=75 | SourceName=Sensor2 | EventType=application | SourceNode=ns=1;s=SensorSource2
[Anomaly Input] [2026-08-16 19:21:37.496 (UTC)] info/application	[Sensor] Updated distance: 18.0394040416178 cm | Severity=75 | SourceName=Sensor | EventType=application | SourceNode=ns=1;s=SensorSource
[Anomaly Input] [2026-08-16 19:21:37.496 (UTC)] info/application	[Motor] Received distance: 18.0394040416178 cm | Severity=75 | SourceName=Motor | EventType=application | SourceNode=ns=1;s=MotorSource
[Anomaly Input] [2026-08-16 19:21:37.500 (UTC)] info/application	[Motor] Received distance: 27.1109936747751 cm | Severity=75 | SourceName=Motor3 | EventType=application | SourceNode=ns=1;s=MotorSource3
[Anomaly Input] [2026-08-16 19:21:37.500 (UTC)] info/application	[Motor] Received distance: 23.5593741238394 cm | Severity=75 | SourceName=Motor2 | EventType=application | SourceNode=ns=1;s=MotorSource2
[Anomaly Input] [2026-08-16 19:21:37.496 (UTC)] warn/application	[Motor] Distance too close (18.0394040416178); rotating motor to 0 degrees | Severity=175 | SourceName=Motor | EventType=application | SourceNode=ns=1;s=MotorSource
[Anomaly Input] [2026-08-16 19:21:37.500 (UTC)] info/application	[Motor] Distance safe (27.1109936747751); rotating motor to 90 degrees | Severity=75 | SourceName=Motor3 | EventType=application | SourceNode=ns=1;s=MotorSource3
[Anomaly Input] [2026-08-16 19:21:37.500 (UTC)] info/application	[Motor] Distance safe (23.5593741238394); rotating motor to 90 degrees | Severity=75 | SourceName=Motor2 | EventType=application | SourceNode=ns=1;s=MotorSource2
[Anomaly Input] [2026-08-16 19:21:38.398 (UTC)] info/application	[Sensor] Updated distance: 25.849692159728 cm | Severity=75 | SourceName=Sensor3 | EventType=application | SourceNode=ns=1;s=SensorSource3
[Anomaly Input] [2026-08-16 19:21:38.406 (UTC)] info/application	[Sensor] Updated distance: 23.4567163351256 cm | Severity=75 | SourceName=Sensor2 | EventType=application | SourceNode=ns=1;s=SensorSource2
[Anomaly Input] [2026-08-16 19:21:38.496 (UTC)] info/application	[Sensor] Updated distance: 19.076329916984 cm | Severity=75 | SourceName=Sensor | EventType=application | SourceNode=ns=1;s=SensorSource
[Anomaly Input] [2026-08-16 19:21:38.499 (UTC)] info/application	[Motor] Received distance: 25.849692159728 cm | Severity=75 | SourceName=Motor3 | EventType=application | SourceNode=ns=1;s=MotorSource3
[Anomaly Input] [2026-08-16 19:21:38.501 (UTC)] info/application	[Motor] Received distance: 23.4567163351256 cm | Severity=75 | SourceName=Motor2 | EventType=application | SourceNode=ns=1;s=MotorSource2
[Anomaly Input] [2026-08-16 19:21:38.505 (UTC)] info/application	[Motor] Received distance: 19.076329916984 cm | Severity=75 | SourceName=Motor | EventType=application | SourceNode=ns=1;s=MotorSource
[Anomaly Input] [2026-08-16 19:21:38.499 (UTC)] info/application	[Motor] Distance safe (25.849692159728); rotating motor to 90 degrees | Severity=75 | SourceName=Motor3 | EventType=application | SourceNode=ns=1;s=MotorSource3
[Anomaly Input] [2026-08-16 19:21:38.501 (UTC)] info/application	[Motor] Distance safe (23.4567163351256); rotating motor to 90 degrees | Severity=75 | SourceName=Motor2 | EventType=application | SourceNode=ns=1;s=MotorSource2
[Anomaly Input] [2026-08-16 19:21:38.505 (UTC)] warn/application	[Motor] Distance too close (19.076329916984); rotating motor to 0 degrees | Severity=175 | SourceName=Motor | EventType=application | SourceNode=ns=1;s=MotorSource
[Anomaly Input] [2026-08-16 19:21:39.398 (UTC)] info/application	[Sensor] Updated distance: 25.4943866487566 cm | Severity=75 | SourceName=Sensor3 | EventType=application | SourceNode=ns=1;s=SensorSource3
[Anomaly Input] [2026-08-16 19:21:39.406 (UTC)] info/application	[Sensor] Updated distance: 24.9211284520203 cm | Severity=75 | SourceName=Sensor2 | EventType=application | SourceNode=ns=1;s=SensorSource2
[Anomaly Input] [2026-08-16 19:21:39.496 (UTC)] info/application	[Sensor] Updated distance: 18.1402005484049 cm | Severity=75 | SourceName=Sensor | EventType=application | SourceNode=ns=1;s=SensorSource
[Anomaly Input] [2026-08-16 19:21:39.496 (UTC)] info/application	[Motor] Received distance: 18.1402005484049 cm | Severity=75 | SourceName=Motor | EventType=application | SourceNode=ns=1;s=MotorSource
[Anomaly Input] [2026-08-16 19:21:39.498 (UTC)] info/application	[Motor] Received distance: 24.9211284520203 cm | Severity=75 | SourceName=Motor2 | EventType=application | SourceNode=ns=1;s=MotorSource2
[Anomaly Input] [2026-08-16 19:21:39.499 (UTC)] info/application	[Motor] Received distance: 25.4943866487566 cm | Severity=75 | SourceName=Motor3 | EventType=application | SourceNode=ns=1;s=MotorSource3
[Anomaly Input] [2026-08-16 19:21:39.496 (UTC)] warn/application	[Motor] Distance too close (18.1402005484049); rotating motor to 0 degrees | Severity=175 | SourceName=Motor | EventType=application | SourceNode=ns=1;s=MotorSource
[Anomaly Input] [2026-08-16 19:21:39.498 (UTC)] info/application	[Motor] Distance safe (24.9211284520203); rotating motor to 90 degrees | Severity=75 | SourceName=Motor2 | EventType=application | SourceNode=ns=1;s=MotorSource2
[Anomaly Input] [2026-08-16 19:21:39.500 (UTC)] info/application	[Motor] Distance safe (25.4943866487566); rotating motor to 90 degrees | Severity=75 | SourceName=Motor3 | EventType=application | SourceNode=ns=1;s=MotorSource3
[Anomaly Input] [2026-08-16 19:21:40.398 (UTC)] info/application	[Sensor] Updated distance: 26.0534475338894 cm | Severity=75 | SourceName=Sensor3 | EventType=application | SourceNode=ns=1;s=SensorSource3
[Anomaly Input] [2026-08-16 19:21:40.407 (UTC)] info/application	[Sensor] Updated distance: 25.5511180369887 cm | Severity=75 | SourceName=Sensor2 | EventType=application | SourceNode=ns=1;s=SensorSource2
[Anomaly Input] [2026-08-16 19:21:40.496 (UTC)] info/application	[Sensor] Updated distance: 17.6640235121194 cm | Severity=75 | SourceName=Sensor | EventType=application | SourceNode=ns=1;s=SensorSource
[Anomaly Input] [2026-08-16 19:21:40.497 (UTC)] info/application	[Motor] Received distance: 17.6640235121194 cm | Severity=75 | SourceName=Motor | EventType=application | SourceNode=ns=1;s=MotorSource
[Anomaly Input] [2026-08-16 19:21:40.499 (UTC)] info/application	[Motor] Received distance: 26.0534475338894 cm | Severity=75 | SourceName=Motor3 | EventType=application | SourceNode=ns=1;s=MotorSource3
[Anomaly Input] [2026-08-16 19:21:40.500 (UTC)] info/application	[Motor] Received distance: 25.5511180369887 cm | Severity=75 | SourceName=Motor2 | EventType=application | SourceNode=ns=1;s=MotorSource2
[Anomaly Input] [2026-08-16 19:21:40.497 (UTC)] warn/application	[Motor] Distance too close (17.6640235121194); rotating motor to 0 degrees | Severity=175 | SourceName=Motor | EventType=application | SourceNode=ns=1;s=MotorSource
[Anomaly Input] [2026-08-16 19:21:40.499 (UTC)] info/application	[Motor] Distance safe (26.0534475338894); rotating motor to 90 degrees | Severity=75 | SourceName=Motor3 | EventType=application | SourceNode=ns=1;s=MotorSource3
[Anomaly Input] [2026-08-16 19:21:40.500 (UTC)] info/application	[Motor] Distance safe (25.5511180369887); rotating motor to 90 degrees | Severity=75 | SourceName=Motor2 | EventType=application | SourceNode=ns=1;s=MotorSource2
[Anomaly Input] [2026-08-16 19:21:41.406 (UTC)] info/application	[Sensor] Updated distance: 26.4346678401039 cm | Severity=75 | SourceName=Sensor2 | EventType=application | SourceNode=ns=1;s=SensorSource2
[Anomaly Input] [2026-08-16 19:21:41.408 (UTC)] info/application	[Sensor] Updated distance: 24.8628221006891 cm | Severity=75 | SourceName=Sensor3 | EventType=application | SourceNode=ns=1;s=SensorSource3
[Anomaly Input] [2026-08-16 19:21:41.497 (UTC)] info/application	[Sensor] Updated distance: 19.0463601015724 cm | Severity=75 | SourceName=Sensor | EventType=application | SourceNode=ns=1;s=SensorSource
[Anomaly Input] [2026-08-16 19:21:41.500 (UTC)] info/application	[Motor] Received distance: 24.8628221006891 cm | Severity=75 | SourceName=Motor3 | EventType=application | SourceNode=ns=1;s=MotorSource3
[Anomaly Input] [2026-08-16 19:21:41.500 (UTC)] info/application	[Motor] Received distance: 26.4346678401039 cm | Severity=75 | SourceName=Motor2 | EventType=application | SourceNode=ns=1;s=MotorSource2
[Anomaly Input] [2026-08-16 19:21:41.505 (UTC)] info/application	[Motor] Received distance: 19.0463601015724 cm | Severity=75 | SourceName=Motor | EventType=application | SourceNode=ns=1;s=MotorSource
[Anomaly Input] [2026-08-16 19:21:41.500 (UTC)] info/application	[Motor] Distance safe (24.8628221006891); rotating motor to 90 degrees | Severity=75 | SourceName=Motor3 | EventType=application | SourceNode=ns=1;s=MotorSource3
[Anomaly Input] [2026-08-16 19:21:41.500 (UTC)] info/application	[Motor] Distance safe (26.4346678401039); rotating motor to 90 degrees | Severity=75 | SourceName=Motor2 | EventType=application | SourceNode=ns=1;s=MotorSource2
[Anomaly Input] [2026-08-16 19:21:41.505 (UTC)] warn/application	[Motor] Distance too close (19.0463601015724); rotating motor to 0 degrees | Severity=175 | SourceName=Motor | EventType=application | SourceNode=ns=1;s=MotorSource
[Anomaly Input] [2026-08-16 19:21:42.407 (UTC)] info/application	[Sensor] Updated distance: 27.2646813128445 cm | Severity=75 | SourceName=Sensor2 | EventType=application | SourceNode=ns=1;s=SensorSource2
[Anomaly Input] [2026-08-16 19:21:42.408 (UTC)] info/application	[Sensor] Updated distance: 24.8007152945738 cm | Severity=75 | SourceName=Sensor3 | EventType=application | SourceNode=ns=1;s=SensorSource3
[Anomaly Input] [2026-08-16 19:21:42.498 (UTC)] info/application	[Sensor] Updated distance: 18.2318752541821 cm | Severity=75 | SourceName=Sensor | EventType=application | SourceNode=ns=1;s=SensorSource
[Anomaly Input] [2026-08-16 19:21:42.498 (UTC)] info/application	[Motor] Received distance: 18.2318752541821 cm | Severity=75 | SourceName=Motor | EventType=application | SourceNode=ns=1;s=MotorSource
[Anomaly Input] [2026-08-16 19:21:42.501 (UTC)] info/application	[Motor] Received distance: 24.8007152945738 cm | Severity=75 | SourceName=Motor3 | EventType=application | SourceNode=ns=1;s=MotorSource3
[Anomaly Input] [2026-08-16 19:21:42.501 (UTC)] info/application	[Motor] Received distance: 27.2646813128445 cm | Severity=75 | SourceName=Motor2 | EventType=application | SourceNode=ns=1;s=MotorSource2
[Anomaly Input] [2026-08-16 19:21:42.498 (UTC)] warn/application	[Motor] Distance too close (18.2318752541821); rotating motor to 0 degrees | Severity=175 | SourceName=Motor | EventType=application | SourceNode=ns=1;s=MotorSource
[Anomaly Input] [2026-08-16 19:21:42.501 (UTC)] info/application	[Motor] Distance safe (24.8007152945738); rotating motor to 90 degrees | Severity=75 | SourceName=Motor3 | EventType=application | SourceNode=ns=1;s=MotorSource3
[Anomaly Input] [2026-08-16 19:21:42.501 (UTC)] info/application	[Motor] Distance safe (27.2646813128445); rotating motor to 90 degrees | Severity=75 | SourceName=Motor2 | EventType=application | SourceNode=ns=1;s=MotorSource2
[Anomaly Input] [2026-08-16 19:21:43.406 (UTC)] info/application	[Sensor] Updated distance: 26.1674373204203 cm | Severity=75 | SourceName=Sensor2 | EventType=application | SourceNode=ns=1;s=SensorSource2
[Anomaly Input] [2026-08-16 19:21:43.407 (UTC)] info/application	[Sensor] Updated distance: 23.575113939622 cm | Severity=75 | SourceName=Sensor3 | EventType=application | SourceNode=ns=1;s=SensorSource3
[Anomaly Input] [2026-08-16 19:21:43.497 (UTC)] info/application	[Sensor] Updated distance: 16.9230581605449 cm | Severity=75 | SourceName=Sensor | EventType=application | SourceNode=ns=1;s=SensorSource
[Anomaly Input] [2026-08-16 19:21:43.498 (UTC)] info/application	[Motor] Received distance: 26.1674373204203 cm | Severity=75 | SourceName=Motor2 | EventType=application | SourceNode=ns=1;s=MotorSource2
[Anomaly Input] [2026-08-16 19:21:43.501 (UTC)] info/application	[Motor] Received distance: 23.575113939622 cm | Severity=75 | SourceName=Motor3 | EventType=application | SourceNode=ns=1;s=MotorSource3
[Anomaly Input] [2026-08-16 19:21:43.506 (UTC)] info/application	[Motor] Received distance: 16.9230581605449 cm | Severity=75 | SourceName=Motor | EventType=application | SourceNode=ns=1;s=MotorSource
[Anomaly Input] [2026-08-16 19:21:43.498 (UTC)] info/application	[Motor] Distance safe (26.1674373204203); rotating motor to 90 degrees | Severity=75 | SourceName=Motor2 | EventType=application | SourceNode=ns=1;s=MotorSource2
[Anomaly Input] [2026-08-16 19:21:43.501 (UTC)] info/application	[Motor] Distance safe (23.575113939622); rotating motor to 90 degrees | Severity=75 | SourceName=Motor3 | EventType=application | SourceNode=ns=1;s=MotorSource3
[Anomaly Input] [2026-08-16 19:21:43.506 (UTC)] warn/application	[Motor] Distance too close (16.9230581605449); rotating motor to 0 degrees | Severity=175 | SourceName=Motor | EventType=application | SourceNode=ns=1;s=MotorSource
[Anomaly Input] [2026-08-16 19:21:44.406 (UTC)] info/application	[Sensor] Updated distance: 24.7203854325788 cm | Severity=75 | SourceName=Sensor2 | EventType=application | SourceNode=ns=1;s=SensorSource2
[Anomaly Input] [2026-08-16 19:21:44.407 (UTC)] info/application	[Sensor] Updated distance: 24.8847581524797 cm | Severity=75 | SourceName=Sensor3 | EventType=application | SourceNode=ns=1;s=SensorSource3
[Anomaly Input] [2026-08-16 19:21:44.498 (UTC)] info/application	[Sensor] Updated distance: 15.8518880127705 cm | Severity=75 | SourceName=Sensor | EventType=application | SourceNode=ns=1;s=SensorSource
[Anomaly Input] [2026-08-16 19:21:44.498 (UTC)] info/application	[Motor] Received distance: 15.8518880127705 cm | Severity=75 | SourceName=Motor | EventType=application | SourceNode=ns=1;s=MotorSource
[Anomaly Input] [2026-08-16 19:21:44.498 (UTC)] info/application	[Motor] Received distance: 24.8847581524797 cm | Severity=75 | SourceName=Motor3 | EventType=application | SourceNode=ns=1;s=MotorSource3
[Anomaly Input] [2026-08-16 19:21:44.500 (UTC)] info/application	[Motor] Received distance: 24.7203854325788 cm | Severity=75 | SourceName=Motor2 | EventType=application | SourceNode=ns=1;s=MotorSource2
[Anomaly Input] [2026-08-16 19:21:44.498 (UTC)] warn/application	[Motor] Distance too close (15.8518880127705); rotating motor to 0 degrees | Severity=175 | SourceName=Motor | EventType=application | SourceNode=ns=1;s=MotorSource
[Anomaly Input] [2026-08-16 19:21:44.498 (UTC)] info/application	[Motor] Distance safe (24.8847581524797); rotating motor to 90 degrees | Severity=75 | SourceName=Motor3 | EventType=application | SourceNode=ns=1;s=MotorSource3
[Anomaly Input] [2026-08-16 19:21:44.500 (UTC)] info/application	[Motor] Distance safe (24.7203854325788); rotating motor to 90 degrees | Severity=75 | SourceName=Motor2 | EventType=application | SourceNode=ns=1;s=MotorSource2
[Anomaly Input] [2026-08-16 19:21:45.407 (UTC)] info/application	[Sensor] Updated distance: 23.8210302224947 cm | Severity=75 | SourceName=Sensor2 | EventType=application | SourceNode=ns=1;s=SensorSource2
[Anomaly Input] [2026-08-16 19:21:45.407 (UTC)] info/application	[Sensor] Updated distance: 26.2137441224017 cm | Severity=75 | SourceName=Sensor3 | EventType=application | SourceNode=ns=1;s=SensorSource3
[Anomaly Input] [2026-08-16 19:21:45.498 (UTC)] info/application	[Sensor] Updated distance: 15.815462125845 cm | Severity=75 | SourceName=Sensor | EventType=application | SourceNode=ns=1;s=SensorSource
[Anomaly Input] [2026-08-16 19:21:45.500 (UTC)] info/application	[Motor] Received distance: 26.2137441224017 cm | Severity=75 | SourceName=Motor3 | EventType=application | SourceNode=ns=1;s=MotorSource3
[Anomaly Input] [2026-08-16 19:21:45.500 (UTC)] info/application	[Motor] Received distance: 23.8210302224947 cm | Severity=75 | SourceName=Motor2 | EventType=application | SourceNode=ns=1;s=MotorSource2
[Anomaly Input] [2026-08-16 19:21:45.507 (UTC)] info/application	[Motor] Received distance: 15.815462125845 cm | Severity=75 | SourceName=Motor | EventType=application | SourceNode=ns=1;s=MotorSource
[Anomaly Input] [2026-08-16 19:21:45.500 (UTC)] info/application	[Motor] Distance safe (26.2137441224017); rotating motor to 90 degrees | Severity=75 | SourceName=Motor3 | EventType=application | SourceNode=ns=1;s=MotorSource3
[Anomaly Input] [2026-08-16 19:21:45.500 (UTC)] info/application	[Motor] Distance safe (23.8210302224947); rotating motor to 90 degrees | Severity=75 | SourceName=Motor2 | EventType=application | SourceNode=ns=1;s=MotorSource2
[Anomaly Input] [2026-08-16 19:21:45.507 (UTC)] warn/application	[Motor] Distance too close (15.815462125845); rotating motor to 0 degrees | Severity=175 | SourceName=Motor | EventType=application | SourceNode=ns=1;s=MotorSource
[Anomaly Input] [2026-08-16 19:21:46.407 (UTC)] info/application	[Sensor] Updated distance: 27.026910190483 cm | Severity=75 | SourceName=Sensor3 | EventType=application | SourceNode=ns=1;s=SensorSource3
[Anomaly Input] [2026-08-16 19:21:46.407 (UTC)] info/application	[Sensor] Updated distance: 23.1790781459674 cm | Severity=75 | SourceName=Sensor2 | EventType=application | SourceNode=ns=1;s=SensorSource2
[Anomaly Input] [2026-08-16 19:21:46.498 (UTC)] info/application	[Sensor] Updated distance: 15.7938754345728 cm | Severity=75 | SourceName=Sensor | EventType=application | SourceNode=ns=1;s=SensorSource
[Anomaly Input] [2026-08-16 19:21:46.498 (UTC)] info/application	[Motor] Received distance: 15.7938754345728 cm | Severity=75 | SourceName=Motor | EventType=application | SourceNode=ns=1;s=MotorSource
[Anomaly Input] [2026-08-16 19:21:46.500 (UTC)] info/application	[Motor] Received distance: 27.026910190483 cm | Severity=75 | SourceName=Motor3 | EventType=application | SourceNode=ns=1;s=MotorSource3
[Anomaly Input] [2026-08-16 19:21:46.500 (UTC)] info/application	[Motor] Received distance: 23.1790781459674 cm | Severity=75 | SourceName=Motor2 | EventType=application | SourceNode=ns=1;s=MotorSource2
[Anomaly Input] [2026-08-16 19:21:46.498 (UTC)] warn/application	[Motor] Distance too close (15.7938754345728); rotating motor to 0 degrees | Severity=175 | SourceName=Motor | EventType=application | SourceNode=ns=1;s=MotorSource
[Anomaly Input] [2026-08-16 19:21:46.500 (UTC)] info/application	[Motor] Distance safe (27.026910190483); rotating motor to 90 degrees | Severity=75 | SourceName=Motor3 | EventType=application | SourceNode=ns=1;s=MotorSource3
[Anomaly Input] [2026-08-16 19:21:46.500 (UTC)] info/application	[Motor] Distance safe (23.1790781459674); rotating motor to 90 degrees | Severity=75 | SourceName=Motor2 | EventType=application | SourceNode=ns=1;s=MotorSource2
[Anomaly Input] [2026-08-16 19:21:47.167 (UTC)] warn/application	[Motor] Distance too close (13.4); rotating motor to 0 degrees | Severity=175 | SourceName=Motor | EventType=application | SourceNode=null
[Anomaly Input] [2026-08-16 19:21:47.168 (UTC)] warn/application	[Motor] Distance too close (13.4); rotating motor to 0 degrees | Severity=175 | SourceName=Motor2 | EventType=application | SourceNode=null
[Anomaly Input] [2026-08-16 19:21:47.173 (UTC)] warn/application	[Motor] Distance too close (13.4); rotating motor to 0 degrees | Severity=175 | SourceName=Motor3 | EventType=application | SourceNode=null
[Anomaly Input] [2026-08-16 19:21:47.408 (UTC)] info/application	[Sensor] Updated distance: 22.7552494491708 cm | Severity=75 | SourceName=Sensor2 | EventType=application | SourceNode=ns=1;s=SensorSource2
[Anomaly Input] [2026-08-16 19:21:47.408 (UTC)] info/application	[Sensor] Updated distance: 27.6183584253855 cm | Severity=75 | SourceName=Sensor3 | EventType=application | SourceNode=ns=1;s=SensorSource3
[Anomaly Input] [2026-08-16 19:21:47.498 (UTC)] info/application	[Sensor] Updated distance: 14.7934796911634 cm | Severity=75 | SourceName=Sensor | EventType=application | SourceNode=ns=1;s=SensorSource
[Anomaly Input] [2026-08-16 19:21:47.499 (UTC)] info/application	[Motor] Received distance: 27.6183584253855 cm | Severity=75 | SourceName=Motor3 | EventType=application | SourceNode=ns=1;s=MotorSource3
[Anomaly Input] [2026-08-16 19:21:47.499 (UTC)] info/application	[Motor] Received distance: 22.7552494491708 cm | Severity=75 | SourceName=Motor2 | EventType=application | SourceNode=ns=1;s=MotorSource2
[Anomaly Input] [2026-08-16 19:21:47.507 (UTC)] info/application	[Motor] Received distance: 14.7934796911634 cm | Severity=75 | SourceName=Motor | EventType=application | SourceNode=ns=1;s=MotorSource
[Anomaly Input] [2026-08-16 19:21:47.499 (UTC)] info/application	[Motor] Distance safe (27.6183584253855); rotating motor to 90 degrees | Severity=75 | SourceName=Motor3 | EventType=application | SourceNode=ns=1;s=MotorSource3
[Anomaly Input] [2026-08-16 19:21:47.499 (UTC)] info/application	[Motor] Distance safe (22.7552494491708); rotating motor to 90 degrees | Severity=75 | SourceName=Motor2 | EventType=application | SourceNode=ns=1;s=MotorSource2
[Anomaly Input] [2026-08-16 19:21:47.507 (UTC)] warn/application	[Motor] Distance too close (14.7934796911634); rotating motor to 0 degrees | Severity=175 | SourceName=Motor | EventType=application | SourceNode=ns=1;s=MotorSource
[Anomaly Input] [2026-08-16 19:21:48.398 (UTC)] info/application	[Sensor] Updated distance: 28.1834654203539 cm | Severity=75 | SourceName=Sensor3 | EventType=application | SourceNode=ns=1;s=SensorSource3
[Anomaly Input] [2026-08-16 19:21:48.408 (UTC)] info/application	[Sensor] Updated distance: 22.4109159556269 cm | Severity=75 | SourceName=Sensor2 | EventType=application | SourceNode=ns=1;s=SensorSource2
[Anomaly Input] [2026-08-16 19:21:48.499 (UTC)] info/application	[Sensor] Updated distance: 14.645586831563 cm | Severity=75 | SourceName=Sensor | EventType=application | SourceNode=ns=1;s=SensorSource
[Anomaly Input] [2026-08-16 19:21:48.499 (UTC)] info/application	[Motor] Received distance: 14.645586831563 cm | Severity=75 | SourceName=Motor | EventType=application | SourceNode=ns=1;s=MotorSource
[Anomaly Input] [2026-08-16 19:21:48.500 (UTC)] info/application	[Motor] Received distance: 28.1834654203539 cm | Severity=75 | SourceName=Motor3 | EventType=application | SourceNode=ns=1;s=MotorSource3
[Anomaly Input] [2026-08-16 19:21:48.500 (UTC)] info/application	[Motor] Received distance: 22.4109159556269 cm | Severity=75 | SourceName=Motor2 | EventType=application | SourceNode=ns=1;s=MotorSource2
[Anomaly Input] [2026-08-16 19:21:48.499 (UTC)] warn/application	[Motor] Distance too close (14.645586831563); rotating motor to 0 degrees | Severity=175 | SourceName=Motor | EventType=application | SourceNode=ns=1;s=MotorSource
[Anomaly Input] [2026-08-16 19:21:48.500 (UTC)] info/application	[Motor] Distance safe (28.1834654203539); rotating motor to 90 degrees | Severity=75 | SourceName=Motor3 | EventType=application | SourceNode=ns=1;s=MotorSource3
[Anomaly Input] [2026-08-16 19:21:48.500 (UTC)] info/application	[Motor] Distance safe (22.4109159556269); rotating motor to 90 degrees | Severity=75 | SourceName=Motor2 | EventType=application | SourceNode=ns=1;s=MotorSource2
[Anomaly Input] [2026-08-16 19:21:49.398 (UTC)] info/application	[Sensor] Updated distance: 28.6121439952925 cm | Severity=75 | SourceName=Sensor3 | EventType=application | SourceNode=ns=1;s=SensorSource3
[Anomaly Input] [2026-08-16 19:21:49.408 (UTC)] info/application	[Sensor] Updated distance: 21.6345519619689 cm | Severity=75 | SourceName=Sensor2 | EventType=application | SourceNode=ns=1;s=SensorSource2
[Anomaly Input] [2026-08-16 19:21:49.499 (UTC)] info/application	[Sensor] Updated distance: 14.8757272795195 cm | Severity=75 | SourceName=Sensor | EventType=application | SourceNode=ns=1;s=SensorSource
[Anomaly Input] [2026-08-16 19:21:49.500 (UTC)] info/application	[Motor] Received distance: 21.6345519619689 cm | Severity=75 | SourceName=Motor2 | EventType=application | SourceNode=ns=1;s=MotorSource2
[Anomaly Input] [2026-08-16 19:21:49.500 (UTC)] info/application	[Motor] Received distance: 28.6121439952925 cm | Severity=75 | SourceName=Motor3 | EventType=application | SourceNode=ns=1;s=MotorSource3
[Anomaly Input] [2026-08-16 19:21:49.508 (UTC)] info/application	[Motor] Received distance: 14.8757272795195 cm | Severity=75 | SourceName=Motor | EventType=application | SourceNode=ns=1;s=MotorSource
[Anomaly Input] [2026-08-16 19:21:49.500 (UTC)] info/application	[Motor] Distance safe (21.6345519619689); rotating motor to 90 degrees | Severity=75 | SourceName=Motor2 | EventType=application | SourceNode=ns=1;s=MotorSource2
[Anomaly Input] [2026-08-16 19:21:49.500 (UTC)] info/application	[Motor] Distance safe (28.6121439952925); rotating motor to 90 degrees | Severity=75 | SourceName=Motor3 | EventType=application | SourceNode=ns=1;s=MotorSource3
[Anomaly Input] [2026-08-16 19:21:49.508 (UTC)] warn/application	[Motor] Distance too close (14.8757272795195); rotating motor to 0 degrees | Severity=175 | SourceName=Motor | EventType=application | SourceNode=ns=1;s=MotorSource
[Anomaly Input] [2026-08-16 19:21:50.398 (UTC)] info/application	[Sensor] Updated distance: 29.5320281500612 cm | Severity=75 | SourceName=Sensor3 | EventType=application | SourceNode=ns=1;s=SensorSource3
[Anomaly Input] [2026-08-16 19:21:50.408 (UTC)] info/application	[Sensor] Updated distance: 21.1044654567281 cm | Severity=75 | SourceName=Sensor2 | EventType=application | SourceNode=ns=1;s=SensorSource2
[Anomaly Input] [2026-08-16 19:21:50.499 (UTC)] info/application	[Sensor] Updated distance: 14.2370245190044 cm | Severity=75 | SourceName=Sensor | EventType=application | SourceNode=ns=1;s=SensorSource
[Anomaly Input] [2026-08-16 19:21:50.499 (UTC)] info/application	[Motor] Received distance: 14.2370245190044 cm | Severity=75 | SourceName=Motor | EventType=application | SourceNode=ns=1;s=MotorSource
[Anomaly Input] [2026-08-16 19:21:50.500 (UTC)] info/application	[Motor] Received distance: 21.1044654567281 cm | Severity=75 | SourceName=Motor2 | EventType=application | SourceNode=ns=1;s=MotorSource2
[Anomaly Input] [2026-08-16 19:21:50.501 (UTC)] info/application	[Motor] Received distance: 29.5320281500612 cm | Severity=75 | SourceName=Motor3 | EventType=application | SourceNode=ns=1;s=MotorSource3
[Anomaly Input] [2026-08-16 19:21:50.499 (UTC)] warn/application	[Motor] Distance too close (14.2370245190044); rotating motor to 0 degrees | Severity=175 | SourceName=Motor | EventType=application | SourceNode=ns=1;s=MotorSource
[Anomaly Input] [2026-08-16 19:21:50.500 (UTC)] info/application	[Motor] Distance safe (21.1044654567281); rotating motor to 90 degrees | Severity=75 | SourceName=Motor2 | EventType=application | SourceNode=ns=1;s=MotorSource2
[Anomaly Input] [2026-08-16 19:21:50.501 (UTC)] info/application	[Motor] Distance safe (29.5320281500612); rotating motor to 90 degrees | Severity=75 | SourceName=Motor3 | EventType=application | SourceNode=ns=1;s=MotorSource3
[Anomaly Input] [2026-08-16 19:21:51.398 (UTC)] info/application	[Sensor] Updated distance: 28.8209842985128 cm | Severity=75 | SourceName=Sensor3 | EventType=application | SourceNode=ns=1;s=SensorSource3
[Anomaly Input] [2026-08-16 19:21:51.408 (UTC)] info/application	[Sensor] Updated distance: 22.2676876908018 cm | Severity=75 | SourceName=Sensor2 | EventType=application | SourceNode=ns=1;s=SensorSource2
[Anomaly Input] [2026-08-16 19:21:51.499 (UTC)] info/application	[Sensor] Updated distance: 13.6022099599253 cm | Severity=75 | SourceName=Sensor | EventType=application | SourceNode=ns=1;s=SensorSource
[Anomaly Input] [2026-08-16 19:21:51.500 (UTC)] info/application	[Motor] Received distance: 28.8209842985128 cm | Severity=75 | SourceName=Motor3 | EventType=application | SourceNode=ns=1;s=MotorSource3
[Anomaly Input] [2026-08-16 19:21:51.501 (UTC)] info/application	[Motor] Received distance: 22.2676876908018 cm | Severity=75 | SourceName=Motor2 | EventType=application | SourceNode=ns=1;s=MotorSource2
[Anomaly Input] [2026-08-16 19:21:51.508 (UTC)] info/application	[Motor] Received distance: 13.6022099599253 cm | Severity=75 | SourceName=Motor | EventType=application | SourceNode=ns=1;s=MotorSource
[Anomaly Input] [2026-08-16 19:21:51.500 (UTC)] info/application	[Motor] Distance safe (28.8209842985128); rotating motor to 90 degrees | Severity=75 | SourceName=Motor3 | EventType=application | SourceNode=ns=1;s=MotorSource3
[Anomaly Input] [2026-08-16 19:21:51.501 (UTC)] info/application	[Motor] Distance safe (22.2676876908018); rotating motor to 90 degrees | Severity=75 | SourceName=Motor2 | EventType=application | SourceNode=ns=1;s=MotorSource2
[Anomaly Input] [2026-08-16 19:21:51.508 (UTC)] warn/application	[Motor] Distance too close (13.6022099599253); rotating motor to 0 degrees | Severity=175 | SourceName=Motor | EventType=application | SourceNode=ns=1;s=MotorSource
[Anomaly Input] [2026-08-16 19:21:52.398 (UTC)] info/application	[Sensor] Updated distance: 27.7790456902138 cm | Severity=75 | SourceName=Sensor3 | EventType=application | SourceNode=ns=1;s=SensorSource3
[Anomaly Input] [2026-08-16 19:21:52.408 (UTC)] info/application	[Sensor] Updated distance: 23.75866573153 cm | Severity=75 | SourceName=Sensor2 | EventType=application | SourceNode=ns=1;s=SensorSource2
[Anomaly Input] [2026-08-16 19:21:52.499 (UTC)] info/application	[Sensor] Updated distance: 14.8726507264062 cm | Severity=75 | SourceName=Sensor | EventType=application | SourceNode=ns=1;s=SensorSource
[Anomaly Input] [2026-08-16 19:21:52.499 (UTC)] info/application	[Motor] Received distance: 14.8726507264062 cm | Severity=75 | SourceName=Motor | EventType=application | SourceNode=ns=1;s=MotorSource
[Anomaly Input] [2026-08-16 19:21:52.501 (UTC)] info/application	[Motor] Received distance: 27.7790456902138 cm | Severity=75 | SourceName=Motor3 | EventType=application | SourceNode=ns=1;s=MotorSource3
[Anomaly Input] [2026-08-16 19:21:52.509 (UTC)] info/application	[Motor] Received distance: 23.75866573153 cm | Severity=75 | SourceName=Motor2 | EventType=application | SourceNode=ns=1;s=MotorSource2
[Anomaly Input] [2026-08-16 19:21:52.499 (UTC)] warn/application	[Motor] Distance too close (14.8726507264062); rotating motor to 0 degrees | Severity=175 | SourceName=Motor | EventType=application | SourceNode=ns=1;s=MotorSource
[Anomaly Input] [2026-08-16 19:21:52.501 (UTC)] info/application	[Motor] Distance safe (27.7790456902138); rotating motor to 90 degrees | Severity=75 | SourceName=Motor3 | EventType=application | SourceNode=ns=1;s=MotorSource3
[Anomaly Input] [2026-08-16 19:21:52.509 (UTC)] info/application	[Motor] Distance safe (23.75866573153); rotating motor to 90 degrees | Severity=75 | SourceName=Motor2 | EventType=application | SourceNode=ns=1;s=MotorSource2
[Anomaly Input] [2026-08-16 19:21:53.398 (UTC)] info/application	[Sensor] Updated distance: 29.219683523625 cm | Severity=75 | SourceName=Sensor3 | EventType=application | SourceNode=ns=1;s=SensorSource3
[Anomaly Input] [2026-08-16 19:21:53.408 (UTC)] info/application	[Sensor] Updated distance: 24.2294795050889 cm | Severity=75 | SourceName=Sensor2 | EventType=application | SourceNode=ns=1;s=SensorSource2
[Anomaly Input] [2026-08-16 19:21:53.499 (UTC)] info/application	[Sensor] Updated distance: 16.3195198915524 cm | Severity=75 | SourceName=Sensor | EventType=application | SourceNode=ns=1;s=SensorSource
[Anomaly Input] [2026-08-16 19:21:53.500 (UTC)] info/application	[Motor] Received distance: 24.2294795050889 cm | Severity=75 | SourceName=Motor2 | EventType=application | SourceNode=ns=1;s=MotorSource2
[Anomaly Input] [2026-08-16 19:21:53.508 (UTC)] info/application	[Motor] Received distance: 16.3195198915524 cm | Severity=75 | SourceName=Motor | EventType=application | SourceNode=ns=1;s=MotorSource
[Anomaly Input] [2026-08-16 19:21:53.509 (UTC)] info/application	[Motor] Received distance: 29.219683523625 cm | Severity=75 | SourceName=Motor3 | EventType=application | SourceNode=ns=1;s=MotorSource3
[Anomaly Input] [2026-08-16 19:21:53.500 (UTC)] info/application	[Motor] Distance safe (24.2294795050889); rotating motor to 90 degrees | Severity=75 | SourceName=Motor2 | EventType=application | SourceNode=ns=1;s=MotorSource2
[Anomaly Input] [2026-08-16 19:21:53.508 (UTC)] warn/application	[Motor] Distance too close (16.3195198915524); rotating motor to 0 degrees | Severity=175 | SourceName=Motor | EventType=application | SourceNode=ns=1;s=MotorSource
[Anomaly Input] [2026-08-16 19:21:53.509 (UTC)] info/application	[Motor] Distance safe (29.219683523625); rotating motor to 90 degrees | Severity=75 | SourceName=Motor3 | EventType=application | SourceNode=ns=1;s=MotorSource3
[Anomaly Input] [2026-08-16 19:21:54.399 (UTC)] info/application	[Sensor] Updated distance: 28.2499566386686 cm | Severity=75 | SourceName=Sensor3 | EventType=application | SourceNode=ns=1;s=SensorSource3
[Anomaly Input] [2026-08-16 19:21:54.399 (UTC)] info/application	[Sensor] Updated distance: 22.8447369420178 cm | Severity=75 | SourceName=Sensor2 | EventType=application | SourceNode=ns=1;s=SensorSource2
[Anomaly Input] [2026-08-16 19:21:54.498 (UTC)] info/application	[Motor] Received distance: 28.2499566386686 cm | Severity=75 | SourceName=Motor3 | EventType=application | SourceNode=ns=1;s=MotorSource3
[Anomaly Input] [2026-08-16 19:21:54.499 (UTC)] info/application	[Motor] Received distance: 22.8447369420178 cm | Severity=75 | SourceName=Motor2 | EventType=application | SourceNode=ns=1;s=MotorSource2
[Anomaly Input] [2026-08-16 19:21:54.500 (UTC)] info/application	[Sensor] Updated distance: 15.6292890138595 cm | Severity=75 | SourceName=Sensor | EventType=application | SourceNode=ns=1;s=SensorSource
[Anomaly Input] [2026-08-16 19:21:54.500 (UTC)] info/application	[Motor] Received distance: 15.6292890138595 cm | Severity=75 | SourceName=Motor | EventType=application | SourceNode=ns=1;s=MotorSource
[Anomaly Input] [2026-08-16 19:21:54.498 (UTC)] info/application	[Motor] Distance safe (28.2499566386686); rotating motor to 90 degrees | Severity=75 | SourceName=Motor3 | EventType=application | SourceNode=ns=1;s=MotorSource3
[Anomaly Input] [2026-08-16 19:21:54.499 (UTC)] info/application	[Motor] Distance safe (22.8447369420178); rotating motor to 90 degrees | Severity=75 | SourceName=Motor2 | EventType=application | SourceNode=ns=1;s=MotorSource2
[Anomaly Input] [2026-08-16 19:21:54.500 (UTC)] warn/application	[Motor] Distance too close (15.6292890138595); rotating motor to 0 degrees | Severity=175 | SourceName=Motor | EventType=application | SourceNode=ns=1;s=MotorSource
[Anomaly Input] [2026-08-16 19:21:55.399 (UTC)] info/application	[Sensor] Updated distance: 27.943802522702 cm | Severity=75 | SourceName=Sensor3 | EventType=application | SourceNode=ns=1;s=SensorSource3
[Anomaly Input] [2026-08-16 19:21:55.409 (UTC)] info/application	[Sensor] Updated distance: 24.1886526237655 cm | Severity=75 | SourceName=Sensor2 | EventType=application | SourceNode=ns=1;s=SensorSource2
[Anomaly Input] [2026-08-16 19:21:55.499 (UTC)] info/application	[Motor] Received distance: 27.943802522702 cm | Severity=75 | SourceName=Motor3 | EventType=application | SourceNode=ns=1;s=MotorSource3
[Anomaly Input] [2026-08-16 19:21:55.500 (UTC)] info/application	[Sensor] Updated distance: 16.0733134188099 cm | Severity=75 | SourceName=Sensor | EventType=application | SourceNode=ns=1;s=SensorSource
[Anomaly Input] [2026-08-16 19:21:55.500 (UTC)] info/application	[Motor] Received distance: 24.1886526237655 cm | Severity=75 | SourceName=Motor2 | EventType=application | SourceNode=ns=1;s=MotorSource2
[Anomaly Input] [2026-08-16 19:21:55.508 (UTC)] info/application	[Motor] Received distance: 16.0733134188099 cm | Severity=75 | SourceName=Motor | EventType=application | SourceNode=ns=1;s=MotorSource
[Anomaly Input] [2026-08-16 19:21:55.499 (UTC)] info/application	[Motor] Distance safe (27.943802522702); rotating motor to 90 degrees | Severity=75 | SourceName=Motor3 | EventType=application | SourceNode=ns=1;s=MotorSource3
[Anomaly Input] [2026-08-16 19:21:55.500 (UTC)] info/application	[Motor] Distance safe (24.1886526237655); rotating motor to 90 degrees | Severity=75 | SourceName=Motor2 | EventType=application | SourceNode=ns=1;s=MotorSource2
[Anomaly Input] [2026-08-16 19:21:55.508 (UTC)] warn/application	[Motor] Distance too close (16.0733134188099); rotating motor to 0 degrees | Severity=175 | SourceName=Motor | EventType=application | SourceNode=ns=1;s=MotorSource
[Anomaly Input] [2026-08-16 19:21:56.399 (UTC)] info/application	[Sensor] Updated distance: 26.460563032171 cm | Severity=75 | SourceName=Sensor3 | EventType=application | SourceNode=ns=1;s=SensorSource3
[Anomaly Input] [2026-08-16 19:21:56.399 (UTC)] info/application	[Sensor] Updated distance: 22.9915713788902 cm | Severity=75 | SourceName=Sensor2 | EventType=application | SourceNode=ns=1;s=SensorSource2
[Anomaly Input] [2026-08-16 19:21:56.490 (UTC)] info/application	[Sensor] Updated distance: 15.3654473074085 cm | Severity=75 | SourceName=Sensor | EventType=application | SourceNode=ns=1;s=SensorSource
[Anomaly Input] [2026-08-16 19:21:56.493 (UTC)] info/application	[Motor] Received distance: 15.3654473074085 cm | Severity=75 | SourceName=Motor | EventType=application | SourceNode=ns=1;s=MotorSource
[Anomaly Input] [2026-08-16 19:21:56.500 (UTC)] info/application	[Motor] Received distance: 22.9915713788902 cm | Severity=75 | SourceName=Motor2 | EventType=application | SourceNode=ns=1;s=MotorSource2
[Anomaly Input] [2026-08-16 19:21:56.500 (UTC)] info/application	[Motor] Received distance: 26.460563032171 cm | Severity=75 | SourceName=Motor3 | EventType=application | SourceNode=ns=1;s=MotorSource3
[Anomaly Input] [2026-08-16 19:21:56.493 (UTC)] warn/application	[Motor] Distance too close (15.3654473074085); rotating motor to 0 degrees | Severity=175 | SourceName=Motor | EventType=application | SourceNode=ns=1;s=MotorSource
[Anomaly Input] [2026-08-16 19:21:56.500 (UTC)] info/application	[Motor] Distance safe (22.9915713788902); rotating motor to 90 degrees | Severity=75 | SourceName=Motor2 | EventType=application | SourceNode=ns=1;s=MotorSource2
[Anomaly Input] [2026-08-16 19:21:56.500 (UTC)] info/application	[Motor] Distance safe (26.460563032171); rotating motor to 90 degrees | Severity=75 | SourceName=Motor3 | EventType=application | SourceNode=ns=1;s=MotorSource3
[Anomaly Input] [2026-08-16 19:21:57.400 (UTC)] info/application	[Sensor] Updated distance: 27.3117416919264 cm | Severity=75 | SourceName=Sensor3 | EventType=application | SourceNode=ns=1;s=SensorSource3
[Anomaly Input] [2026-08-16 19:21:57.400 (UTC)] info/application	[Sensor] Updated distance: 22.3065214924545 cm | Severity=75 | SourceName=Sensor2 | EventType=application | SourceNode=ns=1;s=SensorSource2
[Anomaly Input] [2026-08-16 19:21:57.491 (UTC)] info/application	[Sensor] Updated distance: 16.792004749082 cm | Severity=75 | SourceName=Sensor | EventType=application | SourceNode=ns=1;s=SensorSource
[Anomaly Input] [2026-08-16 19:21:57.491 (UTC)] info/application	[Motor] Received distance: 16.792004749082 cm | Severity=75 | SourceName=Motor | EventType=application | SourceNode=ns=1;s=MotorSource
[Anomaly Input] [2026-08-16 19:21:57.492 (UTC)] info/application	[Motor] Received distance: 27.3117416919264 cm | Severity=75 | SourceName=Motor3 | EventType=application | SourceNode=ns=1;s=MotorSource3
[Anomaly Input] [2026-08-16 19:21:57.501 (UTC)] info/application	[Motor] Received distance: 22.3065214924545 cm | Severity=75 | SourceName=Motor2 | EventType=application | SourceNode=ns=1;s=MotorSource2
[Anomaly Input] [2026-08-16 19:21:57.491 (UTC)] warn/application	[Motor] Distance too close (16.792004749082); rotating motor to 0 degrees | Severity=175 | SourceName=Motor | EventType=application | SourceNode=ns=1;s=MotorSource
[Anomaly Input] [2026-08-16 19:21:57.492 (UTC)] info/application	[Motor] Distance safe (27.3117416919264); rotating motor to 90 degrees | Severity=75 | SourceName=Motor3 | EventType=application | SourceNode=ns=1;s=MotorSource3
[Anomaly Input] [2026-08-16 19:21:57.501 (UTC)] info/application	[Motor] Distance safe (22.3065214924545); rotating motor to 90 degrees | Severity=75 | SourceName=Motor2 | EventType=application | SourceNode=ns=1;s=MotorSource2
[Anomaly Input] [2026-08-16 19:21:58.401 (UTC)] info/application	[Sensor] Updated distance: 28.778799074599 cm | Severity=75 | SourceName=Sensor3 | EventType=application | SourceNode=ns=1;s=SensorSource3
[Anomaly Input] [2026-08-16 19:21:58.402 (UTC)] info/application	[Sensor] Updated distance: 21.0740926275375 cm | Severity=75 | SourceName=Sensor2 | EventType=application | SourceNode=ns=1;s=SensorSource2
[Anomaly Input] [2026-08-16 19:21:58.492 (UTC)] info/application	[Sensor] Updated distance: 15.6925261831808 cm | Severity=75 | SourceName=Sensor | EventType=application | SourceNode=ns=1;s=SensorSource
[Anomaly Input] [2026-08-16 19:21:58.493 (UTC)] info/application	[Motor] Received distance: 21.0740926275375 cm | Severity=75 | SourceName=Motor2 | EventType=application | SourceNode=ns=1;s=MotorSource2
[Anomaly Input] [2026-08-16 19:21:58.493 (UTC)] info/application	[Motor] Received distance: 15.6925261831808 cm | Severity=75 | SourceName=Motor | EventType=application | SourceNode=ns=1;s=MotorSource
[Anomaly Input] [2026-08-16 19:21:58.499 (UTC)] info/application	[Motor] Received distance: 28.778799074599 cm | Severity=75 | SourceName=Motor3 | EventType=application | SourceNode=ns=1;s=MotorSource3
[Anomaly Input] [2026-08-16 19:21:58.493 (UTC)] info/application	[Motor] Distance safe (21.0740926275375); rotating motor to 90 degrees | Severity=75 | SourceName=Motor2 | EventType=application | SourceNode=ns=1;s=MotorSource2
[Anomaly Input] [2026-08-16 19:21:58.493 (UTC)] warn/application	[Motor] Distance too close (15.6925261831808); rotating motor to 0 degrees | Severity=175 | SourceName=Motor | EventType=application | SourceNode=ns=1;s=MotorSource
[Anomaly Input] [2026-08-16 19:21:58.499 (UTC)] info/application	[Motor] Distance safe (28.778799074599); rotating motor to 90 degrees | Severity=75 | SourceName=Motor3 | EventType=application | SourceNode=ns=1;s=MotorSource3
[Anomaly Input] [2026-08-16 19:21:59.402 (UTC)] info/application	[Sensor] Updated distance: 27.7347764709195 cm | Severity=75 | SourceName=Sensor3 | EventType=application | SourceNode=ns=1;s=SensorSource3
[Anomaly Input] [2026-08-16 19:21:59.402 (UTC)] info/application	[Sensor] Updated distance: 22.0753784955365 cm | Severity=75 | SourceName=Sensor2 | EventType=application | SourceNode=ns=1;s=SensorSource2
[Anomaly Input] [2026-08-16 19:21:59.493 (UTC)] info/application	[Sensor] Updated distance: 16.3056178373777 cm | Severity=75 | SourceName=Sensor | EventType=application | SourceNode=ns=1;s=SensorSource
[Anomaly Input] [2026-08-16 19:21:59.493 (UTC)] info/application	[Motor] Received distance: 16.3056178373777 cm | Severity=75 | SourceName=Motor | EventType=application | SourceNode=ns=1;s=MotorSource
[Anomaly Input] [2026-08-16 19:21:59.499 (UTC)] info/application	[Motor] Received distance: 22.0753784955365 cm | Severity=75 | SourceName=Motor2 | EventType=application | SourceNode=ns=1;s=MotorSource2
[Anomaly Input] [2026-08-16 19:21:59.500 (UTC)] info/application	[Motor] Received distance: 27.7347764709195 cm | Severity=75 | SourceName=Motor3 | EventType=application | SourceNode=ns=1;s=MotorSource3
[Anomaly Input] [2026-08-16 19:21:59.493 (UTC)] warn/application	[Motor] Distance too close (16.3056178373777); rotating motor to 0 degrees | Severity=175 | SourceName=Motor | EventType=application | SourceNode=ns=1;s=MotorSource
[Anomaly Input] [2026-08-16 19:21:59.499 (UTC)] info/application	[Motor] Distance safe (22.0753784955365); rotating motor to 90 degrees | Severity=75 | SourceName=Motor2 | EventType=application | SourceNode=ns=1;s=MotorSource2
[Anomaly Input] [2026-08-16 19:21:59.500 (UTC)] info/application	[Motor] Distance safe (27.7347764709195); rotating motor to 90 degrees | Severity=75 | SourceName=Motor3 | EventType=application | SourceNode=ns=1;s=MotorSource3
[Anomaly Input] [2026-08-16 19:22:00.402 (UTC)] info/application	[Sensor] Updated distance: 23.2136076978471 cm | Severity=75 | SourceName=Sensor2 | EventType=application | SourceNode=ns=1;s=SensorSource2
[Anomaly Input] [2026-08-16 19:22:00.403 (UTC)] info/application	[Sensor] Updated distance: 28.7579262092514 cm | Severity=75 | SourceName=Sensor3 | EventType=application | SourceNode=ns=1;s=SensorSource3
[Anomaly Input] [2026-08-16 19:22:00.493 (UTC)] info/application	[Sensor] Updated distance: 15.5465179588862 cm | Severity=75 | SourceName=Sensor | EventType=application | SourceNode=ns=1;s=SensorSource
[Anomaly Input] [2026-08-16 19:22:00.500 (UTC)] info/application	[Motor] Received distance: 23.2136076978471 cm | Severity=75 | SourceName=Motor2 | EventType=application | SourceNode=ns=1;s=MotorSource2
[Anomaly Input] [2026-08-16 19:22:00.501 (UTC)] info/application	[Motor] Received distance: 28.7579262092514 cm | Severity=75 | SourceName=Motor3 | EventType=application | SourceNode=ns=1;s=MotorSource3
[Anomaly Input] [2026-08-16 19:22:00.502 (UTC)] info/application	[Motor] Received distance: 15.5465179588862 cm | Severity=75 | SourceName=Motor | EventType=application | SourceNode=ns=1;s=MotorSource
[Anomaly Input] [2026-08-16 19:22:00.500 (UTC)] info/application	[Motor] Distance safe (23.2136076978471); rotating motor to 90 degrees | Severity=75 | SourceName=Motor2 | EventType=application | SourceNode=ns=1;s=MotorSource2
[Anomaly Input] [2026-08-16 19:22:00.501 (UTC)] info/application	[Motor] Distance safe (28.7579262092514); rotating motor to 90 degrees | Severity=75 | SourceName=Motor3 | EventType=application | SourceNode=ns=1;s=MotorSource3
[Anomaly Input] [2026-08-16 19:22:00.502 (UTC)] warn/application	[Motor] Distance too close (15.5465179588862); rotating motor to 0 degrees | Severity=175 | SourceName=Motor | EventType=application | SourceNode=ns=1;s=MotorSource
[Anomaly Input] [2026-08-16 19:22:01.403 (UTC)] info/application	[Sensor] Updated distance: 22.0241424052623 cm | Severity=75 | SourceName=Sensor2 | EventType=application | SourceNode=ns=1;s=SensorSource2
[Anomaly Input] [2026-08-16 19:22:01.403 (UTC)] info/application	[Sensor] Updated distance: 28.9648556473967 cm | Severity=75 | SourceName=Sensor3 | EventType=application | SourceNode=ns=1;s=SensorSource3
[Anomaly Input] [2026-08-16 19:22:01.494 (UTC)] info/application	[Sensor] Updated distance: 16.9321725791936 cm | Severity=75 | SourceName=Sensor | EventType=application | SourceNode=ns=1;s=SensorSource
[Anomaly Input] [2026-08-16 19:22:01.494 (UTC)] info/application	[Motor] Received distance: 16.9321725791936 cm | Severity=75 | SourceName=Motor | EventType=application | SourceNode=ns=1;s=MotorSource
[Anomaly Input] [2026-08-16 19:22:01.494 (UTC)] info/application	[Motor] Received distance: 28.9648556473967 cm | Severity=75 | SourceName=Motor3 | EventType=application | SourceNode=ns=1;s=MotorSource3
[Anomaly Input] [2026-08-16 19:22:01.501 (UTC)] info/application	[Motor] Received distance: 22.0241424052623 cm | Severity=75 | SourceName=Motor2 | EventType=application | SourceNode=ns=1;s=MotorSource2
[Anomaly Input] [2026-08-16 19:22:01.494 (UTC)] warn/application	[Motor] Distance too close (16.9321725791936); rotating motor to 0 degrees | Severity=175 | SourceName=Motor | EventType=application | SourceNode=ns=1;s=MotorSource
[Anomaly Input] [2026-08-16 19:22:01.494 (UTC)] info/application	[Motor] Distance safe (28.9648556473967); rotating motor to 90 degrees | Severity=75 | SourceName=Motor3 | EventType=application | SourceNode=ns=1;s=MotorSource3
[Anomaly Input] [2026-08-16 19:22:01.501 (UTC)] info/application	[Motor] Distance safe (22.0241424052623); rotating motor to 90 degrees | Severity=75 | SourceName=Motor2 | EventType=application | SourceNode=ns=1;s=MotorSource2
[Anomaly Input] [2026-08-16 19:22:02.403 (UTC)] info/application	[Sensor] Updated distance: 20.556501271928 cm | Severity=75 | SourceName=Sensor2 | EventType=application | SourceNode=ns=1;s=SensorSource2
[Anomaly Input] [2026-08-16 19:22:02.404 (UTC)] info/application	[Sensor] Updated distance: 28.4055271141257 cm | Severity=75 | SourceName=Sensor3 | EventType=application | SourceNode=ns=1;s=SensorSource3
[Anomaly Input] [2026-08-16 19:22:02.494 (UTC)] info/application	[Sensor] Updated distance: 15.6359488298818 cm | Severity=75 | SourceName=Sensor | EventType=application | SourceNode=ns=1;s=SensorSource
[Anomaly Input] [2026-08-16 19:22:02.495 (UTC)] info/application	[Motor] Received distance: 20.556501271928 cm | Severity=75 | SourceName=Motor2 | EventType=application | SourceNode=ns=1;s=MotorSource2
[Anomaly Input] [2026-08-16 19:22:02.499 (UTC)] info/application	[Motor] Received distance: 28.4055271141257 cm | Severity=75 | SourceName=Motor3 | EventType=application | SourceNode=ns=1;s=MotorSource3
[Anomaly Input] [2026-08-16 19:22:02.503 (UTC)] info/application	[Motor] Received distance: 15.6359488298818 cm | Severity=75 | SourceName=Motor | EventType=application | SourceNode=ns=1;s=MotorSource
[Anomaly Input] [2026-08-16 19:22:02.495 (UTC)] info/application	[Motor] Distance safe (20.556501271928); rotating motor to 90 degrees | Severity=75 | SourceName=Motor2 | EventType=application | SourceNode=ns=1;s=MotorSource2
[Anomaly Input] [2026-08-16 19:22:02.499 (UTC)] info/application	[Motor] Distance safe (28.4055271141257); rotating motor to 90 degrees | Severity=75 | SourceName=Motor3 | EventType=application | SourceNode=ns=1;s=MotorSource3
[Anomaly Input] [2026-08-16 19:22:02.503 (UTC)] warn/application	[Motor] Distance too close (15.6359488298818); rotating motor to 0 degrees | Severity=175 | SourceName=Motor | EventType=application | SourceNode=ns=1;s=MotorSource
[Anomaly Input] [2026-08-16 19:22:03.405 (UTC)] info/application	[Sensor] Updated distance: 20.1377159467143 cm | Severity=75 | SourceName=Sensor2 | EventType=application | SourceNode=ns=1;s=SensorSource2
[Anomaly Input] [2026-08-16 19:22:03.405 (UTC)] info/application	[Sensor] Updated distance: 29.2944924620886 cm | Severity=75 | SourceName=Sensor3 | EventType=application | SourceNode=ns=1;s=SensorSource3
[Anomaly Input] [2026-08-16 19:22:03.496 (UTC)] info/application	[Sensor] Updated distance: 14.4266790949864 cm | Severity=75 | SourceName=Sensor | EventType=application | SourceNode=ns=1;s=SensorSource
[Anomaly Input] [2026-08-16 19:22:03.496 (UTC)] info/application	[Motor] Received distance: 14.4266790949864 cm | Severity=75 | SourceName=Motor | EventType=application | SourceNode=ns=1;s=MotorSource
[Anomaly Input] [2026-08-16 19:22:03.499 (UTC)] info/application	[Motor] Received distance: 20.1377159467143 cm | Severity=75 | SourceName=Motor2 | EventType=application | SourceNode=ns=1;s=MotorSource2
[Anomaly Input] [2026-08-16 19:22:03.501 (UTC)] info/application	[Motor] Received distance: 29.2944924620886 cm | Severity=75 | SourceName=Motor3 | EventType=application | SourceNode=ns=1;s=MotorSource3
[Anomaly Input] [2026-08-16 19:22:03.496 (UTC)] warn/application	[Motor] Distance too close (14.4266790949864); rotating motor to 0 degrees | Severity=175 | SourceName=Motor | EventType=application | SourceNode=ns=1;s=MotorSource
[Anomaly Input] [2026-08-16 19:22:03.499 (UTC)] info/application	[Motor] Distance safe (20.1377159467143); rotating motor to 90 degrees | Severity=75 | SourceName=Motor2 | EventType=application | SourceNode=ns=1;s=MotorSource2
[Anomaly Input] [2026-08-16 19:22:03.501 (UTC)] info/application	[Motor] Distance safe (29.2944924620886); rotating motor to 90 degrees | Severity=75 | SourceName=Motor3 | EventType=application | SourceNode=ns=1;s=MotorSource3
[Anomaly Input] [2026-08-16 19:22:04.405 (UTC)] info/application	[Sensor] Updated distance: 21.1929113423419 cm | Severity=75 | SourceName=Sensor2 | EventType=application | SourceNode=ns=1;s=SensorSource2
[Anomaly Input] [2026-08-16 19:22:04.406 (UTC)] info/application	[Sensor] Updated distance: 29.5728860891298 cm | Severity=75 | SourceName=Sensor3 | EventType=application | SourceNode=ns=1;s=SensorSource3
[Anomaly Input] [2026-08-16 19:22:04.496 (UTC)] info/application	[Sensor] Updated distance: 15.3341048750254 cm | Severity=75 | SourceName=Sensor | EventType=application | SourceNode=ns=1;s=SensorSource
[Anomaly Input] [2026-08-16 19:22:04.497 (UTC)] info/application	[Motor] Received distance: 29.5728860891298 cm | Severity=75 | SourceName=Motor3 | EventType=application | SourceNode=ns=1;s=MotorSource3
[Anomaly Input] [2026-08-16 19:22:04.500 (UTC)] info/application	[Motor] Received distance: 21.1929113423419 cm | Severity=75 | SourceName=Motor2 | EventType=application | SourceNode=ns=1;s=MotorSource2
[Anomaly Input] [2026-08-16 19:22:04.505 (UTC)] info/application	[Motor] Received distance: 15.3341048750254 cm | Severity=75 | SourceName=Motor | EventType=application | SourceNode=ns=1;s=MotorSource
[Anomaly Input] [2026-08-16 19:22:04.497 (UTC)] info/application	[Motor] Distance safe (29.5728860891298); rotating motor to 90 degrees | Severity=75 | SourceName=Motor3 | EventType=application | SourceNode=ns=1;s=MotorSource3
[Anomaly Input] [2026-08-16 19:22:04.500 (UTC)] info/application	[Motor] Distance safe (21.1929113423419); rotating motor to 90 degrees | Severity=75 | SourceName=Motor2 | EventType=application | SourceNode=ns=1;s=MotorSource2
[Anomaly Input] [2026-08-16 19:22:04.505 (UTC)] warn/application	[Motor] Distance too close (15.3341048750254); rotating motor to 0 degrees | Severity=175 | SourceName=Motor | EventType=application | SourceNode=ns=1;s=MotorSource
[Anomaly Input] [2026-08-16 19:22:05.406 (UTC)] info/application	[Sensor] Updated distance: 21.2433737151993 cm | Severity=75 | SourceName=Sensor2 | EventType=application | SourceNode=ns=1;s=SensorSource2
[Anomaly Input] [2026-08-16 19:22:05.406 (UTC)] info/application	[Sensor] Updated distance: 29.0622565711673 cm | Severity=75 | SourceName=Sensor3 | EventType=application | SourceNode=ns=1;s=SensorSource3
[Anomaly Input] [2026-08-16 19:22:05.496 (UTC)] info/application	[Sensor] Updated distance: 16.7956806690412 cm | Severity=75 | SourceName=Sensor | EventType=application | SourceNode=ns=1;s=SensorSource
[Anomaly Input] [2026-08-16 19:22:05.497 (UTC)] info/application	[Motor] Received distance: 16.7956806690412 cm | Severity=75 | SourceName=Motor | EventType=application | SourceNode=ns=1;s=MotorSource
[Anomaly Input] [2026-08-16 19:22:05.500 (UTC)] info/application	[Motor] Received distance: 29.0622565711673 cm | Severity=75 | SourceName=Motor3 | EventType=application | SourceNode=ns=1;s=MotorSource3
[Anomaly Input] [2026-08-16 19:22:05.501 (UTC)] info/application	[Motor] Received distance: 21.2433737151993 cm | Severity=75 | SourceName=Motor2 | EventType=application | SourceNode=ns=1;s=MotorSource2
[Anomaly Input] [2026-08-16 19:22:05.497 (UTC)] warn/application	[Motor] Distance too close (16.7956806690412); rotating motor to 0 degrees | Severity=175 | SourceName=Motor | EventType=application | SourceNode=ns=1;s=MotorSource
[Anomaly Input] [2026-08-16 19:22:05.500 (UTC)] info/application	[Motor] Distance safe (29.0622565711673); rotating motor to 90 degrees | Severity=75 | SourceName=Motor3 | EventType=application | SourceNode=ns=1;s=MotorSource3
[Anomaly Input] [2026-08-16 19:22:05.501 (UTC)] info/application	[Motor] Distance safe (21.2433737151993); rotating motor to 90 degrees | Severity=75 | SourceName=Motor2 | EventType=application | SourceNode=ns=1;s=MotorSource2
[Anomaly Input] [2026-08-16 19:22:06.406 (UTC)] info/application	[Sensor] Updated distance: 20.5259037825865 cm | Severity=75 | SourceName=Sensor2 | EventType=application | SourceNode=ns=1;s=SensorSource2
[Anomaly Input] [2026-08-16 19:22:06.406 (UTC)] info/application	[Sensor] Updated distance: 29.7814245278861 cm | Severity=75 | SourceName=Sensor3 | EventType=application | SourceNode=ns=1;s=SensorSource3
[Anomaly Input] [2026-08-16 19:22:06.497 (UTC)] info/application	[Sensor] Updated distance: 16.3745548440491 cm | Severity=75 | SourceName=Sensor | EventType=application | SourceNode=ns=1;s=SensorSource
[Anomaly Input] [2026-08-16 19:22:06.501 (UTC)] info/application	[Motor] Received distance: 20.5259037825865 cm | Severity=75 | SourceName=Motor2 | EventType=application | SourceNode=ns=1;s=MotorSource2
[Anomaly Input] [2026-08-16 19:22:06.501 (UTC)] info/application	[Motor] Received distance: 29.7814245278861 cm | Severity=75 | SourceName=Motor3 | EventType=application | SourceNode=ns=1;s=MotorSource3
[Anomaly Input] [2026-08-16 19:22:06.505 (UTC)] info/application	[Motor] Received distance: 16.3745548440491 cm | Severity=75 | SourceName=Motor | EventType=application | SourceNode=ns=1;s=MotorSource
[Anomaly Input] [2026-08-16 19:22:06.501 (UTC)] info/application	[Motor] Distance safe (20.5259037825865); rotating motor to 90 degrees | Severity=75 | SourceName=Motor2 | EventType=application | SourceNode=ns=1;s=MotorSource2
[Anomaly Input] [2026-08-16 19:22:06.501 (UTC)] info/application	[Motor] Distance safe (29.7814245278861); rotating motor to 90 degrees | Severity=75 | SourceName=Motor3 | EventType=application | SourceNode=ns=1;s=MotorSource3
[Anomaly Input] [2026-08-16 19:22:06.505 (UTC)] warn/application	[Motor] Distance too close (16.3745548440491); rotating motor to 0 degrees | Severity=175 | SourceName=Motor | EventType=application | SourceNode=ns=1;s=MotorSource
[Anomaly Input] [2026-08-16 19:22:07.407 (UTC)] info/application	[Sensor] Updated distance: 19.6130099702222 cm | Severity=75 | SourceName=Sensor2 | EventType=application | SourceNode=ns=1;s=SensorSource2
[Anomaly Input] [2026-08-16 19:22:07.407 (UTC)] info/application	[Sensor] Updated distance: 29.3912986576982 cm | Severity=75 | SourceName=Sensor3 | EventType=application | SourceNode=ns=1;s=SensorSource3
[Anomaly Input] [2026-08-16 19:22:07.498 (UTC)] info/application	[Sensor] Updated distance: 16.7175393107895 cm | Severity=75 | SourceName=Sensor | EventType=application | SourceNode=ns=1;s=SensorSource
[Anomaly Input] [2026-08-16 19:22:07.498 (UTC)] info/application	[Motor] Received distance: 16.7175393107895 cm | Severity=75 | SourceName=Motor | EventType=application | SourceNode=ns=1;s=MotorSource
[Anomaly Input] [2026-08-16 19:22:07.498 (UTC)] info/application	[Motor] Received distance: 19.6130099702222 cm | Severity=75 | SourceName=Motor2 | EventType=application | SourceNode=ns=1;s=MotorSource2
[Anomaly Input] [2026-08-16 19:22:07.498 (UTC)] info/application	[Motor] Received distance: 29.3912986576982 cm | Severity=75 | SourceName=Motor3 | EventType=application | SourceNode=ns=1;s=MotorSource3
[Anomaly Input] [2026-08-16 19:22:07.498 (UTC)] warn/application	[Motor] Distance too close (16.7175393107895); rotating motor to 0 degrees | Severity=175 | SourceName=Motor | EventType=application | SourceNode=ns=1;s=MotorSource
[Anomaly Input] [2026-08-16 19:22:07.498 (UTC)] warn/application	[Motor] Distance too close (19.6130099702222); rotating motor to 0 degrees | Severity=175 | SourceName=Motor2 | EventType=application | SourceNode=ns=1;s=MotorSource2
[Anomaly Input] [2026-08-16 19:22:07.498 (UTC)] info/application	[Motor] Distance safe (29.3912986576982); rotating motor to 90 degrees | Severity=75 | SourceName=Motor3 | EventType=application | SourceNode=ns=1;s=MotorSource3
[Anomaly Input] [2026-08-16 19:22:08.407 (UTC)] info/application	[Sensor] Updated distance: 20.8110137008182 cm | Severity=75 | SourceName=Sensor2 | EventType=application | SourceNode=ns=1;s=SensorSource2
[Anomaly Input] [2026-08-16 19:22:08.407 (UTC)] info/application	[Sensor] Updated distance: 30.2872386096452 cm | Severity=75 | SourceName=Sensor3 | EventType=application | SourceNode=ns=1;s=SensorSource3
[Anomaly Input] [2026-08-16 19:22:08.498 (UTC)] info/application	[Sensor] Updated distance: 15.3249003886361 cm | Severity=75 | SourceName=Sensor | EventType=application | SourceNode=ns=1;s=SensorSource
[Anomaly Input] [2026-08-16 19:22:08.499 (UTC)] info/application	[Motor] Received distance: 20.8110137008182 cm | Severity=75 | SourceName=Motor2 | EventType=application | SourceNode=ns=1;s=MotorSource2
[Anomaly Input] [2026-08-16 19:22:08.499 (UTC)] info/application	[Motor] Received distance: 30.2872386096452 cm | Severity=75 | SourceName=Motor3 | EventType=application | SourceNode=ns=1;s=MotorSource3
[Anomaly Input] [2026-08-16 19:22:08.506 (UTC)] info/application	[Motor] Received distance: 15.3249003886361 cm | Severity=75 | SourceName=Motor | EventType=application | SourceNode=ns=1;s=MotorSource
[Anomaly Input] [2026-08-16 19:22:08.499 (UTC)] info/application	[Motor] Distance safe (20.8110137008182); rotating motor to 90 degrees | Severity=75 | SourceName=Motor2 | EventType=application | SourceNode=ns=1;s=MotorSource2
[Anomaly Input] [2026-08-16 19:22:08.499 (UTC)] info/application	[Motor] Distance safe (30.2872386096452); rotating motor to 90 degrees | Severity=75 | SourceName=Motor3 | EventType=application | SourceNode=ns=1;s=MotorSource3
[Anomaly Input] [2026-08-16 19:22:08.506 (UTC)] warn/application	[Motor] Distance too close (15.3249003886361); rotating motor to 0 degrees | Severity=175 | SourceName=Motor | EventType=application | SourceNode=ns=1;s=MotorSource
[Anomaly Input] [2026-08-16 19:22:09.407 (UTC)] info/application	[Sensor] Updated distance: 21.4908859794917 cm | Severity=75 | SourceName=Sensor2 | EventType=application | SourceNode=ns=1;s=SensorSource2
[Anomaly Input] [2026-08-16 19:22:09.408 (UTC)] info/application	[Sensor] Updated distance: 31.2451050527138 cm | Severity=75 | SourceName=Sensor3 | EventType=application | SourceNode=ns=1;s=SensorSource3
[Anomaly Input] [2026-08-16 19:22:09.498 (UTC)] info/application	[Sensor] Updated distance: 14.4407004390102 cm | Severity=75 | SourceName=Sensor | EventType=application | SourceNode=ns=1;s=SensorSource
[Anomaly Input] [2026-08-16 19:22:09.499 (UTC)] info/application	[Motor] Received distance: 14.4407004390102 cm | Severity=75 | SourceName=Motor | EventType=application | SourceNode=ns=1;s=MotorSource
[Anomaly Input] [2026-08-16 19:22:09.499 (UTC)] info/application	[Motor] Received distance: 21.4908859794917 cm | Severity=75 | SourceName=Motor2 | EventType=application | SourceNode=ns=1;s=MotorSource2
[Anomaly Input] [2026-08-16 19:22:09.500 (UTC)] info/application	[Motor] Received distance: 31.2451050527138 cm | Severity=75 | SourceName=Motor3 | EventType=application | SourceNode=ns=1;s=MotorSource3
[Anomaly Input] [2026-08-16 19:22:09.499 (UTC)] warn/application	[Motor] Distance too close (14.4407004390102); rotating motor to 0 degrees | Severity=175 | SourceName=Motor | EventType=application | SourceNode=ns=1;s=MotorSource
[Anomaly Input] [2026-08-16 19:22:09.499 (UTC)] info/application	[Motor] Distance safe (21.4908859794917); rotating motor to 90 degrees | Severity=75 | SourceName=Motor2 | EventType=application | SourceNode=ns=1;s=MotorSource2
[Anomaly Input] [2026-08-16 19:22:09.500 (UTC)] info/application	[Motor] Distance safe (31.2451050527138); rotating motor to 90 degrees | Severity=75 | SourceName=Motor3 | EventType=application | SourceNode=ns=1;s=MotorSource3
[Anomaly Input] [2026-08-16 19:22:10.398 (UTC)] info/application	[Sensor] Updated distance: 31.9996736715546 cm | Severity=75 | SourceName=Sensor3 | EventType=application | SourceNode=ns=1;s=SensorSource3
[Anomaly Input] [2026-08-16 19:22:10.408 (UTC)] info/application	[Sensor] Updated distance: 20.542404282625 cm | Severity=75 | SourceName=Sensor2 | EventType=application | SourceNode=ns=1;s=SensorSource2
[Anomaly Input] [2026-08-16 19:22:10.499 (UTC)] info/application	[Sensor] Updated distance: 15.3475555371715 cm | Severity=75 | SourceName=Sensor | EventType=application | SourceNode=ns=1;s=SensorSource
[Anomaly Input] [2026-08-16 19:22:10.500 (UTC)] info/application	[Motor] Received distance: 20.542404282625 cm | Severity=75 | SourceName=Motor2 | EventType=application | SourceNode=ns=1;s=MotorSource2
[Anomaly Input] [2026-08-16 19:22:10.500 (UTC)] info/application	[Motor] Received distance: 31.9996736715546 cm | Severity=75 | SourceName=Motor3 | EventType=application | SourceNode=ns=1;s=MotorSource3
[Anomaly Input] [2026-08-16 19:22:10.508 (UTC)] info/application	[Motor] Received distance: 15.3475555371715 cm | Severity=75 | SourceName=Motor | EventType=application | SourceNode=ns=1;s=MotorSource
[Anomaly Input] [2026-08-16 19:22:10.500 (UTC)] info/application	[Motor] Distance safe (20.542404282625); rotating motor to 90 degrees | Severity=75 | SourceName=Motor2 | EventType=application | SourceNode=ns=1;s=MotorSource2
[Anomaly Input] [2026-08-16 19:22:10.500 (UTC)] info/application	[Motor] Distance safe (31.9996736715546); rotating motor to 90 degrees | Severity=75 | SourceName=Motor3 | EventType=application | SourceNode=ns=1;s=MotorSource3
[Anomaly Input] [2026-08-16 19:22:10.508 (UTC)] warn/application	[Motor] Distance too close (15.3475555371715); rotating motor to 0 degrees | Severity=175 | SourceName=Motor | EventType=application | SourceNode=ns=1;s=MotorSource
[Anomaly Input] [2026-08-16 19:22:11.398 (UTC)] info/application	[Sensor] Updated distance: 31.9546745072373 cm | Severity=75 | SourceName=Sensor3 | EventType=application | SourceNode=ns=1;s=SensorSource3
[Anomaly Input] [2026-08-16 19:22:11.408 (UTC)] info/application	[Sensor] Updated distance: 20.8703975967925 cm | Severity=75 | SourceName=Sensor2 | EventType=application | SourceNode=ns=1;s=SensorSource2
[Anomaly Input] [2026-08-16 19:22:11.499 (UTC)] info/application	[Sensor] Updated distance: 14.9787395787326 cm | Severity=75 | SourceName=Sensor | EventType=application | SourceNode=ns=1;s=SensorSource
[Anomaly Input] [2026-08-16 19:22:11.499 (UTC)] info/application	[Motor] Received distance: 14.9787395787326 cm | Severity=75 | SourceName=Motor | EventType=application | SourceNode=ns=1;s=MotorSource
[Anomaly Input] [2026-08-16 19:22:11.501 (UTC)] info/application	[Motor] Received distance: 31.9546745072373 cm | Severity=75 | SourceName=Motor3 | EventType=application | SourceNode=ns=1;s=MotorSource3
[Anomaly Input] [2026-08-16 19:22:11.501 (UTC)] info/application	[Motor] Received distance: 20.8703975967925 cm | Severity=75 | SourceName=Motor2 | EventType=application | SourceNode=ns=1;s=MotorSource2
[Anomaly Input] [2026-08-16 19:22:11.499 (UTC)] warn/application	[Motor] Distance too close (14.9787395787326); rotating motor to 0 degrees | Severity=175 | SourceName=Motor | EventType=application | SourceNode=ns=1;s=MotorSource
[Anomaly Input] [2026-08-16 19:22:11.501 (UTC)] info/application	[Motor] Distance safe (20.8703975967925); rotating motor to 90 degrees | Severity=75 | SourceName=Motor2 | EventType=application | SourceNode=ns=1;s=MotorSource2
[Anomaly Input] [2026-08-16 19:22:11.501 (UTC)] info/application	[Motor] Distance safe (31.9546745072373); rotating motor to 90 degrees | Severity=75 | SourceName=Motor3 | EventType=application | SourceNode=ns=1;s=MotorSource3
[Anomaly Input] [2026-08-16 19:22:12.399 (UTC)] info/application	[Sensor] Updated distance: 33.2219155171057 cm | Severity=75 | SourceName=Sensor3 | EventType=application | SourceNode=ns=1;s=SensorSource3
[Anomaly Input] [2026-08-16 19:22:12.408 (UTC)] info/application	[Sensor] Updated distance: 20.9338196771843 cm | Severity=75 | SourceName=Sensor2 | EventType=application | SourceNode=ns=1;s=SensorSource2
[Anomaly Input] [2026-08-16 19:22:12.490 (UTC)] info/application	[Motor] Received distance: 33.2219155171057 cm | Severity=75 | SourceName=Motor3 | EventType=application | SourceNode=ns=1;s=MotorSource3
[Anomaly Input] [2026-08-16 19:22:12.499 (UTC)] info/application	[Sensor] Updated distance: 13.9768762171627 cm | Severity=75 | SourceName=Sensor | EventType=application | SourceNode=ns=1;s=SensorSource
[Anomaly Input] [2026-08-16 19:22:12.508 (UTC)] info/application	[Motor] Received distance: 13.9768762171627 cm | Severity=75 | SourceName=Motor | EventType=application | SourceNode=ns=1;s=MotorSource
[Anomaly Input] [2026-08-16 19:22:12.509 (UTC)] info/application	[Motor] Received distance: 20.9338196771843 cm | Severity=75 | SourceName=Motor2 | EventType=application | SourceNode=ns=1;s=MotorSource2
[Anomaly Input] [2026-08-16 19:22:12.490 (UTC)] info/application	[Motor] Distance safe (33.2219155171057); rotating motor to 90 degrees | Severity=75 | SourceName=Motor3 | EventType=application | SourceNode=ns=1;s=MotorSource3
[Anomaly Input] [2026-08-16 19:22:12.508 (UTC)] warn/application	[Motor] Distance too close (13.9768762171627); rotating motor to 0 degrees | Severity=175 | SourceName=Motor | EventType=application | SourceNode=ns=1;s=MotorSource
[Anomaly Input] [2026-08-16 19:22:12.509 (UTC)] info/application	[Motor] Distance safe (20.9338196771843); rotating motor to 90 degrees | Severity=75 | SourceName=Motor2 | EventType=application | SourceNode=ns=1;s=MotorSource2
[Anomaly Input] [2026-08-16 19:22:13.399 (UTC)] info/application	[Sensor] Updated distance: 32.4143773284342 cm | Severity=75 | SourceName=Sensor3 | EventType=application | SourceNode=ns=1;s=SensorSource3
[Anomaly Input] [2026-08-16 19:22:13.409 (UTC)] info/application	[Sensor] Updated distance: 22.3153514530581 cm | Severity=75 | SourceName=Sensor2 | EventType=application | SourceNode=ns=1;s=SensorSource2
[Anomaly Input] [2026-08-16 19:22:13.499 (UTC)] info/application	[Motor] Received distance: 32.4143773284342 cm | Severity=75 | SourceName=Motor3 | EventType=application | SourceNode=ns=1;s=MotorSource3
[Anomaly Input] [2026-08-16 19:22:13.500 (UTC)] info/application	[Sensor] Updated distance: 12.5692464665367 cm | Severity=75 | SourceName=Sensor | EventType=application | SourceNode=ns=1;s=SensorSource
[Anomaly Input] [2026-08-16 19:22:13.500 (UTC)] info/application	[Motor] Received distance: 12.5692464665367 cm | Severity=75 | SourceName=Motor | EventType=application | SourceNode=ns=1;s=MotorSource
[Anomaly Input] [2026-08-16 19:22:13.500 (UTC)] info/application	[Motor] Received distance: 22.3153514530581 cm | Severity=75 | SourceName=Motor2 | EventType=application | SourceNode=ns=1;s=MotorSource2
[Anomaly Input] [2026-08-16 19:22:13.499 (UTC)] info/application	[Motor] Distance safe (32.4143773284342); rotating motor to 90 degrees | Severity=75 | SourceName=Motor3 | EventType=application | SourceNode=ns=1;s=MotorSource3
[Anomaly Input] [2026-08-16 19:22:13.500 (UTC)] warn/application	[Motor] Distance too close (12.5692464665367); rotating motor to 0 degrees | Severity=175 | SourceName=Motor | EventType=application | SourceNode=ns=1;s=MotorSource
[Anomaly Input] [2026-08-16 19:22:13.500 (UTC)] info/application	[Motor] Distance safe (22.3153514530581); rotating motor to 90 degrees | Severity=75 | SourceName=Motor2 | EventType=application | SourceNode=ns=1;s=MotorSource2
[Anomaly Input] [2026-08-16 19:22:14.399 (UTC)] info/application	[Sensor] Updated distance: 32.6437768091651 cm | Severity=75 | SourceName=Sensor3 | EventType=application | SourceNode=ns=1;s=SensorSource3
[Anomaly Input] [2026-08-16 19:22:14.409 (UTC)] info/application	[Sensor] Updated distance: 23.0461007748014 cm | Severity=75 | SourceName=Sensor2 | EventType=application | SourceNode=ns=1;s=SensorSource2
[Anomaly Input] [2026-08-16 19:22:14.499 (UTC)] info/application	[Sensor] Updated distance: 12.3916134158576 cm | Severity=75 | SourceName=Sensor | EventType=application | SourceNode=ns=1;s=SensorSource
[Anomaly Input] [2026-08-16 19:22:14.499 (UTC)] info/application	[Motor] Received distance: 32.6437768091651 cm | Severity=75 | SourceName=Motor3 | EventType=application | SourceNode=ns=1;s=MotorSource3
[Anomaly Input] [2026-08-16 19:22:14.500 (UTC)] info/application	[Motor] Received distance: 23.0461007748014 cm | Severity=75 | SourceName=Motor2 | EventType=application | SourceNode=ns=1;s=MotorSource2
[Anomaly Input] [2026-08-16 19:22:14.508 (UTC)] info/application	[Motor] Received distance: 12.3916134158576 cm | Severity=75 | SourceName=Motor | EventType=application | SourceNode=ns=1;s=MotorSource
[Anomaly Input] [2026-08-16 19:22:14.499 (UTC)] info/application	[Motor] Distance safe (32.6437768091651); rotating motor to 90 degrees | Severity=75 | SourceName=Motor3 | EventType=application | SourceNode=ns=1;s=MotorSource3
[Anomaly Input] [2026-08-16 19:22:14.500 (UTC)] info/application	[Motor] Distance safe (23.0461007748014); rotating motor to 90 degrees | Severity=75 | SourceName=Motor2 | EventType=application | SourceNode=ns=1;s=MotorSource2
[Anomaly Input] [2026-08-16 19:22:14.508 (UTC)] warn/application	[Motor] Distance too close (12.3916134158576); rotating motor to 0 degrees | Severity=175 | SourceName=Motor | EventType=application | SourceNode=ns=1;s=MotorSource
[Anomaly Input] [2026-08-16 19:22:15.399 (UTC)] info/application	[Sensor] Updated distance: 23.1624709687487 cm | Severity=75 | SourceName=Sensor2 | EventType=application | SourceNode=ns=1;s=SensorSource2
[Anomaly Input] [2026-08-16 19:22:15.399 (UTC)] info/application	[Sensor] Updated distance: 33.7206620304941 cm | Severity=75 | SourceName=Sensor3 | EventType=application | SourceNode=ns=1;s=SensorSource3
[Anomaly Input] [2026-08-16 19:22:15.490 (UTC)] info/application	[Motor] Received distance: 23.1624709687487 cm | Severity=75 | SourceName=Motor2 | EventType=application | SourceNode=ns=1;s=MotorSource2
[Anomaly Input] [2026-08-16 19:22:15.500 (UTC)] info/application	[Motor] Received distance: 33.7206620304941 cm | Severity=75 | SourceName=Motor3 | EventType=application | SourceNode=ns=1;s=MotorSource3
[Anomaly Input] [2026-08-16 19:22:15.500 (UTC)] info/application	[Sensor] Updated distance: 11.8185799065133 cm | Severity=75 | SourceName=Sensor | EventType=application | SourceNode=ns=1;s=SensorSource
[Anomaly Input] [2026-08-16 19:22:15.500 (UTC)] info/application	[Motor] Received distance: 11.8185799065133 cm | Severity=75 | SourceName=Motor | EventType=application | SourceNode=ns=1;s=MotorSource
[Anomaly Input] [2026-08-16 19:22:15.490 (UTC)] info/application	[Motor] Distance safe (23.1624709687487); rotating motor to 90 degrees | Severity=75 | SourceName=Motor2 | EventType=application | SourceNode=ns=1;s=MotorSource2
[Anomaly Input] [2026-08-16 19:22:15.500 (UTC)] info/application	[Motor] Distance safe (33.7206620304941); rotating motor to 90 degrees | Severity=75 | SourceName=Motor3 | EventType=application | SourceNode=ns=1;s=MotorSource3
[Anomaly Input] [2026-08-16 19:22:15.500 (UTC)] warn/application	[Motor] Distance too close (11.8185799065133); rotating motor to 0 degrees | Severity=175 | SourceName=Motor | EventType=application | SourceNode=ns=1;s=MotorSource
[Anomaly Input] [2026-08-16 19:22:16.399 (UTC)] info/application	[Sensor] Updated distance: 22.1446475331414 cm | Severity=75 | SourceName=Sensor2 | EventType=application | SourceNode=ns=1;s=SensorSource2
[Anomaly Input] [2026-08-16 19:22:16.399 (UTC)] info/application	[Sensor] Updated distance: 32.7421098117447 cm | Severity=75 | SourceName=Sensor3 | EventType=application | SourceNode=ns=1;s=SensorSource3
[Anomaly Input] [2026-08-16 19:22:16.499 (UTC)] info/application	[Motor] Received distance: 22.1446475331414 cm | Severity=75 | SourceName=Motor2 | EventType=application | SourceNode=ns=1;s=MotorSource2
[Anomaly Input] [2026-08-16 19:22:16.500 (UTC)] info/application	[Sensor] Updated distance: 11.8745242689618 cm | Severity=75 | SourceName=Sensor | EventType=application | SourceNode=ns=1;s=SensorSource
[Anomaly Input] [2026-08-16 19:22:16.500 (UTC)] info/application	[Motor] Received distance: 32.7421098117447 cm | Severity=75 | SourceName=Motor3 | EventType=application | SourceNode=ns=1;s=MotorSource3
[Anomaly Input] [2026-08-16 19:22:16.508 (UTC)] info/application	[Motor] Received distance: 11.8745242689618 cm | Severity=75 | SourceName=Motor | EventType=application | SourceNode=ns=1;s=MotorSource
[Anomaly Input] [2026-08-16 19:22:16.499 (UTC)] info/application	[Motor] Distance safe (22.1446475331414); rotating motor to 90 degrees | Severity=75 | SourceName=Motor2 | EventType=application | SourceNode=ns=1;s=MotorSource2
[Anomaly Input] [2026-08-16 19:22:16.500 (UTC)] info/application	[Motor] Distance safe (32.7421098117447); rotating motor to 90 degrees | Severity=75 | SourceName=Motor3 | EventType=application | SourceNode=ns=1;s=MotorSource3
[Anomaly Input] [2026-08-16 19:22:16.508 (UTC)] warn/application	[Motor] Distance too close (11.8745242689618); rotating motor to 0 degrees | Severity=175 | SourceName=Motor | EventType=application | SourceNode=ns=1;s=MotorSource
[Anomaly Input] [2026-08-16 19:22:17.399 (UTC)] info/application	[Sensor] Updated distance: 20.7334447769604 cm | Severity=75 | SourceName=Sensor2 | EventType=application | SourceNode=ns=1;s=SensorSource2
[Anomaly Input] [2026-08-16 19:22:17.400 (UTC)] info/application	[Sensor] Updated distance: 32.28467535916 cm | Severity=75 | SourceName=Sensor3 | EventType=application | SourceNode=ns=1;s=SensorSource3
[Anomaly Input] [2026-08-16 19:22:17.499 (UTC)] info/application	[Motor] Received distance: 20.7334447769604 cm | Severity=75 | SourceName=Motor2 | EventType=application | SourceNode=ns=1;s=MotorSource2
[Anomaly Input] [2026-08-16 19:22:17.500 (UTC)] info/application	[Sensor] Updated distance: 13.1753045270105 cm | Severity=75 | SourceName=Sensor | EventType=application | SourceNode=ns=1;s=SensorSource
[Anomaly Input] [2026-08-16 19:22:17.500 (UTC)] info/application	[Motor] Received distance: 13.1753045270105 cm | Severity=75 | SourceName=Motor | EventType=application | SourceNode=ns=1;s=MotorSource
[Anomaly Input] [2026-08-16 19:22:17.500 (UTC)] info/application	[Motor] Received distance: 32.28467535916 cm | Severity=75 | SourceName=Motor3 | EventType=application | SourceNode=ns=1;s=MotorSource3
[Anomaly Input] [2026-08-16 19:22:17.499 (UTC)] info/application	[Motor] Distance safe (20.7334447769604); rotating motor to 90 degrees | Severity=75 | SourceName=Motor2 | EventType=application | SourceNode=ns=1;s=MotorSource2
[Anomaly Input] [2026-08-16 19:22:17.500 (UTC)] warn/application	[Motor] Distance too close (13.1753045270105); rotating motor to 0 degrees | Severity=175 | SourceName=Motor | EventType=application | SourceNode=ns=1;s=MotorSource
[Anomaly Input] [2026-08-16 19:22:17.500 (UTC)] info/application	[Motor] Distance safe (32.28467535916); rotating motor to 90 degrees | Severity=75 | SourceName=Motor3 | EventType=application | SourceNode=ns=1;s=MotorSource3
[Anomaly Input] [2026-08-16 19:22:18.399 (UTC)] info/application	[Sensor] Updated distance: 21.9259862741111 cm | Severity=75 | SourceName=Sensor2 | EventType=application | SourceNode=ns=1;s=SensorSource2
[Anomaly Input] [2026-08-16 19:22:18.400 (UTC)] info/application	[Sensor] Updated distance: 32.4530088139945 cm | Severity=75 | SourceName=Sensor3 | EventType=application | SourceNode=ns=1;s=SensorSource3
[Anomaly Input] [2026-08-16 19:22:18.490 (UTC)] info/application	[Sensor] Updated distance: 13.1018752742568 cm | Severity=75 | SourceName=Sensor | EventType=application | SourceNode=ns=1;s=SensorSource
[Anomaly Input] [2026-08-16 19:22:18.490 (UTC)] info/application	[Motor] Received distance: 13.1018752742568 cm | Severity=75 | SourceName=Motor | EventType=application | SourceNode=ns=1;s=MotorSource
[Anomaly Input] [2026-08-16 19:22:18.500 (UTC)] info/application	[Motor] Received distance: 21.9259862741111 cm | Severity=75 | SourceName=Motor2 | EventType=application | SourceNode=ns=1;s=MotorSource2
[Anomaly Input] [2026-08-16 19:22:18.500 (UTC)] info/application	[Motor] Received distance: 32.4530088139945 cm | Severity=75 | SourceName=Motor3 | EventType=application | SourceNode=ns=1;s=MotorSource3
[Anomaly Input] [2026-08-16 19:22:18.490 (UTC)] warn/application	[Motor] Distance too close (13.1018752742568); rotating motor to 0 degrees | Severity=175 | SourceName=Motor | EventType=application | SourceNode=ns=1;s=MotorSource
[Anomaly Input] [2026-08-16 19:22:18.500 (UTC)] info/application	[Motor] Distance safe (21.9259862741111); rotating motor to 90 degrees | Severity=75 | SourceName=Motor2 | EventType=application | SourceNode=ns=1;s=MotorSource2
[Anomaly Input] [2026-08-16 19:22:18.500 (UTC)] info/application	[Motor] Distance safe (32.4530088139945); rotating motor to 90 degrees | Severity=75 | SourceName=Motor3 | EventType=application | SourceNode=ns=1;s=MotorSource3
[Anomaly Input] [2026-08-16 19:22:19.399 (UTC)] info/application	[Sensor] Updated distance: 22.0638293449599 cm | Severity=75 | SourceName=Sensor2 | EventType=application | SourceNode=ns=1;s=SensorSource2
[Anomaly Input] [2026-08-16 19:22:19.400 (UTC)] info/application	[Sensor] Updated distance: 33.5395635902135 cm | Severity=75 | SourceName=Sensor3 | EventType=application | SourceNode=ns=1;s=SensorSource3
[Anomaly Input] [2026-08-16 19:22:19.491 (UTC)] info/application	[Sensor] Updated distance: 14.5099267771048 cm | Severity=75 | SourceName=Sensor | EventType=application | SourceNode=ns=1;s=SensorSource
[Anomaly Input] [2026-08-16 19:22:19.491 (UTC)] info/application	[Motor] Received distance: 33.5395635902135 cm | Severity=75 | SourceName=Motor3 | EventType=application | SourceNode=ns=1;s=MotorSource3
[Anomaly Input] [2026-08-16 19:22:19.492 (UTC)] info/application	[Motor] Received distance: 14.5099267771048 cm | Severity=75 | SourceName=Motor | EventType=application | SourceNode=ns=1;s=MotorSource
[Anomaly Input] [2026-08-16 19:22:19.500 (UTC)] info/application	[Motor] Received distance: 22.0638293449599 cm | Severity=75 | SourceName=Motor2 | EventType=application | SourceNode=ns=1;s=MotorSource2
[Anomaly Input] [2026-08-16 19:22:19.491 (UTC)] info/application	[Motor] Distance safe (33.5395635902135); rotating motor to 90 degrees | Severity=75 | SourceName=Motor3 | EventType=application | SourceNode=ns=1;s=MotorSource3
[Anomaly Input] [2026-08-16 19:22:19.492 (UTC)] warn/application	[Motor] Distance too close (14.5099267771048); rotating motor to 0 degrees | Severity=175 | SourceName=Motor | EventType=application | SourceNode=ns=1;s=MotorSource
[Anomaly Input] [2026-08-16 19:22:19.500 (UTC)] info/application	[Motor] Distance safe (22.0638293449599); rotating motor to 90 degrees | Severity=75 | SourceName=Motor2 | EventType=application | SourceNode=ns=1;s=MotorSource2
[Anomaly Input] [2026-08-16 19:22:20.400 (UTC)] info/application	[Sensor] Updated distance: 35.0108077139644 cm | Severity=75 | SourceName=Sensor3 | EventType=application | SourceNode=ns=1;s=SensorSource3
[Anomaly Input] [2026-08-16 19:22:20.400 (UTC)] info/application	[Sensor] Updated distance: 21.376262595121 cm | Severity=75 | SourceName=Sensor2 | EventType=application | SourceNode=ns=1;s=SensorSource2
[Anomaly Input] [2026-08-16 19:22:20.491 (UTC)] info/application	[Sensor] Updated distance: 14.5408474817131 cm | Severity=75 | SourceName=Sensor | EventType=application | SourceNode=ns=1;s=SensorSource
[Anomaly Input] [2026-08-16 19:22:20.491 (UTC)] info/application	[Motor] Received distance: 21.376262595121 cm | Severity=75 | SourceName=Motor2 | EventType=application | SourceNode=ns=1;s=MotorSource2
[Anomaly Input] [2026-08-16 19:22:20.493 (UTC)] info/application	[Motor] Received distance: 14.5408474817131 cm | Severity=75 | SourceName=Motor | EventType=application | SourceNode=ns=1;s=MotorSource
[Anomaly Input] [2026-08-16 19:22:20.500 (UTC)] info/application	[Motor] Received distance: 35.0108077139644 cm | Severity=75 | SourceName=Motor3 | EventType=application | SourceNode=ns=1;s=MotorSource3
[Anomaly Input] [2026-08-16 19:22:20.491 (UTC)] info/application	[Motor] Distance safe (21.376262595121); rotating motor to 90 degrees | Severity=75 | SourceName=Motor2 | EventType=application | SourceNode=ns=1;s=MotorSource2
[Anomaly Input] [2026-08-16 19:22:20.493 (UTC)] warn/application	[Motor] Distance too close (14.5408474817131); rotating motor to 0 degrees | Severity=175 | SourceName=Motor | EventType=application | SourceNode=ns=1;s=MotorSource
[Anomaly Input] [2026-08-16 19:22:20.500 (UTC)] info/application	[Motor] Distance safe (35.0108077139644); rotating motor to 90 degrees | Severity=75 | SourceName=Motor3 | EventType=application | SourceNode=ns=1;s=MotorSource3
[Anomaly Input] [2026-08-16 19:22:21.399 (UTC)] info/application	[Sensor] Updated distance: 20.5387175856339 cm | Severity=75 | SourceName=Sensor2 | EventType=application | SourceNode=ns=1;s=SensorSource2
[Anomaly Input] [2026-08-16 19:22:21.400 (UTC)] info/application	[Sensor] Updated distance: 34.5990253221705 cm | Severity=75 | SourceName=Sensor3 | EventType=application | SourceNode=ns=1;s=SensorSource3
[Anomaly Input] [2026-08-16 19:22:21.491 (UTC)] info/application	[Sensor] Updated distance: 15.3287154684443 cm | Severity=75 | SourceName=Sensor | EventType=application | SourceNode=ns=1;s=SensorSource
[Anomaly Input] [2026-08-16 19:22:21.493 (UTC)] info/application	[Motor] Received distance: 15.3287154684443 cm | Severity=75 | SourceName=Motor | EventType=application | SourceNode=ns=1;s=MotorSource
[Anomaly Input] [2026-08-16 19:22:21.499 (UTC)] info/application	[Motor] Received distance: 20.5387175856339 cm | Severity=75 | SourceName=Motor2 | EventType=application | SourceNode=ns=1;s=MotorSource2
[Anomaly Input] [2026-08-16 19:22:21.500 (UTC)] info/application	[Motor] Received distance: 34.5990253221705 cm | Severity=75 | SourceName=Motor3 | EventType=application | SourceNode=ns=1;s=MotorSource3
[Anomaly Input] [2026-08-16 19:22:21.493 (UTC)] warn/application	[Motor] Distance too close (15.3287154684443); rotating motor to 0 degrees | Severity=175 | SourceName=Motor | EventType=application | SourceNode=ns=1;s=MotorSource
[Anomaly Input] [2026-08-16 19:22:21.499 (UTC)] info/application	[Motor] Distance safe (20.5387175856339); rotating motor to 90 degrees | Severity=75 | SourceName=Motor2 | EventType=application | SourceNode=ns=1;s=MotorSource2
[Anomaly Input] [2026-08-16 19:22:21.500 (UTC)] info/application	[Motor] Distance safe (34.5990253221705); rotating motor to 90 degrees | Severity=75 | SourceName=Motor3 | EventType=application | SourceNode=ns=1;s=MotorSource3
[Anomaly Input] [2026-08-16 19:22:22.400 (UTC)] info/application	[Sensor] Updated distance: 33.4745362454441 cm | Severity=75 | SourceName=Sensor3 | EventType=application | SourceNode=ns=1;s=SensorSource3
[Anomaly Input] [2026-08-16 19:22:22.409 (UTC)] info/application	[Sensor] Updated distance: 20.3397828891593 cm | Severity=75 | SourceName=Sensor2 | EventType=application | SourceNode=ns=1;s=SensorSource2
[Anomaly Input] [2026-08-16 19:22:22.491 (UTC)] info/application	[Sensor] Updated distance: 14.6019524108162 cm | Severity=75 | SourceName=Sensor | EventType=application | SourceNode=ns=1;s=SensorSource
[Anomaly Input] [2026-08-16 19:22:22.493 (UTC)] info/application	[Motor] Received distance: 14.6019524108162 cm | Severity=75 | SourceName=Motor | EventType=application | SourceNode=ns=1;s=MotorSource
[Anomaly Input] [2026-08-16 19:22:22.499 (UTC)] info/application	[Motor] Received distance: 20.3397828891593 cm | Severity=75 | SourceName=Motor2 | EventType=application | SourceNode=ns=1;s=MotorSource2
[Anomaly Input] [2026-08-16 19:22:22.501 (UTC)] info/application	[Motor] Received distance: 33.4745362454441 cm | Severity=75 | SourceName=Motor3 | EventType=application | SourceNode=ns=1;s=MotorSource3
[Anomaly Input] [2026-08-16 19:22:22.493 (UTC)] warn/application	[Motor] Distance too close (14.6019524108162); rotating motor to 0 degrees | Severity=175 | SourceName=Motor | EventType=application | SourceNode=ns=1;s=MotorSource
[Anomaly Input] [2026-08-16 19:22:22.499 (UTC)] info/application	[Motor] Distance safe (20.3397828891593); rotating motor to 90 degrees | Severity=75 | SourceName=Motor2 | EventType=application | SourceNode=ns=1;s=MotorSource2
[Anomaly Input] [2026-08-16 19:22:22.501 (UTC)] info/application	[Motor] Distance safe (33.4745362454441); rotating motor to 90 degrees | Severity=75 | SourceName=Motor3 | EventType=application | SourceNode=ns=1;s=MotorSource3
[Anomaly Input] [2026-08-16 19:22:23.399 (UTC)] info/application	[Sensor] Updated distance: 19.6431941786517 cm | Severity=75 | SourceName=Sensor2 | EventType=application | SourceNode=ns=1;s=SensorSource2
[Anomaly Input] [2026-08-16 19:22:23.399 (UTC)] info/application	[Sensor] Updated distance: 32.4038417594991 cm | Severity=75 | SourceName=Sensor3 | EventType=application | SourceNode=ns=1;s=SensorSource3
[Anomaly Input] [2026-08-16 19:22:23.491 (UTC)] info/application	[Motor] Received distance: 32.4038417594991 cm | Severity=75 | SourceName=Motor3 | EventType=application | SourceNode=ns=1;s=MotorSource3
[Anomaly Input] [2026-08-16 19:22:23.491 (UTC)] info/application	[Sensor] Updated distance: 14.4033138805085 cm | Severity=75 | SourceName=Sensor | EventType=application | SourceNode=ns=1;s=SensorSource
[Anomaly Input] [2026-08-16 19:22:23.493 (UTC)] info/application	[Motor] Received distance: 14.4033138805085 cm | Severity=75 | SourceName=Motor | EventType=application | SourceNode=ns=1;s=MotorSource
[Anomaly Input] [2026-08-16 19:22:23.500 (UTC)] info/application	[Motor] Received distance: 19.6431941786517 cm | Severity=75 | SourceName=Motor2 | EventType=application | SourceNode=ns=1;s=MotorSource2
[Anomaly Input] [2026-08-16 19:22:23.491 (UTC)] info/application	[Motor] Distance safe (32.4038417594991); rotating motor to 90 degrees | Severity=75 | SourceName=Motor3 | EventType=application | SourceNode=ns=1;s=MotorSource3
[Anomaly Input] [2026-08-16 19:22:23.493 (UTC)] warn/application	[Motor] Distance too close (14.4033138805085); rotating motor to 0 degrees | Severity=175 | SourceName=Motor | EventType=application | SourceNode=ns=1;s=MotorSource
[Anomaly Input] [2026-08-16 19:22:23.500 (UTC)] warn/application	[Motor] Distance too close (19.6431941786517); rotating motor to 0 degrees | Severity=175 | SourceName=Motor2 | EventType=application | SourceNode=ns=1;s=MotorSource2
[Anomaly Input] [2026-08-16 19:22:24.399 (UTC)] info/application	[Sensor] Updated distance: 31.9326972011163 cm | Severity=75 | SourceName=Sensor3 | EventType=application | SourceNode=ns=1;s=SensorSource3
[Anomaly Input] [2026-08-16 19:22:24.399 (UTC)] info/application	[Sensor] Updated distance: 20.7764629427234 cm | Severity=75 | SourceName=Sensor2 | EventType=application | SourceNode=ns=1;s=SensorSource2
[Anomaly Input] [2026-08-16 19:22:24.491 (UTC)] info/application	[Sensor] Updated distance: 15.1380510323858 cm | Severity=75 | SourceName=Sensor | EventType=application | SourceNode=ns=1;s=SensorSource
[Anomaly Input] [2026-08-16 19:22:24.493 (UTC)] info/application	[Motor] Received distance: 15.1380510323858 cm | Severity=75 | SourceName=Motor | EventType=application | SourceNode=ns=1;s=MotorSource
[Anomaly Input] [2026-08-16 19:22:24.500 (UTC)] info/application	[Motor] Received distance: 31.9326972011163 cm | Severity=75 | SourceName=Motor3 | EventType=application | SourceNode=ns=1;s=MotorSource3
[Anomaly Input] [2026-08-16 19:22:24.500 (UTC)] info/application	[Motor] Received distance: 20.7764629427234 cm | Severity=75 | SourceName=Motor2 | EventType=application | SourceNode=ns=1;s=MotorSource2
[Anomaly Input] [2026-08-16 19:22:24.493 (UTC)] warn/application	[Motor] Distance too close (15.1380510323858); rotating motor to 0 degrees | Severity=175 | SourceName=Motor | EventType=application | SourceNode=ns=1;s=MotorSource
[Anomaly Input] [2026-08-16 19:22:24.500 (UTC)] info/application	[Motor] Distance safe (31.9326972011163); rotating motor to 90 degrees | Severity=75 | SourceName=Motor3 | EventType=application | SourceNode=ns=1;s=MotorSource3
[Anomaly Input] [2026-08-16 19:22:24.500 (UTC)] info/application	[Motor] Distance safe (20.7764629427234); rotating motor to 90 degrees | Severity=75 | SourceName=Motor2 | EventType=application | SourceNode=ns=1;s=MotorSource2
[Anomaly Input] [2026-08-16 19:22:25.399 (UTC)] info/application	[Sensor] Updated distance: 31.3384812394336 cm | Severity=75 | SourceName=Sensor3 | EventType=application | SourceNode=ns=1;s=SensorSource3
[Anomaly Input] [2026-08-16 19:22:25.399 (UTC)] info/application	[Sensor] Updated distance: 20.6927856845748 cm | Severity=75 | SourceName=Sensor2 | EventType=application | SourceNode=ns=1;s=SensorSource2
[Anomaly Input] [2026-08-16 19:22:25.490 (UTC)] info/application	[Motor] Received distance: 20.6927856845748 cm | Severity=75 | SourceName=Motor2 | EventType=application | SourceNode=ns=1;s=MotorSource2
[Anomaly Input] [2026-08-16 19:22:25.491 (UTC)] info/application	[Sensor] Updated distance: 15.2210570970648 cm | Severity=75 | SourceName=Sensor | EventType=application | SourceNode=ns=1;s=SensorSource
[Anomaly Input] [2026-08-16 19:22:25.493 (UTC)] info/application	[Motor] Received distance: 15.2210570970648 cm | Severity=75 | SourceName=Motor | EventType=application | SourceNode=ns=1;s=MotorSource
[Anomaly Input] [2026-08-16 19:22:25.500 (UTC)] info/application	[Motor] Received distance: 31.3384812394336 cm | Severity=75 | SourceName=Motor3 | EventType=application | SourceNode=ns=1;s=MotorSource3
[Anomaly Input] [2026-08-16 19:22:25.490 (UTC)] info/application	[Motor] Distance safe (20.6927856845748); rotating motor to 90 degrees | Severity=75 | SourceName=Motor2 | EventType=application | SourceNode=ns=1;s=MotorSource2
[Anomaly Input] [2026-08-16 19:22:25.493 (UTC)] warn/application	[Motor] Distance too close (15.2210570970648); rotating motor to 0 degrees | Severity=175 | SourceName=Motor | EventType=application | SourceNode=ns=1;s=MotorSource
[Anomaly Input] [2026-08-16 19:22:25.500 (UTC)] info/application	[Motor] Distance safe (31.3384812394336); rotating motor to 90 degrees | Severity=75 | SourceName=Motor3 | EventType=application | SourceNode=ns=1;s=MotorSource3
[Anomaly Input] [2026-08-16 19:22:26.399 (UTC)] info/application	[Sensor] Updated distance: 31.461632637522 cm | Severity=75 | SourceName=Sensor3 | EventType=application | SourceNode=ns=1;s=SensorSource3
[Anomaly Input] [2026-08-16 19:22:26.399 (UTC)] info/application	[Sensor] Updated distance: 19.8401126558148 cm | Severity=75 | SourceName=Sensor2 | EventType=application | SourceNode=ns=1;s=SensorSource2
[Anomaly Input] [2026-08-16 19:22:26.490 (UTC)] info/application	[Sensor] Updated distance: 13.9664429717075 cm | Severity=75 | SourceName=Sensor | EventType=application | SourceNode=ns=1;s=SensorSource
[Anomaly Input] [2026-08-16 19:22:26.491 (UTC)] info/application	[Motor] Received distance: 31.461632637522 cm | Severity=75 | SourceName=Motor3 | EventType=application | SourceNode=ns=1;s=MotorSource3
[Anomaly Input] [2026-08-16 19:22:26.493 (UTC)] info/application	[Motor] Received distance: 13.9664429717075 cm | Severity=75 | SourceName=Motor | EventType=application | SourceNode=ns=1;s=MotorSource
[Anomaly Input] [2026-08-16 19:22:26.499 (UTC)] info/application	[Motor] Received distance: 19.8401126558148 cm | Severity=75 | SourceName=Motor2 | EventType=application | SourceNode=ns=1;s=MotorSource2
[Anomaly Input] [2026-08-16 19:22:26.491 (UTC)] info/application	[Motor] Distance safe (31.461632637522); rotating motor to 90 degrees | Severity=75 | SourceName=Motor3 | EventType=application | SourceNode=ns=1;s=MotorSource3
[Anomaly Input] [2026-08-16 19:22:26.493 (UTC)] warn/application	[Motor] Distance too close (13.9664429717075); rotating motor to 0 degrees | Severity=175 | SourceName=Motor | EventType=application | SourceNode=ns=1;s=MotorSource
[Anomaly Input] [2026-08-16 19:22:26.499 (UTC)] warn/application	[Motor] Distance too close (19.8401126558148); rotating motor to 0 degrees | Severity=175 | SourceName=Motor2 | EventType=application | SourceNode=ns=1;s=MotorSource2
[Anomaly Input] [2026-08-16 19:22:27.400 (UTC)] info/application	[Sensor] Updated distance: 21.2763001750113 cm | Severity=75 | SourceName=Sensor2 | EventType=application | SourceNode=ns=1;s=SensorSource2
[Anomaly Input] [2026-08-16 19:22:27.400 (UTC)] info/application	[Sensor] Updated distance: 31.0072485886082 cm | Severity=75 | SourceName=Sensor3 | EventType=application | SourceNode=ns=1;s=SensorSource3
[Anomaly Input] [2026-08-16 19:22:27.490 (UTC)] info/application	[Sensor] Updated distance: 12.4933140107865 cm | Severity=75 | SourceName=Sensor | EventType=application | SourceNode=ns=1;s=SensorSource
[Anomaly Input] [2026-08-16 19:22:27.494 (UTC)] info/application	[Motor] Received distance: 12.4933140107865 cm | Severity=75 | SourceName=Motor | EventType=application | SourceNode=ns=1;s=MotorSource
[Anomaly Input] [2026-08-16 19:22:27.499 (UTC)] info/application	[Motor] Received distance: 31.0072485886082 cm | Severity=75 | SourceName=Motor3 | EventType=application | SourceNode=ns=1;s=MotorSource3
[Anomaly Input] [2026-08-16 19:22:27.500 (UTC)] info/application	[Motor] Received distance: 21.2763001750113 cm | Severity=75 | SourceName=Motor2 | EventType=application | SourceNode=ns=1;s=MotorSource2
[Anomaly Input] [2026-08-16 19:22:27.494 (UTC)] warn/application	[Motor] Distance too close (12.4933140107865); rotating motor to 0 degrees | Severity=175 | SourceName=Motor | EventType=application | SourceNode=ns=1;s=MotorSource
[Anomaly Input] [2026-08-16 19:22:27.499 (UTC)] info/application	[Motor] Distance safe (31.0072485886082); rotating motor to 90 degrees | Severity=75 | SourceName=Motor3 | EventType=application | SourceNode=ns=1;s=MotorSource3
[Anomaly Input] [2026-08-16 19:22:27.500 (UTC)] info/application	[Motor] Distance safe (21.2763001750113); rotating motor to 90 degrees | Severity=75 | SourceName=Motor2 | EventType=application | SourceNode=ns=1;s=MotorSource2
[Anomaly Input] [2026-08-16 19:22:28.400 (UTC)] info/application	[Sensor] Updated distance: 22.0075730304269 cm | Severity=75 | SourceName=Sensor2 | EventType=application | SourceNode=ns=1;s=SensorSource2
[Anomaly Input] [2026-08-16 19:22:28.400 (UTC)] info/application	[Sensor] Updated distance: 29.7642112852839 cm | Severity=75 | SourceName=Sensor3 | EventType=application | SourceNode=ns=1;s=SensorSource3
[Anomaly Input] [2026-08-16 19:22:28.490 (UTC)] info/application	[Sensor] Updated distance: 12.502877515742 cm | Severity=75 | SourceName=Sensor | EventType=application | SourceNode=ns=1;s=SensorSource
[Anomaly Input] [2026-08-16 19:22:28.490 (UTC)] info/application	[Motor] Received distance: 12.502877515742 cm | Severity=75 | SourceName=Motor | EventType=application | SourceNode=ns=1;s=MotorSource
[Anomaly Input] [2026-08-16 19:22:28.500 (UTC)] info/application	[Motor] Received distance: 29.7642112852839 cm | Severity=75 | SourceName=Motor3 | EventType=application | SourceNode=ns=1;s=MotorSource3
[Anomaly Input] [2026-08-16 19:22:28.500 (UTC)] info/application	[Motor] Received distance: 22.0075730304269 cm | Severity=75 | SourceName=Motor2 | EventType=application | SourceNode=ns=1;s=MotorSource2
[Anomaly Input] [2026-08-16 19:22:28.490 (UTC)] warn/application	[Motor] Distance too close (12.502877515742); rotating motor to 0 degrees | Severity=175 | SourceName=Motor | EventType=application | SourceNode=ns=1;s=MotorSource
[Anomaly Input] [2026-08-16 19:22:28.500 (UTC)] info/application	[Motor] Distance safe (29.7642112852839); rotating motor to 90 degrees | Severity=75 | SourceName=Motor3 | EventType=application | SourceNode=ns=1;s=MotorSource3
[Anomaly Input] [2026-08-16 19:22:28.500 (UTC)] info/application	[Motor] Distance safe (22.0075730304269); rotating motor to 90 degrees | Severity=75 | SourceName=Motor2 | EventType=application | SourceNode=ns=1;s=MotorSource2
[Anomaly Input] [2026-08-16 19:22:29.399 (UTC)] info/application	[Sensor] Updated distance: 29.8544200660449 cm | Severity=75 | SourceName=Sensor3 | EventType=application | SourceNode=ns=1;s=SensorSource3
[Anomaly Input] [2026-08-16 19:22:29.400 (UTC)] info/application	[Sensor] Updated distance: 21.42247113675 cm | Severity=75 | SourceName=Sensor2 | EventType=application | SourceNode=ns=1;s=SensorSource2
[Anomaly Input] [2026-08-16 19:22:29.490 (UTC)] info/application	[Sensor] Updated distance: 11.6487848244835 cm | Severity=75 | SourceName=Sensor | EventType=application | SourceNode=ns=1;s=SensorSource
[Anomaly Input] [2026-08-16 19:22:29.491 (UTC)] info/application	[Motor] Received distance: 29.8544200660449 cm | Severity=75 | SourceName=Motor3 | EventType=application | SourceNode=ns=1;s=MotorSource3
[Anomaly Input] [2026-08-16 19:22:29.491 (UTC)] info/application	[Motor] Received distance: 21.42247113675 cm | Severity=75 | SourceName=Motor2 | EventType=application | SourceNode=ns=1;s=MotorSource2
[Anomaly Input] [2026-08-16 19:22:29.492 (UTC)] info/application	[Motor] Received distance: 11.6487848244835 cm | Severity=75 | SourceName=Motor | EventType=application | SourceNode=ns=1;s=MotorSource
[Anomaly Input] [2026-08-16 19:22:29.491 (UTC)] info/application	[Motor] Distance safe (29.8544200660449); rotating motor to 90 degrees | Severity=75 | SourceName=Motor3 | EventType=application | SourceNode=ns=1;s=MotorSource3
[Anomaly Input] [2026-08-16 19:22:29.491 (UTC)] info/application	[Motor] Distance safe (21.42247113675); rotating motor to 90 degrees | Severity=75 | SourceName=Motor2 | EventType=application | SourceNode=ns=1;s=MotorSource2
[Anomaly Input] [2026-08-16 19:22:29.492 (UTC)] warn/application	[Motor] Distance too close (11.6487848244835); rotating motor to 0 degrees | Severity=175 | SourceName=Motor | EventType=application | SourceNode=ns=1;s=MotorSource
[Anomaly Input] [2026-08-16 19:22:30.399 (UTC)] info/application	[Sensor] Updated distance: 22.3599445225485 cm | Severity=75 | SourceName=Sensor2 | EventType=application | SourceNode=ns=1;s=SensorSource2
[Anomaly Input] [2026-08-16 19:22:30.400 (UTC)] info/application	[Sensor] Updated distance: 29.8560134134516 cm | Severity=75 | SourceName=Sensor3 | EventType=application | SourceNode=ns=1;s=SensorSource3
[Anomaly Input] [2026-08-16 19:22:30.490 (UTC)] info/application	[Sensor] Updated distance: 12.2887475191563 cm | Severity=75 | SourceName=Sensor | EventType=application | SourceNode=ns=1;s=SensorSource
[Anomaly Input] [2026-08-16 19:22:30.492 (UTC)] info/application	[Motor] Received distance: 12.2887475191563 cm | Severity=75 | SourceName=Motor | EventType=application | SourceNode=ns=1;s=MotorSource
[Anomaly Input] [2026-08-16 19:22:30.499 (UTC)] info/application	[Motor] Received distance: 22.3599445225485 cm | Severity=75 | SourceName=Motor2 | EventType=application | SourceNode=ns=1;s=MotorSource2
[Anomaly Input] [2026-08-16 19:22:30.499 (UTC)] info/application	[Motor] Received distance: 29.8560134134516 cm | Severity=75 | SourceName=Motor3 | EventType=application | SourceNode=ns=1;s=MotorSource3
[Anomaly Input] [2026-08-16 19:22:30.492 (UTC)] warn/application	[Motor] Distance too close (12.2887475191563); rotating motor to 0 degrees | Severity=175 | SourceName=Motor | EventType=application | SourceNode=ns=1;s=MotorSource
[Anomaly Input] [2026-08-16 19:22:30.499 (UTC)] info/application	[Motor] Distance safe (22.3599445225485); rotating motor to 90 degrees | Severity=75 | SourceName=Motor2 | EventType=application | SourceNode=ns=1;s=MotorSource2
[Anomaly Input] [2026-08-16 19:22:30.499 (UTC)] info/application	[Motor] Distance safe (29.8560134134516); rotating motor to 90 degrees | Severity=75 | SourceName=Motor3 | EventType=application | SourceNode=ns=1;s=MotorSource3
[Anomaly Input] [2026-08-16 19:22:31.190 (UTC)] warn/application	[Motor] Distance too close (10.2); rotating motor to 0 degrees | Severity=175 | SourceName=Motor | EventType=application | SourceNode=null
[Anomaly Input] [2026-08-16 19:22:31.193 (UTC)] warn/application	[Motor] Distance too close (10.2); rotating motor to 0 degrees | Severity=175 | SourceName=Motor2 | EventType=application | SourceNode=null
[Anomaly Input] [2026-08-16 19:22:31.198 (UTC)] warn/application	[Motor] Distance too close (10.2); rotating motor to 0 degrees | Severity=175 | SourceName=Motor3 | EventType=application | SourceNode=null
[Anomaly Input] [2026-08-16 19:22:31.400 (UTC)] info/application	[Sensor] Updated distance: 31.1361258484591 cm | Severity=75 | SourceName=Sensor3 | EventType=application | SourceNode=ns=1;s=SensorSource3
[Anomaly Input] [2026-08-16 19:22:31.400 (UTC)] info/application	[Sensor] Updated distance: 22.7294465788777 cm | Severity=75 | SourceName=Sensor2 | EventType=application | SourceNode=ns=1;s=SensorSource2
[Anomaly Input] [2026-08-16 19:22:31.491 (UTC)] info/application	[Sensor] Updated distance: 13.0392111456204 cm | Severity=75 | SourceName=Sensor | EventType=application | SourceNode=ns=1;s=SensorSource
[Anomaly Input] [2026-08-16 19:22:31.492 (UTC)] info/application	[Motor] Received distance: 13.0392111456204 cm | Severity=75 | SourceName=Motor | EventType=application | SourceNode=ns=1;s=MotorSource
[Anomaly Input] [2026-08-16 19:22:31.500 (UTC)] info/application	[Motor] Received distance: 22.7294465788777 cm | Severity=75 | SourceName=Motor2 | EventType=application | SourceNode=ns=1;s=MotorSource2
[Anomaly Input] [2026-08-16 19:22:31.500 (UTC)] info/application	[Motor] Received distance: 31.1361258484591 cm | Severity=75 | SourceName=Motor3 | EventType=application | SourceNode=ns=1;s=MotorSource3
[Anomaly Input] [2026-08-16 19:22:31.492 (UTC)] warn/application	[Motor] Distance too close (13.0392111456204); rotating motor to 0 degrees | Severity=175 | SourceName=Motor | EventType=application | SourceNode=ns=1;s=MotorSource
[Anomaly Input] [2026-08-16 19:22:31.500 (UTC)] info/application	[Motor] Distance safe (22.7294465788777); rotating motor to 90 degrees | Severity=75 | SourceName=Motor2 | EventType=application | SourceNode=ns=1;s=MotorSource2
[Anomaly Input] [2026-08-16 19:22:31.500 (UTC)] info/application	[Motor] Distance safe (31.1361258484591); rotating motor to 90 degrees | Severity=75 | SourceName=Motor3 | EventType=application | SourceNode=ns=1;s=MotorSource3
[Anomaly Input] [2026-08-16 19:22:32.400 (UTC)] info/application	[Sensor] Updated distance: 29.9332640659685 cm | Severity=75 | SourceName=Sensor3 | EventType=application | SourceNode=ns=1;s=SensorSource3
[Anomaly Input] [2026-08-16 19:22:32.400 (UTC)] info/application	[Sensor] Updated distance: 22.4548793926159 cm | Severity=75 | SourceName=Sensor2 | EventType=application | SourceNode=ns=1;s=SensorSource2
[Anomaly Input] [2026-08-16 19:22:32.491 (UTC)] info/application	[Sensor] Updated distance: 12.0707730732722 cm | Severity=75 | SourceName=Sensor | EventType=application | SourceNode=ns=1;s=SensorSource
[Anomaly Input] [2026-08-16 19:22:32.493 (UTC)] info/application	[Motor] Received distance: 12.0707730732722 cm | Severity=75 | SourceName=Motor | EventType=application | SourceNode=ns=1;s=MotorSource
[Anomaly Input] [2026-08-16 19:22:32.500 (UTC)] info/application	[Motor] Received distance: 22.4548793926159 cm | Severity=75 | SourceName=Motor2 | EventType=application | SourceNode=ns=1;s=MotorSource2
[Anomaly Input] [2026-08-16 19:22:32.501 (UTC)] info/application	[Motor] Received distance: 29.9332640659685 cm | Severity=75 | SourceName=Motor3 | EventType=application | SourceNode=ns=1;s=MotorSource3
[Anomaly Input] [2026-08-16 19:22:32.493 (UTC)] warn/application	[Motor] Distance too close (12.0707730732722); rotating motor to 0 degrees | Severity=175 | SourceName=Motor | EventType=application | SourceNode=ns=1;s=MotorSource
[Anomaly Input] [2026-08-16 19:22:32.500 (UTC)] info/application	[Motor] Distance safe (22.4548793926159); rotating motor to 90 degrees | Severity=75 | SourceName=Motor2 | EventType=application | SourceNode=ns=1;s=MotorSource2
[Anomaly Input] [2026-08-16 19:22:32.501 (UTC)] info/application	[Motor] Distance safe (29.9332640659685); rotating motor to 90 degrees | Severity=75 | SourceName=Motor3 | EventType=application | SourceNode=ns=1;s=MotorSource3
[Anomaly Input] [2026-08-16 19:22:33.400 (UTC)] info/application	[Sensor] Updated distance: 30.8755288801042 cm | Severity=75 | SourceName=Sensor3 | EventType=application | SourceNode=ns=1;s=SensorSource3
[Anomaly Input] [2026-08-16 19:22:33.400 (UTC)] info/application	[Sensor] Updated distance: 23.4247116464771 cm | Severity=75 | SourceName=Sensor2 | EventType=application | SourceNode=ns=1;s=SensorSource2
[Anomaly Input] [2026-08-16 19:22:33.490 (UTC)] info/application	[Sensor] Updated distance: 12.9145120186333 cm | Severity=75 | SourceName=Sensor | EventType=application | SourceNode=ns=1;s=SensorSource
[Anomaly Input] [2026-08-16 19:22:33.493 (UTC)] info/application	[Motor] Received distance: 12.9145120186333 cm | Severity=75 | SourceName=Motor | EventType=application | SourceNode=ns=1;s=MotorSource
[Anomaly Input] [2026-08-16 19:22:33.500 (UTC)] info/application	[Motor] Received distance: 23.4247116464771 cm | Severity=75 | SourceName=Motor2 | EventType=application | SourceNode=ns=1;s=MotorSource2
[Anomaly Input] [2026-08-16 19:22:33.501 (UTC)] info/application	[Motor] Received distance: 30.8755288801042 cm | Severity=75 | SourceName=Motor3 | EventType=application | SourceNode=ns=1;s=MotorSource3
[Anomaly Input] [2026-08-16 19:22:33.493 (UTC)] warn/application	[Motor] Distance too close (12.9145120186333); rotating motor to 0 degrees | Severity=175 | SourceName=Motor | EventType=application | SourceNode=ns=1;s=MotorSource
[Anomaly Input] [2026-08-16 19:22:33.500 (UTC)] info/application	[Motor] Distance safe (23.4247116464771); rotating motor to 90 degrees | Severity=75 | SourceName=Motor2 | EventType=application | SourceNode=ns=1;s=MotorSource2
[Anomaly Input] [2026-08-16 19:22:33.501 (UTC)] info/application	[Motor] Distance safe (30.8755288801042); rotating motor to 90 degrees | Severity=75 | SourceName=Motor3 | EventType=application | SourceNode=ns=1;s=MotorSource3
[Anomaly Input] [2026-08-16 19:22:34.400 (UTC)] info/application	[Sensor] Updated distance: 24.8754283775927 cm | Severity=75 | SourceName=Sensor2 | EventType=application | SourceNode=ns=1;s=SensorSource2
[Anomaly Input] [2026-08-16 19:22:34.400 (UTC)] info/application	[Sensor] Updated distance: 31.5446066616776 cm | Severity=75 | SourceName=Sensor3 | EventType=application | SourceNode=ns=1;s=SensorSource3
[Anomaly Input] [2026-08-16 19:22:34.490 (UTC)] info/application	[Sensor] Updated distance: 13.955705910202 cm | Severity=75 | SourceName=Sensor | EventType=application | SourceNode=ns=1;s=SensorSource
[Anomaly Input] [2026-08-16 19:22:34.493 (UTC)] info/application	[Motor] Received distance: 13.955705910202 cm | Severity=75 | SourceName=Motor | EventType=application | SourceNode=ns=1;s=MotorSource
[Anomaly Input] [2026-08-16 19:22:34.501 (UTC)] info/application	[Motor] Received distance: 24.8754283775927 cm | Severity=75 | SourceName=Motor2 | EventType=application | SourceNode=ns=1;s=MotorSource2
[Anomaly Input] [2026-08-16 19:22:34.501 (UTC)] info/application	[Motor] Received distance: 31.5446066616776 cm | Severity=75 | SourceName=Motor3 | EventType=application | SourceNode=ns=1;s=MotorSource3
[Anomaly Input] [2026-08-16 19:22:34.493 (UTC)] warn/application	[Motor] Distance too close (13.955705910202); rotating motor to 0 degrees | Severity=175 | SourceName=Motor | EventType=application | SourceNode=ns=1;s=MotorSource
[Anomaly Input] [2026-08-16 19:22:34.501 (UTC)] info/application	[Motor] Distance safe (24.8754283775927); rotating motor to 90 degrees | Severity=75 | SourceName=Motor2 | EventType=application | SourceNode=ns=1;s=MotorSource2
[Anomaly Input] [2026-08-16 19:22:34.501 (UTC)] info/application	[Motor] Distance safe (31.5446066616776); rotating motor to 90 degrees | Severity=75 | SourceName=Motor3 | EventType=application | SourceNode=ns=1;s=MotorSource3
[Anomaly Input] [2026-08-16 19:22:35.399 (UTC)] info/application	[Sensor] Updated distance: 24.1560565869585 cm | Severity=75 | SourceName=Sensor2 | EventType=application | SourceNode=ns=1;s=SensorSource2
[Anomaly Input] [2026-08-16 19:22:35.400 (UTC)] info/application	[Sensor] Updated distance: 32.1201385062282 cm | Severity=75 | SourceName=Sensor3 | EventType=application | SourceNode=ns=1;s=SensorSource3
[Anomaly Input] [2026-08-16 19:22:35.491 (UTC)] info/application	[Motor] Received distance: 24.1560565869585 cm | Severity=75 | SourceName=Motor2 | EventType=application | SourceNode=ns=1;s=MotorSource2
[Anomaly Input] [2026-08-16 19:22:35.491 (UTC)] info/application	[Motor] Received distance: 32.1201385062282 cm | Severity=75 | SourceName=Motor3 | EventType=application | SourceNode=ns=1;s=MotorSource3
[Anomaly Input] [2026-08-16 19:22:35.500 (UTC)] info/application	[Sensor] Updated distance: 15.3946936192898 cm | Severity=75 | SourceName=Sensor | EventType=application | SourceNode=ns=1;s=SensorSource
[Anomaly Input] [2026-08-16 19:22:35.500 (UTC)] info/application	[Motor] Received distance: 15.3946936192898 cm | Severity=75 | SourceName=Motor | EventType=application | SourceNode=ns=1;s=MotorSource
[Anomaly Input] [2026-08-16 19:22:35.491 (UTC)] info/application	[Motor] Distance safe (24.1560565869585); rotating motor to 90 degrees | Severity=75 | SourceName=Motor2 | EventType=application | SourceNode=ns=1;s=MotorSource2
[Anomaly Input] [2026-08-16 19:22:35.491 (UTC)] info/application	[Motor] Distance safe (32.1201385062282); rotating motor to 90 degrees | Severity=75 | SourceName=Motor3 | EventType=application | SourceNode=ns=1;s=MotorSource3
[Anomaly Input] [2026-08-16 19:22:35.500 (UTC)] warn/application	[Motor] Distance too close (15.3946936192898); rotating motor to 0 degrees | Severity=175 | SourceName=Motor | EventType=application | SourceNode=ns=1;s=MotorSource
[Anomaly Input] [2026-08-16 19:22:36.399 (UTC)] info/application	[Sensor] Updated distance: 23.67635121228 cm | Severity=75 | SourceName=Sensor2 | EventType=application | SourceNode=ns=1;s=SensorSource2
[Anomaly Input] [2026-08-16 19:22:36.400 (UTC)] info/application	[Sensor] Updated distance: 31.0517738010044 cm | Severity=75 | SourceName=Sensor3 | EventType=application | SourceNode=ns=1;s=SensorSource3
[Anomaly Input] [2026-08-16 19:22:36.500 (UTC)] info/application	[Sensor] Updated distance: 16.2000083586667 cm | Severity=75 | SourceName=Sensor | EventType=application | SourceNode=ns=1;s=SensorSource
[Anomaly Input] [2026-08-16 19:22:36.500 (UTC)] info/application	[Motor] Received distance: 31.0517738010044 cm | Severity=75 | SourceName=Motor3 | EventType=application | SourceNode=ns=1;s=MotorSource3
[Anomaly Input] [2026-08-16 19:22:36.500 (UTC)] info/application	[Motor] Received distance: 23.67635121228 cm | Severity=75 | SourceName=Motor2 | EventType=application | SourceNode=ns=1;s=MotorSource2
[Anomaly Input] [2026-08-16 19:22:36.508 (UTC)] info/application	[Motor] Received distance: 16.2000083586667 cm | Severity=75 | SourceName=Motor | EventType=application | SourceNode=ns=1;s=MotorSource
[Anomaly Input] [2026-08-16 19:22:36.500 (UTC)] info/application	[Motor] Distance safe (31.0517738010044); rotating motor to 90 degrees | Severity=75 | SourceName=Motor3 | EventType=application | SourceNode=ns=1;s=MotorSource3
[Anomaly Input] [2026-08-16 19:22:36.500 (UTC)] info/application	[Motor] Distance safe (23.67635121228); rotating motor to 90 degrees | Severity=75 | SourceName=Motor2 | EventType=application | SourceNode=ns=1;s=MotorSource2
[Anomaly Input] [2026-08-16 19:22:36.508 (UTC)] warn/application	[Motor] Distance too close (16.2000083586667); rotating motor to 0 degrees | Severity=175 | SourceName=Motor | EventType=application | SourceNode=ns=1;s=MotorSource
[Anomaly Input] [2026-08-16 19:22:37.399 (UTC)] info/application	[Sensor] Updated distance: 22.9095980107829 cm | Severity=75 | SourceName=Sensor2 | EventType=application | SourceNode=ns=1;s=SensorSource2
[Anomaly Input] [2026-08-16 19:22:37.400 (UTC)] info/application	[Sensor] Updated distance: 30.9400195392966 cm | Severity=75 | SourceName=Sensor3 | EventType=application | SourceNode=ns=1;s=SensorSource3
[Anomaly Input] [2026-08-16 19:22:37.500 (UTC)] info/application	[Sensor] Updated distance: 15.3200764252432 cm | Severity=75 | SourceName=Sensor | EventType=application | SourceNode=ns=1;s=SensorSource
[Anomaly Input] [2026-08-16 19:22:37.500 (UTC)] info/application	[Motor] Received distance: 15.3200764252432 cm | Severity=75 | SourceName=Motor | EventType=application | SourceNode=ns=1;s=MotorSource
[Anomaly Input] [2026-08-16 19:22:37.500 (UTC)] info/application	[Motor] Received distance: 22.9095980107829 cm | Severity=75 | SourceName=Motor2 | EventType=application | SourceNode=ns=1;s=MotorSource2
[Anomaly Input] [2026-08-16 19:22:37.501 (UTC)] info/application	[Motor] Received distance: 30.9400195392966 cm | Severity=75 | SourceName=Motor3 | EventType=application | SourceNode=ns=1;s=MotorSource3
[Anomaly Input] [2026-08-16 19:22:37.500 (UTC)] warn/application	[Motor] Distance too close (15.3200764252432); rotating motor to 0 degrees | Severity=175 | SourceName=Motor | EventType=application | SourceNode=ns=1;s=MotorSource
[Anomaly Input] [2026-08-16 19:22:37.500 (UTC)] info/application	[Motor] Distance safe (22.9095980107829); rotating motor to 90 degrees | Severity=75 | SourceName=Motor2 | EventType=application | SourceNode=ns=1;s=MotorSource2
[Anomaly Input] [2026-08-16 19:22:37.501 (UTC)] info/application	[Motor] Distance safe (30.9400195392966); rotating motor to 90 degrees | Severity=75 | SourceName=Motor3 | EventType=application | SourceNode=ns=1;s=MotorSource3
[Anomaly Input] [2026-08-16 19:22:38.399 (UTC)] info/application	[Sensor] Updated distance: 22.7773324077843 cm | Severity=75 | SourceName=Sensor2 | EventType=application | SourceNode=ns=1;s=SensorSource2
[Anomaly Input] [2026-08-16 19:22:38.402 (UTC)] info/application	[Sensor] Updated distance: 29.6254255122623 cm | Severity=75 | SourceName=Sensor3 | EventType=application | SourceNode=ns=1;s=SensorSource3
[Anomaly Input] [2026-08-16 19:22:38.490 (UTC)] info/application	[Sensor] Updated distance: 15.6020485996744 cm | Severity=75 | SourceName=Sensor | EventType=application | SourceNode=ns=1;s=SensorSource
[Anomaly Input] [2026-08-16 19:22:38.490 (UTC)] info/application	[Motor] Received distance: 15.6020485996744 cm | Severity=75 | SourceName=Motor | EventType=application | SourceNode=ns=1;s=MotorSource
[Anomaly Input] [2026-08-16 19:22:38.491 (UTC)] info/application	[Motor] Received distance: 22.7773324077843 cm | Severity=75 | SourceName=Motor2 | EventType=application | SourceNode=ns=1;s=MotorSource2
[Anomaly Input] [2026-08-16 19:22:38.493 (UTC)] info/application	[Motor] Received distance: 29.6254255122623 cm | Severity=75 | SourceName=Motor3 | EventType=application | SourceNode=ns=1;s=MotorSource3
[Anomaly Input] [2026-08-16 19:22:38.490 (UTC)] warn/application	[Motor] Distance too close (15.6020485996744); rotating motor to 0 degrees | Severity=175 | SourceName=Motor | EventType=application | SourceNode=ns=1;s=MotorSource
[Anomaly Input] [2026-08-16 19:22:38.491 (UTC)] info/application	[Motor] Distance safe (22.7773324077843); rotating motor to 90 degrees | Severity=75 | SourceName=Motor2 | EventType=application | SourceNode=ns=1;s=MotorSource2
[Anomaly Input] [2026-08-16 19:22:38.493 (UTC)] info/application	[Motor] Distance safe (29.6254255122623); rotating motor to 90 degrees | Severity=75 | SourceName=Motor3 | EventType=application | SourceNode=ns=1;s=MotorSource3
[Anomaly Input] [2026-08-16 19:22:39.400 (UTC)] info/application	[Sensor] Updated distance: 21.995630762305 cm | Severity=75 | SourceName=Sensor2 | EventType=application | SourceNode=ns=1;s=SensorSource2
[Anomaly Input] [2026-08-16 19:22:39.402 (UTC)] info/application	[Sensor] Updated distance: 30.9530007589855 cm | Severity=75 | SourceName=Sensor3 | EventType=application | SourceNode=ns=1;s=SensorSource3
[Anomaly Input] [2026-08-16 19:22:39.490 (UTC)] info/application	[Sensor] Updated distance: 16.514724416898 cm | Severity=75 | SourceName=Sensor | EventType=application | SourceNode=ns=1;s=SensorSource
[Anomaly Input] [2026-08-16 19:22:39.492 (UTC)] info/application	[Motor] Received distance: 16.514724416898 cm | Severity=75 | SourceName=Motor | EventType=application | SourceNode=ns=1;s=MotorSource
[Anomaly Input] [2026-08-16 19:22:39.499 (UTC)] info/application	[Motor] Received distance: 21.995630762305 cm | Severity=75 | SourceName=Motor2 | EventType=application | SourceNode=ns=1;s=MotorSource2
[Anomaly Input] [2026-08-16 19:22:39.499 (UTC)] info/application	[Motor] Received distance: 30.9530007589855 cm | Severity=75 | SourceName=Motor3 | EventType=application | SourceNode=ns=1;s=MotorSource3
[Anomaly Input] [2026-08-16 19:22:39.492 (UTC)] warn/application	[Motor] Distance too close (16.514724416898); rotating motor to 0 degrees | Severity=175 | SourceName=Motor | EventType=application | SourceNode=ns=1;s=MotorSource
[Anomaly Input] [2026-08-16 19:22:39.499 (UTC)] info/application	[Motor] Distance safe (21.995630762305); rotating motor to 90 degrees | Severity=75 | SourceName=Motor2 | EventType=application | SourceNode=ns=1;s=MotorSource2
[Anomaly Input] [2026-08-16 19:22:39.499 (UTC)] info/application	[Motor] Distance safe (30.9530007589855); rotating motor to 90 degrees | Severity=75 | SourceName=Motor3 | EventType=application | SourceNode=ns=1;s=MotorSource3
[Anomaly Input] [2026-08-16 19:22:40.399 (UTC)] info/application	[Sensor] Updated distance: 23.4087498394813 cm | Severity=75 | SourceName=Sensor2 | EventType=application | SourceNode=ns=1;s=SensorSource2
[Anomaly Input] [2026-08-16 19:22:40.402 (UTC)] info/application	[Sensor] Updated distance: 30.2991129389494 cm | Severity=75 | SourceName=Sensor3 | EventType=application | SourceNode=ns=1;s=SensorSource3
[Anomaly Input] [2026-08-16 19:22:40.490 (UTC)] info/application	[Sensor] Updated distance: 16.2505925338485 cm | Severity=75 | SourceName=Sensor | EventType=application | SourceNode=ns=1;s=SensorSource
[Anomaly Input] [2026-08-16 19:22:40.492 (UTC)] info/application	[Motor] Received distance: 16.2505925338485 cm | Severity=75 | SourceName=Motor | EventType=application | SourceNode=ns=1;s=MotorSource
[Anomaly Input] [2026-08-16 19:22:40.500 (UTC)] info/application	[Motor] Received distance: 23.4087498394813 cm | Severity=75 | SourceName=Motor2 | EventType=application | SourceNode=ns=1;s=MotorSource2
[Anomaly Input] [2026-08-16 19:22:40.500 (UTC)] info/application	[Motor] Received distance: 30.2991129389494 cm | Severity=75 | SourceName=Motor3 | EventType=application | SourceNode=ns=1;s=MotorSource3
[Anomaly Input] [2026-08-16 19:22:40.492 (UTC)] warn/application	[Motor] Distance too close (16.2505925338485); rotating motor to 0 degrees | Severity=175 | SourceName=Motor | EventType=application | SourceNode=ns=1;s=MotorSource
[Anomaly Input] [2026-08-16 19:22:40.500 (UTC)] info/application	[Motor] Distance safe (23.4087498394813); rotating motor to 90 degrees | Severity=75 | SourceName=Motor2 | EventType=application | SourceNode=ns=1;s=MotorSource2
[Anomaly Input] [2026-08-16 19:22:40.500 (UTC)] info/application	[Motor] Distance safe (30.2991129389494); rotating motor to 90 degrees | Severity=75 | SourceName=Motor3 | EventType=application | SourceNode=ns=1;s=MotorSource3
[Anomaly Input] [2026-08-16 19:22:41.399 (UTC)] info/application	[Sensor] Updated distance: 23.8280025396161 cm | Severity=75 | SourceName=Sensor2 | EventType=application | SourceNode=ns=1;s=SensorSource2
[Anomaly Input] [2026-08-16 19:22:41.402 (UTC)] info/application	[Sensor] Updated distance: 31.2390875321529 cm | Severity=75 | SourceName=Sensor3 | EventType=application | SourceNode=ns=1;s=SensorSource3
[Anomaly Input] [2026-08-16 19:22:41.490 (UTC)] info/application	[Sensor] Updated distance: 15.9394198050441 cm | Severity=75 | SourceName=Sensor | EventType=application | SourceNode=ns=1;s=SensorSource
[Anomaly Input] [2026-08-16 19:22:41.493 (UTC)] info/application	[Motor] Received distance: 15.9394198050441 cm | Severity=75 | SourceName=Motor | EventType=application | SourceNode=ns=1;s=MotorSource
[Anomaly Input] [2026-08-16 19:22:41.501 (UTC)] info/application	[Motor] Received distance: 23.8280025396161 cm | Severity=75 | SourceName=Motor2 | EventType=application | SourceNode=ns=1;s=MotorSource2
[Anomaly Input] [2026-08-16 19:22:41.501 (UTC)] info/application	[Motor] Received distance: 31.2390875321529 cm | Severity=75 | SourceName=Motor3 | EventType=application | SourceNode=ns=1;s=MotorSource3
[Anomaly Input] [2026-08-16 19:22:41.493 (UTC)] warn/application	[Motor] Distance too close (15.9394198050441); rotating motor to 0 degrees | Severity=175 | SourceName=Motor | EventType=application | SourceNode=ns=1;s=MotorSource
[Anomaly Input] [2026-08-16 19:22:41.501 (UTC)] info/application	[Motor] Distance safe (23.8280025396161); rotating motor to 90 degrees | Severity=75 | SourceName=Motor2 | EventType=application | SourceNode=ns=1;s=MotorSource2
[Anomaly Input] [2026-08-16 19:22:41.501 (UTC)] info/application	[Motor] Distance safe (31.2390875321529); rotating motor to 90 degrees | Severity=75 | SourceName=Motor3 | EventType=application | SourceNode=ns=1;s=MotorSource3
[Anomaly Input] [2026-08-16 19:22:42.399 (UTC)] info/application	[Sensor] Updated distance: 24.8742942083042 cm | Severity=75 | SourceName=Sensor2 | EventType=application | SourceNode=ns=1;s=SensorSource2
[Anomaly Input] [2026-08-16 19:22:42.401 (UTC)] info/application	[Sensor] Updated distance: 31.0216636145588 cm | Severity=75 | SourceName=Sensor3 | EventType=application | SourceNode=ns=1;s=SensorSource3
[Anomaly Input] [2026-08-16 19:22:42.490 (UTC)] info/application	[Sensor] Updated distance: 14.9832796624318 cm | Severity=75 | SourceName=Sensor | EventType=application | SourceNode=ns=1;s=SensorSource
[Anomaly Input] [2026-08-16 19:22:42.494 (UTC)] info/application	[Motor] Received distance: 14.9832796624318 cm | Severity=75 | SourceName=Motor | EventType=application | SourceNode=ns=1;s=MotorSource
[Anomaly Input] [2026-08-16 19:22:42.501 (UTC)] info/application	[Motor] Received distance: 24.8742942083042 cm | Severity=75 | SourceName=Motor2 | EventType=application | SourceNode=ns=1;s=MotorSource2
[Anomaly Input] [2026-08-16 19:22:42.501 (UTC)] info/application	[Motor] Received distance: 31.0216636145588 cm | Severity=75 | SourceName=Motor3 | EventType=application | SourceNode=ns=1;s=MotorSource3
[Anomaly Input] [2026-08-16 19:22:42.494 (UTC)] warn/application	[Motor] Distance too close (14.9832796624318); rotating motor to 0 degrees | Severity=175 | SourceName=Motor | EventType=application | SourceNode=ns=1;s=MotorSource
[Anomaly Input] [2026-08-16 19:22:42.501 (UTC)] info/application	[Motor] Distance safe (24.8742942083042); rotating motor to 90 degrees | Severity=75 | SourceName=Motor2 | EventType=application | SourceNode=ns=1;s=MotorSource2
[Anomaly Input] [2026-08-16 19:22:42.501 (UTC)] info/application	[Motor] Distance safe (31.0216636145588); rotating motor to 90 degrees | Severity=75 | SourceName=Motor3 | EventType=application | SourceNode=ns=1;s=MotorSource3
[Anomaly Input] [2026-08-16 19:22:43.400 (UTC)] info/application	[Sensor] Updated distance: 24.8508353658723 cm | Severity=75 | SourceName=Sensor2 | EventType=application | SourceNode=ns=1;s=SensorSource2
[Anomaly Input] [2026-08-16 19:22:43.401 (UTC)] info/application	[Sensor] Updated distance: 30.1350168029941 cm | Severity=75 | SourceName=Sensor3 | EventType=application | SourceNode=ns=1;s=SensorSource3
[Anomaly Input] [2026-08-16 19:22:43.490 (UTC)] info/application	[Sensor] Updated distance: 15.2172844178124 cm | Severity=75 | SourceName=Sensor | EventType=application | SourceNode=ns=1;s=SensorSource
[Anomaly Input] [2026-08-16 19:22:43.490 (UTC)] info/application	[Motor] Received distance: 15.2172844178124 cm | Severity=75 | SourceName=Motor | EventType=application | SourceNode=ns=1;s=MotorSource
[Anomaly Input] [2026-08-16 19:22:43.492 (UTC)] info/application	[Motor] Received distance: 24.8508353658723 cm | Severity=75 | SourceName=Motor2 | EventType=application | SourceNode=ns=1;s=MotorSource2
[Anomaly Input] [2026-08-16 19:22:43.501 (UTC)] info/application	[Motor] Received distance: 30.1350168029941 cm | Severity=75 | SourceName=Motor3 | EventType=application | SourceNode=ns=1;s=MotorSource3
[Anomaly Input] [2026-08-16 19:22:43.490 (UTC)] warn/application	[Motor] Distance too close (15.2172844178124); rotating motor to 0 degrees | Severity=175 | SourceName=Motor | EventType=application | SourceNode=ns=1;s=MotorSource
[Anomaly Input] [2026-08-16 19:22:43.492 (UTC)] info/application	[Motor] Distance safe (24.8508353658723); rotating motor to 90 degrees | Severity=75 | SourceName=Motor2 | EventType=application | SourceNode=ns=1;s=MotorSource2
[Anomaly Input] [2026-08-16 19:22:43.501 (UTC)] info/application	[Motor] Distance safe (30.1350168029941); rotating motor to 90 degrees | Severity=75 | SourceName=Motor3 | EventType=application | SourceNode=ns=1;s=MotorSource3
[Anomaly Input] [2026-08-16 19:22:44.400 (UTC)] info/application	[Sensor] Updated distance: 25.1516198404839 cm | Severity=75 | SourceName=Sensor2 | EventType=application | SourceNode=ns=1;s=SensorSource2
[Anomaly Input] [2026-08-16 19:22:44.400 (UTC)] info/application	[Sensor] Updated distance: 28.7674532061291 cm | Severity=75 | SourceName=Sensor3 | EventType=application | SourceNode=ns=1;s=SensorSource3
[Anomaly Input] [2026-08-16 19:22:44.499 (UTC)] info/application	[Motor] Received distance: 25.1516198404839 cm | Severity=75 | SourceName=Motor2 | EventType=application | SourceNode=ns=1;s=MotorSource2
[Anomaly Input] [2026-08-16 19:22:44.500 (UTC)] info/application	[Sensor] Updated distance: 14.9984819383819 cm | Severity=75 | SourceName=Sensor | EventType=application | SourceNode=ns=1;s=SensorSource
[Anomaly Input] [2026-08-16 19:22:44.500 (UTC)] info/application	[Motor] Received distance: 14.9984819383819 cm | Severity=75 | SourceName=Motor | EventType=application | SourceNode=ns=1;s=MotorSource
[Anomaly Input] [2026-08-16 19:22:44.501 (UTC)] info/application	[Motor] Received distance: 28.7674532061291 cm | Severity=75 | SourceName=Motor3 | EventType=application | SourceNode=ns=1;s=MotorSource3
[Anomaly Input] [2026-08-16 19:22:44.499 (UTC)] info/application	[Motor] Distance safe (25.1516198404839); rotating motor to 90 degrees | Severity=75 | SourceName=Motor2 | EventType=application | SourceNode=ns=1;s=MotorSource2
[Anomaly Input] [2026-08-16 19:22:44.500 (UTC)] warn/application	[Motor] Distance too close (14.9984819383819); rotating motor to 0 degrees | Severity=175 | SourceName=Motor | EventType=application | SourceNode=ns=1;s=MotorSource
[Anomaly Input] [2026-08-16 19:22:44.501 (UTC)] info/application	[Motor] Distance safe (28.7674532061291); rotating motor to 90 degrees | Severity=75 | SourceName=Motor3 | EventType=application | SourceNode=ns=1;s=MotorSource3
[Anomaly Input] [2026-08-16 19:22:45.400 (UTC)] info/application	[Sensor] Updated distance: 27.279428767869 cm | Severity=75 | SourceName=Sensor3 | EventType=application | SourceNode=ns=1;s=SensorSource3
[Anomaly Input] [2026-08-16 19:22:45.400 (UTC)] info/application	[Sensor] Updated distance: 25.4286608295183 cm | Severity=75 | SourceName=Sensor2 | EventType=application | SourceNode=ns=1;s=SensorSource2
[Anomaly Input] [2026-08-16 19:22:45.498 (UTC)] info/application	[Sensor] Updated distance: 15.3647087450906 cm | Severity=75 | SourceName=Sensor | EventType=application | SourceNode=ns=1;s=SensorSource
[Anomaly Input] [2026-08-16 19:22:45.501 (UTC)] info/application	[Motor] Received distance: 25.4286608295183 cm | Severity=75 | SourceName=Motor2 | EventType=application | SourceNode=ns=1;s=MotorSource2
[Anomaly Input] [2026-08-16 19:22:45.501 (UTC)] info/application	[Motor] Received distance: 27.279428767869 cm | Severity=75 | SourceName=Motor3 | EventType=application | SourceNode=ns=1;s=MotorSource3
[Anomaly Input] [2026-08-16 19:22:45.509 (UTC)] info/application	[Motor] Received distance: 15.3647087450906 cm | Severity=75 | SourceName=Motor | EventType=application | SourceNode=ns=1;s=MotorSource
[Anomaly Input] [2026-08-16 19:22:45.501 (UTC)] info/application	[Motor] Distance safe (25.4286608295183); rotating motor to 90 degrees | Severity=75 | SourceName=Motor2 | EventType=application | SourceNode=ns=1;s=MotorSource2
[Anomaly Input] [2026-08-16 19:22:45.501 (UTC)] info/application	[Motor] Distance safe (27.279428767869); rotating motor to 90 degrees | Severity=75 | SourceName=Motor3 | EventType=application | SourceNode=ns=1;s=MotorSource3
[Anomaly Input] [2026-08-16 19:22:45.509 (UTC)] warn/application	[Motor] Distance too close (15.3647087450906); rotating motor to 0 degrees | Severity=175 | SourceName=Motor | EventType=application | SourceNode=ns=1;s=MotorSource
[Anomaly Input] [2026-08-16 19:22:46.400 (UTC)] info/application	[Sensor] Updated distance: 24.0215721796367 cm | Severity=75 | SourceName=Sensor2 | EventType=application | SourceNode=ns=1;s=SensorSource2
[Anomaly Input] [2026-08-16 19:22:46.400 (UTC)] info/application	[Sensor] Updated distance: 25.9696671762362 cm | Severity=75 | SourceName=Sensor3 | EventType=application | SourceNode=ns=1;s=SensorSource3
[Anomaly Input] [2026-08-16 19:22:46.498 (UTC)] info/application	[Sensor] Updated distance: 16.5256799925238 cm | Severity=75 | SourceName=Sensor | EventType=application | SourceNode=ns=1;s=SensorSource
[Anomaly Input] [2026-08-16 19:22:46.498 (UTC)] info/application	[Motor] Received distance: 16.5256799925238 cm | Severity=75 | SourceName=Motor | EventType=application | SourceNode=ns=1;s=MotorSource
[Anomaly Input] [2026-08-16 19:22:46.501 (UTC)] info/application	[Motor] Received distance: 24.0215721796367 cm | Severity=75 | SourceName=Motor2 | EventType=application | SourceNode=ns=1;s=MotorSource2
[Anomaly Input] [2026-08-16 19:22:46.501 (UTC)] info/application	[Motor] Received distance: 25.9696671762362 cm | Severity=75 | SourceName=Motor3 | EventType=application | SourceNode=ns=1;s=MotorSource3
[Anomaly Input] [2026-08-16 19:22:46.498 (UTC)] warn/application	[Motor] Distance too close (16.5256799925238); rotating motor to 0 degrees | Severity=175 | SourceName=Motor | EventType=application | SourceNode=ns=1;s=MotorSource
[Anomaly Input] [2026-08-16 19:22:46.501 (UTC)] info/application	[Motor] Distance safe (24.0215721796367); rotating motor to 90 degrees | Severity=75 | SourceName=Motor2 | EventType=application | SourceNode=ns=1;s=MotorSource2
[Anomaly Input] [2026-08-16 19:22:46.501 (UTC)] info/application	[Motor] Distance safe (25.9696671762362); rotating motor to 90 degrees | Severity=75 | SourceName=Motor3 | EventType=application | SourceNode=ns=1;s=MotorSource3
[Anomaly Input] [2026-08-16 19:22:47.400 (UTC)] info/application	[Sensor] Updated distance: 25.1235513606218 cm | Severity=75 | SourceName=Sensor3 | EventType=application | SourceNode=ns=1;s=SensorSource3
[Anomaly Input] [2026-08-16 19:22:47.400 (UTC)] info/application	[Sensor] Updated distance: 24.8045332186411 cm | Severity=75 | SourceName=Sensor2 | EventType=application | SourceNode=ns=1;s=SensorSource2
[Anomaly Input] [2026-08-16 19:22:47.498 (UTC)] info/application	[Sensor] Updated distance: 17.8628218769388 cm | Severity=75 | SourceName=Sensor | EventType=application | SourceNode=ns=1;s=SensorSource
[Anomaly Input] [2026-08-16 19:22:47.500 (UTC)] info/application	[Motor] Received distance: 24.8045332186411 cm | Severity=75 | SourceName=Motor2 | EventType=application | SourceNode=ns=1;s=MotorSource2
[Anomaly Input] [2026-08-16 19:22:47.501 (UTC)] info/application	[Motor] Received distance: 25.1235513606218 cm | Severity=75 | SourceName=Motor3 | EventType=application | SourceNode=ns=1;s=MotorSource3
[Anomaly Input] [2026-08-16 19:22:47.507 (UTC)] info/application	[Motor] Received distance: 17.8628218769388 cm | Severity=75 | SourceName=Motor | EventType=application | SourceNode=ns=1;s=MotorSource
[Anomaly Input] [2026-08-16 19:22:47.500 (UTC)] info/application	[Motor] Distance safe (24.8045332186411); rotating motor to 90 degrees | Severity=75 | SourceName=Motor2 | EventType=application | SourceNode=ns=1;s=MotorSource2
[Anomaly Input] [2026-08-16 19:22:47.501 (UTC)] info/application	[Motor] Distance safe (25.1235513606218); rotating motor to 90 degrees | Severity=75 | SourceName=Motor3 | EventType=application | SourceNode=ns=1;s=MotorSource3
[Anomaly Input] [2026-08-16 19:22:47.507 (UTC)] warn/application	[Motor] Distance too close (17.8628218769388); rotating motor to 0 degrees | Severity=175 | SourceName=Motor | EventType=application | SourceNode=ns=1;s=MotorSource
[Anomaly Input] [2026-08-16 19:22:48.400 (UTC)] info/application	[Sensor] Updated distance: 25.1703714528914 cm | Severity=75 | SourceName=Sensor2 | EventType=application | SourceNode=ns=1;s=SensorSource2
[Anomaly Input] [2026-08-16 19:22:48.400 (UTC)] info/application	[Sensor] Updated distance: 24.678092471174 cm | Severity=75 | SourceName=Sensor3 | EventType=application | SourceNode=ns=1;s=SensorSource3
[Anomaly Input] [2026-08-16 19:22:48.491 (UTC)] info/application	[Motor] Received distance: 24.678092471174 cm | Severity=75 | SourceName=Motor3 | EventType=application | SourceNode=ns=1;s=MotorSource3
[Anomaly Input] [2026-08-16 19:22:48.497 (UTC)] info/application	[Sensor] Updated distance: 18.0298289402993 cm | Severity=75 | SourceName=Sensor | EventType=application | SourceNode=ns=1;s=SensorSource
[Anomaly Input] [2026-08-16 19:22:48.497 (UTC)] info/application	[Motor] Received distance: 18.0298289402993 cm | Severity=75 | SourceName=Motor | EventType=application | SourceNode=ns=1;s=MotorSource
[Anomaly Input] [2026-08-16 19:22:48.500 (UTC)] info/application	[Motor] Received distance: 25.1703714528914 cm | Severity=75 | SourceName=Motor2 | EventType=application | SourceNode=ns=1;s=MotorSource2
[Anomaly Input] [2026-08-16 19:22:48.491 (UTC)] info/application	[Motor] Distance safe (24.678092471174); rotating motor to 90 degrees | Severity=75 | SourceName=Motor3 | EventType=application | SourceNode=ns=1;s=MotorSource3
[Anomaly Input] [2026-08-16 19:22:48.497 (UTC)] warn/application	[Motor] Distance too close (18.0298289402993); rotating motor to 0 degrees | Severity=175 | SourceName=Motor | EventType=application | SourceNode=ns=1;s=MotorSource
[Anomaly Input] [2026-08-16 19:22:48.500 (UTC)] info/application	[Motor] Distance safe (25.1703714528914); rotating motor to 90 degrees | Severity=75 | SourceName=Motor2 | EventType=application | SourceNode=ns=1;s=MotorSource2
[Anomaly Input] [2026-08-16 19:22:49.400 (UTC)] info/application	[Sensor] Updated distance: 25.0366643357727 cm | Severity=75 | SourceName=Sensor3 | EventType=application | SourceNode=ns=1;s=SensorSource3
[Anomaly Input] [2026-08-16 19:22:49.400 (UTC)] info/application	[Sensor] Updated distance: 26.4558243001606 cm | Severity=75 | SourceName=Sensor2 | EventType=application | SourceNode=ns=1;s=SensorSource2
[Anomaly Input] [2026-08-16 19:22:49.497 (UTC)] info/application	[Sensor] Updated distance: 17.6173709335818 cm | Severity=75 | SourceName=Sensor | EventType=application | SourceNode=ns=1;s=SensorSource
[Anomaly Input] [2026-08-16 19:22:49.499 (UTC)] info/application	[Motor] Received distance: 25.0366643357727 cm | Severity=75 | SourceName=Motor3 | EventType=application | SourceNode=ns=1;s=MotorSource3
[Anomaly Input] [2026-08-16 19:22:49.500 (UTC)] info/application	[Motor] Received distance: 26.4558243001606 cm | Severity=75 | SourceName=Motor2 | EventType=application | SourceNode=ns=1;s=MotorSource2
[Anomaly Input] [2026-08-16 19:22:49.506 (UTC)] info/application	[Motor] Received distance: 17.6173709335818 cm | Severity=75 | SourceName=Motor | EventType=application | SourceNode=ns=1;s=MotorSource
[Anomaly Input] [2026-08-16 19:22:49.499 (UTC)] info/application	[Motor] Distance safe (25.0366643357727); rotating motor to 90 degrees | Severity=75 | SourceName=Motor3 | EventType=application | SourceNode=ns=1;s=MotorSource3
[Anomaly Input] [2026-08-16 19:22:49.500 (UTC)] info/application	[Motor] Distance safe (26.4558243001606); rotating motor to 90 degrees | Severity=75 | SourceName=Motor2 | EventType=application | SourceNode=ns=1;s=MotorSource2
[Anomaly Input] [2026-08-16 19:22:49.506 (UTC)] warn/application	[Motor] Distance too close (17.6173709335818); rotating motor to 0 degrees | Severity=175 | SourceName=Motor | EventType=application | SourceNode=ns=1;s=MotorSource
[Anomaly Input] [2026-08-16 19:22:50.400 (UTC)] info/application	[Sensor] Updated distance: 23.7771032949803 cm | Severity=75 | SourceName=Sensor3 | EventType=application | SourceNode=ns=1;s=SensorSource3
[Anomaly Input] [2026-08-16 19:22:50.400 (UTC)] info/application	[Sensor] Updated distance: 25.8766284100137 cm | Severity=75 | SourceName=Sensor2 | EventType=application | SourceNode=ns=1;s=SensorSource2
[Anomaly Input] [2026-08-16 19:22:50.497 (UTC)] info/application	[Sensor] Updated distance: 18.8625643194479 cm | Severity=75 | SourceName=Sensor | EventType=application | SourceNode=ns=1;s=SensorSource
[Anomaly Input] [2026-08-16 19:22:50.497 (UTC)] info/application	[Motor] Received distance: 18.8625643194479 cm | Severity=75 | SourceName=Motor | EventType=application | SourceNode=ns=1;s=MotorSource
[Anomaly Input] [2026-08-16 19:22:50.500 (UTC)] info/application	[Motor] Received distance: 23.7771032949803 cm | Severity=75 | SourceName=Motor3 | EventType=application | SourceNode=ns=1;s=MotorSource3
[Anomaly Input] [2026-08-16 19:22:50.501 (UTC)] info/application	[Motor] Received distance: 25.8766284100137 cm | Severity=75 | SourceName=Motor2 | EventType=application | SourceNode=ns=1;s=MotorSource2
[Anomaly Input] [2026-08-16 19:22:50.497 (UTC)] warn/application	[Motor] Distance too close (18.8625643194479); rotating motor to 0 degrees | Severity=175 | SourceName=Motor | EventType=application | SourceNode=ns=1;s=MotorSource
[Anomaly Input] [2026-08-16 19:22:50.500 (UTC)] info/application	[Motor] Distance safe (23.7771032949803); rotating motor to 90 degrees | Severity=75 | SourceName=Motor3 | EventType=application | SourceNode=ns=1;s=MotorSource3
[Anomaly Input] [2026-08-16 19:22:50.501 (UTC)] info/application	[Motor] Distance safe (25.8766284100137); rotating motor to 90 degrees | Severity=75 | SourceName=Motor2 | EventType=application | SourceNode=ns=1;s=MotorSource2
[Anomaly Input] [2026-08-16 19:22:51.400 (UTC)] info/application	[Sensor] Updated distance: 27.0548998944251 cm | Severity=75 | SourceName=Sensor2 | EventType=application | SourceNode=ns=1;s=SensorSource2
[Anomaly Input] [2026-08-16 19:22:51.400 (UTC)] info/application	[Sensor] Updated distance: 23.3028885278864 cm | Severity=75 | SourceName=Sensor3 | EventType=application | SourceNode=ns=1;s=SensorSource3
[Anomaly Input] [2026-08-16 19:22:51.491 (UTC)] info/application	[Motor] Received distance: 27.0548998944251 cm | Severity=75 | SourceName=Motor2 | EventType=application | SourceNode=ns=1;s=MotorSource2
[Anomaly Input] [2026-08-16 19:22:51.497 (UTC)] info/application	[Sensor] Updated distance: 17.5604920874166 cm | Severity=75 | SourceName=Sensor | EventType=application | SourceNode=ns=1;s=SensorSource
[Anomaly Input] [2026-08-16 19:22:51.500 (UTC)] info/application	[Motor] Received distance: 23.3028885278864 cm | Severity=75 | SourceName=Motor3 | EventType=application | SourceNode=ns=1;s=MotorSource3
[Anomaly Input] [2026-08-16 19:22:51.505 (UTC)] info/application	[Motor] Received distance: 17.5604920874166 cm | Severity=75 | SourceName=Motor | EventType=application | SourceNode=ns=1;s=MotorSource
[Anomaly Input] [2026-08-16 19:22:51.491 (UTC)] info/application	[Motor] Distance safe (27.0548998944251); rotating motor to 90 degrees | Severity=75 | SourceName=Motor2 | EventType=application | SourceNode=ns=1;s=MotorSource2
[Anomaly Input] [2026-08-16 19:22:51.500 (UTC)] info/application	[Motor] Distance safe (23.3028885278864); rotating motor to 90 degrees | Severity=75 | SourceName=Motor3 | EventType=application | SourceNode=ns=1;s=MotorSource3
[Anomaly Input] [2026-08-16 19:22:51.505 (UTC)] warn/application	[Motor] Distance too close (17.5604920874166); rotating motor to 0 degrees | Severity=175 | SourceName=Motor | EventType=application | SourceNode=ns=1;s=MotorSource
[Anomaly Input] [2026-08-16 19:22:52.400 (UTC)] info/application	[Sensor] Updated distance: 26.0028077308102 cm | Severity=75 | SourceName=Sensor2 | EventType=application | SourceNode=ns=1;s=SensorSource2
[Anomaly Input] [2026-08-16 19:22:52.400 (UTC)] info/application	[Sensor] Updated distance: 24.7496780006912 cm | Severity=75 | SourceName=Sensor3 | EventType=application | SourceNode=ns=1;s=SensorSource3
[Anomaly Input] [2026-08-16 19:22:52.496 (UTC)] info/application	[Sensor] Updated distance: 16.4359020674303 cm | Severity=75 | SourceName=Sensor | EventType=application | SourceNode=ns=1;s=SensorSource
[Anomaly Input] [2026-08-16 19:22:52.496 (UTC)] info/application	[Motor] Received distance: 16.4359020674303 cm | Severity=75 | SourceName=Motor | EventType=application | SourceNode=ns=1;s=MotorSource
[Anomaly Input] [2026-08-16 19:22:52.499 (UTC)] info/application	[Motor] Received distance: 26.0028077308102 cm | Severity=75 | SourceName=Motor2 | EventType=application | SourceNode=ns=1;s=MotorSource2
[Anomaly Input] [2026-08-16 19:22:52.501 (UTC)] info/application	[Motor] Received distance: 24.7496780006912 cm | Severity=75 | SourceName=Motor3 | EventType=application | SourceNode=ns=1;s=MotorSource3
[Anomaly Input] [2026-08-16 19:22:52.496 (UTC)] warn/application	[Motor] Distance too close (16.4359020674303); rotating motor to 0 degrees | Severity=175 | SourceName=Motor | EventType=application | SourceNode=ns=1;s=MotorSource
[Anomaly Input] [2026-08-16 19:22:52.499 (UTC)] info/application	[Motor] Distance safe (26.0028077308102); rotating motor to 90 degrees | Severity=75 | SourceName=Motor2 | EventType=application | SourceNode=ns=1;s=MotorSource2
[Anomaly Input] [2026-08-16 19:22:52.501 (UTC)] info/application	[Motor] Distance safe (24.7496780006912); rotating motor to 90 degrees | Severity=75 | SourceName=Motor3 | EventType=application | SourceNode=ns=1;s=MotorSource3
[Anomaly Input] [2026-08-16 19:22:53.400 (UTC)] info/application	[Sensor] Updated distance: 26.7246771441888 cm | Severity=75 | SourceName=Sensor2 | EventType=application | SourceNode=ns=1;s=SensorSource2
[Anomaly Input] [2026-08-16 19:22:53.400 (UTC)] info/application	[Sensor] Updated distance: 23.8656278831724 cm | Severity=75 | SourceName=Sensor3 | EventType=application | SourceNode=ns=1;s=SensorSource3
[Anomaly Input] [2026-08-16 19:22:53.496 (UTC)] info/application	[Sensor] Updated distance: 15.4543323956683 cm | Severity=75 | SourceName=Sensor | EventType=application | SourceNode=ns=1;s=SensorSource
[Anomaly Input] [2026-08-16 19:22:53.499 (UTC)] info/application	[Motor] Received distance: 26.7246771441888 cm | Severity=75 | SourceName=Motor2 | EventType=application | SourceNode=ns=1;s=MotorSource2
[Anomaly Input] [2026-08-16 19:22:53.501 (UTC)] info/application	[Motor] Received distance: 23.8656278831724 cm | Severity=75 | SourceName=Motor3 | EventType=application | SourceNode=ns=1;s=MotorSource3
[Anomaly Input] [2026-08-16 19:22:53.505 (UTC)] info/application	[Motor] Received distance: 15.4543323956683 cm | Severity=75 | SourceName=Motor | EventType=application | SourceNode=ns=1;s=MotorSource
[Anomaly Input] [2026-08-16 19:22:53.499 (UTC)] info/application	[Motor] Distance safe (26.7246771441888); rotating motor to 90 degrees | Severity=75 | SourceName=Motor2 | EventType=application | SourceNode=ns=1;s=MotorSource2
[Anomaly Input] [2026-08-16 19:22:53.501 (UTC)] info/application	[Motor] Distance safe (23.8656278831724); rotating motor to 90 degrees | Severity=75 | SourceName=Motor3 | EventType=application | SourceNode=ns=1;s=MotorSource3
[Anomaly Input] [2026-08-16 19:22:53.505 (UTC)] warn/application	[Motor] Distance too close (15.4543323956683); rotating motor to 0 degrees | Severity=175 | SourceName=Motor | EventType=application | SourceNode=ns=1;s=MotorSource
[Anomaly Input] [2026-08-16 19:22:54.400 (UTC)] info/application	[Sensor] Updated distance: 23.8207186301335 cm | Severity=75 | SourceName=Sensor3 | EventType=application | SourceNode=ns=1;s=SensorSource3
[Anomaly Input] [2026-08-16 19:22:54.400 (UTC)] info/application	[Sensor] Updated distance: 25.7063599180926 cm | Severity=75 | SourceName=Sensor2 | EventType=application | SourceNode=ns=1;s=SensorSource2
[Anomaly Input] [2026-08-16 19:22:54.496 (UTC)] info/application	[Sensor] Updated distance: 15.4536216333293 cm | Severity=75 | SourceName=Sensor | EventType=application | SourceNode=ns=1;s=SensorSource
[Anomaly Input] [2026-08-16 19:22:54.496 (UTC)] info/application	[Motor] Received distance: 15.4536216333293 cm | Severity=75 | SourceName=Motor | EventType=application | SourceNode=ns=1;s=MotorSource
[Anomaly Input] [2026-08-16 19:22:54.500 (UTC)] info/application	[Motor] Received distance: 25.7063599180926 cm | Severity=75 | SourceName=Motor2 | EventType=application | SourceNode=ns=1;s=MotorSource2
[Anomaly Input] [2026-08-16 19:22:54.501 (UTC)] info/application	[Motor] Received distance: 23.8207186301335 cm | Severity=75 | SourceName=Motor3 | EventType=application | SourceNode=ns=1;s=MotorSource3
[Anomaly Input] [2026-08-16 19:22:54.496 (UTC)] warn/application	[Motor] Distance too close (15.4536216333293); rotating motor to 0 degrees | Severity=175 | SourceName=Motor | EventType=application | SourceNode=ns=1;s=MotorSource
[Anomaly Input] [2026-08-16 19:22:54.500 (UTC)] info/application	[Motor] Distance safe (25.7063599180926); rotating motor to 90 degrees | Severity=75 | SourceName=Motor2 | EventType=application | SourceNode=ns=1;s=MotorSource2
[Anomaly Input] [2026-08-16 19:22:54.501 (UTC)] info/application	[Motor] Distance safe (23.8207186301335); rotating motor to 90 degrees | Severity=75 | SourceName=Motor3 | EventType=application | SourceNode=ns=1;s=MotorSource3
[Anomaly Input] [2026-08-16 19:22:55.400 (UTC)] info/application	[Sensor] Updated distance: 23.2963635431586 cm | Severity=75 | SourceName=Sensor3 | EventType=application | SourceNode=ns=1;s=SensorSource3
[Anomaly Input] [2026-08-16 19:22:55.400 (UTC)] info/application	[Sensor] Updated distance: 24.2875365171524 cm | Severity=75 | SourceName=Sensor2 | EventType=application | SourceNode=ns=1;s=SensorSource2
[Anomaly Input] [2026-08-16 19:22:55.496 (UTC)] info/application	[Sensor] Updated distance: 16.5637687652203 cm | Severity=75 | SourceName=Sensor | EventType=application | SourceNode=ns=1;s=SensorSource
[Anomaly Input] [2026-08-16 19:22:55.500 (UTC)] info/application	[Motor] Received distance: 24.2875365171524 cm | Severity=75 | SourceName=Motor2 | EventType=application | SourceNode=ns=1;s=MotorSource2
[Anomaly Input] [2026-08-16 19:22:55.500 (UTC)] info/application	[Motor] Received distance: 23.2963635431586 cm | Severity=75 | SourceName=Motor3 | EventType=application | SourceNode=ns=1;s=MotorSource3
[Anomaly Input] [2026-08-16 19:22:55.504 (UTC)] info/application	[Motor] Received distance: 16.5637687652203 cm | Severity=75 | SourceName=Motor | EventType=application | SourceNode=ns=1;s=MotorSource
[Anomaly Input] [2026-08-16 19:22:55.500 (UTC)] info/application	[Motor] Distance safe (24.2875365171524); rotating motor to 90 degrees | Severity=75 | SourceName=Motor2 | EventType=application | SourceNode=ns=1;s=MotorSource2
[Anomaly Input] [2026-08-16 19:22:55.500 (UTC)] info/application	[Motor] Distance safe (23.2963635431586); rotating motor to 90 degrees | Severity=75 | SourceName=Motor3 | EventType=application | SourceNode=ns=1;s=MotorSource3
[Anomaly Input] [2026-08-16 19:22:55.504 (UTC)] warn/application	[Motor] Distance too close (16.5637687652203); rotating motor to 0 degrees | Severity=175 | SourceName=Motor | EventType=application | SourceNode=ns=1;s=MotorSource
[Anomaly Input] [2026-08-16 19:22:56.400 (UTC)] info/application	[Sensor] Updated distance: 23.3180974639571 cm | Severity=75 | SourceName=Sensor3 | EventType=application | SourceNode=ns=1;s=SensorSource3
[Anomaly Input] [2026-08-16 19:22:56.400 (UTC)] info/application	[Sensor] Updated distance: 23.4257286709853 cm | Severity=75 | SourceName=Sensor2 | EventType=application | SourceNode=ns=1;s=SensorSource2
[Anomaly Input] [2026-08-16 19:22:56.496 (UTC)] info/application	[Sensor] Updated distance: 17.1652051581374 cm | Severity=75 | SourceName=Sensor | EventType=application | SourceNode=ns=1;s=SensorSource
[Anomaly Input] [2026-08-16 19:22:56.496 (UTC)] info/application	[Motor] Received distance: 17.1652051581374 cm | Severity=75 | SourceName=Motor | EventType=application | SourceNode=ns=1;s=MotorSource
[Anomaly Input] [2026-08-16 19:22:56.501 (UTC)] info/application	[Motor] Received distance: 23.4257286709853 cm | Severity=75 | SourceName=Motor2 | EventType=application | SourceNode=ns=1;s=MotorSource2
[Anomaly Input] [2026-08-16 19:22:56.501 (UTC)] info/application	[Motor] Received distance: 23.3180974639571 cm | Severity=75 | SourceName=Motor3 | EventType=application | SourceNode=ns=1;s=MotorSource3
[Anomaly Input] [2026-08-16 19:22:56.496 (UTC)] warn/application	[Motor] Distance too close (17.1652051581374); rotating motor to 0 degrees | Severity=175 | SourceName=Motor | EventType=application | SourceNode=ns=1;s=MotorSource
[Anomaly Input] [2026-08-16 19:22:56.501 (UTC)] info/application	[Motor] Distance safe (23.4257286709853); rotating motor to 90 degrees | Severity=75 | SourceName=Motor2 | EventType=application | SourceNode=ns=1;s=MotorSource2
[Anomaly Input] [2026-08-16 19:22:56.501 (UTC)] info/application	[Motor] Distance safe (23.3180974639571); rotating motor to 90 degrees | Severity=75 | SourceName=Motor3 | EventType=application | SourceNode=ns=1;s=MotorSource3
[Anomaly Input] [2026-08-16 19:22:57.400 (UTC)] info/application	[Sensor] Updated distance: 21.8963396090066 cm | Severity=75 | SourceName=Sensor3 | EventType=application | SourceNode=ns=1;s=SensorSource3
[Anomaly Input] [2026-08-16 19:22:57.400 (UTC)] info/application	[Sensor] Updated distance: 23.0547384161291 cm | Severity=75 | SourceName=Sensor2 | EventType=application | SourceNode=ns=1;s=SensorSource2
[Anomaly Input] [2026-08-16 19:22:57.496 (UTC)] info/application	[Sensor] Updated distance: 17.409880270441 cm | Severity=75 | SourceName=Sensor | EventType=application | SourceNode=ns=1;s=SensorSource
[Anomaly Input] [2026-08-16 19:22:57.501 (UTC)] info/application	[Motor] Received distance: 23.0547384161291 cm | Severity=75 | SourceName=Motor2 | EventType=application | SourceNode=ns=1;s=MotorSource2
[Anomaly Input] [2026-08-16 19:22:57.501 (UTC)] info/application	[Motor] Received distance: 21.8963396090066 cm | Severity=75 | SourceName=Motor3 | EventType=application | SourceNode=ns=1;s=MotorSource3
[Anomaly Input] [2026-08-16 19:22:57.504 (UTC)] info/application	[Motor] Received distance: 17.409880270441 cm | Severity=75 | SourceName=Motor | EventType=application | SourceNode=ns=1;s=MotorSource
[Anomaly Input] [2026-08-16 19:22:57.501 (UTC)] info/application	[Motor] Distance safe (23.0547384161291); rotating motor to 90 degrees | Severity=75 | SourceName=Motor2 | EventType=application | SourceNode=ns=1;s=MotorSource2
[Anomaly Input] [2026-08-16 19:22:57.501 (UTC)] info/application	[Motor] Distance safe (21.8963396090066); rotating motor to 90 degrees | Severity=75 | SourceName=Motor3 | EventType=application | SourceNode=ns=1;s=MotorSource3
[Anomaly Input] [2026-08-16 19:22:57.504 (UTC)] warn/application	[Motor] Distance too close (17.409880270441); rotating motor to 0 degrees | Severity=175 | SourceName=Motor | EventType=application | SourceNode=ns=1;s=MotorSource
[Anomaly Input] [2026-08-16 19:22:58.401 (UTC)] info/application	[Sensor] Updated distance: 21.5721025343855 cm | Severity=75 | SourceName=Sensor2 | EventType=application | SourceNode=ns=1;s=SensorSource2
[Anomaly Input] [2026-08-16 19:22:58.401 (UTC)] info/application	[Sensor] Updated distance: 22.4176004731178 cm | Severity=75 | SourceName=Sensor3 | EventType=application | SourceNode=ns=1;s=SensorSource3
[Anomaly Input] [2026-08-16 19:22:58.492 (UTC)] info/application	[Motor] Received distance: 22.4176004731178 cm | Severity=75 | SourceName=Motor3 | EventType=application | SourceNode=ns=1;s=MotorSource3
[Anomaly Input] [2026-08-16 19:22:58.495 (UTC)] info/application	[Sensor] Updated distance: 18.5468984414111 cm | Severity=75 | SourceName=Sensor | EventType=application | SourceNode=ns=1;s=SensorSource
[Anomaly Input] [2026-08-16 19:22:58.495 (UTC)] info/application	[Motor] Received distance: 18.5468984414111 cm | Severity=75 | SourceName=Motor | EventType=application | SourceNode=ns=1;s=MotorSource
[Anomaly Input] [2026-08-16 19:22:58.501 (UTC)] info/application	[Motor] Received distance: 21.5721025343855 cm | Severity=75 | SourceName=Motor2 | EventType=application | SourceNode=ns=1;s=MotorSource2
[Anomaly Input] [2026-08-16 19:22:58.492 (UTC)] info/application	[Motor] Distance safe (22.4176004731178); rotating motor to 90 degrees | Severity=75 | SourceName=Motor3 | EventType=application | SourceNode=ns=1;s=MotorSource3
[Anomaly Input] [2026-08-16 19:22:58.495 (UTC)] warn/application	[Motor] Distance too close (18.5468984414111); rotating motor to 0 degrees | Severity=175 | SourceName=Motor | EventType=application | SourceNode=ns=1;s=MotorSource
[Anomaly Input] [2026-08-16 19:22:58.501 (UTC)] info/application	[Motor] Distance safe (21.5721025343855); rotating motor to 90 degrees | Severity=75 | SourceName=Motor2 | EventType=application | SourceNode=ns=1;s=MotorSource2
[Anomaly Input] [2026-08-16 19:22:59.400 (UTC)] info/application	[Sensor] Updated distance: 22.696297090592 cm | Severity=75 | SourceName=Sensor3 | EventType=application | SourceNode=ns=1;s=SensorSource3
[Anomaly Input] [2026-08-16 19:22:59.401 (UTC)] info/application	[Sensor] Updated distance: 22.941567543634 cm | Severity=75 | SourceName=Sensor2 | EventType=application | SourceNode=ns=1;s=SensorSource2
[Anomaly Input] [2026-08-16 19:22:59.495 (UTC)] info/application	[Sensor] Updated distance: 17.6578983392836 cm | Severity=75 | SourceName=Sensor | EventType=application | SourceNode=ns=1;s=SensorSource
[Anomaly Input] [2026-08-16 19:22:59.500 (UTC)] info/application	[Motor] Received distance: 22.696297090592 cm | Severity=75 | SourceName=Motor3 | EventType=application | SourceNode=ns=1;s=MotorSource3
[Anomaly Input] [2026-08-16 19:22:59.501 (UTC)] info/application	[Motor] Received distance: 22.941567543634 cm | Severity=75 | SourceName=Motor2 | EventType=application | SourceNode=ns=1;s=MotorSource2
[Anomaly Input] [2026-08-16 19:22:59.504 (UTC)] info/application	[Motor] Received distance: 17.6578983392836 cm | Severity=75 | SourceName=Motor | EventType=application | SourceNode=ns=1;s=MotorSource
[Anomaly Input] [2026-08-16 19:22:59.500 (UTC)] info/application	[Motor] Distance safe (22.696297090592); rotating motor to 90 degrees | Severity=75 | SourceName=Motor3 | EventType=application | SourceNode=ns=1;s=MotorSource3
[Anomaly Input] [2026-08-16 19:22:59.501 (UTC)] info/application	[Motor] Distance safe (22.941567543634); rotating motor to 90 degrees | Severity=75 | SourceName=Motor2 | EventType=application | SourceNode=ns=1;s=MotorSource2
[Anomaly Input] [2026-08-16 19:22:59.504 (UTC)] warn/application	[Motor] Distance too close (17.6578983392836); rotating motor to 0 degrees | Severity=175 | SourceName=Motor | EventType=application | SourceNode=ns=1;s=MotorSource
[Anomaly Input] [2026-08-16 19:23:00.400 (UTC)] info/application	[Sensor] Updated distance: 22.8647480164025 cm | Severity=75 | SourceName=Sensor3 | EventType=application | SourceNode=ns=1;s=SensorSource3
[Anomaly Input] [2026-08-16 19:23:00.401 (UTC)] info/application	[Sensor] Updated distance: 23.4854753951009 cm | Severity=75 | SourceName=Sensor2 | EventType=application | SourceNode=ns=1;s=SensorSource2
[Anomaly Input] [2026-08-16 19:23:00.495 (UTC)] info/application	[Sensor] Updated distance: 18.5484807617257 cm | Severity=75 | SourceName=Sensor | EventType=application | SourceNode=ns=1;s=SensorSource
[Anomaly Input] [2026-08-16 19:23:00.495 (UTC)] info/application	[Motor] Received distance: 18.5484807617257 cm | Severity=75 | SourceName=Motor | EventType=application | SourceNode=ns=1;s=MotorSource
[Anomaly Input] [2026-08-16 19:23:00.500 (UTC)] info/application	[Motor] Received distance: 22.8647480164025 cm | Severity=75 | SourceName=Motor3 | EventType=application | SourceNode=ns=1;s=MotorSource3
[Anomaly Input] [2026-08-16 19:23:00.501 (UTC)] info/application	[Motor] Received distance: 23.4854753951009 cm | Severity=75 | SourceName=Motor2 | EventType=application | SourceNode=ns=1;s=MotorSource2
[Anomaly Input] [2026-08-16 19:23:00.495 (UTC)] warn/application	[Motor] Distance too close (18.5484807617257); rotating motor to 0 degrees | Severity=175 | SourceName=Motor | EventType=application | SourceNode=ns=1;s=MotorSource
[Anomaly Input] [2026-08-16 19:23:00.500 (UTC)] info/application	[Motor] Distance safe (22.8647480164025); rotating motor to 90 degrees | Severity=75 | SourceName=Motor3 | EventType=application | SourceNode=ns=1;s=MotorSource3
[Anomaly Input] [2026-08-16 19:23:00.501 (UTC)] info/application	[Motor] Distance safe (23.4854753951009); rotating motor to 90 degrees | Severity=75 | SourceName=Motor2 | EventType=application | SourceNode=ns=1;s=MotorSource2
[Anomaly Input] [2026-08-16 19:23:01.399 (UTC)] info/application	[Sensor] Updated distance: 21.8876022265235 cm | Severity=75 | SourceName=Sensor3 | EventType=application | SourceNode=ns=1;s=SensorSource3
[Anomaly Input] [2026-08-16 19:23:01.401 (UTC)] info/application	[Sensor] Updated distance: 24.4403128991557 cm | Severity=75 | SourceName=Sensor2 | EventType=application | SourceNode=ns=1;s=SensorSource2
[Anomaly Input] [2026-08-16 19:23:01.490 (UTC)] info/application	[Motor] Received distance: 21.8876022265235 cm | Severity=75 | SourceName=Motor3 | EventType=application | SourceNode=ns=1;s=MotorSource3
[Anomaly Input] [2026-08-16 19:23:01.495 (UTC)] info/application	[Sensor] Updated distance: 18.8254616259716 cm | Severity=75 | SourceName=Sensor | EventType=application | SourceNode=ns=1;s=SensorSource
[Anomaly Input] [2026-08-16 19:23:01.501 (UTC)] info/application	[Motor] Received distance: 24.4403128991557 cm | Severity=75 | SourceName=Motor2 | EventType=application | SourceNode=ns=1;s=MotorSource2
[Anomaly Input] [2026-08-16 19:23:01.503 (UTC)] info/application	[Motor] Received distance: 18.8254616259716 cm | Severity=75 | SourceName=Motor | EventType=application | SourceNode=ns=1;s=MotorSource
[Anomaly Input] [2026-08-16 19:23:01.490 (UTC)] info/application	[Motor] Distance safe (21.8876022265235); rotating motor to 90 degrees | Severity=75 | SourceName=Motor3 | EventType=application | SourceNode=ns=1;s=MotorSource3
[Anomaly Input] [2026-08-16 19:23:01.501 (UTC)] info/application	[Motor] Distance safe (24.4403128991557); rotating motor to 90 degrees | Severity=75 | SourceName=Motor2 | EventType=application | SourceNode=ns=1;s=MotorSource2
[Anomaly Input] [2026-08-16 19:23:01.503 (UTC)] warn/application	[Motor] Distance too close (18.8254616259716); rotating motor to 0 degrees | Severity=175 | SourceName=Motor | EventType=application | SourceNode=ns=1;s=MotorSource
[Anomaly Input] [2026-08-16 19:23:02.399 (UTC)] info/application	[Sensor] Updated distance: 21.9464112790052 cm | Severity=75 | SourceName=Sensor3 | EventType=application | SourceNode=ns=1;s=SensorSource3
[Anomaly Input] [2026-08-16 19:23:02.402 (UTC)] info/application	[Sensor] Updated distance: 24.6792799647335 cm | Severity=75 | SourceName=Sensor2 | EventType=application | SourceNode=ns=1;s=SensorSource2
[Anomaly Input] [2026-08-16 19:23:02.493 (UTC)] info/application	[Motor] Received distance: 24.6792799647335 cm | Severity=75 | SourceName=Motor2 | EventType=application | SourceNode=ns=1;s=MotorSource2
[Anomaly Input] [2026-08-16 19:23:02.495 (UTC)] info/application	[Sensor] Updated distance: 20.1869251503083 cm | Severity=75 | SourceName=Sensor | EventType=application | SourceNode=ns=1;s=SensorSource
[Anomaly Input] [2026-08-16 19:23:02.495 (UTC)] info/application	[Motor] Received distance: 20.1869251503083 cm | Severity=75 | SourceName=Motor | EventType=application | SourceNode=ns=1;s=MotorSource
[Anomaly Input] [2026-08-16 19:23:02.499 (UTC)] info/application	[Motor] Received distance: 21.9464112790052 cm | Severity=75 | SourceName=Motor3 | EventType=application | SourceNode=ns=1;s=MotorSource3
[Anomaly Input] [2026-08-16 19:23:02.493 (UTC)] info/application	[Motor] Distance safe (24.6792799647335); rotating motor to 90 degrees | Severity=75 | SourceName=Motor2 | EventType=application | SourceNode=ns=1;s=MotorSource2
[Anomaly Input] [2026-08-16 19:23:02.495 (UTC)] info/application	[Motor] Distance safe (20.1869251503083); rotating motor to 90 degrees | Severity=75 | SourceName=Motor | EventType=application | SourceNode=ns=1;s=MotorSource
[Anomaly Input] [2026-08-16 19:23:02.499 (UTC)] info/application	[Motor] Distance safe (21.9464112790052); rotating motor to 90 degrees | Severity=75 | SourceName=Motor3 | EventType=application | SourceNode=ns=1;s=MotorSource3
[Anomaly Input] [2026-08-16 19:23:03.399 (UTC)] info/application	[Sensor] Updated distance: 22.412000422325 cm | Severity=75 | SourceName=Sensor3 | EventType=application | SourceNode=ns=1;s=SensorSource3
[Anomaly Input] [2026-08-16 19:23:03.402 (UTC)] info/application	[Sensor] Updated distance: 23.4486206285416 cm | Severity=75 | SourceName=Sensor2 | EventType=application | SourceNode=ns=1;s=SensorSource2
[Anomaly Input] [2026-08-16 19:23:03.495 (UTC)] info/application	[Sensor] Updated distance: 21.6090695004021 cm | Severity=75 | SourceName=Sensor | EventType=application | SourceNode=ns=1;s=SensorSource
[Anomaly Input] [2026-08-16 19:23:03.499 (UTC)] info/application	[Motor] Received distance: 23.4486206285416 cm | Severity=75 | SourceName=Motor2 | EventType=application | SourceNode=ns=1;s=MotorSource2
[Anomaly Input] [2026-08-16 19:23:03.500 (UTC)] info/application	[Motor] Received distance: 22.412000422325 cm | Severity=75 | SourceName=Motor3 | EventType=application | SourceNode=ns=1;s=MotorSource3
[Anomaly Input] [2026-08-16 19:23:03.503 (UTC)] info/application	[Motor] Received distance: 21.6090695004021 cm | Severity=75 | SourceName=Motor | EventType=application | SourceNode=ns=1;s=MotorSource
[Anomaly Input] [2026-08-16 19:23:03.499 (UTC)] info/application	[Motor] Distance safe (23.4486206285416); rotating motor to 90 degrees | Severity=75 | SourceName=Motor2 | EventType=application | SourceNode=ns=1;s=MotorSource2
[Anomaly Input] [2026-08-16 19:23:03.500 (UTC)] info/application	[Motor] Distance safe (22.412000422325); rotating motor to 90 degrees | Severity=75 | SourceName=Motor3 | EventType=application | SourceNode=ns=1;s=MotorSource3
[Anomaly Input] [2026-08-16 19:23:03.503 (UTC)] info/application	[Motor] Distance safe (21.6090695004021); rotating motor to 90 degrees | Severity=75 | SourceName=Motor | EventType=application | SourceNode=ns=1;s=MotorSource
[Anomaly Input] [2026-08-16 19:23:04.399 (UTC)] info/application	[Sensor] Updated distance: 23.8771194465818 cm | Severity=75 | SourceName=Sensor3 | EventType=application | SourceNode=ns=1;s=SensorSource3
[Anomaly Input] [2026-08-16 19:23:04.403 (UTC)] info/application	[Sensor] Updated distance: 23.8732903850606 cm | Severity=75 | SourceName=Sensor2 | EventType=application | SourceNode=ns=1;s=SensorSource2
[Anomaly Input] [2026-08-16 19:23:04.495 (UTC)] info/application	[Sensor] Updated distance: 21.2297893100091 cm | Severity=75 | SourceName=Sensor | EventType=application | SourceNode=ns=1;s=SensorSource
[Anomaly Input] [2026-08-16 19:23:04.495 (UTC)] info/application	[Motor] Received distance: 21.2297893100091 cm | Severity=75 | SourceName=Motor | EventType=application | SourceNode=ns=1;s=MotorSource
[Anomaly Input] [2026-08-16 19:23:04.500 (UTC)] info/application	[Motor] Received distance: 23.8771194465818 cm | Severity=75 | SourceName=Motor3 | EventType=application | SourceNode=ns=1;s=MotorSource3
[Anomaly Input] [2026-08-16 19:23:04.500 (UTC)] info/application	[Motor] Received distance: 23.8732903850606 cm | Severity=75 | SourceName=Motor2 | EventType=application | SourceNode=ns=1;s=MotorSource2
[Anomaly Input] [2026-08-16 19:23:04.495 (UTC)] info/application	[Motor] Distance safe (21.2297893100091); rotating motor to 90 degrees | Severity=75 | SourceName=Motor | EventType=application | SourceNode=ns=1;s=MotorSource
[Anomaly Input] [2026-08-16 19:23:04.500 (UTC)] info/application	[Motor] Distance safe (23.8771194465818); rotating motor to 90 degrees | Severity=75 | SourceName=Motor3 | EventType=application | SourceNode=ns=1;s=MotorSource3
[Anomaly Input] [2026-08-16 19:23:04.500 (UTC)] info/application	[Motor] Distance safe (23.8732903850606); rotating motor to 90 degrees | Severity=75 | SourceName=Motor2 | EventType=application | SourceNode=ns=1;s=MotorSource2
[Anomaly Input] [2026-08-16 19:23:05.398 (UTC)] info/application	[Sensor] Updated distance: 23.1050062792399 cm | Severity=75 | SourceName=Sensor3 | EventType=application | SourceNode=ns=1;s=SensorSource3
[Anomaly Input] [2026-08-16 19:23:05.403 (UTC)] info/application	[Sensor] Updated distance: 24.0629741803571 cm | Severity=75 | SourceName=Sensor2 | EventType=application | SourceNode=ns=1;s=SensorSource2
[Anomaly Input] [2026-08-16 19:23:05.495 (UTC)] info/application	[Sensor] Updated distance: 22.1324467259145 cm | Severity=75 | SourceName=Sensor | EventType=application | SourceNode=ns=1;s=SensorSource
[Anomaly Input] [2026-08-16 19:23:05.500 (UTC)] info/application	[Motor] Received distance: 23.1050062792399 cm | Severity=75 | SourceName=Motor3 | EventType=application | SourceNode=ns=1;s=MotorSource3
[Anomaly Input] [2026-08-16 19:23:05.500 (UTC)] info/application	[Motor] Received distance: 24.0629741803571 cm | Severity=75 | SourceName=Motor2 | EventType=application | SourceNode=ns=1;s=MotorSource2
[Anomaly Input] [2026-08-16 19:23:05.503 (UTC)] info/application	[Motor] Received distance: 22.1324467259145 cm | Severity=75 | SourceName=Motor | EventType=application | SourceNode=ns=1;s=MotorSource
[Anomaly Input] [2026-08-16 19:23:05.500 (UTC)] info/application	[Motor] Distance safe (23.1050062792399); rotating motor to 90 degrees | Severity=75 | SourceName=Motor3 | EventType=application | SourceNode=ns=1;s=MotorSource3
[Anomaly Input] [2026-08-16 19:23:05.500 (UTC)] info/application	[Motor] Distance safe (24.0629741803571); rotating motor to 90 degrees | Severity=75 | SourceName=Motor2 | EventType=application | SourceNode=ns=1;s=MotorSource2
[Anomaly Input] [2026-08-16 19:23:05.503 (UTC)] info/application	[Motor] Distance safe (22.1324467259145); rotating motor to 90 degrees | Severity=75 | SourceName=Motor | EventType=application | SourceNode=ns=1;s=MotorSource
[Anomaly Input] [2026-08-16 19:23:06.398 (UTC)] info/application	[Sensor] Updated distance: 22.6461272657132 cm | Severity=75 | SourceName=Sensor3 | EventType=application | SourceNode=ns=1;s=SensorSource3
[Anomaly Input] [2026-08-16 19:23:06.403 (UTC)] info/application	[Sensor] Updated distance: 23.612943053531 cm | Severity=75 | SourceName=Sensor2 | EventType=application | SourceNode=ns=1;s=SensorSource2
[Anomaly Input] [2026-08-16 19:23:06.494 (UTC)] info/application	[Sensor] Updated distance: 23.4935787836991 cm | Severity=75 | SourceName=Sensor | EventType=application | SourceNode=ns=1;s=SensorSource
[Anomaly Input] [2026-08-16 19:23:06.494 (UTC)] info/application	[Motor] Received distance: 23.4935787836991 cm | Severity=75 | SourceName=Motor | EventType=application | SourceNode=ns=1;s=MotorSource
[Anomaly Input] [2026-08-16 19:23:06.501 (UTC)] info/application	[Motor] Received distance: 23.612943053531 cm | Severity=75 | SourceName=Motor2 | EventType=application | SourceNode=ns=1;s=MotorSource2
[Anomaly Input] [2026-08-16 19:23:06.501 (UTC)] info/application	[Motor] Received distance: 22.6461272657132 cm | Severity=75 | SourceName=Motor3 | EventType=application | SourceNode=ns=1;s=MotorSource3
[Anomaly Input] [2026-08-16 19:23:06.494 (UTC)] info/application	[Motor] Distance safe (23.4935787836991); rotating motor to 90 degrees | Severity=75 | SourceName=Motor | EventType=application | SourceNode=ns=1;s=MotorSource
[Anomaly Input] [2026-08-16 19:23:06.501 (UTC)] info/application	[Motor] Distance safe (23.612943053531); rotating motor to 90 degrees | Severity=75 | SourceName=Motor2 | EventType=application | SourceNode=ns=1;s=MotorSource2
[Anomaly Input] [2026-08-16 19:23:06.501 (UTC)] info/application	[Motor] Distance safe (22.6461272657132); rotating motor to 90 degrees | Severity=75 | SourceName=Motor3 | EventType=application | SourceNode=ns=1;s=MotorSource3
[Anomaly Input] [2026-08-16 19:23:07.398 (UTC)] info/application	[Sensor] Updated distance: 21.5428815847463 cm | Severity=75 | SourceName=Sensor3 | EventType=application | SourceNode=ns=1;s=SensorSource3
[Anomaly Input] [2026-08-16 19:23:07.404 (UTC)] info/application	[Sensor] Updated distance: 25.0579074353715 cm | Severity=75 | SourceName=Sensor2 | EventType=application | SourceNode=ns=1;s=SensorSource2
[Anomaly Input] [2026-08-16 19:23:07.494 (UTC)] info/application	[Sensor] Updated distance: 22.4196133312861 cm | Severity=75 | SourceName=Sensor | EventType=application | SourceNode=ns=1;s=SensorSource
[Anomaly Input] [2026-08-16 19:23:07.495 (UTC)] info/application	[Motor] Received distance: 25.0579074353715 cm | Severity=75 | SourceName=Motor2 | EventType=application | SourceNode=ns=1;s=MotorSource2
[Anomaly Input] [2026-08-16 19:23:07.503 (UTC)] info/application	[Motor] Received distance: 22.4196133312861 cm | Severity=75 | SourceName=Motor | EventType=application | SourceNode=ns=1;s=MotorSource
[Anomaly Input] [2026-08-16 19:23:07.509 (UTC)] info/application	[Motor] Received distance: 21.5428815847463 cm | Severity=75 | SourceName=Motor3 | EventType=application | SourceNode=ns=1;s=MotorSource3
[Anomaly Input] [2026-08-16 19:23:07.495 (UTC)] info/application	[Motor] Distance safe (25.0579074353715); rotating motor to 90 degrees | Severity=75 | SourceName=Motor2 | EventType=application | SourceNode=ns=1;s=MotorSource2
[Anomaly Input] [2026-08-16 19:23:07.503 (UTC)] info/application	[Motor] Distance safe (22.4196133312861); rotating motor to 90 degrees | Severity=75 | SourceName=Motor | EventType=application | SourceNode=ns=1;s=MotorSource
[Anomaly Input] [2026-08-16 19:23:07.509 (UTC)] info/application	[Motor] Distance safe (21.5428815847463); rotating motor to 90 degrees | Severity=75 | SourceName=Motor3 | EventType=application | SourceNode=ns=1;s=MotorSource3
[Anomaly Input] [2026-08-16 19:23:08.398 (UTC)] info/application	[Sensor] Updated distance: 22.1590141556966 cm | Severity=75 | SourceName=Sensor3 | EventType=application | SourceNode=ns=1;s=SensorSource3
[Anomaly Input] [2026-08-16 19:23:08.404 (UTC)] info/application	[Sensor] Updated distance: 25.9808380291708 cm | Severity=75 | SourceName=Sensor2 | EventType=application | SourceNode=ns=1;s=SensorSource2
[Anomaly Input] [2026-08-16 19:23:08.495 (UTC)] info/application	[Sensor] Updated distance: 20.9423388123709 cm | Severity=75 | SourceName=Sensor | EventType=application | SourceNode=ns=1;s=SensorSource
[Anomaly Input] [2026-08-16 19:23:08.495 (UTC)] info/application	[Motor] Received distance: 20.9423388123709 cm | Severity=75 | SourceName=Motor | EventType=application | SourceNode=ns=1;s=MotorSource
[Anomaly Input] [2026-08-16 19:23:08.499 (UTC)] info/application	[Motor] Received distance: 22.1590141556966 cm | Severity=75 | SourceName=Motor3 | EventType=application | SourceNode=ns=1;s=MotorSource3
[Anomaly Input] [2026-08-16 19:23:08.500 (UTC)] info/application	[Motor] Received distance: 25.9808380291708 cm | Severity=75 | SourceName=Motor2 | EventType=application | SourceNode=ns=1;s=MotorSource2
[Anomaly Input] [2026-08-16 19:23:08.495 (UTC)] info/application	[Motor] Distance safe (20.9423388123709); rotating motor to 90 degrees | Severity=75 | SourceName=Motor | EventType=application | SourceNode=ns=1;s=MotorSource
[Anomaly Input] [2026-08-16 19:23:08.499 (UTC)] info/application	[Motor] Distance safe (22.1590141556966); rotating motor to 90 degrees | Severity=75 | SourceName=Motor3 | EventType=application | SourceNode=ns=1;s=MotorSource3
[Anomaly Input] [2026-08-16 19:23:08.500 (UTC)] info/application	[Motor] Distance safe (25.9808380291708); rotating motor to 90 degrees | Severity=75 | SourceName=Motor2 | EventType=application | SourceNode=ns=1;s=MotorSource2
[Anomaly Input] [2026-08-16 19:23:09.398 (UTC)] info/application	[Sensor] Updated distance: 21.8855411151357 cm | Severity=75 | SourceName=Sensor3 | EventType=application | SourceNode=ns=1;s=SensorSource3
[Anomaly Input] [2026-08-16 19:23:09.404 (UTC)] info/application	[Sensor] Updated distance: 26.8985412993462 cm | Severity=75 | SourceName=Sensor2 | EventType=application | SourceNode=ns=1;s=SensorSource2
[Anomaly Input] [2026-08-16 19:23:09.495 (UTC)] info/application	[Sensor] Updated distance: 21.0854430431898 cm | Severity=75 | SourceName=Sensor | EventType=application | SourceNode=ns=1;s=SensorSource
[Anomaly Input] [2026-08-16 19:23:09.500 (UTC)] info/application	[Motor] Received distance: 21.8855411151357 cm | Severity=75 | SourceName=Motor3 | EventType=application | SourceNode=ns=1;s=MotorSource3
[Anomaly Input] [2026-08-16 19:23:09.500 (UTC)] info/application	[Motor] Received distance: 26.8985412993462 cm | Severity=75 | SourceName=Motor2 | EventType=application | SourceNode=ns=1;s=MotorSource2
[Anomaly Input] [2026-08-16 19:23:09.503 (UTC)] info/application	[Motor] Received distance: 21.0854430431898 cm | Severity=75 | SourceName=Motor | EventType=application | SourceNode=ns=1;s=MotorSource
[Anomaly Input] [2026-08-16 19:23:09.500 (UTC)] info/application	[Motor] Distance safe (21.8855411151357); rotating motor to 90 degrees | Severity=75 | SourceName=Motor3 | EventType=application | SourceNode=ns=1;s=MotorSource3
[Anomaly Input] [2026-08-16 19:23:09.500 (UTC)] info/application	[Motor] Distance safe (26.8985412993462); rotating motor to 90 degrees | Severity=75 | SourceName=Motor2 | EventType=application | SourceNode=ns=1;s=MotorSource2
[Anomaly Input] [2026-08-16 19:23:09.503 (UTC)] info/application	[Motor] Distance safe (21.0854430431898); rotating motor to 90 degrees | Severity=75 | SourceName=Motor | EventType=application | SourceNode=ns=1;s=MotorSource
[Anomaly Input] [2026-08-16 19:23:10.398 (UTC)] info/application	[Sensor] Updated distance: 20.6098706794949 cm | Severity=75 | SourceName=Sensor3 | EventType=application | SourceNode=ns=1;s=SensorSource3
[Anomaly Input] [2026-08-16 19:23:10.404 (UTC)] info/application	[Sensor] Updated distance: 26.0618040343103 cm | Severity=75 | SourceName=Sensor2 | EventType=application | SourceNode=ns=1;s=SensorSource2
[Anomaly Input] [2026-08-16 19:23:10.495 (UTC)] info/application	[Sensor] Updated distance: 22.4241534080003 cm | Severity=75 | SourceName=Sensor | EventType=application | SourceNode=ns=1;s=SensorSource
[Anomaly Input] [2026-08-16 19:23:10.495 (UTC)] info/application	[Motor] Received distance: 22.4241534080003 cm | Severity=75 | SourceName=Motor | EventType=application | SourceNode=ns=1;s=MotorSource
[Anomaly Input] [2026-08-16 19:23:10.500 (UTC)] info/application	[Motor] Received distance: 26.0618040343103 cm | Severity=75 | SourceName=Motor2 | EventType=application | SourceNode=ns=1;s=MotorSource2
[Anomaly Input] [2026-08-16 19:23:10.501 (UTC)] info/application	[Motor] Received distance: 20.6098706794949 cm | Severity=75 | SourceName=Motor3 | EventType=application | SourceNode=ns=1;s=MotorSource3
[Anomaly Input] [2026-08-16 19:23:10.495 (UTC)] info/application	[Motor] Distance safe (22.4241534080003); rotating motor to 90 degrees | Severity=75 | SourceName=Motor | EventType=application | SourceNode=ns=1;s=MotorSource
[Anomaly Input] [2026-08-16 19:23:10.500 (UTC)] info/application	[Motor] Distance safe (26.0618040343103); rotating motor to 90 degrees | Severity=75 | SourceName=Motor2 | EventType=application | SourceNode=ns=1;s=MotorSource2
[Anomaly Input] [2026-08-16 19:23:10.501 (UTC)] info/application	[Motor] Distance safe (20.6098706794949); rotating motor to 90 degrees | Severity=75 | SourceName=Motor3 | EventType=application | SourceNode=ns=1;s=MotorSource3
[Anomaly Input] [2026-08-16 19:23:11.398 (UTC)] info/application	[Sensor] Updated distance: 22.0721154304091 cm | Severity=75 | SourceName=Sensor3 | EventType=application | SourceNode=ns=1;s=SensorSource3
[Anomaly Input] [2026-08-16 19:23:11.405 (UTC)] info/application	[Sensor] Updated distance: 26.897853705286 cm | Severity=75 | SourceName=Sensor2 | EventType=application | SourceNode=ns=1;s=SensorSource2
[Anomaly Input] [2026-08-16 19:23:11.495 (UTC)] info/application	[Sensor] Updated distance: 22.1827470060358 cm | Severity=75 | SourceName=Sensor | EventType=application | SourceNode=ns=1;s=SensorSource
[Anomaly Input] [2026-08-16 19:23:11.500 (UTC)] info/application	[Motor] Received distance: 22.0721154304091 cm | Severity=75 | SourceName=Motor3 | EventType=application | SourceNode=ns=1;s=MotorSource3
[Anomaly Input] [2026-08-16 19:23:11.501 (UTC)] info/application	[Motor] Received distance: 26.897853705286 cm | Severity=75 | SourceName=Motor2 | EventType=application | SourceNode=ns=1;s=MotorSource2
[Anomaly Input] [2026-08-16 19:23:11.503 (UTC)] info/application	[Motor] Received distance: 22.1827470060358 cm | Severity=75 | SourceName=Motor | EventType=application | SourceNode=ns=1;s=MotorSource
[Anomaly Input] [2026-08-16 19:23:11.500 (UTC)] info/application	[Motor] Distance safe (22.0721154304091); rotating motor to 90 degrees | Severity=75 | SourceName=Motor3 | EventType=application | SourceNode=ns=1;s=MotorSource3
[Anomaly Input] [2026-08-16 19:23:11.501 (UTC)] info/application	[Motor] Distance safe (26.897853705286); rotating motor to 90 degrees | Severity=75 | SourceName=Motor2 | EventType=application | SourceNode=ns=1;s=MotorSource2
[Anomaly Input] [2026-08-16 19:23:11.503 (UTC)] info/application	[Motor] Distance safe (22.1827470060358); rotating motor to 90 degrees | Severity=75 | SourceName=Motor | EventType=application | SourceNode=ns=1;s=MotorSource
[Anomaly Input] [2026-08-16 19:23:12.398 (UTC)] info/application	[Sensor] Updated distance: 21.2386169816547 cm | Severity=75 | SourceName=Sensor3 | EventType=application | SourceNode=ns=1;s=SensorSource3
[Anomaly Input] [2026-08-16 19:23:12.405 (UTC)] info/application	[Sensor] Updated distance: 26.7348096741991 cm | Severity=75 | SourceName=Sensor2 | EventType=application | SourceNode=ns=1;s=SensorSource2
[Anomaly Input] [2026-08-16 19:23:12.495 (UTC)] info/application	[Sensor] Updated distance: 23.5146785080501 cm | Severity=75 | SourceName=Sensor | EventType=application | SourceNode=ns=1;s=SensorSource
[Anomaly Input] [2026-08-16 19:23:12.495 (UTC)] info/application	[Motor] Received distance: 23.5146785080501 cm | Severity=75 | SourceName=Motor | EventType=application | SourceNode=ns=1;s=MotorSource
[Anomaly Input] [2026-08-16 19:23:12.501 (UTC)] info/application	[Motor] Received distance: 26.7348096741991 cm | Severity=75 | SourceName=Motor2 | EventType=application | SourceNode=ns=1;s=MotorSource2
[Anomaly Input] [2026-08-16 19:23:12.509 (UTC)] info/application	[Motor] Received distance: 21.2386169816547 cm | Severity=75 | SourceName=Motor3 | EventType=application | SourceNode=ns=1;s=MotorSource3
[Anomaly Input] [2026-08-16 19:23:12.495 (UTC)] info/application	[Motor] Distance safe (23.5146785080501); rotating motor to 90 degrees | Severity=75 | SourceName=Motor | EventType=application | SourceNode=ns=1;s=MotorSource
[Anomaly Input] [2026-08-16 19:23:12.501 (UTC)] info/application	[Motor] Distance safe (26.7348096741991); rotating motor to 90 degrees | Severity=75 | SourceName=Motor2 | EventType=application | SourceNode=ns=1;s=MotorSource2
[Anomaly Input] [2026-08-16 19:23:12.509 (UTC)] info/application	[Motor] Distance safe (21.2386169816547); rotating motor to 90 degrees | Severity=75 | SourceName=Motor3 | EventType=application | SourceNode=ns=1;s=MotorSource3
[Anomaly Input] [2026-08-16 19:23:13.405 (UTC)] info/application	[Sensor] Updated distance: 25.4443640764544 cm | Severity=75 | SourceName=Sensor2 | EventType=application | SourceNode=ns=1;s=SensorSource2
[Anomaly Input] [2026-08-16 19:23:13.408 (UTC)] info/application	[Sensor] Updated distance: 21.2455226284198 cm | Severity=75 | SourceName=Sensor3 | EventType=application | SourceNode=ns=1;s=SensorSource3
[Anomaly Input] [2026-08-16 19:23:13.495 (UTC)] info/application	[Sensor] Updated distance: 22.3972487288514 cm | Severity=75 | SourceName=Sensor | EventType=application | SourceNode=ns=1;s=SensorSource
[Anomaly Input] [2026-08-16 19:23:13.499 (UTC)] info/application	[Motor] Received distance: 21.2455226284198 cm | Severity=75 | SourceName=Motor3 | EventType=application | SourceNode=ns=1;s=MotorSource3
[Anomaly Input] [2026-08-16 19:23:13.500 (UTC)] info/application	[Motor] Received distance: 25.4443640764544 cm | Severity=75 | SourceName=Motor2 | EventType=application | SourceNode=ns=1;s=MotorSource2
[Anomaly Input] [2026-08-16 19:23:13.503 (UTC)] info/application	[Motor] Received distance: 22.3972487288514 cm | Severity=75 | SourceName=Motor | EventType=application | SourceNode=ns=1;s=MotorSource
[Anomaly Input] [2026-08-16 19:23:13.499 (UTC)] info/application	[Motor] Distance safe (21.2455226284198); rotating motor to 90 degrees | Severity=75 | SourceName=Motor3 | EventType=application | SourceNode=ns=1;s=MotorSource3
[Anomaly Input] [2026-08-16 19:23:13.500 (UTC)] info/application	[Motor] Distance safe (25.4443640764544); rotating motor to 90 degrees | Severity=75 | SourceName=Motor2 | EventType=application | SourceNode=ns=1;s=MotorSource2
[Anomaly Input] [2026-08-16 19:23:13.503 (UTC)] info/application	[Motor] Distance safe (22.3972487288514); rotating motor to 90 degrees | Severity=75 | SourceName=Motor | EventType=application | SourceNode=ns=1;s=MotorSource
[Anomaly Input] [2026-08-16 19:23:14.405 (UTC)] info/application	[Sensor] Updated distance: 24.7569549036012 cm | Severity=75 | SourceName=Sensor2 | EventType=application | SourceNode=ns=1;s=SensorSource2
[Anomaly Input] [2026-08-16 19:23:14.407 (UTC)] info/application	[Sensor] Updated distance: 20.3211205663724 cm | Severity=75 | SourceName=Sensor3 | EventType=application | SourceNode=ns=1;s=SensorSource3
[Anomaly Input] [2026-08-16 19:23:14.495 (UTC)] info/application	[Sensor] Updated distance: 23.8898470822674 cm | Severity=75 | SourceName=Sensor | EventType=application | SourceNode=ns=1;s=SensorSource
[Anomaly Input] [2026-08-16 19:23:14.495 (UTC)] info/application	[Motor] Received distance: 23.8898470822674 cm | Severity=75 | SourceName=Motor | EventType=application | SourceNode=ns=1;s=MotorSource
[Anomaly Input] [2026-08-16 19:23:14.500 (UTC)] info/application	[Motor] Received distance: 20.3211205663724 cm | Severity=75 | SourceName=Motor3 | EventType=application | SourceNode=ns=1;s=MotorSource3
[Anomaly Input] [2026-08-16 19:23:14.501 (UTC)] info/application	[Motor] Received distance: 24.7569549036012 cm | Severity=75 | SourceName=Motor2 | EventType=application | SourceNode=ns=1;s=MotorSource2
[Anomaly Input] [2026-08-16 19:23:14.495 (UTC)] info/application	[Motor] Distance safe (23.8898470822674); rotating motor to 90 degrees | Severity=75 | SourceName=Motor | EventType=application | SourceNode=ns=1;s=MotorSource
[Anomaly Input] [2026-08-16 19:23:14.500 (UTC)] info/application	[Motor] Distance safe (20.3211205663724); rotating motor to 90 degrees | Severity=75 | SourceName=Motor3 | EventType=application | SourceNode=ns=1;s=MotorSource3
[Anomaly Input] [2026-08-16 19:23:14.501 (UTC)] info/application	[Motor] Distance safe (24.7569549036012); rotating motor to 90 degrees | Severity=75 | SourceName=Motor2 | EventType=application | SourceNode=ns=1;s=MotorSource2
[Anomaly Input] [2026-08-16 19:23:15.405 (UTC)] info/application	[Sensor] Updated distance: 23.394695345729 cm | Severity=75 | SourceName=Sensor2 | EventType=application | SourceNode=ns=1;s=SensorSource2
[Anomaly Input] [2026-08-16 19:23:15.407 (UTC)] info/application	[Sensor] Updated distance: 19.62005852215 cm | Severity=75 | SourceName=Sensor3 | EventType=application | SourceNode=ns=1;s=SensorSource3
[Anomaly Input] [2026-08-16 19:23:15.495 (UTC)] info/application	[Sensor] Updated distance: 23.5029761048513 cm | Severity=75 | SourceName=Sensor | EventType=application | SourceNode=ns=1;s=SensorSource
[Anomaly Input] [2026-08-16 19:23:15.499 (UTC)] info/application	[Motor] Received distance: 19.62005852215 cm | Severity=75 | SourceName=Motor3 | EventType=application | SourceNode=ns=1;s=MotorSource3
[Anomaly Input] [2026-08-16 19:23:15.501 (UTC)] info/application	[Motor] Received distance: 23.394695345729 cm | Severity=75 | SourceName=Motor2 | EventType=application | SourceNode=ns=1;s=MotorSource2
[Anomaly Input] [2026-08-16 19:23:15.503 (UTC)] info/application	[Motor] Received distance: 23.5029761048513 cm | Severity=75 | SourceName=Motor | EventType=application | SourceNode=ns=1;s=MotorSource
[Anomaly Input] [2026-08-16 19:23:15.499 (UTC)] warn/application	[Motor] Distance too close (19.62005852215); rotating motor to 0 degrees | Severity=175 | SourceName=Motor3 | EventType=application | SourceNode=ns=1;s=MotorSource3
[Anomaly Input] [2026-08-16 19:23:15.501 (UTC)] info/application	[Motor] Distance safe (23.394695345729); rotating motor to 90 degrees | Severity=75 | SourceName=Motor2 | EventType=application | SourceNode=ns=1;s=MotorSource2
[Anomaly Input] [2026-08-16 19:23:15.503 (UTC)] info/application	[Motor] Distance safe (23.5029761048513); rotating motor to 90 degrees | Severity=75 | SourceName=Motor | EventType=application | SourceNode=ns=1;s=MotorSource
[Anomaly Input] [2026-08-16 19:23:16.405 (UTC)] info/application	[Sensor] Updated distance: 23.8812907384156 cm | Severity=75 | SourceName=Sensor2 | EventType=application | SourceNode=ns=1;s=SensorSource2
[Anomaly Input] [2026-08-16 19:23:16.407 (UTC)] info/application	[Sensor] Updated distance: 19.6389397320519 cm | Severity=75 | SourceName=Sensor3 | EventType=application | SourceNode=ns=1;s=SensorSource3
[Anomaly Input] [2026-08-16 19:23:16.495 (UTC)] info/application	[Sensor] Updated distance: 24.2517731337584 cm | Severity=75 | SourceName=Sensor | EventType=application | SourceNode=ns=1;s=SensorSource
[Anomaly Input] [2026-08-16 19:23:16.495 (UTC)] info/application	[Motor] Received distance: 24.2517731337584 cm | Severity=75 | SourceName=Motor | EventType=application | SourceNode=ns=1;s=MotorSource
[Anomaly Input] [2026-08-16 19:23:16.500 (UTC)] info/application	[Motor] Received distance: 19.6389397320519 cm | Severity=75 | SourceName=Motor3 | EventType=application | SourceNode=ns=1;s=MotorSource3
[Anomaly Input] [2026-08-16 19:23:16.501 (UTC)] info/application	[Motor] Received distance: 23.8812907384156 cm | Severity=75 | SourceName=Motor2 | EventType=application | SourceNode=ns=1;s=MotorSource2
[Anomaly Input] [2026-08-16 19:23:16.495 (UTC)] info/application	[Motor] Distance safe (24.2517731337584); rotating motor to 90 degrees | Severity=75 | SourceName=Motor | EventType=application | SourceNode=ns=1;s=MotorSource
[Anomaly Input] [2026-08-16 19:23:16.500 (UTC)] warn/application	[Motor] Distance too close (19.6389397320519); rotating motor to 0 degrees | Severity=175 | SourceName=Motor3 | EventType=application | SourceNode=ns=1;s=MotorSource3
[Anomaly Input] [2026-08-16 19:23:16.501 (UTC)] info/application	[Motor] Distance safe (23.8812907384156); rotating motor to 90 degrees | Severity=75 | SourceName=Motor2 | EventType=application | SourceNode=ns=1;s=MotorSource2
[Anomaly Input] [2026-08-16 19:23:17.405 (UTC)] info/application	[Sensor] Updated distance: 23.2867929156808 cm | Severity=75 | SourceName=Sensor2 | EventType=application | SourceNode=ns=1;s=SensorSource2
[Anomaly Input] [2026-08-16 19:23:17.406 (UTC)] info/application	[Sensor] Updated distance: 18.9047760797687 cm | Severity=75 | SourceName=Sensor3 | EventType=application | SourceNode=ns=1;s=SensorSource3
[Anomaly Input] [2026-08-16 19:23:17.495 (UTC)] info/application	[Sensor] Updated distance: 25.4053427332106 cm | Severity=75 | SourceName=Sensor | EventType=application | SourceNode=ns=1;s=SensorSource
[Anomaly Input] [2026-08-16 19:23:17.496 (UTC)] info/application	[Motor] Received distance: 23.2867929156808 cm | Severity=75 | SourceName=Motor2 | EventType=application | SourceNode=ns=1;s=MotorSource2
[Anomaly Input] [2026-08-16 19:23:17.499 (UTC)] info/application	[Motor] Received distance: 18.9047760797687 cm | Severity=75 | SourceName=Motor3 | EventType=application | SourceNode=ns=1;s=MotorSource3
[Anomaly Input] [2026-08-16 19:23:17.503 (UTC)] info/application	[Motor] Received distance: 25.4053427332106 cm | Severity=75 | SourceName=Motor | EventType=application | SourceNode=ns=1;s=MotorSource
[Anomaly Input] [2026-08-16 19:23:17.496 (UTC)] info/application	[Motor] Distance safe (23.2867929156808); rotating motor to 90 degrees | Severity=75 | SourceName=Motor2 | EventType=application | SourceNode=ns=1;s=MotorSource2
[Anomaly Input] [2026-08-16 19:23:17.499 (UTC)] warn/application	[Motor] Distance too close (18.9047760797687); rotating motor to 0 degrees | Severity=175 | SourceName=Motor3 | EventType=application | SourceNode=ns=1;s=MotorSource3
[Anomaly Input] [2026-08-16 19:23:17.503 (UTC)] info/application	[Motor] Distance safe (25.4053427332106); rotating motor to 90 degrees | Severity=75 | SourceName=Motor | EventType=application | SourceNode=ns=1;s=MotorSource
[Anomaly Input] [2026-08-16 19:23:18.405 (UTC)] info/application	[Sensor] Updated distance: 24.20749439821 cm | Severity=75 | SourceName=Sensor2 | EventType=application | SourceNode=ns=1;s=SensorSource2
[Anomaly Input] [2026-08-16 19:23:18.406 (UTC)] info/application	[Sensor] Updated distance: 18.8575982199319 cm | Severity=75 | SourceName=Sensor3 | EventType=application | SourceNode=ns=1;s=SensorSource3
[Anomaly Input] [2026-08-16 19:23:18.495 (UTC)] info/application	[Sensor] Updated distance: 24.8556136388125 cm | Severity=75 | SourceName=Sensor | EventType=application | SourceNode=ns=1;s=SensorSource
[Anomaly Input] [2026-08-16 19:23:18.495 (UTC)] info/application	[Motor] Received distance: 24.8556136388125 cm | Severity=75 | SourceName=Motor | EventType=application | SourceNode=ns=1;s=MotorSource
[Anomaly Input] [2026-08-16 19:23:18.499 (UTC)] info/application	[Motor] Received distance: 18.8575982199319 cm | Severity=75 | SourceName=Motor3 | EventType=application | SourceNode=ns=1;s=MotorSource3
[Anomaly Input] [2026-08-16 19:23:18.500 (UTC)] info/application	[Motor] Received distance: 24.20749439821 cm | Severity=75 | SourceName=Motor2 | EventType=application | SourceNode=ns=1;s=MotorSource2
[Anomaly Input] [2026-08-16 19:23:18.495 (UTC)] info/application	[Motor] Distance safe (24.8556136388125); rotating motor to 90 degrees | Severity=75 | SourceName=Motor | EventType=application | SourceNode=ns=1;s=MotorSource
[Anomaly Input] [2026-08-16 19:23:18.499 (UTC)] warn/application	[Motor] Distance too close (18.8575982199319); rotating motor to 0 degrees | Severity=175 | SourceName=Motor3 | EventType=application | SourceNode=ns=1;s=MotorSource3
[Anomaly Input] [2026-08-16 19:23:18.500 (UTC)] info/application	[Motor] Distance safe (24.20749439821); rotating motor to 90 degrees | Severity=75 | SourceName=Motor2 | EventType=application | SourceNode=ns=1;s=MotorSource2
[Anomaly Input] [2026-08-16 19:23:19.405 (UTC)] info/application	[Sensor] Updated distance: 23.5599280237499 cm | Severity=75 | SourceName=Sensor2 | EventType=application | SourceNode=ns=1;s=SensorSource2
[Anomaly Input] [2026-08-16 19:23:19.407 (UTC)] info/application	[Sensor] Updated distance: 19.931020540386 cm | Severity=75 | SourceName=Sensor3 | EventType=application | SourceNode=ns=1;s=SensorSource3
[Anomaly Input] [2026-08-16 19:23:19.495 (UTC)] info/application	[Sensor] Updated distance: 24.271417729683 cm | Severity=75 | SourceName=Sensor | EventType=application | SourceNode=ns=1;s=SensorSource
[Anomaly Input] [2026-08-16 19:23:19.499 (UTC)] info/application	[Motor] Received distance: 23.5599280237499 cm | Severity=75 | SourceName=Motor2 | EventType=application | SourceNode=ns=1;s=MotorSource2
[Anomaly Input] [2026-08-16 19:23:19.499 (UTC)] info/application	[Motor] Received distance: 19.931020540386 cm | Severity=75 | SourceName=Motor3 | EventType=application | SourceNode=ns=1;s=MotorSource3
[Anomaly Input] [2026-08-16 19:23:19.503 (UTC)] info/application	[Motor] Received distance: 24.271417729683 cm | Severity=75 | SourceName=Motor | EventType=application | SourceNode=ns=1;s=MotorSource
[Anomaly Input] [2026-08-16 19:23:19.499 (UTC)] info/application	[Motor] Distance safe (23.5599280237499); rotating motor to 90 degrees | Severity=75 | SourceName=Motor2 | EventType=application | SourceNode=ns=1;s=MotorSource2
[Anomaly Input] [2026-08-16 19:23:19.499 (UTC)] warn/application	[Motor] Distance too close (19.931020540386); rotating motor to 0 degrees | Severity=175 | SourceName=Motor3 | EventType=application | SourceNode=ns=1;s=MotorSource3
[Anomaly Input] [2026-08-16 19:23:19.503 (UTC)] info/application	[Motor] Distance safe (24.271417729683); rotating motor to 90 degrees | Severity=75 | SourceName=Motor | EventType=application | SourceNode=ns=1;s=MotorSource
[Anomaly Input] [2026-08-16 19:23:20.406 (UTC)] info/application	[Sensor] Updated distance: 22.7508830468873 cm | Severity=75 | SourceName=Sensor2 | EventType=application | SourceNode=ns=1;s=SensorSource2
[Anomaly Input] [2026-08-16 19:23:20.407 (UTC)] info/application	[Sensor] Updated distance: 21.0554287527015 cm | Severity=75 | SourceName=Sensor3 | EventType=application | SourceNode=ns=1;s=SensorSource3
[Anomaly Input] [2026-08-16 19:23:20.495 (UTC)] info/application	[Sensor] Updated distance: 23.5125293224177 cm | Severity=75 | SourceName=Sensor | EventType=application | SourceNode=ns=1;s=SensorSource
[Anomaly Input] [2026-08-16 19:23:20.495 (UTC)] info/application	[Motor] Received distance: 23.5125293224177 cm | Severity=75 | SourceName=Motor | EventType=application | SourceNode=ns=1;s=MotorSource
[Anomaly Input] [2026-08-16 19:23:20.499 (UTC)] info/application	[Motor] Received distance: 21.0554287527015 cm | Severity=75 | SourceName=Motor3 | EventType=application | SourceNode=ns=1;s=MotorSource3
[Anomaly Input] [2026-08-16 19:23:20.500 (UTC)] info/application	[Motor] Received distance: 22.7508830468873 cm | Severity=75 | SourceName=Motor2 | EventType=application | SourceNode=ns=1;s=MotorSource2
[Anomaly Input] [2026-08-16 19:23:20.495 (UTC)] info/application	[Motor] Distance safe (23.5125293224177); rotating motor to 90 degrees | Severity=75 | SourceName=Motor | EventType=application | SourceNode=ns=1;s=MotorSource
[Anomaly Input] [2026-08-16 19:23:20.499 (UTC)] info/application	[Motor] Distance safe (21.0554287527015); rotating motor to 90 degrees | Severity=75 | SourceName=Motor3 | EventType=application | SourceNode=ns=1;s=MotorSource3
[Anomaly Input] [2026-08-16 19:23:20.500 (UTC)] info/application	[Motor] Distance safe (22.7508830468873); rotating motor to 90 degrees | Severity=75 | SourceName=Motor2 | EventType=application | SourceNode=ns=1;s=MotorSource2
[Anomaly Input] [2026-08-16 19:23:21.406 (UTC)] info/application	[Sensor] Updated distance: 21.2486898534692 cm | Severity=75 | SourceName=Sensor3 | EventType=application | SourceNode=ns=1;s=SensorSource3
[Anomaly Input] [2026-08-16 19:23:21.406 (UTC)] info/application	[Sensor] Updated distance: 21.5923886378726 cm | Severity=75 | SourceName=Sensor2 | EventType=application | SourceNode=ns=1;s=SensorSource2
[Anomaly Input] [2026-08-16 19:23:21.495 (UTC)] info/application	[Sensor] Updated distance: 22.7079936124887 cm | Severity=75 | SourceName=Sensor | EventType=application | SourceNode=ns=1;s=SensorSource
[Anomaly Input] [2026-08-16 19:23:21.499 (UTC)] info/application	[Motor] Received distance: 21.2486898534692 cm | Severity=75 | SourceName=Motor3 | EventType=application | SourceNode=ns=1;s=MotorSource3
[Anomaly Input] [2026-08-16 19:23:21.499 (UTC)] info/application	[Motor] Received distance: 21.5923886378726 cm | Severity=75 | SourceName=Motor2 | EventType=application | SourceNode=ns=1;s=MotorSource2
[Anomaly Input] [2026-08-16 19:23:21.503 (UTC)] info/application	[Motor] Received distance: 22.7079936124887 cm | Severity=75 | SourceName=Motor | EventType=application | SourceNode=ns=1;s=MotorSource
[Anomaly Input] [2026-08-16 19:23:21.499 (UTC)] info/application	[Motor] Distance safe (21.2486898534692); rotating motor to 90 degrees | Severity=75 | SourceName=Motor3 | EventType=application | SourceNode=ns=1;s=MotorSource3
[Anomaly Input] [2026-08-16 19:23:21.499 (UTC)] info/application	[Motor] Distance safe (21.5923886378726); rotating motor to 90 degrees | Severity=75 | SourceName=Motor2 | EventType=application | SourceNode=ns=1;s=MotorSource2
[Anomaly Input] [2026-08-16 19:23:21.503 (UTC)] info/application	[Motor] Distance safe (22.7079936124887); rotating motor to 90 degrees | Severity=75 | SourceName=Motor | EventType=application | SourceNode=ns=1;s=MotorSource
[Anomaly Input] [2026-08-16 19:23:22.407 (UTC)] info/application	[Sensor] Updated distance: 20.3478974054325 cm | Severity=75 | SourceName=Sensor3 | EventType=application | SourceNode=ns=1;s=SensorSource3
[Anomaly Input] [2026-08-16 19:23:22.407 (UTC)] info/application	[Sensor] Updated distance: 20.623093746427 cm | Severity=75 | SourceName=Sensor2 | EventType=application | SourceNode=ns=1;s=SensorSource2
[Anomaly Input] [2026-08-16 19:23:22.495 (UTC)] info/application	[Sensor] Updated distance: 22.3217254713279 cm | Severity=75 | SourceName=Sensor | EventType=application | SourceNode=ns=1;s=SensorSource
[Anomaly Input] [2026-08-16 19:23:22.495 (UTC)] info/application	[Motor] Received distance: 22.3217254713279 cm | Severity=75 | SourceName=Motor | EventType=application | SourceNode=ns=1;s=MotorSource
[Anomaly Input] [2026-08-16 19:23:22.499 (UTC)] info/application	[Motor] Received distance: 20.623093746427 cm | Severity=75 | SourceName=Motor2 | EventType=application | SourceNode=ns=1;s=MotorSource2
[Anomaly Input] [2026-08-16 19:23:22.500 (UTC)] info/application	[Motor] Received distance: 20.3478974054325 cm | Severity=75 | SourceName=Motor3 | EventType=application | SourceNode=ns=1;s=MotorSource3
[Anomaly Input] [2026-08-16 19:23:22.495 (UTC)] info/application	[Motor] Distance safe (22.3217254713279); rotating motor to 90 degrees | Severity=75 | SourceName=Motor | EventType=application | SourceNode=ns=1;s=MotorSource
[Anomaly Input] [2026-08-16 19:23:22.500 (UTC)] info/application	[Motor] Distance safe (20.3478974054325); rotating motor to 90 degrees | Severity=75 | SourceName=Motor3 | EventType=application | SourceNode=ns=1;s=MotorSource3
[Anomaly Input] [2026-08-16 19:23:22.499 (UTC)] info/application	[Motor] Distance safe (20.623093746427); rotating motor to 90 degrees | Severity=75 | SourceName=Motor2 | EventType=application | SourceNode=ns=1;s=MotorSource2
[Anomaly Input] [2026-08-16 19:23:23.407 (UTC)] info/application	[Sensor] Updated distance: 20.2619566059494 cm | Severity=75 | SourceName=Sensor2 | EventType=application | SourceNode=ns=1;s=SensorSource2
[Anomaly Input] [2026-08-16 19:23:23.407 (UTC)] info/application	[Sensor] Updated distance: 21.4190950891558 cm | Severity=75 | SourceName=Sensor3 | EventType=application | SourceNode=ns=1;s=SensorSource3
[Anomaly Input] [2026-08-16 19:23:23.495 (UTC)] info/application	[Sensor] Updated distance: 21.9382470440763 cm | Severity=75 | SourceName=Sensor | EventType=application | SourceNode=ns=1;s=SensorSource
[Anomaly Input] [2026-08-16 19:23:23.499 (UTC)] info/application	[Motor] Received distance: 21.4190950891558 cm | Severity=75 | SourceName=Motor3 | EventType=application | SourceNode=ns=1;s=MotorSource3
[Anomaly Input] [2026-08-16 19:23:23.500 (UTC)] info/application	[Motor] Received distance: 20.2619566059494 cm | Severity=75 | SourceName=Motor2 | EventType=application | SourceNode=ns=1;s=MotorSource2
[Anomaly Input] [2026-08-16 19:23:23.503 (UTC)] info/application	[Motor] Received distance: 21.9382470440763 cm | Severity=75 | SourceName=Motor | EventType=application | SourceNode=ns=1;s=MotorSource
[Anomaly Input] [2026-08-16 19:23:23.499 (UTC)] info/application	[Motor] Distance safe (21.4190950891558); rotating motor to 90 degrees | Severity=75 | SourceName=Motor3 | EventType=application | SourceNode=ns=1;s=MotorSource3
[Anomaly Input] [2026-08-16 19:23:23.500 (UTC)] info/application	[Motor] Distance safe (20.2619566059494); rotating motor to 90 degrees | Severity=75 | SourceName=Motor2 | EventType=application | SourceNode=ns=1;s=MotorSource2
[Anomaly Input] [2026-08-16 19:23:23.503 (UTC)] info/application	[Motor] Distance safe (21.9382470440763); rotating motor to 90 degrees | Severity=75 | SourceName=Motor | EventType=application | SourceNode=ns=1;s=MotorSource
[Anomaly Input] [2026-08-16 19:23:24.407 (UTC)] info/application	[Sensor] Updated distance: 21.3253316103133 cm | Severity=75 | SourceName=Sensor2 | EventType=application | SourceNode=ns=1;s=SensorSource2
[Anomaly Input] [2026-08-16 19:23:24.407 (UTC)] info/application	[Sensor] Updated distance: 22.2283060724048 cm | Severity=75 | SourceName=Sensor3 | EventType=application | SourceNode=ns=1;s=SensorSource3
[Anomaly Input] [2026-08-16 19:23:24.494 (UTC)] info/application	[Sensor] Updated distance: 21.6521416623854 cm | Severity=75 | SourceName=Sensor | EventType=application | SourceNode=ns=1;s=SensorSource
[Anomaly Input] [2026-08-16 19:23:24.494 (UTC)] info/application	[Motor] Received distance: 21.6521416623854 cm | Severity=75 | SourceName=Motor | EventType=application | SourceNode=ns=1;s=MotorSource
[Anomaly Input] [2026-08-16 19:23:24.500 (UTC)] info/application	[Motor] Received distance: 22.2283060724048 cm | Severity=75 | SourceName=Motor3 | EventType=application | SourceNode=ns=1;s=MotorSource3
[Anomaly Input] [2026-08-16 19:23:24.500 (UTC)] info/application	[Motor] Received distance: 21.3253316103133 cm | Severity=75 | SourceName=Motor2 | EventType=application | SourceNode=ns=1;s=MotorSource2
[Anomaly Input] [2026-08-16 19:23:24.494 (UTC)] info/application	[Motor] Distance safe (21.6521416623854); rotating motor to 90 degrees | Severity=75 | SourceName=Motor | EventType=application | SourceNode=ns=1;s=MotorSource
[Anomaly Input] [2026-08-16 19:23:24.500 (UTC)] info/application	[Motor] Distance safe (22.2283060724048); rotating motor to 90 degrees | Severity=75 | SourceName=Motor3 | EventType=application | SourceNode=ns=1;s=MotorSource3
[Anomaly Input] [2026-08-16 19:23:24.500 (UTC)] info/application	[Motor] Distance safe (21.3253316103133); rotating motor to 90 degrees | Severity=75 | SourceName=Motor2 | EventType=application | SourceNode=ns=1;s=MotorSource2
[Anomaly Input] [2026-08-16 19:23:25.407 (UTC)] info/application	[Sensor] Updated distance: 20.8377194927715 cm | Severity=75 | SourceName=Sensor2 | EventType=application | SourceNode=ns=1;s=SensorSource2
[Anomaly Input] [2026-08-16 19:23:25.407 (UTC)] info/application	[Sensor] Updated distance: 22.7826043713291 cm | Severity=75 | SourceName=Sensor3 | EventType=application | SourceNode=ns=1;s=SensorSource3
[Anomaly Input] [2026-08-16 19:23:25.494 (UTC)] info/application	[Sensor] Updated distance: 22.7651627602825 cm | Severity=75 | SourceName=Sensor | EventType=application | SourceNode=ns=1;s=SensorSource
[Anomaly Input] [2026-08-16 19:23:25.494 (UTC)] info/application	[Motor] Received distance: 22.7651627602825 cm | Severity=75 | SourceName=Motor | EventType=application | SourceNode=ns=1;s=MotorSource
[Anomaly Input] [2026-08-16 19:23:25.500 (UTC)] info/application	[Motor] Received distance: 22.7826043713291 cm | Severity=75 | SourceName=Motor3 | EventType=application | SourceNode=ns=1;s=MotorSource3
[Anomaly Input] [2026-08-16 19:23:25.500 (UTC)] info/application	[Motor] Received distance: 20.8377194927715 cm | Severity=75 | SourceName=Motor2 | EventType=application | SourceNode=ns=1;s=MotorSource2
[Anomaly Input] [2026-08-16 19:23:25.494 (UTC)] info/application	[Motor] Distance safe (22.7651627602825); rotating motor to 90 degrees | Severity=75 | SourceName=Motor | EventType=application | SourceNode=ns=1;s=MotorSource
[Anomaly Input] [2026-08-16 19:23:25.500 (UTC)] info/application	[Motor] Distance safe (22.7826043713291); rotating motor to 90 degrees | Severity=75 | SourceName=Motor3 | EventType=application | SourceNode=ns=1;s=MotorSource3
[Anomaly Input] [2026-08-16 19:23:25.500 (UTC)] info/application	[Motor] Distance safe (20.8377194927715); rotating motor to 90 degrees | Severity=75 | SourceName=Motor2 | EventType=application | SourceNode=ns=1;s=MotorSource2
[Anomaly Input] [2026-08-16 19:23:26.407 (UTC)] info/application	[Sensor] Updated distance: 20.5577589513537 cm | Severity=75 | SourceName=Sensor2 | EventType=application | SourceNode=ns=1;s=SensorSource2
[Anomaly Input] [2026-08-16 19:23:26.407 (UTC)] info/application	[Sensor] Updated distance: 21.8294469680774 cm | Severity=75 | SourceName=Sensor3 | EventType=application | SourceNode=ns=1;s=SensorSource3
[Anomaly Input] [2026-08-16 19:23:26.494 (UTC)] info/application	[Sensor] Updated distance: 21.991831463525 cm | Severity=75 | SourceName=Sensor | EventType=application | SourceNode=ns=1;s=SensorSource
[Anomaly Input] [2026-08-16 19:23:26.494 (UTC)] info/application	[Motor] Received distance: 21.991831463525 cm | Severity=75 | SourceName=Motor | EventType=application | SourceNode=ns=1;s=MotorSource
[Anomaly Input] [2026-08-16 19:23:26.499 (UTC)] info/application	[Motor] Received distance: 21.8294469680774 cm | Severity=75 | SourceName=Motor3 | EventType=application | SourceNode=ns=1;s=MotorSource3
[Anomaly Input] [2026-08-16 19:23:26.500 (UTC)] info/application	[Motor] Received distance: 20.5577589513537 cm | Severity=75 | SourceName=Motor2 | EventType=application | SourceNode=ns=1;s=MotorSource2
[Anomaly Input] [2026-08-16 19:23:26.494 (UTC)] info/application	[Motor] Distance safe (21.991831463525); rotating motor to 90 degrees | Severity=75 | SourceName=Motor | EventType=application | SourceNode=ns=1;s=MotorSource
[Anomaly Input] [2026-08-16 19:23:26.499 (UTC)] info/application	[Motor] Distance safe (21.8294469680774); rotating motor to 90 degrees | Severity=75 | SourceName=Motor3 | EventType=application | SourceNode=ns=1;s=MotorSource3
[Anomaly Input] [2026-08-16 19:23:26.500 (UTC)] info/application	[Motor] Distance safe (20.5577589513537); rotating motor to 90 degrees | Severity=75 | SourceName=Motor2 | EventType=application | SourceNode=ns=1;s=MotorSource2
[Anomaly Input] [2026-08-16 19:23:27.407 (UTC)] info/application	[Sensor] Updated distance: 19.2593261095506 cm | Severity=75 | SourceName=Sensor2 | EventType=application | SourceNode=ns=1;s=SensorSource2
[Anomaly Input] [2026-08-16 19:23:27.407 (UTC)] info/application	[Sensor] Updated distance: 21.1603918721249 cm | Severity=75 | SourceName=Sensor3 | EventType=application | SourceNode=ns=1;s=SensorSource3
[Anomaly Input] [2026-08-16 19:23:27.493 (UTC)] info/application	[Sensor] Updated distance: 20.8071624747511 cm | Severity=75 | SourceName=Sensor | EventType=application | SourceNode=ns=1;s=SensorSource
[Anomaly Input] [2026-08-16 19:23:27.494 (UTC)] info/application	[Motor] Received distance: 20.8071624747511 cm | Severity=75 | SourceName=Motor | EventType=application | SourceNode=ns=1;s=MotorSource
[Anomaly Input] [2026-08-16 19:23:27.500 (UTC)] info/application	[Motor] Received distance: 21.1603918721249 cm | Severity=75 | SourceName=Motor3 | EventType=application | SourceNode=ns=1;s=MotorSource3
[Anomaly Input] [2026-08-16 19:23:27.500 (UTC)] info/application	[Motor] Received distance: 19.2593261095506 cm | Severity=75 | SourceName=Motor2 | EventType=application | SourceNode=ns=1;s=MotorSource2
[Anomaly Input] [2026-08-16 19:23:27.494 (UTC)] info/application	[Motor] Distance safe (20.8071624747511); rotating motor to 90 degrees | Severity=75 | SourceName=Motor | EventType=application | SourceNode=ns=1;s=MotorSource
[Anomaly Input] [2026-08-16 19:23:27.500 (UTC)] info/application	[Motor] Distance safe (21.1603918721249); rotating motor to 90 degrees | Severity=75 | SourceName=Motor3 | EventType=application | SourceNode=ns=1;s=MotorSource3
[Anomaly Input] [2026-08-16 19:23:27.500 (UTC)] warn/application	[Motor] Distance too close (19.2593261095506); rotating motor to 0 degrees | Severity=175 | SourceName=Motor2 | EventType=application | SourceNode=ns=1;s=MotorSource2
[Anomaly Input] [2026-08-16 19:23:28.407 (UTC)] info/application	[Sensor] Updated distance: 19.9007237371526 cm | Severity=75 | SourceName=Sensor2 | EventType=application | SourceNode=ns=1;s=SensorSource2
[Anomaly Input] [2026-08-16 19:23:28.407 (UTC)] info/application	[Sensor] Updated distance: 21.7929323160988 cm | Severity=75 | SourceName=Sensor3 | EventType=application | SourceNode=ns=1;s=SensorSource3
[Anomaly Input] [2026-08-16 19:23:28.494 (UTC)] info/application	[Sensor] Updated distance: 20.6648586835549 cm | Severity=75 | SourceName=Sensor | EventType=application | SourceNode=ns=1;s=SensorSource
[Anomaly Input] [2026-08-16 19:23:28.494 (UTC)] info/application	[Motor] Received distance: 20.6648586835549 cm | Severity=75 | SourceName=Motor | EventType=application | SourceNode=ns=1;s=MotorSource
[Anomaly Input] [2026-08-16 19:23:28.500 (UTC)] info/application	[Motor] Received distance: 21.7929323160988 cm | Severity=75 | SourceName=Motor3 | EventType=application | SourceNode=ns=1;s=MotorSource3
[Anomaly Input] [2026-08-16 19:23:28.500 (UTC)] info/application	[Motor] Received distance: 19.9007237371526 cm | Severity=75 | SourceName=Motor2 | EventType=application | SourceNode=ns=1;s=MotorSource2
[Anomaly Input] [2026-08-16 19:23:28.494 (UTC)] info/application	[Motor] Distance safe (20.6648586835549); rotating motor to 90 degrees | Severity=75 | SourceName=Motor | EventType=application | SourceNode=ns=1;s=MotorSource
[Anomaly Input] [2026-08-16 19:23:28.500 (UTC)] info/application	[Motor] Distance safe (21.7929323160988); rotating motor to 90 degrees | Severity=75 | SourceName=Motor3 | EventType=application | SourceNode=ns=1;s=MotorSource3
[Anomaly Input] [2026-08-16 19:23:28.500 (UTC)] warn/application	[Motor] Distance too close (19.9007237371526); rotating motor to 0 degrees | Severity=175 | SourceName=Motor2 | EventType=application | SourceNode=ns=1;s=MotorSource2
[Anomaly Input] [2026-08-16 19:23:29.407 (UTC)] info/application	[Sensor] Updated distance: 19.6381273139912 cm | Severity=75 | SourceName=Sensor2 | EventType=application | SourceNode=ns=1;s=SensorSource2
[Anomaly Input] [2026-08-16 19:23:29.407 (UTC)] info/application	[Sensor] Updated distance: 22.8610357769584 cm | Severity=75 | SourceName=Sensor3 | EventType=application | SourceNode=ns=1;s=SensorSource3
[Anomaly Input] [2026-08-16 19:23:29.494 (UTC)] info/application	[Sensor] Updated distance: 19.5285455563704 cm | Severity=75 | SourceName=Sensor | EventType=application | SourceNode=ns=1;s=SensorSource
[Anomaly Input] [2026-08-16 19:23:29.494 (UTC)] info/application	[Motor] Received distance: 19.5285455563704 cm | Severity=75 | SourceName=Motor | EventType=application | SourceNode=ns=1;s=MotorSource
[Anomaly Input] [2026-08-16 19:23:29.500 (UTC)] info/application	[Motor] Received distance: 22.8610357769584 cm | Severity=75 | SourceName=Motor3 | EventType=application | SourceNode=ns=1;s=MotorSource3
[Anomaly Input] [2026-08-16 19:23:29.500 (UTC)] info/application	[Motor] Received distance: 19.6381273139912 cm | Severity=75 | SourceName=Motor2 | EventType=application | SourceNode=ns=1;s=MotorSource2
[Anomaly Input] [2026-08-16 19:23:29.494 (UTC)] warn/application	[Motor] Distance too close (19.5285455563704); rotating motor to 0 degrees | Severity=175 | SourceName=Motor | EventType=application | SourceNode=ns=1;s=MotorSource
[Anomaly Input] [2026-08-16 19:23:29.500 (UTC)] info/application	[Motor] Distance safe (22.8610357769584); rotating motor to 90 degrees | Severity=75 | SourceName=Motor3 | EventType=application | SourceNode=ns=1;s=MotorSource3
[Anomaly Input] [2026-08-16 19:23:29.501 (UTC)] warn/application	[Motor] Distance too close (19.6381273139912); rotating motor to 0 degrees | Severity=175 | SourceName=Motor2 | EventType=application | SourceNode=ns=1;s=MotorSource2
[Anomaly Input] [2026-08-16 19:23:30.407 (UTC)] info/application	[Sensor] Updated distance: 18.2091594800396 cm | Severity=75 | SourceName=Sensor2 | EventType=application | SourceNode=ns=1;s=SensorSource2
[Anomaly Input] [2026-08-16 19:23:30.407 (UTC)] info/application	[Sensor] Updated distance: 23.97067729848 cm | Severity=75 | SourceName=Sensor3 | EventType=application | SourceNode=ns=1;s=SensorSource3
[Anomaly Input] [2026-08-16 19:23:30.494 (UTC)] info/application	[Sensor] Updated distance: 18.9548764654691 cm | Severity=75 | SourceName=Sensor | EventType=application | SourceNode=ns=1;s=SensorSource
[Anomaly Input] [2026-08-16 19:23:30.494 (UTC)] info/application	[Motor] Received distance: 18.9548764654691 cm | Severity=75 | SourceName=Motor | EventType=application | SourceNode=ns=1;s=MotorSource
[Anomaly Input] [2026-08-16 19:23:30.501 (UTC)] info/application	[Motor] Received distance: 23.97067729848 cm | Severity=75 | SourceName=Motor3 | EventType=application | SourceNode=ns=1;s=MotorSource3
[Anomaly Input] [2026-08-16 19:23:30.501 (UTC)] info/application	[Motor] Received distance: 18.2091594800396 cm | Severity=75 | SourceName=Motor2 | EventType=application | SourceNode=ns=1;s=MotorSource2
[Anomaly Input] [2026-08-16 19:23:30.494 (UTC)] warn/application	[Motor] Distance too close (18.9548764654691); rotating motor to 0 degrees | Severity=175 | SourceName=Motor | EventType=application | SourceNode=ns=1;s=MotorSource
[Anomaly Input] [2026-08-16 19:23:30.501 (UTC)] info/application	[Motor] Distance safe (23.97067729848); rotating motor to 90 degrees | Severity=75 | SourceName=Motor3 | EventType=application | SourceNode=ns=1;s=MotorSource3
[Anomaly Input] [2026-08-16 19:23:30.501 (UTC)] warn/application	[Motor] Distance too close (18.2091594800396); rotating motor to 0 degrees | Severity=175 | SourceName=Motor2 | EventType=application | SourceNode=ns=1;s=MotorSource2
[Anomaly Input] [2026-08-16 19:23:31.407 (UTC)] info/application	[Sensor] Updated distance: 23.2716686668674 cm | Severity=75 | SourceName=Sensor3 | EventType=application | SourceNode=ns=1;s=SensorSource3
[Anomaly Input] [2026-08-16 19:23:31.408 (UTC)] info/application	[Sensor] Updated distance: 17.8944649577115 cm | Severity=75 | SourceName=Sensor2 | EventType=application | SourceNode=ns=1;s=SensorSource2
[Anomaly Input] [2026-08-16 19:23:31.494 (UTC)] info/application	[Sensor] Updated distance: 18.2031550953179 cm | Severity=75 | SourceName=Sensor | EventType=application | SourceNode=ns=1;s=SensorSource
[Anomaly Input] [2026-08-16 19:23:31.494 (UTC)] info/application	[Motor] Received distance: 18.2031550953179 cm | Severity=75 | SourceName=Motor | EventType=application | SourceNode=ns=1;s=MotorSource
[Anomaly Input] [2026-08-16 19:23:31.499 (UTC)] info/application	[Motor] Received distance: 17.8944649577115 cm | Severity=75 | SourceName=Motor2 | EventType=application | SourceNode=ns=1;s=MotorSource2
[Anomaly Input] [2026-08-16 19:23:31.501 (UTC)] info/application	[Motor] Received distance: 23.2716686668674 cm | Severity=75 | SourceName=Motor3 | EventType=application | SourceNode=ns=1;s=MotorSource3
[Anomaly Input] [2026-08-16 19:23:31.494 (UTC)] warn/application	[Motor] Distance too close (18.2031550953179); rotating motor to 0 degrees | Severity=175 | SourceName=Motor | EventType=application | SourceNode=ns=1;s=MotorSource
[Anomaly Input] [2026-08-16 19:23:31.499 (UTC)] warn/application	[Motor] Distance too close (17.8944649577115); rotating motor to 0 degrees | Severity=175 | SourceName=Motor2 | EventType=application | SourceNode=ns=1;s=MotorSource2
[Anomaly Input] [2026-08-16 19:23:31.501 (UTC)] info/application	[Motor] Distance safe (23.2716686668674); rotating motor to 90 degrees | Severity=75 | SourceName=Motor3 | EventType=application | SourceNode=ns=1;s=MotorSource3
[Anomaly Input] [2026-08-16 19:23:32.407 (UTC)] info/application	[Sensor] Updated distance: 21.862626337848 cm | Severity=75 | SourceName=Sensor3 | EventType=application | SourceNode=ns=1;s=SensorSource3
[Anomaly Input] [2026-08-16 19:23:32.407 (UTC)] info/application	[Sensor] Updated distance: 17.0867060386048 cm | Severity=75 | SourceName=Sensor2 | EventType=application | SourceNode=ns=1;s=SensorSource2
[Anomaly Input] [2026-08-16 19:23:32.494 (UTC)] info/application	[Sensor] Updated distance: 18.8438228337764 cm | Severity=75 | SourceName=Sensor | EventType=application | SourceNode=ns=1;s=SensorSource
[Anomaly Input] [2026-08-16 19:23:32.494 (UTC)] info/application	[Motor] Received distance: 18.8438228337764 cm | Severity=75 | SourceName=Motor | EventType=application | SourceNode=ns=1;s=MotorSource
[Anomaly Input] [2026-08-16 19:23:32.500 (UTC)] info/application	[Motor] Received distance: 17.0867060386048 cm | Severity=75 | SourceName=Motor2 | EventType=application | SourceNode=ns=1;s=MotorSource2
[Anomaly Input] [2026-08-16 19:23:32.500 (UTC)] info/application	[Motor] Received distance: 21.862626337848 cm | Severity=75 | SourceName=Motor3 | EventType=application | SourceNode=ns=1;s=MotorSource3
[Anomaly Input] [2026-08-16 19:23:32.494 (UTC)] warn/application	[Motor] Distance too close (18.8438228337764); rotating motor to 0 degrees | Severity=175 | SourceName=Motor | EventType=application | SourceNode=ns=1;s=MotorSource
[Anomaly Input] [2026-08-16 19:23:32.500 (UTC)] warn/application	[Motor] Distance too close (17.0867060386048); rotating motor to 0 degrees | Severity=175 | SourceName=Motor2 | EventType=application | SourceNode=ns=1;s=MotorSource2
[Anomaly Input] [2026-08-16 19:23:32.500 (UTC)] info/application	[Motor] Distance safe (21.862626337848); rotating motor to 90 degrees | Severity=75 | SourceName=Motor3 | EventType=application | SourceNode=ns=1;s=MotorSource3
[Anomaly Input] [2026-08-16 19:23:33.407 (UTC)] info/application	[Sensor] Updated distance: 17.3967052702311 cm | Severity=75 | SourceName=Sensor2 | EventType=application | SourceNode=ns=1;s=SensorSource2
[Anomaly Input] [2026-08-16 19:23:33.407 (UTC)] info/application	[Sensor] Updated distance: 21.5310769104544 cm | Severity=75 | SourceName=Sensor3 | EventType=application | SourceNode=ns=1;s=SensorSource3
[Anomaly Input] [2026-08-16 19:23:33.494 (UTC)] info/application	[Sensor] Updated distance: 18.1316172658147 cm | Severity=75 | SourceName=Sensor | EventType=application | SourceNode=ns=1;s=SensorSource
[Anomaly Input] [2026-08-16 19:23:33.500 (UTC)] info/application	[Motor] Received distance: 17.3967052702311 cm | Severity=75 | SourceName=Motor2 | EventType=application | SourceNode=ns=1;s=MotorSource2
[Anomaly Input] [2026-08-16 19:23:33.500 (UTC)] info/application	[Motor] Received distance: 21.5310769104544 cm | Severity=75 | SourceName=Motor3 | EventType=application | SourceNode=ns=1;s=MotorSource3
[Anomaly Input] [2026-08-16 19:23:33.502 (UTC)] info/application	[Motor] Received distance: 18.1316172658147 cm | Severity=75 | SourceName=Motor | EventType=application | SourceNode=ns=1;s=MotorSource
[Anomaly Input] [2026-08-16 19:23:33.500 (UTC)] warn/application	[Motor] Distance too close (17.3967052702311); rotating motor to 0 degrees | Severity=175 | SourceName=Motor2 | EventType=application | SourceNode=ns=1;s=MotorSource2
[Anomaly Input] [2026-08-16 19:23:33.500 (UTC)] info/application	[Motor] Distance safe (21.5310769104544); rotating motor to 90 degrees | Severity=75 | SourceName=Motor3 | EventType=application | SourceNode=ns=1;s=MotorSource3
[Anomaly Input] [2026-08-16 19:23:33.502 (UTC)] warn/application	[Motor] Distance too close (18.1316172658147); rotating motor to 0 degrees | Severity=175 | SourceName=Motor | EventType=application | SourceNode=ns=1;s=MotorSource
[Anomaly Input] [2026-08-16 19:23:34.407 (UTC)] info/application	[Sensor] Updated distance: 17.3513514131081 cm | Severity=75 | SourceName=Sensor2 | EventType=application | SourceNode=ns=1;s=SensorSource2
[Anomaly Input] [2026-08-16 19:23:34.407 (UTC)] info/application	[Sensor] Updated distance: 22.7976574221615 cm | Severity=75 | SourceName=Sensor3 | EventType=application | SourceNode=ns=1;s=SensorSource3
[Anomaly Input] [2026-08-16 19:23:34.494 (UTC)] info/application	[Sensor] Updated distance: 17.3020402457575 cm | Severity=75 | SourceName=Sensor | EventType=application | SourceNode=ns=1;s=SensorSource
[Anomaly Input] [2026-08-16 19:23:34.494 (UTC)] info/application	[Motor] Received distance: 17.3020402457575 cm | Severity=75 | SourceName=Motor | EventType=application | SourceNode=ns=1;s=MotorSource
[Anomaly Input] [2026-08-16 19:23:34.500 (UTC)] info/application	[Motor] Received distance: 17.3513514131081 cm | Severity=75 | SourceName=Motor2 | EventType=application | SourceNode=ns=1;s=MotorSource2
[Anomaly Input] [2026-08-16 19:23:34.500 (UTC)] info/application	[Motor] Received distance: 22.7976574221615 cm | Severity=75 | SourceName=Motor3 | EventType=application | SourceNode=ns=1;s=MotorSource3
[Anomaly Input] [2026-08-16 19:23:34.494 (UTC)] warn/application	[Motor] Distance too close (17.3020402457575); rotating motor to 0 degrees | Severity=175 | SourceName=Motor | EventType=application | SourceNode=ns=1;s=MotorSource
[Anomaly Input] [2026-08-16 19:23:34.500 (UTC)] warn/application	[Motor] Distance too close (17.3513514131081); rotating motor to 0 degrees | Severity=175 | SourceName=Motor2 | EventType=application | SourceNode=ns=1;s=MotorSource2
[Anomaly Input] [2026-08-16 19:23:34.500 (UTC)] info/application	[Motor] Distance safe (22.7976574221615); rotating motor to 90 degrees | Severity=75 | SourceName=Motor3 | EventType=application | SourceNode=ns=1;s=MotorSource3
[Anomaly Input] [2026-08-16 19:23:35.406 (UTC)] info/application	[Sensor] Updated distance: 18.4682622505204 cm | Severity=75 | SourceName=Sensor2 | EventType=application | SourceNode=ns=1;s=SensorSource2
[Anomaly Input] [2026-08-16 19:23:35.407 (UTC)] info/application	[Sensor] Updated distance: 21.3537341160019 cm | Severity=75 | SourceName=Sensor3 | EventType=application | SourceNode=ns=1;s=SensorSource3
[Anomaly Input] [2026-08-16 19:23:35.493 (UTC)] info/application	[Sensor] Updated distance: 16.0634277924259 cm | Severity=75 | SourceName=Sensor | EventType=application | SourceNode=ns=1;s=SensorSource
[Anomaly Input] [2026-08-16 19:23:35.500 (UTC)] info/application	[Motor] Received distance: 21.3537341160019 cm | Severity=75 | SourceName=Motor3 | EventType=application | SourceNode=ns=1;s=MotorSource3
[Anomaly Input] [2026-08-16 19:23:35.500 (UTC)] info/application	[Motor] Received distance: 18.4682622505204 cm | Severity=75 | SourceName=Motor2 | EventType=application | SourceNode=ns=1;s=MotorSource2
[Anomaly Input] [2026-08-16 19:23:35.503 (UTC)] info/application	[Motor] Received distance: 16.0634277924259 cm | Severity=75 | SourceName=Motor | EventType=application | SourceNode=ns=1;s=MotorSource
[Anomaly Input] [2026-08-16 19:23:35.500 (UTC)] info/application	[Motor] Distance safe (21.3537341160019); rotating motor to 90 degrees | Severity=75 | SourceName=Motor3 | EventType=application | SourceNode=ns=1;s=MotorSource3
[Anomaly Input] [2026-08-16 19:23:35.500 (UTC)] warn/application	[Motor] Distance too close (18.4682622505204); rotating motor to 0 degrees | Severity=175 | SourceName=Motor2 | EventType=application | SourceNode=ns=1;s=MotorSource2
[Anomaly Input] [2026-08-16 19:23:35.503 (UTC)] warn/application	[Motor] Distance too close (16.0634277924259); rotating motor to 0 degrees | Severity=175 | SourceName=Motor | EventType=application | SourceNode=ns=1;s=MotorSource
[Anomaly Input] [2026-08-16 19:23:36.406 (UTC)] info/application	[Sensor] Updated distance: 21.7500715226634 cm | Severity=75 | SourceName=Sensor3 | EventType=application | SourceNode=ns=1;s=SensorSource3
[Anomaly Input] [2026-08-16 19:23:36.406 (UTC)] info/application	[Sensor] Updated distance: 17.4679452774431 cm | Severity=75 | SourceName=Sensor2 | EventType=application | SourceNode=ns=1;s=SensorSource2
[Anomaly Input] [2026-08-16 19:23:36.493 (UTC)] info/application	[Sensor] Updated distance: 14.7538796389726 cm | Severity=75 | SourceName=Sensor | EventType=application | SourceNode=ns=1;s=SensorSource
[Anomaly Input] [2026-08-16 19:23:36.493 (UTC)] info/application	[Motor] Received distance: 14.7538796389726 cm | Severity=75 | SourceName=Motor | EventType=application | SourceNode=ns=1;s=MotorSource
[Anomaly Input] [2026-08-16 19:23:36.500 (UTC)] info/application	[Motor] Received distance: 21.7500715226634 cm | Severity=75 | SourceName=Motor3 | EventType=application | SourceNode=ns=1;s=MotorSource3
[Anomaly Input] [2026-08-16 19:23:36.500 (UTC)] info/application	[Motor] Received distance: 17.4679452774431 cm | Severity=75 | SourceName=Motor2 | EventType=application | SourceNode=ns=1;s=MotorSource2
[Anomaly Input] [2026-08-16 19:23:36.493 (UTC)] warn/application	[Motor] Distance too close (14.7538796389726); rotating motor to 0 degrees | Severity=175 | SourceName=Motor | EventType=application | SourceNode=ns=1;s=MotorSource
[Anomaly Input] [2026-08-16 19:23:36.500 (UTC)] info/application	[Motor] Distance safe (21.7500715226634); rotating motor to 90 degrees | Severity=75 | SourceName=Motor3 | EventType=application | SourceNode=ns=1;s=MotorSource3
[Anomaly Input] [2026-08-16 19:23:36.500 (UTC)] warn/application	[Motor] Distance too close (17.4679452774431); rotating motor to 0 degrees | Severity=175 | SourceName=Motor2 | EventType=application | SourceNode=ns=1;s=MotorSource2
[Anomaly Input] [2026-08-16 19:23:37.406 (UTC)] info/application	[Sensor] Updated distance: 21.0577730194469 cm | Severity=75 | SourceName=Sensor3 | EventType=application | SourceNode=ns=1;s=SensorSource3
[Anomaly Input] [2026-08-16 19:23:37.406 (UTC)] info/application	[Sensor] Updated distance: 18.4725602934941 cm | Severity=75 | SourceName=Sensor2 | EventType=application | SourceNode=ns=1;s=SensorSource2
[Anomaly Input] [2026-08-16 19:23:37.493 (UTC)] info/application	[Sensor] Updated distance: 13.785434675303 cm | Severity=75 | SourceName=Sensor | EventType=application | SourceNode=ns=1;s=SensorSource
[Anomaly Input] [2026-08-16 19:23:37.493 (UTC)] info/application	[Motor] Received distance: 13.785434675303 cm | Severity=75 | SourceName=Motor | EventType=application | SourceNode=ns=1;s=MotorSource
[Anomaly Input] [2026-08-16 19:23:37.497 (UTC)] info/application	[Motor] Received distance: 18.4725602934941 cm | Severity=75 | SourceName=Motor2 | EventType=application | SourceNode=ns=1;s=MotorSource2
[Anomaly Input] [2026-08-16 19:23:37.500 (UTC)] info/application	[Motor] Received distance: 21.0577730194469 cm | Severity=75 | SourceName=Motor3 | EventType=application | SourceNode=ns=1;s=MotorSource3
[Anomaly Input] [2026-08-16 19:23:37.493 (UTC)] warn/application	[Motor] Distance too close (13.785434675303); rotating motor to 0 degrees | Severity=175 | SourceName=Motor | EventType=application | SourceNode=ns=1;s=MotorSource
[Anomaly Input] [2026-08-16 19:23:37.497 (UTC)] warn/application	[Motor] Distance too close (18.4725602934941); rotating motor to 0 degrees | Severity=175 | SourceName=Motor2 | EventType=application | SourceNode=ns=1;s=MotorSource2
[Anomaly Input] [2026-08-16 19:23:37.500 (UTC)] info/application	[Motor] Distance safe (21.0577730194469); rotating motor to 90 degrees | Severity=75 | SourceName=Motor3 | EventType=application | SourceNode=ns=1;s=MotorSource3
[Anomaly Input] [2026-08-16 19:23:38.406 (UTC)] info/application	[Sensor] Updated distance: 20.0106040323203 cm | Severity=75 | SourceName=Sensor3 | EventType=application | SourceNode=ns=1;s=SensorSource3
[Anomaly Input] [2026-08-16 19:23:38.406 (UTC)] info/application	[Sensor] Updated distance: 19.5344355127469 cm | Severity=75 | SourceName=Sensor2 | EventType=application | SourceNode=ns=1;s=SensorSource2
[Anomaly Input] [2026-08-16 19:23:38.493 (UTC)] info/application	[Sensor] Updated distance: 12.9728567695585 cm | Severity=75 | SourceName=Sensor | EventType=application | SourceNode=ns=1;s=SensorSource
[Anomaly Input] [2026-08-16 19:23:38.500 (UTC)] info/application	[Motor] Received distance: 19.5344355127469 cm | Severity=75 | SourceName=Motor2 | EventType=application | SourceNode=ns=1;s=MotorSource2
[Anomaly Input] [2026-08-16 19:23:38.500 (UTC)] info/application	[Motor] Received distance: 20.0106040323203 cm | Severity=75 | SourceName=Motor3 | EventType=application | SourceNode=ns=1;s=MotorSource3
[Anomaly Input] [2026-08-16 19:23:38.502 (UTC)] info/application	[Motor] Received distance: 12.9728567695585 cm | Severity=75 | SourceName=Motor | EventType=application | SourceNode=ns=1;s=MotorSource
[Anomaly Input] [2026-08-16 19:23:38.500 (UTC)] warn/application	[Motor] Distance too close (19.5344355127469); rotating motor to 0 degrees | Severity=175 | SourceName=Motor2 | EventType=application | SourceNode=ns=1;s=MotorSource2
[Anomaly Input] [2026-08-16 19:23:38.500 (UTC)] info/application	[Motor] Distance safe (20.0106040323203); rotating motor to 90 degrees | Severity=75 | SourceName=Motor3 | EventType=application | SourceNode=ns=1;s=MotorSource3
[Anomaly Input] [2026-08-16 19:23:38.502 (UTC)] warn/application	[Motor] Distance too close (12.9728567695585); rotating motor to 0 degrees | Severity=175 | SourceName=Motor | EventType=application | SourceNode=ns=1;s=MotorSource
[Anomaly Input] [2026-08-16 19:23:39.406 (UTC)] info/application	[Sensor] Updated distance: 19.5230740085352 cm | Severity=75 | SourceName=Sensor3 | EventType=application | SourceNode=ns=1;s=SensorSource3
[Anomaly Input] [2026-08-16 19:23:39.406 (UTC)] info/application	[Sensor] Updated distance: 20.9570491334689 cm | Severity=75 | SourceName=Sensor2 | EventType=application | SourceNode=ns=1;s=SensorSource2
[Anomaly Input] [2026-08-16 19:23:39.493 (UTC)] info/application	[Sensor] Updated distance: 11.68603409719 cm | Severity=75 | SourceName=Sensor | EventType=application | SourceNode=ns=1;s=SensorSource
[Anomaly Input] [2026-08-16 19:23:39.493 (UTC)] info/application	[Motor] Received distance: 11.68603409719 cm | Severity=75 | SourceName=Motor | EventType=application | SourceNode=ns=1;s=MotorSource
[Anomaly Input] [2026-08-16 19:23:39.500 (UTC)] info/application	[Motor] Received distance: 19.5230740085352 cm | Severity=75 | SourceName=Motor3 | EventType=application | SourceNode=ns=1;s=MotorSource3
[Anomaly Input] [2026-08-16 19:23:39.500 (UTC)] info/application	[Motor] Received distance: 20.9570491334689 cm | Severity=75 | SourceName=Motor2 | EventType=application | SourceNode=ns=1;s=MotorSource2
[Anomaly Input] [2026-08-16 19:23:39.493 (UTC)] warn/application	[Motor] Distance too close (11.68603409719); rotating motor to 0 degrees | Severity=175 | SourceName=Motor | EventType=application | SourceNode=ns=1;s=MotorSource
[Anomaly Input] [2026-08-16 19:23:39.500 (UTC)] warn/application	[Motor] Distance too close (19.5230740085352); rotating motor to 0 degrees | Severity=175 | SourceName=Motor3 | EventType=application | SourceNode=ns=1;s=MotorSource3
[Anomaly Input] [2026-08-16 19:23:39.500 (UTC)] info/application	[Motor] Distance safe (20.9570491334689); rotating motor to 90 degrees | Severity=75 | SourceName=Motor2 | EventType=application | SourceNode=ns=1;s=MotorSource2
[Anomaly Input] [2026-08-16 19:23:40.406 (UTC)] info/application	[Sensor] Updated distance: 20.0573024661547 cm | Severity=75 | SourceName=Sensor3 | EventType=application | SourceNode=ns=1;s=SensorSource3
[Anomaly Input] [2026-08-16 19:23:40.406 (UTC)] info/application	[Sensor] Updated distance: 21.3793674196952 cm | Severity=75 | SourceName=Sensor2 | EventType=application | SourceNode=ns=1;s=SensorSource2
[Anomaly Input] [2026-08-16 19:23:40.493 (UTC)] info/application	[Sensor] Updated distance: 12.3606933657363 cm | Severity=75 | SourceName=Sensor | EventType=application | SourceNode=ns=1;s=SensorSource
[Anomaly Input] [2026-08-16 19:23:40.493 (UTC)] info/application	[Motor] Received distance: 12.3606933657363 cm | Severity=75 | SourceName=Motor | EventType=application | SourceNode=ns=1;s=MotorSource
[Anomaly Input] [2026-08-16 19:23:40.501 (UTC)] info/application	[Motor] Received distance: 21.3793674196952 cm | Severity=75 | SourceName=Motor2 | EventType=application | SourceNode=ns=1;s=MotorSource2
[Anomaly Input] [2026-08-16 19:23:40.501 (UTC)] info/application	[Motor] Received distance: 20.0573024661547 cm | Severity=75 | SourceName=Motor3 | EventType=application | SourceNode=ns=1;s=MotorSource3
[Anomaly Input] [2026-08-16 19:23:40.493 (UTC)] warn/application	[Motor] Distance too close (12.3606933657363); rotating motor to 0 degrees | Severity=175 | SourceName=Motor | EventType=application | SourceNode=ns=1;s=MotorSource
[Anomaly Input] [2026-08-16 19:23:40.501 (UTC)] info/application	[Motor] Distance safe (21.3793674196952); rotating motor to 90 degrees | Severity=75 | SourceName=Motor2 | EventType=application | SourceNode=ns=1;s=MotorSource2
[Anomaly Input] [2026-08-16 19:23:40.501 (UTC)] info/application	[Motor] Distance safe (20.0573024661547); rotating motor to 90 degrees | Severity=75 | SourceName=Motor3 | EventType=application | SourceNode=ns=1;s=MotorSource3
[Anomaly Input] [2026-08-16 19:23:41.405 (UTC)] info/application	[Sensor] Updated distance: 19.2344630447843 cm | Severity=75 | SourceName=Sensor3 | EventType=application | SourceNode=ns=1;s=SensorSource3
[Anomaly Input] [2026-08-16 19:23:41.406 (UTC)] info/application	[Sensor] Updated distance: 20.1045053725152 cm | Severity=75 | SourceName=Sensor2 | EventType=application | SourceNode=ns=1;s=SensorSource2
[Anomaly Input] [2026-08-16 19:23:41.493 (UTC)] info/application	[Sensor] Updated distance: 11.3868258234052 cm | Severity=75 | SourceName=Sensor | EventType=application | SourceNode=ns=1;s=SensorSource
[Anomaly Input] [2026-08-16 19:23:41.493 (UTC)] info/application	[Motor] Received distance: 11.3868258234052 cm | Severity=75 | SourceName=Motor | EventType=application | SourceNode=ns=1;s=MotorSource
[Anomaly Input] [2026-08-16 19:23:41.497 (UTC)] info/application	[Motor] Received distance: 19.2344630447843 cm | Severity=75 | SourceName=Motor3 | EventType=application | SourceNode=ns=1;s=MotorSource3
[Anomaly Input] [2026-08-16 19:23:41.501 (UTC)] info/application	[Motor] Received distance: 20.1045053725152 cm | Severity=75 | SourceName=Motor2 | EventType=application | SourceNode=ns=1;s=MotorSource2
[Anomaly Input] [2026-08-16 19:23:41.493 (UTC)] warn/application	[Motor] Distance too close (11.3868258234052); rotating motor to 0 degrees | Severity=175 | SourceName=Motor | EventType=application | SourceNode=ns=1;s=MotorSource
[Anomaly Input] [2026-08-16 19:23:41.497 (UTC)] warn/application	[Motor] Distance too close (19.2344630447843); rotating motor to 0 degrees | Severity=175 | SourceName=Motor3 | EventType=application | SourceNode=ns=1;s=MotorSource3
[Anomaly Input] [2026-08-16 19:23:41.501 (UTC)] info/application	[Motor] Distance safe (20.1045053725152); rotating motor to 90 degrees | Severity=75 | SourceName=Motor2 | EventType=application | SourceNode=ns=1;s=MotorSource2
[Anomaly Input] [2026-08-16 19:23:42.405 (UTC)] info/application	[Sensor] Updated distance: 18.7091777719134 cm | Severity=75 | SourceName=Sensor3 | EventType=application | SourceNode=ns=1;s=SensorSource3
[Anomaly Input] [2026-08-16 19:23:42.405 (UTC)] info/application	[Sensor] Updated distance: 20.8631686628159 cm | Severity=75 | SourceName=Sensor2 | EventType=application | SourceNode=ns=1;s=SensorSource2
[Anomaly Input] [2026-08-16 19:23:42.493 (UTC)] info/application	[Sensor] Updated distance: 11.3585967490723 cm | Severity=75 | SourceName=Sensor | EventType=application | SourceNode=ns=1;s=SensorSource
[Anomaly Input] [2026-08-16 19:23:42.493 (UTC)] info/application	[Motor] Received distance: 11.3585967490723 cm | Severity=75 | SourceName=Motor | EventType=application | SourceNode=ns=1;s=MotorSource
[Anomaly Input] [2026-08-16 19:23:42.497 (UTC)] info/application	[Motor] Received distance: 20.8631686628159 cm | Severity=75 | SourceName=Motor2 | EventType=application | SourceNode=ns=1;s=MotorSource2
[Anomaly Input] [2026-08-16 19:23:42.500 (UTC)] info/application	[Motor] Received distance: 18.7091777719134 cm | Severity=75 | SourceName=Motor3 | EventType=application | SourceNode=ns=1;s=MotorSource3
[Anomaly Input] [2026-08-16 19:23:42.493 (UTC)] warn/application	[Motor] Distance too close (11.3585967490723); rotating motor to 0 degrees | Severity=175 | SourceName=Motor | EventType=application | SourceNode=ns=1;s=MotorSource
[Anomaly Input] [2026-08-16 19:23:42.497 (UTC)] info/application	[Motor] Distance safe (20.8631686628159); rotating motor to 90 degrees | Severity=75 | SourceName=Motor2 | EventType=application | SourceNode=ns=1;s=MotorSource2
[Anomaly Input] [2026-08-16 19:23:42.500 (UTC)] warn/application	[Motor] Distance too close (18.7091777719134); rotating motor to 0 degrees | Severity=175 | SourceName=Motor3 | EventType=application | SourceNode=ns=1;s=MotorSource3
[Anomaly Input] [2026-08-16 19:23:43.405 (UTC)] info/application	[Sensor] Updated distance: 19.9099077807786 cm | Severity=75 | SourceName=Sensor3 | EventType=application | SourceNode=ns=1;s=SensorSource3
[Anomaly Input] [2026-08-16 19:23:43.405 (UTC)] info/application	[Sensor] Updated distance: 19.6224429165583 cm | Severity=75 | SourceName=Sensor2 | EventType=application | SourceNode=ns=1;s=SensorSource2
[Anomaly Input] [2026-08-16 19:23:43.493 (UTC)] info/application	[Sensor] Updated distance: 11.8651875182359 cm | Severity=75 | SourceName=Sensor | EventType=application | SourceNode=ns=1;s=SensorSource
[Anomaly Input] [2026-08-16 19:23:43.493 (UTC)] info/application	[Motor] Received distance: 11.8651875182359 cm | Severity=75 | SourceName=Motor | EventType=application | SourceNode=ns=1;s=MotorSource
[Anomaly Input] [2026-08-16 19:23:43.499 (UTC)] info/application	[Motor] Received distance: 19.6224429165583 cm | Severity=75 | SourceName=Motor2 | EventType=application | SourceNode=ns=1;s=MotorSource2
[Anomaly Input] [2026-08-16 19:23:43.500 (UTC)] info/application	[Motor] Received distance: 19.9099077807786 cm | Severity=75 | SourceName=Motor3 | EventType=application | SourceNode=ns=1;s=MotorSource3
[Anomaly Input] [2026-08-16 19:23:43.493 (UTC)] warn/application	[Motor] Distance too close (11.8651875182359); rotating motor to 0 degrees | Severity=175 | SourceName=Motor | EventType=application | SourceNode=ns=1;s=MotorSource
[Anomaly Input] [2026-08-16 19:23:43.499 (UTC)] warn/application	[Motor] Distance too close (19.6224429165583); rotating motor to 0 degrees | Severity=175 | SourceName=Motor2 | EventType=application | SourceNode=ns=1;s=MotorSource2
[Anomaly Input] [2026-08-16 19:23:43.500 (UTC)] warn/application	[Motor] Distance too close (19.9099077807786); rotating motor to 0 degrees | Severity=175 | SourceName=Motor3 | EventType=application | SourceNode=ns=1;s=MotorSource3
[Anomaly Input] [2026-08-16 19:23:44.404 (UTC)] info/application	[Sensor] Updated distance: 20.5939740061732 cm | Severity=75 | SourceName=Sensor3 | EventType=application | SourceNode=ns=1;s=SensorSource3
[Anomaly Input] [2026-08-16 19:23:44.405 (UTC)] info/application	[Sensor] Updated distance: 18.5571352730306 cm | Severity=75 | SourceName=Sensor2 | EventType=application | SourceNode=ns=1;s=SensorSource2
[Anomaly Input] [2026-08-16 19:23:44.493 (UTC)] info/application	[Sensor] Updated distance: 11.2738901967061 cm | Severity=75 | SourceName=Sensor | EventType=application | SourceNode=ns=1;s=SensorSource
[Anomaly Input] [2026-08-16 19:23:44.493 (UTC)] info/application	[Motor] Received distance: 11.2738901967061 cm | Severity=75 | SourceName=Motor | EventType=application | SourceNode=ns=1;s=MotorSource
[Anomaly Input] [2026-08-16 19:23:44.500 (UTC)] info/application	[Motor] Received distance: 18.5571352730306 cm | Severity=75 | SourceName=Motor2 | EventType=application | SourceNode=ns=1;s=MotorSource2
[Anomaly Input] [2026-08-16 19:23:44.500 (UTC)] info/application	[Motor] Received distance: 20.5939740061732 cm | Severity=75 | SourceName=Motor3 | EventType=application | SourceNode=ns=1;s=MotorSource3
[Anomaly Input] [2026-08-16 19:23:44.493 (UTC)] warn/application	[Motor] Distance too close (11.2738901967061); rotating motor to 0 degrees | Severity=175 | SourceName=Motor | EventType=application | SourceNode=ns=1;s=MotorSource
[Anomaly Input] [2026-08-16 19:23:44.500 (UTC)] warn/application	[Motor] Distance too close (18.5571352730306); rotating motor to 0 degrees | Severity=175 | SourceName=Motor2 | EventType=application | SourceNode=ns=1;s=MotorSource2
[Anomaly Input] [2026-08-16 19:23:44.500 (UTC)] info/application	[Motor] Distance safe (20.5939740061732); rotating motor to 90 degrees | Severity=75 | SourceName=Motor3 | EventType=application | SourceNode=ns=1;s=MotorSource3
[Anomaly Input] [2026-08-16 19:23:45.403 (UTC)] info/application	[Sensor] Updated distance: 20.6442866712549 cm | Severity=75 | SourceName=Sensor3 | EventType=application | SourceNode=ns=1;s=SensorSource3
[Anomaly Input] [2026-08-16 19:23:45.405 (UTC)] info/application	[Sensor] Updated distance: 17.1283893890811 cm | Severity=75 | SourceName=Sensor2 | EventType=application | SourceNode=ns=1;s=SensorSource2
[Anomaly Input] [2026-08-16 19:23:45.492 (UTC)] info/application	[Sensor] Updated distance: 11.2382594757892 cm | Severity=75 | SourceName=Sensor | EventType=application | SourceNode=ns=1;s=SensorSource
[Anomaly Input] [2026-08-16 19:23:45.493 (UTC)] info/application	[Motor] Received distance: 11.2382594757892 cm | Severity=75 | SourceName=Motor | EventType=application | SourceNode=ns=1;s=MotorSource
[Anomaly Input] [2026-08-16 19:23:45.500 (UTC)] info/application	[Motor] Received distance: 17.1283893890811 cm | Severity=75 | SourceName=Motor2 | EventType=application | SourceNode=ns=1;s=MotorSource2
[Anomaly Input] [2026-08-16 19:23:45.501 (UTC)] info/application	[Motor] Received distance: 20.6442866712549 cm | Severity=75 | SourceName=Motor3 | EventType=application | SourceNode=ns=1;s=MotorSource3
[Anomaly Input] [2026-08-16 19:23:45.493 (UTC)] warn/application	[Motor] Distance too close (11.2382594757892); rotating motor to 0 degrees | Severity=175 | SourceName=Motor | EventType=application | SourceNode=ns=1;s=MotorSource
[Anomaly Input] [2026-08-16 19:23:45.500 (UTC)] warn/application	[Motor] Distance too close (17.1283893890811); rotating motor to 0 degrees | Severity=175 | SourceName=Motor2 | EventType=application | SourceNode=ns=1;s=MotorSource2
[Anomaly Input] [2026-08-16 19:23:45.501 (UTC)] info/application	[Motor] Distance safe (20.6442866712549); rotating motor to 90 degrees | Severity=75 | SourceName=Motor3 | EventType=application | SourceNode=ns=1;s=MotorSource3
[Anomaly Input] [2026-08-16 19:23:46.403 (UTC)] info/application	[Sensor] Updated distance: 19.6439546345007 cm | Severity=75 | SourceName=Sensor3 | EventType=application | SourceNode=ns=1;s=SensorSource3
[Anomaly Input] [2026-08-16 19:23:46.405 (UTC)] info/application	[Sensor] Updated distance: 16.0254040863483 cm | Severity=75 | SourceName=Sensor2 | EventType=application | SourceNode=ns=1;s=SensorSource2
[Anomaly Input] [2026-08-16 19:23:46.492 (UTC)] info/application	[Sensor] Updated distance: 9.85797926613968 cm | Severity=75 | SourceName=Sensor | EventType=application | SourceNode=ns=1;s=SensorSource
[Anomaly Input] [2026-08-16 19:23:46.492 (UTC)] info/application	[Motor] Received distance: 9.85797926613968 cm | Severity=75 | SourceName=Motor | EventType=application | SourceNode=ns=1;s=MotorSource
[Anomaly Input] [2026-08-16 19:23:46.494 (UTC)] info/application	[Motor] Received distance: 19.6439546345007 cm | Severity=75 | SourceName=Motor3 | EventType=application | SourceNode=ns=1;s=MotorSource3
[Anomaly Input] [2026-08-16 19:23:46.500 (UTC)] info/application	[Motor] Received distance: 16.0254040863483 cm | Severity=75 | SourceName=Motor2 | EventType=application | SourceNode=ns=1;s=MotorSource2
[Anomaly Input] [2026-08-16 19:23:46.492 (UTC)] warn/application	[Motor] Distance too close (9.85797926613968); rotating motor to 0 degrees | Severity=175 | SourceName=Motor | EventType=application | SourceNode=ns=1;s=MotorSource
[Anomaly Input] [2026-08-16 19:23:46.494 (UTC)] warn/application	[Motor] Distance too close (19.6439546345007); rotating motor to 0 degrees | Severity=175 | SourceName=Motor3 | EventType=application | SourceNode=ns=1;s=MotorSource3
[Anomaly Input] [2026-08-16 19:23:46.500 (UTC)] warn/application	[Motor] Distance too close (16.0254040863483); rotating motor to 0 degrees | Severity=175 | SourceName=Motor2 | EventType=application | SourceNode=ns=1;s=MotorSource2
[Anomaly Input] [2026-08-16 19:23:47.403 (UTC)] info/application	[Sensor] Updated distance: 18.8469020684003 cm | Severity=75 | SourceName=Sensor3 | EventType=application | SourceNode=ns=1;s=SensorSource3
[Anomaly Input] [2026-08-16 19:23:47.405 (UTC)] info/application	[Sensor] Updated distance: 16.9466918355071 cm | Severity=75 | SourceName=Sensor2 | EventType=application | SourceNode=ns=1;s=SensorSource2
[Anomaly Input] [2026-08-16 19:23:47.492 (UTC)] info/application	[Sensor] Updated distance: 8.51547897211998 cm | Severity=75 | SourceName=Sensor | EventType=application | SourceNode=ns=1;s=SensorSource
[Anomaly Input] [2026-08-16 19:23:47.493 (UTC)] info/application	[Motor] Received distance: 8.51547897211998 cm | Severity=75 | SourceName=Motor | EventType=application | SourceNode=ns=1;s=MotorSource
[Anomaly Input] [2026-08-16 19:23:47.500 (UTC)] info/application	[Motor] Received distance: 18.8469020684003 cm | Severity=75 | SourceName=Motor3 | EventType=application | SourceNode=ns=1;s=MotorSource3
[Anomaly Input] [2026-08-16 19:23:47.501 (UTC)] info/application	[Motor] Received distance: 16.9466918355071 cm | Severity=75 | SourceName=Motor2 | EventType=application | SourceNode=ns=1;s=MotorSource2
[Anomaly Input] [2026-08-16 19:23:47.493 (UTC)] warn/application	[Motor] Distance too close (8.51547897211998); rotating motor to 0 degrees | Severity=175 | SourceName=Motor | EventType=application | SourceNode=ns=1;s=MotorSource
[Anomaly Input] [2026-08-16 19:23:47.500 (UTC)] warn/application	[Motor] Distance too close (18.8469020684003); rotating motor to 0 degrees | Severity=175 | SourceName=Motor3 | EventType=application | SourceNode=ns=1;s=MotorSource3
[Anomaly Input] [2026-08-16 19:23:47.501 (UTC)] warn/application	[Motor] Distance too close (16.9466918355071); rotating motor to 0 degrees | Severity=175 | SourceName=Motor2 | EventType=application | SourceNode=ns=1;s=MotorSource2
[Anomaly Input] [2026-08-16 19:23:48.403 (UTC)] info/application	[Sensor] Updated distance: 19.6630510811988 cm | Severity=75 | SourceName=Sensor3 | EventType=application | SourceNode=ns=1;s=SensorSource3
[Anomaly Input] [2026-08-16 19:23:48.405 (UTC)] info/application	[Sensor] Updated distance: 16.4234481288229 cm | Severity=75 | SourceName=Sensor2 | EventType=application | SourceNode=ns=1;s=SensorSource2
[Anomaly Input] [2026-08-16 19:23:48.492 (UTC)] info/application	[Sensor] Updated distance: 8.13341784925826 cm | Severity=75 | SourceName=Sensor | EventType=application | SourceNode=ns=1;s=SensorSource
[Anomaly Input] [2026-08-16 19:23:48.494 (UTC)] info/application	[Motor] Received distance: 8.13341784925826 cm | Severity=75 | SourceName=Motor | EventType=application | SourceNode=ns=1;s=MotorSource
[Anomaly Input] [2026-08-16 19:23:48.496 (UTC)] info/application	[Motor] Received distance: 16.4234481288229 cm | Severity=75 | SourceName=Motor2 | EventType=application | SourceNode=ns=1;s=MotorSource2
[Anomaly Input] [2026-08-16 19:23:48.500 (UTC)] info/application	[Motor] Received distance: 19.6630510811988 cm | Severity=75 | SourceName=Motor3 | EventType=application | SourceNode=ns=1;s=MotorSource3
[Anomaly Input] [2026-08-16 19:23:48.494 (UTC)] warn/application	[Motor] Distance too close (8.13341784925826); rotating motor to 0 degrees | Severity=175 | SourceName=Motor | EventType=application | SourceNode=ns=1;s=MotorSource
[Anomaly Input] [2026-08-16 19:23:48.496 (UTC)] warn/application	[Motor] Distance too close (16.4234481288229); rotating motor to 0 degrees | Severity=175 | SourceName=Motor2 | EventType=application | SourceNode=ns=1;s=MotorSource2
[Anomaly Input] [2026-08-16 19:23:48.500 (UTC)] warn/application	[Motor] Distance too close (19.6630510811988); rotating motor to 0 degrees | Severity=175 | SourceName=Motor3 | EventType=application | SourceNode=ns=1;s=MotorSource3
[Anomaly Input] [2026-08-16 19:23:49.403 (UTC)] info/application	[Sensor] Updated distance: 20.1155411860047 cm | Severity=75 | SourceName=Sensor3 | EventType=application | SourceNode=ns=1;s=SensorSource3
[Anomaly Input] [2026-08-16 19:23:49.405 (UTC)] info/application	[Sensor] Updated distance: 17.7411643086193 cm | Severity=75 | SourceName=Sensor2 | EventType=application | SourceNode=ns=1;s=SensorSource2
[Anomaly Input] [2026-08-16 19:23:49.492 (UTC)] info/application	[Sensor] Updated distance: 7.70340854521069 cm | Severity=75 | SourceName=Sensor | EventType=application | SourceNode=ns=1;s=SensorSource
[Anomaly Input] [2026-08-16 19:23:49.492 (UTC)] info/application	[Motor] Received distance: 7.70340854521069 cm | Severity=75 | SourceName=Motor | EventType=application | SourceNode=ns=1;s=MotorSource
[Anomaly Input] [2026-08-16 19:23:49.500 (UTC)] info/application	[Motor] Received distance: 17.7411643086193 cm | Severity=75 | SourceName=Motor2 | EventType=application | SourceNode=ns=1;s=MotorSource2
[Anomaly Input] [2026-08-16 19:23:49.501 (UTC)] info/application	[Motor] Received distance: 20.1155411860047 cm | Severity=75 | SourceName=Motor3 | EventType=application | SourceNode=ns=1;s=MotorSource3
[Anomaly Input] [2026-08-16 19:23:49.492 (UTC)] warn/application	[Motor] Distance too close (7.70340854521069); rotating motor to 0 degrees | Severity=175 | SourceName=Motor | EventType=application | SourceNode=ns=1;s=MotorSource
[Anomaly Input] [2026-08-16 19:23:49.500 (UTC)] warn/application	[Motor] Distance too close (17.7411643086193); rotating motor to 0 degrees | Severity=175 | SourceName=Motor2 | EventType=application | SourceNode=ns=1;s=MotorSource2
[Anomaly Input] [2026-08-16 19:23:49.501 (UTC)] info/application	[Motor] Distance safe (20.1155411860047); rotating motor to 90 degrees | Severity=75 | SourceName=Motor3 | EventType=application | SourceNode=ns=1;s=MotorSource3
[Anomaly Input] [2026-08-16 19:23:50.403 (UTC)] info/application	[Sensor] Updated distance: 18.8919109389614 cm | Severity=75 | SourceName=Sensor3 | EventType=application | SourceNode=ns=1;s=SensorSource3
[Anomaly Input] [2026-08-16 19:23:50.405 (UTC)] info/application	[Sensor] Updated distance: 16.5148856819211 cm | Severity=75 | SourceName=Sensor2 | EventType=application | SourceNode=ns=1;s=SensorSource2
[Anomaly Input] [2026-08-16 19:23:50.491 (UTC)] info/application	[Sensor] Updated distance: 7.27671234345843 cm | Severity=75 | SourceName=Sensor | EventType=application | SourceNode=ns=1;s=SensorSource
[Anomaly Input] [2026-08-16 19:23:50.492 (UTC)] info/application	[Motor] Received distance: 7.27671234345843 cm | Severity=75 | SourceName=Motor | EventType=application | SourceNode=ns=1;s=MotorSource
[Anomaly Input] [2026-08-16 19:23:50.495 (UTC)] info/application	[Motor] Received distance: 18.8919109389614 cm | Severity=75 | SourceName=Motor3 | EventType=application | SourceNode=ns=1;s=MotorSource3
[Anomaly Input] [2026-08-16 19:23:50.500 (UTC)] info/application	[Motor] Received distance: 16.5148856819211 cm | Severity=75 | SourceName=Motor2 | EventType=application | SourceNode=ns=1;s=MotorSource2
[Anomaly Input] [2026-08-16 19:23:50.492 (UTC)] warn/application	[Motor] Distance too close (7.27671234345843); rotating motor to 0 degrees | Severity=175 | SourceName=Motor | EventType=application | SourceNode=ns=1;s=MotorSource
[Anomaly Input] [2026-08-16 19:23:50.495 (UTC)] warn/application	[Motor] Distance too close (18.8919109389614); rotating motor to 0 degrees | Severity=175 | SourceName=Motor3 | EventType=application | SourceNode=ns=1;s=MotorSource3
[Anomaly Input] [2026-08-16 19:23:50.500 (UTC)] warn/application	[Motor] Distance too close (16.5148856819211); rotating motor to 0 degrees | Severity=175 | SourceName=Motor2 | EventType=application | SourceNode=ns=1;s=MotorSource2
[Anomaly Input] [2026-08-16 19:23:51.403 (UTC)] info/application	[Sensor] Updated distance: 19.3324681626784 cm | Severity=75 | SourceName=Sensor3 | EventType=application | SourceNode=ns=1;s=SensorSource3
[Anomaly Input] [2026-08-16 19:23:51.404 (UTC)] info/application	[Sensor] Updated distance: 16.6825969983743 cm | Severity=75 | SourceName=Sensor2 | EventType=application | SourceNode=ns=1;s=SensorSource2
[Anomaly Input] [2026-08-16 19:23:51.491 (UTC)] info/application	[Sensor] Updated distance: 7.63576281333146 cm | Severity=75 | SourceName=Sensor | EventType=application | SourceNode=ns=1;s=SensorSource
[Anomaly Input] [2026-08-16 19:23:51.492 (UTC)] info/application	[Motor] Received distance: 7.63576281333146 cm | Severity=75 | SourceName=Motor | EventType=application | SourceNode=ns=1;s=MotorSource
[Anomaly Input] [2026-08-16 19:23:51.499 (UTC)] info/application	[Motor] Received distance: 19.3324681626784 cm | Severity=75 | SourceName=Motor3 | EventType=application | SourceNode=ns=1;s=MotorSource3
[Anomaly Input] [2026-08-16 19:23:51.501 (UTC)] info/application	[Motor] Received distance: 16.6825969983743 cm | Severity=75 | SourceName=Motor2 | EventType=application | SourceNode=ns=1;s=MotorSource2
[Anomaly Input] [2026-08-16 19:23:51.492 (UTC)] warn/application	[Motor] Distance too close (7.63576281333146); rotating motor to 0 degrees | Severity=175 | SourceName=Motor | EventType=application | SourceNode=ns=1;s=MotorSource
[Anomaly Input] [2026-08-16 19:23:51.499 (UTC)] warn/application	[Motor] Distance too close (19.3324681626784); rotating motor to 0 degrees | Severity=175 | SourceName=Motor3 | EventType=application | SourceNode=ns=1;s=MotorSource3
[Anomaly Input] [2026-08-16 19:23:51.501 (UTC)] warn/application	[Motor] Distance too close (16.6825969983743); rotating motor to 0 degrees | Severity=175 | SourceName=Motor2 | EventType=application | SourceNode=ns=1;s=MotorSource2
[Anomaly Input] [2026-08-16 19:23:52.403 (UTC)] info/application	[Sensor] Updated distance: 18.4782193668551 cm | Severity=75 | SourceName=Sensor3 | EventType=application | SourceNode=ns=1;s=SensorSource3
[Anomaly Input] [2026-08-16 19:23:52.405 (UTC)] info/application	[Sensor] Updated distance: 15.3418187677589 cm | Severity=75 | SourceName=Sensor2 | EventType=application | SourceNode=ns=1;s=SensorSource2
[Anomaly Input] [2026-08-16 19:23:52.491 (UTC)] info/application	[Sensor] Updated distance: 7.90121780075191 cm | Severity=75 | SourceName=Sensor | EventType=application | SourceNode=ns=1;s=SensorSource
[Anomaly Input] [2026-08-16 19:23:52.492 (UTC)] info/application	[Motor] Received distance: 7.90121780075191 cm | Severity=75 | SourceName=Motor | EventType=application | SourceNode=ns=1;s=MotorSource
[Anomaly Input] [2026-08-16 19:23:52.500 (UTC)] info/application	[Motor] Received distance: 18.4782193668551 cm | Severity=75 | SourceName=Motor3 | EventType=application | SourceNode=ns=1;s=MotorSource3
[Anomaly Input] [2026-08-16 19:23:52.501 (UTC)] info/application	[Motor] Received distance: 15.3418187677589 cm | Severity=75 | SourceName=Motor2 | EventType=application | SourceNode=ns=1;s=MotorSource2
[Anomaly Input] [2026-08-16 19:23:52.492 (UTC)] warn/application	[Motor] Distance too close (7.90121780075191); rotating motor to 0 degrees | Severity=175 | SourceName=Motor | EventType=application | SourceNode=ns=1;s=MotorSource
[Anomaly Input] [2026-08-16 19:23:52.500 (UTC)] warn/application	[Motor] Distance too close (18.4782193668551); rotating motor to 0 degrees | Severity=175 | SourceName=Motor3 | EventType=application | SourceNode=ns=1;s=MotorSource3
[Anomaly Input] [2026-08-16 19:23:52.501 (UTC)] warn/application	[Motor] Distance too close (15.3418187677589); rotating motor to 0 degrees | Severity=175 | SourceName=Motor2 | EventType=application | SourceNode=ns=1;s=MotorSource2
[Anomaly Input] [2026-08-16 19:23:53.403 (UTC)] info/application	[Sensor] Updated distance: 17.8537966717751 cm | Severity=75 | SourceName=Sensor3 | EventType=application | SourceNode=ns=1;s=SensorSource3
[Anomaly Input] [2026-08-16 19:23:53.404 (UTC)] info/application	[Sensor] Updated distance: 14.6462452496152 cm | Severity=75 | SourceName=Sensor2 | EventType=application | SourceNode=ns=1;s=SensorSource2
[Anomaly Input] [2026-08-16 19:23:53.491 (UTC)] info/application	[Sensor] Updated distance: 8.5882534578388 cm | Severity=75 | SourceName=Sensor | EventType=application | SourceNode=ns=1;s=SensorSource
[Anomaly Input] [2026-08-16 19:23:53.492 (UTC)] info/application	[Motor] Received distance: 8.5882534578388 cm | Severity=75 | SourceName=Motor | EventType=application | SourceNode=ns=1;s=MotorSource
[Anomaly Input] [2026-08-16 19:23:53.495 (UTC)] info/application	[Motor] Received distance: 14.6462452496152 cm | Severity=75 | SourceName=Motor2 | EventType=application | SourceNode=ns=1;s=MotorSource2
[Anomaly Input] [2026-08-16 19:23:53.501 (UTC)] info/application	[Motor] Received distance: 17.8537966717751 cm | Severity=75 | SourceName=Motor3 | EventType=application | SourceNode=ns=1;s=MotorSource3
[Anomaly Input] [2026-08-16 19:23:53.492 (UTC)] warn/application	[Motor] Distance too close (8.5882534578388); rotating motor to 0 degrees | Severity=175 | SourceName=Motor | EventType=application | SourceNode=ns=1;s=MotorSource
[Anomaly Input] [2026-08-16 19:23:53.495 (UTC)] warn/application	[Motor] Distance too close (14.6462452496152); rotating motor to 0 degrees | Severity=175 | SourceName=Motor2 | EventType=application | SourceNode=ns=1;s=MotorSource2
[Anomaly Input] [2026-08-16 19:23:53.501 (UTC)] warn/application	[Motor] Distance too close (17.8537966717751); rotating motor to 0 degrees | Severity=175 | SourceName=Motor3 | EventType=application | SourceNode=ns=1;s=MotorSource3
[Anomaly Input] [2026-08-16 19:23:54.403 (UTC)] info/application	[Sensor] Updated distance: 17.8655515792154 cm | Severity=75 | SourceName=Sensor3 | EventType=application | SourceNode=ns=1;s=SensorSource3
[Anomaly Input] [2026-08-16 19:23:54.404 (UTC)] info/application	[Sensor] Updated distance: 15.9528194255907 cm | Severity=75 | SourceName=Sensor2 | EventType=application | SourceNode=ns=1;s=SensorSource2
[Anomaly Input] [2026-08-16 19:23:54.490 (UTC)] info/application	[Sensor] Updated distance: 10.0638255004603 cm | Severity=75 | SourceName=Sensor | EventType=application | SourceNode=ns=1;s=SensorSource
[Anomaly Input] [2026-08-16 19:23:54.493 (UTC)] info/application	[Motor] Received distance: 10.0638255004603 cm | Severity=75 | SourceName=Motor | EventType=application | SourceNode=ns=1;s=MotorSource
[Anomaly Input] [2026-08-16 19:23:54.499 (UTC)] info/application	[Motor] Received distance: 15.9528194255907 cm | Severity=75 | SourceName=Motor2 | EventType=application | SourceNode=ns=1;s=MotorSource2
[Anomaly Input] [2026-08-16 19:23:54.501 (UTC)] info/application	[Motor] Received distance: 17.8655515792154 cm | Severity=75 | SourceName=Motor3 | EventType=application | SourceNode=ns=1;s=MotorSource3
[Anomaly Input] [2026-08-16 19:23:54.493 (UTC)] warn/application	[Motor] Distance too close (10.0638255004603); rotating motor to 0 degrees | Severity=175 | SourceName=Motor | EventType=application | SourceNode=ns=1;s=MotorSource
[Anomaly Input] [2026-08-16 19:23:54.499 (UTC)] warn/application	[Motor] Distance too close (15.9528194255907); rotating motor to 0 degrees | Severity=175 | SourceName=Motor2 | EventType=application | SourceNode=ns=1;s=MotorSource2
[Anomaly Input] [2026-08-16 19:23:54.501 (UTC)] warn/application	[Motor] Distance too close (17.8655515792154); rotating motor to 0 degrees | Severity=175 | SourceName=Motor3 | EventType=application | SourceNode=ns=1;s=MotorSource3
[Anomaly Input] [2026-08-16 19:23:55.403 (UTC)] info/application	[Sensor] Updated distance: 19.320513766641 cm | Severity=75 | SourceName=Sensor3 | EventType=application | SourceNode=ns=1;s=SensorSource3
[Anomaly Input] [2026-08-16 19:23:55.404 (UTC)] info/application	[Sensor] Updated distance: 17.1754161993393 cm | Severity=75 | SourceName=Sensor2 | EventType=application | SourceNode=ns=1;s=SensorSource2
[Anomaly Input] [2026-08-16 19:23:55.490 (UTC)] info/application	[Sensor] Updated distance: 11.5431751061898 cm | Severity=75 | SourceName=Sensor | EventType=application | SourceNode=ns=1;s=SensorSource
[Anomaly Input] [2026-08-16 19:23:55.493 (UTC)] info/application	[Motor] Received distance: 11.5431751061898 cm | Severity=75 | SourceName=Motor | EventType=application | SourceNode=ns=1;s=MotorSource
[Anomaly Input] [2026-08-16 19:23:55.495 (UTC)] info/application	[Motor] Received distance: 19.320513766641 cm | Severity=75 | SourceName=Motor3 | EventType=application | SourceNode=ns=1;s=MotorSource3
[Anomaly Input] [2026-08-16 19:23:55.500 (UTC)] info/application	[Motor] Received distance: 17.1754161993393 cm | Severity=75 | SourceName=Motor2 | EventType=application | SourceNode=ns=1;s=MotorSource2
[Anomaly Input] [2026-08-16 19:23:55.493 (UTC)] warn/application	[Motor] Distance too close (11.5431751061898); rotating motor to 0 degrees | Severity=175 | SourceName=Motor | EventType=application | SourceNode=ns=1;s=MotorSource
[Anomaly Input] [2026-08-16 19:23:55.495 (UTC)] warn/application	[Motor] Distance too close (19.320513766641); rotating motor to 0 degrees | Severity=175 | SourceName=Motor3 | EventType=application | SourceNode=ns=1;s=MotorSource3
[Anomaly Input] [2026-08-16 19:23:55.500 (UTC)] warn/application	[Motor] Distance too close (17.1754161993393); rotating motor to 0 degrees | Severity=175 | SourceName=Motor2 | EventType=application | SourceNode=ns=1;s=MotorSource2
[Anomaly Input] [2026-08-16 19:23:56.403 (UTC)] info/application	[Sensor] Updated distance: 20.7503893718824 cm | Severity=75 | SourceName=Sensor3 | EventType=application | SourceNode=ns=1;s=SensorSource3
[Anomaly Input] [2026-08-16 19:23:56.404 (UTC)] info/application	[Sensor] Updated distance: 17.4922305650507 cm | Severity=75 | SourceName=Sensor2 | EventType=application | SourceNode=ns=1;s=SensorSource2
[Anomaly Input] [2026-08-16 19:23:56.490 (UTC)] info/application	[Sensor] Updated distance: 11.8432318597768 cm | Severity=75 | SourceName=Sensor | EventType=application | SourceNode=ns=1;s=SensorSource
[Anomaly Input] [2026-08-16 19:23:56.493 (UTC)] info/application	[Motor] Received distance: 11.8432318597768 cm | Severity=75 | SourceName=Motor | EventType=application | SourceNode=ns=1;s=MotorSource
[Anomaly Input] [2026-08-16 19:23:56.500 (UTC)] info/application	[Motor] Received distance: 20.7503893718824 cm | Severity=75 | SourceName=Motor3 | EventType=application | SourceNode=ns=1;s=MotorSource3
[Anomaly Input] [2026-08-16 19:23:56.500 (UTC)] info/application	[Motor] Received distance: 17.4922305650507 cm | Severity=75 | SourceName=Motor2 | EventType=application | SourceNode=ns=1;s=MotorSource2
[Anomaly Input] [2026-08-16 19:23:56.493 (UTC)] warn/application	[Motor] Distance too close (11.8432318597768); rotating motor to 0 degrees | Severity=175 | SourceName=Motor | EventType=application | SourceNode=ns=1;s=MotorSource
[Anomaly Input] [2026-08-16 19:23:56.500 (UTC)] info/application	[Motor] Distance safe (20.7503893718824); rotating motor to 90 degrees | Severity=75 | SourceName=Motor3 | EventType=application | SourceNode=ns=1;s=MotorSource3
[Anomaly Input] [2026-08-16 19:23:56.500 (UTC)] warn/application	[Motor] Distance too close (17.4922305650507); rotating motor to 0 degrees | Severity=175 | SourceName=Motor2 | EventType=application | SourceNode=ns=1;s=MotorSource2
[Anomaly Input] [2026-08-16 19:23:57.403 (UTC)] info/application	[Sensor] Updated distance: 21.308986876071 cm | Severity=75 | SourceName=Sensor3 | EventType=application | SourceNode=ns=1;s=SensorSource3
[Anomaly Input] [2026-08-16 19:23:57.404 (UTC)] info/application	[Sensor] Updated distance: 17.0188441996085 cm | Severity=75 | SourceName=Sensor2 | EventType=application | SourceNode=ns=1;s=SensorSource2
[Anomaly Input] [2026-08-16 19:23:57.490 (UTC)] info/application	[Sensor] Updated distance: 11.0454726042438 cm | Severity=75 | SourceName=Sensor | EventType=application | SourceNode=ns=1;s=SensorSource
[Anomaly Input] [2026-08-16 19:23:57.493 (UTC)] info/application	[Motor] Received distance: 11.0454726042438 cm | Severity=75 | SourceName=Motor | EventType=application | SourceNode=ns=1;s=MotorSource
[Anomaly Input] [2026-08-16 19:23:57.500 (UTC)] info/application	[Motor] Received distance: 21.308986876071 cm | Severity=75 | SourceName=Motor3 | EventType=application | SourceNode=ns=1;s=MotorSource3
[Anomaly Input] [2026-08-16 19:23:57.500 (UTC)] info/application	[Motor] Received distance: 17.0188441996085 cm | Severity=75 | SourceName=Motor2 | EventType=application | SourceNode=ns=1;s=MotorSource2
[Anomaly Input] [2026-08-16 19:23:57.493 (UTC)] warn/application	[Motor] Distance too close (11.0454726042438); rotating motor to 0 degrees | Severity=175 | SourceName=Motor | EventType=application | SourceNode=ns=1;s=MotorSource
[Anomaly Input] [2026-08-16 19:23:57.500 (UTC)] info/application	[Motor] Distance safe (21.308986876071); rotating motor to 90 degrees | Severity=75 | SourceName=Motor3 | EventType=application | SourceNode=ns=1;s=MotorSource3
[Anomaly Input] [2026-08-16 19:23:57.500 (UTC)] warn/application	[Motor] Distance too close (17.0188441996085); rotating motor to 0 degrees | Severity=175 | SourceName=Motor2 | EventType=application | SourceNode=ns=1;s=MotorSource2
[Anomaly Input] [2026-08-16 19:23:58.403 (UTC)] info/application	[Sensor] Updated distance: 20.5948939661472 cm | Severity=75 | SourceName=Sensor3 | EventType=application | SourceNode=ns=1;s=SensorSource3
[Anomaly Input] [2026-08-16 19:23:58.404 (UTC)] info/application	[Sensor] Updated distance: 18.4430081315539 cm | Severity=75 | SourceName=Sensor2 | EventType=application | SourceNode=ns=1;s=SensorSource2
[Anomaly Input] [2026-08-16 19:23:58.490 (UTC)] info/application	[Sensor] Updated distance: 9.84015321980239 cm | Severity=75 | SourceName=Sensor | EventType=application | SourceNode=ns=1;s=SensorSource
[Anomaly Input] [2026-08-16 19:23:58.493 (UTC)] info/application	[Motor] Received distance: 9.84015321980239 cm | Severity=75 | SourceName=Motor | EventType=application | SourceNode=ns=1;s=MotorSource
[Anomaly Input] [2026-08-16 19:23:58.501 (UTC)] info/application	[Motor] Received distance: 20.5948939661472 cm | Severity=75 | SourceName=Motor3 | EventType=application | SourceNode=ns=1;s=MotorSource3
[Anomaly Input] [2026-08-16 19:23:58.501 (UTC)] info/application	[Motor] Received distance: 18.4430081315539 cm | Severity=75 | SourceName=Motor2 | EventType=application | SourceNode=ns=1;s=MotorSource2
[Anomaly Input] [2026-08-16 19:23:58.493 (UTC)] warn/application	[Motor] Distance too close (9.84015321980239); rotating motor to 0 degrees | Severity=175 | SourceName=Motor | EventType=application | SourceNode=ns=1;s=MotorSource
[Anomaly Input] [2026-08-16 19:23:58.501 (UTC)] info/application	[Motor] Distance safe (20.5948939661472); rotating motor to 90 degrees | Severity=75 | SourceName=Motor3 | EventType=application | SourceNode=ns=1;s=MotorSource3
[Anomaly Input] [2026-08-16 19:23:58.501 (UTC)] warn/application	[Motor] Distance too close (18.4430081315539); rotating motor to 0 degrees | Severity=175 | SourceName=Motor2 | EventType=application | SourceNode=ns=1;s=MotorSource2
[Anomaly Input] [2026-08-16 19:23:59.403 (UTC)] info/application	[Sensor] Updated distance: 21.1573100139654 cm | Severity=75 | SourceName=Sensor3 | EventType=application | SourceNode=ns=1;s=SensorSource3
[Anomaly Input] [2026-08-16 19:23:59.404 (UTC)] info/application	[Sensor] Updated distance: 17.9012201234704 cm | Severity=75 | SourceName=Sensor2 | EventType=application | SourceNode=ns=1;s=SensorSource2
[Anomaly Input] [2026-08-16 19:23:59.490 (UTC)] info/application	[Sensor] Updated distance: 8.49790618219317 cm | Severity=75 | SourceName=Sensor | EventType=application | SourceNode=ns=1;s=SensorSource
[Anomaly Input] [2026-08-16 19:23:59.494 (UTC)] info/application	[Motor] Received distance: 8.49790618219317 cm | Severity=75 | SourceName=Motor | EventType=application | SourceNode=ns=1;s=MotorSource
[Anomaly Input] [2026-08-16 19:23:59.501 (UTC)] info/application	[Motor] Received distance: 17.9012201234704 cm | Severity=75 | SourceName=Motor2 | EventType=application | SourceNode=ns=1;s=MotorSource2
[Anomaly Input] [2026-08-16 19:23:59.501 (UTC)] info/application	[Motor] Received distance: 21.1573100139654 cm | Severity=75 | SourceName=Motor3 | EventType=application | SourceNode=ns=1;s=MotorSource3
[Anomaly Input] [2026-08-16 19:23:59.494 (UTC)] warn/application	[Motor] Distance too close (8.49790618219317); rotating motor to 0 degrees | Severity=175 | SourceName=Motor | EventType=application | SourceNode=ns=1;s=MotorSource
[Anomaly Input] [2026-08-16 19:23:59.501 (UTC)] warn/application	[Motor] Distance too close (17.9012201234704); rotating motor to 0 degrees | Severity=175 | SourceName=Motor2 | EventType=application | SourceNode=ns=1;s=MotorSource2
[Anomaly Input] [2026-08-16 19:23:59.501 (UTC)] info/application	[Motor] Distance safe (21.1573100139654); rotating motor to 90 degrees | Severity=75 | SourceName=Motor3 | EventType=application | SourceNode=ns=1;s=MotorSource3
[Anomaly Input] [2026-08-16 19:24:00.403 (UTC)] info/application	[Sensor] Updated distance: 21.2840109776165 cm | Severity=75 | SourceName=Sensor3 | EventType=application | SourceNode=ns=1;s=SensorSource3
[Anomaly Input] [2026-08-16 19:24:00.404 (UTC)] info/application	[Sensor] Updated distance: 18.6652373348667 cm | Severity=75 | SourceName=Sensor2 | EventType=application | SourceNode=ns=1;s=SensorSource2
[Anomaly Input] [2026-08-16 19:24:00.490 (UTC)] info/application	[Sensor] Updated distance: 8.06383380087272 cm | Severity=75 | SourceName=Sensor | EventType=application | SourceNode=ns=1;s=SensorSource
[Anomaly Input] [2026-08-16 19:24:00.490 (UTC)] info/application	[Motor] Received distance: 8.06383380087272 cm | Severity=75 | SourceName=Motor | EventType=application | SourceNode=ns=1;s=MotorSource
[Anomaly Input] [2026-08-16 19:24:00.494 (UTC)] info/application	[Motor] Received distance: 21.2840109776165 cm | Severity=75 | SourceName=Motor3 | EventType=application | SourceNode=ns=1;s=MotorSource3
[Anomaly Input] [2026-08-16 19:24:00.495 (UTC)] info/application	[Motor] Received distance: 18.6652373348667 cm | Severity=75 | SourceName=Motor2 | EventType=application | SourceNode=ns=1;s=MotorSource2
[Anomaly Input] [2026-08-16 19:24:00.490 (UTC)] warn/application	[Motor] Distance too close (8.06383380087272); rotating motor to 0 degrees | Severity=175 | SourceName=Motor | EventType=application | SourceNode=ns=1;s=MotorSource
[Anomaly Input] [2026-08-16 19:24:00.494 (UTC)] info/application	[Motor] Distance safe (21.2840109776165); rotating motor to 90 degrees | Severity=75 | SourceName=Motor3 | EventType=application | SourceNode=ns=1;s=MotorSource3
[Anomaly Input] [2026-08-16 19:24:00.495 (UTC)] warn/application	[Motor] Distance too close (18.6652373348667); rotating motor to 0 degrees | Severity=175 | SourceName=Motor2 | EventType=application | SourceNode=ns=1;s=MotorSource2
[Anomaly Input] [2026-08-16 19:24:01.403 (UTC)] info/application	[Sensor] Updated distance: 20.1795595892144 cm | Severity=75 | SourceName=Sensor3 | EventType=application | SourceNode=ns=1;s=SensorSource3
[Anomaly Input] [2026-08-16 19:24:01.404 (UTC)] info/application	[Sensor] Updated distance: 20.1604334342575 cm | Severity=75 | SourceName=Sensor2 | EventType=application | SourceNode=ns=1;s=SensorSource2
[Anomaly Input] [2026-08-16 19:24:01.490 (UTC)] info/application	[Sensor] Updated distance: 7.78484532552998 cm | Severity=75 | SourceName=Sensor | EventType=application | SourceNode=ns=1;s=SensorSource
[Anomaly Input] [2026-08-16 19:24:01.492 (UTC)] info/application	[Motor] Received distance: 7.78484532552998 cm | Severity=75 | SourceName=Motor | EventType=application | SourceNode=ns=1;s=MotorSource
[Anomaly Input] [2026-08-16 19:24:01.500 (UTC)] info/application	[Motor] Received distance: 20.1795595892144 cm | Severity=75 | SourceName=Motor3 | EventType=application | SourceNode=ns=1;s=MotorSource3
[Anomaly Input] [2026-08-16 19:24:01.500 (UTC)] info/application	[Motor] Received distance: 20.1604334342575 cm | Severity=75 | SourceName=Motor2 | EventType=application | SourceNode=ns=1;s=MotorSource2
[Anomaly Input] [2026-08-16 19:24:01.492 (UTC)] warn/application	[Motor] Distance too close (7.78484532552998); rotating motor to 0 degrees | Severity=175 | SourceName=Motor | EventType=application | SourceNode=ns=1;s=MotorSource
[Anomaly Input] [2026-08-16 19:24:01.500 (UTC)] info/application	[Motor] Distance safe (20.1795595892144); rotating motor to 90 degrees | Severity=75 | SourceName=Motor3 | EventType=application | SourceNode=ns=1;s=MotorSource3
[Anomaly Input] [2026-08-16 19:24:01.500 (UTC)] info/application	[Motor] Distance safe (20.1604334342575); rotating motor to 90 degrees | Severity=75 | SourceName=Motor2 | EventType=application | SourceNode=ns=1;s=MotorSource2
[Anomaly Input] [2026-08-16 19:24:02.403 (UTC)] info/application	[Sensor] Updated distance: 21.542967006817 cm | Severity=75 | SourceName=Sensor3 | EventType=application | SourceNode=ns=1;s=SensorSource3
[Anomaly Input] [2026-08-16 19:24:02.403 (UTC)] info/application	[Sensor] Updated distance: 20.8039509052429 cm | Severity=75 | SourceName=Sensor2 | EventType=application | SourceNode=ns=1;s=SensorSource2
[Anomaly Input] [2026-08-16 19:24:02.490 (UTC)] info/application	[Sensor] Updated distance: 7.19087691776962 cm | Severity=75 | SourceName=Sensor | EventType=application | SourceNode=ns=1;s=SensorSource
[Anomaly Input] [2026-08-16 19:24:02.492 (UTC)] info/application	[Motor] Received distance: 7.19087691776962 cm | Severity=75 | SourceName=Motor | EventType=application | SourceNode=ns=1;s=MotorSource
[Anomaly Input] [2026-08-16 19:24:02.500 (UTC)] info/application	[Motor] Received distance: 21.542967006817 cm | Severity=75 | SourceName=Motor3 | EventType=application | SourceNode=ns=1;s=MotorSource3
[Anomaly Input] [2026-08-16 19:24:02.500 (UTC)] info/application	[Motor] Received distance: 20.8039509052429 cm | Severity=75 | SourceName=Motor2 | EventType=application | SourceNode=ns=1;s=MotorSource2
[Anomaly Input] [2026-08-16 19:24:02.492 (UTC)] warn/application	[Motor] Distance too close (7.19087691776962); rotating motor to 0 degrees | Severity=175 | SourceName=Motor | EventType=application | SourceNode=ns=1;s=MotorSource
[Anomaly Input] [2026-08-16 19:24:02.500 (UTC)] info/application	[Motor] Distance safe (21.542967006817); rotating motor to 90 degrees | Severity=75 | SourceName=Motor3 | EventType=application | SourceNode=ns=1;s=MotorSource3
[Anomaly Input] [2026-08-16 19:24:02.500 (UTC)] info/application	[Motor] Distance safe (20.8039509052429); rotating motor to 90 degrees | Severity=75 | SourceName=Motor2 | EventType=application | SourceNode=ns=1;s=MotorSource2
[Anomaly Input] [2026-08-16 19:24:03.402 (UTC)] info/application	[Sensor] Updated distance: 21.7606256414487 cm | Severity=75 | SourceName=Sensor3 | EventType=application | SourceNode=ns=1;s=SensorSource3
[Anomaly Input] [2026-08-16 19:24:03.403 (UTC)] info/application	[Sensor] Updated distance: 22.2602091975325 cm | Severity=75 | SourceName=Sensor2 | EventType=application | SourceNode=ns=1;s=SensorSource2
[Anomaly Input] [2026-08-16 19:24:03.500 (UTC)] info/application	[Sensor] Updated distance: 5.89747227351065 cm | Severity=75 | SourceName=Sensor | EventType=application | SourceNode=ns=1;s=SensorSource
[Anomaly Input] [2026-08-16 19:24:03.500 (UTC)] info/application	[Motor] Received distance: 5.89747227351065 cm | Severity=75 | SourceName=Motor | EventType=application | SourceNode=ns=1;s=MotorSource
[Anomaly Input] [2026-08-16 19:24:03.501 (UTC)] info/application	[Motor] Received distance: 22.2602091975325 cm | Severity=75 | SourceName=Motor2 | EventType=application | SourceNode=ns=1;s=MotorSource2
[Anomaly Input] [2026-08-16 19:24:03.501 (UTC)] info/application	[Motor] Received distance: 21.7606256414487 cm | Severity=75 | SourceName=Motor3 | EventType=application | SourceNode=ns=1;s=MotorSource3
[Anomaly Input] [2026-08-16 19:24:03.500 (UTC)] warn/application	[Motor] Distance too close (5.89747227351065); rotating motor to 0 degrees | Severity=175 | SourceName=Motor | EventType=application | SourceNode=ns=1;s=MotorSource
[Anomaly Input] [2026-08-16 19:24:03.501 (UTC)] info/application	[Motor] Distance safe (22.2602091975325); rotating motor to 90 degrees | Severity=75 | SourceName=Motor2 | EventType=application | SourceNode=ns=1;s=MotorSource2
[Anomaly Input] [2026-08-16 19:24:03.501 (UTC)] info/application	[Motor] Distance safe (21.7606256414487); rotating motor to 90 degrees | Severity=75 | SourceName=Motor3 | EventType=application | SourceNode=ns=1;s=MotorSource3
[Anomaly Input] [2026-08-16 19:24:04.402 (UTC)] info/application	[Sensor] Updated distance: 21.824624825653 cm | Severity=75 | SourceName=Sensor3 | EventType=application | SourceNode=ns=1;s=SensorSource3
[Anomaly Input] [2026-08-16 19:24:04.402 (UTC)] info/application	[Sensor] Updated distance: 22.5654045271526 cm | Severity=75 | SourceName=Sensor2 | EventType=application | SourceNode=ns=1;s=SensorSource2
[Anomaly Input] [2026-08-16 19:24:04.500 (UTC)] info/application	[Sensor] Updated distance: 6.40627823160324 cm | Severity=75 | SourceName=Sensor | EventType=application | SourceNode=ns=1;s=SensorSource
[Anomaly Input] [2026-08-16 19:24:04.501 (UTC)] info/application	[Motor] Received distance: 21.824624825653 cm | Severity=75 | SourceName=Motor3 | EventType=application | SourceNode=ns=1;s=MotorSource3
[Anomaly Input] [2026-08-16 19:24:04.501 (UTC)] info/application	[Motor] Received distance: 22.5654045271526 cm | Severity=75 | SourceName=Motor2 | EventType=application | SourceNode=ns=1;s=MotorSource2
[Anomaly Input] [2026-08-16 19:24:04.508 (UTC)] info/application	[Motor] Received distance: 6.40627823160324 cm | Severity=75 | SourceName=Motor | EventType=application | SourceNode=ns=1;s=MotorSource
[Anomaly Input] [2026-08-16 19:24:04.501 (UTC)] info/application	[Motor] Distance safe (22.5654045271526); rotating motor to 90 degrees | Severity=75 | SourceName=Motor2 | EventType=application | SourceNode=ns=1;s=MotorSource2
[Anomaly Input] [2026-08-16 19:24:04.501 (UTC)] info/application	[Motor] Distance safe (21.824624825653); rotating motor to 90 degrees | Severity=75 | SourceName=Motor3 | EventType=application | SourceNode=ns=1;s=MotorSource3
[Anomaly Input] [2026-08-16 19:24:04.508 (UTC)] warn/application	[Motor] Distance too close (6.40627823160324); rotating motor to 0 degrees | Severity=175 | SourceName=Motor | EventType=application | SourceNode=ns=1;s=MotorSource
[Anomaly Input] [2026-08-16 19:24:05.402 (UTC)] info/application	[Sensor] Updated distance: 22.9546127535657 cm | Severity=75 | SourceName=Sensor3 | EventType=application | SourceNode=ns=1;s=SensorSource3
[Anomaly Input] [2026-08-16 19:24:05.402 (UTC)] info/application	[Sensor] Updated distance: 21.6635681396181 cm | Severity=75 | SourceName=Sensor2 | EventType=application | SourceNode=ns=1;s=SensorSource2
[Anomaly Input] [2026-08-16 19:24:05.493 (UTC)] info/application	[Motor] Received distance: 22.9546127535657 cm | Severity=75 | SourceName=Motor3 | EventType=application | SourceNode=ns=1;s=MotorSource3
[Anomaly Input] [2026-08-16 19:24:05.500 (UTC)] info/application	[Sensor] Updated distance: 6.4827328037856 cm | Severity=75 | SourceName=Sensor | EventType=application | SourceNode=ns=1;s=SensorSource
[Anomaly Input] [2026-08-16 19:24:05.500 (UTC)] info/application	[Motor] Received distance: 6.4827328037856 cm | Severity=75 | SourceName=Motor | EventType=application | SourceNode=ns=1;s=MotorSource
[Anomaly Input] [2026-08-16 19:24:05.501 (UTC)] info/application	[Motor] Received distance: 21.6635681396181 cm | Severity=75 | SourceName=Motor2 | EventType=application | SourceNode=ns=1;s=MotorSource2
[Anomaly Input] [2026-08-16 19:24:05.493 (UTC)] info/application	[Motor] Distance safe (22.9546127535657); rotating motor to 90 degrees | Severity=75 | SourceName=Motor3 | EventType=application | SourceNode=ns=1;s=MotorSource3
[Anomaly Input] [2026-08-16 19:24:05.500 (UTC)] warn/application	[Motor] Distance too close (6.4827328037856); rotating motor to 0 degrees | Severity=175 | SourceName=Motor | EventType=application | SourceNode=ns=1;s=MotorSource
[Anomaly Input] [2026-08-16 19:24:05.501 (UTC)] info/application	[Motor] Distance safe (21.6635681396181); rotating motor to 90 degrees | Severity=75 | SourceName=Motor2 | EventType=application | SourceNode=ns=1;s=MotorSource2
[Anomaly Input] [2026-08-16 19:24:06.402 (UTC)] info/application	[Sensor] Updated distance: 22.7367372693199 cm | Severity=75 | SourceName=Sensor2 | EventType=application | SourceNode=ns=1;s=SensorSource2
[Anomaly Input] [2026-08-16 19:24:06.402 (UTC)] info/application	[Sensor] Updated distance: 23.2283480834348 cm | Severity=75 | SourceName=Sensor3 | EventType=application | SourceNode=ns=1;s=SensorSource3
[Anomaly Input] [2026-08-16 19:24:06.500 (UTC)] info/application	[Sensor] Updated distance: 5.4507157061951 cm | Severity=75 | SourceName=Sensor | EventType=application | SourceNode=ns=1;s=SensorSource
[Anomaly Input] [2026-08-16 19:24:06.500 (UTC)] info/application	[Motor] Received distance: 23.2283480834348 cm | Severity=75 | SourceName=Motor3 | EventType=application | SourceNode=ns=1;s=MotorSource3
[Anomaly Input] [2026-08-16 19:24:06.500 (UTC)] info/application	[Motor] Received distance: 22.7367372693199 cm | Severity=75 | SourceName=Motor2 | EventType=application | SourceNode=ns=1;s=MotorSource2
[Anomaly Input] [2026-08-16 19:24:06.508 (UTC)] info/application	[Motor] Received distance: 5.4507157061951 cm | Severity=75 | SourceName=Motor | EventType=application | SourceNode=ns=1;s=MotorSource
[Anomaly Input] [2026-08-16 19:24:06.500 (UTC)] info/application	[Motor] Distance safe (23.2283480834348); rotating motor to 90 degrees | Severity=75 | SourceName=Motor3 | EventType=application | SourceNode=ns=1;s=MotorSource3
[Anomaly Input] [2026-08-16 19:24:06.500 (UTC)] info/application	[Motor] Distance safe (22.7367372693199); rotating motor to 90 degrees | Severity=75 | SourceName=Motor2 | EventType=application | SourceNode=ns=1;s=MotorSource2
[Anomaly Input] [2026-08-16 19:24:06.508 (UTC)] warn/application	[Motor] Distance too close (5.4507157061951); rotating motor to 0 degrees | Severity=175 | SourceName=Motor | EventType=application | SourceNode=ns=1;s=MotorSource
[Anomaly Input] [2026-08-16 19:24:07.401 (UTC)] info/application	[Sensor] Updated distance: 22.1886846729036 cm | Severity=75 | SourceName=Sensor3 | EventType=application | SourceNode=ns=1;s=SensorSource3
[Anomaly Input] [2026-08-16 19:24:07.401 (UTC)] info/application	[Sensor] Updated distance: 23.5416156258628 cm | Severity=75 | SourceName=Sensor2 | EventType=application | SourceNode=ns=1;s=SensorSource2
[Anomaly Input] [2026-08-16 19:24:07.500 (UTC)] info/application	[Sensor] Updated distance: 6.14997351083439 cm | Severity=75 | SourceName=Sensor | EventType=application | SourceNode=ns=1;s=SensorSource
[Anomaly Input] [2026-08-16 19:24:07.500 (UTC)] info/application	[Motor] Received distance: 6.14997351083439 cm | Severity=75 | SourceName=Motor | EventType=application | SourceNode=ns=1;s=MotorSource
[Anomaly Input] [2026-08-16 19:24:07.500 (UTC)] info/application	[Motor] Received distance: 23.5416156258628 cm | Severity=75 | SourceName=Motor2 | EventType=application | SourceNode=ns=1;s=MotorSource2
[Anomaly Input] [2026-08-16 19:24:07.500 (UTC)] info/application	[Motor] Received distance: 22.1886846729036 cm | Severity=75 | SourceName=Motor3 | EventType=application | SourceNode=ns=1;s=MotorSource3
[Anomaly Input] [2026-08-16 19:24:07.500 (UTC)] warn/application	[Motor] Distance too close (6.14997351083439); rotating motor to 0 degrees | Severity=175 | SourceName=Motor | EventType=application | SourceNode=ns=1;s=MotorSource
[Anomaly Input] [2026-08-16 19:24:07.500 (UTC)] info/application	[Motor] Distance safe (23.5416156258628); rotating motor to 90 degrees | Severity=75 | SourceName=Motor2 | EventType=application | SourceNode=ns=1;s=MotorSource2
[Anomaly Input] [2026-08-16 19:24:07.500 (UTC)] info/application	[Motor] Distance safe (22.1886846729036); rotating motor to 90 degrees | Severity=75 | SourceName=Motor3 | EventType=application | SourceNode=ns=1;s=MotorSource3
[Anomaly Input] [2026-08-16 19:24:08.401 (UTC)] info/application	[Sensor] Updated distance: 21.1263740975998 cm | Severity=75 | SourceName=Sensor3 | EventType=application | SourceNode=ns=1;s=SensorSource3
[Anomaly Input] [2026-08-16 19:24:08.401 (UTC)] info/application	[Sensor] Updated distance: 22.1443942529822 cm | Severity=75 | SourceName=Sensor2 | EventType=application | SourceNode=ns=1;s=SensorSource2
[Anomaly Input] [2026-08-16 19:24:08.499 (UTC)] info/application	[Sensor] Updated distance: 6.75798312074412 cm | Severity=75 | SourceName=Sensor | EventType=application | SourceNode=ns=1;s=SensorSource
[Anomaly Input] [2026-08-16 19:24:08.500 (UTC)] info/application	[Motor] Received distance: 22.1443942529822 cm | Severity=75 | SourceName=Motor2 | EventType=application | SourceNode=ns=1;s=MotorSource2
[Anomaly Input] [2026-08-16 19:24:08.501 (UTC)] info/application	[Motor] Received distance: 21.1263740975998 cm | Severity=75 | SourceName=Motor3 | EventType=application | SourceNode=ns=1;s=MotorSource3
[Anomaly Input] [2026-08-16 19:24:08.508 (UTC)] info/application	[Motor] Received distance: 6.75798312074412 cm | Severity=75 | SourceName=Motor | EventType=application | SourceNode=ns=1;s=MotorSource
[Anomaly Input] [2026-08-16 19:24:08.500 (UTC)] info/application	[Motor] Distance safe (22.1443942529822); rotating motor to 90 degrees | Severity=75 | SourceName=Motor2 | EventType=application | SourceNode=ns=1;s=MotorSource2
[Anomaly Input] [2026-08-16 19:24:08.501 (UTC)] info/application	[Motor] Distance safe (21.1263740975998); rotating motor to 90 degrees | Severity=75 | SourceName=Motor3 | EventType=application | SourceNode=ns=1;s=MotorSource3
[Anomaly Input] [2026-08-16 19:24:08.508 (UTC)] warn/application	[Motor] Distance too close (6.75798312074412); rotating motor to 0 degrees | Severity=175 | SourceName=Motor | EventType=application | SourceNode=ns=1;s=MotorSource
[Anomaly Input] [2026-08-16 19:24:09.401 (UTC)] info/application	[Sensor] Updated distance: 22.7794386005399 cm | Severity=75 | SourceName=Sensor2 | EventType=application | SourceNode=ns=1;s=SensorSource2
[Anomaly Input] [2026-08-16 19:24:09.401 (UTC)] info/application	[Sensor] Updated distance: 21.8529404403423 cm | Severity=75 | SourceName=Sensor3 | EventType=application | SourceNode=ns=1;s=SensorSource3
[Anomaly Input] [2026-08-16 19:24:09.499 (UTC)] info/application	[Sensor] Updated distance: 6.41338811740904 cm | Severity=75 | SourceName=Sensor | EventType=application | SourceNode=ns=1;s=SensorSource
[Anomaly Input] [2026-08-16 19:24:09.499 (UTC)] info/application	[Motor] Received distance: 6.41338811740904 cm | Severity=75 | SourceName=Motor | EventType=application | SourceNode=ns=1;s=MotorSource
[Anomaly Input] [2026-08-16 19:24:09.501 (UTC)] info/application	[Motor] Received distance: 22.7794386005399 cm | Severity=75 | SourceName=Motor2 | EventType=application | SourceNode=ns=1;s=MotorSource2
[Anomaly Input] [2026-08-16 19:24:09.501 (UTC)] info/application	[Motor] Received distance: 21.8529404403423 cm | Severity=75 | SourceName=Motor3 | EventType=application | SourceNode=ns=1;s=MotorSource3
[Anomaly Input] [2026-08-16 19:24:09.499 (UTC)] warn/application	[Motor] Distance too close (6.41338811740904); rotating motor to 0 degrees | Severity=175 | SourceName=Motor | EventType=application | SourceNode=ns=1;s=MotorSource
[Anomaly Input] [2026-08-16 19:24:09.501 (UTC)] info/application	[Motor] Distance safe (22.7794386005399); rotating motor to 90 degrees | Severity=75 | SourceName=Motor2 | EventType=application | SourceNode=ns=1;s=MotorSource2
[Anomaly Input] [2026-08-16 19:24:09.501 (UTC)] info/application	[Motor] Distance safe (21.8529404403423); rotating motor to 90 degrees | Severity=75 | SourceName=Motor3 | EventType=application | SourceNode=ns=1;s=MotorSource3
[Anomaly Input] [2026-08-16 19:24:10.402 (UTC)] info/application	[Sensor] Updated distance: 23.5069305778048 cm | Severity=75 | SourceName=Sensor2 | EventType=application | SourceNode=ns=1;s=SensorSource2
[Anomaly Input] [2026-08-16 19:24:10.402 (UTC)] info/application	[Sensor] Updated distance: 21.825747007423 cm | Severity=75 | SourceName=Sensor3 | EventType=application | SourceNode=ns=1;s=SensorSource3
[Anomaly Input] [2026-08-16 19:24:10.493 (UTC)] info/application	[Motor] Received distance: 21.825747007423 cm | Severity=75 | SourceName=Motor3 | EventType=application | SourceNode=ns=1;s=MotorSource3
[Anomaly Input] [2026-08-16 19:24:10.499 (UTC)] info/application	[Sensor] Updated distance: 7.32582325107691 cm | Severity=75 | SourceName=Sensor | EventType=application | SourceNode=ns=1;s=SensorSource
[Anomaly Input] [2026-08-16 19:24:10.500 (UTC)] info/application	[Motor] Received distance: 23.5069305778048 cm | Severity=75 | SourceName=Motor2 | EventType=application | SourceNode=ns=1;s=MotorSource2
[Anomaly Input] [2026-08-16 19:24:10.508 (UTC)] info/application	[Motor] Received distance: 7.32582325107691 cm | Severity=75 | SourceName=Motor | EventType=application | SourceNode=ns=1;s=MotorSource
[Anomaly Input] [2026-08-16 19:24:10.493 (UTC)] info/application	[Motor] Distance safe (21.825747007423); rotating motor to 90 degrees | Severity=75 | SourceName=Motor3 | EventType=application | SourceNode=ns=1;s=MotorSource3
[Anomaly Input] [2026-08-16 19:24:10.500 (UTC)] info/application	[Motor] Distance safe (23.5069305778048); rotating motor to 90 degrees | Severity=75 | SourceName=Motor2 | EventType=application | SourceNode=ns=1;s=MotorSource2
[Anomaly Input] [2026-08-16 19:24:10.508 (UTC)] warn/application	[Motor] Distance too close (7.32582325107691); rotating motor to 0 degrees | Severity=175 | SourceName=Motor | EventType=application | SourceNode=ns=1;s=MotorSource
[Anomaly Input] [2026-08-16 19:24:11.402 (UTC)] info/application	[Sensor] Updated distance: 22.7976648897387 cm | Severity=75 | SourceName=Sensor3 | EventType=application | SourceNode=ns=1;s=SensorSource3
[Anomaly Input] [2026-08-16 19:24:11.402 (UTC)] info/application	[Sensor] Updated distance: 24.0320274911504 cm | Severity=75 | SourceName=Sensor2 | EventType=application | SourceNode=ns=1;s=SensorSource2
[Anomaly Input] [2026-08-16 19:24:11.499 (UTC)] info/application	[Sensor] Updated distance: 7.10849212813588 cm | Severity=75 | SourceName=Sensor | EventType=application | SourceNode=ns=1;s=SensorSource
[Anomaly Input] [2026-08-16 19:24:11.499 (UTC)] info/application	[Motor] Received distance: 7.10849212813588 cm | Severity=75 | SourceName=Motor | EventType=application | SourceNode=ns=1;s=MotorSource
[Anomaly Input] [2026-08-16 19:24:11.499 (UTC)] info/application	[Motor] Received distance: 22.7976648897387 cm | Severity=75 | SourceName=Motor3 | EventType=application | SourceNode=ns=1;s=MotorSource3
[Anomaly Input] [2026-08-16 19:24:11.500 (UTC)] info/application	[Motor] Received distance: 24.0320274911504 cm | Severity=75 | SourceName=Motor2 | EventType=application | SourceNode=ns=1;s=MotorSource2
[Anomaly Input] [2026-08-16 19:24:11.499 (UTC)] warn/application	[Motor] Distance too close (7.10849212813588); rotating motor to 0 degrees | Severity=175 | SourceName=Motor | EventType=application | SourceNode=ns=1;s=MotorSource
[Anomaly Input] [2026-08-16 19:24:11.499 (UTC)] info/application	[Motor] Distance safe (22.7976648897387); rotating motor to 90 degrees | Severity=75 | SourceName=Motor3 | EventType=application | SourceNode=ns=1;s=MotorSource3
[Anomaly Input] [2026-08-16 19:24:11.500 (UTC)] info/application	[Motor] Distance safe (24.0320274911504); rotating motor to 90 degrees | Severity=75 | SourceName=Motor2 | EventType=application | SourceNode=ns=1;s=MotorSource2
[Anomaly Input] [2026-08-16 19:24:12.402 (UTC)] info/application	[Sensor] Updated distance: 24.2013918111107 cm | Severity=75 | SourceName=Sensor3 | EventType=application | SourceNode=ns=1;s=SensorSource3
[Anomaly Input] [2026-08-16 19:24:12.402 (UTC)] info/application	[Sensor] Updated distance: 24.8922097915282 cm | Severity=75 | SourceName=Sensor2 | EventType=application | SourceNode=ns=1;s=SensorSource2
[Anomaly Input] [2026-08-16 19:24:12.499 (UTC)] info/application	[Sensor] Updated distance: 7.29002958246975 cm | Severity=75 | SourceName=Sensor | EventType=application | SourceNode=ns=1;s=SensorSource
[Anomaly Input] [2026-08-16 19:24:12.500 (UTC)] info/application	[Motor] Received distance: 24.8922097915282 cm | Severity=75 | SourceName=Motor2 | EventType=application | SourceNode=ns=1;s=MotorSource2
[Anomaly Input] [2026-08-16 19:24:12.500 (UTC)] info/application	[Motor] Received distance: 24.2013918111107 cm | Severity=75 | SourceName=Motor3 | EventType=application | SourceNode=ns=1;s=MotorSource3
[Anomaly Input] [2026-08-16 19:24:12.508 (UTC)] info/application	[Motor] Received distance: 7.29002958246975 cm | Severity=75 | SourceName=Motor | EventType=application | SourceNode=ns=1;s=MotorSource
[Anomaly Input] [2026-08-16 19:24:12.500 (UTC)] info/application	[Motor] Distance safe (24.8922097915282); rotating motor to 90 degrees | Severity=75 | SourceName=Motor2 | EventType=application | SourceNode=ns=1;s=MotorSource2
[Anomaly Input] [2026-08-16 19:24:12.500 (UTC)] info/application	[Motor] Distance safe (24.2013918111107); rotating motor to 90 degrees | Severity=75 | SourceName=Motor3 | EventType=application | SourceNode=ns=1;s=MotorSource3
[Anomaly Input] [2026-08-16 19:24:12.508 (UTC)] warn/application	[Motor] Distance too close (7.29002958246975); rotating motor to 0 degrees | Severity=175 | SourceName=Motor | EventType=application | SourceNode=ns=1;s=MotorSource
[Anomaly Input] [2026-08-16 19:24:13.402 (UTC)] info/application	[Sensor] Updated distance: 25.1489131053206 cm | Severity=75 | SourceName=Sensor3 | EventType=application | SourceNode=ns=1;s=SensorSource3
[Anomaly Input] [2026-08-16 19:24:13.402 (UTC)] info/application	[Sensor] Updated distance: 24.8783650576968 cm | Severity=75 | SourceName=Sensor2 | EventType=application | SourceNode=ns=1;s=SensorSource2
[Anomaly Input] [2026-08-16 19:24:13.499 (UTC)] info/application	[Sensor] Updated distance: 6.67423564040766 cm | Severity=75 | SourceName=Sensor | EventType=application | SourceNode=ns=1;s=SensorSource
[Anomaly Input] [2026-08-16 19:24:13.499 (UTC)] info/application	[Motor] Received distance: 6.67423564040766 cm | Severity=75 | SourceName=Motor | EventType=application | SourceNode=ns=1;s=MotorSource
[Anomaly Input] [2026-08-16 19:24:13.500 (UTC)] info/application	[Motor] Received distance: 24.8783650576968 cm | Severity=75 | SourceName=Motor2 | EventType=application | SourceNode=ns=1;s=MotorSource2
[Anomaly Input] [2026-08-16 19:24:13.501 (UTC)] info/application	[Motor] Received distance: 25.1489131053206 cm | Severity=75 | SourceName=Motor3 | EventType=application | SourceNode=ns=1;s=MotorSource3
[Anomaly Input] [2026-08-16 19:24:13.499 (UTC)] warn/application	[Motor] Distance too close (6.67423564040766); rotating motor to 0 degrees | Severity=175 | SourceName=Motor | EventType=application | SourceNode=ns=1;s=MotorSource
[Anomaly Input] [2026-08-16 19:24:13.500 (UTC)] info/application	[Motor] Distance safe (24.8783650576968); rotating motor to 90 degrees | Severity=75 | SourceName=Motor2 | EventType=application | SourceNode=ns=1;s=MotorSource2
[Anomaly Input] [2026-08-16 19:24:13.501 (UTC)] info/application	[Motor] Distance safe (25.1489131053206); rotating motor to 90 degrees | Severity=75 | SourceName=Motor3 | EventType=application | SourceNode=ns=1;s=MotorSource3
[Anomaly Input] [2026-08-16 19:24:14.402 (UTC)] info/application	[Sensor] Updated distance: 25.8215609951045 cm | Severity=75 | SourceName=Sensor3 | EventType=application | SourceNode=ns=1;s=SensorSource3
[Anomaly Input] [2026-08-16 19:24:14.402 (UTC)] info/application	[Sensor] Updated distance: 25.6627362261818 cm | Severity=75 | SourceName=Sensor2 | EventType=application | SourceNode=ns=1;s=SensorSource2
[Anomaly Input] [2026-08-16 19:24:14.493 (UTC)] info/application	[Motor] Received distance: 25.8215609951045 cm | Severity=75 | SourceName=Motor3 | EventType=application | SourceNode=ns=1;s=MotorSource3
[Anomaly Input] [2026-08-16 19:24:14.499 (UTC)] info/application	[Sensor] Updated distance: 5.46349528523326 cm | Severity=75 | SourceName=Sensor | EventType=application | SourceNode=ns=1;s=SensorSource
[Anomaly Input] [2026-08-16 19:24:14.501 (UTC)] info/application	[Motor] Received distance: 25.6627362261818 cm | Severity=75 | SourceName=Motor2 | EventType=application | SourceNode=ns=1;s=MotorSource2
[Anomaly Input] [2026-08-16 19:24:14.508 (UTC)] info/application	[Motor] Received distance: 5.46349528523326 cm | Severity=75 | SourceName=Motor | EventType=application | SourceNode=ns=1;s=MotorSource
[Anomaly Input] [2026-08-16 19:24:14.493 (UTC)] info/application	[Motor] Distance safe (25.8215609951045); rotating motor to 90 degrees | Severity=75 | SourceName=Motor3 | EventType=application | SourceNode=ns=1;s=MotorSource3
[Anomaly Input] [2026-08-16 19:24:14.501 (UTC)] info/application	[Motor] Distance safe (25.6627362261818); rotating motor to 90 degrees | Severity=75 | SourceName=Motor2 | EventType=application | SourceNode=ns=1;s=MotorSource2
[Anomaly Input] [2026-08-16 19:24:14.508 (UTC)] warn/application	[Motor] Distance too close (5.46349528523326); rotating motor to 0 degrees | Severity=175 | SourceName=Motor | EventType=application | SourceNode=ns=1;s=MotorSource
[Anomaly Input] [2026-08-16 19:24:15.402 (UTC)] info/application	[Sensor] Updated distance: 26.4093541418711 cm | Severity=75 | SourceName=Sensor3 | EventType=application | SourceNode=ns=1;s=SensorSource3
[Anomaly Input] [2026-08-16 19:24:15.402 (UTC)] info/application	[Sensor] Updated distance: 26.9576108830318 cm | Severity=75 | SourceName=Sensor2 | EventType=application | SourceNode=ns=1;s=SensorSource2
[Anomaly Input] [2026-08-16 19:24:15.500 (UTC)] info/application	[Motor] Received distance: 26.4093541418711 cm | Severity=75 | SourceName=Motor3 | EventType=application | SourceNode=ns=1;s=MotorSource3
[Anomaly Input] [2026-08-16 19:24:15.500 (UTC)] info/application	[Sensor] Updated distance: 6.5537354180374 cm | Severity=75 | SourceName=Sensor | EventType=application | SourceNode=ns=1;s=SensorSource
[Anomaly Input] [2026-08-16 19:24:15.500 (UTC)] info/application	[Motor] Received distance: 6.5537354180374 cm | Severity=75 | SourceName=Motor | EventType=application | SourceNode=ns=1;s=MotorSource
[Anomaly Input] [2026-08-16 19:24:15.501 (UTC)] info/application	[Motor] Received distance: 26.9576108830318 cm | Severity=75 | SourceName=Motor2 | EventType=application | SourceNode=ns=1;s=MotorSource2
[Anomaly Input] [2026-08-16 19:24:15.500 (UTC)] info/application	[Motor] Distance safe (26.4093541418711); rotating motor to 90 degrees | Severity=75 | SourceName=Motor3 | EventType=application | SourceNode=ns=1;s=MotorSource3
[Anomaly Input] [2026-08-16 19:24:15.500 (UTC)] warn/application	[Motor] Distance too close (6.5537354180374); rotating motor to 0 degrees | Severity=175 | SourceName=Motor | EventType=application | SourceNode=ns=1;s=MotorSource
[Anomaly Input] [2026-08-16 19:24:15.501 (UTC)] info/application	[Motor] Distance safe (26.9576108830318); rotating motor to 90 degrees | Severity=75 | SourceName=Motor2 | EventType=application | SourceNode=ns=1;s=MotorSource2
[Anomaly Input] [2026-08-16 19:24:16.402 (UTC)] info/application	[Sensor] Updated distance: 25.9071880997658 cm | Severity=75 | SourceName=Sensor3 | EventType=application | SourceNode=ns=1;s=SensorSource3
[Anomaly Input] [2026-08-16 19:24:16.402 (UTC)] info/application	[Sensor] Updated distance: 27.0150202666479 cm | Severity=75 | SourceName=Sensor2 | EventType=application | SourceNode=ns=1;s=SensorSource2
[Anomaly Input] [2026-08-16 19:24:16.490 (UTC)] info/application	[Sensor] Updated distance: 7.40231075505835 cm | Severity=75 | SourceName=Sensor | EventType=application | SourceNode=ns=1;s=SensorSource
[Anomaly Input] [2026-08-16 19:24:16.490 (UTC)] info/application	[Motor] Received distance: 7.40231075505835 cm | Severity=75 | SourceName=Motor | EventType=application | SourceNode=ns=1;s=MotorSource
[Anomaly Input] [2026-08-16 19:24:16.501 (UTC)] info/application	[Motor] Received distance: 25.9071880997658 cm | Severity=75 | SourceName=Motor3 | EventType=application | SourceNode=ns=1;s=MotorSource3
[Anomaly Input] [2026-08-16 19:24:16.501 (UTC)] info/application	[Motor] Received distance: 27.0150202666479 cm | Severity=75 | SourceName=Motor2 | EventType=application | SourceNode=ns=1;s=MotorSource2
[Anomaly Input] [2026-08-16 19:24:16.490 (UTC)] warn/application	[Motor] Distance too close (7.40231075505835); rotating motor to 0 degrees | Severity=175 | SourceName=Motor | EventType=application | SourceNode=ns=1;s=MotorSource
[Anomaly Input] [2026-08-16 19:24:16.501 (UTC)] info/application	[Motor] Distance safe (25.9071880997658); rotating motor to 90 degrees | Severity=75 | SourceName=Motor3 | EventType=application | SourceNode=ns=1;s=MotorSource3
[Anomaly Input] [2026-08-16 19:24:16.501 (UTC)] info/application	[Motor] Distance safe (27.0150202666479); rotating motor to 90 degrees | Severity=75 | SourceName=Motor2 | EventType=application | SourceNode=ns=1;s=MotorSource2
[Anomaly Input] [2026-08-16 19:24:17.402 (UTC)] info/application	[Sensor] Updated distance: 27.0795039541924 cm | Severity=75 | SourceName=Sensor3 | EventType=application | SourceNode=ns=1;s=SensorSource3
[Anomaly Input] [2026-08-16 19:24:17.403 (UTC)] info/application	[Sensor] Updated distance: 28.1964061324002 cm | Severity=75 | SourceName=Sensor2 | EventType=application | SourceNode=ns=1;s=SensorSource2
[Anomaly Input] [2026-08-16 19:24:17.491 (UTC)] info/application	[Sensor] Updated distance: 6.31129019163145 cm | Severity=75 | SourceName=Sensor | EventType=application | SourceNode=ns=1;s=SensorSource
[Anomaly Input] [2026-08-16 19:24:17.492 (UTC)] info/application	[Motor] Received distance: 6.31129019163145 cm | Severity=75 | SourceName=Motor | EventType=application | SourceNode=ns=1;s=MotorSource
[Anomaly Input] [2026-08-16 19:24:17.494 (UTC)] info/application	[Motor] Received distance: 27.0795039541924 cm | Severity=75 | SourceName=Motor3 | EventType=application | SourceNode=ns=1;s=MotorSource3
[Anomaly Input] [2026-08-16 19:24:17.494 (UTC)] info/application	[Motor] Received distance: 28.1964061324002 cm | Severity=75 | SourceName=Motor2 | EventType=application | SourceNode=ns=1;s=MotorSource2
[Anomaly Input] [2026-08-16 19:24:17.492 (UTC)] warn/application	[Motor] Distance too close (6.31129019163145); rotating motor to 0 degrees | Severity=175 | SourceName=Motor | EventType=application | SourceNode=ns=1;s=MotorSource
[Anomaly Input] [2026-08-16 19:24:17.494 (UTC)] info/application	[Motor] Distance safe (27.0795039541924); rotating motor to 90 degrees | Severity=75 | SourceName=Motor3 | EventType=application | SourceNode=ns=1;s=MotorSource3
[Anomaly Input] [2026-08-16 19:24:17.494 (UTC)] info/application	[Motor] Distance safe (28.1964061324002); rotating motor to 90 degrees | Severity=75 | SourceName=Motor2 | EventType=application | SourceNode=ns=1;s=MotorSource2
[Anomaly Input] [2026-08-16 19:24:18.403 (UTC)] info/application	[Sensor] Updated distance: 28.912568537012 cm | Severity=75 | SourceName=Sensor2 | EventType=application | SourceNode=ns=1;s=SensorSource2
[Anomaly Input] [2026-08-16 19:24:18.404 (UTC)] info/application	[Sensor] Updated distance: 28.3702445348586 cm | Severity=75 | SourceName=Sensor3 | EventType=application | SourceNode=ns=1;s=SensorSource3
[Anomaly Input] [2026-08-16 19:24:18.492 (UTC)] info/application	[Sensor] Updated distance: 7.55903003181287 cm | Severity=75 | SourceName=Sensor | EventType=application | SourceNode=ns=1;s=SensorSource
[Anomaly Input] [2026-08-16 19:24:18.493 (UTC)] info/application	[Motor] Received distance: 7.55903003181287 cm | Severity=75 | SourceName=Motor | EventType=application | SourceNode=ns=1;s=MotorSource
[Anomaly Input] [2026-08-16 19:24:18.500 (UTC)] info/application	[Motor] Received distance: 28.912568537012 cm | Severity=75 | SourceName=Motor2 | EventType=application | SourceNode=ns=1;s=MotorSource2
[Anomaly Input] [2026-08-16 19:24:18.500 (UTC)] info/application	[Motor] Received distance: 28.3702445348586 cm | Severity=75 | SourceName=Motor3 | EventType=application | SourceNode=ns=1;s=MotorSource3
[Anomaly Input] [2026-08-16 19:24:18.493 (UTC)] warn/application	[Motor] Distance too close (7.55903003181287); rotating motor to 0 degrees | Severity=175 | SourceName=Motor | EventType=application | SourceNode=ns=1;s=MotorSource
[Anomaly Input] [2026-08-16 19:24:18.500 (UTC)] info/application	[Motor] Distance safe (28.912568537012); rotating motor to 90 degrees | Severity=75 | SourceName=Motor2 | EventType=application | SourceNode=ns=1;s=MotorSource2
[Anomaly Input] [2026-08-16 19:24:18.500 (UTC)] info/application	[Motor] Distance safe (28.3702445348586); rotating motor to 90 degrees | Severity=75 | SourceName=Motor3 | EventType=application | SourceNode=ns=1;s=MotorSource3
[Anomaly Input] [2026-08-16 19:24:19.404 (UTC)] info/application	[Sensor] Updated distance: 27.1842275055518 cm | Severity=75 | SourceName=Sensor3 | EventType=application | SourceNode=ns=1;s=SensorSource3
[Anomaly Input] [2026-08-16 19:24:19.404 (UTC)] info/application	[Sensor] Updated distance: 29.9467342139439 cm | Severity=75 | SourceName=Sensor2 | EventType=application | SourceNode=ns=1;s=SensorSource2
[Anomaly Input] [2026-08-16 19:24:19.493 (UTC)] info/application	[Sensor] Updated distance: 6.5255442459721 cm | Severity=75 | SourceName=Sensor | EventType=application | SourceNode=ns=1;s=SensorSource
[Anomaly Input] [2026-08-16 19:24:19.495 (UTC)] info/application	[Motor] Received distance: 27.1842275055518 cm | Severity=75 | SourceName=Motor3 | EventType=application | SourceNode=ns=1;s=MotorSource3
[Anomaly Input] [2026-08-16 19:24:19.495 (UTC)] info/application	[Motor] Received distance: 29.9467342139439 cm | Severity=75 | SourceName=Motor2 | EventType=application | SourceNode=ns=1;s=MotorSource2
[Anomaly Input] [2026-08-16 19:24:19.502 (UTC)] info/application	[Motor] Received distance: 6.5255442459721 cm | Severity=75 | SourceName=Motor | EventType=application | SourceNode=ns=1;s=MotorSource
[Anomaly Input] [2026-08-16 19:24:19.495 (UTC)] info/application	[Motor] Distance safe (29.9467342139439); rotating motor to 90 degrees | Severity=75 | SourceName=Motor2 | EventType=application | SourceNode=ns=1;s=MotorSource2
[Anomaly Input] [2026-08-16 19:24:19.495 (UTC)] info/application	[Motor] Distance safe (27.1842275055518); rotating motor to 90 degrees | Severity=75 | SourceName=Motor3 | EventType=application | SourceNode=ns=1;s=MotorSource3
[Anomaly Input] [2026-08-16 19:24:19.502 (UTC)] warn/application	[Motor] Distance too close (6.5255442459721); rotating motor to 0 degrees | Severity=175 | SourceName=Motor | EventType=application | SourceNode=ns=1;s=MotorSource
[Anomaly Input] [2026-08-16 19:24:20.404 (UTC)] info/application	[Sensor] Updated distance: 27.3090334633873 cm | Severity=75 | SourceName=Sensor3 | EventType=application | SourceNode=ns=1;s=SensorSource3
[Anomaly Input] [2026-08-16 19:24:20.405 (UTC)] info/application	[Sensor] Updated distance: 30.9458362580956 cm | Severity=75 | SourceName=Sensor2 | EventType=application | SourceNode=ns=1;s=SensorSource2
[Anomaly Input] [2026-08-16 19:24:20.494 (UTC)] info/application	[Sensor] Updated distance: 6.50451437849763 cm | Severity=75 | SourceName=Sensor | EventType=application | SourceNode=ns=1;s=SensorSource
[Anomaly Input] [2026-08-16 19:24:20.494 (UTC)] info/application	[Motor] Received distance: 6.50451437849763 cm | Severity=75 | SourceName=Motor | EventType=application | SourceNode=ns=1;s=MotorSource
[Anomaly Input] [2026-08-16 19:24:20.500 (UTC)] info/application	[Motor] Received distance: 27.3090334633873 cm | Severity=75 | SourceName=Motor3 | EventType=application | SourceNode=ns=1;s=MotorSource3
[Anomaly Input] [2026-08-16 19:24:20.500 (UTC)] info/application	[Motor] Received distance: 30.9458362580956 cm | Severity=75 | SourceName=Motor2 | EventType=application | SourceNode=ns=1;s=MotorSource2
[Anomaly Input] [2026-08-16 19:24:20.494 (UTC)] warn/application	[Motor] Distance too close (6.50451437849763); rotating motor to 0 degrees | Severity=175 | SourceName=Motor | EventType=application | SourceNode=ns=1;s=MotorSource
[Anomaly Input] [2026-08-16 19:24:20.500 (UTC)] info/application	[Motor] Distance safe (30.9458362580956); rotating motor to 90 degrees | Severity=75 | SourceName=Motor2 | EventType=application | SourceNode=ns=1;s=MotorSource2
[Anomaly Input] [2026-08-16 19:24:20.500 (UTC)] info/application	[Motor] Distance safe (27.3090334633873); rotating motor to 90 degrees | Severity=75 | SourceName=Motor3 | EventType=application | SourceNode=ns=1;s=MotorSource3
[Anomaly Input] [2026-08-16 19:24:21.405 (UTC)] info/application	[Sensor] Updated distance: 25.8761437970103 cm | Severity=75 | SourceName=Sensor3 | EventType=application | SourceNode=ns=1;s=SensorSource3
[Anomaly Input] [2026-08-16 19:24:21.406 (UTC)] info/application	[Sensor] Updated distance: 31.9357200360092 cm | Severity=75 | SourceName=Sensor2 | EventType=application | SourceNode=ns=1;s=SensorSource2
[Anomaly Input] [2026-08-16 19:24:21.494 (UTC)] info/application	[Sensor] Updated distance: 5.82555801552981 cm | Severity=75 | SourceName=Sensor | EventType=application | SourceNode=ns=1;s=SensorSource
[Anomaly Input] [2026-08-16 19:24:21.501 (UTC)] info/application	[Motor] Received distance: 31.9357200360092 cm | Severity=75 | SourceName=Motor2 | EventType=application | SourceNode=ns=1;s=MotorSource2
[Anomaly Input] [2026-08-16 19:24:21.501 (UTC)] info/application	[Motor] Received distance: 25.8761437970103 cm | Severity=75 | SourceName=Motor3 | EventType=application | SourceNode=ns=1;s=MotorSource3
[Anomaly Input] [2026-08-16 19:24:21.503 (UTC)] info/application	[Motor] Received distance: 5.82555801552981 cm | Severity=75 | SourceName=Motor | EventType=application | SourceNode=ns=1;s=MotorSource
[Anomaly Input] [2026-08-16 19:24:21.501 (UTC)] info/application	[Motor] Distance safe (31.9357200360092); rotating motor to 90 degrees | Severity=75 | SourceName=Motor2 | EventType=application | SourceNode=ns=1;s=MotorSource2
[Anomaly Input] [2026-08-16 19:24:21.501 (UTC)] info/application	[Motor] Distance safe (25.8761437970103); rotating motor to 90 degrees | Severity=75 | SourceName=Motor3 | EventType=application | SourceNode=ns=1;s=MotorSource3
[Anomaly Input] [2026-08-16 19:24:21.503 (UTC)] warn/application	[Motor] Distance too close (5.82555801552981); rotating motor to 0 d